Product,Product Category,Product Group,Compound,Compound Group,Quantity Lower Bound,Quantity Upper Bound
PLUM BRANDY,,Alcoholic Beverages > 20% alc.,γ-terpinene,Hydrocarbons,,
PLUM BRANDY,,Alcoholic Beverages > 20% alc.,limonene,Hydrocarbons,,
PLUM BRANDY,,Alcoholic Beverages > 20% alc.,α-pinene,Hydrocarbons,,
PLUM BRANDY,,Alcoholic Beverages > 20% alc.,β-pinene,Hydrocarbons,,
PLUM BRANDY,,Alcoholic Beverages > 20% alc.,β-caryophyllene,Hydrocarbons,,
PLUM BRANDY,,Alcoholic Beverages > 20% alc.,vinylbenzene (=styrene),Hydrocarbons,,
PLUM BRANDY,,Alcoholic Beverages > 20% alc.,methanol,Alcohols,,
PLUM BRANDY,,Alcoholic Beverages > 20% alc.,ethanol,Alcohols,,
PLUM BRANDY,,Alcoholic Beverages > 20% alc.,1-propanol (=propyl alcohol),Alcohols,,
PLUM BRANDY,,Alcoholic Beverages > 20% alc.,2-propanol (=isopropyl alcohol),Alcohols,,
PLUM BRANDY,,Alcoholic Beverages > 20% alc.,2-propen-1-ol (=allyl alcohol),Alcohols,,
PLUM BRANDY,,Alcoholic Beverages > 20% alc.,2-methyl-1-propanol (=isobutanol),Alcohols,,
PLUM BRANDY,,Alcoholic Beverages > 20% alc.,1-butanol,Alcohols,,
PLUM BRANDY,,Alcoholic Beverages > 20% alc.,2-butanol (=sec-butanol),Alcohols,,
PLUM BRANDY,,Alcoholic Beverages > 20% alc.,2-methyl-1-butanol (=active amyl alcohol),Alcohols,,
PLUM BRANDY,,Alcoholic Beverages > 20% alc.,3-methyl-1-butanol (=isoamyl alcohol),Alcohols,,
PLUM BRANDY,,Alcoholic Beverages > 20% alc.,1-pentanol (=amyl alcohol),Alcohols,,
PLUM BRANDY,,Alcoholic Beverages > 20% alc.,2-pentanol,Alcohols,,
PLUM BRANDY,,Alcoholic Beverages > 20% alc.,3-methyl-1-pentanol,Alcohols,,
PLUM BRANDY,,Alcoholic Beverages > 20% alc.,1-hexanol,Alcohols,,
PLUM BRANDY,,Alcoholic Beverages > 20% alc.,(E)-2-hexen-1-ol,Alcohols,,
PLUM BRANDY,,Alcoholic Beverages > 20% alc.,(Z)-3-hexen-1-ol (=leaf alcohol),Alcohols,,
PLUM BRANDY,,Alcoholic Beverages > 20% alc.,1-heptanol,Alcohols,,
PLUM BRANDY,,Alcoholic Beverages > 20% alc.,1-octanol,Alcohols,,
PLUM BRANDY,,Alcoholic Beverages > 20% alc.,"3,7-dimethyl-1,5,7-octatrien-3-ol (=hotrienol)",Alcohols,,
PLUM BRANDY,,Alcoholic Beverages > 20% alc.,1-nonanol,Alcohols,,
PLUM BRANDY,,Alcoholic Beverages > 20% alc.,1-decanol,Alcohols,,
PLUM BRANDY,,Alcoholic Beverages > 20% alc.,1-undecanol,Alcohols,,
PLUM BRANDY,,Alcoholic Beverages > 20% alc.,1-dodecanol,Alcohols,,
PLUM BRANDY,,Alcoholic Beverages > 20% alc.,citronellol,Alcohols,,
PLUM BRANDY,,Alcoholic Beverages > 20% alc.,geraniol,Alcohols,,
PLUM BRANDY,,Alcoholic Beverages > 20% alc.,nerol,Alcohols,,
PLUM BRANDY,,Alcoholic Beverages > 20% alc.,linalool,Alcohols,,
PLUM BRANDY,,Alcoholic Beverages > 20% alc.,benzyl alcohol (=benzenemethanol),Alcohols,,
PLUM BRANDY,,Alcoholic Beverages > 20% alc.,2-phenylethanol (=phenethyl alcohol),Alcohols,,
PLUM BRANDY,,Alcoholic Beverages > 20% alc.,α-terpineol,Alcohols,,
PLUM BRANDY,,Alcoholic Beverages > 20% alc.,terpineol (unkn.str.),Alcohols,,
PLUM BRANDY,,Alcoholic Beverages > 20% alc.,formaldehyde (=methanal),"Carbonyls, aldehydes",,
PLUM BRANDY,,Alcoholic Beverages > 20% alc.,acetaldehyde (=ethanal),"Carbonyls, aldehydes",,
PLUM BRANDY,,Alcoholic Beverages > 20% alc.,propanal (=propionaldehyde),"Carbonyls, aldehydes",,
PLUM BRANDY,,Alcoholic Beverages > 20% alc.,2-propenal (=acrolein),"Carbonyls, aldehydes",,
PLUM BRANDY,,Alcoholic Beverages > 20% alc.,"2-methylpropanal (=isobutanal, isobutyraldehyde)","Carbonyls, aldehydes",,
PLUM BRANDY,,Alcoholic Beverages > 20% alc.,butanal (=butyraldehyde),"Carbonyls, aldehydes",,
PLUM BRANDY,,Alcoholic Beverages > 20% alc.,pentanal (=valeraldehyde),"Carbonyls, aldehydes",,
PLUM BRANDY,,Alcoholic Beverages > 20% alc.,hexanal (=capronaldehyde),"Carbonyls, aldehydes",,
PLUM BRANDY,,Alcoholic Beverages > 20% alc.,heptanal,"Carbonyls, aldehydes",,
PLUM BRANDY,,Alcoholic Beverages > 20% alc.,octanal (=caprylaldehyde),"Carbonyls, aldehydes",,
PLUM BRANDY,,Alcoholic Beverages > 20% alc.,benzaldehyde,"Carbonyls, aldehydes",,
PLUM BRANDY,,Alcoholic Beverages > 20% alc.,cinnamaldehyde (=3-phenyl-2-propenal),"Carbonyls, aldehydes",,
PLUM BRANDY,,Alcoholic Beverages > 20% alc.,"acetone (=2-propanone, dimethyl ketone)","Carbonyls, ketones",,
PLUM BRANDY,,Alcoholic Beverages > 20% alc.,2-butanone (=ethyl methyl ketone),"Carbonyls, ketones",,
PLUM BRANDY,,Alcoholic Beverages > 20% alc.,3-hydroxy-2-butanone (=acetoin),"Carbonyls, ketones",,
PLUM BRANDY,,Alcoholic Beverages > 20% alc.,2-pentanone,"Carbonyls, ketones",,
PLUM BRANDY,,Alcoholic Beverages > 20% alc.,4-methyl-2-pentanone,"Carbonyls, ketones",,
PLUM BRANDY,,Alcoholic Beverages > 20% alc.,"2,4-dimethyl-3-pentanone","Carbonyls, ketones",,
PLUM BRANDY,,Alcoholic Beverages > 20% alc.,3-heptanone,"Carbonyls, ketones",,
PLUM BRANDY,,Alcoholic Beverages > 20% alc.,2-octanone,"Carbonyls, ketones",,
PLUM BRANDY,,Alcoholic Beverages > 20% alc.,3-octanone,"Carbonyls, ketones",,
PLUM BRANDY,,Alcoholic Beverages > 20% alc.,2-undecanone,"Carbonyls, ketones",,
PLUM BRANDY,,Alcoholic Beverages > 20% alc.,β-damascenone (=(E)-β-damascenone),"Carbonyls, ketones",,
PLUM BRANDY,,Alcoholic Beverages > 20% alc.,acetic acid,Acids,,
PLUM BRANDY,,Alcoholic Beverages > 20% alc.,propanoic acid (=propionic acid),Acids,,
PLUM BRANDY,,Alcoholic Beverages > 20% alc.,2-methylpropanoic acid (=isobutyric acid),Acids,,
PLUM BRANDY,,Alcoholic Beverages > 20% alc.,butanoic acid (=butyric acid),Acids,,
PLUM BRANDY,,Alcoholic Beverages > 20% alc.,3-methylbutanoic acid (=isovaleric acid),Acids,,
PLUM BRANDY,,Alcoholic Beverages > 20% alc.,pentanoic acid (=valeric acid),Acids,,
PLUM BRANDY,,Alcoholic Beverages > 20% alc.,hexanoic acid (=caproic acid),Acids,,
PLUM BRANDY,,Alcoholic Beverages > 20% alc.,heptanoic acid (=enanthic acid),Acids,,
PLUM BRANDY,,Alcoholic Beverages > 20% alc.,octanoic acid (=caprylic acid),Acids,,
PLUM BRANDY,,Alcoholic Beverages > 20% alc.,nonanoic acid (=pelargonic acid),Acids,,
PLUM BRANDY,,Alcoholic Beverages > 20% alc.,decanoic acid (=capric acid),Acids,,
PLUM BRANDY,,Alcoholic Beverages > 20% alc.,undecanoic acid,Acids,,
PLUM BRANDY,,Alcoholic Beverages > 20% alc.,undecenoic acid (unkn.str.),Acids,,
PLUM BRANDY,,Alcoholic Beverages > 20% alc.,dodecanoic acid (=lauric acid),Acids,,
PLUM BRANDY,,Alcoholic Beverages > 20% alc.,tetradecanoic acid (=myristic acid),Acids,,
PLUM BRANDY,,Alcoholic Beverages > 20% alc.,hexadecanoic acid (=palmitic acid),Acids,,
PLUM BRANDY,,Alcoholic Beverages > 20% alc.,octadecanoic acid (=stearic acid),Acids,,
PLUM BRANDY,,Alcoholic Beverages > 20% alc.,(Z)-9-octadecenoic acid (=oleic acid),Acids,,
PLUM BRANDY,,Alcoholic Beverages > 20% alc.,"(Z,Z)-9,12-octadecadienoic acid (=linoleic acid)",Acids,,
PLUM BRANDY,,Alcoholic Beverages > 20% alc.,"(Z,Z,Z)-9,12,15-octadecatrienoic acid (=linolenic acid)",Acids,,
PLUM BRANDY,,Alcoholic Beverages > 20% alc.,ethyl formate,Esters,,
PLUM BRANDY,,Alcoholic Beverages > 20% alc.,propyl formate,Esters,,
PLUM BRANDY,,Alcoholic Beverages > 20% alc.,isopropyl formate,Esters,,
PLUM BRANDY,,Alcoholic Beverages > 20% alc.,butyl formate,Esters,,
PLUM BRANDY,,Alcoholic Beverages > 20% alc.,methyl acetate,Esters,,
PLUM BRANDY,,Alcoholic Beverages > 20% alc.,ethyl acetate,Esters,,
PLUM BRANDY,,Alcoholic Beverages > 20% alc.,vinyl acetate,Esters,,
PLUM BRANDY,,Alcoholic Beverages > 20% alc.,propyl acetate,Esters,,
PLUM BRANDY,,Alcoholic Beverages > 20% alc.,isopropyl acetate,Esters,,
PLUM BRANDY,,Alcoholic Beverages > 20% alc.,butyl acetate,Esters,,
PLUM BRANDY,,Alcoholic Beverages > 20% alc.,isobutyl acetate (=2-methylpropyl acetate),Esters,,
PLUM BRANDY,,Alcoholic Beverages > 20% alc.,"tert-butyl acetate (=1,1-dimethylethyl acetate)",Esters,,
PLUM BRANDY,,Alcoholic Beverages > 20% alc.,"isopentyl acetate (=3-methylbutyl acetate, isoamyl acetate)",Esters,,
PLUM BRANDY,,Alcoholic Beverages > 20% alc.,hexyl acetate,Esters,,
PLUM BRANDY,,Alcoholic Beverages > 20% alc.,benzyl acetate,Esters,,
PLUM BRANDY,,Alcoholic Beverages > 20% alc.,phenethyl acetate,Esters,,
PLUM BRANDY,,Alcoholic Beverages > 20% alc.,methyl propanoate,Esters,,
PLUM BRANDY,,Alcoholic Beverages > 20% alc.,ethyl propanoate,Esters,,
PLUM BRANDY,,Alcoholic Beverages > 20% alc.,isopropyl propanoate,Esters,,
PLUM BRANDY,,Alcoholic Beverages > 20% alc.,tert-butyl propanoate,Esters,,
PLUM BRANDY,,Alcoholic Beverages > 20% alc.,ethyl 2-methylpropanoate (=ethyl isobutyrate),Esters,,
PLUM BRANDY,,Alcoholic Beverages > 20% alc.,ethyl 2-hydroxypropanoate (=ethyl lactate),Esters,,
PLUM BRANDY,,Alcoholic Beverages > 20% alc.,isopentyl 2-hydroxypropanoate (=isoamyl lactate),Esters,,
PLUM BRANDY,,Alcoholic Beverages > 20% alc.,ethyl butanoate,Esters,,
PLUM BRANDY,,Alcoholic Beverages > 20% alc.,ethyl 2-butenoate (=ethyl crotonate),Esters,,
PLUM BRANDY,,Alcoholic Beverages > 20% alc.,ethyl 2-hydroxy-3-methylbutanoate,Esters,,
PLUM BRANDY,,Alcoholic Beverages > 20% alc.,ethyl 2-hydroxy-4-methylpentanoate,Esters,,
PLUM BRANDY,,Alcoholic Beverages > 20% alc.,ethyl hexanoate (=ethyl caproate),Esters,,
PLUM BRANDY,,Alcoholic Beverages > 20% alc.,isopentyl hexanoate,Esters,,
PLUM BRANDY,,Alcoholic Beverages > 20% alc.,ethyl heptanoate,Esters,,
PLUM BRANDY,,Alcoholic Beverages > 20% alc.,methyl octanoate,Esters,,
PLUM BRANDY,,Alcoholic Beverages > 20% alc.,ethyl octanoate (=ethyl caprylate),Esters,,
PLUM BRANDY,,Alcoholic Beverages > 20% alc.,isopentyl octanoate,Esters,,
PLUM BRANDY,,Alcoholic Beverages > 20% alc.,ethyl nonanoate,Esters,,
PLUM BRANDY,,Alcoholic Beverages > 20% alc.,methyl decanoate,Esters,,
PLUM BRANDY,,Alcoholic Beverages > 20% alc.,ethyl decanoate (=ethyl caprate),Esters,,
PLUM BRANDY,,Alcoholic Beverages > 20% alc.,isopentyl decanoate,Esters,,
PLUM BRANDY,,Alcoholic Beverages > 20% alc.,ethyl undecanoate,Esters,,
PLUM BRANDY,,Alcoholic Beverages > 20% alc.,methyl dodecanoate (=methyl laurate),Esters,,
PLUM BRANDY,,Alcoholic Beverages > 20% alc.,ethyl dodecanoate (=ethyl laurate),Esters,,
PLUM BRANDY,,Alcoholic Beverages > 20% alc.,ethyl tridecanoate,Esters,,
PLUM BRANDY,,Alcoholic Beverages > 20% alc.,methyl tetradecanoate (=methyl myristate),Esters,,
PLUM BRANDY,,Alcoholic Beverages > 20% alc.,ethyl tetradecanoate (=ethyl myristate),Esters,,
PLUM BRANDY,,Alcoholic Beverages > 20% alc.,isopropyl tetradecanoate,Esters,,
PLUM BRANDY,,Alcoholic Beverages > 20% alc.,ethyl pentadecanoate,Esters,,
PLUM BRANDY,,Alcoholic Beverages > 20% alc.,methyl hexadecanoate (=methyl palmitate),Esters,,
PLUM BRANDY,,Alcoholic Beverages > 20% alc.,ethyl hexadecanoate (=ethyl palmitate),Esters,,
PLUM BRANDY,,Alcoholic Beverages > 20% alc.,methyl octadecanoate (=methyl stearate),Esters,,
PLUM BRANDY,,Alcoholic Beverages > 20% alc.,ethyl octadecanoate (=ethyl stearate),Esters,,
PLUM BRANDY,,Alcoholic Beverages > 20% alc.,methyl 9-octadecenoate,Esters,,
PLUM BRANDY,,Alcoholic Beverages > 20% alc.,ethyl 9-octadecenoate,Esters,,
PLUM BRANDY,,Alcoholic Beverages > 20% alc.,"methyl 9,12-octadecadienoate",Esters,,
PLUM BRANDY,,Alcoholic Beverages > 20% alc.,diethyl succinate (=diethyl butanedioate),Esters,,
PLUM BRANDY,,Alcoholic Beverages > 20% alc.,methyl benzoate,Esters,,
PLUM BRANDY,,Alcoholic Beverages > 20% alc.,ethyl benzoate,Esters,,
PLUM BRANDY,,Alcoholic Beverages > 20% alc.,methyl 2-hydroxybenzoate (=methyl salicylate),Esters,,
PLUM BRANDY,,Alcoholic Beverages > 20% alc.,ethyl 2-hydroxybenzoate (=ethyl salicylate),Esters,,
PLUM BRANDY,,Alcoholic Beverages > 20% alc.,ethyl phenylacetate,Esters,,
PLUM BRANDY,,Alcoholic Beverages > 20% alc.,ethyl 3-phenylpropanoate (=ethyl hydrocinnamate),Esters,,
PLUM BRANDY,,Alcoholic Beverages > 20% alc.,methyl cinnamate,Esters,,
PLUM BRANDY,,Alcoholic Beverages > 20% alc.,ethyl (Z)-cinnamate,Esters,,
PLUM BRANDY,,Alcoholic Beverages > 20% alc.,ethyl (E)-cinnamate,Esters,,
PLUM BRANDY,,Alcoholic Beverages > 20% alc.,"4-hydroxydodecanoic acid lactone (=4-dodecanolide, γ-dodecalactone)",Lactones,,
PLUM BRANDY,,Alcoholic Beverages > 20% alc.,"1,1-diethoxyethane (=acetal, acetaldehyde diethyl acetal)",Acetals,,
PLUM BRANDY,,Alcoholic Beverages > 20% alc.,"1,1-diethoxypropane",Acetals,,
PLUM BRANDY,,Alcoholic Beverages > 20% alc.,"1,1,3-triethoxypropane",Acetals,,
PLUM BRANDY,,Alcoholic Beverages > 20% alc.,"1,1-diethoxy-2-methylpropane",Acetals,,
PLUM BRANDY,,Alcoholic Beverages > 20% alc.,"1,1-diethoxy-3-methylbutane",Acetals,,
PLUM BRANDY,,Alcoholic Beverages > 20% alc.,4-ethylphenol,Phenols,,
PLUM BRANDY,,Alcoholic Beverages > 20% alc.,eugenol (=4-allyl-2-methoxyphenol),Phenols,,
PLUM BRANDY,,Alcoholic Beverages > 20% alc.,"furfural (=2-formylfuran, 2-furancarbaldehyde, 2-furaldehyde)",Furans,,
PLUM BRANDY,,Alcoholic Beverages > 20% alc.,cis-linalool oxide (unkn.str.),"(Ep)oxides, pyrans, coumarins",,
PLUM BRANDY,,Alcoholic Beverages > 20% alc.,trans-linalool oxide (unkn.str.),"(Ep)oxides, pyrans, coumarins",,
ALMOND (roasted) (Prunus amygdalus),,Nuts,hexane,Hydrocarbons,,
ALMOND (roasted) (Prunus amygdalus),,Nuts,benzaldehyde,"Carbonyls, aldehydes",4,4
ALMOND (roasted) (Prunus amygdalus),,Nuts,4-hydroxy-4-methyl-2-pentanone (=diacetone alcohol),"Carbonyls, ketones",,
ALMOND (roasted) (Prunus amygdalus),,Nuts,"3-methyl-1,2-cyclopentanedione (=cyclotene)","Carbonyls, ketones",,
ALMOND (roasted) (Prunus amygdalus),,Nuts,α-ionone,"Carbonyls, ketones",0.5,0.5
ALMOND (roasted) (Prunus amygdalus),,Nuts,(E)-β-ionone,"Carbonyls, ketones",0.5,0.5
ALMOND (roasted) (Prunus amygdalus),,Nuts,2-pyrrolecarbaldehyde (=2-formylpyrrole),Bases,8,8
ALMOND (roasted) (Prunus amygdalus),,Nuts,2-acetylpyrrole (=methyl 2-pyrrolyl ketone),Bases,0.5,0.5
ALMOND (roasted) (Prunus amygdalus),,Nuts,(2-furyl)pyrazine,Bases,1.5,1.5
ALMOND (roasted) (Prunus amygdalus),,Nuts,"2,5-dimethylpyrazine",Bases,,
ALMOND (roasted) (Prunus amygdalus),,Nuts,"2,6-dimethylpyrazine",Bases,,
ALMOND (roasted) (Prunus amygdalus),,Nuts,2-(2-furyl)-3-methylpyrazine,Bases,2,2
ALMOND (roasted) (Prunus amygdalus),,Nuts,trimethylpyrazine,Bases,30,30
ALMOND (roasted) (Prunus amygdalus),,Nuts,"6,7-dihydro-5-methyl-5H-cyclopentapyrazine",Bases,trace,trace
ALMOND (roasted) (Prunus amygdalus),,Nuts,phenol (=hydroxybenzene),Phenols,,
ALMOND (roasted) (Prunus amygdalus),,Nuts,"furfural (=2-formylfuran, 2-furancarbaldehyde, 2-furaldehyde)",Furans,9,9
ALMOND (roasted) (Prunus amygdalus),,Nuts,5-(hydroxymethyl)furfural,Furans,9,9
ALMOND (roasted) (Prunus amygdalus),,Nuts,4-hydroxy-2-(hydroxymethyl)-5-methyl-3(2H)-furanone,Furans,,
ALMOND (roasted) (Prunus amygdalus),,Nuts,"2-acetylfuran (=2-furyl methyl ketone, 1-(2-furyl)ethanone)",Furans,,
ALMOND (roasted) (Prunus amygdalus),,Nuts,"furfuryl alcohol (=(2-furyl)-methanol, 2-furanmethanol)",Furans,16,16
ALMOND (roasted) (Prunus amygdalus),,Nuts,methyl 2-furancarboxylate,Furans,1.5,1.5
ALMOND (roasted) (Prunus amygdalus),,Nuts,furfuryl acetate (=2-furanmethanol acetate),Furans,3,3
,MACADAMIA NUT (Macadamia integrifolia),Nuts,hexane,Hydrocarbons,,
,MACADAMIA NUT (Macadamia integrifolia),Nuts,heptane,Hydrocarbons,,
,MACADAMIA NUT (Macadamia integrifolia),Nuts,octane,Hydrocarbons,,
,MACADAMIA NUT (Macadamia integrifolia),Nuts,hexadecane,Hydrocarbons,0.04,0.04
,MACADAMIA NUT (Macadamia integrifolia),Nuts,heptadecane,Hydrocarbons,0.03,0.03
,MACADAMIA NUT (Macadamia integrifolia),Nuts,(E)-β-ocimene,Hydrocarbons,0.06,0.06
,MACADAMIA NUT (Macadamia integrifolia),Nuts,"(E,E)-α-farnesene (=α-farnesene)",Hydrocarbons,0.06,0.06
,MACADAMIA NUT (Macadamia integrifolia),Nuts,γ-terpinene,Hydrocarbons,0.71,0.71
,MACADAMIA NUT (Macadamia integrifolia),Nuts,terpinolene,Hydrocarbons,0.36,0.36
,MACADAMIA NUT (Macadamia integrifolia),Nuts,limonene,Hydrocarbons,15.7,15.7
,MACADAMIA NUT (Macadamia integrifolia),Nuts,"p-1,3,8-menthatriene",Hydrocarbons,0.04,0.04
,MACADAMIA NUT (Macadamia integrifolia),Nuts,β-elemene,Hydrocarbons,0.02,0.02
,MACADAMIA NUT (Macadamia integrifolia),Nuts,ar-curcumene,Hydrocarbons,0.03,0.03
,MACADAMIA NUT (Macadamia integrifolia),Nuts,α-humulene (=humulene),Hydrocarbons,<0.01,<0.01
,MACADAMIA NUT (Macadamia integrifolia),Nuts,β-pinene,Hydrocarbons,0.23,0.23
,MACADAMIA NUT (Macadamia integrifolia),Nuts,cis-α-bergamotene,Hydrocarbons,0.01,0.01
,MACADAMIA NUT (Macadamia integrifolia),Nuts,trans-α-bergamotene,Hydrocarbons,0.02,0.02
,MACADAMIA NUT (Macadamia integrifolia),Nuts,γ-cadinene,Hydrocarbons,0.07,0.07
,MACADAMIA NUT (Macadamia integrifolia),Nuts,δ-cadinene,Hydrocarbons,0.06,0.06
,MACADAMIA NUT (Macadamia integrifolia),Nuts,valencene,Hydrocarbons,0.05,0.05
,MACADAMIA NUT (Macadamia integrifolia),Nuts,β-caryophyllene,Hydrocarbons,0.05,0.05
,MACADAMIA NUT (Macadamia integrifolia),Nuts,β-cubebene,Hydrocarbons,0.01,0.01
,MACADAMIA NUT (Macadamia integrifolia),Nuts,α-ylangene (=ylangene),Hydrocarbons,0.05,0.05
,MACADAMIA NUT (Macadamia integrifolia),Nuts,α-cedrene,Hydrocarbons,0.08,0.08
,MACADAMIA NUT (Macadamia integrifolia),Nuts,ethylbenzene (=α-methyltoluene),Hydrocarbons,0.04,0.04
,MACADAMIA NUT (Macadamia integrifolia),Nuts,propylbenzene,Hydrocarbons,0.05,0.05
,MACADAMIA NUT (Macadamia integrifolia),Nuts,isopropylbenzene (=cumene),Hydrocarbons,1.54,1.54
,MACADAMIA NUT (Macadamia integrifolia),Nuts,"1,2-dimethylbenzene (=o-xylene)",Hydrocarbons,0.08,0.08
,MACADAMIA NUT (Macadamia integrifolia),Nuts,"1,4-dimethylbenzene (=p-xylene)",Hydrocarbons,0.08,0.08
,MACADAMIA NUT (Macadamia integrifolia),Nuts,1-isopropyl-4-methylbenzene (=p-cymene),Hydrocarbons,<0.01,<0.01
,MACADAMIA NUT (Macadamia integrifolia),Nuts,"1-isopropenyl-4-methylbenzene (=α,p-dimethyl styrene, p-cymenene, dehydro-p-cymene)",Hydrocarbons,0.06,0.06
,MACADAMIA NUT (Macadamia integrifolia),Nuts,biphenyl,Hydrocarbons,<0.01,<0.01
,MACADAMIA NUT (Macadamia integrifolia),Nuts,α-calacorene,Hydrocarbons,<0.01,<0.01
,MACADAMIA NUT (Macadamia integrifolia),Nuts,1-pentanol (=amyl alcohol),Alcohols,,
,MACADAMIA NUT (Macadamia integrifolia),Nuts,1-hexanol,Alcohols,0.08,0.08
,MACADAMIA NUT (Macadamia integrifolia),Nuts,1-heptanol,Alcohols,,
,MACADAMIA NUT (Macadamia integrifolia),Nuts,6-methyl-5-hepten-2-ol,Alcohols,1.3,1.3
,MACADAMIA NUT (Macadamia integrifolia),Nuts,1-octanol,Alcohols,,
,MACADAMIA NUT (Macadamia integrifolia),Nuts,(E)-nerolidol,Alcohols,0.01,0.01
,MACADAMIA NUT (Macadamia integrifolia),Nuts,2-phenylethanol (=phenethyl alcohol),Alcohols,,
,MACADAMIA NUT (Macadamia integrifolia),Nuts,α-terpineol,Alcohols,0.04,0.04
,MACADAMIA NUT (Macadamia integrifolia),Nuts,"2-methylpropanal (=isobutanal, isobutyraldehyde)","Carbonyls, aldehydes",,
,MACADAMIA NUT (Macadamia integrifolia),Nuts,2-methylbutanal (=α-methylbutanal),"Carbonyls, aldehydes",,
,MACADAMIA NUT (Macadamia integrifolia),Nuts,"3-methylbutanal (=isopentanal, isovaleraldehyde)","Carbonyls, aldehydes",,
,MACADAMIA NUT (Macadamia integrifolia),Nuts,hexanal (=capronaldehyde),"Carbonyls, aldehydes",0.12,0.12
,MACADAMIA NUT (Macadamia integrifolia),Nuts,heptanal,"Carbonyls, aldehydes",0.21,0.21
,MACADAMIA NUT (Macadamia integrifolia),Nuts,octanal (=caprylaldehyde),"Carbonyls, aldehydes",<0.01,<0.01
,MACADAMIA NUT (Macadamia integrifolia),Nuts,nonanal (=pelargonaldehyde),"Carbonyls, aldehydes",0.29,0.29
,MACADAMIA NUT (Macadamia integrifolia),Nuts,(E)-2-decenal,"Carbonyls, aldehydes",0.02,0.02
,MACADAMIA NUT (Macadamia integrifolia),Nuts,"citronellal (=3,7-dimethyl-6-octenal)","Carbonyls, aldehydes",0.05,0.05
,MACADAMIA NUT (Macadamia integrifolia),Nuts,geranial (=α-citral),"Carbonyls, aldehydes",0.03,0.03
,MACADAMIA NUT (Macadamia integrifolia),Nuts,neral (=β-citral),"Carbonyls, aldehydes",0.03,0.03
,MACADAMIA NUT (Macadamia integrifolia),Nuts,benzaldehyde,"Carbonyls, aldehydes",0.23,0.23
,MACADAMIA NUT (Macadamia integrifolia),Nuts,4-methylbenzaldehyde (=p-tolualdehyde),"Carbonyls, aldehydes",0.03,0.03
,MACADAMIA NUT (Macadamia integrifolia),Nuts,4-isopropylbenzaldehyde (=cuminaldehyde),"Carbonyls, aldehydes",0.02,0.02
,MACADAMIA NUT (Macadamia integrifolia),Nuts,2-hydroxybenzaldehyde (=salicylaldehyde),"Carbonyls, aldehydes",0.06,0.06
,MACADAMIA NUT (Macadamia integrifolia),Nuts,phenylacetaldehyde (=benzeneacetaldehyde),"Carbonyls, aldehydes",0.06,0.06
,MACADAMIA NUT (Macadamia integrifolia),Nuts,2-phenyl-2-butenal,"Carbonyls, aldehydes",,
,MACADAMIA NUT (Macadamia integrifolia),Nuts,perillaldehyde,"Carbonyls, aldehydes",0.04,0.04
,MACADAMIA NUT (Macadamia integrifolia),Nuts,"2,3-pentanedione (=acetylpropionyl)","Carbonyls, ketones",,
,MACADAMIA NUT (Macadamia integrifolia),Nuts,2-heptanone,"Carbonyls, ketones",0.02,0.02
,MACADAMIA NUT (Macadamia integrifolia),Nuts,2-nonanone,"Carbonyls, ketones",<0.01,<0.01
,MACADAMIA NUT (Macadamia integrifolia),Nuts,"(E)-6,10-dimethyl-5,9-undecadien-2-one (=geranylacetone)","Carbonyls, ketones",0.02,0.02
,MACADAMIA NUT (Macadamia integrifolia),Nuts,"3,5,5-trimethyl-2-cyclohexen-1-one (=isophorone)","Carbonyls, ketones",0.02,0.02
,MACADAMIA NUT (Macadamia integrifolia),Nuts,acetophenone (=1-phenylethanone),"Carbonyls, ketones",0.12,0.12
,MACADAMIA NUT (Macadamia integrifolia),Nuts,1-phenyl-1-propanone (=propiophenone),"Carbonyls, ketones",,
,MACADAMIA NUT (Macadamia integrifolia),Nuts,1-phenyl-2-propanone,"Carbonyls, ketones",<0.01,<0.01
,MACADAMIA NUT (Macadamia integrifolia),Nuts,α-ionone,"Carbonyls, ketones",0.01,0.01
,MACADAMIA NUT (Macadamia integrifolia),Nuts,"carvone (=p-6,8-menthadien-2-one)","Carbonyls, ketones",0.03,0.03
,MACADAMIA NUT (Macadamia integrifolia),Nuts,camphor (=alcanfor),"Carbonyls, ketones",0.02,0.02
,MACADAMIA NUT (Macadamia integrifolia),Nuts,dodecanoic acid (=lauric acid),Acids,<0.01,<0.01
,MACADAMIA NUT (Macadamia integrifolia),Nuts,tetradecanoic acid (=myristic acid),Acids,0.21,0.21
,MACADAMIA NUT (Macadamia integrifolia),Nuts,pentadecanoic acid,Acids,0.05,0.05
,MACADAMIA NUT (Macadamia integrifolia),Nuts,hexadecanoic acid (=palmitic acid),Acids,0.64,0.64
,MACADAMIA NUT (Macadamia integrifolia),Nuts,octadecanoic acid (=stearic acid),Acids,0.3,0.3
,MACADAMIA NUT (Macadamia integrifolia),Nuts,(Z)-9-octadecenoic acid (=oleic acid),Acids,0.12,0.12
,MACADAMIA NUT (Macadamia integrifolia),Nuts,butyl acetate,Esters,0.02,0.02
,MACADAMIA NUT (Macadamia integrifolia),Nuts,"isopentyl acetate (=3-methylbutyl acetate, isoamyl acetate)",Esters,0.01,0.01
,MACADAMIA NUT (Macadamia integrifolia),Nuts,citronellyl acetate,Esters,0.01,0.01
,MACADAMIA NUT (Macadamia integrifolia),Nuts,geranyl acetate,Esters,0.02,0.02
,MACADAMIA NUT (Macadamia integrifolia),Nuts,neryl acetate,Esters,0.02,0.02
,MACADAMIA NUT (Macadamia integrifolia),Nuts,cyclohexyl acetate,Esters,0.04,0.04
,MACADAMIA NUT (Macadamia integrifolia),Nuts,α-terpinyl acetate,Esters,0.01,0.01
,MACADAMIA NUT (Macadamia integrifolia),Nuts,isobornyl acetate,Esters,0.13,0.13
,MACADAMIA NUT (Macadamia integrifolia),Nuts,geranyl propanoate,Esters,0.01,0.01
,MACADAMIA NUT (Macadamia integrifolia),Nuts,(Z)-3-hexenyl 2-methylpropanoate,Esters,0.01,0.01
,MACADAMIA NUT (Macadamia integrifolia),Nuts,ethyl butanoate,Esters,0.04,0.04
,MACADAMIA NUT (Macadamia integrifolia),Nuts,benzyl butanoate,Esters,0.04,0.04
,MACADAMIA NUT (Macadamia integrifolia),Nuts,phenethyl butanoate,Esters,<0.01,<0.01
,MACADAMIA NUT (Macadamia integrifolia),Nuts,ethyl 2-methylbutanoate,Esters,<0.01,<0.01
,MACADAMIA NUT (Macadamia integrifolia),Nuts,benzyl pentanoate,Esters,0.02,0.02
,MACADAMIA NUT (Macadamia integrifolia),Nuts,ethyl hexanoate (=ethyl caproate),Esters,0.63,0.63
,MACADAMIA NUT (Macadamia integrifolia),Nuts,hexyl hexanoate,Esters,0.02,0.02
,MACADAMIA NUT (Macadamia integrifolia),Nuts,ethyl heptanoate,Esters,0.1,0.1
,MACADAMIA NUT (Macadamia integrifolia),Nuts,ethyl octanoate (=ethyl caprylate),Esters,0.21,0.21
,MACADAMIA NUT (Macadamia integrifolia),Nuts,ethyl decanoate (=ethyl caprate),Esters,0.14,0.14
,MACADAMIA NUT (Macadamia integrifolia),Nuts,ethyl dodecanoate (=ethyl laurate),Esters,0.04,0.04
,MACADAMIA NUT (Macadamia integrifolia),Nuts,methyl tridecanoate,Esters,0.01,0.01
,MACADAMIA NUT (Macadamia integrifolia),Nuts,methyl tetradecanoate (=methyl myristate),Esters,0.01,0.01
,MACADAMIA NUT (Macadamia integrifolia),Nuts,ethyl tetradecanoate (=ethyl myristate),Esters,0.05,0.05
,MACADAMIA NUT (Macadamia integrifolia),Nuts,isopropyl hexadecanoate,Esters,0.04,0.04
,MACADAMIA NUT (Macadamia integrifolia),Nuts,methyl octadecanoate (=methyl stearate),Esters,0.03,0.03
,MACADAMIA NUT (Macadamia integrifolia),Nuts,ethyl octadecanoate (=ethyl stearate),Esters,0.08,0.08
,MACADAMIA NUT (Macadamia integrifolia),Nuts,methyl benzoate,Esters,0.16,0.16
,MACADAMIA NUT (Macadamia integrifolia),Nuts,ethyl benzoate,Esters,0.03,0.03
,MACADAMIA NUT (Macadamia integrifolia),Nuts,ethyl 2-hydroxybenzoate (=ethyl salicylate),Esters,0.05,0.05
,MACADAMIA NUT (Macadamia integrifolia),Nuts,ethyl phenylacetate,Esters,0.02,0.02
,MACADAMIA NUT (Macadamia integrifolia),Nuts,"4-hydroxynonanoic acid lactone (=4-nonanolide, γ-nonalactone)",Lactones,0.03,0.03
,MACADAMIA NUT (Macadamia integrifolia),Nuts,"4-hydroxyundecanoic acid lactone (=4-undecanolide, γ-undecalactone)",Lactones,0.07,0.07
,MACADAMIA NUT (Macadamia integrifolia),Nuts,"4-hydroxydodecanoic acid lactone (=4-dodecanolide, γ-dodecalactone)",Lactones,0.01,0.01
,MACADAMIA NUT (Macadamia integrifolia),Nuts,"5-hydroxydodecanoic acid lactone (=5-dodecanolide, δ-dodecalactone)",Lactones,0.08,0.08
,MACADAMIA NUT (Macadamia integrifolia),Nuts,methylpyrazine,Bases,,
,MACADAMIA NUT (Macadamia integrifolia),Nuts,"2,3-dimethylpyrazine",Bases,,
,MACADAMIA NUT (Macadamia integrifolia),Nuts,"2,5-dimethylpyrazine",Bases,,
,MACADAMIA NUT (Macadamia integrifolia),Nuts,2-ethyl-5-methylpyrazine,Bases,,
,MACADAMIA NUT (Macadamia integrifolia),Nuts,trimethylpyrazine,Bases,,
,MACADAMIA NUT (Macadamia integrifolia),Nuts,"2-ethyl-3,5-dimethylpyrazine",Bases,,
,MACADAMIA NUT (Macadamia integrifolia),Nuts,"dimethyl sulfide (=thiobismethane, methylthiomethane, methyl sulfide)",Sulfur compounds,,
,MACADAMIA NUT (Macadamia integrifolia),Nuts,dimethyl disulfide (=methyldithiomethane),Sulfur compounds,,
,MACADAMIA NUT (Macadamia integrifolia),Nuts,3-(methylthio)propanal (=methional),Sulfur compounds,,
,MACADAMIA NUT (Macadamia integrifolia),Nuts,benzyl isothiocyanate,Sulfur compounds,0.01,0.01
,MACADAMIA NUT (Macadamia integrifolia),Nuts,phenol (=hydroxybenzene),Phenols,,
,MACADAMIA NUT (Macadamia integrifolia),Nuts,"(E)-anethole (=(E)-1-methoxy-4-(1-propenyl)benzene, anise camphor)",Phenols,0.15,0.15
,MACADAMIA NUT (Macadamia integrifolia),Nuts,"1-isopropyl-2-methoxy-4-methylbenzene (=methyl thymyl ether, methylthymol)",Phenols,0.01,0.01
,MACADAMIA NUT (Macadamia integrifolia),Nuts,eugenol (=4-allyl-2-methoxyphenol),Phenols,<0.01,<0.01
,MACADAMIA NUT (Macadamia integrifolia),Nuts,"methyleugenol (=4-allyl-1,2-dimethoxybenzene)",Phenols,<0.01,<0.01
,MACADAMIA NUT (Macadamia integrifolia),Nuts,"5-allyl-1,3-benzodioxole (=safrole)",Phenols,<0.01,<0.01
,MACADAMIA NUT (Macadamia integrifolia),Nuts,"6-allyl-4,5-dimethoxy-1,3-benzodioxole (=dill apiole)",Phenols,0.01,0.01
,MACADAMIA NUT (Macadamia integrifolia),Nuts,"linalool oxide A (trans, 5-ring)",Furans,0.01,0.01
,MACADAMIA NUT (Macadamia integrifolia),Nuts,methylfuran (unkn.str.),Furans,,
,MACADAMIA NUT (Macadamia integrifolia),Nuts,"furfural (=2-formylfuran, 2-furancarbaldehyde, 2-furaldehyde)",Furans,0.95,0.95
,MACADAMIA NUT (Macadamia integrifolia),Nuts,"cis-limonene 1,2-oxide","(Ep)oxides, pyrans, coumarins",0.05,0.05
,MACADAMIA NUT (Macadamia integrifolia),Nuts,"trans-limonene 1,2-oxide","(Ep)oxides, pyrans, coumarins",0.05,0.05
,MACADAMIA NUT (Macadamia integrifolia),Nuts,edulan I,"(Ep)oxides, pyrans, coumarins",0.38,0.38
,MACADAMIA NUT (Macadamia integrifolia),Nuts,edulan II,"(Ep)oxides, pyrans, coumarins",0.74,0.74
MACADAMIA NUT (roasted) (Macadamia integrifolia),MACADAMIA NUT (Macadamia integrifolia),Nuts,hexane,Hydrocarbons,,
MACADAMIA NUT (roasted) (Macadamia integrifolia),MACADAMIA NUT (Macadamia integrifolia),Nuts,heptane,Hydrocarbons,,
MACADAMIA NUT (roasted) (Macadamia integrifolia),MACADAMIA NUT (Macadamia integrifolia),Nuts,octane,Hydrocarbons,,
MACADAMIA NUT (roasted) (Macadamia integrifolia),MACADAMIA NUT (Macadamia integrifolia),Nuts,"1,4-dimethylbenzene (=p-xylene)",Hydrocarbons,,
MACADAMIA NUT (roasted) (Macadamia integrifolia),MACADAMIA NUT (Macadamia integrifolia),Nuts,1-pentanol (=amyl alcohol),Alcohols,,
MACADAMIA NUT (roasted) (Macadamia integrifolia),MACADAMIA NUT (Macadamia integrifolia),Nuts,1-hexanol,Alcohols,,
MACADAMIA NUT (roasted) (Macadamia integrifolia),MACADAMIA NUT (Macadamia integrifolia),Nuts,1-heptanol,Alcohols,,
MACADAMIA NUT (roasted) (Macadamia integrifolia),MACADAMIA NUT (Macadamia integrifolia),Nuts,1-octanol,Alcohols,,
MACADAMIA NUT (roasted) (Macadamia integrifolia),MACADAMIA NUT (Macadamia integrifolia),Nuts,2-phenylethanol (=phenethyl alcohol),Alcohols,,
MACADAMIA NUT (roasted) (Macadamia integrifolia),MACADAMIA NUT (Macadamia integrifolia),Nuts,"2-methylpropanal (=isobutanal, isobutyraldehyde)","Carbonyls, aldehydes",,
MACADAMIA NUT (roasted) (Macadamia integrifolia),MACADAMIA NUT (Macadamia integrifolia),Nuts,2-methylbutanal (=α-methylbutanal),"Carbonyls, aldehydes",,
MACADAMIA NUT (roasted) (Macadamia integrifolia),MACADAMIA NUT (Macadamia integrifolia),Nuts,"3-methylbutanal (=isopentanal, isovaleraldehyde)","Carbonyls, aldehydes",,
MACADAMIA NUT (roasted) (Macadamia integrifolia),MACADAMIA NUT (Macadamia integrifolia),Nuts,hexanal (=capronaldehyde),"Carbonyls, aldehydes",,
MACADAMIA NUT (roasted) (Macadamia integrifolia),MACADAMIA NUT (Macadamia integrifolia),Nuts,heptanal,"Carbonyls, aldehydes",,
MACADAMIA NUT (roasted) (Macadamia integrifolia),MACADAMIA NUT (Macadamia integrifolia),Nuts,octanal (=caprylaldehyde),"Carbonyls, aldehydes",,
MACADAMIA NUT (roasted) (Macadamia integrifolia),MACADAMIA NUT (Macadamia integrifolia),Nuts,nonanal (=pelargonaldehyde),"Carbonyls, aldehydes",,
MACADAMIA NUT (roasted) (Macadamia integrifolia),MACADAMIA NUT (Macadamia integrifolia),Nuts,benzaldehyde,"Carbonyls, aldehydes",,
MACADAMIA NUT (roasted) (Macadamia integrifolia),MACADAMIA NUT (Macadamia integrifolia),Nuts,phenylacetaldehyde (=benzeneacetaldehyde),"Carbonyls, aldehydes",,
MACADAMIA NUT (roasted) (Macadamia integrifolia),MACADAMIA NUT (Macadamia integrifolia),Nuts,2-phenyl-2-butenal,"Carbonyls, aldehydes",,
MACADAMIA NUT (roasted) (Macadamia integrifolia),MACADAMIA NUT (Macadamia integrifolia),Nuts,"2,3-pentanedione (=acetylpropionyl)","Carbonyls, ketones",,
MACADAMIA NUT (roasted) (Macadamia integrifolia),MACADAMIA NUT (Macadamia integrifolia),Nuts,1-phenyl-1-propanone (=propiophenone),"Carbonyls, ketones",,
MACADAMIA NUT (roasted) (Macadamia integrifolia),MACADAMIA NUT (Macadamia integrifolia),Nuts,methylpyrazine,Bases,,
MACADAMIA NUT (roasted) (Macadamia integrifolia),MACADAMIA NUT (Macadamia integrifolia),Nuts,"2,3-dimethylpyrazine",Bases,,
MACADAMIA NUT (roasted) (Macadamia integrifolia),MACADAMIA NUT (Macadamia integrifolia),Nuts,"2,5-dimethylpyrazine",Bases,,
MACADAMIA NUT (roasted) (Macadamia integrifolia),MACADAMIA NUT (Macadamia integrifolia),Nuts,2-ethyl-5-methylpyrazine,Bases,,
MACADAMIA NUT (roasted) (Macadamia integrifolia),MACADAMIA NUT (Macadamia integrifolia),Nuts,trimethylpyrazine,Bases,,
MACADAMIA NUT (roasted) (Macadamia integrifolia),MACADAMIA NUT (Macadamia integrifolia),Nuts,"2-ethyl-3,5-dimethylpyrazine",Bases,,
MACADAMIA NUT (roasted) (Macadamia integrifolia),MACADAMIA NUT (Macadamia integrifolia),Nuts,"dimethyl sulfide (=thiobismethane, methylthiomethane, methyl sulfide)",Sulfur compounds,,
MACADAMIA NUT (roasted) (Macadamia integrifolia),MACADAMIA NUT (Macadamia integrifolia),Nuts,dimethyl disulfide (=methyldithiomethane),Sulfur compounds,,
MACADAMIA NUT (roasted) (Macadamia integrifolia),MACADAMIA NUT (Macadamia integrifolia),Nuts,3-(methylthio)propanal (=methional),Sulfur compounds,,
MACADAMIA NUT (roasted) (Macadamia integrifolia),MACADAMIA NUT (Macadamia integrifolia),Nuts,phenol (=hydroxybenzene),Phenols,,
MACADAMIA NUT (roasted) (Macadamia integrifolia),MACADAMIA NUT (Macadamia integrifolia),Nuts,methylfuran (unkn.str.),Furans,,
MACADAMIA NUT (roasted) (Macadamia integrifolia),MACADAMIA NUT (Macadamia integrifolia),Nuts,"furfural (=2-formylfuran, 2-furancarbaldehyde, 2-furaldehyde)",Furans,,
MACADAMIA NUT (raw) (Macadamia integrifolia),MACADAMIA NUT (Macadamia integrifolia),Nuts,hexadecane,Hydrocarbons,0.04,0.04
MACADAMIA NUT (raw) (Macadamia integrifolia),MACADAMIA NUT (Macadamia integrifolia),Nuts,heptadecane,Hydrocarbons,0.03,0.03
MACADAMIA NUT (raw) (Macadamia integrifolia),MACADAMIA NUT (Macadamia integrifolia),Nuts,(E)-β-ocimene,Hydrocarbons,0.06,0.06
MACADAMIA NUT (raw) (Macadamia integrifolia),MACADAMIA NUT (Macadamia integrifolia),Nuts,"(E,E)-α-farnesene (=α-farnesene)",Hydrocarbons,0.06,0.06
MACADAMIA NUT (raw) (Macadamia integrifolia),MACADAMIA NUT (Macadamia integrifolia),Nuts,γ-terpinene,Hydrocarbons,0.71,0.71
MACADAMIA NUT (raw) (Macadamia integrifolia),MACADAMIA NUT (Macadamia integrifolia),Nuts,terpinolene,Hydrocarbons,0.36,0.36
MACADAMIA NUT (raw) (Macadamia integrifolia),MACADAMIA NUT (Macadamia integrifolia),Nuts,limonene,Hydrocarbons,15.7,15.7
MACADAMIA NUT (raw) (Macadamia integrifolia),MACADAMIA NUT (Macadamia integrifolia),Nuts,"p-1,3,8-menthatriene",Hydrocarbons,0.04,0.04
MACADAMIA NUT (raw) (Macadamia integrifolia),MACADAMIA NUT (Macadamia integrifolia),Nuts,β-elemene,Hydrocarbons,0.02,0.02
MACADAMIA NUT (raw) (Macadamia integrifolia),MACADAMIA NUT (Macadamia integrifolia),Nuts,ar-curcumene,Hydrocarbons,0.03,0.03
MACADAMIA NUT (raw) (Macadamia integrifolia),MACADAMIA NUT (Macadamia integrifolia),Nuts,α-humulene (=humulene),Hydrocarbons,<0.01,<0.01
MACADAMIA NUT (raw) (Macadamia integrifolia),MACADAMIA NUT (Macadamia integrifolia),Nuts,β-pinene,Hydrocarbons,0.23,0.23
MACADAMIA NUT (raw) (Macadamia integrifolia),MACADAMIA NUT (Macadamia integrifolia),Nuts,cis-α-bergamotene,Hydrocarbons,0.01,0.01
MACADAMIA NUT (raw) (Macadamia integrifolia),MACADAMIA NUT (Macadamia integrifolia),Nuts,trans-α-bergamotene,Hydrocarbons,0.02,0.02
MACADAMIA NUT (raw) (Macadamia integrifolia),MACADAMIA NUT (Macadamia integrifolia),Nuts,γ-cadinene,Hydrocarbons,0.07,0.07
MACADAMIA NUT (raw) (Macadamia integrifolia),MACADAMIA NUT (Macadamia integrifolia),Nuts,δ-cadinene,Hydrocarbons,0.06,0.06
MACADAMIA NUT (raw) (Macadamia integrifolia),MACADAMIA NUT (Macadamia integrifolia),Nuts,valencene,Hydrocarbons,0.05,0.05
MACADAMIA NUT (raw) (Macadamia integrifolia),MACADAMIA NUT (Macadamia integrifolia),Nuts,β-caryophyllene,Hydrocarbons,0.05,0.05
MACADAMIA NUT (raw) (Macadamia integrifolia),MACADAMIA NUT (Macadamia integrifolia),Nuts,β-cubebene,Hydrocarbons,0.01,0.01
MACADAMIA NUT (raw) (Macadamia integrifolia),MACADAMIA NUT (Macadamia integrifolia),Nuts,α-ylangene (=ylangene),Hydrocarbons,0.05,0.05
MACADAMIA NUT (raw) (Macadamia integrifolia),MACADAMIA NUT (Macadamia integrifolia),Nuts,α-cedrene,Hydrocarbons,0.08,0.08
MACADAMIA NUT (raw) (Macadamia integrifolia),MACADAMIA NUT (Macadamia integrifolia),Nuts,ethylbenzene (=α-methyltoluene),Hydrocarbons,0.04,0.04
MACADAMIA NUT (raw) (Macadamia integrifolia),MACADAMIA NUT (Macadamia integrifolia),Nuts,propylbenzene,Hydrocarbons,0.05,0.05
MACADAMIA NUT (raw) (Macadamia integrifolia),MACADAMIA NUT (Macadamia integrifolia),Nuts,isopropylbenzene (=cumene),Hydrocarbons,1.54,1.54
MACADAMIA NUT (raw) (Macadamia integrifolia),MACADAMIA NUT (Macadamia integrifolia),Nuts,"1,2-dimethylbenzene (=o-xylene)",Hydrocarbons,0.08,0.08
MACADAMIA NUT (raw) (Macadamia integrifolia),MACADAMIA NUT (Macadamia integrifolia),Nuts,"1,4-dimethylbenzene (=p-xylene)",Hydrocarbons,0.08,0.08
MACADAMIA NUT (raw) (Macadamia integrifolia),MACADAMIA NUT (Macadamia integrifolia),Nuts,1-isopropyl-4-methylbenzene (=p-cymene),Hydrocarbons,<0.01,<0.01
MACADAMIA NUT (raw) (Macadamia integrifolia),MACADAMIA NUT (Macadamia integrifolia),Nuts,"1-isopropenyl-4-methylbenzene (=α,p-dimethyl styrene, p-cymenene, dehydro-p-cymene)",Hydrocarbons,0.06,0.06
MACADAMIA NUT (raw) (Macadamia integrifolia),MACADAMIA NUT (Macadamia integrifolia),Nuts,biphenyl,Hydrocarbons,<0.01,<0.01
MACADAMIA NUT (raw) (Macadamia integrifolia),MACADAMIA NUT (Macadamia integrifolia),Nuts,α-calacorene,Hydrocarbons,<0.01,<0.01
MACADAMIA NUT (raw) (Macadamia integrifolia),MACADAMIA NUT (Macadamia integrifolia),Nuts,1-hexanol,Alcohols,0.08,0.08
MACADAMIA NUT (raw) (Macadamia integrifolia),MACADAMIA NUT (Macadamia integrifolia),Nuts,6-methyl-5-hepten-2-ol,Alcohols,1.3,1.3
MACADAMIA NUT (raw) (Macadamia integrifolia),MACADAMIA NUT (Macadamia integrifolia),Nuts,(E)-nerolidol,Alcohols,0.01,0.01
MACADAMIA NUT (raw) (Macadamia integrifolia),MACADAMIA NUT (Macadamia integrifolia),Nuts,α-terpineol,Alcohols,0.04,0.04
MACADAMIA NUT (raw) (Macadamia integrifolia),MACADAMIA NUT (Macadamia integrifolia),Nuts,hexanal (=capronaldehyde),"Carbonyls, aldehydes",0.12,0.12
MACADAMIA NUT (raw) (Macadamia integrifolia),MACADAMIA NUT (Macadamia integrifolia),Nuts,heptanal,"Carbonyls, aldehydes",0.21,0.21
MACADAMIA NUT (raw) (Macadamia integrifolia),MACADAMIA NUT (Macadamia integrifolia),Nuts,octanal (=caprylaldehyde),"Carbonyls, aldehydes",<0.01,<0.01
MACADAMIA NUT (raw) (Macadamia integrifolia),MACADAMIA NUT (Macadamia integrifolia),Nuts,nonanal (=pelargonaldehyde),"Carbonyls, aldehydes",0.29,0.29
MACADAMIA NUT (raw) (Macadamia integrifolia),MACADAMIA NUT (Macadamia integrifolia),Nuts,(E)-2-decenal,"Carbonyls, aldehydes",0.02,0.02
MACADAMIA NUT (raw) (Macadamia integrifolia),MACADAMIA NUT (Macadamia integrifolia),Nuts,"citronellal (=3,7-dimethyl-6-octenal)","Carbonyls, aldehydes",0.05,0.05
MACADAMIA NUT (raw) (Macadamia integrifolia),MACADAMIA NUT (Macadamia integrifolia),Nuts,geranial (=α-citral),"Carbonyls, aldehydes",0.03,0.03
MACADAMIA NUT (raw) (Macadamia integrifolia),MACADAMIA NUT (Macadamia integrifolia),Nuts,neral (=β-citral),"Carbonyls, aldehydes",0.03,0.03
MACADAMIA NUT (raw) (Macadamia integrifolia),MACADAMIA NUT (Macadamia integrifolia),Nuts,benzaldehyde,"Carbonyls, aldehydes",0.23,0.23
MACADAMIA NUT (raw) (Macadamia integrifolia),MACADAMIA NUT (Macadamia integrifolia),Nuts,4-methylbenzaldehyde (=p-tolualdehyde),"Carbonyls, aldehydes",0.03,0.03
MACADAMIA NUT (raw) (Macadamia integrifolia),MACADAMIA NUT (Macadamia integrifolia),Nuts,4-isopropylbenzaldehyde (=cuminaldehyde),"Carbonyls, aldehydes",0.02,0.02
MACADAMIA NUT (raw) (Macadamia integrifolia),MACADAMIA NUT (Macadamia integrifolia),Nuts,2-hydroxybenzaldehyde (=salicylaldehyde),"Carbonyls, aldehydes",0.06,0.06
MACADAMIA NUT (raw) (Macadamia integrifolia),MACADAMIA NUT (Macadamia integrifolia),Nuts,phenylacetaldehyde (=benzeneacetaldehyde),"Carbonyls, aldehydes",0.06,0.06
MACADAMIA NUT (raw) (Macadamia integrifolia),MACADAMIA NUT (Macadamia integrifolia),Nuts,perillaldehyde,"Carbonyls, aldehydes",0.04,0.04
MACADAMIA NUT (raw) (Macadamia integrifolia),MACADAMIA NUT (Macadamia integrifolia),Nuts,2-heptanone,"Carbonyls, ketones",0.02,0.02
MACADAMIA NUT (raw) (Macadamia integrifolia),MACADAMIA NUT (Macadamia integrifolia),Nuts,2-nonanone,"Carbonyls, ketones",<0.01,<0.01
MACADAMIA NUT (raw) (Macadamia integrifolia),MACADAMIA NUT (Macadamia integrifolia),Nuts,"(E)-6,10-dimethyl-5,9-undecadien-2-one (=geranylacetone)","Carbonyls, ketones",0.02,0.02
MACADAMIA NUT (raw) (Macadamia integrifolia),MACADAMIA NUT (Macadamia integrifolia),Nuts,"3,5,5-trimethyl-2-cyclohexen-1-one (=isophorone)","Carbonyls, ketones",0.02,0.02
MACADAMIA NUT (raw) (Macadamia integrifolia),MACADAMIA NUT (Macadamia integrifolia),Nuts,acetophenone (=1-phenylethanone),"Carbonyls, ketones",0.12,0.12
MACADAMIA NUT (raw) (Macadamia integrifolia),MACADAMIA NUT (Macadamia integrifolia),Nuts,1-phenyl-2-propanone,"Carbonyls, ketones",<0.01,<0.01
MACADAMIA NUT (raw) (Macadamia integrifolia),MACADAMIA NUT (Macadamia integrifolia),Nuts,α-ionone,"Carbonyls, ketones",0.01,0.01
MACADAMIA NUT (raw) (Macadamia integrifolia),MACADAMIA NUT (Macadamia integrifolia),Nuts,"carvone (=p-6,8-menthadien-2-one)","Carbonyls, ketones",0.03,0.03
MACADAMIA NUT (raw) (Macadamia integrifolia),MACADAMIA NUT (Macadamia integrifolia),Nuts,camphor (=alcanfor),"Carbonyls, ketones",0.02,0.02
MACADAMIA NUT (raw) (Macadamia integrifolia),MACADAMIA NUT (Macadamia integrifolia),Nuts,dodecanoic acid (=lauric acid),Acids,<0.01,<0.01
MACADAMIA NUT (raw) (Macadamia integrifolia),MACADAMIA NUT (Macadamia integrifolia),Nuts,tetradecanoic acid (=myristic acid),Acids,0.21,0.21
MACADAMIA NUT (raw) (Macadamia integrifolia),MACADAMIA NUT (Macadamia integrifolia),Nuts,pentadecanoic acid,Acids,0.05,0.05
MACADAMIA NUT (raw) (Macadamia integrifolia),MACADAMIA NUT (Macadamia integrifolia),Nuts,hexadecanoic acid (=palmitic acid),Acids,0.64,0.64
MACADAMIA NUT (raw) (Macadamia integrifolia),MACADAMIA NUT (Macadamia integrifolia),Nuts,octadecanoic acid (=stearic acid),Acids,0.3,0.3
MACADAMIA NUT (raw) (Macadamia integrifolia),MACADAMIA NUT (Macadamia integrifolia),Nuts,(Z)-9-octadecenoic acid (=oleic acid),Acids,0.12,0.12
MACADAMIA NUT (raw) (Macadamia integrifolia),MACADAMIA NUT (Macadamia integrifolia),Nuts,butyl acetate,Esters,0.02,0.02
MACADAMIA NUT (raw) (Macadamia integrifolia),MACADAMIA NUT (Macadamia integrifolia),Nuts,"isopentyl acetate (=3-methylbutyl acetate, isoamyl acetate)",Esters,0.01,0.01
MACADAMIA NUT (raw) (Macadamia integrifolia),MACADAMIA NUT (Macadamia integrifolia),Nuts,citronellyl acetate,Esters,0.01,0.01
MACADAMIA NUT (raw) (Macadamia integrifolia),MACADAMIA NUT (Macadamia integrifolia),Nuts,geranyl acetate,Esters,0.02,0.02
MACADAMIA NUT (raw) (Macadamia integrifolia),MACADAMIA NUT (Macadamia integrifolia),Nuts,neryl acetate,Esters,0.02,0.02
MACADAMIA NUT (raw) (Macadamia integrifolia),MACADAMIA NUT (Macadamia integrifolia),Nuts,cyclohexyl acetate,Esters,0.04,0.04
MACADAMIA NUT (raw) (Macadamia integrifolia),MACADAMIA NUT (Macadamia integrifolia),Nuts,α-terpinyl acetate,Esters,0.01,0.01
MACADAMIA NUT (raw) (Macadamia integrifolia),MACADAMIA NUT (Macadamia integrifolia),Nuts,isobornyl acetate,Esters,0.13,0.13
MACADAMIA NUT (raw) (Macadamia integrifolia),MACADAMIA NUT (Macadamia integrifolia),Nuts,geranyl propanoate,Esters,0.01,0.01
MACADAMIA NUT (raw) (Macadamia integrifolia),MACADAMIA NUT (Macadamia integrifolia),Nuts,(Z)-3-hexenyl 2-methylpropanoate,Esters,0.01,0.01
MACADAMIA NUT (raw) (Macadamia integrifolia),MACADAMIA NUT (Macadamia integrifolia),Nuts,ethyl butanoate,Esters,0.04,0.04
MACADAMIA NUT (raw) (Macadamia integrifolia),MACADAMIA NUT (Macadamia integrifolia),Nuts,benzyl butanoate,Esters,0.04,0.04
MACADAMIA NUT (raw) (Macadamia integrifolia),MACADAMIA NUT (Macadamia integrifolia),Nuts,phenethyl butanoate,Esters,<0.01,<0.01
MACADAMIA NUT (raw) (Macadamia integrifolia),MACADAMIA NUT (Macadamia integrifolia),Nuts,ethyl 2-methylbutanoate,Esters,<0.01,<0.01
MACADAMIA NUT (raw) (Macadamia integrifolia),MACADAMIA NUT (Macadamia integrifolia),Nuts,benzyl pentanoate,Esters,0.02,0.02
MACADAMIA NUT (raw) (Macadamia integrifolia),MACADAMIA NUT (Macadamia integrifolia),Nuts,ethyl hexanoate (=ethyl caproate),Esters,0.63,0.63
MACADAMIA NUT (raw) (Macadamia integrifolia),MACADAMIA NUT (Macadamia integrifolia),Nuts,hexyl hexanoate,Esters,0.02,0.02
MACADAMIA NUT (raw) (Macadamia integrifolia),MACADAMIA NUT (Macadamia integrifolia),Nuts,ethyl heptanoate,Esters,0.1,0.1
MACADAMIA NUT (raw) (Macadamia integrifolia),MACADAMIA NUT (Macadamia integrifolia),Nuts,ethyl octanoate (=ethyl caprylate),Esters,0.21,0.21
MACADAMIA NUT (raw) (Macadamia integrifolia),MACADAMIA NUT (Macadamia integrifolia),Nuts,ethyl decanoate (=ethyl caprate),Esters,0.14,0.14
MACADAMIA NUT (raw) (Macadamia integrifolia),MACADAMIA NUT (Macadamia integrifolia),Nuts,ethyl dodecanoate (=ethyl laurate),Esters,0.04,0.04
MACADAMIA NUT (raw) (Macadamia integrifolia),MACADAMIA NUT (Macadamia integrifolia),Nuts,methyl tridecanoate,Esters,0.01,0.01
MACADAMIA NUT (raw) (Macadamia integrifolia),MACADAMIA NUT (Macadamia integrifolia),Nuts,methyl tetradecanoate (=methyl myristate),Esters,0.01,0.01
MACADAMIA NUT (raw) (Macadamia integrifolia),MACADAMIA NUT (Macadamia integrifolia),Nuts,ethyl tetradecanoate (=ethyl myristate),Esters,0.05,0.05
MACADAMIA NUT (raw) (Macadamia integrifolia),MACADAMIA NUT (Macadamia integrifolia),Nuts,isopropyl hexadecanoate,Esters,0.04,0.04
MACADAMIA NUT (raw) (Macadamia integrifolia),MACADAMIA NUT (Macadamia integrifolia),Nuts,methyl octadecanoate (=methyl stearate),Esters,0.03,0.03
MACADAMIA NUT (raw) (Macadamia integrifolia),MACADAMIA NUT (Macadamia integrifolia),Nuts,ethyl octadecanoate (=ethyl stearate),Esters,0.08,0.08
MACADAMIA NUT (raw) (Macadamia integrifolia),MACADAMIA NUT (Macadamia integrifolia),Nuts,methyl benzoate,Esters,0.16,0.16
MACADAMIA NUT (raw) (Macadamia integrifolia),MACADAMIA NUT (Macadamia integrifolia),Nuts,ethyl benzoate,Esters,0.03,0.03
MACADAMIA NUT (raw) (Macadamia integrifolia),MACADAMIA NUT (Macadamia integrifolia),Nuts,ethyl 2-hydroxybenzoate (=ethyl salicylate),Esters,0.05,0.05
MACADAMIA NUT (raw) (Macadamia integrifolia),MACADAMIA NUT (Macadamia integrifolia),Nuts,ethyl phenylacetate,Esters,0.02,0.02
MACADAMIA NUT (raw) (Macadamia integrifolia),MACADAMIA NUT (Macadamia integrifolia),Nuts,"4-hydroxynonanoic acid lactone (=4-nonanolide, γ-nonalactone)",Lactones,0.03,0.03
MACADAMIA NUT (raw) (Macadamia integrifolia),MACADAMIA NUT (Macadamia integrifolia),Nuts,"4-hydroxyundecanoic acid lactone (=4-undecanolide, γ-undecalactone)",Lactones,0.07,0.07
MACADAMIA NUT (raw) (Macadamia integrifolia),MACADAMIA NUT (Macadamia integrifolia),Nuts,"4-hydroxydodecanoic acid lactone (=4-dodecanolide, γ-dodecalactone)",Lactones,0.01,0.01
MACADAMIA NUT (raw) (Macadamia integrifolia),MACADAMIA NUT (Macadamia integrifolia),Nuts,"5-hydroxydodecanoic acid lactone (=5-dodecanolide, δ-dodecalactone)",Lactones,0.08,0.08
MACADAMIA NUT (raw) (Macadamia integrifolia),MACADAMIA NUT (Macadamia integrifolia),Nuts,benzyl isothiocyanate,Sulfur compounds,0.01,0.01
MACADAMIA NUT (raw) (Macadamia integrifolia),MACADAMIA NUT (Macadamia integrifolia),Nuts,"(E)-anethole (=(E)-1-methoxy-4-(1-propenyl)benzene, anise camphor)",Phenols,0.15,0.15
MACADAMIA NUT (raw) (Macadamia integrifolia),MACADAMIA NUT (Macadamia integrifolia),Nuts,"1-isopropyl-2-methoxy-4-methylbenzene (=methyl thymyl ether, methylthymol)",Phenols,0.01,0.01
MACADAMIA NUT (raw) (Macadamia integrifolia),MACADAMIA NUT (Macadamia integrifolia),Nuts,eugenol (=4-allyl-2-methoxyphenol),Phenols,<0.01,<0.01
MACADAMIA NUT (raw) (Macadamia integrifolia),MACADAMIA NUT (Macadamia integrifolia),Nuts,"methyleugenol (=4-allyl-1,2-dimethoxybenzene)",Phenols,<0.01,<0.01
MACADAMIA NUT (raw) (Macadamia integrifolia),MACADAMIA NUT (Macadamia integrifolia),Nuts,"5-allyl-1,3-benzodioxole (=safrole)",Phenols,<0.01,<0.01
MACADAMIA NUT (raw) (Macadamia integrifolia),MACADAMIA NUT (Macadamia integrifolia),Nuts,"6-allyl-4,5-dimethoxy-1,3-benzodioxole (=dill apiole)",Phenols,0.01,0.01
MACADAMIA NUT (raw) (Macadamia integrifolia),MACADAMIA NUT (Macadamia integrifolia),Nuts,"linalool oxide A (trans, 5-ring)",Furans,0.01,0.01
MACADAMIA NUT (raw) (Macadamia integrifolia),MACADAMIA NUT (Macadamia integrifolia),Nuts,"furfural (=2-formylfuran, 2-furancarbaldehyde, 2-furaldehyde)",Furans,0.95,0.95
MACADAMIA NUT (raw) (Macadamia integrifolia),MACADAMIA NUT (Macadamia integrifolia),Nuts,"cis-limonene 1,2-oxide","(Ep)oxides, pyrans, coumarins",0.05,0.05
MACADAMIA NUT (raw) (Macadamia integrifolia),MACADAMIA NUT (Macadamia integrifolia),Nuts,"trans-limonene 1,2-oxide","(Ep)oxides, pyrans, coumarins",0.05,0.05
MACADAMIA NUT (raw) (Macadamia integrifolia),MACADAMIA NUT (Macadamia integrifolia),Nuts,edulan I,"(Ep)oxides, pyrans, coumarins",0.38,0.38
MACADAMIA NUT (raw) (Macadamia integrifolia),MACADAMIA NUT (Macadamia integrifolia),Nuts,edulan II,"(Ep)oxides, pyrans, coumarins",0.74,0.74
SESAME SEED (roasted),,Miscellaneous,limonene,Hydrocarbons,,
SESAME SEED (roasted),,Miscellaneous,methanol,Alcohols,,
SESAME SEED (roasted),,Miscellaneous,ethanol,Alcohols,,
SESAME SEED (roasted),,Miscellaneous,"1,2-propanediol (=propylene glycol)",Alcohols,,
SESAME SEED (roasted),,Miscellaneous,1-pentanol (=amyl alcohol),Alcohols,,
SESAME SEED (roasted),,Miscellaneous,1-hexanol,Alcohols,,
SESAME SEED (roasted),,Miscellaneous,1-octanol,Alcohols,,
SESAME SEED (roasted),,Miscellaneous,1-octen-3-ol,Alcohols,,
SESAME SEED (roasted),,Miscellaneous,hexanal (=capronaldehyde),"Carbonyls, aldehydes",,
SESAME SEED (roasted),,Miscellaneous,heptanal,"Carbonyls, aldehydes",,
SESAME SEED (roasted),,Miscellaneous,octanal (=caprylaldehyde),"Carbonyls, aldehydes",,
SESAME SEED (roasted),,Miscellaneous,"2,4-octadienal","Carbonyls, aldehydes",,
SESAME SEED (roasted),,Miscellaneous,nonanal (=pelargonaldehyde),"Carbonyls, aldehydes",,
SESAME SEED (roasted),,Miscellaneous,2-nonenal,"Carbonyls, aldehydes",,
SESAME SEED (roasted),,Miscellaneous,"2,4-decadienal","Carbonyls, aldehydes",,
SESAME SEED (roasted),,Miscellaneous,benzaldehyde,"Carbonyls, aldehydes",,
SESAME SEED (roasted),,Miscellaneous,2-phenyl-2-butenal,"Carbonyls, aldehydes",,
SESAME SEED (roasted),,Miscellaneous,2-phenyl-2-pentenal,"Carbonyls, aldehydes",,
SESAME SEED (roasted),,Miscellaneous,4-methyl-2-phenyl-2-pentenal,"Carbonyls, aldehydes",,
SESAME SEED (roasted),,Miscellaneous,2-phenyl-2-hexenal,"Carbonyls, aldehydes",,
SESAME SEED (roasted),,Miscellaneous,5-methyl-2-phenyl-2-hexenal,"Carbonyls, aldehydes",,
SESAME SEED (roasted),,Miscellaneous,4-methyl-2-pentanone,"Carbonyls, ketones",,
SESAME SEED (roasted),,Miscellaneous,3-heptanone,"Carbonyls, ketones",,
SESAME SEED (roasted),,Miscellaneous,acetic acid,Acids,,
SESAME SEED (roasted),,Miscellaneous,propanoic acid (=propionic acid),Acids,,
SESAME SEED (roasted),,Miscellaneous,hexanoic acid (=caproic acid),Acids,,
SESAME SEED (roasted),,Miscellaneous,pentyl acetate (=amyl acetate),Esters,,
SESAME SEED (roasted),,Miscellaneous,pentyl propanoate,Esters,,
SESAME SEED (roasted),,Miscellaneous,methylpyrazine,Bases,,
SESAME SEED (roasted),,Miscellaneous,ethylpyrazine,Bases,,
SESAME SEED (roasted),,Miscellaneous,isopropenylpyrazine,Bases,,
SESAME SEED (roasted),,Miscellaneous,(2-furyl)pyrazine,Bases,,
SESAME SEED (roasted),,Miscellaneous,"2,3-dimethylpyrazine",Bases,,
SESAME SEED (roasted),,Miscellaneous,"2,5-dimethylpyrazine",Bases,,
SESAME SEED (roasted),,Miscellaneous,"2,6-dimethylpyrazine",Bases,,
SESAME SEED (roasted),,Miscellaneous,2-ethyl-3-methylpyrazine,Bases,,
SESAME SEED (roasted),,Miscellaneous,2-ethyl-5-methylpyrazine,Bases,,
SESAME SEED (roasted),,Miscellaneous,2-ethyl-6-methylpyrazine,Bases,,
SESAME SEED (roasted),,Miscellaneous,2-butyl-3-methylpyrazine,Bases,,
SESAME SEED (roasted),,Miscellaneous,2-(2-furyl)-3-methylpyrazine,Bases,,
SESAME SEED (roasted),,Miscellaneous,trimethylpyrazine,Bases,,
SESAME SEED (roasted),,Miscellaneous,"5-ethyl-2,3-dimethylpyrazine",Bases,,
SESAME SEED (roasted),,Miscellaneous,"3-ethyl-2,5-dimethylpyrazine",Bases,,
SESAME SEED (roasted),,Miscellaneous,"2-ethyl-3,5-dimethylpyrazine",Bases,,
SESAME SEED (roasted),,Miscellaneous,"2,3-diethyl-5-methylpyrazine",Bases,,
SESAME SEED (roasted),,Miscellaneous,"2,5-diethyl-3-methylpyrazine",Bases,,
SESAME SEED (roasted),,Miscellaneous,"3,5-diethyl-2-methylpyrazine",Bases,,
SESAME SEED (roasted),,Miscellaneous,diethyl-methylpyrazine (unkn.str.),Bases,,
SESAME SEED (roasted),,Miscellaneous,diethyl-dimethylpyrazine (unkn.str.),Bases,,
SESAME SEED (roasted),,Miscellaneous,acetylpyrazine,Bases,,
SESAME SEED (roasted),,Miscellaneous,2-acetyl-6-methylpyrazine,Bases,,
SESAME SEED (roasted),,Miscellaneous,"6,7-dihydro-5H-cyclopentapyrazine",Bases,,
SESAME SEED (roasted),,Miscellaneous,"6,7-dihydro-2-methyl-5H-cyclopentapyrazine",Bases,,
SESAME SEED (roasted),,Miscellaneous,"6,7-dihydro-5-methyl-5H-cyclopentapyrazine",Bases,,
SESAME SEED (roasted),,Miscellaneous,"6,7-dihydro-2(or 3),5-dimethyl-5H-cyclopentapyrazine (unkn.str.)",Bases,,
SESAME SEED (roasted),,Miscellaneous,"5,6,7,8-tetrahydroquinoxaline",Bases,,
SESAME SEED (roasted),,Miscellaneous,1-pentanethiol (=pentyl mercaptan),Sulfur compounds,,
SESAME SEED (roasted),,Miscellaneous,dimethylthiazole (unkn.str.),Sulfur compounds,,
SESAME SEED (roasted),,Miscellaneous,phenol (=hydroxybenzene),Phenols,,
SESAME SEED (roasted),,Miscellaneous,2-methoxyphenol (=guaiacol),Phenols,,
SESAME SEED (roasted),,Miscellaneous,3-methoxyphenol,Phenols,,
SESAME SEED (roasted),,Miscellaneous,4-methoxyphenol,Phenols,,
SESAME SEED (roasted),,Miscellaneous,methoxy-methylphenol (unkn.str.),Phenols,,
SESAME SEED (roasted),,Miscellaneous,2-methoxy-4-vinylphenol (=4-vinylguaiacol),Phenols,,
SESAME SEED (roasted),,Miscellaneous,2-pentylfuran,Furans,,
SESAME SEED (roasted),,Miscellaneous,"furfural (=2-formylfuran, 2-furancarbaldehyde, 2-furaldehyde)",Furans,,
SESAME SEED (roasted),,Miscellaneous,5-methylfurfural,Furans,,
FENUGREEK (Trigonella foenum-graecum L.),,Spices & Condiments,undecane,Hydrocarbons,,
FENUGREEK (Trigonella foenum-graecum L.),,Spices & Condiments,dodecane,Hydrocarbons,,
FENUGREEK (Trigonella foenum-graecum L.),,Spices & Condiments,1-dodecene,Hydrocarbons,,
FENUGREEK (Trigonella foenum-graecum L.),,Spices & Condiments,tridecane,Hydrocarbons,,
FENUGREEK (Trigonella foenum-graecum L.),,Spices & Condiments,tetradecane,Hydrocarbons,,
FENUGREEK (Trigonella foenum-graecum L.),,Spices & Condiments,1-tetradecene,Hydrocarbons,,
FENUGREEK (Trigonella foenum-graecum L.),,Spices & Condiments,pentadecane,Hydrocarbons,,
FENUGREEK (Trigonella foenum-graecum L.),,Spices & Condiments,hexadecane,Hydrocarbons,,
FENUGREEK (Trigonella foenum-graecum L.),,Spices & Condiments,1-hexadecene,Hydrocarbons,,
FENUGREEK (Trigonella foenum-graecum L.),,Spices & Condiments,β-elemene,Hydrocarbons,,
FENUGREEK (Trigonella foenum-graecum L.),,Spices & Condiments,γ-elemene,Hydrocarbons,,
FENUGREEK (Trigonella foenum-graecum L.),,Spices & Condiments,δ-elemene,Hydrocarbons,,
FENUGREEK (Trigonella foenum-graecum L.),,Spices & Condiments,α-muurolene,Hydrocarbons,,
FENUGREEK (Trigonella foenum-graecum L.),,Spices & Condiments,γ-muurolene,Hydrocarbons,,
FENUGREEK (Trigonella foenum-graecum L.),,Spices & Condiments,ε-muurolene,Hydrocarbons,,
FENUGREEK (Trigonella foenum-graecum L.),,Spices & Condiments,"β-selinene (=4(14),11-selinadiene)",Hydrocarbons,,
FENUGREEK (Trigonella foenum-graecum L.),,Spices & Condiments,calarene,Hydrocarbons,,
FENUGREEK (Trigonella foenum-graecum L.),,Spices & Condiments,calamenene,Hydrocarbons,,
FENUGREEK (Trigonella foenum-graecum L.),,Spices & Condiments,1-hexanol,Alcohols,,
FENUGREEK (Trigonella foenum-graecum L.),,Spices & Condiments,heptanal,"Carbonyls, aldehydes",,
FENUGREEK (Trigonella foenum-graecum L.),,Spices & Condiments,2-heptanone,"Carbonyls, ketones",,
FENUGREEK (Trigonella foenum-graecum L.),,Spices & Condiments,3-octen-2-one,"Carbonyls, ketones",,
FENUGREEK (Trigonella foenum-graecum L.),,Spices & Condiments,(E)-β-ionone,"Carbonyls, ketones",,
FENUGREEK (Trigonella foenum-graecum L.),,Spices & Condiments,camphor (=alcanfor),"Carbonyls, ketones",,
FENUGREEK (Trigonella foenum-graecum L.),,Spices & Condiments,heptanoic acid (=enanthic acid),Acids,,
FENUGREEK (Trigonella foenum-graecum L.),,Spices & Condiments,decanoic acid (=capric acid),Acids,,
FENUGREEK (Trigonella foenum-graecum L.),,Spices & Condiments,dodecanoic acid (=lauric acid),Acids,,
FENUGREEK (Trigonella foenum-graecum L.),,Spices & Condiments,hexadecanoic acid (=palmitic acid),Acids,,
FENUGREEK (Trigonella foenum-graecum L.),,Spices & Condiments,(Z)-9-hexadecenoic acid (=palmitoleic acid),Acids,,
FENUGREEK (Trigonella foenum-graecum L.),,Spices & Condiments,octadecanoic acid (=stearic acid),Acids,,
FENUGREEK (Trigonella foenum-graecum L.),,Spices & Condiments,(Z)-9-octadecenoic acid (=oleic acid),Acids,,
FENUGREEK (Trigonella foenum-graecum L.),,Spices & Condiments,"(Z,Z)-9,12-octadecadienoic acid (=linoleic acid)",Acids,,
FENUGREEK (Trigonella foenum-graecum L.),,Spices & Condiments,"(Z,Z,Z)-9,12,15-octadecatrienoic acid (=linolenic acid)",Acids,,
FENUGREEK (Trigonella foenum-graecum L.),,Spices & Condiments,docosanoic acid,Acids,,
FENUGREEK (Trigonella foenum-graecum L.),,Spices & Condiments,methyl cyclohexylacetate,Esters,,
FENUGREEK (Trigonella foenum-graecum L.),,Spices & Condiments,5-hydroxy-5-methylhexanoic acid lactone,Lactones,,
FENUGREEK (Trigonella foenum-graecum L.),,Spices & Condiments,"4-hydroxynonanoic acid lactone (=4-nonanolide, γ-nonalactone)",Lactones,,
FENUGREEK (Trigonella foenum-graecum L.),,Spices & Condiments,dihydroactinidiolide,Lactones,,
FENUGREEK (Trigonella foenum-graecum L.),,Spices & Condiments,aniline,Bases,,
FENUGREEK (Trigonella foenum-graecum L.),,Spices & Condiments,diphenylamine (=N-phenylaniline),Bases,,
FENUGREEK (Trigonella foenum-graecum L.),,Spices & Condiments,"1,8-cineole (=eucalyptol)",Ethers,,
FENUGREEK (Trigonella foenum-graecum L.),,Spices & Condiments,phenol (=hydroxybenzene),Phenols,,
FENUGREEK (Trigonella foenum-graecum L.),,Spices & Condiments,thymol (=2-isopropyl-5-methylphenol),Phenols,,
FENUGREEK (Trigonella foenum-graecum L.),,Spices & Condiments,eugenol (=4-allyl-2-methoxyphenol),Phenols,,
FENUGREEK (Trigonella foenum-graecum L.),,Spices & Condiments,2-hexylfuran,Furans,,
FENUGREEK (Trigonella foenum-graecum L.),,Spices & Condiments,"2,3-dihydrobenzofuran (=coumaran)",Furans,,
FENUGREEK (Trigonella foenum-graecum L.),,Spices & Condiments,"3-hydroxy-4,5-dimethyl-2(5H)-furanone (=sotolone)",Furans,,
FENUGREEK (Trigonella foenum-graecum L.),,Spices & Condiments,7-acetoxy-4-methylcoumarin,"(Ep)oxides, pyrans, coumarins",,
,MANGIFERA SPECIES,Fruits,"2,4-hexadiene",Hydrocarbons,,
,MANGIFERA SPECIES,Fruits,heptane,Hydrocarbons,,
,MANGIFERA SPECIES,Fruits,octane,Hydrocarbons,0.0001,0.0001
,MANGIFERA SPECIES,Fruits,octane (branched),Hydrocarbons,,
,MANGIFERA SPECIES,Fruits,undecane,Hydrocarbons,,
,MANGIFERA SPECIES,Fruits,"(E,Z,Z)-1,3,5,8-undecatetraene",Hydrocarbons,,
,MANGIFERA SPECIES,Fruits,dodecane,Hydrocarbons,,
,MANGIFERA SPECIES,Fruits,tridecane,Hydrocarbons,,
,MANGIFERA SPECIES,Fruits,tetradecane,Hydrocarbons,trace,0.3
,MANGIFERA SPECIES,Fruits,pentadecane,Hydrocarbons,0.03,0.4
,MANGIFERA SPECIES,Fruits,hexadecane,Hydrocarbons,0,0.4
,MANGIFERA SPECIES,Fruits,heptadecane,Hydrocarbons,0,0.007
,MANGIFERA SPECIES,Fruits,octadecane,Hydrocarbons,0,0.6
,MANGIFERA SPECIES,Fruits,nonadecane,Hydrocarbons,0,0.095
,MANGIFERA SPECIES,Fruits,eicosane,Hydrocarbons,0,0.2
,MANGIFERA SPECIES,Fruits,heneicosane,Hydrocarbons,,
,MANGIFERA SPECIES,Fruits,docosane,Hydrocarbons,,
,MANGIFERA SPECIES,Fruits,tricosane,Hydrocarbons,,
,MANGIFERA SPECIES,Fruits,α-hymentherene,Hydrocarbons,,
,MANGIFERA SPECIES,Fruits,β-ocimene,Hydrocarbons,0.04,0.04
,MANGIFERA SPECIES,Fruits,(Z)-β-ocimene,Hydrocarbons,0.004,7.5
,MANGIFERA SPECIES,Fruits,(E)-β-ocimene,Hydrocarbons,0,1.5
,MANGIFERA SPECIES,Fruits,allo-ocimene,Hydrocarbons,0.003,0.45
,MANGIFERA SPECIES,Fruits,"(4Z,6Z)-allo-ocimene (=(Z,Z)-alloocimene)",Hydrocarbons,,
,MANGIFERA SPECIES,Fruits,"(4E,6E)-allo-ocimene (= (E,E-alloocimene)",Hydrocarbons,,
,MANGIFERA SPECIES,Fruits,β-myrcene (=myrcene),Hydrocarbons,0.006,18
,MANGIFERA SPECIES,Fruits,cyclopentane,Hydrocarbons,,
,MANGIFERA SPECIES,Fruits,cyclohexane,Hydrocarbons,trace,trace
,MANGIFERA SPECIES,Fruits,methylcyclohexane,Hydrocarbons,trace,0.001
,MANGIFERA SPECIES,Fruits,ethylcyclohexane,Hydrocarbons,,
,MANGIFERA SPECIES,Fruits,dimethylcyclohexane (unkn.str.),Hydrocarbons,trace,trace
,MANGIFERA SPECIES,Fruits,α-phellandrene,Hydrocarbons,0.055,1
,MANGIFERA SPECIES,Fruits,β-phellandrene,Hydrocarbons,0.002,0.4
,MANGIFERA SPECIES,Fruits,α-terpinene,Hydrocarbons,0,0.42
,MANGIFERA SPECIES,Fruits,γ-terpinene,Hydrocarbons,0.005,0.1
,MANGIFERA SPECIES,Fruits,terpinolene,Hydrocarbons,trace,11.2
,MANGIFERA SPECIES,Fruits,limonene,Hydrocarbons,0.004,40
,MANGIFERA SPECIES,Fruits,β-elemene,Hydrocarbons,0,0.04
,MANGIFERA SPECIES,Fruits,germacrene D,Hydrocarbons,0,2.1
,MANGIFERA SPECIES,Fruits,α-humulene (=humulene),Hydrocarbons,trace,2.7
,MANGIFERA SPECIES,Fruits,α-pinene,Hydrocarbons,0.002,79.8
,MANGIFERA SPECIES,Fruits,β-pinene,Hydrocarbons,0,6.3
,MANGIFERA SPECIES,Fruits,camphene,Hydrocarbons,0,0.7
,MANGIFERA SPECIES,Fruits,α-fenchene,Hydrocarbons,0,0.4
,MANGIFERA SPECIES,Fruits,β-fenchene,Hydrocarbons,,
,MANGIFERA SPECIES,Fruits,α-thujene,Hydrocarbons,0.34,0.34
,MANGIFERA SPECIES,Fruits,thujene (unkn.str.),Hydrocarbons,,
,MANGIFERA SPECIES,Fruits,sabinene (=4(10)-thujene),Hydrocarbons,0,0.4
,MANGIFERA SPECIES,Fruits,"dehydrosabinene (=thuja-2,4(10)-diene)",Hydrocarbons,0.2,0.2
,MANGIFERA SPECIES,Fruits,2-carene,Hydrocarbons,0.13,1.8
,MANGIFERA SPECIES,Fruits,3-carene,Hydrocarbons,0,123.4
,MANGIFERA SPECIES,Fruits,α-bergamotene,Hydrocarbons,,
,MANGIFERA SPECIES,Fruits,α-cadinene,Hydrocarbons,0.165,0.26
,MANGIFERA SPECIES,Fruits,γ-cadinene,Hydrocarbons,0,0.15
,MANGIFERA SPECIES,Fruits,δ-cadinene,Hydrocarbons,0,0.15
,MANGIFERA SPECIES,Fruits,cubenene,Hydrocarbons,0.07,0.09
,MANGIFERA SPECIES,Fruits,α-muurolene,Hydrocarbons,0,0.1
,MANGIFERA SPECIES,Fruits,"α-selinene (=5β,7α,10α-selina-3,11-diene)",Hydrocarbons,0,1.2
,MANGIFERA SPECIES,Fruits,"β-selinene (=4(14),11-selinadiene)",Hydrocarbons,0,6.4
,MANGIFERA SPECIES,Fruits,valencene,Hydrocarbons,0.0001,0.4
,MANGIFERA SPECIES,Fruits,eremophilene,Hydrocarbons,,
,MANGIFERA SPECIES,Fruits,α-guaiene,Hydrocarbons,1.5,1.5
,MANGIFERA SPECIES,Fruits,β-guaiene (=guaiene),Hydrocarbons,,
,MANGIFERA SPECIES,Fruits,δ-guaiene (=α-bulnesene),Hydrocarbons,1.8,1.8
,MANGIFERA SPECIES,Fruits,bicyclogermacrene,Hydrocarbons,0,0.2
,MANGIFERA SPECIES,Fruits,β-caryophyllene,Hydrocarbons,0.0003,4.2
,MANGIFERA SPECIES,Fruits,trans-caryophyllene,Hydrocarbons,,
,MANGIFERA SPECIES,Fruits,γ-caryophyllene (=isocaryophyllene),Hydrocarbons,,
,MANGIFERA SPECIES,Fruits,α-copaene (=copaene),Hydrocarbons,trace,4.2
,MANGIFERA SPECIES,Fruits,aromadendrene,Hydrocarbons,0.02,0.02
,MANGIFERA SPECIES,Fruits,alloaromadendrene,Hydrocarbons,<0.1,0.4
,MANGIFERA SPECIES,Fruits,α-gurjunene,Hydrocarbons,0,0.5
,MANGIFERA SPECIES,Fruits,γ-gurjunene,Hydrocarbons,0.6,0.6
,MANGIFERA SPECIES,Fruits,isolongifolene,Hydrocarbons,,
,MANGIFERA SPECIES,Fruits,benzene,Hydrocarbons,0.04,0.04
,MANGIFERA SPECIES,Fruits,methylbenzene (=toluene),Hydrocarbons,trace,0.9
,MANGIFERA SPECIES,Fruits,ethylbenzene (=α-methyltoluene),Hydrocarbons,,
,MANGIFERA SPECIES,Fruits,propylbenzene,Hydrocarbons,,
,MANGIFERA SPECIES,Fruits,butylbenzene (unkn.str.),Hydrocarbons,,
,MANGIFERA SPECIES,Fruits,nonylbenzene,Hydrocarbons,,
,MANGIFERA SPECIES,Fruits,"1,2-dimethylbenzene (=o-xylene)",Hydrocarbons,,
,MANGIFERA SPECIES,Fruits,"1,3-dimethylbenzene (=m-xylene)",Hydrocarbons,trace,trace
,MANGIFERA SPECIES,Fruits,"1,4-dimethylbenzene (=p-xylene)",Hydrocarbons,trace,trace
,MANGIFERA SPECIES,Fruits,dimethylbenzene (unkn.str.) (=xylene (unkn.str.)),Hydrocarbons,,
,MANGIFERA SPECIES,Fruits,ethyl-vinylbenzene (unkn.str.),Hydrocarbons,,
,MANGIFERA SPECIES,Fruits,1-isopropyl-4-methylbenzene (=p-cymene),Hydrocarbons,trace,5.8
,MANGIFERA SPECIES,Fruits,1-methyl-2-propenylbenzene (unkn.str.),Hydrocarbons,,
,MANGIFERA SPECIES,Fruits,methyl-propenylbenzene (unkn.str.),Hydrocarbons,0.001,0.001
,MANGIFERA SPECIES,Fruits,"1-isopropenyl-4-methylbenzene (=α,p-dimethyl styrene, p-cymenene, dehydro-p-cymene)",Hydrocarbons,0.1,0.1
,MANGIFERA SPECIES,Fruits,"1,2-dimethyl-4-vinylbenzene",Hydrocarbons,,
,MANGIFERA SPECIES,Fruits,dimethyl-vinylbenzene (unkn.str.),Hydrocarbons,0,0.004
,MANGIFERA SPECIES,Fruits,calamenene,Hydrocarbons,1.8,1.8
,MANGIFERA SPECIES,Fruits,naphthalene,Hydrocarbons,0,0.001
,MANGIFERA SPECIES,Fruits,methanol,Alcohols,,
,MANGIFERA SPECIES,Fruits,ethanol,Alcohols,0.05,3
,MANGIFERA SPECIES,Fruits,2-butoxyethanol,Alcohols,0,0.014
,MANGIFERA SPECIES,Fruits,"2-phenoxyethanol (=ethylene glycol monophenyl ether, phenylglycol)",Alcohols,0,0.028
,MANGIFERA SPECIES,Fruits,2-methyl-1-propanol (=isobutanol),Alcohols,<0.1,4.09
,MANGIFERA SPECIES,Fruits,2-methyl-2-propanol (=tert-butanol),Alcohols,<0.1,<0.1
,MANGIFERA SPECIES,Fruits,1-butanol,Alcohols,trace,0.5
,MANGIFERA SPECIES,Fruits,2-butanol (=sec-butanol),Alcohols,0.01,0.275
,MANGIFERA SPECIES,Fruits,"2-buten-1-ol (=crotyl alcohol, crotonyl alcohol)",Alcohols,0.3,0.3
,MANGIFERA SPECIES,Fruits,2-methyl-1-butanol (=active amyl alcohol),Alcohols,trace,trace
,MANGIFERA SPECIES,Fruits,3-methyl-1-butanol (=isoamyl alcohol),Alcohols,0,1
,MANGIFERA SPECIES,Fruits,3-methyl-2-buten-1-ol (=prenol),Alcohols,0.01,0.235
,MANGIFERA SPECIES,Fruits,3-methyl-3-buten-1-ol,Alcohols,,
,MANGIFERA SPECIES,Fruits,2-methyl-3-buten-2-ol,Alcohols,0.07,3.3
,MANGIFERA SPECIES,Fruits,1-pentanol (=amyl alcohol),Alcohols,0.01,0.1
,MANGIFERA SPECIES,Fruits,2-pentanol,Alcohols,0,0.1
,MANGIFERA SPECIES,Fruits,3-pentanol,Alcohols,,
,MANGIFERA SPECIES,Fruits,2-penten-1-ol,Alcohols,0,0.044
,MANGIFERA SPECIES,Fruits,(Z)-2-penten-1-ol,Alcohols,,
,MANGIFERA SPECIES,Fruits,3-penten-2-ol,Alcohols,,
,MANGIFERA SPECIES,Fruits,1-penten-3-ol,Alcohols,0.105,0.105
,MANGIFERA SPECIES,Fruits,3-methyl-1-pentanol,Alcohols,<0.1,<0.1
,MANGIFERA SPECIES,Fruits,1-hexanol,Alcohols,0,1
,MANGIFERA SPECIES,Fruits,2-hexanol,Alcohols,0,0.021
,MANGIFERA SPECIES,Fruits,3-hexanol,Alcohols,,
,MANGIFERA SPECIES,Fruits,(E)-2-hexen-1-ol,Alcohols,0,0.05
,MANGIFERA SPECIES,Fruits,3-hexen-1-ol,Alcohols,,
,MANGIFERA SPECIES,Fruits,(Z)-3-hexen-1-ol (=leaf alcohol),Alcohols,trace,5.9
,MANGIFERA SPECIES,Fruits,(E)-3-hexen-1-ol,Alcohols,0.001,0.01
,MANGIFERA SPECIES,Fruits,2-ethyl-1-hexanol,Alcohols,,
,MANGIFERA SPECIES,Fruits,2-ethylhexen-1-ol (unstr.str.),Alcohols,,
,MANGIFERA SPECIES,Fruits,1-heptanol,Alcohols,<0.01,<0.01
,MANGIFERA SPECIES,Fruits,2-heptanol,Alcohols,,
,MANGIFERA SPECIES,Fruits,4-heptanol,Alcohols,,
,MANGIFERA SPECIES,Fruits,1-octanol,Alcohols,,
,MANGIFERA SPECIES,Fruits,"2,7-dimethyl-1-octanol",Alcohols,,
,MANGIFERA SPECIES,Fruits,1-decanol,Alcohols,,
,MANGIFERA SPECIES,Fruits,1-dodecanol,Alcohols,,
,MANGIFERA SPECIES,Fruits,1-tetradecanol,Alcohols,,
,MANGIFERA SPECIES,Fruits,1-pentadecanol,Alcohols,,
,MANGIFERA SPECIES,Fruits,1-hexadecanol (=cetanol),Alcohols,0.01,1
,MANGIFERA SPECIES,Fruits,1-heptadecanol,Alcohols,,
,MANGIFERA SPECIES,Fruits,1-octadecanol,Alcohols,,
,MANGIFERA SPECIES,Fruits,geraniol,Alcohols,trace,0.295
,MANGIFERA SPECIES,Fruits,nerol,Alcohols,0.07,0.1
,MANGIFERA SPECIES,Fruits,linalool,Alcohols,trace,0.5
,MANGIFERA SPECIES,Fruits,(R)-(-)-linalool (=licareol),Alcohols,,
,MANGIFERA SPECIES,Fruits,(S)-(+)-linalool (=coriandrol),Alcohols,,
,MANGIFERA SPECIES,Fruits,"2,6-dimethyl-2,7-octadiene-1,6-diol (=8-hydroxylinalool)",Alcohols,0,0.05
,MANGIFERA SPECIES,Fruits,nerolidol,Alcohols,,
,MANGIFERA SPECIES,Fruits,benzyl alcohol (=benzenemethanol),Alcohols,0.021,0.068
,MANGIFERA SPECIES,Fruits,2-phenylethanol (=phenethyl alcohol),Alcohols,0,0.105
,MANGIFERA SPECIES,Fruits,guaiacylpropanol (unkn.str.),Alcohols,0,0.215
,MANGIFERA SPECIES,Fruits,"p-cymen-8-ol (=α,α,p-trimethyl-benzyl alcohol)",Alcohols,0,57.2
,MANGIFERA SPECIES,Fruits,m-cymen-8-ol,Alcohols,0,0.071
,MANGIFERA SPECIES,Fruits,menthol,Alcohols,0.03,0.03
,MANGIFERA SPECIES,Fruits,α-terpineol,Alcohols,trace,3
,MANGIFERA SPECIES,Fruits,β-terpineol,Alcohols,0,0.1
,MANGIFERA SPECIES,Fruits,4-terpineol (=terpinen-4-ol),Alcohols,0.01,0.1
,MANGIFERA SPECIES,Fruits,dihydrocarveol,Alcohols,,
,MANGIFERA SPECIES,Fruits,"carveol (=p-1(6),8-menthadien-2-ol)",Alcohols,0.04,0.04
,MANGIFERA SPECIES,Fruits,"cis-carveol (= cis-p-1(6),8-menthadien-2-ol)",Alcohols,0,0.01
,MANGIFERA SPECIES,Fruits,"trans-carveol (=trans-p-1(6),8-menthadien-2-ol)",Alcohols,0,0.1
,MANGIFERA SPECIES,Fruits,p-menthadien-8-ol (unkn.str.),Alcohols,0,0.485
,MANGIFERA SPECIES,Fruits,trans-pinocarveol,Alcohols,2.4,2.4
,MANGIFERA SPECIES,Fruits,cis-verbenol,Alcohols,2.4,2.4
,MANGIFERA SPECIES,Fruits,trans-verbenol,Alcohols,6,6
,MANGIFERA SPECIES,Fruits,fenchol (=fenchyl alcohol),Alcohols,,
,MANGIFERA SPECIES,Fruits,α-cadinol,Alcohols,0,0.07
,MANGIFERA SPECIES,Fruits,δ-cadinol (=torreyol),Alcohols,0,0.01
,MANGIFERA SPECIES,Fruits,cadinol (unkn.str.),Alcohols,0.04,0.065
,MANGIFERA SPECIES,Fruits,cubenol,Alcohols,0,0.045
,MANGIFERA SPECIES,Fruits,11-selinen-4-ol,Alcohols,0,0.1
,MANGIFERA SPECIES,Fruits,ledol,Alcohols,0.6,2.7
,MANGIFERA SPECIES,Fruits,viridiflorol,Alcohols,0,1
,MANGIFERA SPECIES,Fruits,globulol,Alcohols,0,0.025
,MANGIFERA SPECIES,Fruits,acetaldehyde (=ethanal),"Carbonyls, aldehydes",trace,0.1
,MANGIFERA SPECIES,Fruits,"2-methylpropanal (=isobutanal, isobutyraldehyde)","Carbonyls, aldehydes",,
,MANGIFERA SPECIES,Fruits,2-butenal (=crotonaldehyde),"Carbonyls, aldehydes",,
,MANGIFERA SPECIES,Fruits,"3-methylbutanal (=isopentanal, isovaleraldehyde)","Carbonyls, aldehydes",,
,MANGIFERA SPECIES,Fruits,2-pentenal,"Carbonyls, aldehydes",,
,MANGIFERA SPECIES,Fruits,(E)-2-pentenal,"Carbonyls, aldehydes",,
,MANGIFERA SPECIES,Fruits,2-methylpentanal,"Carbonyls, aldehydes",,
,MANGIFERA SPECIES,Fruits,2-methyl-2-pentenal,"Carbonyls, aldehydes",,
,MANGIFERA SPECIES,Fruits,2-methyl-4-pentenal,"Carbonyls, aldehydes",,
,MANGIFERA SPECIES,Fruits,hexanal (=capronaldehyde),"Carbonyls, aldehydes",trace,0.1
,MANGIFERA SPECIES,Fruits,2-hexenal,"Carbonyls, aldehydes",,
,MANGIFERA SPECIES,Fruits,(E)-2-hexenal (=leaf aldehyde),"Carbonyls, aldehydes",trace,1
,MANGIFERA SPECIES,Fruits,(Z)-3-hexenal,"Carbonyls, aldehydes",1,1
,MANGIFERA SPECIES,Fruits,hexenal (unkn.str.),"Carbonyls, aldehydes",0,0.03
,MANGIFERA SPECIES,Fruits,"(E,E)-2,4-hexadienal","Carbonyls, aldehydes",,
,MANGIFERA SPECIES,Fruits,heptanal,"Carbonyls, aldehydes",,
,MANGIFERA SPECIES,Fruits,2-heptenal,"Carbonyls, aldehydes",,
,MANGIFERA SPECIES,Fruits,"(E,E)-2,4-heptadienal","Carbonyls, aldehydes",,
,MANGIFERA SPECIES,Fruits,octanal (=caprylaldehyde),"Carbonyls, aldehydes",trace,0.1
,MANGIFERA SPECIES,Fruits,nonanal (=pelargonaldehyde),"Carbonyls, aldehydes",,
,MANGIFERA SPECIES,Fruits,2-nonenal,"Carbonyls, aldehydes",,
,MANGIFERA SPECIES,Fruits,(E)-2-nonenal,"Carbonyls, aldehydes",0,0.68
,MANGIFERA SPECIES,Fruits,"2,6-nonadienal","Carbonyls, aldehydes",0,0.181
,MANGIFERA SPECIES,Fruits,"(E,E)-2,6-nonadienal","Carbonyls, aldehydes",,
,MANGIFERA SPECIES,Fruits,"(E,Z)-2,6-nonadienal","Carbonyls, aldehydes",0.05,4.095
,MANGIFERA SPECIES,Fruits,"(Z,E)-2,6-nonadienal","Carbonyls, aldehydes",,
,MANGIFERA SPECIES,Fruits,decanal (=capraldehyde),"Carbonyls, aldehydes",,
,MANGIFERA SPECIES,Fruits,dodecanal,"Carbonyls, aldehydes",,
,MANGIFERA SPECIES,Fruits,pentadecanal,"Carbonyls, aldehydes",trace,trace
,MANGIFERA SPECIES,Fruits,hexadecanal,"Carbonyls, aldehydes",0.07,0.07
,MANGIFERA SPECIES,Fruits,octadecanal,"Carbonyls, aldehydes",0.01,0.01
,MANGIFERA SPECIES,Fruits,geranial (=α-citral),"Carbonyls, aldehydes",trace,0.1
,MANGIFERA SPECIES,Fruits,neral (=β-citral),"Carbonyls, aldehydes",<0.01,0.3
,MANGIFERA SPECIES,Fruits,benzaldehyde,"Carbonyls, aldehydes",0,0.2
,MANGIFERA SPECIES,Fruits,4-methylbenzaldehyde (=p-tolualdehyde),"Carbonyls, aldehydes",<0.1,<0.1
,MANGIFERA SPECIES,Fruits,4-isopropylbenzaldehyde (=cuminaldehyde),"Carbonyls, aldehydes",,
,MANGIFERA SPECIES,Fruits,"syringaldehyde (=4-hydroxy-3,5-dimethoxy-benzaldehyde)","Carbonyls, aldehydes",0,0.014
,MANGIFERA SPECIES,Fruits,phenylacetaldehyde (=benzeneacetaldehyde),"Carbonyls, aldehydes",0,0.2
,MANGIFERA SPECIES,Fruits,β-cyclocitral,"Carbonyls, aldehydes",0,0.01
,MANGIFERA SPECIES,Fruits,"(2,2,3-trimethyl-3-cyclopentenyl)-acetaldehyde (=α-campholene aldehyde)","Carbonyls, aldehydes",2.4,2.4
,MANGIFERA SPECIES,Fruits,myrtenal,"Carbonyls, aldehydes",,
,MANGIFERA SPECIES,Fruits,"acetone (=2-propanone, dimethyl ketone)","Carbonyls, ketones",trace,0.07
,MANGIFERA SPECIES,Fruits,2-butanone (=ethyl methyl ketone),"Carbonyls, ketones",,
,MANGIFERA SPECIES,Fruits,3-methyl-2-butanone,"Carbonyls, ketones",,
,MANGIFERA SPECIES,Fruits,3-hydroxy-2-butanone (=acetoin),"Carbonyls, ketones",0.065,0.2
,MANGIFERA SPECIES,Fruits,"2,3-butanedione (=diacetyl)","Carbonyls, ketones",,
,MANGIFERA SPECIES,Fruits,2-pentanone,"Carbonyls, ketones",0,0.0003
,MANGIFERA SPECIES,Fruits,3-pentanone,"Carbonyls, ketones",0,0.02
,MANGIFERA SPECIES,Fruits,3-penten-2-one,"Carbonyls, ketones",0,0.009
,MANGIFERA SPECIES,Fruits,"2,3-pentanedione (=acetylpropionyl)","Carbonyls, ketones",0.01,0.01
,MANGIFERA SPECIES,Fruits,3-hexanone,"Carbonyls, ketones",,
,MANGIFERA SPECIES,Fruits,2-heptanone,"Carbonyls, ketones",0,0.1
,MANGIFERA SPECIES,Fruits,3-heptanone,"Carbonyls, ketones",,
,MANGIFERA SPECIES,Fruits,4-heptanone,"Carbonyls, ketones",,
,MANGIFERA SPECIES,Fruits,6-methyl-5-hepten-2-one,"Carbonyls, ketones",,
,MANGIFERA SPECIES,Fruits,1-octen-3-one,"Carbonyls, ketones",2.1,2.1
,MANGIFERA SPECIES,Fruits,"3,7-dimethyl-1,6-octadien-4-one","Carbonyls, ketones",,
,MANGIFERA SPECIES,Fruits,2-nonanone,"Carbonyls, ketones",,
,MANGIFERA SPECIES,Fruits,"(E)-6,10-dimethyl-5,9-undecadien-2-one (=geranylacetone)","Carbonyls, ketones",,
,MANGIFERA SPECIES,Fruits,2-tridecanone,"Carbonyls, ketones",0,0.4
,MANGIFERA SPECIES,Fruits,2-heptadecanone,"Carbonyls, ketones",1,1
,MANGIFERA SPECIES,Fruits,cyclopentanone,"Carbonyls, ketones",,
,MANGIFERA SPECIES,Fruits,cyclohexanone,"Carbonyls, ketones",,
,MANGIFERA SPECIES,Fruits,"3,5,5-trimethyl-2-cyclohexen-1-one (=isophorone)","Carbonyls, ketones",,
,MANGIFERA SPECIES,Fruits,3-oxo-α-ionol,"Carbonyls, ketones",0.029,0.117
,MANGIFERA SPECIES,Fruits,3-oxo-retro-α-ionol,"Carbonyls, ketones",0,0.442
,MANGIFERA SPECIES,Fruits,"3-oxo-retro-7,8-dehydro-α-ionol (unkn.str.)","Carbonyls, ketones",0,0.165
,MANGIFERA SPECIES,Fruits,"3-oxo-7,8-dihydro-α-ionol","Carbonyls, ketones",0.04,0.54
,MANGIFERA SPECIES,Fruits,vomifoliol,"Carbonyls, ketones",0.054,0.122
,MANGIFERA SPECIES,Fruits,"7,8-dihydrovomifoliol","Carbonyls, ketones",<0.01,<0.01
,MANGIFERA SPECIES,Fruits,acetophenone (=1-phenylethanone),"Carbonyls, ketones",,
,MANGIFERA SPECIES,Fruits,2-methylacetophenone,"Carbonyls, ketones",,
,MANGIFERA SPECIES,Fruits,4-methylacetophenone,"Carbonyls, ketones",trace,0.4
,MANGIFERA SPECIES,Fruits,4-hydroxyacetophenone,"Carbonyls, ketones",0,0.04
,MANGIFERA SPECIES,Fruits,propiovanillone,"Carbonyls, ketones",0,0.045
,MANGIFERA SPECIES,Fruits,β-damascenone (=(E)-β-damascenone),"Carbonyls, ketones",0,0.002
,MANGIFERA SPECIES,Fruits,(E)-β-ionone,"Carbonyls, ketones",0,0.055
,MANGIFERA SPECIES,Fruits,"4-(4-hydroxy-3-methoxyphenyl)-2-butanone (=gingerone, zingerone)","Carbonyls, ketones",0,0.074
,MANGIFERA SPECIES,Fruits,"carvone (=p-6,8-menthadien-2-one)","Carbonyls, ketones",<0.1,<0.1
,MANGIFERA SPECIES,Fruits,camphor (=alcanfor),"Carbonyls, ketones",,
,MANGIFERA SPECIES,Fruits,fenchone,"Carbonyls, ketones",,
,MANGIFERA SPECIES,Fruits,verbenone (=2-pinen-4-one),"Carbonyls, ketones",2.7,2.7
,MANGIFERA SPECIES,Fruits,acetic acid,Acids,<0.1,0.2
,MANGIFERA SPECIES,Fruits,hydroxyacetic acid (=glycolic acid),Acids,,
,MANGIFERA SPECIES,Fruits,2-methylpropanoic acid (=isobutyric acid),Acids,8.6,8.6
,MANGIFERA SPECIES,Fruits,2-hydroxypropanoic acid (=lactic acid),Acids,,
,MANGIFERA SPECIES,Fruits,3-hydroxypropanoic acid,Acids,,
,MANGIFERA SPECIES,Fruits,butanoic acid (=butyric acid),Acids,,
,MANGIFERA SPECIES,Fruits,(E)-2-butenoic acid,Acids,,
,MANGIFERA SPECIES,Fruits,2-methylbutanoic acid,Acids,,
,MANGIFERA SPECIES,Fruits,(S)-2-methylbutanoic acid,Acids,0.08,0.08
,MANGIFERA SPECIES,Fruits,3-methylbutanoic acid (=isovaleric acid),Acids,,
,MANGIFERA SPECIES,Fruits,(E)-2-methyl-2-butenoic acid (=tiglic acid),Acids,,
,MANGIFERA SPECIES,Fruits,3-hydroxybutanoic acid,Acids,,
,MANGIFERA SPECIES,Fruits,pentanoic acid (=valeric acid),Acids,,
,MANGIFERA SPECIES,Fruits,2-methylpentanoic acid,Acids,,
,MANGIFERA SPECIES,Fruits,4-methylpentanoic acid (=isocaproic acid),Acids,,
,MANGIFERA SPECIES,Fruits,hexanoic acid (=caproic acid),Acids,,
,MANGIFERA SPECIES,Fruits,5-methylhexanoic acid,Acids,,
,MANGIFERA SPECIES,Fruits,2-ethylhexanoic acid,Acids,0,0.023
,MANGIFERA SPECIES,Fruits,3-hydroxyhexanoic acid,Acids,,
,MANGIFERA SPECIES,Fruits,heptanoic acid (=enanthic acid),Acids,,
,MANGIFERA SPECIES,Fruits,3-hydroxyheptanoic acid,Acids,,
,MANGIFERA SPECIES,Fruits,octanoic acid (=caprylic acid),Acids,0,0.026
,MANGIFERA SPECIES,Fruits,3-hydroxyoctanoic acid,Acids,1.1,1.1
,MANGIFERA SPECIES,Fruits,nonanoic acid (=pelargonic acid),Acids,,
,MANGIFERA SPECIES,Fruits,3-hydroxynonanoic acid,Acids,,
,MANGIFERA SPECIES,Fruits,decanoic acid (=capric acid),Acids,0,0.027
,MANGIFERA SPECIES,Fruits,3-hydroxydecanoic acid,Acids,,
,MANGIFERA SPECIES,Fruits,9-oxodecanoic acid,Acids,,
,MANGIFERA SPECIES,Fruits,(Z)-5-hydroxy-7-decenoic acid,Acids,2,2
,MANGIFERA SPECIES,Fruits,(E)-5-hydroxy-7-decenoic acid,Acids,,
,MANGIFERA SPECIES,Fruits,undecanoic acid,Acids,,
,MANGIFERA SPECIES,Fruits,dodecanoic acid (=lauric acid),Acids,0,1.4
,MANGIFERA SPECIES,Fruits,3-hydroxydodecanoic acid,Acids,,
,MANGIFERA SPECIES,Fruits,tridecanoic acid,Acids,,
,MANGIFERA SPECIES,Fruits,tetradecanoic acid (=myristic acid),Acids,0.09,4
,MANGIFERA SPECIES,Fruits,pentadecanoic acid,Acids,,
,MANGIFERA SPECIES,Fruits,hexadecanoic acid (=palmitic acid),Acids,<0.1,5.472
,MANGIFERA SPECIES,Fruits,9-hexadecenoic acid,Acids,8,8
,MANGIFERA SPECIES,Fruits,(Z)-9-hexadecenoic acid (=palmitoleic acid),Acids,,
,MANGIFERA SPECIES,Fruits,heptadecanoic acid (=margaric acid),Acids,,
,MANGIFERA SPECIES,Fruits,octadecanoic acid (=stearic acid),Acids,,
,MANGIFERA SPECIES,Fruits,(Z)-9-octadecenoic acid (=oleic acid),Acids,,
,MANGIFERA SPECIES,Fruits,benzoic acid,Acids,,
,MANGIFERA SPECIES,Fruits,4-hydroxy-3-methoxybenzoic acid (=vanillic acid),Acids,,
,MANGIFERA SPECIES,Fruits,"3,4-dimethoxybenzoic acid (=veratric acid)",Acids,,
,MANGIFERA SPECIES,Fruits,"4-hydroxy-3,5-dimethoxybenzoic acid (=syringic acid)",Acids,0,0.096
,MANGIFERA SPECIES,Fruits,phenylacetic acid,Acids,,
,MANGIFERA SPECIES,Fruits,3-phenylpropanoic acid (=hydrocinnamic acid),Acids,,
,MANGIFERA SPECIES,Fruits,(E)-cinnamic acid,Acids,,
,MANGIFERA SPECIES,Fruits,(E)-4-methoxycinnamic acid,Acids,,
,MANGIFERA SPECIES,Fruits,diethyl carbonate,Esters,,
,MANGIFERA SPECIES,Fruits,butyl formate,Esters,trace,trace
,MANGIFERA SPECIES,Fruits,isopentyl formate,Esters,0.01,0.05
,MANGIFERA SPECIES,Fruits,(Z)-3-hexenyl formate,Esters,<0.01,<0.01
,MANGIFERA SPECIES,Fruits,ethyl acetate,Esters,trace,4.96
,MANGIFERA SPECIES,Fruits,butyl acetate,Esters,0.01,0.1
,MANGIFERA SPECIES,Fruits,isobutyl acetate (=2-methylpropyl acetate),Esters,<0.01,0.155
,MANGIFERA SPECIES,Fruits,2-methylbutyl acetate,Esters,<0.01,<0.01
,MANGIFERA SPECIES,Fruits,"isopentyl acetate (=3-methylbutyl acetate, isoamyl acetate)",Esters,0,0.05
,MANGIFERA SPECIES,Fruits,hexyl acetate,Esters,0,0.2
,MANGIFERA SPECIES,Fruits,(E)-2-hexenyl acetate,Esters,0,0.03
,MANGIFERA SPECIES,Fruits,3-hexenyl acetate,Esters,,
,MANGIFERA SPECIES,Fruits,(Z)-3-hexenyl acetate,Esters,0,0.7
,MANGIFERA SPECIES,Fruits,(E)-3-hexenyl acetate,Esters,0,0.005
,MANGIFERA SPECIES,Fruits,hexadecyl acetate,Esters,0.17,0.17
,MANGIFERA SPECIES,Fruits,citronellyl acetate,Esters,,
,MANGIFERA SPECIES,Fruits,geranyl acetate,Esters,<0.01,<0.01
,MANGIFERA SPECIES,Fruits,neryl acetate,Esters,,
,MANGIFERA SPECIES,Fruits,linalyl acetate,Esters,<0.01,0.1
,MANGIFERA SPECIES,Fruits,benzyl acetate,Esters,,
,MANGIFERA SPECIES,Fruits,phenethyl acetate,Esters,0,0.25
,MANGIFERA SPECIES,Fruits,menthyl acetate,Esters,<0.01,<0.01
,MANGIFERA SPECIES,Fruits,bornyl acetate,Esters,,
,MANGIFERA SPECIES,Fruits,ethyl propanoate,Esters,0.04,0.04
,MANGIFERA SPECIES,Fruits,(Z)-3-hexenyl propanoate,Esters,0,0.01
,MANGIFERA SPECIES,Fruits,phenethyl propanoate,Esters,,
,MANGIFERA SPECIES,Fruits,isopropyl 2-propenoate,Esters,,
,MANGIFERA SPECIES,Fruits,ethyl 2-methylpropanoate (=ethyl isobutyrate),Esters,0,0.15
,MANGIFERA SPECIES,Fruits,isobutyl 2-methylpropanoate (=isobutyl isobutyrate),Esters,,
,MANGIFERA SPECIES,Fruits,2-methylbutyl 2-methylpropanoate (=2-methylbutyl isobutyrate),Esters,,
,MANGIFERA SPECIES,Fruits,linalyl 2-methylpropanoate (=linalyl isobutyrate),Esters,<0.01,<0.01
,MANGIFERA SPECIES,Fruits,methyl 2-methyl-2-propenoate (=methyl methacrylate),Esters,,
,MANGIFERA SPECIES,Fruits,ethyl 2-methyl-2-propenoate (=ethyl methacrylate),Esters,,
,MANGIFERA SPECIES,Fruits,butyl 2-methyl-2-propenoate (=butyl methacrylate),Esters,<0.01,<0.01
,MANGIFERA SPECIES,Fruits,methyl 2-oxopropanoate (=methyl pyruvate),Esters,,
,MANGIFERA SPECIES,Fruits,methyl butanoate,Esters,0,0.59
,MANGIFERA SPECIES,Fruits,ethyl butanoate,Esters,trace,8.5
,MANGIFERA SPECIES,Fruits,propyl butanoate,Esters,,
,MANGIFERA SPECIES,Fruits,butyl butanoate,Esters,0,0.04
,MANGIFERA SPECIES,Fruits,isobutyl butanoate,Esters,0.005,0.05
,MANGIFERA SPECIES,Fruits,pentyl butanoate,Esters,,
,MANGIFERA SPECIES,Fruits,"isopentyl butanoate (=3-methylbutyl butanoate, isoamyl butyrate)",Esters,0,0.055
,MANGIFERA SPECIES,Fruits,hexyl butanoate,Esters,0,0.01
,MANGIFERA SPECIES,Fruits,3-hexenyl butanoate,Esters,,
,MANGIFERA SPECIES,Fruits,(Z)-3-hexenyl butanoate,Esters,0,0.03
,MANGIFERA SPECIES,Fruits,(E)-3-hexenyl butanoate,Esters,,
,MANGIFERA SPECIES,Fruits,geranyl butanoate,Esters,<0.01,<0.01
,MANGIFERA SPECIES,Fruits,neryl butanoate,Esters,,
,MANGIFERA SPECIES,Fruits,phenethyl butanoate,Esters,<0.01,<0.01
,MANGIFERA SPECIES,Fruits,α-terpinyl butanoate,Esters,<0.01,<0.01
,MANGIFERA SPECIES,Fruits,terpinyl butanoate (unkn.str.),Esters,,
,MANGIFERA SPECIES,Fruits,methyl 2-butenoate (=methyl crotonate),Esters,,
,MANGIFERA SPECIES,Fruits,methyl (E)-2-butenoate (=methyl (E)-crotonate),Esters,,
,MANGIFERA SPECIES,Fruits,ethyl 2-butenoate (=ethyl crotonate),Esters,0.61,0.61
,MANGIFERA SPECIES,Fruits,ethyl (Z)-2-butenoate (=ethyl (Z)-crotonate),Esters,,
,MANGIFERA SPECIES,Fruits,ethyl (E)-2-butenoate (=ethyl (E)-crotonate),Esters,,
,MANGIFERA SPECIES,Fruits,butyl (E)-2-butenoate (=butyl (E)-crotonate),Esters,,
,MANGIFERA SPECIES,Fruits,isobutyl 2-butenoate (=isobutyl crotonate),Esters,<0.01,<0.01
,MANGIFERA SPECIES,Fruits,3-hexenyl (Z)-2-butenoate (=3-hexenyl (Z)-crotonate),Esters,<0.01,<0.01
,MANGIFERA SPECIES,Fruits,3-hexenyl (E)-2-butenoate (=3-hexenyl (E)-crotonate),Esters,,
,MANGIFERA SPECIES,Fruits,(Z)-3-hexenyl (E)-2-butenoate,Esters,0,0.04
,MANGIFERA SPECIES,Fruits,ethyl 3-butenoate,Esters,,
,MANGIFERA SPECIES,Fruits,butyl 3-butenoate,Esters,,
,MANGIFERA SPECIES,Fruits,ethyl butenoate (unkn.str.),Esters,0,0.2
,MANGIFERA SPECIES,Fruits,vinyl butenoate (unkn.str.),Esters,0,0.003
,MANGIFERA SPECIES,Fruits,(Z)-3-hexenyl butenoate (unkn.str.),Esters,0,0.04
,MANGIFERA SPECIES,Fruits,phenethyl butenoate (unkn.str.),Esters,0,0.01
,MANGIFERA SPECIES,Fruits,ethyl 2-methylbutanoate,Esters,<0.01,0.59
,MANGIFERA SPECIES,Fruits,methyl 3-methylbutanoate (=methyl isovalerate),Esters,,
,MANGIFERA SPECIES,Fruits,ethyl 3-methylbutanoate (=ethyl isovalerate),Esters,0,0.01
,MANGIFERA SPECIES,Fruits,propyl 3-methylbutanoate (=propyl isovalerate),Esters,,
,MANGIFERA SPECIES,Fruits,isobutyl 3-methylbutanoate (=isobutyl isovalerate),Esters,,
,MANGIFERA SPECIES,Fruits,"isopentyl 3-methylbutanoate (=3-methylbutyl 3-methylbutanoate, isoamyl isovalerate)",Esters,,
,MANGIFERA SPECIES,Fruits,phenethyl 3-methylbutanoate (=phenethyl isovalerate),Esters,,
,MANGIFERA SPECIES,Fruits,methyl (E)-2-methyl-2-butenoate (=methyl tiglate),Esters,,
,MANGIFERA SPECIES,Fruits,ethyl 2-methyl-2-butenoate,Esters,<0.01,<0.01
,MANGIFERA SPECIES,Fruits,ethyl (E)-2-methyl-2-butenoate (=ethyl tiglate),Esters,,
,MANGIFERA SPECIES,Fruits,butyl 2-methyl-2-butenoate,Esters,<0.01,<0.01
,MANGIFERA SPECIES,Fruits,butyl (E)-2-methyl-2-butenoate (=butyl tiglate),Esters,,
,MANGIFERA SPECIES,Fruits,ethyl 3-methyl-2-butenoate (=ethyl senecioate),Esters,,
,MANGIFERA SPECIES,Fruits,methyl 3-hydroxybutanoate,Esters,,
,MANGIFERA SPECIES,Fruits,ethyl 3-hydroxybutanoate,Esters,0.05,1.5
,MANGIFERA SPECIES,Fruits,butyl 3-hydroxybutanoate,Esters,0,0.03
,MANGIFERA SPECIES,Fruits,isobutyl 3-hydroxybutanoate,Esters,0,0.05
,MANGIFERA SPECIES,Fruits,isopentyl 3-hydroxybutanoate,Esters,0,0.105
,MANGIFERA SPECIES,Fruits,(Z)-3-hexenyl 3-hydroxybutanoate,Esters,0,0.02
,MANGIFERA SPECIES,Fruits,ethyl 2-hydroxy-3-methylbutanoate,Esters,,
,MANGIFERA SPECIES,Fruits,methyl 3-hydroxy-3-methylbutanoate,Esters,,
,MANGIFERA SPECIES,Fruits,ethyl 3-hydroxy-3-methylbutanoate,Esters,,
,MANGIFERA SPECIES,Fruits,ethyl pentanoate,Esters,,
,MANGIFERA SPECIES,Fruits,butyl pentanoate,Esters,,
,MANGIFERA SPECIES,Fruits,3-hexenyl pentanoate,Esters,,
,MANGIFERA SPECIES,Fruits,(Z)-3-hexenyl pentanoate,Esters,0,0.002
,MANGIFERA SPECIES,Fruits,(Z)-3-hexenyl pentenoate (unkn.str.),Esters,0,0.02
,MANGIFERA SPECIES,Fruits,methyl hexanoate,Esters,0,0.0008
,MANGIFERA SPECIES,Fruits,ethyl hexanoate (=ethyl caproate),Esters,0,6.2
,MANGIFERA SPECIES,Fruits,propyl hexanoate,Esters,,
,MANGIFERA SPECIES,Fruits,butyl hexanoate,Esters,0,0.02
,MANGIFERA SPECIES,Fruits,isobutyl hexanoate,Esters,,
,MANGIFERA SPECIES,Fruits,isopentyl hexanoate,Esters,,
,MANGIFERA SPECIES,Fruits,(Z)-3-hexenyl hexanoate,Esters,0,0.01
,MANGIFERA SPECIES,Fruits,ethyl 2-hexenoate,Esters,,
,MANGIFERA SPECIES,Fruits,ethyl (E)-2-hexenoate,Esters,,
,MANGIFERA SPECIES,Fruits,(Z)-3-hexenyl (E)-2-hexenoate,Esters,0,0.01
,MANGIFERA SPECIES,Fruits,ethyl (Z)-3-hexenoate,Esters,,
,MANGIFERA SPECIES,Fruits,ethyl (E)-3-hexenoate,Esters,,
,MANGIFERA SPECIES,Fruits,"ethyl 2,4-hexadienoate",Esters,,
,MANGIFERA SPECIES,Fruits,"ethyl (E,E)-2,4-hexadienoate (=ethyl sorbate)",Esters,,
,MANGIFERA SPECIES,Fruits,ethyl 3-hydroxyhexanoate,Esters,0,0.05
,MANGIFERA SPECIES,Fruits,ethyl octanoate (=ethyl caprylate),Esters,0,7.4
,MANGIFERA SPECIES,Fruits,isopentyl octanoate,Esters,,
,MANGIFERA SPECIES,Fruits,ethyl (Z)-4-octenoate,Esters,0.4,0.4
,MANGIFERA SPECIES,Fruits,ethyl 3-hydroxyoctanoate,Esters,,
,MANGIFERA SPECIES,Fruits,ethyl decanoate (=ethyl caprate),Esters,0,2
,MANGIFERA SPECIES,Fruits,ethyl (Z)-4-decenoate,Esters,0.4,0.4
,MANGIFERA SPECIES,Fruits,ethyl dodecanoate (=ethyl laurate),Esters,trace,2.4
,MANGIFERA SPECIES,Fruits,ethyl tetradecanoate (=ethyl myristate),Esters,trace,4.6
,MANGIFERA SPECIES,Fruits,methyl 14-methylpentadecanoate,Esters,0.4,0.4
,MANGIFERA SPECIES,Fruits,ethyl hexadecanoate (=ethyl palmitate),Esters,trace,5
,MANGIFERA SPECIES,Fruits,ethyl 7-hexadecenoate,Esters,1,1
,MANGIFERA SPECIES,Fruits,ethyl 9-hexadecenoate,Esters,0.6,0.6
,MANGIFERA SPECIES,Fruits,ethyl (Z)-9-hexadecenoate (=ethyl palmitoleate),Esters,<0.1,<0.1
,MANGIFERA SPECIES,Fruits,"ethyl (Z,Z)-9,12-octadecadienoate (=ethyl linoleate)",Esters,<0.1,<0.1
,MANGIFERA SPECIES,Fruits,"ethyl (Z,Z,Z)-6,9,12-octadecatrienoate",Esters,<0.1,<0.1
,MANGIFERA SPECIES,Fruits,diethyl succinate (=diethyl butanedioate),Esters,,
,MANGIFERA SPECIES,Fruits,methyl benzoate,Esters,<0.01,<0.01
,MANGIFERA SPECIES,Fruits,ethyl benzoate,Esters,,
,MANGIFERA SPECIES,Fruits,ethyl phenylacetate,Esters,<0.01,<0.01
,MANGIFERA SPECIES,Fruits,"4-hydroxybutanoic acid lactone (=dihydro-2(3H)-furanone, 4-butanolide, γ-butyrolactone)",Lactones,0.05,0.05
,MANGIFERA SPECIES,Fruits,4-hydroxy-2-methylbutanoic acid lactone (=3-methyl-tetrahydrofuran-2-one),Lactones,,
,MANGIFERA SPECIES,Fruits,4-hydroxy-3-methylbutanoic acid lactone,Lactones,,
,MANGIFERA SPECIES,Fruits,"4-hydroxypentanoic acid lactone (=γ-valerolactone, 4-pentanolide)",Lactones,0.02,0.02
,MANGIFERA SPECIES,Fruits,"4-hydroxyhexanoic acid lactone (=γ-hexalactone, γ-caprolactone, 4-hexanolide)",Lactones,0,0.245
,MANGIFERA SPECIES,Fruits,"5-hydroxyhexanoic acid lactone (=δ-caprolactone, δ-hexalactone)",Lactones,0,0.084
,MANGIFERA SPECIES,Fruits,"4-hydroxyheptanoic acid lactone (=4-heptanolide, γ-heptalactone)",Lactones,,
,MANGIFERA SPECIES,Fruits,"4-hydroxyoctanoic acid lactone (=4-octanolide, γ-octalactone, 5-butyldihydro-2(3H)-furanone)",Lactones,0,0.5
,MANGIFERA SPECIES,Fruits,"5-hydroxyoctanoic acid lactone (=5-octanolide, δ-octalactone)",Lactones,0.03,0.5
,MANGIFERA SPECIES,Fruits,"4-hydroxynonanoic acid lactone (=4-nonanolide, γ-nonalactone)",Lactones,0.005,0.04
,MANGIFERA SPECIES,Fruits,"5-hydroxynonanoic acid lactone (=5-nonanolide, δ-nonalactone)",Lactones,0,0.054
,MANGIFERA SPECIES,Fruits,"4-hydroxydecanoic acid lactone (=4-decanolide, γ-decalactone)",Lactones,0.04,0.3
,MANGIFERA SPECIES,Fruits,"5-hydroxydecanoic acid lactone (=5-decanolide, δ-decalactone)",Lactones,0,0.04
,MANGIFERA SPECIES,Fruits,"(Z)-5-hydroxy-7-decenoic acid lactone (=δ-jasmolactone, (Z)-jasmin lactone)",Lactones,,
,MANGIFERA SPECIES,Fruits,(S)-(+)-δ-jasmin lactone,Lactones,,
,MANGIFERA SPECIES,Fruits,(R)-(-)-δ-jasmin lactone,Lactones,,
,MANGIFERA SPECIES,Fruits,"4-hydroxydodecanoic acid lactone (=4-dodecanolide, γ-dodecalactone)",Lactones,0.03,0.03
,MANGIFERA SPECIES,Fruits,dihydroactinidiolide,Lactones,,
,MANGIFERA SPECIES,Fruits,2-acetylpyrrole (=methyl 2-pyrrolyl ketone),Bases,,
,MANGIFERA SPECIES,Fruits,pyridine,Bases,0.025,0.1
,MANGIFERA SPECIES,Fruits,ethyl nicotinate,Bases,,
,MANGIFERA SPECIES,Fruits,"dimethyl sulfide (=thiobismethane, methylthiomethane, methyl sulfide)",Sulfur compounds,trace,0.27
,MANGIFERA SPECIES,Fruits,dimethyl disulfide (=methyldithiomethane),Sulfur compounds,,
,MANGIFERA SPECIES,Fruits,3-(methylthio)-1-propanol (=methionol),Sulfur compounds,,
,MANGIFERA SPECIES,Fruits,(methylthio)phenylacetaldehyde (unkn.str.),Sulfur compounds,0,0.01
,MANGIFERA SPECIES,Fruits,ethyl (methylthio)acetate,Sulfur compounds,,
,MANGIFERA SPECIES,Fruits,ethyl 3-(methylthio)propanoate,Sulfur compounds,,
,MANGIFERA SPECIES,Fruits,benzothiazole,Sulfur compounds,0,0.01
,MANGIFERA SPECIES,Fruits,"1,1-diethoxyethane (=acetal, acetaldehyde diethyl acetal)",Acetals,0.01,0.01
,MANGIFERA SPECIES,Fruits,"1,4-cineole",Ethers,,
,MANGIFERA SPECIES,Fruits,"1,8-cineole (=eucalyptol)",Ethers,,
,MANGIFERA SPECIES,Fruits,"karahana ether (=8,8-dimethyl-2-methylene-6-oxabicyclo- [3.2.1]octane)",Ethers,,
,MANGIFERA SPECIES,Fruits,diethylene glycol monoethyl ether (=carbitol),Ethers,0.1,0.1
,MANGIFERA SPECIES,Fruits,trichloromethane (=chloroform),Halogens,,
,MANGIFERA SPECIES,Fruits,"1,1,2-trichloroethene (=trichloroethylene)",Halogens,0.0004,0.0004
,MANGIFERA SPECIES,Fruits,trichloropropane (unkn.str.),Halogens,0.1,0.1
,MANGIFERA SPECIES,Fruits,"phenylacetonitrile (=benzyl cyanide, benzeneacetonitrile)",Nitriles and amides,0,0.001
,MANGIFERA SPECIES,Fruits,phenol (=hydroxybenzene),Phenols,,
,MANGIFERA SPECIES,Fruits,2-methylphenol (=o-cresol),Phenols,,
,MANGIFERA SPECIES,Fruits,3-methylphenol (=m-cresol),Phenols,0.4,0.4
,MANGIFERA SPECIES,Fruits,4-methylphenol (=p-cresol),Phenols,1.2,1.2
,MANGIFERA SPECIES,Fruits,4-vinylphenol,Phenols,0,0.01
,MANGIFERA SPECIES,Fruits,thymol (=2-isopropyl-5-methylphenol),Phenols,<0.1,<0.1
,MANGIFERA SPECIES,Fruits,carvacrol (=5-isopropyl-2-methylphenol),Phenols,<0.1,<0.1
,MANGIFERA SPECIES,Fruits,"2,6-di-tert-butyl-4-ethylphenol",Phenols,0.01,0.01
,MANGIFERA SPECIES,Fruits,2-methoxyphenol (=guaiacol),Phenols,0,0.018
,MANGIFERA SPECIES,Fruits,"2-methoxy-4-methylphenol (=4-methylguaiacol, creosol)",Phenols,0,0.016
,MANGIFERA SPECIES,Fruits,4-ethyl-2-methoxyphenol (=4-ethylguaiacol),Phenols,,
,MANGIFERA SPECIES,Fruits,2-methoxy-4-vinylphenol (=4-vinylguaiacol),Phenols,0,0.127
,MANGIFERA SPECIES,Fruits,eugenol (=4-allyl-2-methoxyphenol),Phenols,0,0.034
,MANGIFERA SPECIES,Fruits,"linalool oxide B (cis, 5-ring)",Furans,0.1,0.1
,MANGIFERA SPECIES,Fruits,"linalool oxide A (trans, 5-ring)",Furans,0.02,0.02
,MANGIFERA SPECIES,Fruits,2-pentylfuran,Furans,,
,MANGIFERA SPECIES,Fruits,"furfural (=2-formylfuran, 2-furancarbaldehyde, 2-furaldehyde)",Furans,0,0.415
,MANGIFERA SPECIES,Fruits,"3-furancarbaldehyde (=3-formylfuran, 3-furaldehyde)",Furans,,
,MANGIFERA SPECIES,Fruits,methylfurfural (unkn.str.),Furans,,
,MANGIFERA SPECIES,Fruits,5-methylfurfural,Furans,trace,0.1
,MANGIFERA SPECIES,Fruits,"2,5-dimethyl-3(2H)-furanone",Furans,,
,MANGIFERA SPECIES,Fruits,"4-hydroxy-2,5-dimethyl-3(2H)-furanone (=furaneol)",Furans,0.4,0.4
,MANGIFERA SPECIES,Fruits,"4-methoxy-2,5-dimethyl-3(2H)-furanone (=mesifurane)",Furans,0.024,4.095
,MANGIFERA SPECIES,Fruits,"2-acetylfuran (=2-furyl methyl ketone, 1-(2-furyl)ethanone)",Furans,trace,trace
,MANGIFERA SPECIES,Fruits,acetylfuran (unkn.str.),Furans,0,0.03
,MANGIFERA SPECIES,Fruits,tetrahydrofurfuryl alcohol,Furans,,
,MANGIFERA SPECIES,Fruits,"furfuryl alcohol (=(2-furyl)-methanol, 2-furanmethanol)",Furans,,
,MANGIFERA SPECIES,Fruits,2-furancarboxylic acid (=2-furoic acid),Furans,,
,MANGIFERA SPECIES,Fruits,ethyl 2-furancarboxylate (=ethyl 2-furoate),Furans,,
,MANGIFERA SPECIES,Fruits,humulene epoxide I,"(Ep)oxides, pyrans, coumarins",0.01,0.02
,MANGIFERA SPECIES,Fruits,humulene epoxide II,"(Ep)oxides, pyrans, coumarins",0.002,0.08
,MANGIFERA SPECIES,Fruits,humulene epoxide (unkn.str.),"(Ep)oxides, pyrans, coumarins",4.2,21.9
,MANGIFERA SPECIES,Fruits,β-caryophyllene oxide,"(Ep)oxides, pyrans, coumarins",0.01,43.5
,MANGIFERA SPECIES,Fruits,isocaryophyllene oxide,"(Ep)oxides, pyrans, coumarins",1.2,1.2
,MANGIFERA SPECIES,Fruits,"linalool oxide D (cis, 6-ring)","(Ep)oxides, pyrans, coumarins",,
,MANGIFERA SPECIES,Fruits,"linalool oxide C (trans, 6-ring)","(Ep)oxides, pyrans, coumarins",,
,MANGIFERA SPECIES,Fruits,cis-linalool oxide (unkn.str.),"(Ep)oxides, pyrans, coumarins",0.01,0.1
,MANGIFERA SPECIES,Fruits,trans-linalool oxide (unkn.str.),"(Ep)oxides, pyrans, coumarins",trace,0.1
MANGO (fresh pulp) (Mangifera indica L.),MANGIFERA SPECIES,Fruits,"2,4-hexadiene",Hydrocarbons,,
MANGO (fresh pulp) (Mangifera indica L.),MANGIFERA SPECIES,Fruits,heptane,Hydrocarbons,,
MANGO (fresh pulp) (Mangifera indica L.),MANGIFERA SPECIES,Fruits,octane,Hydrocarbons,0.0001,0.0001
MANGO (fresh pulp) (Mangifera indica L.),MANGIFERA SPECIES,Fruits,octane (branched),Hydrocarbons,,
MANGO (fresh pulp) (Mangifera indica L.),MANGIFERA SPECIES,Fruits,undecane,Hydrocarbons,,
MANGO (fresh pulp) (Mangifera indica L.),MANGIFERA SPECIES,Fruits,"(E,Z,Z)-1,3,5,8-undecatetraene",Hydrocarbons,,
MANGO (fresh pulp) (Mangifera indica L.),MANGIFERA SPECIES,Fruits,dodecane,Hydrocarbons,,
MANGO (fresh pulp) (Mangifera indica L.),MANGIFERA SPECIES,Fruits,tridecane,Hydrocarbons,,
MANGO (fresh pulp) (Mangifera indica L.),MANGIFERA SPECIES,Fruits,tetradecane,Hydrocarbons,trace,0.3
MANGO (fresh pulp) (Mangifera indica L.),MANGIFERA SPECIES,Fruits,pentadecane,Hydrocarbons,0.4,0.4
MANGO (fresh pulp) (Mangifera indica L.),MANGIFERA SPECIES,Fruits,hexadecane,Hydrocarbons,0,0.4
MANGO (fresh pulp) (Mangifera indica L.),MANGIFERA SPECIES,Fruits,heptadecane,Hydrocarbons,0,0.007
MANGO (fresh pulp) (Mangifera indica L.),MANGIFERA SPECIES,Fruits,octadecane,Hydrocarbons,0,0.6
MANGO (fresh pulp) (Mangifera indica L.),MANGIFERA SPECIES,Fruits,nonadecane,Hydrocarbons,0,0.008
MANGO (fresh pulp) (Mangifera indica L.),MANGIFERA SPECIES,Fruits,eicosane,Hydrocarbons,0,0.2
MANGO (fresh pulp) (Mangifera indica L.),MANGIFERA SPECIES,Fruits,heneicosane,Hydrocarbons,,
MANGO (fresh pulp) (Mangifera indica L.),MANGIFERA SPECIES,Fruits,docosane,Hydrocarbons,,
MANGO (fresh pulp) (Mangifera indica L.),MANGIFERA SPECIES,Fruits,tricosane,Hydrocarbons,,
MANGO (fresh pulp) (Mangifera indica L.),MANGIFERA SPECIES,Fruits,α-hymentherene,Hydrocarbons,,
MANGO (fresh pulp) (Mangifera indica L.),MANGIFERA SPECIES,Fruits,β-ocimene,Hydrocarbons,0.04,0.04
MANGO (fresh pulp) (Mangifera indica L.),MANGIFERA SPECIES,Fruits,(Z)-β-ocimene,Hydrocarbons,0.004,7.5
MANGO (fresh pulp) (Mangifera indica L.),MANGIFERA SPECIES,Fruits,(E)-β-ocimene,Hydrocarbons,0,1.5
MANGO (fresh pulp) (Mangifera indica L.),MANGIFERA SPECIES,Fruits,allo-ocimene,Hydrocarbons,0.003,0.45
MANGO (fresh pulp) (Mangifera indica L.),MANGIFERA SPECIES,Fruits,"(4Z,6Z)-allo-ocimene (=(Z,Z)-alloocimene)",Hydrocarbons,,
MANGO (fresh pulp) (Mangifera indica L.),MANGIFERA SPECIES,Fruits,β-myrcene (=myrcene),Hydrocarbons,0.006,18
MANGO (fresh pulp) (Mangifera indica L.),MANGIFERA SPECIES,Fruits,cyclohexane,Hydrocarbons,trace,trace
MANGO (fresh pulp) (Mangifera indica L.),MANGIFERA SPECIES,Fruits,methylcyclohexane,Hydrocarbons,trace,0.001
MANGO (fresh pulp) (Mangifera indica L.),MANGIFERA SPECIES,Fruits,ethylcyclohexane,Hydrocarbons,,
MANGO (fresh pulp) (Mangifera indica L.),MANGIFERA SPECIES,Fruits,dimethylcyclohexane (unkn.str.),Hydrocarbons,trace,trace
MANGO (fresh pulp) (Mangifera indica L.),MANGIFERA SPECIES,Fruits,α-phellandrene,Hydrocarbons,0.055,1
MANGO (fresh pulp) (Mangifera indica L.),MANGIFERA SPECIES,Fruits,β-phellandrene,Hydrocarbons,0.002,0.4
MANGO (fresh pulp) (Mangifera indica L.),MANGIFERA SPECIES,Fruits,α-terpinene,Hydrocarbons,0,0.42
MANGO (fresh pulp) (Mangifera indica L.),MANGIFERA SPECIES,Fruits,γ-terpinene,Hydrocarbons,0.005,0.1
MANGO (fresh pulp) (Mangifera indica L.),MANGIFERA SPECIES,Fruits,terpinolene,Hydrocarbons,trace,11.2
MANGO (fresh pulp) (Mangifera indica L.),MANGIFERA SPECIES,Fruits,limonene,Hydrocarbons,0.004,40
MANGO (fresh pulp) (Mangifera indica L.),MANGIFERA SPECIES,Fruits,β-elemene,Hydrocarbons,0,0.04
MANGO (fresh pulp) (Mangifera indica L.),MANGIFERA SPECIES,Fruits,germacrene D,Hydrocarbons,0,2.1
MANGO (fresh pulp) (Mangifera indica L.),MANGIFERA SPECIES,Fruits,α-humulene (=humulene),Hydrocarbons,trace,2.7
MANGO (fresh pulp) (Mangifera indica L.),MANGIFERA SPECIES,Fruits,α-pinene,Hydrocarbons,0.002,79.8
MANGO (fresh pulp) (Mangifera indica L.),MANGIFERA SPECIES,Fruits,β-pinene,Hydrocarbons,0,6.3
MANGO (fresh pulp) (Mangifera indica L.),MANGIFERA SPECIES,Fruits,camphene,Hydrocarbons,0,0.7
MANGO (fresh pulp) (Mangifera indica L.),MANGIFERA SPECIES,Fruits,α-fenchene,Hydrocarbons,0,0.4
MANGO (fresh pulp) (Mangifera indica L.),MANGIFERA SPECIES,Fruits,α-thujene,Hydrocarbons,0.34,0.34
MANGO (fresh pulp) (Mangifera indica L.),MANGIFERA SPECIES,Fruits,thujene (unkn.str.),Hydrocarbons,,
MANGO (fresh pulp) (Mangifera indica L.),MANGIFERA SPECIES,Fruits,sabinene (=4(10)-thujene),Hydrocarbons,0,0.4
MANGO (fresh pulp) (Mangifera indica L.),MANGIFERA SPECIES,Fruits,"dehydrosabinene (=thuja-2,4(10)-diene)",Hydrocarbons,0.2,0.2
MANGO (fresh pulp) (Mangifera indica L.),MANGIFERA SPECIES,Fruits,2-carene,Hydrocarbons,0.13,1.8
MANGO (fresh pulp) (Mangifera indica L.),MANGIFERA SPECIES,Fruits,3-carene,Hydrocarbons,0,123.4
MANGO (fresh pulp) (Mangifera indica L.),MANGIFERA SPECIES,Fruits,α-bergamotene,Hydrocarbons,,
MANGO (fresh pulp) (Mangifera indica L.),MANGIFERA SPECIES,Fruits,α-cadinene,Hydrocarbons,0.26,0.26
MANGO (fresh pulp) (Mangifera indica L.),MANGIFERA SPECIES,Fruits,γ-cadinene,Hydrocarbons,0,0.15
MANGO (fresh pulp) (Mangifera indica L.),MANGIFERA SPECIES,Fruits,δ-cadinene,Hydrocarbons,0,0.15
MANGO (fresh pulp) (Mangifera indica L.),MANGIFERA SPECIES,Fruits,cubenene,Hydrocarbons,0.09,0.09
MANGO (fresh pulp) (Mangifera indica L.),MANGIFERA SPECIES,Fruits,α-muurolene,Hydrocarbons,0,0.1
MANGO (fresh pulp) (Mangifera indica L.),MANGIFERA SPECIES,Fruits,"α-selinene (=5β,7α,10α-selina-3,11-diene)",Hydrocarbons,0,1.2
MANGO (fresh pulp) (Mangifera indica L.),MANGIFERA SPECIES,Fruits,"β-selinene (=4(14),11-selinadiene)",Hydrocarbons,0,6.4
MANGO (fresh pulp) (Mangifera indica L.),MANGIFERA SPECIES,Fruits,valencene,Hydrocarbons,0.0001,0.4
MANGO (fresh pulp) (Mangifera indica L.),MANGIFERA SPECIES,Fruits,eremophilene,Hydrocarbons,,
MANGO (fresh pulp) (Mangifera indica L.),MANGIFERA SPECIES,Fruits,α-guaiene,Hydrocarbons,1.5,1.5
MANGO (fresh pulp) (Mangifera indica L.),MANGIFERA SPECIES,Fruits,β-guaiene (=guaiene),Hydrocarbons,,
MANGO (fresh pulp) (Mangifera indica L.),MANGIFERA SPECIES,Fruits,δ-guaiene (=α-bulnesene),Hydrocarbons,1.8,1.8
MANGO (fresh pulp) (Mangifera indica L.),MANGIFERA SPECIES,Fruits,bicyclogermacrene,Hydrocarbons,0,0.2
MANGO (fresh pulp) (Mangifera indica L.),MANGIFERA SPECIES,Fruits,β-caryophyllene,Hydrocarbons,0.0003,4.2
MANGO (fresh pulp) (Mangifera indica L.),MANGIFERA SPECIES,Fruits,α-copaene (=copaene),Hydrocarbons,trace,4.2
MANGO (fresh pulp) (Mangifera indica L.),MANGIFERA SPECIES,Fruits,aromadendrene,Hydrocarbons,0.02,0.02
MANGO (fresh pulp) (Mangifera indica L.),MANGIFERA SPECIES,Fruits,alloaromadendrene,Hydrocarbons,<0.1,0.4
MANGO (fresh pulp) (Mangifera indica L.),MANGIFERA SPECIES,Fruits,α-gurjunene,Hydrocarbons,0,0.5
MANGO (fresh pulp) (Mangifera indica L.),MANGIFERA SPECIES,Fruits,γ-gurjunene,Hydrocarbons,0.6,0.6
MANGO (fresh pulp) (Mangifera indica L.),MANGIFERA SPECIES,Fruits,isolongifolene,Hydrocarbons,,
MANGO (fresh pulp) (Mangifera indica L.),MANGIFERA SPECIES,Fruits,benzene,Hydrocarbons,0.04,0.04
MANGO (fresh pulp) (Mangifera indica L.),MANGIFERA SPECIES,Fruits,methylbenzene (=toluene),Hydrocarbons,trace,0.9
MANGO (fresh pulp) (Mangifera indica L.),MANGIFERA SPECIES,Fruits,ethylbenzene (=α-methyltoluene),Hydrocarbons,,
MANGO (fresh pulp) (Mangifera indica L.),MANGIFERA SPECIES,Fruits,propylbenzene,Hydrocarbons,,
MANGO (fresh pulp) (Mangifera indica L.),MANGIFERA SPECIES,Fruits,butylbenzene (unkn.str.),Hydrocarbons,,
MANGO (fresh pulp) (Mangifera indica L.),MANGIFERA SPECIES,Fruits,nonylbenzene,Hydrocarbons,,
MANGO (fresh pulp) (Mangifera indica L.),MANGIFERA SPECIES,Fruits,"1,2-dimethylbenzene (=o-xylene)",Hydrocarbons,,
MANGO (fresh pulp) (Mangifera indica L.),MANGIFERA SPECIES,Fruits,"1,3-dimethylbenzene (=m-xylene)",Hydrocarbons,trace,trace
MANGO (fresh pulp) (Mangifera indica L.),MANGIFERA SPECIES,Fruits,"1,4-dimethylbenzene (=p-xylene)",Hydrocarbons,trace,trace
MANGO (fresh pulp) (Mangifera indica L.),MANGIFERA SPECIES,Fruits,dimethylbenzene (unkn.str.) (=xylene (unkn.str.)),Hydrocarbons,,
MANGO (fresh pulp) (Mangifera indica L.),MANGIFERA SPECIES,Fruits,ethyl-vinylbenzene (unkn.str.),Hydrocarbons,,
MANGO (fresh pulp) (Mangifera indica L.),MANGIFERA SPECIES,Fruits,1-isopropyl-4-methylbenzene (=p-cymene),Hydrocarbons,trace,5.8
MANGO (fresh pulp) (Mangifera indica L.),MANGIFERA SPECIES,Fruits,1-methyl-2-propenylbenzene (unkn.str.),Hydrocarbons,,
MANGO (fresh pulp) (Mangifera indica L.),MANGIFERA SPECIES,Fruits,methyl-propenylbenzene (unkn.str.),Hydrocarbons,0.001,0.001
MANGO (fresh pulp) (Mangifera indica L.),MANGIFERA SPECIES,Fruits,"1-isopropenyl-4-methylbenzene (=α,p-dimethyl styrene, p-cymenene, dehydro-p-cymene)",Hydrocarbons,0.1,0.1
MANGO (fresh pulp) (Mangifera indica L.),MANGIFERA SPECIES,Fruits,"1,2-dimethyl-4-vinylbenzene",Hydrocarbons,,
MANGO (fresh pulp) (Mangifera indica L.),MANGIFERA SPECIES,Fruits,dimethyl-vinylbenzene (unkn.str.),Hydrocarbons,0,0.004
MANGO (fresh pulp) (Mangifera indica L.),MANGIFERA SPECIES,Fruits,calamenene,Hydrocarbons,1.8,1.8
MANGO (fresh pulp) (Mangifera indica L.),MANGIFERA SPECIES,Fruits,naphthalene,Hydrocarbons,0,0.001
MANGO (fresh pulp) (Mangifera indica L.),MANGIFERA SPECIES,Fruits,methanol,Alcohols,,
MANGO (fresh pulp) (Mangifera indica L.),MANGIFERA SPECIES,Fruits,ethanol,Alcohols,0.05,3
MANGO (fresh pulp) (Mangifera indica L.),MANGIFERA SPECIES,Fruits,2-butoxyethanol,Alcohols,0,0.014
MANGO (fresh pulp) (Mangifera indica L.),MANGIFERA SPECIES,Fruits,"2-phenoxyethanol (=ethylene glycol monophenyl ether, phenylglycol)",Alcohols,0,0.028
MANGO (fresh pulp) (Mangifera indica L.),MANGIFERA SPECIES,Fruits,2-methyl-1-propanol (=isobutanol),Alcohols,<0.1,4.09
MANGO (fresh pulp) (Mangifera indica L.),MANGIFERA SPECIES,Fruits,2-methyl-2-propanol (=tert-butanol),Alcohols,<0.1,<0.1
MANGO (fresh pulp) (Mangifera indica L.),MANGIFERA SPECIES,Fruits,1-butanol,Alcohols,trace,0.5
MANGO (fresh pulp) (Mangifera indica L.),MANGIFERA SPECIES,Fruits,2-butanol (=sec-butanol),Alcohols,0.01,0.275
MANGO (fresh pulp) (Mangifera indica L.),MANGIFERA SPECIES,Fruits,"2-buten-1-ol (=crotyl alcohol, crotonyl alcohol)",Alcohols,0.3,0.3
MANGO (fresh pulp) (Mangifera indica L.),MANGIFERA SPECIES,Fruits,2-methyl-1-butanol (=active amyl alcohol),Alcohols,trace,trace
MANGO (fresh pulp) (Mangifera indica L.),MANGIFERA SPECIES,Fruits,3-methyl-1-butanol (=isoamyl alcohol),Alcohols,0,1
MANGO (fresh pulp) (Mangifera indica L.),MANGIFERA SPECIES,Fruits,3-methyl-2-buten-1-ol (=prenol),Alcohols,0.02,0.235
MANGO (fresh pulp) (Mangifera indica L.),MANGIFERA SPECIES,Fruits,2-methyl-3-buten-2-ol,Alcohols,0.07,3.3
MANGO (fresh pulp) (Mangifera indica L.),MANGIFERA SPECIES,Fruits,1-pentanol (=amyl alcohol),Alcohols,0.01,0.1
MANGO (fresh pulp) (Mangifera indica L.),MANGIFERA SPECIES,Fruits,2-pentanol,Alcohols,0,0.1
MANGO (fresh pulp) (Mangifera indica L.),MANGIFERA SPECIES,Fruits,3-pentanol,Alcohols,,
MANGO (fresh pulp) (Mangifera indica L.),MANGIFERA SPECIES,Fruits,2-penten-1-ol,Alcohols,0,0.044
MANGO (fresh pulp) (Mangifera indica L.),MANGIFERA SPECIES,Fruits,(Z)-2-penten-1-ol,Alcohols,,
MANGO (fresh pulp) (Mangifera indica L.),MANGIFERA SPECIES,Fruits,1-penten-3-ol,Alcohols,,
MANGO (fresh pulp) (Mangifera indica L.),MANGIFERA SPECIES,Fruits,3-methyl-1-pentanol,Alcohols,<0.1,<0.1
MANGO (fresh pulp) (Mangifera indica L.),MANGIFERA SPECIES,Fruits,1-hexanol,Alcohols,0,1
MANGO (fresh pulp) (Mangifera indica L.),MANGIFERA SPECIES,Fruits,2-hexanol,Alcohols,0,0.021
MANGO (fresh pulp) (Mangifera indica L.),MANGIFERA SPECIES,Fruits,3-hexanol,Alcohols,,
MANGO (fresh pulp) (Mangifera indica L.),MANGIFERA SPECIES,Fruits,(E)-2-hexen-1-ol,Alcohols,0,0.05
MANGO (fresh pulp) (Mangifera indica L.),MANGIFERA SPECIES,Fruits,3-hexen-1-ol,Alcohols,,
MANGO (fresh pulp) (Mangifera indica L.),MANGIFERA SPECIES,Fruits,(Z)-3-hexen-1-ol (=leaf alcohol),Alcohols,trace,5.9
MANGO (fresh pulp) (Mangifera indica L.),MANGIFERA SPECIES,Fruits,(E)-3-hexen-1-ol,Alcohols,0.001,0.01
MANGO (fresh pulp) (Mangifera indica L.),MANGIFERA SPECIES,Fruits,2-ethyl-1-hexanol,Alcohols,,
MANGO (fresh pulp) (Mangifera indica L.),MANGIFERA SPECIES,Fruits,2-ethylhexen-1-ol (unstr.str.),Alcohols,,
MANGO (fresh pulp) (Mangifera indica L.),MANGIFERA SPECIES,Fruits,1-heptanol,Alcohols,<0.01,<0.01
MANGO (fresh pulp) (Mangifera indica L.),MANGIFERA SPECIES,Fruits,1-octanol,Alcohols,,
MANGO (fresh pulp) (Mangifera indica L.),MANGIFERA SPECIES,Fruits,"2,7-dimethyl-1-octanol",Alcohols,,
MANGO (fresh pulp) (Mangifera indica L.),MANGIFERA SPECIES,Fruits,1-decanol,Alcohols,,
MANGO (fresh pulp) (Mangifera indica L.),MANGIFERA SPECIES,Fruits,1-dodecanol,Alcohols,,
MANGO (fresh pulp) (Mangifera indica L.),MANGIFERA SPECIES,Fruits,1-tetradecanol,Alcohols,,
MANGO (fresh pulp) (Mangifera indica L.),MANGIFERA SPECIES,Fruits,1-pentadecanol,Alcohols,,
MANGO (fresh pulp) (Mangifera indica L.),MANGIFERA SPECIES,Fruits,1-hexadecanol (=cetanol),Alcohols,0.01,1
MANGO (fresh pulp) (Mangifera indica L.),MANGIFERA SPECIES,Fruits,1-heptadecanol,Alcohols,,
MANGO (fresh pulp) (Mangifera indica L.),MANGIFERA SPECIES,Fruits,1-octadecanol,Alcohols,,
MANGO (fresh pulp) (Mangifera indica L.),MANGIFERA SPECIES,Fruits,geraniol,Alcohols,trace,0.295
MANGO (fresh pulp) (Mangifera indica L.),MANGIFERA SPECIES,Fruits,nerol,Alcohols,0.07,0.1
MANGO (fresh pulp) (Mangifera indica L.),MANGIFERA SPECIES,Fruits,linalool,Alcohols,trace,0.5
MANGO (fresh pulp) (Mangifera indica L.),MANGIFERA SPECIES,Fruits,(R)-(-)-linalool (=licareol),Alcohols,,
MANGO (fresh pulp) (Mangifera indica L.),MANGIFERA SPECIES,Fruits,(S)-(+)-linalool (=coriandrol),Alcohols,,
MANGO (fresh pulp) (Mangifera indica L.),MANGIFERA SPECIES,Fruits,"2,6-dimethyl-2,7-octadiene-1,6-diol (=8-hydroxylinalool)",Alcohols,0,0.05
MANGO (fresh pulp) (Mangifera indica L.),MANGIFERA SPECIES,Fruits,benzyl alcohol (=benzenemethanol),Alcohols,0.021,0.068
MANGO (fresh pulp) (Mangifera indica L.),MANGIFERA SPECIES,Fruits,2-phenylethanol (=phenethyl alcohol),Alcohols,0,0.1
MANGO (fresh pulp) (Mangifera indica L.),MANGIFERA SPECIES,Fruits,guaiacylpropanol (unkn.str.),Alcohols,0,0.215
MANGO (fresh pulp) (Mangifera indica L.),MANGIFERA SPECIES,Fruits,"p-cymen-8-ol (=α,α,p-trimethyl-benzyl alcohol)",Alcohols,0,57.2
MANGO (fresh pulp) (Mangifera indica L.),MANGIFERA SPECIES,Fruits,m-cymen-8-ol,Alcohols,0,0.071
MANGO (fresh pulp) (Mangifera indica L.),MANGIFERA SPECIES,Fruits,menthol,Alcohols,0.03,0.03
MANGO (fresh pulp) (Mangifera indica L.),MANGIFERA SPECIES,Fruits,α-terpineol,Alcohols,trace,3
MANGO (fresh pulp) (Mangifera indica L.),MANGIFERA SPECIES,Fruits,β-terpineol,Alcohols,0,0.1
MANGO (fresh pulp) (Mangifera indica L.),MANGIFERA SPECIES,Fruits,4-terpineol (=terpinen-4-ol),Alcohols,<0.1,<0.1
MANGO (fresh pulp) (Mangifera indica L.),MANGIFERA SPECIES,Fruits,dihydrocarveol,Alcohols,,
MANGO (fresh pulp) (Mangifera indica L.),MANGIFERA SPECIES,Fruits,"carveol (=p-1(6),8-menthadien-2-ol)",Alcohols,0.04,0.04
MANGO (fresh pulp) (Mangifera indica L.),MANGIFERA SPECIES,Fruits,"cis-carveol (= cis-p-1(6),8-menthadien-2-ol)",Alcohols,0,0.01
MANGO (fresh pulp) (Mangifera indica L.),MANGIFERA SPECIES,Fruits,"trans-carveol (=trans-p-1(6),8-menthadien-2-ol)",Alcohols,0,0.1
MANGO (fresh pulp) (Mangifera indica L.),MANGIFERA SPECIES,Fruits,p-menthadien-8-ol (unkn.str.),Alcohols,0,0.485
MANGO (fresh pulp) (Mangifera indica L.),MANGIFERA SPECIES,Fruits,trans-pinocarveol,Alcohols,2.4,2.4
MANGO (fresh pulp) (Mangifera indica L.),MANGIFERA SPECIES,Fruits,cis-verbenol,Alcohols,2.4,2.4
MANGO (fresh pulp) (Mangifera indica L.),MANGIFERA SPECIES,Fruits,trans-verbenol,Alcohols,6,6
MANGO (fresh pulp) (Mangifera indica L.),MANGIFERA SPECIES,Fruits,α-cadinol,Alcohols,0,0.07
MANGO (fresh pulp) (Mangifera indica L.),MANGIFERA SPECIES,Fruits,δ-cadinol (=torreyol),Alcohols,0,0.01
MANGO (fresh pulp) (Mangifera indica L.),MANGIFERA SPECIES,Fruits,cadinol (unkn.str.),Alcohols,0.065,0.065
MANGO (fresh pulp) (Mangifera indica L.),MANGIFERA SPECIES,Fruits,cubenol,Alcohols,0,0.01
MANGO (fresh pulp) (Mangifera indica L.),MANGIFERA SPECIES,Fruits,11-selinen-4-ol,Alcohols,0,0.015
MANGO (fresh pulp) (Mangifera indica L.),MANGIFERA SPECIES,Fruits,ledol,Alcohols,0.6,2.7
MANGO (fresh pulp) (Mangifera indica L.),MANGIFERA SPECIES,Fruits,viridiflorol,Alcohols,0,1
MANGO (fresh pulp) (Mangifera indica L.),MANGIFERA SPECIES,Fruits,globulol,Alcohols,0,0.025
MANGO (fresh pulp) (Mangifera indica L.),MANGIFERA SPECIES,Fruits,acetaldehyde (=ethanal),"Carbonyls, aldehydes",trace,0.1
MANGO (fresh pulp) (Mangifera indica L.),MANGIFERA SPECIES,Fruits,"2-methylpropanal (=isobutanal, isobutyraldehyde)","Carbonyls, aldehydes",,
MANGO (fresh pulp) (Mangifera indica L.),MANGIFERA SPECIES,Fruits,2-butenal (=crotonaldehyde),"Carbonyls, aldehydes",,
MANGO (fresh pulp) (Mangifera indica L.),MANGIFERA SPECIES,Fruits,"3-methylbutanal (=isopentanal, isovaleraldehyde)","Carbonyls, aldehydes",,
MANGO (fresh pulp) (Mangifera indica L.),MANGIFERA SPECIES,Fruits,2-pentenal,"Carbonyls, aldehydes",,
MANGO (fresh pulp) (Mangifera indica L.),MANGIFERA SPECIES,Fruits,(E)-2-pentenal,"Carbonyls, aldehydes",,
MANGO (fresh pulp) (Mangifera indica L.),MANGIFERA SPECIES,Fruits,2-methylpentanal,"Carbonyls, aldehydes",,
MANGO (fresh pulp) (Mangifera indica L.),MANGIFERA SPECIES,Fruits,2-methyl-2-pentenal,"Carbonyls, aldehydes",,
MANGO (fresh pulp) (Mangifera indica L.),MANGIFERA SPECIES,Fruits,2-methyl-4-pentenal,"Carbonyls, aldehydes",,
MANGO (fresh pulp) (Mangifera indica L.),MANGIFERA SPECIES,Fruits,hexanal (=capronaldehyde),"Carbonyls, aldehydes",trace,0.1
MANGO (fresh pulp) (Mangifera indica L.),MANGIFERA SPECIES,Fruits,2-hexenal,"Carbonyls, aldehydes",,
MANGO (fresh pulp) (Mangifera indica L.),MANGIFERA SPECIES,Fruits,(E)-2-hexenal (=leaf aldehyde),"Carbonyls, aldehydes",trace,1
MANGO (fresh pulp) (Mangifera indica L.),MANGIFERA SPECIES,Fruits,(Z)-3-hexenal,"Carbonyls, aldehydes",1,1
MANGO (fresh pulp) (Mangifera indica L.),MANGIFERA SPECIES,Fruits,hexenal (unkn.str.),"Carbonyls, aldehydes",0,0.03
MANGO (fresh pulp) (Mangifera indica L.),MANGIFERA SPECIES,Fruits,"(E,E)-2,4-hexadienal","Carbonyls, aldehydes",,
MANGO (fresh pulp) (Mangifera indica L.),MANGIFERA SPECIES,Fruits,heptanal,"Carbonyls, aldehydes",,
MANGO (fresh pulp) (Mangifera indica L.),MANGIFERA SPECIES,Fruits,2-heptenal,"Carbonyls, aldehydes",,
MANGO (fresh pulp) (Mangifera indica L.),MANGIFERA SPECIES,Fruits,"(E,E)-2,4-heptadienal","Carbonyls, aldehydes",,
MANGO (fresh pulp) (Mangifera indica L.),MANGIFERA SPECIES,Fruits,octanal (=caprylaldehyde),"Carbonyls, aldehydes",trace,0.1
MANGO (fresh pulp) (Mangifera indica L.),MANGIFERA SPECIES,Fruits,nonanal (=pelargonaldehyde),"Carbonyls, aldehydes",,
MANGO (fresh pulp) (Mangifera indica L.),MANGIFERA SPECIES,Fruits,2-nonenal,"Carbonyls, aldehydes",,
MANGO (fresh pulp) (Mangifera indica L.),MANGIFERA SPECIES,Fruits,(E)-2-nonenal,"Carbonyls, aldehydes",0,0.68
MANGO (fresh pulp) (Mangifera indica L.),MANGIFERA SPECIES,Fruits,"2,6-nonadienal","Carbonyls, aldehydes",0,0.181
MANGO (fresh pulp) (Mangifera indica L.),MANGIFERA SPECIES,Fruits,"(E,E)-2,6-nonadienal","Carbonyls, aldehydes",,
MANGO (fresh pulp) (Mangifera indica L.),MANGIFERA SPECIES,Fruits,"(E,Z)-2,6-nonadienal","Carbonyls, aldehydes",0.05,4.095
MANGO (fresh pulp) (Mangifera indica L.),MANGIFERA SPECIES,Fruits,"(Z,E)-2,6-nonadienal","Carbonyls, aldehydes",,
MANGO (fresh pulp) (Mangifera indica L.),MANGIFERA SPECIES,Fruits,decanal (=capraldehyde),"Carbonyls, aldehydes",,
MANGO (fresh pulp) (Mangifera indica L.),MANGIFERA SPECIES,Fruits,dodecanal,"Carbonyls, aldehydes",,
MANGO (fresh pulp) (Mangifera indica L.),MANGIFERA SPECIES,Fruits,pentadecanal,"Carbonyls, aldehydes",trace,trace
MANGO (fresh pulp) (Mangifera indica L.),MANGIFERA SPECIES,Fruits,hexadecanal,"Carbonyls, aldehydes",0.07,0.07
MANGO (fresh pulp) (Mangifera indica L.),MANGIFERA SPECIES,Fruits,octadecanal,"Carbonyls, aldehydes",0.01,0.01
MANGO (fresh pulp) (Mangifera indica L.),MANGIFERA SPECIES,Fruits,geranial (=α-citral),"Carbonyls, aldehydes",trace,0.1
MANGO (fresh pulp) (Mangifera indica L.),MANGIFERA SPECIES,Fruits,neral (=β-citral),"Carbonyls, aldehydes",<0.01,0.3
MANGO (fresh pulp) (Mangifera indica L.),MANGIFERA SPECIES,Fruits,benzaldehyde,"Carbonyls, aldehydes",0,0.2
MANGO (fresh pulp) (Mangifera indica L.),MANGIFERA SPECIES,Fruits,4-methylbenzaldehyde (=p-tolualdehyde),"Carbonyls, aldehydes",<0.1,<0.1
MANGO (fresh pulp) (Mangifera indica L.),MANGIFERA SPECIES,Fruits,4-isopropylbenzaldehyde (=cuminaldehyde),"Carbonyls, aldehydes",,
MANGO (fresh pulp) (Mangifera indica L.),MANGIFERA SPECIES,Fruits,"syringaldehyde (=4-hydroxy-3,5-dimethoxy-benzaldehyde)","Carbonyls, aldehydes",0,0.014
MANGO (fresh pulp) (Mangifera indica L.),MANGIFERA SPECIES,Fruits,phenylacetaldehyde (=benzeneacetaldehyde),"Carbonyls, aldehydes",0,0.2
MANGO (fresh pulp) (Mangifera indica L.),MANGIFERA SPECIES,Fruits,β-cyclocitral,"Carbonyls, aldehydes",0,0.01
MANGO (fresh pulp) (Mangifera indica L.),MANGIFERA SPECIES,Fruits,"(2,2,3-trimethyl-3-cyclopentenyl)-acetaldehyde (=α-campholene aldehyde)","Carbonyls, aldehydes",2.4,2.4
MANGO (fresh pulp) (Mangifera indica L.),MANGIFERA SPECIES,Fruits,"acetone (=2-propanone, dimethyl ketone)","Carbonyls, ketones",trace,0.07
MANGO (fresh pulp) (Mangifera indica L.),MANGIFERA SPECIES,Fruits,3-methyl-2-butanone,"Carbonyls, ketones",,
MANGO (fresh pulp) (Mangifera indica L.),MANGIFERA SPECIES,Fruits,3-hydroxy-2-butanone (=acetoin),"Carbonyls, ketones",0.08,0.2
MANGO (fresh pulp) (Mangifera indica L.),MANGIFERA SPECIES,Fruits,"2,3-butanedione (=diacetyl)","Carbonyls, ketones",,
MANGO (fresh pulp) (Mangifera indica L.),MANGIFERA SPECIES,Fruits,2-pentanone,"Carbonyls, ketones",0,0.0003
MANGO (fresh pulp) (Mangifera indica L.),MANGIFERA SPECIES,Fruits,3-pentanone,"Carbonyls, ketones",0,0.02
MANGO (fresh pulp) (Mangifera indica L.),MANGIFERA SPECIES,Fruits,3-penten-2-one,"Carbonyls, ketones",0,0.009
MANGO (fresh pulp) (Mangifera indica L.),MANGIFERA SPECIES,Fruits,"2,3-pentanedione (=acetylpropionyl)","Carbonyls, ketones",0.01,0.01
MANGO (fresh pulp) (Mangifera indica L.),MANGIFERA SPECIES,Fruits,3-hexanone,"Carbonyls, ketones",,
MANGO (fresh pulp) (Mangifera indica L.),MANGIFERA SPECIES,Fruits,2-heptanone,"Carbonyls, ketones",0,0.1
MANGO (fresh pulp) (Mangifera indica L.),MANGIFERA SPECIES,Fruits,3-heptanone,"Carbonyls, ketones",,
MANGO (fresh pulp) (Mangifera indica L.),MANGIFERA SPECIES,Fruits,6-methyl-5-hepten-2-one,"Carbonyls, ketones",,
MANGO (fresh pulp) (Mangifera indica L.),MANGIFERA SPECIES,Fruits,1-octen-3-one,"Carbonyls, ketones",2.1,2.1
MANGO (fresh pulp) (Mangifera indica L.),MANGIFERA SPECIES,Fruits,"3,7-dimethyl-1,6-octadien-4-one","Carbonyls, ketones",,
MANGO (fresh pulp) (Mangifera indica L.),MANGIFERA SPECIES,Fruits,"(E)-6,10-dimethyl-5,9-undecadien-2-one (=geranylacetone)","Carbonyls, ketones",,
MANGO (fresh pulp) (Mangifera indica L.),MANGIFERA SPECIES,Fruits,2-tridecanone,"Carbonyls, ketones",0,0.4
MANGO (fresh pulp) (Mangifera indica L.),MANGIFERA SPECIES,Fruits,2-heptadecanone,"Carbonyls, ketones",1,1
MANGO (fresh pulp) (Mangifera indica L.),MANGIFERA SPECIES,Fruits,cyclopentanone,"Carbonyls, ketones",,
MANGO (fresh pulp) (Mangifera indica L.),MANGIFERA SPECIES,Fruits,cyclohexanone,"Carbonyls, ketones",,
MANGO (fresh pulp) (Mangifera indica L.),MANGIFERA SPECIES,Fruits,"3,5,5-trimethyl-2-cyclohexen-1-one (=isophorone)","Carbonyls, ketones",,
MANGO (fresh pulp) (Mangifera indica L.),MANGIFERA SPECIES,Fruits,3-oxo-α-ionol,"Carbonyls, ketones",0.029,0.117
MANGO (fresh pulp) (Mangifera indica L.),MANGIFERA SPECIES,Fruits,3-oxo-retro-α-ionol,"Carbonyls, ketones",0,0.442
MANGO (fresh pulp) (Mangifera indica L.),MANGIFERA SPECIES,Fruits,"3-oxo-retro-7,8-dehydro-α-ionol (unkn.str.)","Carbonyls, ketones",0,0.165
MANGO (fresh pulp) (Mangifera indica L.),MANGIFERA SPECIES,Fruits,"3-oxo-7,8-dihydro-α-ionol","Carbonyls, ketones",0.04,0.54
MANGO (fresh pulp) (Mangifera indica L.),MANGIFERA SPECIES,Fruits,vomifoliol,"Carbonyls, ketones",0.054,0.122
MANGO (fresh pulp) (Mangifera indica L.),MANGIFERA SPECIES,Fruits,"7,8-dihydrovomifoliol","Carbonyls, ketones",<0.01,<0.01
MANGO (fresh pulp) (Mangifera indica L.),MANGIFERA SPECIES,Fruits,acetophenone (=1-phenylethanone),"Carbonyls, ketones",,
MANGO (fresh pulp) (Mangifera indica L.),MANGIFERA SPECIES,Fruits,2-methylacetophenone,"Carbonyls, ketones",,
MANGO (fresh pulp) (Mangifera indica L.),MANGIFERA SPECIES,Fruits,4-methylacetophenone,"Carbonyls, ketones",trace,0.4
MANGO (fresh pulp) (Mangifera indica L.),MANGIFERA SPECIES,Fruits,4-hydroxyacetophenone,"Carbonyls, ketones",0,0.04
MANGO (fresh pulp) (Mangifera indica L.),MANGIFERA SPECIES,Fruits,propiovanillone,"Carbonyls, ketones",0,0.045
MANGO (fresh pulp) (Mangifera indica L.),MANGIFERA SPECIES,Fruits,β-damascenone (=(E)-β-damascenone),"Carbonyls, ketones",0,0.002
MANGO (fresh pulp) (Mangifera indica L.),MANGIFERA SPECIES,Fruits,(E)-β-ionone,"Carbonyls, ketones",0,0.055
MANGO (fresh pulp) (Mangifera indica L.),MANGIFERA SPECIES,Fruits,"4-(4-hydroxy-3-methoxyphenyl)-2-butanone (=gingerone, zingerone)","Carbonyls, ketones",0,0.074
MANGO (fresh pulp) (Mangifera indica L.),MANGIFERA SPECIES,Fruits,"carvone (=p-6,8-menthadien-2-one)","Carbonyls, ketones",<0.1,<0.1
MANGO (fresh pulp) (Mangifera indica L.),MANGIFERA SPECIES,Fruits,verbenone (=2-pinen-4-one),"Carbonyls, ketones",2.7,2.7
MANGO (fresh pulp) (Mangifera indica L.),MANGIFERA SPECIES,Fruits,acetic acid,Acids,<0.1,0.2
MANGO (fresh pulp) (Mangifera indica L.),MANGIFERA SPECIES,Fruits,hydroxyacetic acid (=glycolic acid),Acids,,
MANGO (fresh pulp) (Mangifera indica L.),MANGIFERA SPECIES,Fruits,2-methylpropanoic acid (=isobutyric acid),Acids,8.6,8.6
MANGO (fresh pulp) (Mangifera indica L.),MANGIFERA SPECIES,Fruits,2-hydroxypropanoic acid (=lactic acid),Acids,,
MANGO (fresh pulp) (Mangifera indica L.),MANGIFERA SPECIES,Fruits,3-hydroxypropanoic acid,Acids,,
MANGO (fresh pulp) (Mangifera indica L.),MANGIFERA SPECIES,Fruits,butanoic acid (=butyric acid),Acids,,
MANGO (fresh pulp) (Mangifera indica L.),MANGIFERA SPECIES,Fruits,(E)-2-butenoic acid,Acids,,
MANGO (fresh pulp) (Mangifera indica L.),MANGIFERA SPECIES,Fruits,2-methylbutanoic acid,Acids,,
MANGO (fresh pulp) (Mangifera indica L.),MANGIFERA SPECIES,Fruits,(S)-2-methylbutanoic acid,Acids,0.08,0.08
MANGO (fresh pulp) (Mangifera indica L.),MANGIFERA SPECIES,Fruits,3-methylbutanoic acid (=isovaleric acid),Acids,,
MANGO (fresh pulp) (Mangifera indica L.),MANGIFERA SPECIES,Fruits,(E)-2-methyl-2-butenoic acid (=tiglic acid),Acids,,
MANGO (fresh pulp) (Mangifera indica L.),MANGIFERA SPECIES,Fruits,3-hydroxybutanoic acid,Acids,,
MANGO (fresh pulp) (Mangifera indica L.),MANGIFERA SPECIES,Fruits,pentanoic acid (=valeric acid),Acids,,
MANGO (fresh pulp) (Mangifera indica L.),MANGIFERA SPECIES,Fruits,2-methylpentanoic acid,Acids,,
MANGO (fresh pulp) (Mangifera indica L.),MANGIFERA SPECIES,Fruits,4-methylpentanoic acid (=isocaproic acid),Acids,,
MANGO (fresh pulp) (Mangifera indica L.),MANGIFERA SPECIES,Fruits,hexanoic acid (=caproic acid),Acids,,
MANGO (fresh pulp) (Mangifera indica L.),MANGIFERA SPECIES,Fruits,5-methylhexanoic acid,Acids,,
MANGO (fresh pulp) (Mangifera indica L.),MANGIFERA SPECIES,Fruits,2-ethylhexanoic acid,Acids,0,0.023
MANGO (fresh pulp) (Mangifera indica L.),MANGIFERA SPECIES,Fruits,3-hydroxyhexanoic acid,Acids,,
MANGO (fresh pulp) (Mangifera indica L.),MANGIFERA SPECIES,Fruits,heptanoic acid (=enanthic acid),Acids,,
MANGO (fresh pulp) (Mangifera indica L.),MANGIFERA SPECIES,Fruits,3-hydroxyheptanoic acid,Acids,,
MANGO (fresh pulp) (Mangifera indica L.),MANGIFERA SPECIES,Fruits,octanoic acid (=caprylic acid),Acids,0,0.026
MANGO (fresh pulp) (Mangifera indica L.),MANGIFERA SPECIES,Fruits,3-hydroxyoctanoic acid,Acids,1.1,1.1
MANGO (fresh pulp) (Mangifera indica L.),MANGIFERA SPECIES,Fruits,nonanoic acid (=pelargonic acid),Acids,,
MANGO (fresh pulp) (Mangifera indica L.),MANGIFERA SPECIES,Fruits,3-hydroxynonanoic acid,Acids,,
MANGO (fresh pulp) (Mangifera indica L.),MANGIFERA SPECIES,Fruits,decanoic acid (=capric acid),Acids,0,0.027
MANGO (fresh pulp) (Mangifera indica L.),MANGIFERA SPECIES,Fruits,3-hydroxydecanoic acid,Acids,,
MANGO (fresh pulp) (Mangifera indica L.),MANGIFERA SPECIES,Fruits,9-oxodecanoic acid,Acids,,
MANGO (fresh pulp) (Mangifera indica L.),MANGIFERA SPECIES,Fruits,(Z)-5-hydroxy-7-decenoic acid,Acids,2,2
MANGO (fresh pulp) (Mangifera indica L.),MANGIFERA SPECIES,Fruits,(E)-5-hydroxy-7-decenoic acid,Acids,,
MANGO (fresh pulp) (Mangifera indica L.),MANGIFERA SPECIES,Fruits,undecanoic acid,Acids,,
MANGO (fresh pulp) (Mangifera indica L.),MANGIFERA SPECIES,Fruits,dodecanoic acid (=lauric acid),Acids,0,1.4
MANGO (fresh pulp) (Mangifera indica L.),MANGIFERA SPECIES,Fruits,3-hydroxydodecanoic acid,Acids,,
MANGO (fresh pulp) (Mangifera indica L.),MANGIFERA SPECIES,Fruits,tridecanoic acid,Acids,,
MANGO (fresh pulp) (Mangifera indica L.),MANGIFERA SPECIES,Fruits,tetradecanoic acid (=myristic acid),Acids,0.09,4
MANGO (fresh pulp) (Mangifera indica L.),MANGIFERA SPECIES,Fruits,pentadecanoic acid,Acids,,
MANGO (fresh pulp) (Mangifera indica L.),MANGIFERA SPECIES,Fruits,hexadecanoic acid (=palmitic acid),Acids,<0.1,5.472
MANGO (fresh pulp) (Mangifera indica L.),MANGIFERA SPECIES,Fruits,9-hexadecenoic acid,Acids,8,8
MANGO (fresh pulp) (Mangifera indica L.),MANGIFERA SPECIES,Fruits,(Z)-9-hexadecenoic acid (=palmitoleic acid),Acids,,
MANGO (fresh pulp) (Mangifera indica L.),MANGIFERA SPECIES,Fruits,heptadecanoic acid (=margaric acid),Acids,,
MANGO (fresh pulp) (Mangifera indica L.),MANGIFERA SPECIES,Fruits,octadecanoic acid (=stearic acid),Acids,,
MANGO (fresh pulp) (Mangifera indica L.),MANGIFERA SPECIES,Fruits,(Z)-9-octadecenoic acid (=oleic acid),Acids,,
MANGO (fresh pulp) (Mangifera indica L.),MANGIFERA SPECIES,Fruits,benzoic acid,Acids,,
MANGO (fresh pulp) (Mangifera indica L.),MANGIFERA SPECIES,Fruits,4-hydroxy-3-methoxybenzoic acid (=vanillic acid),Acids,,
MANGO (fresh pulp) (Mangifera indica L.),MANGIFERA SPECIES,Fruits,"3,4-dimethoxybenzoic acid (=veratric acid)",Acids,,
MANGO (fresh pulp) (Mangifera indica L.),MANGIFERA SPECIES,Fruits,"4-hydroxy-3,5-dimethoxybenzoic acid (=syringic acid)",Acids,0,0.096
MANGO (fresh pulp) (Mangifera indica L.),MANGIFERA SPECIES,Fruits,phenylacetic acid,Acids,,
MANGO (fresh pulp) (Mangifera indica L.),MANGIFERA SPECIES,Fruits,3-phenylpropanoic acid (=hydrocinnamic acid),Acids,,
MANGO (fresh pulp) (Mangifera indica L.),MANGIFERA SPECIES,Fruits,(E)-cinnamic acid,Acids,,
MANGO (fresh pulp) (Mangifera indica L.),MANGIFERA SPECIES,Fruits,(E)-4-methoxycinnamic acid,Acids,,
MANGO (fresh pulp) (Mangifera indica L.),MANGIFERA SPECIES,Fruits,butyl formate,Esters,trace,trace
MANGO (fresh pulp) (Mangifera indica L.),MANGIFERA SPECIES,Fruits,isopentyl formate,Esters,0.01,0.05
MANGO (fresh pulp) (Mangifera indica L.),MANGIFERA SPECIES,Fruits,(Z)-3-hexenyl formate,Esters,<0.01,<0.01
MANGO (fresh pulp) (Mangifera indica L.),MANGIFERA SPECIES,Fruits,ethyl acetate,Esters,trace,4.96
MANGO (fresh pulp) (Mangifera indica L.),MANGIFERA SPECIES,Fruits,butyl acetate,Esters,0.01,0.1
MANGO (fresh pulp) (Mangifera indica L.),MANGIFERA SPECIES,Fruits,isobutyl acetate (=2-methylpropyl acetate),Esters,<0.01,0.155
MANGO (fresh pulp) (Mangifera indica L.),MANGIFERA SPECIES,Fruits,2-methylbutyl acetate,Esters,<0.01,<0.01
MANGO (fresh pulp) (Mangifera indica L.),MANGIFERA SPECIES,Fruits,"isopentyl acetate (=3-methylbutyl acetate, isoamyl acetate)",Esters,0,0.05
MANGO (fresh pulp) (Mangifera indica L.),MANGIFERA SPECIES,Fruits,hexyl acetate,Esters,0,0.2
MANGO (fresh pulp) (Mangifera indica L.),MANGIFERA SPECIES,Fruits,(E)-2-hexenyl acetate,Esters,0,0.03
MANGO (fresh pulp) (Mangifera indica L.),MANGIFERA SPECIES,Fruits,3-hexenyl acetate,Esters,,
MANGO (fresh pulp) (Mangifera indica L.),MANGIFERA SPECIES,Fruits,(Z)-3-hexenyl acetate,Esters,0,0.7
MANGO (fresh pulp) (Mangifera indica L.),MANGIFERA SPECIES,Fruits,(E)-3-hexenyl acetate,Esters,0,0.005
MANGO (fresh pulp) (Mangifera indica L.),MANGIFERA SPECIES,Fruits,hexadecyl acetate,Esters,0.17,0.17
MANGO (fresh pulp) (Mangifera indica L.),MANGIFERA SPECIES,Fruits,citronellyl acetate,Esters,,
MANGO (fresh pulp) (Mangifera indica L.),MANGIFERA SPECIES,Fruits,geranyl acetate,Esters,<0.01,<0.01
MANGO (fresh pulp) (Mangifera indica L.),MANGIFERA SPECIES,Fruits,neryl acetate,Esters,,
MANGO (fresh pulp) (Mangifera indica L.),MANGIFERA SPECIES,Fruits,linalyl acetate,Esters,<0.01,0.1
MANGO (fresh pulp) (Mangifera indica L.),MANGIFERA SPECIES,Fruits,benzyl acetate,Esters,,
MANGO (fresh pulp) (Mangifera indica L.),MANGIFERA SPECIES,Fruits,phenethyl acetate,Esters,0,0.25
MANGO (fresh pulp) (Mangifera indica L.),MANGIFERA SPECIES,Fruits,menthyl acetate,Esters,<0.01,<0.01
MANGO (fresh pulp) (Mangifera indica L.),MANGIFERA SPECIES,Fruits,ethyl propanoate,Esters,0.04,0.04
MANGO (fresh pulp) (Mangifera indica L.),MANGIFERA SPECIES,Fruits,(Z)-3-hexenyl propanoate,Esters,0,0.01
MANGO (fresh pulp) (Mangifera indica L.),MANGIFERA SPECIES,Fruits,isopropyl 2-propenoate,Esters,,
MANGO (fresh pulp) (Mangifera indica L.),MANGIFERA SPECIES,Fruits,ethyl 2-methylpropanoate (=ethyl isobutyrate),Esters,0,0.15
MANGO (fresh pulp) (Mangifera indica L.),MANGIFERA SPECIES,Fruits,2-methylbutyl 2-methylpropanoate (=2-methylbutyl isobutyrate),Esters,,
MANGO (fresh pulp) (Mangifera indica L.),MANGIFERA SPECIES,Fruits,linalyl 2-methylpropanoate (=linalyl isobutyrate),Esters,<0.01,<0.01
MANGO (fresh pulp) (Mangifera indica L.),MANGIFERA SPECIES,Fruits,ethyl 2-methyl-2-propenoate (=ethyl methacrylate),Esters,,
MANGO (fresh pulp) (Mangifera indica L.),MANGIFERA SPECIES,Fruits,butyl 2-methyl-2-propenoate (=butyl methacrylate),Esters,<0.01,<0.01
MANGO (fresh pulp) (Mangifera indica L.),MANGIFERA SPECIES,Fruits,methyl butanoate,Esters,0,0.59
MANGO (fresh pulp) (Mangifera indica L.),MANGIFERA SPECIES,Fruits,ethyl butanoate,Esters,trace,8.5
MANGO (fresh pulp) (Mangifera indica L.),MANGIFERA SPECIES,Fruits,butyl butanoate,Esters,0,0.04
MANGO (fresh pulp) (Mangifera indica L.),MANGIFERA SPECIES,Fruits,isobutyl butanoate,Esters,0.005,0.05
MANGO (fresh pulp) (Mangifera indica L.),MANGIFERA SPECIES,Fruits,pentyl butanoate,Esters,,
MANGO (fresh pulp) (Mangifera indica L.),MANGIFERA SPECIES,Fruits,"isopentyl butanoate (=3-methylbutyl butanoate, isoamyl butyrate)",Esters,0,0.055
MANGO (fresh pulp) (Mangifera indica L.),MANGIFERA SPECIES,Fruits,hexyl butanoate,Esters,0,0.01
MANGO (fresh pulp) (Mangifera indica L.),MANGIFERA SPECIES,Fruits,3-hexenyl butanoate,Esters,,
MANGO (fresh pulp) (Mangifera indica L.),MANGIFERA SPECIES,Fruits,(Z)-3-hexenyl butanoate,Esters,0,0.03
MANGO (fresh pulp) (Mangifera indica L.),MANGIFERA SPECIES,Fruits,geranyl butanoate,Esters,<0.01,<0.01
MANGO (fresh pulp) (Mangifera indica L.),MANGIFERA SPECIES,Fruits,neryl butanoate,Esters,,
MANGO (fresh pulp) (Mangifera indica L.),MANGIFERA SPECIES,Fruits,phenethyl butanoate,Esters,<0.01,<0.01
MANGO (fresh pulp) (Mangifera indica L.),MANGIFERA SPECIES,Fruits,α-terpinyl butanoate,Esters,<0.01,<0.01
MANGO (fresh pulp) (Mangifera indica L.),MANGIFERA SPECIES,Fruits,terpinyl butanoate (unkn.str.),Esters,,
MANGO (fresh pulp) (Mangifera indica L.),MANGIFERA SPECIES,Fruits,methyl 2-butenoate (=methyl crotonate),Esters,,
MANGO (fresh pulp) (Mangifera indica L.),MANGIFERA SPECIES,Fruits,ethyl 2-butenoate (=ethyl crotonate),Esters,0.61,0.61
MANGO (fresh pulp) (Mangifera indica L.),MANGIFERA SPECIES,Fruits,ethyl (Z)-2-butenoate (=ethyl (Z)-crotonate),Esters,,
MANGO (fresh pulp) (Mangifera indica L.),MANGIFERA SPECIES,Fruits,ethyl (E)-2-butenoate (=ethyl (E)-crotonate),Esters,,
MANGO (fresh pulp) (Mangifera indica L.),MANGIFERA SPECIES,Fruits,butyl (E)-2-butenoate (=butyl (E)-crotonate),Esters,,
MANGO (fresh pulp) (Mangifera indica L.),MANGIFERA SPECIES,Fruits,isobutyl 2-butenoate (=isobutyl crotonate),Esters,<0.01,<0.01
MANGO (fresh pulp) (Mangifera indica L.),MANGIFERA SPECIES,Fruits,3-hexenyl (Z)-2-butenoate (=3-hexenyl (Z)-crotonate),Esters,<0.01,<0.01
MANGO (fresh pulp) (Mangifera indica L.),MANGIFERA SPECIES,Fruits,3-hexenyl (E)-2-butenoate (=3-hexenyl (E)-crotonate),Esters,,
MANGO (fresh pulp) (Mangifera indica L.),MANGIFERA SPECIES,Fruits,(Z)-3-hexenyl (E)-2-butenoate,Esters,0,0.04
MANGO (fresh pulp) (Mangifera indica L.),MANGIFERA SPECIES,Fruits,ethyl 3-butenoate,Esters,,
MANGO (fresh pulp) (Mangifera indica L.),MANGIFERA SPECIES,Fruits,butyl 3-butenoate,Esters,,
MANGO (fresh pulp) (Mangifera indica L.),MANGIFERA SPECIES,Fruits,ethyl butenoate (unkn.str.),Esters,0,0.2
MANGO (fresh pulp) (Mangifera indica L.),MANGIFERA SPECIES,Fruits,vinyl butenoate (unkn.str.),Esters,0,0.003
MANGO (fresh pulp) (Mangifera indica L.),MANGIFERA SPECIES,Fruits,(Z)-3-hexenyl butenoate (unkn.str.),Esters,0,0.04
MANGO (fresh pulp) (Mangifera indica L.),MANGIFERA SPECIES,Fruits,phenethyl butenoate (unkn.str.),Esters,0,0.01
MANGO (fresh pulp) (Mangifera indica L.),MANGIFERA SPECIES,Fruits,ethyl 2-methylbutanoate,Esters,<0.01,0.59
MANGO (fresh pulp) (Mangifera indica L.),MANGIFERA SPECIES,Fruits,ethyl 3-methylbutanoate (=ethyl isovalerate),Esters,0,0.01
MANGO (fresh pulp) (Mangifera indica L.),MANGIFERA SPECIES,Fruits,ethyl 2-methyl-2-butenoate,Esters,<0.01,<0.01
MANGO (fresh pulp) (Mangifera indica L.),MANGIFERA SPECIES,Fruits,butyl 2-methyl-2-butenoate,Esters,<0.01,<0.01
MANGO (fresh pulp) (Mangifera indica L.),MANGIFERA SPECIES,Fruits,butyl (E)-2-methyl-2-butenoate (=butyl tiglate),Esters,,
MANGO (fresh pulp) (Mangifera indica L.),MANGIFERA SPECIES,Fruits,ethyl 3-hydroxybutanoate,Esters,0.05,1.5
MANGO (fresh pulp) (Mangifera indica L.),MANGIFERA SPECIES,Fruits,butyl 3-hydroxybutanoate,Esters,0,0.03
MANGO (fresh pulp) (Mangifera indica L.),MANGIFERA SPECIES,Fruits,isobutyl 3-hydroxybutanoate,Esters,0,0.05
MANGO (fresh pulp) (Mangifera indica L.),MANGIFERA SPECIES,Fruits,isopentyl 3-hydroxybutanoate,Esters,0,0.105
MANGO (fresh pulp) (Mangifera indica L.),MANGIFERA SPECIES,Fruits,(Z)-3-hexenyl 3-hydroxybutanoate,Esters,0,0.02
MANGO (fresh pulp) (Mangifera indica L.),MANGIFERA SPECIES,Fruits,3-hexenyl pentanoate,Esters,,
MANGO (fresh pulp) (Mangifera indica L.),MANGIFERA SPECIES,Fruits,(Z)-3-hexenyl pentanoate,Esters,0,0.002
MANGO (fresh pulp) (Mangifera indica L.),MANGIFERA SPECIES,Fruits,(Z)-3-hexenyl pentenoate (unkn.str.),Esters,0,0.02
MANGO (fresh pulp) (Mangifera indica L.),MANGIFERA SPECIES,Fruits,methyl hexanoate,Esters,0,0.0008
MANGO (fresh pulp) (Mangifera indica L.),MANGIFERA SPECIES,Fruits,ethyl hexanoate (=ethyl caproate),Esters,0,6.2
MANGO (fresh pulp) (Mangifera indica L.),MANGIFERA SPECIES,Fruits,butyl hexanoate,Esters,0,0.02
MANGO (fresh pulp) (Mangifera indica L.),MANGIFERA SPECIES,Fruits,(Z)-3-hexenyl hexanoate,Esters,0,0.01
MANGO (fresh pulp) (Mangifera indica L.),MANGIFERA SPECIES,Fruits,(Z)-3-hexenyl (E)-2-hexenoate,Esters,0,0.01
MANGO (fresh pulp) (Mangifera indica L.),MANGIFERA SPECIES,Fruits,ethyl 3-hydroxyhexanoate,Esters,0,0.05
MANGO (fresh pulp) (Mangifera indica L.),MANGIFERA SPECIES,Fruits,ethyl octanoate (=ethyl caprylate),Esters,0,7.4
MANGO (fresh pulp) (Mangifera indica L.),MANGIFERA SPECIES,Fruits,isopentyl octanoate,Esters,,
MANGO (fresh pulp) (Mangifera indica L.),MANGIFERA SPECIES,Fruits,ethyl (Z)-4-octenoate,Esters,0.4,0.4
MANGO (fresh pulp) (Mangifera indica L.),MANGIFERA SPECIES,Fruits,ethyl decanoate (=ethyl caprate),Esters,0,2
MANGO (fresh pulp) (Mangifera indica L.),MANGIFERA SPECIES,Fruits,ethyl (Z)-4-decenoate,Esters,0.4,0.4
MANGO (fresh pulp) (Mangifera indica L.),MANGIFERA SPECIES,Fruits,ethyl dodecanoate (=ethyl laurate),Esters,trace,2.4
MANGO (fresh pulp) (Mangifera indica L.),MANGIFERA SPECIES,Fruits,ethyl tetradecanoate (=ethyl myristate),Esters,trace,4.6
MANGO (fresh pulp) (Mangifera indica L.),MANGIFERA SPECIES,Fruits,methyl 14-methylpentadecanoate,Esters,0.4,0.4
MANGO (fresh pulp) (Mangifera indica L.),MANGIFERA SPECIES,Fruits,ethyl hexadecanoate (=ethyl palmitate),Esters,trace,5
MANGO (fresh pulp) (Mangifera indica L.),MANGIFERA SPECIES,Fruits,ethyl 7-hexadecenoate,Esters,1,1
MANGO (fresh pulp) (Mangifera indica L.),MANGIFERA SPECIES,Fruits,ethyl 9-hexadecenoate,Esters,0.6,0.6
MANGO (fresh pulp) (Mangifera indica L.),MANGIFERA SPECIES,Fruits,ethyl (Z)-9-hexadecenoate (=ethyl palmitoleate),Esters,<0.1,<0.1
MANGO (fresh pulp) (Mangifera indica L.),MANGIFERA SPECIES,Fruits,"ethyl (Z,Z)-9,12-octadecadienoate (=ethyl linoleate)",Esters,<0.1,<0.1
MANGO (fresh pulp) (Mangifera indica L.),MANGIFERA SPECIES,Fruits,"ethyl (Z,Z,Z)-6,9,12-octadecatrienoate",Esters,<0.1,<0.1
MANGO (fresh pulp) (Mangifera indica L.),MANGIFERA SPECIES,Fruits,methyl benzoate,Esters,<0.01,<0.01
MANGO (fresh pulp) (Mangifera indica L.),MANGIFERA SPECIES,Fruits,ethyl phenylacetate,Esters,<0.01,<0.01
MANGO (fresh pulp) (Mangifera indica L.),MANGIFERA SPECIES,Fruits,"4-hydroxybutanoic acid lactone (=dihydro-2(3H)-furanone, 4-butanolide, γ-butyrolactone)",Lactones,0.05,0.05
MANGO (fresh pulp) (Mangifera indica L.),MANGIFERA SPECIES,Fruits,4-hydroxy-2-methylbutanoic acid lactone (=3-methyl-tetrahydrofuran-2-one),Lactones,,
MANGO (fresh pulp) (Mangifera indica L.),MANGIFERA SPECIES,Fruits,"4-hydroxypentanoic acid lactone (=γ-valerolactone, 4-pentanolide)",Lactones,0.02,0.02
MANGO (fresh pulp) (Mangifera indica L.),MANGIFERA SPECIES,Fruits,"4-hydroxyhexanoic acid lactone (=γ-hexalactone, γ-caprolactone, 4-hexanolide)",Lactones,0,0.245
MANGO (fresh pulp) (Mangifera indica L.),MANGIFERA SPECIES,Fruits,"5-hydroxyhexanoic acid lactone (=δ-caprolactone, δ-hexalactone)",Lactones,0,0.084
MANGO (fresh pulp) (Mangifera indica L.),MANGIFERA SPECIES,Fruits,"4-hydroxyheptanoic acid lactone (=4-heptanolide, γ-heptalactone)",Lactones,,
MANGO (fresh pulp) (Mangifera indica L.),MANGIFERA SPECIES,Fruits,"4-hydroxyoctanoic acid lactone (=4-octanolide, γ-octalactone, 5-butyldihydro-2(3H)-furanone)",Lactones,0,0.5
MANGO (fresh pulp) (Mangifera indica L.),MANGIFERA SPECIES,Fruits,"5-hydroxyoctanoic acid lactone (=5-octanolide, δ-octalactone)",Lactones,0.03,0.5
MANGO (fresh pulp) (Mangifera indica L.),MANGIFERA SPECIES,Fruits,"4-hydroxynonanoic acid lactone (=4-nonanolide, γ-nonalactone)",Lactones,0.005,0.04
MANGO (fresh pulp) (Mangifera indica L.),MANGIFERA SPECIES,Fruits,"5-hydroxynonanoic acid lactone (=5-nonanolide, δ-nonalactone)",Lactones,0,0.054
MANGO (fresh pulp) (Mangifera indica L.),MANGIFERA SPECIES,Fruits,"4-hydroxydecanoic acid lactone (=4-decanolide, γ-decalactone)",Lactones,0.04,0.3
MANGO (fresh pulp) (Mangifera indica L.),MANGIFERA SPECIES,Fruits,"5-hydroxydecanoic acid lactone (=5-decanolide, δ-decalactone)",Lactones,0,0.04
MANGO (fresh pulp) (Mangifera indica L.),MANGIFERA SPECIES,Fruits,"(Z)-5-hydroxy-7-decenoic acid lactone (=δ-jasmolactone, (Z)-jasmin lactone)",Lactones,,
MANGO (fresh pulp) (Mangifera indica L.),MANGIFERA SPECIES,Fruits,(S)-(+)-δ-jasmin lactone,Lactones,,
MANGO (fresh pulp) (Mangifera indica L.),MANGIFERA SPECIES,Fruits,(R)-(-)-δ-jasmin lactone,Lactones,,
MANGO (fresh pulp) (Mangifera indica L.),MANGIFERA SPECIES,Fruits,"4-hydroxydodecanoic acid lactone (=4-dodecanolide, γ-dodecalactone)",Lactones,0.03,0.03
MANGO (fresh pulp) (Mangifera indica L.),MANGIFERA SPECIES,Fruits,dihydroactinidiolide,Lactones,,
MANGO (fresh pulp) (Mangifera indica L.),MANGIFERA SPECIES,Fruits,2-acetylpyrrole (=methyl 2-pyrrolyl ketone),Bases,,
MANGO (fresh pulp) (Mangifera indica L.),MANGIFERA SPECIES,Fruits,pyridine,Bases,0.025,0.1
MANGO (fresh pulp) (Mangifera indica L.),MANGIFERA SPECIES,Fruits,"dimethyl sulfide (=thiobismethane, methylthiomethane, methyl sulfide)",Sulfur compounds,trace,0.27
MANGO (fresh pulp) (Mangifera indica L.),MANGIFERA SPECIES,Fruits,dimethyl disulfide (=methyldithiomethane),Sulfur compounds,,
MANGO (fresh pulp) (Mangifera indica L.),MANGIFERA SPECIES,Fruits,(methylthio)phenylacetaldehyde (unkn.str.),Sulfur compounds,0,0.01
MANGO (fresh pulp) (Mangifera indica L.),MANGIFERA SPECIES,Fruits,benzothiazole,Sulfur compounds,0,0.01
MANGO (fresh pulp) (Mangifera indica L.),MANGIFERA SPECIES,Fruits,"1,1-diethoxyethane (=acetal, acetaldehyde diethyl acetal)",Acetals,0.01,0.01
MANGO (fresh pulp) (Mangifera indica L.),MANGIFERA SPECIES,Fruits,"1,8-cineole (=eucalyptol)",Ethers,,
MANGO (fresh pulp) (Mangifera indica L.),MANGIFERA SPECIES,Fruits,"karahana ether (=8,8-dimethyl-2-methylene-6-oxabicyclo- [3.2.1]octane)",Ethers,,
MANGO (fresh pulp) (Mangifera indica L.),MANGIFERA SPECIES,Fruits,diethylene glycol monoethyl ether (=carbitol),Ethers,0.1,0.1
MANGO (fresh pulp) (Mangifera indica L.),MANGIFERA SPECIES,Fruits,trichloromethane (=chloroform),Halogens,,
MANGO (fresh pulp) (Mangifera indica L.),MANGIFERA SPECIES,Fruits,"1,1,2-trichloroethene (=trichloroethylene)",Halogens,0.0004,0.0004
MANGO (fresh pulp) (Mangifera indica L.),MANGIFERA SPECIES,Fruits,trichloropropane (unkn.str.),Halogens,0.1,0.1
MANGO (fresh pulp) (Mangifera indica L.),MANGIFERA SPECIES,Fruits,"phenylacetonitrile (=benzyl cyanide, benzeneacetonitrile)",Nitriles and amides,0,0.001
MANGO (fresh pulp) (Mangifera indica L.),MANGIFERA SPECIES,Fruits,phenol (=hydroxybenzene),Phenols,,
MANGO (fresh pulp) (Mangifera indica L.),MANGIFERA SPECIES,Fruits,2-methylphenol (=o-cresol),Phenols,,
MANGO (fresh pulp) (Mangifera indica L.),MANGIFERA SPECIES,Fruits,3-methylphenol (=m-cresol),Phenols,0.4,0.4
MANGO (fresh pulp) (Mangifera indica L.),MANGIFERA SPECIES,Fruits,4-methylphenol (=p-cresol),Phenols,1.2,1.2
MANGO (fresh pulp) (Mangifera indica L.),MANGIFERA SPECIES,Fruits,4-vinylphenol,Phenols,0,0.01
MANGO (fresh pulp) (Mangifera indica L.),MANGIFERA SPECIES,Fruits,thymol (=2-isopropyl-5-methylphenol),Phenols,<0.1,<0.1
MANGO (fresh pulp) (Mangifera indica L.),MANGIFERA SPECIES,Fruits,carvacrol (=5-isopropyl-2-methylphenol),Phenols,<0.1,<0.1
MANGO (fresh pulp) (Mangifera indica L.),MANGIFERA SPECIES,Fruits,"2,6-di-tert-butyl-4-ethylphenol",Phenols,0.01,0.01
MANGO (fresh pulp) (Mangifera indica L.),MANGIFERA SPECIES,Fruits,2-methoxyphenol (=guaiacol),Phenols,0,0.018
MANGO (fresh pulp) (Mangifera indica L.),MANGIFERA SPECIES,Fruits,"2-methoxy-4-methylphenol (=4-methylguaiacol, creosol)",Phenols,0,0.016
MANGO (fresh pulp) (Mangifera indica L.),MANGIFERA SPECIES,Fruits,2-methoxy-4-vinylphenol (=4-vinylguaiacol),Phenols,0,0.127
MANGO (fresh pulp) (Mangifera indica L.),MANGIFERA SPECIES,Fruits,eugenol (=4-allyl-2-methoxyphenol),Phenols,0,0.034
MANGO (fresh pulp) (Mangifera indica L.),MANGIFERA SPECIES,Fruits,"linalool oxide B (cis, 5-ring)",Furans,0.1,0.1
MANGO (fresh pulp) (Mangifera indica L.),MANGIFERA SPECIES,Fruits,"linalool oxide A (trans, 5-ring)",Furans,0.02,0.02
MANGO (fresh pulp) (Mangifera indica L.),MANGIFERA SPECIES,Fruits,2-pentylfuran,Furans,,
MANGO (fresh pulp) (Mangifera indica L.),MANGIFERA SPECIES,Fruits,"furfural (=2-formylfuran, 2-furancarbaldehyde, 2-furaldehyde)",Furans,0,0.2
MANGO (fresh pulp) (Mangifera indica L.),MANGIFERA SPECIES,Fruits,"3-furancarbaldehyde (=3-formylfuran, 3-furaldehyde)",Furans,,
MANGO (fresh pulp) (Mangifera indica L.),MANGIFERA SPECIES,Fruits,methylfurfural (unkn.str.),Furans,,
MANGO (fresh pulp) (Mangifera indica L.),MANGIFERA SPECIES,Fruits,5-methylfurfural,Furans,trace,0.1
MANGO (fresh pulp) (Mangifera indica L.),MANGIFERA SPECIES,Fruits,"4-hydroxy-2,5-dimethyl-3(2H)-furanone (=furaneol)",Furans,0.4,0.4
MANGO (fresh pulp) (Mangifera indica L.),MANGIFERA SPECIES,Fruits,"4-methoxy-2,5-dimethyl-3(2H)-furanone (=mesifurane)",Furans,0.024,4.095
MANGO (fresh pulp) (Mangifera indica L.),MANGIFERA SPECIES,Fruits,"2-acetylfuran (=2-furyl methyl ketone, 1-(2-furyl)ethanone)",Furans,trace,trace
MANGO (fresh pulp) (Mangifera indica L.),MANGIFERA SPECIES,Fruits,acetylfuran (unkn.str.),Furans,0,0.03
MANGO (fresh pulp) (Mangifera indica L.),MANGIFERA SPECIES,Fruits,tetrahydrofurfuryl alcohol,Furans,,
MANGO (fresh pulp) (Mangifera indica L.),MANGIFERA SPECIES,Fruits,"furfuryl alcohol (=(2-furyl)-methanol, 2-furanmethanol)",Furans,,
MANGO (fresh pulp) (Mangifera indica L.),MANGIFERA SPECIES,Fruits,2-furancarboxylic acid (=2-furoic acid),Furans,,
MANGO (fresh pulp) (Mangifera indica L.),MANGIFERA SPECIES,Fruits,humulene epoxide I,"(Ep)oxides, pyrans, coumarins",0.01,0.02
MANGO (fresh pulp) (Mangifera indica L.),MANGIFERA SPECIES,Fruits,humulene epoxide II,"(Ep)oxides, pyrans, coumarins",0.002,0.08
MANGO (fresh pulp) (Mangifera indica L.),MANGIFERA SPECIES,Fruits,humulene epoxide (unkn.str.),"(Ep)oxides, pyrans, coumarins",4.2,21.9
MANGO (fresh pulp) (Mangifera indica L.),MANGIFERA SPECIES,Fruits,β-caryophyllene oxide,"(Ep)oxides, pyrans, coumarins",0.025,43.5
MANGO (fresh pulp) (Mangifera indica L.),MANGIFERA SPECIES,Fruits,isocaryophyllene oxide,"(Ep)oxides, pyrans, coumarins",1.2,1.2
MANGO (fresh pulp) (Mangifera indica L.),MANGIFERA SPECIES,Fruits,cis-linalool oxide (unkn.str.),"(Ep)oxides, pyrans, coumarins",<0.1,<0.1
MANGO (fresh pulp) (Mangifera indica L.),MANGIFERA SPECIES,Fruits,trans-linalool oxide (unkn.str.),"(Ep)oxides, pyrans, coumarins",trace,0.1
MANGO (canned juice) (Mangifera indica L.),MANGIFERA SPECIES,Fruits,pentadecane,Hydrocarbons,0.03,0.03
MANGO (canned juice) (Mangifera indica L.),MANGIFERA SPECIES,Fruits,nonadecane,Hydrocarbons,0.095,0.095
MANGO (canned juice) (Mangifera indica L.),MANGIFERA SPECIES,Fruits,eicosane,Hydrocarbons,0.02,0.02
MANGO (canned juice) (Mangifera indica L.),MANGIFERA SPECIES,Fruits,(Z)-β-ocimene,Hydrocarbons,0.87,0.87
MANGO (canned juice) (Mangifera indica L.),MANGIFERA SPECIES,Fruits,(E)-β-ocimene,Hydrocarbons,0.76,0.76
MANGO (canned juice) (Mangifera indica L.),MANGIFERA SPECIES,Fruits,"(4Z,6Z)-allo-ocimene (=(Z,Z)-alloocimene)",Hydrocarbons,,
MANGO (canned juice) (Mangifera indica L.),MANGIFERA SPECIES,Fruits,"(4E,6E)-allo-ocimene (= (E,E-alloocimene)",Hydrocarbons,,
MANGO (canned juice) (Mangifera indica L.),MANGIFERA SPECIES,Fruits,β-myrcene (=myrcene),Hydrocarbons,1.35,1.35
MANGO (canned juice) (Mangifera indica L.),MANGIFERA SPECIES,Fruits,cyclopentane,Hydrocarbons,,
MANGO (canned juice) (Mangifera indica L.),MANGIFERA SPECIES,Fruits,α-terpinene,Hydrocarbons,0.03,0.03
MANGO (canned juice) (Mangifera indica L.),MANGIFERA SPECIES,Fruits,terpinolene,Hydrocarbons,0.539,0.539
MANGO (canned juice) (Mangifera indica L.),MANGIFERA SPECIES,Fruits,limonene,Hydrocarbons,2.26,2.26
MANGO (canned juice) (Mangifera indica L.),MANGIFERA SPECIES,Fruits,β-elemene,Hydrocarbons,0.025,0.025
MANGO (canned juice) (Mangifera indica L.),MANGIFERA SPECIES,Fruits,α-humulene (=humulene),Hydrocarbons,0.37,0.37
MANGO (canned juice) (Mangifera indica L.),MANGIFERA SPECIES,Fruits,α-pinene,Hydrocarbons,0.295,0.295
MANGO (canned juice) (Mangifera indica L.),MANGIFERA SPECIES,Fruits,β-pinene,Hydrocarbons,0.03,0.03
MANGO (canned juice) (Mangifera indica L.),MANGIFERA SPECIES,Fruits,3-carene,Hydrocarbons,0.195,0.195
MANGO (canned juice) (Mangifera indica L.),MANGIFERA SPECIES,Fruits,α-cadinene,Hydrocarbons,0.165,0.165
MANGO (canned juice) (Mangifera indica L.),MANGIFERA SPECIES,Fruits,cubenene,Hydrocarbons,0.07,0.07
MANGO (canned juice) (Mangifera indica L.),MANGIFERA SPECIES,Fruits,"α-selinene (=5β,7α,10α-selina-3,11-diene)",Hydrocarbons,0.045,0.045
MANGO (canned juice) (Mangifera indica L.),MANGIFERA SPECIES,Fruits,"β-selinene (=4(14),11-selinadiene)",Hydrocarbons,0.045,0.045
MANGO (canned juice) (Mangifera indica L.),MANGIFERA SPECIES,Fruits,β-caryophyllene,Hydrocarbons,0.655,0.655
MANGO (canned juice) (Mangifera indica L.),MANGIFERA SPECIES,Fruits,γ-caryophyllene (=isocaryophyllene),Hydrocarbons,,
MANGO (canned juice) (Mangifera indica L.),MANGIFERA SPECIES,Fruits,α-copaene (=copaene),Hydrocarbons,0.035,0.035
MANGO (canned juice) (Mangifera indica L.),MANGIFERA SPECIES,Fruits,α-gurjunene,Hydrocarbons,0.045,0.045
MANGO (canned juice) (Mangifera indica L.),MANGIFERA SPECIES,Fruits,2-methyl-1-propanol (=isobutanol),Alcohols,0.155,0.155
MANGO (canned juice) (Mangifera indica L.),MANGIFERA SPECIES,Fruits,1-butanol,Alcohols,0.135,0.135
MANGO (canned juice) (Mangifera indica L.),MANGIFERA SPECIES,Fruits,2-butanol (=sec-butanol),Alcohols,,
MANGO (canned juice) (Mangifera indica L.),MANGIFERA SPECIES,Fruits,3-methyl-1-butanol (=isoamyl alcohol),Alcohols,,
MANGO (canned juice) (Mangifera indica L.),MANGIFERA SPECIES,Fruits,3-methyl-2-buten-1-ol (=prenol),Alcohols,0.01,0.01
MANGO (canned juice) (Mangifera indica L.),MANGIFERA SPECIES,Fruits,2-methyl-3-buten-2-ol,Alcohols,,
MANGO (canned juice) (Mangifera indica L.),MANGIFERA SPECIES,Fruits,1-pentanol (=amyl alcohol),Alcohols,0.01,0.01
MANGO (canned juice) (Mangifera indica L.),MANGIFERA SPECIES,Fruits,2-pentanol,Alcohols,0.01,0.01
MANGO (canned juice) (Mangifera indica L.),MANGIFERA SPECIES,Fruits,1-penten-3-ol,Alcohols,0.105,0.105
MANGO (canned juice) (Mangifera indica L.),MANGIFERA SPECIES,Fruits,1-hexanol,Alcohols,0.01,0.01
MANGO (canned juice) (Mangifera indica L.),MANGIFERA SPECIES,Fruits,(E)-2-hexen-1-ol,Alcohols,0.01,0.01
MANGO (canned juice) (Mangifera indica L.),MANGIFERA SPECIES,Fruits,(Z)-3-hexen-1-ol (=leaf alcohol),Alcohols,0.01,0.01
MANGO (canned juice) (Mangifera indica L.),MANGIFERA SPECIES,Fruits,geraniol,Alcohols,0.03,0.03
MANGO (canned juice) (Mangifera indica L.),MANGIFERA SPECIES,Fruits,linalool,Alcohols,0.02,0.02
MANGO (canned juice) (Mangifera indica L.),MANGIFERA SPECIES,Fruits,2-phenylethanol (=phenethyl alcohol),Alcohols,0.105,0.105
MANGO (canned juice) (Mangifera indica L.),MANGIFERA SPECIES,Fruits,α-terpineol,Alcohols,0.665,0.665
MANGO (canned juice) (Mangifera indica L.),MANGIFERA SPECIES,Fruits,β-terpineol,Alcohols,0.01,0.01
MANGO (canned juice) (Mangifera indica L.),MANGIFERA SPECIES,Fruits,4-terpineol (=terpinen-4-ol),Alcohols,0.01,0.01
MANGO (canned juice) (Mangifera indica L.),MANGIFERA SPECIES,Fruits,"trans-carveol (=trans-p-1(6),8-menthadien-2-ol)",Alcohols,0.04,0.04
MANGO (canned juice) (Mangifera indica L.),MANGIFERA SPECIES,Fruits,cadinol (unkn.str.),Alcohols,0.04,0.04
MANGO (canned juice) (Mangifera indica L.),MANGIFERA SPECIES,Fruits,cubenol,Alcohols,0.045,0.045
MANGO (canned juice) (Mangifera indica L.),MANGIFERA SPECIES,Fruits,11-selinen-4-ol,Alcohols,0.1,0.1
MANGO (canned juice) (Mangifera indica L.),MANGIFERA SPECIES,Fruits,globulol,Alcohols,0.02,0.02
MANGO (canned juice) (Mangifera indica L.),MANGIFERA SPECIES,Fruits,(E)-2-nonenal,"Carbonyls, aldehydes",0.005,0.005
MANGO (canned juice) (Mangifera indica L.),MANGIFERA SPECIES,Fruits,"(E,Z)-2,6-nonadienal","Carbonyls, aldehydes",0.065,0.065
MANGO (canned juice) (Mangifera indica L.),MANGIFERA SPECIES,Fruits,3-hydroxy-2-butanone (=acetoin),"Carbonyls, ketones",0.065,0.065
MANGO (canned juice) (Mangifera indica L.),MANGIFERA SPECIES,Fruits,(E)-β-ionone,"Carbonyls, ketones",,
MANGO (canned juice) (Mangifera indica L.),MANGIFERA SPECIES,Fruits,acetic acid,Acids,,
MANGO (canned juice) (Mangifera indica L.),MANGIFERA SPECIES,Fruits,ethyl acetate,Esters,,
MANGO (canned juice) (Mangifera indica L.),MANGIFERA SPECIES,Fruits,"isopentyl acetate (=3-methylbutyl acetate, isoamyl acetate)",Esters,0.05,0.05
MANGO (canned juice) (Mangifera indica L.),MANGIFERA SPECIES,Fruits,methyl 2-oxopropanoate (=methyl pyruvate),Esters,,
MANGO (canned juice) (Mangifera indica L.),MANGIFERA SPECIES,Fruits,methyl butanoate,Esters,,
MANGO (canned juice) (Mangifera indica L.),MANGIFERA SPECIES,Fruits,ethyl butanoate,Esters,0.02,0.02
MANGO (canned juice) (Mangifera indica L.),MANGIFERA SPECIES,Fruits,butyl butanoate,Esters,,
MANGO (canned juice) (Mangifera indica L.),MANGIFERA SPECIES,Fruits,isobutyl butanoate,Esters,,
MANGO (canned juice) (Mangifera indica L.),MANGIFERA SPECIES,Fruits,"isopentyl butanoate (=3-methylbutyl butanoate, isoamyl butyrate)",Esters,0.01,0.01
MANGO (canned juice) (Mangifera indica L.),MANGIFERA SPECIES,Fruits,ethyl 2-methylbutanoate,Esters,,
MANGO (canned juice) (Mangifera indica L.),MANGIFERA SPECIES,Fruits,ethyl 3-hydroxybutanoate,Esters,0.065,0.065
MANGO (canned juice) (Mangifera indica L.),MANGIFERA SPECIES,Fruits,butyl 3-hydroxybutanoate,Esters,0.025,0.025
MANGO (canned juice) (Mangifera indica L.),MANGIFERA SPECIES,Fruits,isobutyl 3-hydroxybutanoate,Esters,0.025,0.025
MANGO (canned juice) (Mangifera indica L.),MANGIFERA SPECIES,Fruits,ethyl octanoate (=ethyl caprylate),Esters,0.03,0.03
MANGO (canned juice) (Mangifera indica L.),MANGIFERA SPECIES,Fruits,ethyl decanoate (=ethyl caprate),Esters,0.035,0.035
MANGO (canned juice) (Mangifera indica L.),MANGIFERA SPECIES,Fruits,ethyl dodecanoate (=ethyl laurate),Esters,0.03,0.03
MANGO (canned juice) (Mangifera indica L.),MANGIFERA SPECIES,Fruits,ethyl tetradecanoate (=ethyl myristate),Esters,0.01,0.01
MANGO (canned juice) (Mangifera indica L.),MANGIFERA SPECIES,Fruits,ethyl hexadecanoate (=ethyl palmitate),Esters,0.02,0.02
MANGO (canned juice) (Mangifera indica L.),MANGIFERA SPECIES,Fruits,"4-hydroxybutanoic acid lactone (=dihydro-2(3H)-furanone, 4-butanolide, γ-butyrolactone)",Lactones,,
MANGO (canned juice) (Mangifera indica L.),MANGIFERA SPECIES,Fruits,4-hydroxy-2-methylbutanoic acid lactone (=3-methyl-tetrahydrofuran-2-one),Lactones,,
MANGO (canned juice) (Mangifera indica L.),MANGIFERA SPECIES,Fruits,"4-hydroxyhexanoic acid lactone (=γ-hexalactone, γ-caprolactone, 4-hexanolide)",Lactones,0.01,0.01
MANGO (canned juice) (Mangifera indica L.),MANGIFERA SPECIES,Fruits,"4-hydroxyheptanoic acid lactone (=4-heptanolide, γ-heptalactone)",Lactones,,
MANGO (canned juice) (Mangifera indica L.),MANGIFERA SPECIES,Fruits,"4-hydroxyoctanoic acid lactone (=4-octanolide, γ-octalactone, 5-butyldihydro-2(3H)-furanone)",Lactones,0.06,0.06
MANGO (canned juice) (Mangifera indica L.),MANGIFERA SPECIES,Fruits,"5-hydroxyoctanoic acid lactone (=5-octanolide, δ-octalactone)",Lactones,,
MANGO (canned juice) (Mangifera indica L.),MANGIFERA SPECIES,Fruits,"4-hydroxynonanoic acid lactone (=4-nonanolide, γ-nonalactone)",Lactones,,
MANGO (canned juice) (Mangifera indica L.),MANGIFERA SPECIES,Fruits,"4-hydroxydecanoic acid lactone (=4-decanolide, γ-decalactone)",Lactones,,
MANGO (canned juice) (Mangifera indica L.),MANGIFERA SPECIES,Fruits,"linalool oxide B (cis, 5-ring)",Furans,,
MANGO (canned juice) (Mangifera indica L.),MANGIFERA SPECIES,Fruits,"linalool oxide A (trans, 5-ring)",Furans,,
MANGO (canned juice) (Mangifera indica L.),MANGIFERA SPECIES,Fruits,"furfural (=2-formylfuran, 2-furancarbaldehyde, 2-furaldehyde)",Furans,0.415,0.415
MANGO (canned juice) (Mangifera indica L.),MANGIFERA SPECIES,Fruits,5-methylfurfural,Furans,,
MANGO (canned juice) (Mangifera indica L.),MANGIFERA SPECIES,Fruits,"2,5-dimethyl-3(2H)-furanone",Furans,,
MANGO (canned juice) (Mangifera indica L.),MANGIFERA SPECIES,Fruits,"4-methoxy-2,5-dimethyl-3(2H)-furanone (=mesifurane)",Furans,0.06,0.06
MANGO (canned juice) (Mangifera indica L.),MANGIFERA SPECIES,Fruits,"2-acetylfuran (=2-furyl methyl ketone, 1-(2-furyl)ethanone)",Furans,,
MANGO (canned juice) (Mangifera indica L.),MANGIFERA SPECIES,Fruits,humulene epoxide II,"(Ep)oxides, pyrans, coumarins",0.01,0.01
MANGO (canned juice) (Mangifera indica L.),MANGIFERA SPECIES,Fruits,β-caryophyllene oxide,"(Ep)oxides, pyrans, coumarins",0.01,0.01
MANGO (canned juice) (Mangifera indica L.),MANGIFERA SPECIES,Fruits,cis-linalool oxide (unkn.str.),"(Ep)oxides, pyrans, coumarins",0.01,0.01
BACHANG (Mangifera foetida Lour.),MANGIFERA SPECIES,Fruits,(E)-β-ocimene,Hydrocarbons,,
BACHANG (Mangifera foetida Lour.),MANGIFERA SPECIES,Fruits,β-myrcene (=myrcene),Hydrocarbons,,
BACHANG (Mangifera foetida Lour.),MANGIFERA SPECIES,Fruits,β-phellandrene,Hydrocarbons,,
BACHANG (Mangifera foetida Lour.),MANGIFERA SPECIES,Fruits,terpinolene,Hydrocarbons,,
BACHANG (Mangifera foetida Lour.),MANGIFERA SPECIES,Fruits,limonene,Hydrocarbons,,
BACHANG (Mangifera foetida Lour.),MANGIFERA SPECIES,Fruits,α-humulene (=humulene),Hydrocarbons,,
BACHANG (Mangifera foetida Lour.),MANGIFERA SPECIES,Fruits,α-pinene,Hydrocarbons,,
BACHANG (Mangifera foetida Lour.),MANGIFERA SPECIES,Fruits,β-pinene,Hydrocarbons,,
BACHANG (Mangifera foetida Lour.),MANGIFERA SPECIES,Fruits,camphene,Hydrocarbons,,
BACHANG (Mangifera foetida Lour.),MANGIFERA SPECIES,Fruits,trans-caryophyllene,Hydrocarbons,,
BACHANG (Mangifera foetida Lour.),MANGIFERA SPECIES,Fruits,1-isopropyl-4-methylbenzene (=p-cymene),Hydrocarbons,,
BACHANG (Mangifera foetida Lour.),MANGIFERA SPECIES,Fruits,"1-isopropenyl-4-methylbenzene (=α,p-dimethyl styrene, p-cymenene, dehydro-p-cymene)",Hydrocarbons,,
BACHANG (Mangifera foetida Lour.),MANGIFERA SPECIES,Fruits,2-methyl-1-propanol (=isobutanol),Alcohols,,
BACHANG (Mangifera foetida Lour.),MANGIFERA SPECIES,Fruits,1-butanol,Alcohols,,
BACHANG (Mangifera foetida Lour.),MANGIFERA SPECIES,Fruits,3-methyl-1-butanol (=isoamyl alcohol),Alcohols,,
BACHANG (Mangifera foetida Lour.),MANGIFERA SPECIES,Fruits,1-pentanol (=amyl alcohol),Alcohols,,
BACHANG (Mangifera foetida Lour.),MANGIFERA SPECIES,Fruits,2-pentanol,Alcohols,,
BACHANG (Mangifera foetida Lour.),MANGIFERA SPECIES,Fruits,3-penten-2-ol,Alcohols,,
BACHANG (Mangifera foetida Lour.),MANGIFERA SPECIES,Fruits,1-hexanol,Alcohols,,
BACHANG (Mangifera foetida Lour.),MANGIFERA SPECIES,Fruits,(Z)-3-hexen-1-ol (=leaf alcohol),Alcohols,,
BACHANG (Mangifera foetida Lour.),MANGIFERA SPECIES,Fruits,(E)-3-hexen-1-ol,Alcohols,,
BACHANG (Mangifera foetida Lour.),MANGIFERA SPECIES,Fruits,2-heptanol,Alcohols,,
BACHANG (Mangifera foetida Lour.),MANGIFERA SPECIES,Fruits,4-heptanol,Alcohols,,
BACHANG (Mangifera foetida Lour.),MANGIFERA SPECIES,Fruits,1-octanol,Alcohols,,
BACHANG (Mangifera foetida Lour.),MANGIFERA SPECIES,Fruits,nerol,Alcohols,,
BACHANG (Mangifera foetida Lour.),MANGIFERA SPECIES,Fruits,linalool,Alcohols,,
BACHANG (Mangifera foetida Lour.),MANGIFERA SPECIES,Fruits,nerolidol,Alcohols,,
BACHANG (Mangifera foetida Lour.),MANGIFERA SPECIES,Fruits,benzyl alcohol (=benzenemethanol),Alcohols,,
BACHANG (Mangifera foetida Lour.),MANGIFERA SPECIES,Fruits,2-phenylethanol (=phenethyl alcohol),Alcohols,,
BACHANG (Mangifera foetida Lour.),MANGIFERA SPECIES,Fruits,"p-cymen-8-ol (=α,α,p-trimethyl-benzyl alcohol)",Alcohols,,
BACHANG (Mangifera foetida Lour.),MANGIFERA SPECIES,Fruits,α-terpineol,Alcohols,,
BACHANG (Mangifera foetida Lour.),MANGIFERA SPECIES,Fruits,4-terpineol (=terpinen-4-ol),Alcohols,,
BACHANG (Mangifera foetida Lour.),MANGIFERA SPECIES,Fruits,fenchol (=fenchyl alcohol),Alcohols,,
BACHANG (Mangifera foetida Lour.),MANGIFERA SPECIES,Fruits,globulol,Alcohols,,
BACHANG (Mangifera foetida Lour.),MANGIFERA SPECIES,Fruits,hexanal (=capronaldehyde),"Carbonyls, aldehydes",,
BACHANG (Mangifera foetida Lour.),MANGIFERA SPECIES,Fruits,(E)-2-hexenal (=leaf aldehyde),"Carbonyls, aldehydes",,
BACHANG (Mangifera foetida Lour.),MANGIFERA SPECIES,Fruits,myrtenal,"Carbonyls, aldehydes",,
BACHANG (Mangifera foetida Lour.),MANGIFERA SPECIES,Fruits,3-hydroxy-2-butanone (=acetoin),"Carbonyls, ketones",,
BACHANG (Mangifera foetida Lour.),MANGIFERA SPECIES,Fruits,2-pentanone,"Carbonyls, ketones",,
BACHANG (Mangifera foetida Lour.),MANGIFERA SPECIES,Fruits,3-penten-2-one,"Carbonyls, ketones",,
BACHANG (Mangifera foetida Lour.),MANGIFERA SPECIES,Fruits,"2,3-pentanedione (=acetylpropionyl)","Carbonyls, ketones",,
BACHANG (Mangifera foetida Lour.),MANGIFERA SPECIES,Fruits,4-heptanone,"Carbonyls, ketones",,
BACHANG (Mangifera foetida Lour.),MANGIFERA SPECIES,Fruits,2-nonanone,"Carbonyls, ketones",,
BACHANG (Mangifera foetida Lour.),MANGIFERA SPECIES,Fruits,butanoic acid (=butyric acid),Acids,,
BACHANG (Mangifera foetida Lour.),MANGIFERA SPECIES,Fruits,2-methylbutanoic acid,Acids,,
BACHANG (Mangifera foetida Lour.),MANGIFERA SPECIES,Fruits,hexanoic acid (=caproic acid),Acids,,
BACHANG (Mangifera foetida Lour.),MANGIFERA SPECIES,Fruits,butyl acetate,Esters,,
BACHANG (Mangifera foetida Lour.),MANGIFERA SPECIES,Fruits,bornyl acetate,Esters,,
BACHANG (Mangifera foetida Lour.),MANGIFERA SPECIES,Fruits,ethyl propanoate,Esters,,
BACHANG (Mangifera foetida Lour.),MANGIFERA SPECIES,Fruits,methyl butanoate,Esters,,
BACHANG (Mangifera foetida Lour.),MANGIFERA SPECIES,Fruits,ethyl butanoate,Esters,,
BACHANG (Mangifera foetida Lour.),MANGIFERA SPECIES,Fruits,butyl butanoate,Esters,,
BACHANG (Mangifera foetida Lour.),MANGIFERA SPECIES,Fruits,hexyl butanoate,Esters,,
BACHANG (Mangifera foetida Lour.),MANGIFERA SPECIES,Fruits,phenethyl butanoate,Esters,,
BACHANG (Mangifera foetida Lour.),MANGIFERA SPECIES,Fruits,methyl (E)-2-butenoate (=methyl (E)-crotonate),Esters,,
BACHANG (Mangifera foetida Lour.),MANGIFERA SPECIES,Fruits,ethyl (E)-2-butenoate (=ethyl (E)-crotonate),Esters,,
BACHANG (Mangifera foetida Lour.),MANGIFERA SPECIES,Fruits,ethyl 2-methylbutanoate,Esters,,
BACHANG (Mangifera foetida Lour.),MANGIFERA SPECIES,Fruits,ethyl 3-methylbutanoate (=ethyl isovalerate),Esters,,
BACHANG (Mangifera foetida Lour.),MANGIFERA SPECIES,Fruits,ethyl (E)-2-methyl-2-butenoate (=ethyl tiglate),Esters,,
BACHANG (Mangifera foetida Lour.),MANGIFERA SPECIES,Fruits,methyl 3-hydroxybutanoate,Esters,,
BACHANG (Mangifera foetida Lour.),MANGIFERA SPECIES,Fruits,ethyl 3-hydroxybutanoate,Esters,,
BACHANG (Mangifera foetida Lour.),MANGIFERA SPECIES,Fruits,ethyl hexanoate (=ethyl caproate),Esters,,
BACHANG (Mangifera foetida Lour.),MANGIFERA SPECIES,Fruits,butyl hexanoate,Esters,,
BACHANG (Mangifera foetida Lour.),MANGIFERA SPECIES,Fruits,ethyl 2-hexenoate,Esters,,
BACHANG (Mangifera foetida Lour.),MANGIFERA SPECIES,Fruits,ethyl 3-hydroxyhexanoate,Esters,,
BACHANG (Mangifera foetida Lour.),MANGIFERA SPECIES,Fruits,ethyl octanoate (=ethyl caprylate),Esters,,
BACHANG (Mangifera foetida Lour.),MANGIFERA SPECIES,Fruits,ethyl 3-hydroxyoctanoate,Esters,,
BACHANG (Mangifera foetida Lour.),MANGIFERA SPECIES,Fruits,ethyl dodecanoate (=ethyl laurate),Esters,,
BACHANG (Mangifera foetida Lour.),MANGIFERA SPECIES,Fruits,ethyl tetradecanoate (=ethyl myristate),Esters,,
BACHANG (Mangifera foetida Lour.),MANGIFERA SPECIES,Fruits,"4-hydroxybutanoic acid lactone (=dihydro-2(3H)-furanone, 4-butanolide, γ-butyrolactone)",Lactones,,
BACHANG (Mangifera foetida Lour.),MANGIFERA SPECIES,Fruits,"4-hydroxyhexanoic acid lactone (=γ-hexalactone, γ-caprolactone, 4-hexanolide)",Lactones,,
BACHANG (Mangifera foetida Lour.),MANGIFERA SPECIES,Fruits,"5-hydroxyhexanoic acid lactone (=δ-caprolactone, δ-hexalactone)",Lactones,,
BACHANG (Mangifera foetida Lour.),MANGIFERA SPECIES,Fruits,"4-hydroxyoctanoic acid lactone (=4-octanolide, γ-octalactone, 5-butyldihydro-2(3H)-furanone)",Lactones,,
BACHANG (Mangifera foetida Lour.),MANGIFERA SPECIES,Fruits,"5-hydroxyoctanoic acid lactone (=5-octanolide, δ-octalactone)",Lactones,,
BACHANG (Mangifera foetida Lour.),MANGIFERA SPECIES,Fruits,carvacrol (=5-isopropyl-2-methylphenol),Phenols,,
BACHANG (Mangifera foetida Lour.),MANGIFERA SPECIES,Fruits,4-ethyl-2-methoxyphenol (=4-ethylguaiacol),Phenols,,
BACHANG (Mangifera foetida Lour.),MANGIFERA SPECIES,Fruits,"linalool oxide B (cis, 5-ring)",Furans,,
BACHANG (Mangifera foetida Lour.),MANGIFERA SPECIES,Fruits,"linalool oxide A (trans, 5-ring)",Furans,,
BACHANG (Mangifera foetida Lour.),MANGIFERA SPECIES,Fruits,"furfural (=2-formylfuran, 2-furancarbaldehyde, 2-furaldehyde)",Furans,,
KUINI (Mangifera odorata Griff.),MANGIFERA SPECIES,Fruits,(Z)-β-ocimene,Hydrocarbons,,
KUINI (Mangifera odorata Griff.),MANGIFERA SPECIES,Fruits,(E)-β-ocimene,Hydrocarbons,,
KUINI (Mangifera odorata Griff.),MANGIFERA SPECIES,Fruits,β-myrcene (=myrcene),Hydrocarbons,,
KUINI (Mangifera odorata Griff.),MANGIFERA SPECIES,Fruits,β-phellandrene,Hydrocarbons,,
KUINI (Mangifera odorata Griff.),MANGIFERA SPECIES,Fruits,α-terpinene,Hydrocarbons,,
KUINI (Mangifera odorata Griff.),MANGIFERA SPECIES,Fruits,terpinolene,Hydrocarbons,,
KUINI (Mangifera odorata Griff.),MANGIFERA SPECIES,Fruits,limonene,Hydrocarbons,,
KUINI (Mangifera odorata Griff.),MANGIFERA SPECIES,Fruits,α-pinene,Hydrocarbons,,
KUINI (Mangifera odorata Griff.),MANGIFERA SPECIES,Fruits,camphene,Hydrocarbons,,
KUINI (Mangifera odorata Griff.),MANGIFERA SPECIES,Fruits,1-isopropyl-4-methylbenzene (=p-cymene),Hydrocarbons,,
KUINI (Mangifera odorata Griff.),MANGIFERA SPECIES,Fruits,"1-isopropenyl-4-methylbenzene (=α,p-dimethyl styrene, p-cymenene, dehydro-p-cymene)",Hydrocarbons,,
KUINI (Mangifera odorata Griff.),MANGIFERA SPECIES,Fruits,2-methyl-1-propanol (=isobutanol),Alcohols,,
KUINI (Mangifera odorata Griff.),MANGIFERA SPECIES,Fruits,1-butanol,Alcohols,,
KUINI (Mangifera odorata Griff.),MANGIFERA SPECIES,Fruits,3-methyl-1-butanol (=isoamyl alcohol),Alcohols,,
KUINI (Mangifera odorata Griff.),MANGIFERA SPECIES,Fruits,3-methyl-2-buten-1-ol (=prenol),Alcohols,,
KUINI (Mangifera odorata Griff.),MANGIFERA SPECIES,Fruits,2-methyl-3-buten-2-ol,Alcohols,,
KUINI (Mangifera odorata Griff.),MANGIFERA SPECIES,Fruits,1-hexanol,Alcohols,,
KUINI (Mangifera odorata Griff.),MANGIFERA SPECIES,Fruits,(Z)-3-hexen-1-ol (=leaf alcohol),Alcohols,,
KUINI (Mangifera odorata Griff.),MANGIFERA SPECIES,Fruits,1-octanol,Alcohols,,
KUINI (Mangifera odorata Griff.),MANGIFERA SPECIES,Fruits,nerol,Alcohols,,
KUINI (Mangifera odorata Griff.),MANGIFERA SPECIES,Fruits,linalool,Alcohols,,
KUINI (Mangifera odorata Griff.),MANGIFERA SPECIES,Fruits,nerolidol,Alcohols,,
KUINI (Mangifera odorata Griff.),MANGIFERA SPECIES,Fruits,2-phenylethanol (=phenethyl alcohol),Alcohols,,
KUINI (Mangifera odorata Griff.),MANGIFERA SPECIES,Fruits,"p-cymen-8-ol (=α,α,p-trimethyl-benzyl alcohol)",Alcohols,,
KUINI (Mangifera odorata Griff.),MANGIFERA SPECIES,Fruits,α-terpineol,Alcohols,,
KUINI (Mangifera odorata Griff.),MANGIFERA SPECIES,Fruits,4-terpineol (=terpinen-4-ol),Alcohols,,
KUINI (Mangifera odorata Griff.),MANGIFERA SPECIES,Fruits,fenchol (=fenchyl alcohol),Alcohols,,
KUINI (Mangifera odorata Griff.),MANGIFERA SPECIES,Fruits,3-hydroxy-2-butanone (=acetoin),"Carbonyls, ketones",,
KUINI (Mangifera odorata Griff.),MANGIFERA SPECIES,Fruits,2-pentanone,"Carbonyls, ketones",,
KUINI (Mangifera odorata Griff.),MANGIFERA SPECIES,Fruits,3-penten-2-one,"Carbonyls, ketones",,
KUINI (Mangifera odorata Griff.),MANGIFERA SPECIES,Fruits,butanoic acid (=butyric acid),Acids,,
KUINI (Mangifera odorata Griff.),MANGIFERA SPECIES,Fruits,2-methylbutanoic acid,Acids,,
KUINI (Mangifera odorata Griff.),MANGIFERA SPECIES,Fruits,hexanoic acid (=caproic acid),Acids,,
KUINI (Mangifera odorata Griff.),MANGIFERA SPECIES,Fruits,diethyl carbonate,Esters,,
KUINI (Mangifera odorata Griff.),MANGIFERA SPECIES,Fruits,butyl acetate,Esters,,
KUINI (Mangifera odorata Griff.),MANGIFERA SPECIES,Fruits,ethyl propanoate,Esters,,
KUINI (Mangifera odorata Griff.),MANGIFERA SPECIES,Fruits,ethyl 2-methylpropanoate (=ethyl isobutyrate),Esters,,
KUINI (Mangifera odorata Griff.),MANGIFERA SPECIES,Fruits,methyl butanoate,Esters,,
KUINI (Mangifera odorata Griff.),MANGIFERA SPECIES,Fruits,ethyl butanoate,Esters,,
KUINI (Mangifera odorata Griff.),MANGIFERA SPECIES,Fruits,butyl butanoate,Esters,,
KUINI (Mangifera odorata Griff.),MANGIFERA SPECIES,Fruits,methyl (E)-2-butenoate (=methyl (E)-crotonate),Esters,,
KUINI (Mangifera odorata Griff.),MANGIFERA SPECIES,Fruits,ethyl (E)-2-butenoate (=ethyl (E)-crotonate),Esters,,
KUINI (Mangifera odorata Griff.),MANGIFERA SPECIES,Fruits,ethyl 2-methylbutanoate,Esters,,
KUINI (Mangifera odorata Griff.),MANGIFERA SPECIES,Fruits,ethyl 3-methylbutanoate (=ethyl isovalerate),Esters,,
KUINI (Mangifera odorata Griff.),MANGIFERA SPECIES,Fruits,ethyl (E)-2-methyl-2-butenoate (=ethyl tiglate),Esters,,
KUINI (Mangifera odorata Griff.),MANGIFERA SPECIES,Fruits,methyl 3-hydroxybutanoate,Esters,,
KUINI (Mangifera odorata Griff.),MANGIFERA SPECIES,Fruits,ethyl 3-hydroxybutanoate,Esters,,
KUINI (Mangifera odorata Griff.),MANGIFERA SPECIES,Fruits,butyl 3-hydroxybutanoate,Esters,,
KUINI (Mangifera odorata Griff.),MANGIFERA SPECIES,Fruits,ethyl hexanoate (=ethyl caproate),Esters,,
KUINI (Mangifera odorata Griff.),MANGIFERA SPECIES,Fruits,ethyl 2-hexenoate,Esters,,
KUINI (Mangifera odorata Griff.),MANGIFERA SPECIES,Fruits,ethyl octanoate (=ethyl caprylate),Esters,,
KUINI (Mangifera odorata Griff.),MANGIFERA SPECIES,Fruits,ethyl 3-hydroxyoctanoate,Esters,,
KUINI (Mangifera odorata Griff.),MANGIFERA SPECIES,Fruits,ethyl tetradecanoate (=ethyl myristate),Esters,,
KUINI (Mangifera odorata Griff.),MANGIFERA SPECIES,Fruits,diethyl succinate (=diethyl butanedioate),Esters,,
KUINI (Mangifera odorata Griff.),MANGIFERA SPECIES,Fruits,"4-hydroxybutanoic acid lactone (=dihydro-2(3H)-furanone, 4-butanolide, γ-butyrolactone)",Lactones,,
KUINI (Mangifera odorata Griff.),MANGIFERA SPECIES,Fruits,"4-hydroxyhexanoic acid lactone (=γ-hexalactone, γ-caprolactone, 4-hexanolide)",Lactones,,
KUINI (Mangifera odorata Griff.),MANGIFERA SPECIES,Fruits,"5-hydroxyhexanoic acid lactone (=δ-caprolactone, δ-hexalactone)",Lactones,,
KUINI (Mangifera odorata Griff.),MANGIFERA SPECIES,Fruits,"4-hydroxyoctanoic acid lactone (=4-octanolide, γ-octalactone, 5-butyldihydro-2(3H)-furanone)",Lactones,,
KUINI (Mangifera odorata Griff.),MANGIFERA SPECIES,Fruits,"5-hydroxyoctanoic acid lactone (=5-octanolide, δ-octalactone)",Lactones,,
KUINI (Mangifera odorata Griff.),MANGIFERA SPECIES,Fruits,ethyl (methylthio)acetate,Sulfur compounds,,
KUINI (Mangifera odorata Griff.),MANGIFERA SPECIES,Fruits,"1,4-cineole",Ethers,,
KUINI (Mangifera odorata Griff.),MANGIFERA SPECIES,Fruits,"linalool oxide B (cis, 5-ring)",Furans,,
KUINI (Mangifera odorata Griff.),MANGIFERA SPECIES,Fruits,"linalool oxide A (trans, 5-ring)",Furans,,
KUINI (Mangifera odorata Griff.),MANGIFERA SPECIES,Fruits,"furfural (=2-formylfuran, 2-furancarbaldehyde, 2-furaldehyde)",Furans,,
KUINI (Mangifera odorata Griff.),MANGIFERA SPECIES,Fruits,5-methylfurfural,Furans,,
KUINI (Mangifera odorata Griff.),MANGIFERA SPECIES,Fruits,"linalool oxide D (cis, 6-ring)","(Ep)oxides, pyrans, coumarins",,
KUINI (Mangifera odorata Griff.),MANGIFERA SPECIES,Fruits,"linalool oxide C (trans, 6-ring)","(Ep)oxides, pyrans, coumarins",,
BAMBANGAN (Mangifera panjang Kostermans),MANGIFERA SPECIES,Fruits,(Z)-β-ocimene,Hydrocarbons,,
BAMBANGAN (Mangifera panjang Kostermans),MANGIFERA SPECIES,Fruits,(E)-β-ocimene,Hydrocarbons,,
BAMBANGAN (Mangifera panjang Kostermans),MANGIFERA SPECIES,Fruits,β-myrcene (=myrcene),Hydrocarbons,,
BAMBANGAN (Mangifera panjang Kostermans),MANGIFERA SPECIES,Fruits,α-phellandrene,Hydrocarbons,,
BAMBANGAN (Mangifera panjang Kostermans),MANGIFERA SPECIES,Fruits,β-phellandrene,Hydrocarbons,,
BAMBANGAN (Mangifera panjang Kostermans),MANGIFERA SPECIES,Fruits,α-terpinene,Hydrocarbons,,
BAMBANGAN (Mangifera panjang Kostermans),MANGIFERA SPECIES,Fruits,γ-terpinene,Hydrocarbons,,
BAMBANGAN (Mangifera panjang Kostermans),MANGIFERA SPECIES,Fruits,terpinolene,Hydrocarbons,,
BAMBANGAN (Mangifera panjang Kostermans),MANGIFERA SPECIES,Fruits,limonene,Hydrocarbons,,
BAMBANGAN (Mangifera panjang Kostermans),MANGIFERA SPECIES,Fruits,α-pinene,Hydrocarbons,,
BAMBANGAN (Mangifera panjang Kostermans),MANGIFERA SPECIES,Fruits,β-pinene,Hydrocarbons,,
BAMBANGAN (Mangifera panjang Kostermans),MANGIFERA SPECIES,Fruits,camphene,Hydrocarbons,,
BAMBANGAN (Mangifera panjang Kostermans),MANGIFERA SPECIES,Fruits,β-fenchene,Hydrocarbons,,
BAMBANGAN (Mangifera panjang Kostermans),MANGIFERA SPECIES,Fruits,α-copaene (=copaene),Hydrocarbons,,
BAMBANGAN (Mangifera panjang Kostermans),MANGIFERA SPECIES,Fruits,1-isopropyl-4-methylbenzene (=p-cymene),Hydrocarbons,,
BAMBANGAN (Mangifera panjang Kostermans),MANGIFERA SPECIES,Fruits,"1-isopropenyl-4-methylbenzene (=α,p-dimethyl styrene, p-cymenene, dehydro-p-cymene)",Hydrocarbons,,
BAMBANGAN (Mangifera panjang Kostermans),MANGIFERA SPECIES,Fruits,1-butanol,Alcohols,,
BAMBANGAN (Mangifera panjang Kostermans),MANGIFERA SPECIES,Fruits,3-methyl-1-butanol (=isoamyl alcohol),Alcohols,,
BAMBANGAN (Mangifera panjang Kostermans),MANGIFERA SPECIES,Fruits,3-methyl-2-buten-1-ol (=prenol),Alcohols,,
BAMBANGAN (Mangifera panjang Kostermans),MANGIFERA SPECIES,Fruits,2-methyl-3-buten-2-ol,Alcohols,,
BAMBANGAN (Mangifera panjang Kostermans),MANGIFERA SPECIES,Fruits,1-hexanol,Alcohols,,
BAMBANGAN (Mangifera panjang Kostermans),MANGIFERA SPECIES,Fruits,linalool,Alcohols,,
BAMBANGAN (Mangifera panjang Kostermans),MANGIFERA SPECIES,Fruits,α-terpineol,Alcohols,,
BAMBANGAN (Mangifera panjang Kostermans),MANGIFERA SPECIES,Fruits,hexanal (=capronaldehyde),"Carbonyls, aldehydes",,
BAMBANGAN (Mangifera panjang Kostermans),MANGIFERA SPECIES,Fruits,β-cyclocitral,"Carbonyls, aldehydes",,
BAMBANGAN (Mangifera panjang Kostermans),MANGIFERA SPECIES,Fruits,3-hydroxy-2-butanone (=acetoin),"Carbonyls, ketones",,
BAMBANGAN (Mangifera panjang Kostermans),MANGIFERA SPECIES,Fruits,camphor (=alcanfor),"Carbonyls, ketones",,
BAMBANGAN (Mangifera panjang Kostermans),MANGIFERA SPECIES,Fruits,fenchone,"Carbonyls, ketones",,
BAMBANGAN (Mangifera panjang Kostermans),MANGIFERA SPECIES,Fruits,verbenone (=2-pinen-4-one),"Carbonyls, ketones",,
BAMBANGAN (Mangifera panjang Kostermans),MANGIFERA SPECIES,Fruits,butyl acetate,Esters,,
BAMBANGAN (Mangifera panjang Kostermans),MANGIFERA SPECIES,Fruits,methyl butanoate,Esters,,
BAMBANGAN (Mangifera panjang Kostermans),MANGIFERA SPECIES,Fruits,ethyl butanoate,Esters,,
BAMBANGAN (Mangifera panjang Kostermans),MANGIFERA SPECIES,Fruits,propyl butanoate,Esters,,
BAMBANGAN (Mangifera panjang Kostermans),MANGIFERA SPECIES,Fruits,butyl butanoate,Esters,,
BAMBANGAN (Mangifera panjang Kostermans),MANGIFERA SPECIES,Fruits,isobutyl butanoate,Esters,,
BAMBANGAN (Mangifera panjang Kostermans),MANGIFERA SPECIES,Fruits,pentyl butanoate,Esters,,
BAMBANGAN (Mangifera panjang Kostermans),MANGIFERA SPECIES,Fruits,hexyl butanoate,Esters,,
BAMBANGAN (Mangifera panjang Kostermans),MANGIFERA SPECIES,Fruits,(Z)-3-hexenyl butanoate,Esters,,
BAMBANGAN (Mangifera panjang Kostermans),MANGIFERA SPECIES,Fruits,(E)-3-hexenyl butanoate,Esters,,
BAMBANGAN (Mangifera panjang Kostermans),MANGIFERA SPECIES,Fruits,ethyl 3-hydroxybutanoate,Esters,,
BAMBANGAN (Mangifera panjang Kostermans),MANGIFERA SPECIES,Fruits,butyl 3-hydroxybutanoate,Esters,,
BAMBANGAN (Mangifera panjang Kostermans),MANGIFERA SPECIES,Fruits,butyl pentanoate,Esters,,
BAMBANGAN (Mangifera panjang Kostermans),MANGIFERA SPECIES,Fruits,propyl hexanoate,Esters,,
BAMBANGAN (Mangifera panjang Kostermans),MANGIFERA SPECIES,Fruits,butyl hexanoate,Esters,,
BAMBANGAN (Mangifera panjang Kostermans),MANGIFERA SPECIES,Fruits,isopentyl hexanoate,Esters,,
BAMBANGAN (Mangifera panjang Kostermans),MANGIFERA SPECIES,Fruits,ethyl octanoate (=ethyl caprylate),Esters,,
BAMBANGAN (Mangifera panjang Kostermans),MANGIFERA SPECIES,Fruits,ethyl decanoate (=ethyl caprate),Esters,,
BAMBANGAN (Mangifera panjang Kostermans),MANGIFERA SPECIES,Fruits,"1,8-cineole (=eucalyptol)",Ethers,,
BINJAI (Mangifera caesia Jack),MANGIFERA SPECIES,Fruits,"1,4-dimethylbenzene (=p-xylene)",Hydrocarbons,,
BINJAI (Mangifera caesia Jack),MANGIFERA SPECIES,Fruits,2-methyl-1-propanol (=isobutanol),Alcohols,,
BINJAI (Mangifera caesia Jack),MANGIFERA SPECIES,Fruits,3-methyl-1-butanol (=isoamyl alcohol),Alcohols,,
BINJAI (Mangifera caesia Jack),MANGIFERA SPECIES,Fruits,3-methyl-3-buten-1-ol,Alcohols,,
BINJAI (Mangifera caesia Jack),MANGIFERA SPECIES,Fruits,(Z)-3-hexen-1-ol (=leaf alcohol),Alcohols,,
BINJAI (Mangifera caesia Jack),MANGIFERA SPECIES,Fruits,2-phenylethanol (=phenethyl alcohol),Alcohols,,
BINJAI (Mangifera caesia Jack),MANGIFERA SPECIES,Fruits,"2-methylpropanal (=isobutanal, isobutyraldehyde)","Carbonyls, aldehydes",,
BINJAI (Mangifera caesia Jack),MANGIFERA SPECIES,Fruits,"3-methylbutanal (=isopentanal, isovaleraldehyde)","Carbonyls, aldehydes",,
BINJAI (Mangifera caesia Jack),MANGIFERA SPECIES,Fruits,(E)-2-hexenal (=leaf aldehyde),"Carbonyls, aldehydes",,
BINJAI (Mangifera caesia Jack),MANGIFERA SPECIES,Fruits,2-butanone (=ethyl methyl ketone),"Carbonyls, ketones",,
BINJAI (Mangifera caesia Jack),MANGIFERA SPECIES,Fruits,3-hydroxy-2-butanone (=acetoin),"Carbonyls, ketones",,
BINJAI (Mangifera caesia Jack),MANGIFERA SPECIES,Fruits,"2,3-butanedione (=diacetyl)","Carbonyls, ketones",,
BINJAI (Mangifera caesia Jack),MANGIFERA SPECIES,Fruits,3-methylbutanoic acid (=isovaleric acid),Acids,,
BINJAI (Mangifera caesia Jack),MANGIFERA SPECIES,Fruits,ethyl acetate,Esters,,
BINJAI (Mangifera caesia Jack),MANGIFERA SPECIES,Fruits,"isopentyl acetate (=3-methylbutyl acetate, isoamyl acetate)",Esters,,
BINJAI (Mangifera caesia Jack),MANGIFERA SPECIES,Fruits,ethyl propanoate,Esters,,
BINJAI (Mangifera caesia Jack),MANGIFERA SPECIES,Fruits,phenethyl propanoate,Esters,,
BINJAI (Mangifera caesia Jack),MANGIFERA SPECIES,Fruits,ethyl 2-methylpropanoate (=ethyl isobutyrate),Esters,,
BINJAI (Mangifera caesia Jack),MANGIFERA SPECIES,Fruits,isobutyl 2-methylpropanoate (=isobutyl isobutyrate),Esters,,
BINJAI (Mangifera caesia Jack),MANGIFERA SPECIES,Fruits,methyl 2-methyl-2-propenoate (=methyl methacrylate),Esters,,
BINJAI (Mangifera caesia Jack),MANGIFERA SPECIES,Fruits,ethyl 2-methyl-2-propenoate (=ethyl methacrylate),Esters,,
BINJAI (Mangifera caesia Jack),MANGIFERA SPECIES,Fruits,methyl butanoate,Esters,,
BINJAI (Mangifera caesia Jack),MANGIFERA SPECIES,Fruits,ethyl butanoate,Esters,,
BINJAI (Mangifera caesia Jack),MANGIFERA SPECIES,Fruits,ethyl (E)-2-butenoate (=ethyl (E)-crotonate),Esters,,
BINJAI (Mangifera caesia Jack),MANGIFERA SPECIES,Fruits,ethyl 2-methylbutanoate,Esters,,
BINJAI (Mangifera caesia Jack),MANGIFERA SPECIES,Fruits,methyl 3-methylbutanoate (=methyl isovalerate),Esters,,
BINJAI (Mangifera caesia Jack),MANGIFERA SPECIES,Fruits,ethyl 3-methylbutanoate (=ethyl isovalerate),Esters,,
BINJAI (Mangifera caesia Jack),MANGIFERA SPECIES,Fruits,propyl 3-methylbutanoate (=propyl isovalerate),Esters,,
BINJAI (Mangifera caesia Jack),MANGIFERA SPECIES,Fruits,isobutyl 3-methylbutanoate (=isobutyl isovalerate),Esters,,
BINJAI (Mangifera caesia Jack),MANGIFERA SPECIES,Fruits,"isopentyl 3-methylbutanoate (=3-methylbutyl 3-methylbutanoate, isoamyl isovalerate)",Esters,,
BINJAI (Mangifera caesia Jack),MANGIFERA SPECIES,Fruits,phenethyl 3-methylbutanoate (=phenethyl isovalerate),Esters,,
BINJAI (Mangifera caesia Jack),MANGIFERA SPECIES,Fruits,methyl (E)-2-methyl-2-butenoate (=methyl tiglate),Esters,,
BINJAI (Mangifera caesia Jack),MANGIFERA SPECIES,Fruits,ethyl (E)-2-methyl-2-butenoate (=ethyl tiglate),Esters,,
BINJAI (Mangifera caesia Jack),MANGIFERA SPECIES,Fruits,ethyl 3-methyl-2-butenoate (=ethyl senecioate),Esters,,
BINJAI (Mangifera caesia Jack),MANGIFERA SPECIES,Fruits,ethyl 3-hydroxybutanoate,Esters,,
BINJAI (Mangifera caesia Jack),MANGIFERA SPECIES,Fruits,ethyl 2-hydroxy-3-methylbutanoate,Esters,,
BINJAI (Mangifera caesia Jack),MANGIFERA SPECIES,Fruits,methyl 3-hydroxy-3-methylbutanoate,Esters,,
BINJAI (Mangifera caesia Jack),MANGIFERA SPECIES,Fruits,ethyl 3-hydroxy-3-methylbutanoate,Esters,,
BINJAI (Mangifera caesia Jack),MANGIFERA SPECIES,Fruits,ethyl pentanoate,Esters,,
BINJAI (Mangifera caesia Jack),MANGIFERA SPECIES,Fruits,methyl hexanoate,Esters,,
BINJAI (Mangifera caesia Jack),MANGIFERA SPECIES,Fruits,ethyl hexanoate (=ethyl caproate),Esters,,
BINJAI (Mangifera caesia Jack),MANGIFERA SPECIES,Fruits,isobutyl hexanoate,Esters,,
BINJAI (Mangifera caesia Jack),MANGIFERA SPECIES,Fruits,ethyl (E)-2-hexenoate,Esters,,
BINJAI (Mangifera caesia Jack),MANGIFERA SPECIES,Fruits,ethyl (Z)-3-hexenoate,Esters,,
BINJAI (Mangifera caesia Jack),MANGIFERA SPECIES,Fruits,ethyl (E)-3-hexenoate,Esters,,
BINJAI (Mangifera caesia Jack),MANGIFERA SPECIES,Fruits,"ethyl 2,4-hexadienoate",Esters,,
BINJAI (Mangifera caesia Jack),MANGIFERA SPECIES,Fruits,"ethyl (E,E)-2,4-hexadienoate (=ethyl sorbate)",Esters,,
BINJAI (Mangifera caesia Jack),MANGIFERA SPECIES,Fruits,ethyl 3-hydroxyhexanoate,Esters,,
BINJAI (Mangifera caesia Jack),MANGIFERA SPECIES,Fruits,ethyl octanoate (=ethyl caprylate),Esters,,
BINJAI (Mangifera caesia Jack),MANGIFERA SPECIES,Fruits,isopentyl octanoate,Esters,,
BINJAI (Mangifera caesia Jack),MANGIFERA SPECIES,Fruits,ethyl (Z)-4-octenoate,Esters,,
BINJAI (Mangifera caesia Jack),MANGIFERA SPECIES,Fruits,ethyl decanoate (=ethyl caprate),Esters,,
BINJAI (Mangifera caesia Jack),MANGIFERA SPECIES,Fruits,ethyl dodecanoate (=ethyl laurate),Esters,,
BINJAI (Mangifera caesia Jack),MANGIFERA SPECIES,Fruits,ethyl benzoate,Esters,,
BINJAI (Mangifera caesia Jack),MANGIFERA SPECIES,Fruits,ethyl phenylacetate,Esters,,
BINJAI (Mangifera caesia Jack),MANGIFERA SPECIES,Fruits,"4-hydroxybutanoic acid lactone (=dihydro-2(3H)-furanone, 4-butanolide, γ-butyrolactone)",Lactones,,
BINJAI (Mangifera caesia Jack),MANGIFERA SPECIES,Fruits,4-hydroxy-3-methylbutanoic acid lactone,Lactones,,
BINJAI (Mangifera caesia Jack),MANGIFERA SPECIES,Fruits,"4-hydroxyhexanoic acid lactone (=γ-hexalactone, γ-caprolactone, 4-hexanolide)",Lactones,,
BINJAI (Mangifera caesia Jack),MANGIFERA SPECIES,Fruits,ethyl nicotinate,Bases,,
BINJAI (Mangifera caesia Jack),MANGIFERA SPECIES,Fruits,3-(methylthio)-1-propanol (=methionol),Sulfur compounds,,
BINJAI (Mangifera caesia Jack),MANGIFERA SPECIES,Fruits,ethyl 3-(methylthio)propanoate,Sulfur compounds,,
BINJAI (Mangifera caesia Jack),MANGIFERA SPECIES,Fruits,ethyl 2-furancarboxylate (=ethyl 2-furoate),Furans,,
,CAULIFLOWER and BROCCOLI,Vegetables,limonene,Hydrocarbons,<0.01,<0.01
,CAULIFLOWER and BROCCOLI,Vegetables,methanol,Alcohols,,
,CAULIFLOWER and BROCCOLI,Vegetables,ethanol,Alcohols,,
,CAULIFLOWER and BROCCOLI,Vegetables,(Z)-2-penten-1-ol,Alcohols,,
,CAULIFLOWER and BROCCOLI,Vegetables,(Z)-3-penten-1-ol,Alcohols,,
,CAULIFLOWER and BROCCOLI,Vegetables,1-hexanol,Alcohols,0.02,0.02
,CAULIFLOWER and BROCCOLI,Vegetables,(Z)-3-hexen-1-ol (=leaf alcohol),Alcohols,0.04,0.08
,CAULIFLOWER and BROCCOLI,Vegetables,1-octanol,Alcohols,0.02,0.04
,CAULIFLOWER and BROCCOLI,Vegetables,1-nonanol,Alcohols,0.04,0.04
,CAULIFLOWER and BROCCOLI,Vegetables,formaldehyde (=methanal),"Carbonyls, aldehydes",,
,CAULIFLOWER and BROCCOLI,Vegetables,acetaldehyde (=ethanal),"Carbonyls, aldehydes",,
,CAULIFLOWER and BROCCOLI,Vegetables,propanal (=propionaldehyde),"Carbonyls, aldehydes",,
,CAULIFLOWER and BROCCOLI,Vegetables,"2-methylpropanal (=isobutanal, isobutyraldehyde)","Carbonyls, aldehydes",,
,CAULIFLOWER and BROCCOLI,Vegetables,butanal (=butyraldehyde),"Carbonyls, aldehydes",,
,CAULIFLOWER and BROCCOLI,Vegetables,2-butenal (=crotonaldehyde),"Carbonyls, aldehydes",,
,CAULIFLOWER and BROCCOLI,Vegetables,methylbutanal (unkn.str.),"Carbonyls, aldehydes",,
,CAULIFLOWER and BROCCOLI,Vegetables,pentanal (=valeraldehyde),"Carbonyls, aldehydes",,
,CAULIFLOWER and BROCCOLI,Vegetables,(E)-2-pentenal,"Carbonyls, aldehydes",,
,CAULIFLOWER and BROCCOLI,Vegetables,hexanal (=capronaldehyde),"Carbonyls, aldehydes",,
,CAULIFLOWER and BROCCOLI,Vegetables,2-hexenal,"Carbonyls, aldehydes",<0.01,<0.01
,CAULIFLOWER and BROCCOLI,Vegetables,(E)-2-hexenal (=leaf aldehyde),"Carbonyls, aldehydes",,
,CAULIFLOWER and BROCCOLI,Vegetables,heptanal,"Carbonyls, aldehydes",,
,CAULIFLOWER and BROCCOLI,Vegetables,"(E,Z)-2,4-heptadienal","Carbonyls, aldehydes",<0.01,<0.01
,CAULIFLOWER and BROCCOLI,Vegetables,"(E,E)-2,4-heptadienal","Carbonyls, aldehydes",0.03,0.06
,CAULIFLOWER and BROCCOLI,Vegetables,octanal (=caprylaldehyde),"Carbonyls, aldehydes",<0.01,<0.01
,CAULIFLOWER and BROCCOLI,Vegetables,nonanal (=pelargonaldehyde),"Carbonyls, aldehydes",0.16,0.2
,CAULIFLOWER and BROCCOLI,Vegetables,decanal (=capraldehyde),"Carbonyls, aldehydes",,
,CAULIFLOWER and BROCCOLI,Vegetables,"(E,E)-2,4-decadienal","Carbonyls, aldehydes",<0.01,<0.01
,CAULIFLOWER and BROCCOLI,Vegetables,benzaldehyde,"Carbonyls, aldehydes",0.004,0.01
,CAULIFLOWER and BROCCOLI,Vegetables,phenylacetaldehyde (=benzeneacetaldehyde),"Carbonyls, aldehydes",<0.01,0.05
,CAULIFLOWER and BROCCOLI,Vegetables,"acetone (=2-propanone, dimethyl ketone)","Carbonyls, ketones",,
,CAULIFLOWER and BROCCOLI,Vegetables,2-butanone (=ethyl methyl ketone),"Carbonyls, ketones",,
,CAULIFLOWER and BROCCOLI,Vegetables,3-hydroxy-2-butanone (=acetoin),"Carbonyls, ketones",,
,CAULIFLOWER and BROCCOLI,Vegetables,"2,3-butanedione (=diacetyl)","Carbonyls, ketones",,
,CAULIFLOWER and BROCCOLI,Vegetables,3-pentanone,"Carbonyls, ketones",,
,CAULIFLOWER and BROCCOLI,Vegetables,acetophenone (=1-phenylethanone),"Carbonyls, ketones",<0.01,<0.01
,CAULIFLOWER and BROCCOLI,Vegetables,4-methylacetophenone,"Carbonyls, ketones",<0.01,0.02
,CAULIFLOWER and BROCCOLI,Vegetables,hexyl acetate,Esters,,
,CAULIFLOWER and BROCCOLI,Vegetables,(Z)-3-hexenyl acetate,Esters,,
,CAULIFLOWER and BROCCOLI,Vegetables,ammonia,Bases,6376,6376
,CAULIFLOWER and BROCCOLI,Vegetables,methylamine,Bases,65,65
,CAULIFLOWER and BROCCOLI,Vegetables,pentylamine,Bases,3.3,3.3
,CAULIFLOWER and BROCCOLI,Vegetables,dimethylamine,Bases,14,14
,CAULIFLOWER and BROCCOLI,Vegetables,aniline,Bases,22,22
,CAULIFLOWER and BROCCOLI,Vegetables,benzylamine,Bases,1.4,1.4
,CAULIFLOWER and BROCCOLI,Vegetables,phenethylamine,Bases,1.8,1.8
,CAULIFLOWER and BROCCOLI,Vegetables,N-methylphenethylamine,Bases,1.6,1.6
,CAULIFLOWER and BROCCOLI,Vegetables,indole,Bases,0.02,0.02
,CAULIFLOWER and BROCCOLI,Vegetables,"dimethyl sulfide (=thiobismethane, methylthiomethane, methyl sulfide)",Sulfur compounds,,
,CAULIFLOWER and BROCCOLI,Vegetables,dimethyl disulfide (=methyldithiomethane),Sulfur compounds,<0.01,<0.01
,CAULIFLOWER and BROCCOLI,Vegetables,"dimethyl trisulfide (=2,3,4-trithiapentane, methyltrithiomethane)",Sulfur compounds,0.02,0.04
,CAULIFLOWER and BROCCOLI,Vegetables,"2,3,5-trithiahexane",Sulfur compounds,0.01,0.01
,CAULIFLOWER and BROCCOLI,Vegetables,4-(methylthio)butanenitrile (=3-(methylthio)propyl cyanide),Sulfur compounds,0.1,0.1
,CAULIFLOWER and BROCCOLI,Vegetables,4-(methylsulfinyl)butanenitrile,Sulfur compounds,,
,CAULIFLOWER and BROCCOLI,Vegetables,4-(methylsulfonyl)butanenitrile,Sulfur compounds,,
,CAULIFLOWER and BROCCOLI,Vegetables,5-(methylthio)pentanenitrile,Sulfur compounds,0.04,0.4
,CAULIFLOWER and BROCCOLI,Vegetables,allyl isothiocyanate (=allyl mustard oil),Sulfur compounds,0.06,0.06
,CAULIFLOWER and BROCCOLI,Vegetables,3-butenyl isothiocyanate,Sulfur compounds,<0.01,<0.01
,CAULIFLOWER and BROCCOLI,Vegetables,phenethyl isothiocyanate,Sulfur compounds,0.001,0.06
,CAULIFLOWER and BROCCOLI,Vegetables,3-(methylthio)propyl isothiocyanate,Sulfur compounds,0.3,0.3
,CAULIFLOWER and BROCCOLI,Vegetables,4-(methylthio)butyl isothiocyanate,Sulfur compounds,0.04,0.3
,CAULIFLOWER and BROCCOLI,Vegetables,benzothiazole,Sulfur compounds,<0.01,<0.01
,CAULIFLOWER and BROCCOLI,Vegetables,"3-butenenitrile (=allyl cyanide, vinylacetonitrile)",Nitriles and amides,,
,CAULIFLOWER and BROCCOLI,Vegetables,"phenylacetonitrile (=benzyl cyanide, benzeneacetonitrile)",Nitriles and amides,<0.01,<0.01
,CAULIFLOWER and BROCCOLI,Vegetables,"3-phenylpropanenitrile (=phenethyl cyanide, benzenepropanenitrile)",Nitriles and amides,0.04,0.3
,CAULIFLOWER and BROCCOLI,Vegetables,2-methoxy-4-vinylphenol (=4-vinylguaiacol),Phenols,0.02,0.02
,CAULIFLOWER and BROCCOLI,Vegetables,"1,2-dimethoxybenzene (=veratrole)",Phenols,0.014,0.02
,CAULIFLOWER and BROCCOLI,Vegetables,2-pentylfuran,Furans,<0.01,<0.01
,CAULIFLOWER and BROCCOLI,Vegetables,"furfural (=2-formylfuran, 2-furancarbaldehyde, 2-furaldehyde)",Furans,,
,CAULIFLOWER and BROCCOLI,Vegetables,5-(hydroxymethyl)furfural,Furans,,
CAULIFLOWER (raw),CAULIFLOWER and BROCCOLI,Vegetables,methanol,Alcohols,,
CAULIFLOWER (raw),CAULIFLOWER and BROCCOLI,Vegetables,ethanol,Alcohols,,
CAULIFLOWER (raw),CAULIFLOWER and BROCCOLI,Vegetables,(Z)-2-penten-1-ol,Alcohols,,
CAULIFLOWER (raw),CAULIFLOWER and BROCCOLI,Vegetables,(Z)-3-hexen-1-ol (=leaf alcohol),Alcohols,,
CAULIFLOWER (raw),CAULIFLOWER and BROCCOLI,Vegetables,formaldehyde (=methanal),"Carbonyls, aldehydes",,
CAULIFLOWER (raw),CAULIFLOWER and BROCCOLI,Vegetables,acetaldehyde (=ethanal),"Carbonyls, aldehydes",,
CAULIFLOWER (raw),CAULIFLOWER and BROCCOLI,Vegetables,propanal (=propionaldehyde),"Carbonyls, aldehydes",,
CAULIFLOWER (raw),CAULIFLOWER and BROCCOLI,Vegetables,"2-methylpropanal (=isobutanal, isobutyraldehyde)","Carbonyls, aldehydes",,
CAULIFLOWER (raw),CAULIFLOWER and BROCCOLI,Vegetables,butanal (=butyraldehyde),"Carbonyls, aldehydes",,
CAULIFLOWER (raw),CAULIFLOWER and BROCCOLI,Vegetables,2-butenal (=crotonaldehyde),"Carbonyls, aldehydes",,
CAULIFLOWER (raw),CAULIFLOWER and BROCCOLI,Vegetables,methylbutanal (unkn.str.),"Carbonyls, aldehydes",,
CAULIFLOWER (raw),CAULIFLOWER and BROCCOLI,Vegetables,pentanal (=valeraldehyde),"Carbonyls, aldehydes",,
CAULIFLOWER (raw),CAULIFLOWER and BROCCOLI,Vegetables,hexanal (=capronaldehyde),"Carbonyls, aldehydes",,
CAULIFLOWER (raw),CAULIFLOWER and BROCCOLI,Vegetables,(E)-2-hexenal (=leaf aldehyde),"Carbonyls, aldehydes",,
CAULIFLOWER (raw),CAULIFLOWER and BROCCOLI,Vegetables,heptanal,"Carbonyls, aldehydes",,
CAULIFLOWER (raw),CAULIFLOWER and BROCCOLI,Vegetables,octanal (=caprylaldehyde),"Carbonyls, aldehydes",,
CAULIFLOWER (raw),CAULIFLOWER and BROCCOLI,Vegetables,nonanal (=pelargonaldehyde),"Carbonyls, aldehydes",,
CAULIFLOWER (raw),CAULIFLOWER and BROCCOLI,Vegetables,decanal (=capraldehyde),"Carbonyls, aldehydes",,
CAULIFLOWER (raw),CAULIFLOWER and BROCCOLI,Vegetables,"acetone (=2-propanone, dimethyl ketone)","Carbonyls, ketones",,
CAULIFLOWER (raw),CAULIFLOWER and BROCCOLI,Vegetables,2-butanone (=ethyl methyl ketone),"Carbonyls, ketones",,
CAULIFLOWER (raw),CAULIFLOWER and BROCCOLI,Vegetables,3-hydroxy-2-butanone (=acetoin),"Carbonyls, ketones",,
CAULIFLOWER (raw),CAULIFLOWER and BROCCOLI,Vegetables,"2,3-butanedione (=diacetyl)","Carbonyls, ketones",,
CAULIFLOWER (raw),CAULIFLOWER and BROCCOLI,Vegetables,3-pentanone,"Carbonyls, ketones",,
CAULIFLOWER (raw),CAULIFLOWER and BROCCOLI,Vegetables,hexyl acetate,Esters,,
CAULIFLOWER (raw),CAULIFLOWER and BROCCOLI,Vegetables,(Z)-3-hexenyl acetate,Esters,,
CAULIFLOWER (raw),CAULIFLOWER and BROCCOLI,Vegetables,ammonia,Bases,6376,6376
CAULIFLOWER (raw),CAULIFLOWER and BROCCOLI,Vegetables,methylamine,Bases,65,65
CAULIFLOWER (raw),CAULIFLOWER and BROCCOLI,Vegetables,pentylamine,Bases,3.3,3.3
CAULIFLOWER (raw),CAULIFLOWER and BROCCOLI,Vegetables,dimethylamine,Bases,14,14
CAULIFLOWER (raw),CAULIFLOWER and BROCCOLI,Vegetables,aniline,Bases,22,22
CAULIFLOWER (raw),CAULIFLOWER and BROCCOLI,Vegetables,benzylamine,Bases,1.4,1.4
CAULIFLOWER (raw),CAULIFLOWER and BROCCOLI,Vegetables,phenethylamine,Bases,1.8,1.8
CAULIFLOWER (raw),CAULIFLOWER and BROCCOLI,Vegetables,N-methylphenethylamine,Bases,1.6,1.6
CAULIFLOWER (raw),CAULIFLOWER and BROCCOLI,Vegetables,dimethyl disulfide (=methyldithiomethane),Sulfur compounds,,
CAULIFLOWER (raw),CAULIFLOWER and BROCCOLI,Vegetables,4-(methylsulfinyl)butanenitrile,Sulfur compounds,,
CAULIFLOWER (raw),CAULIFLOWER and BROCCOLI,Vegetables,4-(methylsulfonyl)butanenitrile,Sulfur compounds,,
CAULIFLOWER (raw),CAULIFLOWER and BROCCOLI,Vegetables,allyl isothiocyanate (=allyl mustard oil),Sulfur compounds,,
CAULIFLOWER (raw),CAULIFLOWER and BROCCOLI,Vegetables,phenethyl isothiocyanate,Sulfur compounds,,
CAULIFLOWER (raw),CAULIFLOWER and BROCCOLI,Vegetables,3-(methylthio)propyl isothiocyanate,Sulfur compounds,,
CAULIFLOWER (raw),CAULIFLOWER and BROCCOLI,Vegetables,"3-phenylpropanenitrile (=phenethyl cyanide, benzenepropanenitrile)",Nitriles and amides,,
CAULIFLOWER (cooked),CAULIFLOWER and BROCCOLI,Vegetables,limonene,Hydrocarbons,<0.01,<0.01
CAULIFLOWER (cooked),CAULIFLOWER and BROCCOLI,Vegetables,methanol,Alcohols,,
CAULIFLOWER (cooked),CAULIFLOWER and BROCCOLI,Vegetables,(Z)-3-penten-1-ol,Alcohols,,
CAULIFLOWER (cooked),CAULIFLOWER and BROCCOLI,Vegetables,1-hexanol,Alcohols,0.02,0.02
CAULIFLOWER (cooked),CAULIFLOWER and BROCCOLI,Vegetables,(Z)-3-hexen-1-ol (=leaf alcohol),Alcohols,0.08,0.08
CAULIFLOWER (cooked),CAULIFLOWER and BROCCOLI,Vegetables,1-octanol,Alcohols,0.04,0.04
CAULIFLOWER (cooked),CAULIFLOWER and BROCCOLI,Vegetables,1-nonanol,Alcohols,0.04,0.04
CAULIFLOWER (cooked),CAULIFLOWER and BROCCOLI,Vegetables,acetaldehyde (=ethanal),"Carbonyls, aldehydes",,
CAULIFLOWER (cooked),CAULIFLOWER and BROCCOLI,Vegetables,propanal (=propionaldehyde),"Carbonyls, aldehydes",,
CAULIFLOWER (cooked),CAULIFLOWER and BROCCOLI,Vegetables,(E)-2-pentenal,"Carbonyls, aldehydes",,
CAULIFLOWER (cooked),CAULIFLOWER and BROCCOLI,Vegetables,hexanal (=capronaldehyde),"Carbonyls, aldehydes",,
CAULIFLOWER (cooked),CAULIFLOWER and BROCCOLI,Vegetables,2-hexenal,"Carbonyls, aldehydes",<0.01,<0.01
CAULIFLOWER (cooked),CAULIFLOWER and BROCCOLI,Vegetables,(E)-2-hexenal (=leaf aldehyde),"Carbonyls, aldehydes",,
CAULIFLOWER (cooked),CAULIFLOWER and BROCCOLI,Vegetables,"(E,Z)-2,4-heptadienal","Carbonyls, aldehydes",<0.01,<0.01
CAULIFLOWER (cooked),CAULIFLOWER and BROCCOLI,Vegetables,"(E,E)-2,4-heptadienal","Carbonyls, aldehydes",0.03,0.03
CAULIFLOWER (cooked),CAULIFLOWER and BROCCOLI,Vegetables,octanal (=caprylaldehyde),"Carbonyls, aldehydes",<0.01,<0.01
CAULIFLOWER (cooked),CAULIFLOWER and BROCCOLI,Vegetables,nonanal (=pelargonaldehyde),"Carbonyls, aldehydes",0.2,0.2
CAULIFLOWER (cooked),CAULIFLOWER and BROCCOLI,Vegetables,decanal (=capraldehyde),"Carbonyls, aldehydes",,
CAULIFLOWER (cooked),CAULIFLOWER and BROCCOLI,Vegetables,"(E,E)-2,4-decadienal","Carbonyls, aldehydes",<0.01,<0.01
CAULIFLOWER (cooked),CAULIFLOWER and BROCCOLI,Vegetables,benzaldehyde,"Carbonyls, aldehydes",<0.01,<0.01
CAULIFLOWER (cooked),CAULIFLOWER and BROCCOLI,Vegetables,phenylacetaldehyde (=benzeneacetaldehyde),"Carbonyls, aldehydes",<0.01,<0.01
CAULIFLOWER (cooked),CAULIFLOWER and BROCCOLI,Vegetables,"acetone (=2-propanone, dimethyl ketone)","Carbonyls, ketones",,
CAULIFLOWER (cooked),CAULIFLOWER and BROCCOLI,Vegetables,2-butanone (=ethyl methyl ketone),"Carbonyls, ketones",,
CAULIFLOWER (cooked),CAULIFLOWER and BROCCOLI,Vegetables,3-hydroxy-2-butanone (=acetoin),"Carbonyls, ketones",,
CAULIFLOWER (cooked),CAULIFLOWER and BROCCOLI,Vegetables,"2,3-butanedione (=diacetyl)","Carbonyls, ketones",,
CAULIFLOWER (cooked),CAULIFLOWER and BROCCOLI,Vegetables,3-pentanone,"Carbonyls, ketones",,
CAULIFLOWER (cooked),CAULIFLOWER and BROCCOLI,Vegetables,acetophenone (=1-phenylethanone),"Carbonyls, ketones",<0.01,<0.01
CAULIFLOWER (cooked),CAULIFLOWER and BROCCOLI,Vegetables,4-methylacetophenone,"Carbonyls, ketones",0.02,0.02
CAULIFLOWER (cooked),CAULIFLOWER and BROCCOLI,Vegetables,indole,Bases,0.02,0.02
CAULIFLOWER (cooked),CAULIFLOWER and BROCCOLI,Vegetables,"dimethyl sulfide (=thiobismethane, methylthiomethane, methyl sulfide)",Sulfur compounds,,
CAULIFLOWER (cooked),CAULIFLOWER and BROCCOLI,Vegetables,dimethyl disulfide (=methyldithiomethane),Sulfur compounds,<0.01,<0.01
CAULIFLOWER (cooked),CAULIFLOWER and BROCCOLI,Vegetables,"dimethyl trisulfide (=2,3,4-trithiapentane, methyltrithiomethane)",Sulfur compounds,0.02,0.02
CAULIFLOWER (cooked),CAULIFLOWER and BROCCOLI,Vegetables,"2,3,5-trithiahexane",Sulfur compounds,<0.01,<0.01
CAULIFLOWER (cooked),CAULIFLOWER and BROCCOLI,Vegetables,4-(methylthio)butanenitrile (=3-(methylthio)propyl cyanide),Sulfur compounds,0.1,0.1
CAULIFLOWER (cooked),CAULIFLOWER and BROCCOLI,Vegetables,5-(methylthio)pentanenitrile,Sulfur compounds,0.04,0.04
CAULIFLOWER (cooked),CAULIFLOWER and BROCCOLI,Vegetables,allyl isothiocyanate (=allyl mustard oil),Sulfur compounds,0.06,0.06
CAULIFLOWER (cooked),CAULIFLOWER and BROCCOLI,Vegetables,3-butenyl isothiocyanate,Sulfur compounds,<0.01,<0.01
CAULIFLOWER (cooked),CAULIFLOWER and BROCCOLI,Vegetables,phenethyl isothiocyanate,Sulfur compounds,0.001,0.001
CAULIFLOWER (cooked),CAULIFLOWER and BROCCOLI,Vegetables,3-(methylthio)propyl isothiocyanate,Sulfur compounds,0.3,0.3
CAULIFLOWER (cooked),CAULIFLOWER and BROCCOLI,Vegetables,4-(methylthio)butyl isothiocyanate,Sulfur compounds,0.04,0.04
CAULIFLOWER (cooked),CAULIFLOWER and BROCCOLI,Vegetables,"3-butenenitrile (=allyl cyanide, vinylacetonitrile)",Nitriles and amides,,
CAULIFLOWER (cooked),CAULIFLOWER and BROCCOLI,Vegetables,"phenylacetonitrile (=benzyl cyanide, benzeneacetonitrile)",Nitriles and amides,<0.01,<0.01
CAULIFLOWER (cooked),CAULIFLOWER and BROCCOLI,Vegetables,"3-phenylpropanenitrile (=phenethyl cyanide, benzenepropanenitrile)",Nitriles and amides,0.04,0.04
CAULIFLOWER (cooked),CAULIFLOWER and BROCCOLI,Vegetables,2-methoxy-4-vinylphenol (=4-vinylguaiacol),Phenols,0.02,0.02
CAULIFLOWER (cooked),CAULIFLOWER and BROCCOLI,Vegetables,"1,2-dimethoxybenzene (=veratrole)",Phenols,0.02,0.02
CAULIFLOWER (cooked),CAULIFLOWER and BROCCOLI,Vegetables,2-pentylfuran,Furans,<0.01,<0.01
CAULIFLOWER (cooked),CAULIFLOWER and BROCCOLI,Vegetables,"furfural (=2-formylfuran, 2-furancarbaldehyde, 2-furaldehyde)",Furans,,
CAULIFLOWER (cooked),CAULIFLOWER and BROCCOLI,Vegetables,5-(hydroxymethyl)furfural,Furans,,
BROCCOLI (cooked),CAULIFLOWER and BROCCOLI,Vegetables,limonene,Hydrocarbons,<0.01,<0.01
BROCCOLI (cooked),CAULIFLOWER and BROCCOLI,Vegetables,(Z)-3-hexen-1-ol (=leaf alcohol),Alcohols,0.04,0.04
BROCCOLI (cooked),CAULIFLOWER and BROCCOLI,Vegetables,1-octanol,Alcohols,0.02,0.02
BROCCOLI (cooked),CAULIFLOWER and BROCCOLI,Vegetables,2-hexenal,"Carbonyls, aldehydes",<0.01,<0.01
BROCCOLI (cooked),CAULIFLOWER and BROCCOLI,Vegetables,"(E,Z)-2,4-heptadienal","Carbonyls, aldehydes",<0.01,<0.01
BROCCOLI (cooked),CAULIFLOWER and BROCCOLI,Vegetables,"(E,E)-2,4-heptadienal","Carbonyls, aldehydes",0.06,0.06
BROCCOLI (cooked),CAULIFLOWER and BROCCOLI,Vegetables,nonanal (=pelargonaldehyde),"Carbonyls, aldehydes",0.16,0.16
BROCCOLI (cooked),CAULIFLOWER and BROCCOLI,Vegetables,"(E,E)-2,4-decadienal","Carbonyls, aldehydes",<0.01,<0.01
BROCCOLI (cooked),CAULIFLOWER and BROCCOLI,Vegetables,benzaldehyde,"Carbonyls, aldehydes",0.004,0.004
BROCCOLI (cooked),CAULIFLOWER and BROCCOLI,Vegetables,phenylacetaldehyde (=benzeneacetaldehyde),"Carbonyls, aldehydes",0.05,0.05
BROCCOLI (cooked),CAULIFLOWER and BROCCOLI,Vegetables,4-methylacetophenone,"Carbonyls, ketones",<0.01,<0.01
BROCCOLI (cooked),CAULIFLOWER and BROCCOLI,Vegetables,dimethyl disulfide (=methyldithiomethane),Sulfur compounds,<0.01,<0.01
BROCCOLI (cooked),CAULIFLOWER and BROCCOLI,Vegetables,"dimethyl trisulfide (=2,3,4-trithiapentane, methyltrithiomethane)",Sulfur compounds,0.04,0.04
BROCCOLI (cooked),CAULIFLOWER and BROCCOLI,Vegetables,"2,3,5-trithiahexane",Sulfur compounds,0.01,0.01
BROCCOLI (cooked),CAULIFLOWER and BROCCOLI,Vegetables,5-(methylthio)pentanenitrile,Sulfur compounds,0.4,0.4
BROCCOLI (cooked),CAULIFLOWER and BROCCOLI,Vegetables,phenethyl isothiocyanate,Sulfur compounds,0.06,0.06
BROCCOLI (cooked),CAULIFLOWER and BROCCOLI,Vegetables,4-(methylthio)butyl isothiocyanate,Sulfur compounds,0.3,0.3
BROCCOLI (cooked),CAULIFLOWER and BROCCOLI,Vegetables,benzothiazole,Sulfur compounds,<0.01,<0.01
BROCCOLI (cooked),CAULIFLOWER and BROCCOLI,Vegetables,"3-phenylpropanenitrile (=phenethyl cyanide, benzenepropanenitrile)",Nitriles and amides,0.3,0.3
BROCCOLI (cooked),CAULIFLOWER and BROCCOLI,Vegetables,"1,2-dimethoxybenzene (=veratrole)",Phenols,0.014,0.014
BROCCOLI (cooked),CAULIFLOWER and BROCCOLI,Vegetables,2-pentylfuran,Furans,<0.01,<0.01
TAMARIND (Tamarindus indica L.),,Fruits,pentadecane,Hydrocarbons,0.02,0.02
TAMARIND (Tamarindus indica L.),,Fruits,octadecane,Hydrocarbons,0.08,0.08
TAMARIND (Tamarindus indica L.),,Fruits,(E)-β-ocimene,Hydrocarbons,0.035,0.035
TAMARIND (Tamarindus indica L.),,Fruits,β-myrcene (=myrcene),Hydrocarbons,0.03,0.03
TAMARIND (Tamarindus indica L.),,Fruits,terpinolene,Hydrocarbons,0.035,0.035
TAMARIND (Tamarindus indica L.),,Fruits,limonene,Hydrocarbons,,
TAMARIND (Tamarindus indica L.),,Fruits,β-elemene,Hydrocarbons,,
TAMARIND (Tamarindus indica L.),,Fruits,α-humulene (=humulene),Hydrocarbons,0.02,0.02
TAMARIND (Tamarindus indica L.),,Fruits,α-pinene,Hydrocarbons,0.02,0.02
TAMARIND (Tamarindus indica L.),,Fruits,β-pinene,Hydrocarbons,0.02,0.02
TAMARIND (Tamarindus indica L.),,Fruits,γ-cadinene,Hydrocarbons,0.035,0.035
TAMARIND (Tamarindus indica L.),,Fruits,α-muurolene,Hydrocarbons,,
TAMARIND (Tamarindus indica L.),,Fruits,β-caryophyllene,Hydrocarbons,,
TAMARIND (Tamarindus indica L.),,Fruits,α-copaene (=copaene),Hydrocarbons,0.015,0.015
TAMARIND (Tamarindus indica L.),,Fruits,aromadendrene,Hydrocarbons,,
TAMARIND (Tamarindus indica L.),,Fruits,biphenyl,Hydrocarbons,,
TAMARIND (Tamarindus indica L.),,Fruits,1-methylnaphthalene,Hydrocarbons,,
TAMARIND (Tamarindus indica L.),,Fruits,2-methylnaphthalene,Hydrocarbons,,
TAMARIND (Tamarindus indica L.),,Fruits,"1,2-dimethylnaphthalene",Hydrocarbons,,
TAMARIND (Tamarindus indica L.),,Fruits,"1,7-dimethylnaphthalene",Hydrocarbons,,
TAMARIND (Tamarindus indica L.),,Fruits,fluorene,Hydrocarbons,,
TAMARIND (Tamarindus indica L.),,Fruits,2-methyl-1-propanol (=isobutanol),Alcohols,2.76,2.76
TAMARIND (Tamarindus indica L.),,Fruits,1-butanol,Alcohols,0.015,0.015
TAMARIND (Tamarindus indica L.),,Fruits,3-methyl-1-butanol (=isoamyl alcohol),Alcohols,,
TAMARIND (Tamarindus indica L.),,Fruits,2-methyl-3-buten-2-ol,Alcohols,,
TAMARIND (Tamarindus indica L.),,Fruits,1-pentanol (=amyl alcohol),Alcohols,,
TAMARIND (Tamarindus indica L.),,Fruits,1-hexanol,Alcohols,,
TAMARIND (Tamarindus indica L.),,Fruits,(E)-2-hexen-1-ol,Alcohols,2.76,2.76
TAMARIND (Tamarindus indica L.),,Fruits,(Z)-3-hexen-1-ol (=leaf alcohol),Alcohols,,
TAMARIND (Tamarindus indica L.),,Fruits,2-ethyl-1-hexanol,Alcohols,,
TAMARIND (Tamarindus indica L.),,Fruits,1-heptanol,Alcohols,,
TAMARIND (Tamarindus indica L.),,Fruits,1-octanol,Alcohols,0.015,0.015
TAMARIND (Tamarindus indica L.),,Fruits,1-nonanol,Alcohols,,
TAMARIND (Tamarindus indica L.),,Fruits,1-decanol,Alcohols,0.085,0.085
TAMARIND (Tamarindus indica L.),,Fruits,1-undecanol,Alcohols,,
TAMARIND (Tamarindus indica L.),,Fruits,geraniol,Alcohols,0.01,0.01
TAMARIND (Tamarindus indica L.),,Fruits,nerol,Alcohols,,
TAMARIND (Tamarindus indica L.),,Fruits,linalool,Alcohols,0.005,0.005
TAMARIND (Tamarindus indica L.),,Fruits,benzyl alcohol (=benzenemethanol),Alcohols,0.05,0.05
TAMARIND (Tamarindus indica L.),,Fruits,2-phenylethanol (=phenethyl alcohol),Alcohols,0.03,0.03
TAMARIND (Tamarindus indica L.),,Fruits,α-terpineol,Alcohols,0.035,0.1
TAMARIND (Tamarindus indica L.),,Fruits,4-terpineol (=terpinen-4-ol),Alcohols,0.01,0.01
TAMARIND (Tamarindus indica L.),,Fruits,(E)-2-butenal,"Carbonyls, aldehydes",,
TAMARIND (Tamarindus indica L.),,Fruits,2-methylbutanal (=α-methylbutanal),"Carbonyls, aldehydes",2.7,2.7
TAMARIND (Tamarindus indica L.),,Fruits,(E)-2-pentenal,"Carbonyls, aldehydes",,
TAMARIND (Tamarindus indica L.),,Fruits,hexanal (=capronaldehyde),"Carbonyls, aldehydes",,
TAMARIND (Tamarindus indica L.),,Fruits,(E)-2-hexenal (=leaf aldehyde),"Carbonyls, aldehydes",,
TAMARIND (Tamarindus indica L.),,Fruits,"(E,E)-2,4-heptadienal","Carbonyls, aldehydes",,
TAMARIND (Tamarindus indica L.),,Fruits,octanal (=caprylaldehyde),"Carbonyls, aldehydes",0.2,0.2
TAMARIND (Tamarindus indica L.),,Fruits,nonanal (=pelargonaldehyde),"Carbonyls, aldehydes",0.2,0.2
TAMARIND (Tamarindus indica L.),,Fruits,(E)-2-nonenal,"Carbonyls, aldehydes",0.01,0.01
TAMARIND (Tamarindus indica L.),,Fruits,"(E,Z)-2,6-nonadienal","Carbonyls, aldehydes",,
TAMARIND (Tamarindus indica L.),,Fruits,geranial (=α-citral),"Carbonyls, aldehydes",,
TAMARIND (Tamarindus indica L.),,Fruits,neral (=β-citral),"Carbonyls, aldehydes",,
TAMARIND (Tamarindus indica L.),,Fruits,benzaldehyde,"Carbonyls, aldehydes",0.07,0.07
TAMARIND (Tamarindus indica L.),,Fruits,vanillin (=4-hydroxy-3-methoxybenzaldehyde),"Carbonyls, aldehydes",,
TAMARIND (Tamarindus indica L.),,Fruits,phenylacetaldehyde (=benzeneacetaldehyde),"Carbonyls, aldehydes",0.3,10.1
TAMARIND (Tamarindus indica L.),,Fruits,cinnamaldehyde (=3-phenyl-2-propenal),"Carbonyls, aldehydes",,
TAMARIND (Tamarindus indica L.),,Fruits,"1-hydroxy-2-propanone (=acetol, pyruvic alcohol)","Carbonyls, ketones",,
TAMARIND (Tamarindus indica L.),,Fruits,3-methyl-2-butanone,"Carbonyls, ketones",,
TAMARIND (Tamarindus indica L.),,Fruits,3-hydroxy-2-butanone (=acetoin),"Carbonyls, ketones",,
TAMARIND (Tamarindus indica L.),,Fruits,3-penten-2-one,"Carbonyls, ketones",0.1,0.1
TAMARIND (Tamarindus indica L.),,Fruits,4-penten-2-one,"Carbonyls, ketones",0.1,0.1
TAMARIND (Tamarindus indica L.),,Fruits,1-penten-3-one,"Carbonyls, ketones",,
TAMARIND (Tamarindus indica L.),,Fruits,4-methyl-3-penten-2-one (=mesityl oxide),"Carbonyls, ketones",,
TAMARIND (Tamarindus indica L.),,Fruits,"2,3-pentanedione (=acetylpropionyl)","Carbonyls, ketones",0.4,0.4
TAMARIND (Tamarindus indica L.),,Fruits,"(E)-6,10-dimethyl-5,9-undecadien-2-one (=geranylacetone)","Carbonyls, ketones",,
TAMARIND (Tamarindus indica L.),,Fruits,"6,10-dimethyl-3,5,9-undecatrien-2-one (=ψ-ionone, pseudoionone)","Carbonyls, ketones",,
TAMARIND (Tamarindus indica L.),,Fruits,"2-cyclopentene-1,4-dione","Carbonyls, ketones",,
TAMARIND (Tamarindus indica L.),,Fruits,acetophenone (=1-phenylethanone),"Carbonyls, ketones",0.03,0.03
TAMARIND (Tamarindus indica L.),,Fruits,1-phenyl-1-propanone (=propiophenone),"Carbonyls, ketones",,
TAMARIND (Tamarindus indica L.),,Fruits,1-phenyl-2-propanone,"Carbonyls, ketones",,
TAMARIND (Tamarindus indica L.),,Fruits,β-damascenone (=(E)-β-damascenone),"Carbonyls, ketones",,
TAMARIND (Tamarindus indica L.),,Fruits,α-ionone,"Carbonyls, ketones",,
TAMARIND (Tamarindus indica L.),,Fruits,(E)-β-ionone,"Carbonyls, ketones",,
TAMARIND (Tamarindus indica L.),,Fruits,"4-(2,3,6-trimethylphenyl)-3-buten-2-one","Carbonyls, ketones",,
TAMARIND (Tamarindus indica L.),,Fruits,piperitone,"Carbonyls, ketones",,
TAMARIND (Tamarindus indica L.),,Fruits,acetic acid,Acids,,
TAMARIND (Tamarindus indica L.),,Fruits,2-methylbutanoic acid,Acids,,
TAMARIND (Tamarindus indica L.),,Fruits,hexanoic acid (=caproic acid),Acids,,
TAMARIND (Tamarindus indica L.),,Fruits,octanoic acid (=caprylic acid),Acids,0.2,0.2
TAMARIND (Tamarindus indica L.),,Fruits,nonanoic acid (=pelargonic acid),Acids,,
TAMARIND (Tamarindus indica L.),,Fruits,decanoic acid (=capric acid),Acids,,
TAMARIND (Tamarindus indica L.),,Fruits,dodecanoic acid (=lauric acid),Acids,,
TAMARIND (Tamarindus indica L.),,Fruits,tetradecanoic acid (=myristic acid),Acids,,
TAMARIND (Tamarindus indica L.),,Fruits,pentadecanoic acid,Acids,,
TAMARIND (Tamarindus indica L.),,Fruits,hexadecanoic acid (=palmitic acid),Acids,,
TAMARIND (Tamarindus indica L.),,Fruits,(Z)-9-hexadecenoic acid (=palmitoleic acid),Acids,,
TAMARIND (Tamarindus indica L.),,Fruits,heptadecanoic acid (=margaric acid),Acids,,
TAMARIND (Tamarindus indica L.),,Fruits,(Z)-9-octadecenoic acid (=oleic acid),Acids,,
TAMARIND (Tamarindus indica L.),,Fruits,"(Z,Z)-9,12-octadecadienoic acid (=linoleic acid)",Acids,,
TAMARIND (Tamarindus indica L.),,Fruits,"(Z,Z,Z)-9,12,15-octadecatrienoic acid (=linolenic acid)",Acids,,
TAMARIND (Tamarindus indica L.),,Fruits,benzoic acid,Acids,,
TAMARIND (Tamarindus indica L.),,Fruits,ethyl acetate,Esters,3.5,3.5
TAMARIND (Tamarindus indica L.),,Fruits,isobutyl acetate (=2-methylpropyl acetate),Esters,0.12,0.12
TAMARIND (Tamarindus indica L.),,Fruits,ethyl octanoate (=ethyl caprylate),Esters,0.015,0.015
TAMARIND (Tamarindus indica L.),,Fruits,methyl benzoate,Esters,0.04,0.04
TAMARIND (Tamarindus indica L.),,Fruits,ethyl benzoate,Esters,0.3,0.3
TAMARIND (Tamarindus indica L.),,Fruits,methyl 2-hydroxybenzoate (=methyl salicylate),Esters,0.1,0.1
TAMARIND (Tamarindus indica L.),,Fruits,ethyl cinnamate,Esters,,
TAMARIND (Tamarindus indica L.),,Fruits,dimethyl phthalate,Esters,,
TAMARIND (Tamarindus indica L.),,Fruits,"4-hydroxybutanoic acid lactone (=dihydro-2(3H)-furanone, 4-butanolide, γ-butyrolactone)",Lactones,,
TAMARIND (Tamarindus indica L.),,Fruits,"4-hydroxynonanoic acid lactone (=4-nonanolide, γ-nonalactone)",Lactones,,
TAMARIND (Tamarindus indica L.),,Fruits,dihydroactinidiolide,Lactones,,
TAMARIND (Tamarindus indica L.),,Fruits,pyrrole,Bases,0.9,0.9
TAMARIND (Tamarindus indica L.),,Fruits,1-methylpyrrole,Bases,0.3,0.3
TAMARIND (Tamarindus indica L.),,Fruits,1-ethylpyrrole,Bases,,
TAMARIND (Tamarindus indica L.),,Fruits,2-pyrrolecarbaldehyde (=2-formylpyrrole),Bases,,
TAMARIND (Tamarindus indica L.),,Fruits,1-methyl-2-pyrrolecarbaldehyde (=2-formyl-1-methylpyrrole),Bases,,
TAMARIND (Tamarindus indica L.),,Fruits,5-methyl-2-pyrrolecarbaldehyde (=2-formyl-5-methylpyrrole),Bases,0.2,0.2
TAMARIND (Tamarindus indica L.),,Fruits,pyrazine,Bases,,
TAMARIND (Tamarindus indica L.),,Fruits,methylpyrazine,Bases,0.04,0.04
TAMARIND (Tamarindus indica L.),,Fruits,ethylpyrazine,Bases,,
TAMARIND (Tamarindus indica L.),,Fruits,"2,3-dimethylpyrazine",Bases,0.2,0.2
TAMARIND (Tamarindus indica L.),,Fruits,"2,5-dimethylpyrazine",Bases,,
TAMARIND (Tamarindus indica L.),,Fruits,"2,6-dimethylpyrazine",Bases,,
TAMARIND (Tamarindus indica L.),,Fruits,3-(methylthio)propanal (=methional),Sulfur compounds,0.2,0.2
TAMARIND (Tamarindus indica L.),,Fruits,2-methylthiazole,Sulfur compounds,,
TAMARIND (Tamarindus indica L.),,Fruits,2-ethylthiazole,Sulfur compounds,,
TAMARIND (Tamarindus indica L.),,Fruits,isopropyl vinyl ether,Ethers,7.8,7.8
TAMARIND (Tamarindus indica L.),,Fruits,phenol (=hydroxybenzene),Phenols,0.2,0.2
TAMARIND (Tamarindus indica L.),,Fruits,4-methylphenol (=p-cresol),Phenols,,
TAMARIND (Tamarindus indica L.),,Fruits,4-vinylphenol,Phenols,,
TAMARIND (Tamarindus indica L.),,Fruits,"3,5-dimethylphenol (=3,5-xylenol)",Phenols,0.1,0.1
TAMARIND (Tamarindus indica L.),,Fruits,carvacrol (=5-isopropyl-2-methylphenol),Phenols,,
TAMARIND (Tamarindus indica L.),,Fruits,"2,6-di-tert-butyl-4-methyl-phenol (=B.H.T.)",Phenols,,
TAMARIND (Tamarindus indica L.),,Fruits,2-methoxyphenol (=guaiacol),Phenols,,
TAMARIND (Tamarindus indica L.),,Fruits,2-methoxy-4-vinylphenol (=4-vinylguaiacol),Phenols,,
TAMARIND (Tamarindus indica L.),,Fruits,eugenol (=4-allyl-2-methoxyphenol),Phenols,,
TAMARIND (Tamarindus indica L.),,Fruits,(E)-isoeugenol (=(E)-2-methoxy-4-(1-propenyl)-phenol),Phenols,,
TAMARIND (Tamarindus indica L.),,Fruits,"5-allyl-1,3-benzodioxole (=safrole)",Phenols,,
TAMARIND (Tamarindus indica L.),,Fruits,"linalool oxide B (cis, 5-ring)",Furans,,
TAMARIND (Tamarindus indica L.),,Fruits,"linalool oxide A (trans, 5-ring)",Furans,,
TAMARIND (Tamarindus indica L.),,Fruits,methylfuran (unkn.str.),Furans,0.4,0.4
TAMARIND (Tamarindus indica L.),,Fruits,"furfural (=2-formylfuran, 2-furancarbaldehyde, 2-furaldehyde)",Furans,4.2,123
TAMARIND (Tamarindus indica L.),,Fruits,5-methylfurfural,Furans,0.66,8.6
TAMARIND (Tamarindus indica L.),,Fruits,5-(hydroxymethyl)furfural,Furans,,
TAMARIND (Tamarindus indica L.),,Fruits,2-methyldihydro-3(2H)-furanone,Furans,0.7,0.7
TAMARIND (Tamarindus indica L.),,Fruits,"5-methyl-2(5H)-furanone (=β-angelica lactone, 4-methyl-2-butenolide)",Furans,,
TAMARIND (Tamarindus indica L.),,Fruits,"5-methyl-2(3H)-furanone (=4-hydroxy-3-pentenoic acid lactone, α-angelica lactone)",Furans,10.6,10.6
TAMARIND (Tamarindus indica L.),,Fruits,"2-acetylfuran (=2-furyl methyl ketone, 1-(2-furyl)ethanone)",Furans,1.2,1.2
TAMARIND (Tamarindus indica L.),,Fruits,acetylfuran (unkn.str.),Furans,0.175,0.175
TAMARIND (Tamarindus indica L.),,Fruits,2-(hydroxyacetyl)furan (=2-furyl hydroxymethyl ketone),Furans,,
TAMARIND (Tamarindus indica L.),,Fruits,2-acetyl-3-hydroxyfuran (=isomaltol),Furans,0.7,0.7
TAMARIND (Tamarindus indica L.),,Fruits,"1-(2-furyl)-1,2-propanedione",Furans,0.3,0.3
TAMARIND (Tamarindus indica L.),,Fruits,"furfuryl alcohol (=(2-furyl)-methanol, 2-furanmethanol)",Furans,,
TAMARIND (Tamarindus indica L.),,Fruits,methyl 2-furancarboxylate,Furans,<0.01,<0.01
TAMARIND (Tamarindus indica L.),,Fruits,4-pyrone (=γ-pyrone),"(Ep)oxides, pyrans, coumarins",0.3,0.3
TAMARIND (Tamarindus indica L.),,Fruits,3-hydroxy-2-methyl-4-pyrone (=maltol),"(Ep)oxides, pyrans, coumarins",,
TAMARIND (Tamarindus indica L.),,Fruits,dimethylmaleic anhydride,Anhydrides and phthalides,,
,WALNUT (Juglans species),Nuts,pentane,Hydrocarbons,,
,WALNUT (Juglans species),Nuts,heptane,Hydrocarbons,,
,WALNUT (Juglans species),Nuts,1-heptene,Hydrocarbons,,
,WALNUT (Juglans species),Nuts,2-methylheptane,Hydrocarbons,,
,WALNUT (Juglans species),Nuts,3-methylheptane,Hydrocarbons,,
,WALNUT (Juglans species),Nuts,octane,Hydrocarbons,,
,WALNUT (Juglans species),Nuts,1-octene,Hydrocarbons,,
,WALNUT (Juglans species),Nuts,(Z)-2-octene,Hydrocarbons,,
,WALNUT (Juglans species),Nuts,(E)-2-octene,Hydrocarbons,,
,WALNUT (Juglans species),Nuts,nonane,Hydrocarbons,,
,WALNUT (Juglans species),Nuts,"(E)-4,8-dimethyl-1,3,7-nonatriene",Hydrocarbons,,
,WALNUT (Juglans species),Nuts,decane,Hydrocarbons,,
,WALNUT (Juglans species),Nuts,undecane,Hydrocarbons,,
,WALNUT (Juglans species),Nuts,dodecane,Hydrocarbons,,
,WALNUT (Juglans species),Nuts,tridecane,Hydrocarbons,,
,WALNUT (Juglans species),Nuts,"(E,E)-4,8,12-trimethyl-1,3,7,11-tridecatetraene",Hydrocarbons,,
,WALNUT (Juglans species),Nuts,tetradecane,Hydrocarbons,,
,WALNUT (Juglans species),Nuts,(E)-β-ocimene,Hydrocarbons,,
,WALNUT (Juglans species),Nuts,β-myrcene (=myrcene),Hydrocarbons,,
,WALNUT (Juglans species),Nuts,"(E,E)-α-farnesene (=α-farnesene)",Hydrocarbons,,
,WALNUT (Juglans species),Nuts,(E)-β-farnesene,Hydrocarbons,,
,WALNUT (Juglans species),Nuts,methylcyclohexane,Hydrocarbons,,
,WALNUT (Juglans species),Nuts,ethylcyclohexane,Hydrocarbons,,
,WALNUT (Juglans species),Nuts,β-terpinene,Hydrocarbons,,
,WALNUT (Juglans species),Nuts,γ-terpinene,Hydrocarbons,,
,WALNUT (Juglans species),Nuts,terpinolene,Hydrocarbons,,
,WALNUT (Juglans species),Nuts,limonene,Hydrocarbons,,
,WALNUT (Juglans species),Nuts,(4R)-(+)-limonene,Hydrocarbons,,
,WALNUT (Juglans species),Nuts,ar-curcumene,Hydrocarbons,,
,WALNUT (Juglans species),Nuts,germacrene D,Hydrocarbons,,
,WALNUT (Juglans species),Nuts,α-humulene (=humulene),Hydrocarbons,,
,WALNUT (Juglans species),Nuts,α-pinene,Hydrocarbons,,
,WALNUT (Juglans species),Nuts,β-pinene,Hydrocarbons,,
,WALNUT (Juglans species),Nuts,α-thujene,Hydrocarbons,,
,WALNUT (Juglans species),Nuts,sabinene (=4(10)-thujene),Hydrocarbons,,
,WALNUT (Juglans species),Nuts,3-carene,Hydrocarbons,,
,WALNUT (Juglans species),Nuts,β-caryophyllene,Hydrocarbons,,
,WALNUT (Juglans species),Nuts,β-bourbonene,Hydrocarbons,,
,WALNUT (Juglans species),Nuts,benzene,Hydrocarbons,,
,WALNUT (Juglans species),Nuts,methylbenzene (=toluene),Hydrocarbons,,
,WALNUT (Juglans species),Nuts,ethylbenzene (=α-methyltoluene),Hydrocarbons,,
,WALNUT (Juglans species),Nuts,vinylbenzene (=styrene),Hydrocarbons,,
,WALNUT (Juglans species),Nuts,propylbenzene,Hydrocarbons,,
,WALNUT (Juglans species),Nuts,isopropylbenzene (=cumene),Hydrocarbons,,
,WALNUT (Juglans species),Nuts,butylbenzene,Hydrocarbons,,
,WALNUT (Juglans species),Nuts,isobutylbenzene,Hydrocarbons,,
,WALNUT (Juglans species),Nuts,(sec-butyl)benzene,Hydrocarbons,,
,WALNUT (Juglans species),Nuts,"1,2-dimethylbenzene (=o-xylene)",Hydrocarbons,,
,WALNUT (Juglans species),Nuts,"1,3-dimethylbenzene (=m-xylene)",Hydrocarbons,,
,WALNUT (Juglans species),Nuts,"1,4-dimethylbenzene (=p-xylene)",Hydrocarbons,,
,WALNUT (Juglans species),Nuts,1-ethyl-2-methylbenzene (=o-ethyltoluene),Hydrocarbons,,
,WALNUT (Juglans species),Nuts,1-ethyl-3-methylbenzene (=m-ethyltoluene),Hydrocarbons,,
,WALNUT (Juglans species),Nuts,1-ethyl-4-methylbenzene (=p-ethyltoluene),Hydrocarbons,,
,WALNUT (Juglans species),Nuts,1-isopropyl-4-methylbenzene (=p-cymene),Hydrocarbons,,
,WALNUT (Juglans species),Nuts,"1,3-diethylbenzene",Hydrocarbons,,
,WALNUT (Juglans species),Nuts,"1,4-diethylbenzene",Hydrocarbons,,
,WALNUT (Juglans species),Nuts,"1,2,3-trimethylbenzene (=hemimellitene)",Hydrocarbons,,
,WALNUT (Juglans species),Nuts,"1,2,4-trimethylbenzene (=pseudocumene)",Hydrocarbons,,
,WALNUT (Juglans species),Nuts,"1,3,5-trimethylbenzene (=mesitylene)",Hydrocarbons,,
,WALNUT (Juglans species),Nuts,indane,Hydrocarbons,,
,WALNUT (Juglans species),Nuts,naphthalene,Hydrocarbons,,
,WALNUT (Juglans species),Nuts,2-methylnaphthalene,Hydrocarbons,,
,WALNUT (Juglans species),Nuts,ethanol,Alcohols,,
,WALNUT (Juglans species),Nuts,1-propanol (=propyl alcohol),Alcohols,,
,WALNUT (Juglans species),Nuts,2-propanol (=isopropyl alcohol),Alcohols,,
,WALNUT (Juglans species),Nuts,2-methyl-1-propanol (=isobutanol),Alcohols,,
,WALNUT (Juglans species),Nuts,2-methyl-2-propanol (=tert-butanol),Alcohols,,
,WALNUT (Juglans species),Nuts,1-butanol,Alcohols,,
,WALNUT (Juglans species),Nuts,2-butanol (=sec-butanol),Alcohols,,
,WALNUT (Juglans species),Nuts,2-methyl-1-butanol (=active amyl alcohol),Alcohols,,
,WALNUT (Juglans species),Nuts,3-methyl-1-butanol (=isoamyl alcohol),Alcohols,,
,WALNUT (Juglans species),Nuts,2-methyl-2-butanol (=tert-amyl alcohol),Alcohols,,
,WALNUT (Juglans species),Nuts,1-pentanol (=amyl alcohol),Alcohols,,
,WALNUT (Juglans species),Nuts,2-pentanol,Alcohols,,
,WALNUT (Juglans species),Nuts,(Z)-2-penten-1-ol,Alcohols,,
,WALNUT (Juglans species),Nuts,1-penten-3-ol,Alcohols,,
,WALNUT (Juglans species),Nuts,3-methyl-1-pentanol,Alcohols,,
,WALNUT (Juglans species),Nuts,1-hexanol,Alcohols,,
,WALNUT (Juglans species),Nuts,(Z)-3-hexen-1-ol (=leaf alcohol),Alcohols,,
,WALNUT (Juglans species),Nuts,1-heptanol,Alcohols,,
,WALNUT (Juglans species),Nuts,1-octanol,Alcohols,,
,WALNUT (Juglans species),Nuts,1-octen-3-ol,Alcohols,,
,WALNUT (Juglans species),Nuts,linalool,Alcohols,,
,WALNUT (Juglans species),Nuts,cyclobutanol,Alcohols,,
,WALNUT (Juglans species),Nuts,benzyl alcohol (=benzenemethanol),Alcohols,,
,WALNUT (Juglans species),Nuts,"p-cymen-8-ol (=α,α,p-trimethyl-benzyl alcohol)",Alcohols,,
,WALNUT (Juglans species),Nuts,pinocarveol,Alcohols,,
,WALNUT (Juglans species),Nuts,verbenol,Alcohols,,
,WALNUT (Juglans species),Nuts,myrtenol,Alcohols,,
,WALNUT (Juglans species),Nuts,sabinene hydrate (=4-thujanol),Alcohols,,
,WALNUT (Juglans species),Nuts,β-sitosterol,Alcohols,,
,WALNUT (Juglans species),Nuts,sitosterol (unkn.str.),Alcohols,,
,WALNUT (Juglans species),Nuts,"2-methylpropanal (=isobutanal, isobutyraldehyde)","Carbonyls, aldehydes",,
,WALNUT (Juglans species),Nuts,butanal (=butyraldehyde),"Carbonyls, aldehydes",,
,WALNUT (Juglans species),Nuts,2-methylbutanal (=α-methylbutanal),"Carbonyls, aldehydes",,
,WALNUT (Juglans species),Nuts,"3-methylbutanal (=isopentanal, isovaleraldehyde)","Carbonyls, aldehydes",,
,WALNUT (Juglans species),Nuts,(E)-2-methyl-2-butenal (=tiglicaldehyde),"Carbonyls, aldehydes",,
,WALNUT (Juglans species),Nuts,pentanal (=valeraldehyde),"Carbonyls, aldehydes",,
,WALNUT (Juglans species),Nuts,(E)-2-pentenal,"Carbonyls, aldehydes",,
,WALNUT (Juglans species),Nuts,2-methyl-2-pentenal,"Carbonyls, aldehydes",,
,WALNUT (Juglans species),Nuts,hexanal (=capronaldehyde),"Carbonyls, aldehydes",,
,WALNUT (Juglans species),Nuts,2-hexenal,"Carbonyls, aldehydes",,
,WALNUT (Juglans species),Nuts,(E)-2-hexenal (=leaf aldehyde),"Carbonyls, aldehydes",,
,WALNUT (Juglans species),Nuts,heptanal,"Carbonyls, aldehydes",,
,WALNUT (Juglans species),Nuts,2-heptenal,"Carbonyls, aldehydes",,
,WALNUT (Juglans species),Nuts,(E)-2-heptenal,"Carbonyls, aldehydes",,
,WALNUT (Juglans species),Nuts,"2,4-heptadienal","Carbonyls, aldehydes",,
,WALNUT (Juglans species),Nuts,"(E,E)-2,4-heptadienal","Carbonyls, aldehydes",,
,WALNUT (Juglans species),Nuts,octanal (=caprylaldehyde),"Carbonyls, aldehydes",,
,WALNUT (Juglans species),Nuts,2-octenal,"Carbonyls, aldehydes",,
,WALNUT (Juglans species),Nuts,(E)-2-octenal,"Carbonyls, aldehydes",,
,WALNUT (Juglans species),Nuts,nonanal (=pelargonaldehyde),"Carbonyls, aldehydes",,
,WALNUT (Juglans species),Nuts,2-nonenal,"Carbonyls, aldehydes",,
,WALNUT (Juglans species),Nuts,(E)-2-nonenal,"Carbonyls, aldehydes",,
,WALNUT (Juglans species),Nuts,decanal (=capraldehyde),"Carbonyls, aldehydes",,
,WALNUT (Juglans species),Nuts,2-decenal,"Carbonyls, aldehydes",,
,WALNUT (Juglans species),Nuts,"2,4-decadienal","Carbonyls, aldehydes",,
,WALNUT (Juglans species),Nuts,neral (=β-citral),"Carbonyls, aldehydes",,
,WALNUT (Juglans species),Nuts,benzaldehyde,"Carbonyls, aldehydes",,
,WALNUT (Juglans species),Nuts,"syringaldehyde (=4-hydroxy-3,5-dimethoxy-benzaldehyde)","Carbonyls, aldehydes",8.7,273
,WALNUT (Juglans species),Nuts,campholenal (unkn.str.),"Carbonyls, aldehydes",,
,WALNUT (Juglans species),Nuts,myrtenal,"Carbonyls, aldehydes",,
,WALNUT (Juglans species),Nuts,"acetone (=2-propanone, dimethyl ketone)","Carbonyls, ketones",,
,WALNUT (Juglans species),Nuts,2-butanone (=ethyl methyl ketone),"Carbonyls, ketones",,
,WALNUT (Juglans species),Nuts,3-buten-2-one,"Carbonyls, ketones",,
,WALNUT (Juglans species),Nuts,1-penten-3-one,"Carbonyls, ketones",,
,WALNUT (Juglans species),Nuts,4-methyl-2-pentanone,"Carbonyls, ketones",,
,WALNUT (Juglans species),Nuts,"2,3-pentanedione (=acetylpropionyl)","Carbonyls, ketones",,
,WALNUT (Juglans species),Nuts,2-hexanone,"Carbonyls, ketones",,
,WALNUT (Juglans species),Nuts,2-heptanone,"Carbonyls, ketones",,
,WALNUT (Juglans species),Nuts,6-methyl-5-hepten-2-one,"Carbonyls, ketones",,
,WALNUT (Juglans species),Nuts,2-octanone,"Carbonyls, ketones",,
,WALNUT (Juglans species),Nuts,3-octen-2-one,"Carbonyls, ketones",,
,WALNUT (Juglans species),Nuts,1-octen-3-one,"Carbonyls, ketones",,
,WALNUT (Juglans species),Nuts,"(E,E)-3,5-octadien-2-one","Carbonyls, ketones",,
,WALNUT (Juglans species),Nuts,cyclopentanone,"Carbonyls, ketones",,
,WALNUT (Juglans species),Nuts,acetophenone (=1-phenylethanone),"Carbonyls, ketones",,
,WALNUT (Juglans species),Nuts,pinocamphone,"Carbonyls, ketones",,
,WALNUT (Juglans species),Nuts,pinocarvone,"Carbonyls, ketones",,
,WALNUT (Juglans species),Nuts,verbenone (=2-pinen-4-one),"Carbonyls, ketones",,
,WALNUT (Juglans species),Nuts,chrysanthenone,"Carbonyls, ketones",,
,WALNUT (Juglans species),Nuts,"(4S)-3,4-dihydro-4-hydroxy-1(2H)-naphthalenone (=(4S)-4-hydroxy-α-tetralone)","Carbonyls, ketones",,
,WALNUT (Juglans species),Nuts,"(4R)-3,4-dihydro-4-hydroxy-1(2H)-naphthalenone (=(4R)-4-hydroxy-α-tetralone)","Carbonyls, ketones",,
,WALNUT (Juglans species),Nuts,"(4S)-3,4-dihydro-4,8-dihydroxy-1(2H)-naphthalenone (=regiolone, isosclerone)","Carbonyls, ketones",94,1836
,WALNUT (Juglans species),Nuts,"(4R)-3,4-dihydro-4,8-dihydroxy-1(2H)-naphthalenone","Carbonyls, ketones",,
,WALNUT (Juglans species),Nuts,"(4S)-3,4-dihydro-5-hydroxy-4-methoxy-1(2H)-naphthalenone","Carbonyls, ketones",,
,WALNUT (Juglans species),Nuts,"(4R)-3,4-dihydro-5-hydroxy-4-methoxy-1(2H)-naphthalenone","Carbonyls, ketones",,
,WALNUT (Juglans species),Nuts,"(4S)-3,4-dihydro-5,8-dihydroxy-4-methoxy-1(2H)-naphthalenone","Carbonyls, ketones",,
,WALNUT (Juglans species),Nuts,"(4R)-3,4-dihydro-5,8-dihydroxy-4-methoxy-1(2H)-naphthalenone","Carbonyls, ketones",,
,WALNUT (Juglans species),Nuts,"(4S)-3,4-dihydro-4,8-dihydroxy-5-methoxy-1(2H)-naphthalenone","Carbonyls, ketones",,
,WALNUT (Juglans species),Nuts,"1,4-naphthalenedione (=1,4-naphthoquinone)","Carbonyls, ketones",,
,WALNUT (Juglans species),Nuts,"5-hydroxy-1,4-naphthalenedione (=juglone, regianin)","Carbonyls, ketones",117,3179
,WALNUT (Juglans species),Nuts,"2,3-dihydro-5-hydroxy-1,4-naphthalenedione","Carbonyls, ketones",,
,WALNUT (Juglans species),Nuts,"2,3-dihydro-5-hydroxy-2-methyl-1,4-naphthalenedione","Carbonyls, ketones",,
,WALNUT (Juglans species),Nuts,acetic acid,Acids,,
,WALNUT (Juglans species),Nuts,hexanoic acid (=caproic acid),Acids,,
,WALNUT (Juglans species),Nuts,heptanoic acid (=enanthic acid),Acids,,
,WALNUT (Juglans species),Nuts,octanoic acid (=caprylic acid),Acids,,
,WALNUT (Juglans species),Nuts,nonanoic acid (=pelargonic acid),Acids,,
,WALNUT (Juglans species),Nuts,hexadecanoic acid (=palmitic acid),Acids,,
,WALNUT (Juglans species),Nuts,octadecanoic acid (=stearic acid),Acids,,
,WALNUT (Juglans species),Nuts,(Z)-9-octadecenoic acid (=oleic acid),Acids,,
,WALNUT (Juglans species),Nuts,"(Z,Z)-9,12-octadecadienoic acid (=linoleic acid)",Acids,,
,WALNUT (Juglans species),Nuts,"(Z,Z,Z)-9,12,15-octadecatrienoic acid (=linolenic acid)",Acids,,
,WALNUT (Juglans species),Nuts,"4-hydroxy-3,5-dimethoxybenzoic acid (=syringic acid)",Acids,338,10032
,WALNUT (Juglans species),Nuts,4-hydroxycinnamic acid (=p-coumaric acid),Acids,1.4,418
,WALNUT (Juglans species),Nuts,"3,4-dihydroxycinnamic acid (=caffeic acid)",Acids,2.4,49
,WALNUT (Juglans species),Nuts,4-hydroxy-3-methoxycinnamic acid (=ferulic acid),Acids,0.6,29
,WALNUT (Juglans species),Nuts,"4-hydroxy-3,5-dimethoxycinnamic acid (=sinapic acid)",Acids,0.5,22
,WALNUT (Juglans species),Nuts,chlorogenic acid,Acids,18,467
,WALNUT (Juglans species),Nuts,ellagic acid,Acids,59,1290
,WALNUT (Juglans species),Nuts,ethyl acetate,Esters,,
,WALNUT (Juglans species),Nuts,"sec-butyl acetate (=2-butyl acetate, 1-methylpropyl acetate)",Esters,,
,WALNUT (Juglans species),Nuts,pentyl acetate (=amyl acetate),Esters,,
,WALNUT (Juglans species),Nuts,(Z)-3-hexenyl acetate,Esters,,
,WALNUT (Juglans species),Nuts,geranyl acetate,Esters,,
,WALNUT (Juglans species),Nuts,methyl hexadecanoate (=methyl palmitate),Esters,,
,WALNUT (Juglans species),Nuts,methyl octadecanoate (=methyl stearate),Esters,,
,WALNUT (Juglans species),Nuts,methyl (Z)-9-octadecenoate (=methyl oleate),Esters,,
,WALNUT (Juglans species),Nuts,"methyl (Z,Z)-9,12-octadecadienoate (=methyl linoleate)",Esters,,
,WALNUT (Juglans species),Nuts,"methyl (Z,Z,Z)-9,12,15-octadecatrienoate (=methyl linolenoate)",Esters,,
,WALNUT (Juglans species),Nuts,"4-hydroxyhexanoic acid lactone (=γ-hexalactone, γ-caprolactone, 4-hexanolide)",Lactones,,
,WALNUT (Juglans species),Nuts,"1,8-cineole (=eucalyptol)",Ethers,,
,WALNUT (Juglans species),Nuts,trichloromethane (=chloroform),Halogens,,
,WALNUT (Juglans species),Nuts,tetrahydrofuran (=oxolane),Furans,,
,WALNUT (Juglans species),Nuts,"linalool oxide B (cis, 5-ring)",Furans,,
,WALNUT (Juglans species),Nuts,2-ethylfuran,Furans,,
,WALNUT (Juglans species),Nuts,2-butylfuran,Furans,,
,WALNUT (Juglans species),Nuts,2-pentylfuran,Furans,,
,WALNUT (Juglans species),Nuts,2-octylfuran,Furans,,
,WALNUT (Juglans species),Nuts,"1,2-epoxyheptane","(Ep)oxides, pyrans, coumarins",,
,WALNUT (Juglans species),Nuts,β-caryophyllene oxide,"(Ep)oxides, pyrans, coumarins",,
WALNUT KERNEL (Juglans regia L.),WALNUT (Juglans species),Nuts,heptane,Hydrocarbons,,
WALNUT KERNEL (Juglans regia L.),WALNUT (Juglans species),Nuts,1-heptene,Hydrocarbons,,
WALNUT KERNEL (Juglans regia L.),WALNUT (Juglans species),Nuts,2-methylheptane,Hydrocarbons,,
WALNUT KERNEL (Juglans regia L.),WALNUT (Juglans species),Nuts,3-methylheptane,Hydrocarbons,,
WALNUT KERNEL (Juglans regia L.),WALNUT (Juglans species),Nuts,octane,Hydrocarbons,,
WALNUT KERNEL (Juglans regia L.),WALNUT (Juglans species),Nuts,1-octene,Hydrocarbons,,
WALNUT KERNEL (Juglans regia L.),WALNUT (Juglans species),Nuts,(Z)-2-octene,Hydrocarbons,,
WALNUT KERNEL (Juglans regia L.),WALNUT (Juglans species),Nuts,(E)-2-octene,Hydrocarbons,,
WALNUT KERNEL (Juglans regia L.),WALNUT (Juglans species),Nuts,nonane,Hydrocarbons,,
WALNUT KERNEL (Juglans regia L.),WALNUT (Juglans species),Nuts,decane,Hydrocarbons,,
WALNUT KERNEL (Juglans regia L.),WALNUT (Juglans species),Nuts,undecane,Hydrocarbons,,
WALNUT KERNEL (Juglans regia L.),WALNUT (Juglans species),Nuts,dodecane,Hydrocarbons,,
WALNUT KERNEL (Juglans regia L.),WALNUT (Juglans species),Nuts,tridecane,Hydrocarbons,,
WALNUT KERNEL (Juglans regia L.),WALNUT (Juglans species),Nuts,methylcyclohexane,Hydrocarbons,,
WALNUT KERNEL (Juglans regia L.),WALNUT (Juglans species),Nuts,ethylcyclohexane,Hydrocarbons,,
WALNUT KERNEL (Juglans regia L.),WALNUT (Juglans species),Nuts,limonene,Hydrocarbons,,
WALNUT KERNEL (Juglans regia L.),WALNUT (Juglans species),Nuts,(4R)-(+)-limonene,Hydrocarbons,,
WALNUT KERNEL (Juglans regia L.),WALNUT (Juglans species),Nuts,α-pinene,Hydrocarbons,,
WALNUT KERNEL (Juglans regia L.),WALNUT (Juglans species),Nuts,β-pinene,Hydrocarbons,,
WALNUT KERNEL (Juglans regia L.),WALNUT (Juglans species),Nuts,sabinene (=4(10)-thujene),Hydrocarbons,,
WALNUT KERNEL (Juglans regia L.),WALNUT (Juglans species),Nuts,3-carene,Hydrocarbons,,
WALNUT KERNEL (Juglans regia L.),WALNUT (Juglans species),Nuts,benzene,Hydrocarbons,,
WALNUT KERNEL (Juglans regia L.),WALNUT (Juglans species),Nuts,methylbenzene (=toluene),Hydrocarbons,,
WALNUT KERNEL (Juglans regia L.),WALNUT (Juglans species),Nuts,ethylbenzene (=α-methyltoluene),Hydrocarbons,,
WALNUT KERNEL (Juglans regia L.),WALNUT (Juglans species),Nuts,vinylbenzene (=styrene),Hydrocarbons,,
WALNUT KERNEL (Juglans regia L.),WALNUT (Juglans species),Nuts,propylbenzene,Hydrocarbons,,
WALNUT KERNEL (Juglans regia L.),WALNUT (Juglans species),Nuts,isopropylbenzene (=cumene),Hydrocarbons,,
WALNUT KERNEL (Juglans regia L.),WALNUT (Juglans species),Nuts,butylbenzene,Hydrocarbons,,
WALNUT KERNEL (Juglans regia L.),WALNUT (Juglans species),Nuts,isobutylbenzene,Hydrocarbons,,
WALNUT KERNEL (Juglans regia L.),WALNUT (Juglans species),Nuts,(sec-butyl)benzene,Hydrocarbons,,
WALNUT KERNEL (Juglans regia L.),WALNUT (Juglans species),Nuts,"1,2-dimethylbenzene (=o-xylene)",Hydrocarbons,,
WALNUT KERNEL (Juglans regia L.),WALNUT (Juglans species),Nuts,"1,3-dimethylbenzene (=m-xylene)",Hydrocarbons,,
WALNUT KERNEL (Juglans regia L.),WALNUT (Juglans species),Nuts,"1,4-dimethylbenzene (=p-xylene)",Hydrocarbons,,
WALNUT KERNEL (Juglans regia L.),WALNUT (Juglans species),Nuts,1-ethyl-2-methylbenzene (=o-ethyltoluene),Hydrocarbons,,
WALNUT KERNEL (Juglans regia L.),WALNUT (Juglans species),Nuts,1-ethyl-3-methylbenzene (=m-ethyltoluene),Hydrocarbons,,
WALNUT KERNEL (Juglans regia L.),WALNUT (Juglans species),Nuts,1-ethyl-4-methylbenzene (=p-ethyltoluene),Hydrocarbons,,
WALNUT KERNEL (Juglans regia L.),WALNUT (Juglans species),Nuts,"1,3-diethylbenzene",Hydrocarbons,,
WALNUT KERNEL (Juglans regia L.),WALNUT (Juglans species),Nuts,"1,4-diethylbenzene",Hydrocarbons,,
WALNUT KERNEL (Juglans regia L.),WALNUT (Juglans species),Nuts,"1,2,3-trimethylbenzene (=hemimellitene)",Hydrocarbons,,
WALNUT KERNEL (Juglans regia L.),WALNUT (Juglans species),Nuts,"1,2,4-trimethylbenzene (=pseudocumene)",Hydrocarbons,,
WALNUT KERNEL (Juglans regia L.),WALNUT (Juglans species),Nuts,"1,3,5-trimethylbenzene (=mesitylene)",Hydrocarbons,,
WALNUT KERNEL (Juglans regia L.),WALNUT (Juglans species),Nuts,indane,Hydrocarbons,,
WALNUT KERNEL (Juglans regia L.),WALNUT (Juglans species),Nuts,naphthalene,Hydrocarbons,,
WALNUT KERNEL (Juglans regia L.),WALNUT (Juglans species),Nuts,1-propanol (=propyl alcohol),Alcohols,,
WALNUT KERNEL (Juglans regia L.),WALNUT (Juglans species),Nuts,2-propanol (=isopropyl alcohol),Alcohols,,
WALNUT KERNEL (Juglans regia L.),WALNUT (Juglans species),Nuts,2-methyl-1-propanol (=isobutanol),Alcohols,,
WALNUT KERNEL (Juglans regia L.),WALNUT (Juglans species),Nuts,2-methyl-2-propanol (=tert-butanol),Alcohols,,
WALNUT KERNEL (Juglans regia L.),WALNUT (Juglans species),Nuts,1-butanol,Alcohols,,
WALNUT KERNEL (Juglans regia L.),WALNUT (Juglans species),Nuts,2-butanol (=sec-butanol),Alcohols,,
WALNUT KERNEL (Juglans regia L.),WALNUT (Juglans species),Nuts,2-methyl-1-butanol (=active amyl alcohol),Alcohols,,
WALNUT KERNEL (Juglans regia L.),WALNUT (Juglans species),Nuts,3-methyl-1-butanol (=isoamyl alcohol),Alcohols,,
WALNUT KERNEL (Juglans regia L.),WALNUT (Juglans species),Nuts,1-pentanol (=amyl alcohol),Alcohols,,
WALNUT KERNEL (Juglans regia L.),WALNUT (Juglans species),Nuts,2-pentanol,Alcohols,,
WALNUT KERNEL (Juglans regia L.),WALNUT (Juglans species),Nuts,(Z)-2-penten-1-ol,Alcohols,,
WALNUT KERNEL (Juglans regia L.),WALNUT (Juglans species),Nuts,1-penten-3-ol,Alcohols,,
WALNUT KERNEL (Juglans regia L.),WALNUT (Juglans species),Nuts,3-methyl-1-pentanol,Alcohols,,
WALNUT KERNEL (Juglans regia L.),WALNUT (Juglans species),Nuts,1-hexanol,Alcohols,,
WALNUT KERNEL (Juglans regia L.),WALNUT (Juglans species),Nuts,1-heptanol,Alcohols,,
WALNUT KERNEL (Juglans regia L.),WALNUT (Juglans species),Nuts,1-octanol,Alcohols,,
WALNUT KERNEL (Juglans regia L.),WALNUT (Juglans species),Nuts,1-octen-3-ol,Alcohols,,
WALNUT KERNEL (Juglans regia L.),WALNUT (Juglans species),Nuts,"2-methylpropanal (=isobutanal, isobutyraldehyde)","Carbonyls, aldehydes",,
WALNUT KERNEL (Juglans regia L.),WALNUT (Juglans species),Nuts,butanal (=butyraldehyde),"Carbonyls, aldehydes",,
WALNUT KERNEL (Juglans regia L.),WALNUT (Juglans species),Nuts,2-methylbutanal (=α-methylbutanal),"Carbonyls, aldehydes",,
WALNUT KERNEL (Juglans regia L.),WALNUT (Juglans species),Nuts,"3-methylbutanal (=isopentanal, isovaleraldehyde)","Carbonyls, aldehydes",,
WALNUT KERNEL (Juglans regia L.),WALNUT (Juglans species),Nuts,(E)-2-methyl-2-butenal (=tiglicaldehyde),"Carbonyls, aldehydes",,
WALNUT KERNEL (Juglans regia L.),WALNUT (Juglans species),Nuts,pentanal (=valeraldehyde),"Carbonyls, aldehydes",,
WALNUT KERNEL (Juglans regia L.),WALNUT (Juglans species),Nuts,(E)-2-pentenal,"Carbonyls, aldehydes",,
WALNUT KERNEL (Juglans regia L.),WALNUT (Juglans species),Nuts,2-methyl-2-pentenal,"Carbonyls, aldehydes",,
WALNUT KERNEL (Juglans regia L.),WALNUT (Juglans species),Nuts,hexanal (=capronaldehyde),"Carbonyls, aldehydes",,
WALNUT KERNEL (Juglans regia L.),WALNUT (Juglans species),Nuts,(E)-2-hexenal (=leaf aldehyde),"Carbonyls, aldehydes",,
WALNUT KERNEL (Juglans regia L.),WALNUT (Juglans species),Nuts,heptanal,"Carbonyls, aldehydes",,
WALNUT KERNEL (Juglans regia L.),WALNUT (Juglans species),Nuts,2-heptenal,"Carbonyls, aldehydes",,
WALNUT KERNEL (Juglans regia L.),WALNUT (Juglans species),Nuts,(E)-2-heptenal,"Carbonyls, aldehydes",,
WALNUT KERNEL (Juglans regia L.),WALNUT (Juglans species),Nuts,"(E,E)-2,4-heptadienal","Carbonyls, aldehydes",,
WALNUT KERNEL (Juglans regia L.),WALNUT (Juglans species),Nuts,octanal (=caprylaldehyde),"Carbonyls, aldehydes",,
WALNUT KERNEL (Juglans regia L.),WALNUT (Juglans species),Nuts,2-octenal,"Carbonyls, aldehydes",,
WALNUT KERNEL (Juglans regia L.),WALNUT (Juglans species),Nuts,(E)-2-octenal,"Carbonyls, aldehydes",,
WALNUT KERNEL (Juglans regia L.),WALNUT (Juglans species),Nuts,nonanal (=pelargonaldehyde),"Carbonyls, aldehydes",,
WALNUT KERNEL (Juglans regia L.),WALNUT (Juglans species),Nuts,(E)-2-nonenal,"Carbonyls, aldehydes",,
WALNUT KERNEL (Juglans regia L.),WALNUT (Juglans species),Nuts,decanal (=capraldehyde),"Carbonyls, aldehydes",,
WALNUT KERNEL (Juglans regia L.),WALNUT (Juglans species),Nuts,benzaldehyde,"Carbonyls, aldehydes",,
WALNUT KERNEL (Juglans regia L.),WALNUT (Juglans species),Nuts,"syringaldehyde (=4-hydroxy-3,5-dimethoxy-benzaldehyde)","Carbonyls, aldehydes",8.7,8.7
WALNUT KERNEL (Juglans regia L.),WALNUT (Juglans species),Nuts,"acetone (=2-propanone, dimethyl ketone)","Carbonyls, ketones",,
WALNUT KERNEL (Juglans regia L.),WALNUT (Juglans species),Nuts,2-butanone (=ethyl methyl ketone),"Carbonyls, ketones",,
WALNUT KERNEL (Juglans regia L.),WALNUT (Juglans species),Nuts,3-buten-2-one,"Carbonyls, ketones",,
WALNUT KERNEL (Juglans regia L.),WALNUT (Juglans species),Nuts,1-penten-3-one,"Carbonyls, ketones",,
WALNUT KERNEL (Juglans regia L.),WALNUT (Juglans species),Nuts,4-methyl-2-pentanone,"Carbonyls, ketones",,
WALNUT KERNEL (Juglans regia L.),WALNUT (Juglans species),Nuts,"2,3-pentanedione (=acetylpropionyl)","Carbonyls, ketones",,
WALNUT KERNEL (Juglans regia L.),WALNUT (Juglans species),Nuts,2-heptanone,"Carbonyls, ketones",,
WALNUT KERNEL (Juglans regia L.),WALNUT (Juglans species),Nuts,6-methyl-5-hepten-2-one,"Carbonyls, ketones",,
WALNUT KERNEL (Juglans regia L.),WALNUT (Juglans species),Nuts,2-octanone,"Carbonyls, ketones",,
WALNUT KERNEL (Juglans regia L.),WALNUT (Juglans species),Nuts,3-octen-2-one,"Carbonyls, ketones",,
WALNUT KERNEL (Juglans regia L.),WALNUT (Juglans species),Nuts,1-octen-3-one,"Carbonyls, ketones",,
WALNUT KERNEL (Juglans regia L.),WALNUT (Juglans species),Nuts,"(E,E)-3,5-octadien-2-one","Carbonyls, ketones",,
WALNUT KERNEL (Juglans regia L.),WALNUT (Juglans species),Nuts,cyclopentanone,"Carbonyls, ketones",,
WALNUT KERNEL (Juglans regia L.),WALNUT (Juglans species),Nuts,"5-hydroxy-1,4-naphthalenedione (=juglone, regianin)","Carbonyls, ketones",117,117
WALNUT KERNEL (Juglans regia L.),WALNUT (Juglans species),Nuts,"4-hydroxy-3,5-dimethoxybenzoic acid (=syringic acid)",Acids,338,338
WALNUT KERNEL (Juglans regia L.),WALNUT (Juglans species),Nuts,4-hydroxycinnamic acid (=p-coumaric acid),Acids,1.4,1.4
WALNUT KERNEL (Juglans regia L.),WALNUT (Juglans species),Nuts,"3,4-dihydroxycinnamic acid (=caffeic acid)",Acids,2.4,2.4
WALNUT KERNEL (Juglans regia L.),WALNUT (Juglans species),Nuts,4-hydroxy-3-methoxycinnamic acid (=ferulic acid),Acids,0.6,0.6
WALNUT KERNEL (Juglans regia L.),WALNUT (Juglans species),Nuts,"4-hydroxy-3,5-dimethoxycinnamic acid (=sinapic acid)",Acids,0.5,0.5
WALNUT KERNEL (Juglans regia L.),WALNUT (Juglans species),Nuts,chlorogenic acid,Acids,18,18
WALNUT KERNEL (Juglans regia L.),WALNUT (Juglans species),Nuts,ellagic acid,Acids,59,59
WALNUT KERNEL (Juglans regia L.),WALNUT (Juglans species),Nuts,ethyl acetate,Esters,,
WALNUT KERNEL (Juglans regia L.),WALNUT (Juglans species),Nuts,"sec-butyl acetate (=2-butyl acetate, 1-methylpropyl acetate)",Esters,,
WALNUT KERNEL (Juglans regia L.),WALNUT (Juglans species),Nuts,pentyl acetate (=amyl acetate),Esters,,
WALNUT KERNEL (Juglans regia L.),WALNUT (Juglans species),Nuts,"4-hydroxyhexanoic acid lactone (=γ-hexalactone, γ-caprolactone, 4-hexanolide)",Lactones,,
WALNUT KERNEL (Juglans regia L.),WALNUT (Juglans species),Nuts,trichloromethane (=chloroform),Halogens,,
WALNUT KERNEL (Juglans regia L.),WALNUT (Juglans species),Nuts,tetrahydrofuran (=oxolane),Furans,,
WALNUT KERNEL (Juglans regia L.),WALNUT (Juglans species),Nuts,2-ethylfuran,Furans,,
WALNUT KERNEL (Juglans regia L.),WALNUT (Juglans species),Nuts,2-butylfuran,Furans,,
WALNUT KERNEL (Juglans regia L.),WALNUT (Juglans species),Nuts,2-pentylfuran,Furans,,
WALNUT KERNEL (Juglans regia L.),WALNUT (Juglans species),Nuts,"1,2-epoxyheptane","(Ep)oxides, pyrans, coumarins",,
WALNUT PELLICLE (Juglans regia L.),WALNUT (Juglans species),Nuts,"syringaldehyde (=4-hydroxy-3,5-dimethoxy-benzaldehyde)","Carbonyls, aldehydes",273,273
WALNUT PELLICLE (Juglans regia L.),WALNUT (Juglans species),Nuts,"5-hydroxy-1,4-naphthalenedione (=juglone, regianin)","Carbonyls, ketones",3179,3179
WALNUT PELLICLE (Juglans regia L.),WALNUT (Juglans species),Nuts,"4-hydroxy-3,5-dimethoxybenzoic acid (=syringic acid)",Acids,10032,10032
WALNUT PELLICLE (Juglans regia L.),WALNUT (Juglans species),Nuts,4-hydroxycinnamic acid (=p-coumaric acid),Acids,418,418
WALNUT PELLICLE (Juglans regia L.),WALNUT (Juglans species),Nuts,"3,4-dihydroxycinnamic acid (=caffeic acid)",Acids,49,49
WALNUT PELLICLE (Juglans regia L.),WALNUT (Juglans species),Nuts,4-hydroxy-3-methoxycinnamic acid (=ferulic acid),Acids,29,29
WALNUT PELLICLE (Juglans regia L.),WALNUT (Juglans species),Nuts,"4-hydroxy-3,5-dimethoxycinnamic acid (=sinapic acid)",Acids,22,22
WALNUT PELLICLE (Juglans regia L.),WALNUT (Juglans species),Nuts,chlorogenic acid,Acids,467,467
WALNUT PELLICLE (Juglans regia L.),WALNUT (Juglans species),Nuts,ellagic acid,Acids,1290,1290
WALNUT KERNEL OIL (Juglans regia L.),WALNUT (Juglans species),Nuts,pentane,Hydrocarbons,,
WALNUT KERNEL OIL (Juglans regia L.),WALNUT (Juglans species),Nuts,octane,Hydrocarbons,,
WALNUT KERNEL OIL (Juglans regia L.),WALNUT (Juglans species),Nuts,nonane,Hydrocarbons,,
WALNUT KERNEL OIL (Juglans regia L.),WALNUT (Juglans species),Nuts,decane,Hydrocarbons,,
WALNUT KERNEL OIL (Juglans regia L.),WALNUT (Juglans species),Nuts,undecane,Hydrocarbons,,
WALNUT KERNEL OIL (Juglans regia L.),WALNUT (Juglans species),Nuts,dodecane,Hydrocarbons,,
WALNUT KERNEL OIL (Juglans regia L.),WALNUT (Juglans species),Nuts,tridecane,Hydrocarbons,,
WALNUT KERNEL OIL (Juglans regia L.),WALNUT (Juglans species),Nuts,tetradecane,Hydrocarbons,,
WALNUT KERNEL OIL (Juglans regia L.),WALNUT (Juglans species),Nuts,limonene,Hydrocarbons,,
WALNUT KERNEL OIL (Juglans regia L.),WALNUT (Juglans species),Nuts,α-pinene,Hydrocarbons,,
WALNUT KERNEL OIL (Juglans regia L.),WALNUT (Juglans species),Nuts,ethylbenzene (=α-methyltoluene),Hydrocarbons,,
WALNUT KERNEL OIL (Juglans regia L.),WALNUT (Juglans species),Nuts,"1,4-dimethylbenzene (=p-xylene)",Hydrocarbons,,
WALNUT KERNEL OIL (Juglans regia L.),WALNUT (Juglans species),Nuts,"1,2,3-trimethylbenzene (=hemimellitene)",Hydrocarbons,,
WALNUT KERNEL OIL (Juglans regia L.),WALNUT (Juglans species),Nuts,"1,2,4-trimethylbenzene (=pseudocumene)",Hydrocarbons,,
WALNUT KERNEL OIL (Juglans regia L.),WALNUT (Juglans species),Nuts,"1,3,5-trimethylbenzene (=mesitylene)",Hydrocarbons,,
WALNUT KERNEL OIL (Juglans regia L.),WALNUT (Juglans species),Nuts,naphthalene,Hydrocarbons,,
WALNUT KERNEL OIL (Juglans regia L.),WALNUT (Juglans species),Nuts,2-methylnaphthalene,Hydrocarbons,,
WALNUT KERNEL OIL (Juglans regia L.),WALNUT (Juglans species),Nuts,ethanol,Alcohols,,
WALNUT KERNEL OIL (Juglans regia L.),WALNUT (Juglans species),Nuts,2-methyl-2-butanol (=tert-amyl alcohol),Alcohols,,
WALNUT KERNEL OIL (Juglans regia L.),WALNUT (Juglans species),Nuts,1-pentanol (=amyl alcohol),Alcohols,,
WALNUT KERNEL OIL (Juglans regia L.),WALNUT (Juglans species),Nuts,1-hexanol,Alcohols,,
WALNUT KERNEL OIL (Juglans regia L.),WALNUT (Juglans species),Nuts,1-heptanol,Alcohols,,
WALNUT KERNEL OIL (Juglans regia L.),WALNUT (Juglans species),Nuts,1-octanol,Alcohols,,
WALNUT KERNEL OIL (Juglans regia L.),WALNUT (Juglans species),Nuts,cyclobutanol,Alcohols,,
WALNUT KERNEL OIL (Juglans regia L.),WALNUT (Juglans species),Nuts,β-sitosterol,Alcohols,,
WALNUT KERNEL OIL (Juglans regia L.),WALNUT (Juglans species),Nuts,pentanal (=valeraldehyde),"Carbonyls, aldehydes",,
WALNUT KERNEL OIL (Juglans regia L.),WALNUT (Juglans species),Nuts,hexanal (=capronaldehyde),"Carbonyls, aldehydes",,
WALNUT KERNEL OIL (Juglans regia L.),WALNUT (Juglans species),Nuts,2-hexenal,"Carbonyls, aldehydes",,
WALNUT KERNEL OIL (Juglans regia L.),WALNUT (Juglans species),Nuts,heptanal,"Carbonyls, aldehydes",,
WALNUT KERNEL OIL (Juglans regia L.),WALNUT (Juglans species),Nuts,"2,4-heptadienal","Carbonyls, aldehydes",,
WALNUT KERNEL OIL (Juglans regia L.),WALNUT (Juglans species),Nuts,octanal (=caprylaldehyde),"Carbonyls, aldehydes",,
WALNUT KERNEL OIL (Juglans regia L.),WALNUT (Juglans species),Nuts,2-octenal,"Carbonyls, aldehydes",,
WALNUT KERNEL OIL (Juglans regia L.),WALNUT (Juglans species),Nuts,nonanal (=pelargonaldehyde),"Carbonyls, aldehydes",,
WALNUT KERNEL OIL (Juglans regia L.),WALNUT (Juglans species),Nuts,2-nonenal,"Carbonyls, aldehydes",,
WALNUT KERNEL OIL (Juglans regia L.),WALNUT (Juglans species),Nuts,decanal (=capraldehyde),"Carbonyls, aldehydes",,
WALNUT KERNEL OIL (Juglans regia L.),WALNUT (Juglans species),Nuts,2-decenal,"Carbonyls, aldehydes",,
WALNUT KERNEL OIL (Juglans regia L.),WALNUT (Juglans species),Nuts,"2,4-decadienal","Carbonyls, aldehydes",,
WALNUT KERNEL OIL (Juglans regia L.),WALNUT (Juglans species),Nuts,2-hexanone,"Carbonyls, ketones",,
WALNUT KERNEL OIL (Juglans regia L.),WALNUT (Juglans species),Nuts,2-heptanone,"Carbonyls, ketones",,
WALNUT KERNEL OIL (Juglans regia L.),WALNUT (Juglans species),Nuts,hexadecanoic acid (=palmitic acid),Acids,,
WALNUT KERNEL OIL (Juglans regia L.),WALNUT (Juglans species),Nuts,octadecanoic acid (=stearic acid),Acids,,
WALNUT KERNEL OIL (Juglans regia L.),WALNUT (Juglans species),Nuts,(Z)-9-octadecenoic acid (=oleic acid),Acids,,
WALNUT KERNEL OIL (Juglans regia L.),WALNUT (Juglans species),Nuts,"(Z,Z)-9,12-octadecadienoic acid (=linoleic acid)",Acids,,
WALNUT KERNEL OIL (Juglans regia L.),WALNUT (Juglans species),Nuts,"(Z,Z,Z)-9,12,15-octadecatrienoic acid (=linolenic acid)",Acids,,
WALNUT KERNEL OIL (Juglans regia L.),WALNUT (Juglans species),Nuts,ethyl acetate,Esters,,
WALNUT KERNEL OIL (Juglans regia L.),WALNUT (Juglans species),Nuts,methyl hexadecanoate (=methyl palmitate),Esters,,
WALNUT KERNEL OIL (Juglans regia L.),WALNUT (Juglans species),Nuts,methyl octadecanoate (=methyl stearate),Esters,,
WALNUT KERNEL OIL (Juglans regia L.),WALNUT (Juglans species),Nuts,methyl (Z)-9-octadecenoate (=methyl oleate),Esters,,
WALNUT KERNEL OIL (Juglans regia L.),WALNUT (Juglans species),Nuts,"methyl (Z,Z)-9,12-octadecadienoate (=methyl linoleate)",Esters,,
WALNUT KERNEL OIL (Juglans regia L.),WALNUT (Juglans species),Nuts,"methyl (Z,Z,Z)-9,12,15-octadecatrienoate (=methyl linolenoate)",Esters,,
WALNUT KERNEL OIL (Juglans regia L.),WALNUT (Juglans species),Nuts,trichloromethane (=chloroform),Halogens,,
WALNUT KERNEL OIL (Juglans regia L.),WALNUT (Juglans species),Nuts,2-pentylfuran,Furans,,
WALNUT KERNEL OIL (Juglans regia L.),WALNUT (Juglans species),Nuts,2-octylfuran,Furans,,
GREEN WALNUT HUSK (dried unripe)(Juglans regia L.),WALNUT (Juglans species),Nuts,"(E)-4,8-dimethyl-1,3,7-nonatriene",Hydrocarbons,,
GREEN WALNUT HUSK (dried unripe)(Juglans regia L.),WALNUT (Juglans species),Nuts,"(E,E)-4,8,12-trimethyl-1,3,7,11-tridecatetraene",Hydrocarbons,,
GREEN WALNUT HUSK (dried unripe)(Juglans regia L.),WALNUT (Juglans species),Nuts,(E)-β-ocimene,Hydrocarbons,,
GREEN WALNUT HUSK (dried unripe)(Juglans regia L.),WALNUT (Juglans species),Nuts,β-myrcene (=myrcene),Hydrocarbons,,
GREEN WALNUT HUSK (dried unripe)(Juglans regia L.),WALNUT (Juglans species),Nuts,"(E,E)-α-farnesene (=α-farnesene)",Hydrocarbons,,
GREEN WALNUT HUSK (dried unripe)(Juglans regia L.),WALNUT (Juglans species),Nuts,(E)-β-farnesene,Hydrocarbons,,
GREEN WALNUT HUSK (dried unripe)(Juglans regia L.),WALNUT (Juglans species),Nuts,β-terpinene,Hydrocarbons,,
GREEN WALNUT HUSK (dried unripe)(Juglans regia L.),WALNUT (Juglans species),Nuts,γ-terpinene,Hydrocarbons,,
GREEN WALNUT HUSK (dried unripe)(Juglans regia L.),WALNUT (Juglans species),Nuts,terpinolene,Hydrocarbons,,
GREEN WALNUT HUSK (dried unripe)(Juglans regia L.),WALNUT (Juglans species),Nuts,limonene,Hydrocarbons,,
GREEN WALNUT HUSK (dried unripe)(Juglans regia L.),WALNUT (Juglans species),Nuts,ar-curcumene,Hydrocarbons,,
GREEN WALNUT HUSK (dried unripe)(Juglans regia L.),WALNUT (Juglans species),Nuts,germacrene D,Hydrocarbons,,
GREEN WALNUT HUSK (dried unripe)(Juglans regia L.),WALNUT (Juglans species),Nuts,α-humulene (=humulene),Hydrocarbons,,
GREEN WALNUT HUSK (dried unripe)(Juglans regia L.),WALNUT (Juglans species),Nuts,α-pinene,Hydrocarbons,,
GREEN WALNUT HUSK (dried unripe)(Juglans regia L.),WALNUT (Juglans species),Nuts,α-thujene,Hydrocarbons,,
GREEN WALNUT HUSK (dried unripe)(Juglans regia L.),WALNUT (Juglans species),Nuts,sabinene (=4(10)-thujene),Hydrocarbons,,
GREEN WALNUT HUSK (dried unripe)(Juglans regia L.),WALNUT (Juglans species),Nuts,β-caryophyllene,Hydrocarbons,,
GREEN WALNUT HUSK (dried unripe)(Juglans regia L.),WALNUT (Juglans species),Nuts,β-bourbonene,Hydrocarbons,,
GREEN WALNUT HUSK (dried unripe)(Juglans regia L.),WALNUT (Juglans species),Nuts,1-isopropyl-4-methylbenzene (=p-cymene),Hydrocarbons,,
GREEN WALNUT HUSK (dried unripe)(Juglans regia L.),WALNUT (Juglans species),Nuts,1-hexanol,Alcohols,,
GREEN WALNUT HUSK (dried unripe)(Juglans regia L.),WALNUT (Juglans species),Nuts,(Z)-3-hexen-1-ol (=leaf alcohol),Alcohols,,
GREEN WALNUT HUSK (dried unripe)(Juglans regia L.),WALNUT (Juglans species),Nuts,linalool,Alcohols,,
GREEN WALNUT HUSK (dried unripe)(Juglans regia L.),WALNUT (Juglans species),Nuts,benzyl alcohol (=benzenemethanol),Alcohols,,
GREEN WALNUT HUSK (dried unripe)(Juglans regia L.),WALNUT (Juglans species),Nuts,"p-cymen-8-ol (=α,α,p-trimethyl-benzyl alcohol)",Alcohols,,
GREEN WALNUT HUSK (dried unripe)(Juglans regia L.),WALNUT (Juglans species),Nuts,pinocarveol,Alcohols,,
GREEN WALNUT HUSK (dried unripe)(Juglans regia L.),WALNUT (Juglans species),Nuts,verbenol,Alcohols,,
GREEN WALNUT HUSK (dried unripe)(Juglans regia L.),WALNUT (Juglans species),Nuts,myrtenol,Alcohols,,
GREEN WALNUT HUSK (dried unripe)(Juglans regia L.),WALNUT (Juglans species),Nuts,sabinene hydrate (=4-thujanol),Alcohols,,
GREEN WALNUT HUSK (dried unripe)(Juglans regia L.),WALNUT (Juglans species),Nuts,hexanal (=capronaldehyde),"Carbonyls, aldehydes",,
GREEN WALNUT HUSK (dried unripe)(Juglans regia L.),WALNUT (Juglans species),Nuts,(E)-2-hexenal (=leaf aldehyde),"Carbonyls, aldehydes",,
GREEN WALNUT HUSK (dried unripe)(Juglans regia L.),WALNUT (Juglans species),Nuts,nonanal (=pelargonaldehyde),"Carbonyls, aldehydes",,
GREEN WALNUT HUSK (dried unripe)(Juglans regia L.),WALNUT (Juglans species),Nuts,neral (=β-citral),"Carbonyls, aldehydes",,
GREEN WALNUT HUSK (dried unripe)(Juglans regia L.),WALNUT (Juglans species),Nuts,campholenal (unkn.str.),"Carbonyls, aldehydes",,
GREEN WALNUT HUSK (dried unripe)(Juglans regia L.),WALNUT (Juglans species),Nuts,myrtenal,"Carbonyls, aldehydes",,
GREEN WALNUT HUSK (dried unripe)(Juglans regia L.),WALNUT (Juglans species),Nuts,acetophenone (=1-phenylethanone),"Carbonyls, ketones",,
GREEN WALNUT HUSK (dried unripe)(Juglans regia L.),WALNUT (Juglans species),Nuts,pinocamphone,"Carbonyls, ketones",,
GREEN WALNUT HUSK (dried unripe)(Juglans regia L.),WALNUT (Juglans species),Nuts,pinocarvone,"Carbonyls, ketones",,
GREEN WALNUT HUSK (dried unripe)(Juglans regia L.),WALNUT (Juglans species),Nuts,verbenone (=2-pinen-4-one),"Carbonyls, ketones",,
GREEN WALNUT HUSK (dried unripe)(Juglans regia L.),WALNUT (Juglans species),Nuts,chrysanthenone,"Carbonyls, ketones",,
GREEN WALNUT HUSK (dried unripe)(Juglans regia L.),WALNUT (Juglans species),Nuts,"(4S)-3,4-dihydro-4,8-dihydroxy-1(2H)-naphthalenone (=regiolone, isosclerone)","Carbonyls, ketones",94,1836
GREEN WALNUT HUSK (dried unripe)(Juglans regia L.),WALNUT (Juglans species),Nuts,"1,4-naphthalenedione (=1,4-naphthoquinone)","Carbonyls, ketones",,
GREEN WALNUT HUSK (dried unripe)(Juglans regia L.),WALNUT (Juglans species),Nuts,"5-hydroxy-1,4-naphthalenedione (=juglone, regianin)","Carbonyls, ketones",,
GREEN WALNUT HUSK (dried unripe)(Juglans regia L.),WALNUT (Juglans species),Nuts,"2,3-dihydro-5-hydroxy-1,4-naphthalenedione","Carbonyls, ketones",,
GREEN WALNUT HUSK (dried unripe)(Juglans regia L.),WALNUT (Juglans species),Nuts,"2,3-dihydro-5-hydroxy-2-methyl-1,4-naphthalenedione","Carbonyls, ketones",,
GREEN WALNUT HUSK (dried unripe)(Juglans regia L.),WALNUT (Juglans species),Nuts,acetic acid,Acids,,
GREEN WALNUT HUSK (dried unripe)(Juglans regia L.),WALNUT (Juglans species),Nuts,hexanoic acid (=caproic acid),Acids,,
GREEN WALNUT HUSK (dried unripe)(Juglans regia L.),WALNUT (Juglans species),Nuts,heptanoic acid (=enanthic acid),Acids,,
GREEN WALNUT HUSK (dried unripe)(Juglans regia L.),WALNUT (Juglans species),Nuts,octanoic acid (=caprylic acid),Acids,,
GREEN WALNUT HUSK (dried unripe)(Juglans regia L.),WALNUT (Juglans species),Nuts,nonanoic acid (=pelargonic acid),Acids,,
GREEN WALNUT HUSK (dried unripe)(Juglans regia L.),WALNUT (Juglans species),Nuts,(Z)-3-hexenyl acetate,Esters,,
GREEN WALNUT HUSK (dried unripe)(Juglans regia L.),WALNUT (Juglans species),Nuts,geranyl acetate,Esters,,
GREEN WALNUT HUSK (dried unripe)(Juglans regia L.),WALNUT (Juglans species),Nuts,methyl hexadecanoate (=methyl palmitate),Esters,,
GREEN WALNUT HUSK (dried unripe)(Juglans regia L.),WALNUT (Juglans species),Nuts,"1,8-cineole (=eucalyptol)",Ethers,,
GREEN WALNUT HUSK (dried unripe)(Juglans regia L.),WALNUT (Juglans species),Nuts,"linalool oxide B (cis, 5-ring)",Furans,,
GREEN WALNUT HUSK (dried unripe)(Juglans regia L.),WALNUT (Juglans species),Nuts,β-caryophyllene oxide,"(Ep)oxides, pyrans, coumarins",,
MANCHURIAN WALNUT (Juglans mandshurica Maxim.),WALNUT (Juglans species),Nuts,"(4S)-3,4-dihydro-4-hydroxy-1(2H)-naphthalenone (=(4S)-4-hydroxy-α-tetralone)","Carbonyls, ketones",,
MANCHURIAN WALNUT (Juglans mandshurica Maxim.),WALNUT (Juglans species),Nuts,"(4R)-3,4-dihydro-4-hydroxy-1(2H)-naphthalenone (=(4R)-4-hydroxy-α-tetralone)","Carbonyls, ketones",,
MANCHURIAN WALNUT (Juglans mandshurica Maxim.),WALNUT (Juglans species),Nuts,"(4S)-3,4-dihydro-4,8-dihydroxy-1(2H)-naphthalenone (=regiolone, isosclerone)","Carbonyls, ketones",,
MANCHURIAN WALNUT (Juglans mandshurica Maxim.),WALNUT (Juglans species),Nuts,"(4R)-3,4-dihydro-4,8-dihydroxy-1(2H)-naphthalenone","Carbonyls, ketones",,
MANCHURIAN WALNUT (Juglans mandshurica Maxim.),WALNUT (Juglans species),Nuts,"(4S)-3,4-dihydro-5-hydroxy-4-methoxy-1(2H)-naphthalenone","Carbonyls, ketones",,
MANCHURIAN WALNUT (Juglans mandshurica Maxim.),WALNUT (Juglans species),Nuts,"(4R)-3,4-dihydro-5-hydroxy-4-methoxy-1(2H)-naphthalenone","Carbonyls, ketones",,
MANCHURIAN WALNUT (Juglans mandshurica Maxim.),WALNUT (Juglans species),Nuts,"(4S)-3,4-dihydro-5,8-dihydroxy-4-methoxy-1(2H)-naphthalenone","Carbonyls, ketones",,
MANCHURIAN WALNUT (Juglans mandshurica Maxim.),WALNUT (Juglans species),Nuts,"(4R)-3,4-dihydro-5,8-dihydroxy-4-methoxy-1(2H)-naphthalenone","Carbonyls, ketones",,
MANCHURIAN WALNUT (Juglans mandshurica Maxim.),WALNUT (Juglans species),Nuts,"(4S)-3,4-dihydro-4,8-dihydroxy-5-methoxy-1(2H)-naphthalenone","Carbonyls, ketones",,
WALNUT STEM BARK (Juglans regia L.),WALNUT (Juglans species),Nuts,sitosterol (unkn.str.),Alcohols,,
WALNUT STEM BARK (Juglans regia L.),WALNUT (Juglans species),Nuts,"(4S)-3,4-dihydro-4,8-dihydroxy-1(2H)-naphthalenone (=regiolone, isosclerone)","Carbonyls, ketones",,
WALNUT STEM BARK (Juglans regia L.),WALNUT (Juglans species),Nuts,"5-hydroxy-1,4-naphthalenedione (=juglone, regianin)","Carbonyls, ketones",,
WALNUT ROOT BARK (Juglans regia L.),WALNUT (Juglans species),Nuts,β-sitosterol,Alcohols,,
WALNUT ROOT BARK (Juglans regia L.),WALNUT (Juglans species),Nuts,"5-hydroxy-1,4-naphthalenedione (=juglone, regianin)","Carbonyls, ketones",,
PEAR BRANDY,,Alcoholic Beverages > 20% alc.,"(E,E)-α-farnesene (=α-farnesene)",Hydrocarbons,,
PEAR BRANDY,,Alcoholic Beverages > 20% alc.,methanol,Alcohols,4300,9300
PEAR BRANDY,,Alcoholic Beverages > 20% alc.,ethanol,Alcohols,Present,Present
PEAR BRANDY,,Alcoholic Beverages > 20% alc.,1-propanol (=propyl alcohol),Alcohols,100,1915
PEAR BRANDY,,Alcoholic Beverages > 20% alc.,2-propen-1-ol (=allyl alcohol),Alcohols,50,50
PEAR BRANDY,,Alcoholic Beverages > 20% alc.,2-methyl-1-propanol (=isobutanol),Alcohols,101,468
PEAR BRANDY,,Alcoholic Beverages > 20% alc.,1-butanol,Alcohols,84,192
PEAR BRANDY,,Alcoholic Beverages > 20% alc.,2-butanol (=sec-butanol),Alcohols,64,170
PEAR BRANDY,,Alcoholic Beverages > 20% alc.,2-methyl-1-butanol (=active amyl alcohol),Alcohols,120,148
PEAR BRANDY,,Alcoholic Beverages > 20% alc.,3-methyl-1-butanol (=isoamyl alcohol),Alcohols,440,476
PEAR BRANDY,,Alcoholic Beverages > 20% alc.,1-pentanol (=amyl alcohol),Alcohols,2,2.4
PEAR BRANDY,,Alcoholic Beverages > 20% alc.,3-methyl-1-pentanol,Alcohols,trace,trace
PEAR BRANDY,,Alcoholic Beverages > 20% alc.,1-hexanol,Alcohols,44,50
PEAR BRANDY,,Alcoholic Beverages > 20% alc.,(E)-2-hexen-1-ol,Alcohols,trace,trace
PEAR BRANDY,,Alcoholic Beverages > 20% alc.,(Z)-3-hexen-1-ol (=leaf alcohol),Alcohols,trace,trace
PEAR BRANDY,,Alcoholic Beverages > 20% alc.,1-octanol,Alcohols,1,1.2
PEAR BRANDY,,Alcoholic Beverages > 20% alc.,1-decanol,Alcohols,trace,trace
PEAR BRANDY,,Alcoholic Beverages > 20% alc.,geraniol,Alcohols,trace,trace
PEAR BRANDY,,Alcoholic Beverages > 20% alc.,linalool,Alcohols,trace,trace
PEAR BRANDY,,Alcoholic Beverages > 20% alc.,benzyl alcohol (=benzenemethanol),Alcohols,trace,trace
PEAR BRANDY,,Alcoholic Beverages > 20% alc.,2-phenylethanol (=phenethyl alcohol),Alcohols,2.8,4
PEAR BRANDY,,Alcoholic Beverages > 20% alc.,terpineol (unkn.str.),Alcohols,trace,trace
PEAR BRANDY,,Alcoholic Beverages > 20% alc.,acetaldehyde (=ethanal),"Carbonyls, aldehydes",40,68
PEAR BRANDY,,Alcoholic Beverages > 20% alc.,propanal (=propionaldehyde),"Carbonyls, aldehydes",2,2
PEAR BRANDY,,Alcoholic Beverages > 20% alc.,2-propenal (=acrolein),"Carbonyls, aldehydes",1,1
PEAR BRANDY,,Alcoholic Beverages > 20% alc.,"2-methylpropanal (=isobutanal, isobutyraldehyde)","Carbonyls, aldehydes",1,1
PEAR BRANDY,,Alcoholic Beverages > 20% alc.,3-ethoxypropanal,"Carbonyls, aldehydes",,
PEAR BRANDY,,Alcoholic Beverages > 20% alc.,benzaldehyde,"Carbonyls, aldehydes",trace,1.2
PEAR BRANDY,,Alcoholic Beverages > 20% alc.,"acetone (=2-propanone, dimethyl ketone)","Carbonyls, ketones",1.6,2
PEAR BRANDY,,Alcoholic Beverages > 20% alc.,2-butanone (=ethyl methyl ketone),"Carbonyls, ketones",2,2
PEAR BRANDY,,Alcoholic Beverages > 20% alc.,3-hydroxy-2-butanone (=acetoin),"Carbonyls, ketones",2,2
PEAR BRANDY,,Alcoholic Beverages > 20% alc.,(E)-β-ionone,"Carbonyls, ketones",,
PEAR BRANDY,,Alcoholic Beverages > 20% alc.,butanoic acid (=butyric acid),Acids,,
PEAR BRANDY,,Alcoholic Beverages > 20% alc.,2-methylbutanoic acid,Acids,,
PEAR BRANDY,,Alcoholic Beverages > 20% alc.,hexanoic acid (=caproic acid),Acids,,
PEAR BRANDY,,Alcoholic Beverages > 20% alc.,octanoic acid (=caprylic acid),Acids,,
PEAR BRANDY,,Alcoholic Beverages > 20% alc.,ethyl formate,Esters,trace,6
PEAR BRANDY,,Alcoholic Beverages > 20% alc.,methyl acetate,Esters,80,132
PEAR BRANDY,,Alcoholic Beverages > 20% alc.,ethyl acetate,Esters,236,6259
PEAR BRANDY,,Alcoholic Beverages > 20% alc.,propyl acetate,Esters,6,6
PEAR BRANDY,,Alcoholic Beverages > 20% alc.,butyl acetate,Esters,11,11
PEAR BRANDY,,Alcoholic Beverages > 20% alc.,"isopentyl acetate (=3-methylbutyl acetate, isoamyl acetate)",Esters,2,2.8
PEAR BRANDY,,Alcoholic Beverages > 20% alc.,hexyl acetate,Esters,2,2
PEAR BRANDY,,Alcoholic Beverages > 20% alc.,phenethyl acetate,Esters,trace,trace
PEAR BRANDY,,Alcoholic Beverages > 20% alc.,ethyl propanoate,Esters,2.4,3
PEAR BRANDY,,Alcoholic Beverages > 20% alc.,ethyl 2-hydroxypropanoate (=ethyl lactate),Esters,136,180
PEAR BRANDY,,Alcoholic Beverages > 20% alc.,isopentyl 2-hydroxypropanoate (=isoamyl lactate),Esters,<1.2,2
PEAR BRANDY,,Alcoholic Beverages > 20% alc.,ethyl butanoate,Esters,trace,1.2
PEAR BRANDY,,Alcoholic Beverages > 20% alc.,ethyl 2-hydroxy-3-methylbutanoate,Esters,trace,trace
PEAR BRANDY,,Alcoholic Beverages > 20% alc.,ethyl 2-hydroxy-4-methylpentanoate,Esters,2,2
PEAR BRANDY,,Alcoholic Beverages > 20% alc.,ethyl hexanoate (=ethyl caproate),Esters,1,1.2
PEAR BRANDY,,Alcoholic Beverages > 20% alc.,isopentyl hexanoate,Esters,trace,trace
PEAR BRANDY,,Alcoholic Beverages > 20% alc.,ethyl heptanoate,Esters,trace,trace
PEAR BRANDY,,Alcoholic Beverages > 20% alc.,methyl octanoate,Esters,trace,trace
PEAR BRANDY,,Alcoholic Beverages > 20% alc.,ethyl octanoate (=ethyl caprylate),Esters,2,4
PEAR BRANDY,,Alcoholic Beverages > 20% alc.,isopentyl octanoate,Esters,trace,trace
PEAR BRANDY,,Alcoholic Beverages > 20% alc.,ethyl (E)-2-octenoate,Esters,trace,trace
PEAR BRANDY,,Alcoholic Beverages > 20% alc.,methyl 3-hydroxyoctanoate,Esters,,
PEAR BRANDY,,Alcoholic Beverages > 20% alc.,ethyl 3-hydroxyoctanoate,Esters,7,7
PEAR BRANDY,,Alcoholic Beverages > 20% alc.,ethyl nonanoate,Esters,trace,trace
PEAR BRANDY,,Alcoholic Beverages > 20% alc.,methyl decanoate,Esters,trace,trace
PEAR BRANDY,,Alcoholic Beverages > 20% alc.,ethyl decanoate (=ethyl caprate),Esters,4,6
PEAR BRANDY,,Alcoholic Beverages > 20% alc.,isopentyl decanoate,Esters,trace,trace
PEAR BRANDY,,Alcoholic Beverages > 20% alc.,methyl (E)-2-decenoate,Esters,trace,trace
PEAR BRANDY,,Alcoholic Beverages > 20% alc.,ethyl (E)-2-decenoate,Esters,1,1.2
PEAR BRANDY,,Alcoholic Beverages > 20% alc.,methyl (Z)-4-decenoate,Esters,trace,trace
PEAR BRANDY,,Alcoholic Beverages > 20% alc.,ethyl (Z)-4-decenoate,Esters,5,5
PEAR BRANDY,,Alcoholic Beverages > 20% alc.,"methyl (E,Z)-2,4-decadienoate",Esters,25,25
PEAR BRANDY,,Alcoholic Beverages > 20% alc.,"methyl (E,E)-2,4-decadienoate",Esters,8,8
PEAR BRANDY,,Alcoholic Beverages > 20% alc.,"ethyl (E,Z)-2,4-decadienoate",Esters,44,80
PEAR BRANDY,,Alcoholic Beverages > 20% alc.,"ethyl (E,E)-2,4-decadienoate",Esters,20,21
PEAR BRANDY,,Alcoholic Beverages > 20% alc.,ethyl decadienoate (unkn.str.),Esters,,
PEAR BRANDY,,Alcoholic Beverages > 20% alc.,"propyl (E,Z)-2,4-decadienoate",Esters,,
PEAR BRANDY,,Alcoholic Beverages > 20% alc.,"butyl (E,Z)-2,4-decadienoate",Esters,,
PEAR BRANDY,,Alcoholic Beverages > 20% alc.,methyl decadienoate (unkn.str.),Esters,,
PEAR BRANDY,,Alcoholic Beverages > 20% alc.,"methyl (E,Z,Z)-2,4,7-decatrienoate",Esters,,
PEAR BRANDY,,Alcoholic Beverages > 20% alc.,"methyl (E,E,Z)-2,4,7-decatrienoate",Esters,,
PEAR BRANDY,,Alcoholic Beverages > 20% alc.,"ethyl (E,Z,Z)-2,4,7-decatrienoate",Esters,,
PEAR BRANDY,,Alcoholic Beverages > 20% alc.,"ethyl (E,E,Z)-2,4,7-decatrienoate",Esters,,
PEAR BRANDY,,Alcoholic Beverages > 20% alc.,ethyl dodecanoate (=ethyl laurate),Esters,1.6,2
PEAR BRANDY,,Alcoholic Beverages > 20% alc.,ethyl (E)-2-dodecenoate,Esters,,
PEAR BRANDY,,Alcoholic Beverages > 20% alc.,ethyl (Z)-6-dodecenoate,Esters,,
PEAR BRANDY,,Alcoholic Beverages > 20% alc.,"methyl (E,Z)-2,6-dodecadienoate",Esters,,
PEAR BRANDY,,Alcoholic Beverages > 20% alc.,"ethyl (E,Z)-2,6-dodecadienoate",Esters,,
PEAR BRANDY,,Alcoholic Beverages > 20% alc.,ethyl dodecadienoate (unkn.str.),Esters,,
PEAR BRANDY,,Alcoholic Beverages > 20% alc.,ethyl tetradecanoate (=ethyl myristate),Esters,trace,trace
PEAR BRANDY,,Alcoholic Beverages > 20% alc.,ethyl (Z)-5-tetradecenoate,Esters,,
PEAR BRANDY,,Alcoholic Beverages > 20% alc.,"methyl (Z,Z)-5,8-tetradecadienoate",Esters,,
PEAR BRANDY,,Alcoholic Beverages > 20% alc.,"ethyl (Z,Z)-5,8-tetradecadienoate",Esters,,
PEAR BRANDY,,Alcoholic Beverages > 20% alc.,ethyl hexadecanoate (=ethyl palmitate),Esters,trace,trace
PEAR BRANDY,,Alcoholic Beverages > 20% alc.,diethyl succinate (=diethyl butanedioate),Esters,trace,1.2
PEAR BRANDY,,Alcoholic Beverages > 20% alc.,ethyl benzoate,Esters,trace,trace
PEAR BRANDY,,Alcoholic Beverages > 20% alc.,ethyl phenylacetate,Esters,trace,trace
PEAR BRANDY,,Alcoholic Beverages > 20% alc.,"1,1-diethoxyethane (=acetal, acetaldehyde diethyl acetal)",Acetals,40,44
PEAR BRANDY,,Alcoholic Beverages > 20% alc.,"1,1-diethoxypropane",Acetals,,
PEAR BRANDY,,Alcoholic Beverages > 20% alc.,"1,1,3-triethoxypropane",Acetals,3,3
PEAR BRANDY,,Alcoholic Beverages > 20% alc.,"1,1-diethoxy-2-methylpropane",Acetals,,
PEAR BRANDY,,Alcoholic Beverages > 20% alc.,"1,1-diethoxybutane",Acetals,,
PEAR BRANDY,,Alcoholic Beverages > 20% alc.,"1,1-diethoxy-3-methylbutane",Acetals,,
PEAR BRANDY,,Alcoholic Beverages > 20% alc.,"1,1-diethoxypentane",Acetals,,
PEAR BRANDY,,Alcoholic Beverages > 20% alc.,"1,1-diethoxyhexane",Acetals,,
PEAR BRANDY,,Alcoholic Beverages > 20% alc.,"2-methoxy-4-methylphenol (=4-methylguaiacol, creosol)",Phenols,,
PEAR BRANDY,,Alcoholic Beverages > 20% alc.,"furfural (=2-formylfuran, 2-furancarbaldehyde, 2-furaldehyde)",Furans,7,7
PEAR BRANDY,,Alcoholic Beverages > 20% alc.,linalool oxide (unkn.str.),"(Ep)oxides, pyrans, coumarins",,
PEAR BRANDY,,Alcoholic Beverages > 20% alc.,cis-linalool oxide (unkn.str.),"(Ep)oxides, pyrans, coumarins",trace,1.2
PEAR BRANDY,,Alcoholic Beverages > 20% alc.,trans-linalool oxide (unkn.str.),"(Ep)oxides, pyrans, coumarins",trace,1.2
