Product,Product Category,Product Group,Compound,Compound Group,Quantity Lower Bound,Quantity Upper Bound
APPLE BRANDY (Calvados),,Alcoholic Beverages > 20% alc.,β-myrcene (=myrcene),Hydrocarbons,,
APPLE BRANDY (Calvados),,Alcoholic Beverages > 20% alc.,"(E,E)-α-farnesene (=α-farnesene)",Hydrocarbons,,
APPLE BRANDY (Calvados),,Alcoholic Beverages > 20% alc.,limonene,Hydrocarbons,trace,trace
APPLE BRANDY (Calvados),,Alcoholic Beverages > 20% alc.,methylbenzene (=toluene),Hydrocarbons,trace,trace
APPLE BRANDY (Calvados),,Alcoholic Beverages > 20% alc.,ethylbenzene (=α-methyltoluene),Hydrocarbons,,
APPLE BRANDY (Calvados),,Alcoholic Beverages > 20% alc.,vinylbenzene (=styrene),Hydrocarbons,,
APPLE BRANDY (Calvados),,Alcoholic Beverages > 20% alc.,dimethylbenzene (unkn.str.) (=xylene (unkn.str.)),Hydrocarbons,,
APPLE BRANDY (Calvados),,Alcoholic Beverages > 20% alc.,1-isopropyl-4-methylbenzene (=p-cymene),Hydrocarbons,,
APPLE BRANDY (Calvados),,Alcoholic Beverages > 20% alc.,methanol,Alcohols,224,3800
APPLE BRANDY (Calvados),,Alcoholic Beverages > 20% alc.,ethanol,Alcohols,Present,Present
APPLE BRANDY (Calvados),,Alcoholic Beverages > 20% alc.,2-butoxyethanol,Alcohols,,
APPLE BRANDY (Calvados),,Alcoholic Beverages > 20% alc.,1-propanol (=propyl alcohol),Alcohols,67,581
APPLE BRANDY (Calvados),,Alcoholic Beverages > 20% alc.,3-ethoxy-1-propanol,Alcohols,trace,trace
APPLE BRANDY (Calvados),,Alcoholic Beverages > 20% alc.,2-propen-1-ol (=allyl alcohol),Alcohols,9.8,173
APPLE BRANDY (Calvados),,Alcoholic Beverages > 20% alc.,2-methyl-1-propanol (=isobutanol),Alcohols,120,998
APPLE BRANDY (Calvados),,Alcoholic Beverages > 20% alc.,1-butanol,Alcohols,9,88
APPLE BRANDY (Calvados),,Alcoholic Beverages > 20% alc.,2-butanol (=sec-butanol),Alcohols,71,1517
APPLE BRANDY (Calvados),,Alcoholic Beverages > 20% alc.,2-methyl-1-butanol (=active amyl alcohol),Alcohols,112,530
APPLE BRANDY (Calvados),,Alcoholic Beverages > 20% alc.,(S)-2-methyl-1-butanol,Alcohols,,
APPLE BRANDY (Calvados),,Alcoholic Beverages > 20% alc.,3-methyl-1-butanol (=isoamyl alcohol),Alcohols,532,2076
APPLE BRANDY (Calvados),,Alcoholic Beverages > 20% alc.,3-methyl-2-buten-1-ol (=prenol),Alcohols,,
APPLE BRANDY (Calvados),,Alcoholic Beverages > 20% alc.,3-methyl-3-buten-1-ol,Alcohols,,
APPLE BRANDY (Calvados),,Alcoholic Beverages > 20% alc.,"2,3-butanediol (=2,3-butylene glycol)",Alcohols,trace,trace
APPLE BRANDY (Calvados),,Alcoholic Beverages > 20% alc.,1-pentanol (=amyl alcohol),Alcohols,1.2,187
APPLE BRANDY (Calvados),,Alcoholic Beverages > 20% alc.,2-pentanol,Alcohols,,
APPLE BRANDY (Calvados),,Alcoholic Beverages > 20% alc.,3-pentanol,Alcohols,trace,trace
APPLE BRANDY (Calvados),,Alcoholic Beverages > 20% alc.,4-penten-1-ol,Alcohols,trace,trace
APPLE BRANDY (Calvados),,Alcoholic Beverages > 20% alc.,3-penten-2-ol,Alcohols,trace,trace
APPLE BRANDY (Calvados),,Alcoholic Beverages > 20% alc.,1-penten-3-ol,Alcohols,trace,trace
APPLE BRANDY (Calvados),,Alcoholic Beverages > 20% alc.,3-methyl-1-pentanol,Alcohols,,
APPLE BRANDY (Calvados),,Alcoholic Beverages > 20% alc.,4-methyl-1-pentanol,Alcohols,,
APPLE BRANDY (Calvados),,Alcoholic Beverages > 20% alc.,4-methyl-2-pentanol,Alcohols,trace,trace
APPLE BRANDY (Calvados),,Alcoholic Beverages > 20% alc.,4-methyl-3-penten-1-ol,Alcohols,trace,trace
APPLE BRANDY (Calvados),,Alcoholic Beverages > 20% alc.,3-ethyl-4-methyl-1-pentanol,Alcohols,,
APPLE BRANDY (Calvados),,Alcoholic Beverages > 20% alc.,1-hexanol,Alcohols,2.2,119
APPLE BRANDY (Calvados),,Alcoholic Beverages > 20% alc.,2-hexanol,Alcohols,trace,trace
APPLE BRANDY (Calvados),,Alcoholic Beverages > 20% alc.,2-hexen-1-ol,Alcohols,,
APPLE BRANDY (Calvados),,Alcoholic Beverages > 20% alc.,(E)-2-hexen-1-ol,Alcohols,0.019,0.28
APPLE BRANDY (Calvados),,Alcoholic Beverages > 20% alc.,(Z)-3-hexen-1-ol (=leaf alcohol),Alcohols,0.24,5.1
APPLE BRANDY (Calvados),,Alcoholic Beverages > 20% alc.,(E)-3-hexen-1-ol,Alcohols,,
APPLE BRANDY (Calvados),,Alcoholic Beverages > 20% alc.,4-hexen-1-ol,Alcohols,trace,trace
APPLE BRANDY (Calvados),,Alcoholic Beverages > 20% alc.,5-hexen-1-ol,Alcohols,,
APPLE BRANDY (Calvados),,Alcoholic Beverages > 20% alc.,2-ethyl-1-hexanol,Alcohols,,
APPLE BRANDY (Calvados),,Alcoholic Beverages > 20% alc.,1-heptanol,Alcohols,,
APPLE BRANDY (Calvados),,Alcoholic Beverages > 20% alc.,2-heptanol,Alcohols,,
APPLE BRANDY (Calvados),,Alcoholic Beverages > 20% alc.,4-hepten-1-ol,Alcohols,trace,trace
APPLE BRANDY (Calvados),,Alcoholic Beverages > 20% alc.,6-methyl-5-hepten-2-ol,Alcohols,,
APPLE BRANDY (Calvados),,Alcoholic Beverages > 20% alc.,1-octanol,Alcohols,0.11,0.8
APPLE BRANDY (Calvados),,Alcoholic Beverages > 20% alc.,2-octanol,Alcohols,trace,trace
APPLE BRANDY (Calvados),,Alcoholic Beverages > 20% alc.,3-octanol,Alcohols,,
APPLE BRANDY (Calvados),,Alcoholic Beverages > 20% alc.,4-octen-1-ol,Alcohols,trace,trace
APPLE BRANDY (Calvados),,Alcoholic Beverages > 20% alc.,5-octen-1-ol,Alcohols,trace,trace
APPLE BRANDY (Calvados),,Alcoholic Beverages > 20% alc.,1-octen-3-ol,Alcohols,,
APPLE BRANDY (Calvados),,Alcoholic Beverages > 20% alc.,1-nonanol,Alcohols,,
APPLE BRANDY (Calvados),,Alcoholic Beverages > 20% alc.,2-nonanol,Alcohols,trace,trace
APPLE BRANDY (Calvados),,Alcoholic Beverages > 20% alc.,1-decanol,Alcohols,,
APPLE BRANDY (Calvados),,Alcoholic Beverages > 20% alc.,4-decen-1-ol,Alcohols,trace,trace
APPLE BRANDY (Calvados),,Alcoholic Beverages > 20% alc.,2-undecanol,Alcohols,trace,trace
APPLE BRANDY (Calvados),,Alcoholic Beverages > 20% alc.,1-dodecanol,Alcohols,,
APPLE BRANDY (Calvados),,Alcoholic Beverages > 20% alc.,1-tetradecanol,Alcohols,,
APPLE BRANDY (Calvados),,Alcoholic Beverages > 20% alc.,1-hexadecanol (=cetanol),Alcohols,trace,trace
APPLE BRANDY (Calvados),,Alcoholic Beverages > 20% alc.,citronellol,Alcohols,,
APPLE BRANDY (Calvados),,Alcoholic Beverages > 20% alc.,geraniol,Alcohols,,
APPLE BRANDY (Calvados),,Alcoholic Beverages > 20% alc.,nerol,Alcohols,trace,trace
APPLE BRANDY (Calvados),,Alcoholic Beverages > 20% alc.,linalool,Alcohols,,
APPLE BRANDY (Calvados),,Alcoholic Beverages > 20% alc.,tetrahydrolinalool,Alcohols,trace,trace
APPLE BRANDY (Calvados),,Alcoholic Beverages > 20% alc.,(+/-)-Dihydrofarnesol,Alcohols,trace,trace
APPLE BRANDY (Calvados),,Alcoholic Beverages > 20% alc.,farnesol,Alcohols,,
APPLE BRANDY (Calvados),,Alcoholic Beverages > 20% alc.,nerolidol,Alcohols,trace,trace
APPLE BRANDY (Calvados),,Alcoholic Beverages > 20% alc.,benzyl alcohol (=benzenemethanol),Alcohols,,
APPLE BRANDY (Calvados),,Alcoholic Beverages > 20% alc.,2-phenylethanol (=phenethyl alcohol),Alcohols,6.4,37
APPLE BRANDY (Calvados),,Alcoholic Beverages > 20% alc.,α-terpineol,Alcohols,,
APPLE BRANDY (Calvados),,Alcoholic Beverages > 20% alc.,β-terpineol,Alcohols,,
APPLE BRANDY (Calvados),,Alcoholic Beverages > 20% alc.,4-terpineol (=terpinen-4-ol),Alcohols,,
APPLE BRANDY (Calvados),,Alcoholic Beverages > 20% alc.,terpineol (unkn.str.),Alcohols,,
APPLE BRANDY (Calvados),,Alcoholic Beverages > 20% alc.,acetaldehyde (=ethanal),"Carbonyls, aldehydes",3.4,216
APPLE BRANDY (Calvados),,Alcoholic Beverages > 20% alc.,propanal (=propionaldehyde),"Carbonyls, aldehydes",,
APPLE BRANDY (Calvados),,Alcoholic Beverages > 20% alc.,2-propenal (=acrolein),"Carbonyls, aldehydes",,
APPLE BRANDY (Calvados),,Alcoholic Beverages > 20% alc.,"2-methylpropanal (=isobutanal, isobutyraldehyde)","Carbonyls, aldehydes",,
APPLE BRANDY (Calvados),,Alcoholic Beverages > 20% alc.,3-ethoxypropanal,"Carbonyls, aldehydes",,
APPLE BRANDY (Calvados),,Alcoholic Beverages > 20% alc.,"3-methylbutanal (=isopentanal, isovaleraldehyde)","Carbonyls, aldehydes",,
APPLE BRANDY (Calvados),,Alcoholic Beverages > 20% alc.,2-pentenal,"Carbonyls, aldehydes",trace,trace
APPLE BRANDY (Calvados),,Alcoholic Beverages > 20% alc.,hexanal (=capronaldehyde),"Carbonyls, aldehydes",,
APPLE BRANDY (Calvados),,Alcoholic Beverages > 20% alc.,heptanal,"Carbonyls, aldehydes",,
APPLE BRANDY (Calvados),,Alcoholic Beverages > 20% alc.,octanal (=caprylaldehyde),"Carbonyls, aldehydes",,
APPLE BRANDY (Calvados),,Alcoholic Beverages > 20% alc.,2-octenal,"Carbonyls, aldehydes",trace,trace
APPLE BRANDY (Calvados),,Alcoholic Beverages > 20% alc.,nonanal (=pelargonaldehyde),"Carbonyls, aldehydes",,
APPLE BRANDY (Calvados),,Alcoholic Beverages > 20% alc.,decanal (=capraldehyde),"Carbonyls, aldehydes",,
APPLE BRANDY (Calvados),,Alcoholic Beverages > 20% alc.,2-tridecenal,"Carbonyls, aldehydes",trace,trace
APPLE BRANDY (Calvados),,Alcoholic Beverages > 20% alc.,pentadecanal,"Carbonyls, aldehydes",,
APPLE BRANDY (Calvados),,Alcoholic Beverages > 20% alc.,hexadecanal,"Carbonyls, aldehydes",,
APPLE BRANDY (Calvados),,Alcoholic Beverages > 20% alc.,benzaldehyde,"Carbonyls, aldehydes",,
APPLE BRANDY (Calvados),,Alcoholic Beverages > 20% alc.,2-hydroxybenzaldehyde (=salicylaldehyde),"Carbonyls, aldehydes",,
APPLE BRANDY (Calvados),,Alcoholic Beverages > 20% alc.,4-hydroxybenzaldehyde (=4-formylphenol),"Carbonyls, aldehydes",0.04,0.14
APPLE BRANDY (Calvados),,Alcoholic Beverages > 20% alc.,4-methoxybenzaldehyde (=anisaldehyde),"Carbonyls, aldehydes",,
APPLE BRANDY (Calvados),,Alcoholic Beverages > 20% alc.,vanillin (=4-hydroxy-3-methoxybenzaldehyde),"Carbonyls, aldehydes",0.7,7.2
APPLE BRANDY (Calvados),,Alcoholic Beverages > 20% alc.,"syringaldehyde (=4-hydroxy-3,5-dimethoxy-benzaldehyde)","Carbonyls, aldehydes",1.2,18.7
APPLE BRANDY (Calvados),,Alcoholic Beverages > 20% alc.,phenylacetaldehyde (=benzeneacetaldehyde),"Carbonyls, aldehydes",trace,trace
APPLE BRANDY (Calvados),,Alcoholic Beverages > 20% alc.,coniferaldehyde (=4-hydroxy-3-methoxy-cinnamaldehyde),"Carbonyls, aldehydes",0.8,9.7
APPLE BRANDY (Calvados),,Alcoholic Beverages > 20% alc.,β-cyclocitral,"Carbonyls, aldehydes",trace,trace
APPLE BRANDY (Calvados),,Alcoholic Beverages > 20% alc.,"acetone (=2-propanone, dimethyl ketone)","Carbonyls, ketones",1.8,2.7
APPLE BRANDY (Calvados),,Alcoholic Beverages > 20% alc.,3-hydroxy-2-butanone (=acetoin),"Carbonyls, ketones",,
APPLE BRANDY (Calvados),,Alcoholic Beverages > 20% alc.,3-penten-2-one,"Carbonyls, ketones",trace,trace
APPLE BRANDY (Calvados),,Alcoholic Beverages > 20% alc.,3-methyl-2-pentanone,"Carbonyls, ketones",,
APPLE BRANDY (Calvados),,Alcoholic Beverages > 20% alc.,4-methyl-2-pentanone,"Carbonyls, ketones",trace,trace
APPLE BRANDY (Calvados),,Alcoholic Beverages > 20% alc.,4-methyl-3-penten-2-one (=mesityl oxide),"Carbonyls, ketones",trace,trace
APPLE BRANDY (Calvados),,Alcoholic Beverages > 20% alc.,4-hydroxy-4-methyl-2-pentanone (=diacetone alcohol),"Carbonyls, ketones",trace,trace
APPLE BRANDY (Calvados),,Alcoholic Beverages > 20% alc.,2-hexanone,"Carbonyls, ketones",,
APPLE BRANDY (Calvados),,Alcoholic Beverages > 20% alc.,3-hexanone,"Carbonyls, ketones",,
APPLE BRANDY (Calvados),,Alcoholic Beverages > 20% alc.,5-methyl-2-hexanone,"Carbonyls, ketones",,
APPLE BRANDY (Calvados),,Alcoholic Beverages > 20% alc.,2-heptanone,"Carbonyls, ketones",trace,trace
APPLE BRANDY (Calvados),,Alcoholic Beverages > 20% alc.,3-heptanone,"Carbonyls, ketones",trace,trace
APPLE BRANDY (Calvados),,Alcoholic Beverages > 20% alc.,4-methyl-3-hepten-2-one,"Carbonyls, ketones",trace,trace
APPLE BRANDY (Calvados),,Alcoholic Beverages > 20% alc.,6-methyl-5-hepten-2-one,"Carbonyls, ketones",trace,trace
APPLE BRANDY (Calvados),,Alcoholic Beverages > 20% alc.,2-octanone,"Carbonyls, ketones",,
APPLE BRANDY (Calvados),,Alcoholic Beverages > 20% alc.,3-octanone,"Carbonyls, ketones",trace,trace
APPLE BRANDY (Calvados),,Alcoholic Beverages > 20% alc.,1-octen-3-one,"Carbonyls, ketones",trace,trace
APPLE BRANDY (Calvados),,Alcoholic Beverages > 20% alc.,2-nonanone,"Carbonyls, ketones",trace,trace
APPLE BRANDY (Calvados),,Alcoholic Beverages > 20% alc.,3-nonen-5-one,"Carbonyls, ketones",trace,trace
APPLE BRANDY (Calvados),,Alcoholic Beverages > 20% alc.,2-decanone,"Carbonyls, ketones",,
APPLE BRANDY (Calvados),,Alcoholic Beverages > 20% alc.,2-undecanone,"Carbonyls, ketones",,
APPLE BRANDY (Calvados),,Alcoholic Beverages > 20% alc.,2-tridecanone,"Carbonyls, ketones",,
APPLE BRANDY (Calvados),,Alcoholic Beverages > 20% alc.,2-pentadecanone,"Carbonyls, ketones",trace,trace
APPLE BRANDY (Calvados),,Alcoholic Beverages > 20% alc.,2-heptadecanone,"Carbonyls, ketones",,
APPLE BRANDY (Calvados),,Alcoholic Beverages > 20% alc.,2-acetylcyclopentanon,"Carbonyls, ketones",,
APPLE BRANDY (Calvados),,Alcoholic Beverages > 20% alc.,acetophenone (=1-phenylethanone),"Carbonyls, ketones",,
APPLE BRANDY (Calvados),,Alcoholic Beverages > 20% alc.,β-damascone,"Carbonyls, ketones",,
APPLE BRANDY (Calvados),,Alcoholic Beverages > 20% alc.,β-damascenone (=(E)-β-damascenone),"Carbonyls, ketones",,
APPLE BRANDY (Calvados),,Alcoholic Beverages > 20% alc.,(E)-β-ionone,"Carbonyls, ketones",,
APPLE BRANDY (Calvados),,Alcoholic Beverages > 20% alc.,camphor (=alcanfor),"Carbonyls, ketones",trace,trace
APPLE BRANDY (Calvados),,Alcoholic Beverages > 20% alc.,verbenone (=2-pinen-4-one),"Carbonyls, ketones",,
APPLE BRANDY (Calvados),,Alcoholic Beverages > 20% alc.,acetic acid,Acids,12,12
APPLE BRANDY (Calvados),,Alcoholic Beverages > 20% alc.,propanoic acid (=propionic acid),Acids,1,1
APPLE BRANDY (Calvados),,Alcoholic Beverages > 20% alc.,2-methylpropanoic acid (=isobutyric acid),Acids,1,1
APPLE BRANDY (Calvados),,Alcoholic Beverages > 20% alc.,butanoic acid (=butyric acid),Acids,1,1
APPLE BRANDY (Calvados),,Alcoholic Beverages > 20% alc.,2-methylbutanoic acid,Acids,,
APPLE BRANDY (Calvados),,Alcoholic Beverages > 20% alc.,(S)-2-methylbutanoic acid,Acids,,
APPLE BRANDY (Calvados),,Alcoholic Beverages > 20% alc.,3-methylbutanoic acid (=isovaleric acid),Acids,,
APPLE BRANDY (Calvados),,Alcoholic Beverages > 20% alc.,pentanoic acid (=valeric acid),Acids,trace,trace
APPLE BRANDY (Calvados),,Alcoholic Beverages > 20% alc.,4-methyl-2-oxopentanoic acid,Acids,trace,trace
APPLE BRANDY (Calvados),,Alcoholic Beverages > 20% alc.,hexanoic acid (=caproic acid),Acids,3,3
APPLE BRANDY (Calvados),,Alcoholic Beverages > 20% alc.,octanoic acid (=caprylic acid),Acids,4,49.6
APPLE BRANDY (Calvados),,Alcoholic Beverages > 20% alc.,decanoic acid (=capric acid),Acids,4,49
APPLE BRANDY (Calvados),,Alcoholic Beverages > 20% alc.,dodecanoic acid (=lauric acid),Acids,2,10.7
APPLE BRANDY (Calvados),,Alcoholic Beverages > 20% alc.,tetradecanoic acid (=myristic acid),Acids,1.8,5.5
APPLE BRANDY (Calvados),,Alcoholic Beverages > 20% alc.,"3,4-dihydroxybenzoic acid (=protocatechuic acid)",Acids,0.2,1.4
APPLE BRANDY (Calvados),,Alcoholic Beverages > 20% alc.,4-hydroxy-3-methoxybenzoic acid (=vanillic acid),Acids,0.6,4
APPLE BRANDY (Calvados),,Alcoholic Beverages > 20% alc.,"3,4,5-trihydroxybenzoic acid (=gallic acid)",Acids,1.6,12
APPLE BRANDY (Calvados),,Alcoholic Beverages > 20% alc.,"4-hydroxy-3,5-dimethoxybenzoic acid (=syringic acid)",Acids,0.3,5.5
APPLE BRANDY (Calvados),,Alcoholic Beverages > 20% alc.,"3,4-dihydroxycinnamic acid (=caffeic acid)",Acids,0.4,2.8
APPLE BRANDY (Calvados),,Alcoholic Beverages > 20% alc.,4-hydroxy-3-methoxycinnamic acid (=ferulic acid),Acids,0.2,0.6
APPLE BRANDY (Calvados),,Alcoholic Beverages > 20% alc.,ethyl formate,Esters,1.3,12.6
APPLE BRANDY (Calvados),,Alcoholic Beverages > 20% alc.,methyl acetate,Esters,,
APPLE BRANDY (Calvados),,Alcoholic Beverages > 20% alc.,ethyl acetate,Esters,247,2710
APPLE BRANDY (Calvados),,Alcoholic Beverages > 20% alc.,propyl acetate,Esters,,
APPLE BRANDY (Calvados),,Alcoholic Beverages > 20% alc.,butyl acetate,Esters,,
APPLE BRANDY (Calvados),,Alcoholic Beverages > 20% alc.,isobutyl acetate (=2-methylpropyl acetate),Esters,,
APPLE BRANDY (Calvados),,Alcoholic Beverages > 20% alc.,2-methylbutyl acetate,Esters,,
APPLE BRANDY (Calvados),,Alcoholic Beverages > 20% alc.,pentyl acetate (=amyl acetate),Esters,trace,trace
APPLE BRANDY (Calvados),,Alcoholic Beverages > 20% alc.,"isopentyl acetate (=3-methylbutyl acetate, isoamyl acetate)",Esters,2.8,62
APPLE BRANDY (Calvados),,Alcoholic Beverages > 20% alc.,(S)-2-methylbutyl acetate,Esters,,
APPLE BRANDY (Calvados),,Alcoholic Beverages > 20% alc.,hexyl acetate,Esters,0.06,1
APPLE BRANDY (Calvados),,Alcoholic Beverages > 20% alc.,(E)-2-hexenyl acetate,Esters,,
APPLE BRANDY (Calvados),,Alcoholic Beverages > 20% alc.,octyl acetate,Esters,,
APPLE BRANDY (Calvados),,Alcoholic Beverages > 20% alc.,decyl acetate,Esters,,
APPLE BRANDY (Calvados),,Alcoholic Beverages > 20% alc.,benzyl acetate,Esters,trace,trace
APPLE BRANDY (Calvados),,Alcoholic Beverages > 20% alc.,phenethyl acetate,Esters,1.3,21.5
APPLE BRANDY (Calvados),,Alcoholic Beverages > 20% alc.,ethyl propanoate,Esters,0,26.4
APPLE BRANDY (Calvados),,Alcoholic Beverages > 20% alc.,butyl propanoate,Esters,trace,trace
APPLE BRANDY (Calvados),,Alcoholic Beverages > 20% alc.,isobutyl propanoate (=2-methylpropyl propanoate),Esters,trace,trace
APPLE BRANDY (Calvados),,Alcoholic Beverages > 20% alc.,2-butenyl propanoate,Esters,trace,trace
APPLE BRANDY (Calvados),,Alcoholic Beverages > 20% alc.,isopentyl propanoate,Esters,trace,0.4
APPLE BRANDY (Calvados),,Alcoholic Beverages > 20% alc.,phenethyl propanoate,Esters,,
APPLE BRANDY (Calvados),,Alcoholic Beverages > 20% alc.,ethyl 2-methylpropanoate (=ethyl isobutyrate),Esters,,
APPLE BRANDY (Calvados),,Alcoholic Beverages > 20% alc.,butyl 2-methylpropanoate (=butyl isobutyrate),Esters,,
APPLE BRANDY (Calvados),,Alcoholic Beverages > 20% alc.,hexyl 2-methylpropanoate (=hexyl isobutyrate),Esters,,
APPLE BRANDY (Calvados),,Alcoholic Beverages > 20% alc.,phenethyl 2-methylpropanoate (=phenethyl isobutyrate),Esters,trace,trace
APPLE BRANDY (Calvados),,Alcoholic Beverages > 20% alc.,methyl 2-hydroxypropanoate (=methyl lactate),Esters,trace,trace
APPLE BRANDY (Calvados),,Alcoholic Beverages > 20% alc.,ethyl 2-hydroxypropanoate (=ethyl lactate),Esters,49,210
APPLE BRANDY (Calvados),,Alcoholic Beverages > 20% alc.,propyl 2-hydroxypropanoate (=propyl lactate),Esters,trace,trace
APPLE BRANDY (Calvados),,Alcoholic Beverages > 20% alc.,butyl 2-hydroxypropanoate (=butyl lactate),Esters,,
APPLE BRANDY (Calvados),,Alcoholic Beverages > 20% alc.,isobutyl 2-hydroxypropanoate (=isobutyl lactate),Esters,trace,trace
APPLE BRANDY (Calvados),,Alcoholic Beverages > 20% alc.,isopentyl 2-hydroxypropanoate (=isoamyl lactate),Esters,,
APPLE BRANDY (Calvados),,Alcoholic Beverages > 20% alc.,ethyl 3-ethoxypropanoate (=ethyl 4-oxahexanoate),Esters,trace,1.2
APPLE BRANDY (Calvados),,Alcoholic Beverages > 20% alc.,ethyl 2-(1-ethoxyethoxy)-propanoate,Esters,trace,trace
APPLE BRANDY (Calvados),,Alcoholic Beverages > 20% alc.,methyl butanoate,Esters,,
APPLE BRANDY (Calvados),,Alcoholic Beverages > 20% alc.,ethyl butanoate,Esters,0,1.5
APPLE BRANDY (Calvados),,Alcoholic Beverages > 20% alc.,butyl butanoate,Esters,trace,trace
APPLE BRANDY (Calvados),,Alcoholic Beverages > 20% alc.,isobutyl butanoate,Esters,,
APPLE BRANDY (Calvados),,Alcoholic Beverages > 20% alc.,"isopentyl butanoate (=3-methylbutyl butanoate, isoamyl butyrate)",Esters,trace,trace
APPLE BRANDY (Calvados),,Alcoholic Beverages > 20% alc.,hexyl butanoate,Esters,,
APPLE BRANDY (Calvados),,Alcoholic Beverages > 20% alc.,phenethyl butanoate,Esters,trace,trace
APPLE BRANDY (Calvados),,Alcoholic Beverages > 20% alc.,methyl 2-butenoate (=methyl crotonate),Esters,trace,trace
APPLE BRANDY (Calvados),,Alcoholic Beverages > 20% alc.,ethyl 2-butenoate (=ethyl crotonate),Esters,,
APPLE BRANDY (Calvados),,Alcoholic Beverages > 20% alc.,methyl 2-methylbutanoate,Esters,trace,trace
APPLE BRANDY (Calvados),,Alcoholic Beverages > 20% alc.,ethyl 2-methylbutanoate,Esters,,
APPLE BRANDY (Calvados),,Alcoholic Beverages > 20% alc.,ethyl (S)-2-methylbutanoate,Esters,,
APPLE BRANDY (Calvados),,Alcoholic Beverages > 20% alc.,propyl 2-methylbutanoate,Esters,trace,trace
APPLE BRANDY (Calvados),,Alcoholic Beverages > 20% alc.,butyl 2-methylbutanoate,Esters,trace,trace
APPLE BRANDY (Calvados),,Alcoholic Beverages > 20% alc.,2-methylbutyl 2-methylbutanoate,Esters,trace,trace
APPLE BRANDY (Calvados),,Alcoholic Beverages > 20% alc.,isopentyl 2-methylbutanoate (=3-methylbutyl 2-methyl-butanoate),Esters,trace,trace
APPLE BRANDY (Calvados),,Alcoholic Beverages > 20% alc.,hexyl 2-methylbutanoate,Esters,,
APPLE BRANDY (Calvados),,Alcoholic Beverages > 20% alc.,ethyl 3-methylbutanoate (=ethyl isovalerate),Esters,0,0.09
APPLE BRANDY (Calvados),,Alcoholic Beverages > 20% alc.,"isopentyl 3-methylbutanoate (=3-methylbutyl 3-methylbutanoate, isoamyl isovalerate)",Esters,,
APPLE BRANDY (Calvados),,Alcoholic Beverages > 20% alc.,methyl 2-methyl-2-butenoate,Esters,trace,trace
APPLE BRANDY (Calvados),,Alcoholic Beverages > 20% alc.,ethyl 2-methyl-2-butenoate,Esters,trace,trace
APPLE BRANDY (Calvados),,Alcoholic Beverages > 20% alc.,ethyl 2-hydroxybutanoate,Esters,,
APPLE BRANDY (Calvados),,Alcoholic Beverages > 20% alc.,ethyl 3-hydroxybutanoate,Esters,,
APPLE BRANDY (Calvados),,Alcoholic Beverages > 20% alc.,butyl 3-hydroxybutanoate,Esters,trace,trace
APPLE BRANDY (Calvados),,Alcoholic Beverages > 20% alc.,ethyl 2-hydroxy-3-methylbutanoate,Esters,,
APPLE BRANDY (Calvados),,Alcoholic Beverages > 20% alc.,ethyl pentanoate,Esters,,
APPLE BRANDY (Calvados),,Alcoholic Beverages > 20% alc.,ethyl 2-hydroxypentanoate,Esters,,
APPLE BRANDY (Calvados),,Alcoholic Beverages > 20% alc.,"ethyl 4-oxopentanoate (=ethyl levulate, ethyl levulinate)",Esters,trace,trace
APPLE BRANDY (Calvados),,Alcoholic Beverages > 20% alc.,methyl 2-hydroxy-3-methylpentanoate,Esters,trace,trace
APPLE BRANDY (Calvados),,Alcoholic Beverages > 20% alc.,ethyl 2-hydroxy-4-methylpentanoate,Esters,trace,trace
APPLE BRANDY (Calvados),,Alcoholic Beverages > 20% alc.,ethyl hydroxy-4-methylpentanoate (unkn.str.),Esters,,
APPLE BRANDY (Calvados),,Alcoholic Beverages > 20% alc.,methyl hexanoate,Esters,trace,trace
APPLE BRANDY (Calvados),,Alcoholic Beverages > 20% alc.,ethyl hexanoate (=ethyl caproate),Esters,1,8.8
APPLE BRANDY (Calvados),,Alcoholic Beverages > 20% alc.,propyl hexanoate,Esters,trace,trace
APPLE BRANDY (Calvados),,Alcoholic Beverages > 20% alc.,butyl hexanoate,Esters,,
APPLE BRANDY (Calvados),,Alcoholic Beverages > 20% alc.,isobutyl hexanoate,Esters,,
APPLE BRANDY (Calvados),,Alcoholic Beverages > 20% alc.,isopentyl hexanoate,Esters,,
APPLE BRANDY (Calvados),,Alcoholic Beverages > 20% alc.,hexyl hexanoate,Esters,,
APPLE BRANDY (Calvados),,Alcoholic Beverages > 20% alc.,phenethyl hexanoate,Esters,,
APPLE BRANDY (Calvados),,Alcoholic Beverages > 20% alc.,ethyl 2-hexenoate,Esters,trace,trace
APPLE BRANDY (Calvados),,Alcoholic Beverages > 20% alc.,ethyl (Z)-3-hexenoate,Esters,trace,trace
APPLE BRANDY (Calvados),,Alcoholic Beverages > 20% alc.,ethyl (E)-3-hexenoate,Esters,trace,trace
APPLE BRANDY (Calvados),,Alcoholic Beverages > 20% alc.,ethyl 2-hydroxyhexanoate,Esters,,
APPLE BRANDY (Calvados),,Alcoholic Beverages > 20% alc.,ethyl heptanoate,Esters,trace,0.2
APPLE BRANDY (Calvados),,Alcoholic Beverages > 20% alc.,ethyl 4-heptenoate,Esters,trace,trace
APPLE BRANDY (Calvados),,Alcoholic Beverages > 20% alc.,methyl octanoate,Esters,trace,0.04
APPLE BRANDY (Calvados),,Alcoholic Beverages > 20% alc.,ethyl octanoate (=ethyl caprylate),Esters,1.4,41
APPLE BRANDY (Calvados),,Alcoholic Beverages > 20% alc.,propyl octanoate,Esters,trace,trace
APPLE BRANDY (Calvados),,Alcoholic Beverages > 20% alc.,butyl octanoate,Esters,trace,trace
APPLE BRANDY (Calvados),,Alcoholic Beverages > 20% alc.,isobutyl octanoate,Esters,,
APPLE BRANDY (Calvados),,Alcoholic Beverages > 20% alc.,isopentyl octanoate,Esters,,
APPLE BRANDY (Calvados),,Alcoholic Beverages > 20% alc.,hexyl octanoate,Esters,,
APPLE BRANDY (Calvados),,Alcoholic Beverages > 20% alc.,phenethyl octanoate,Esters,,
APPLE BRANDY (Calvados),,Alcoholic Beverages > 20% alc.,ethyl 4-octenoate,Esters,trace,trace
APPLE BRANDY (Calvados),,Alcoholic Beverages > 20% alc.,ethyl 3-hydroxyoctanoate,Esters,,
APPLE BRANDY (Calvados),,Alcoholic Beverages > 20% alc.,ethyl nonanoate,Esters,,
APPLE BRANDY (Calvados),,Alcoholic Beverages > 20% alc.,ethyl 6-oxononanoate,Esters,trace,trace
APPLE BRANDY (Calvados),,Alcoholic Beverages > 20% alc.,methyl decanoate,Esters,,
APPLE BRANDY (Calvados),,Alcoholic Beverages > 20% alc.,ethyl decanoate (=ethyl caprate),Esters,1.9,39
APPLE BRANDY (Calvados),,Alcoholic Beverages > 20% alc.,propyl decanoate,Esters,trace,trace
APPLE BRANDY (Calvados),,Alcoholic Beverages > 20% alc.,butyl decanoate,Esters,trace,trace
APPLE BRANDY (Calvados),,Alcoholic Beverages > 20% alc.,isobutyl decanoate,Esters,,
APPLE BRANDY (Calvados),,Alcoholic Beverages > 20% alc.,2-methylbutyl decanoate,Esters,,
APPLE BRANDY (Calvados),,Alcoholic Beverages > 20% alc.,isopentyl decanoate,Esters,,
APPLE BRANDY (Calvados),,Alcoholic Beverages > 20% alc.,hexyl decanoate,Esters,trace,trace
APPLE BRANDY (Calvados),,Alcoholic Beverages > 20% alc.,ethyl 9-decenoate,Esters,,
APPLE BRANDY (Calvados),,Alcoholic Beverages > 20% alc.,ethyl 3-hydroxydecanoate,Esters,,
APPLE BRANDY (Calvados),,Alcoholic Beverages > 20% alc.,methyl undecanoate,Esters,,
APPLE BRANDY (Calvados),,Alcoholic Beverages > 20% alc.,ethyl undecanoate,Esters,,
APPLE BRANDY (Calvados),,Alcoholic Beverages > 20% alc.,methyl dodecanoate (=methyl laurate),Esters,,
APPLE BRANDY (Calvados),,Alcoholic Beverages > 20% alc.,ethyl dodecanoate (=ethyl laurate),Esters,0.4,12
APPLE BRANDY (Calvados),,Alcoholic Beverages > 20% alc.,propyl dodecanoate,Esters,,
APPLE BRANDY (Calvados),,Alcoholic Beverages > 20% alc.,butyl dodecanoate,Esters,trace,trace
APPLE BRANDY (Calvados),,Alcoholic Beverages > 20% alc.,isobutyl dodecanoate,Esters,,
APPLE BRANDY (Calvados),,Alcoholic Beverages > 20% alc.,isopentyl dodecanoate (=3-methylbutyl dodecanoate),Esters,,
APPLE BRANDY (Calvados),,Alcoholic Beverages > 20% alc.,phenethyl dodecanoate,Esters,,
APPLE BRANDY (Calvados),,Alcoholic Beverages > 20% alc.,ethyl 3-hydroxydodecanoate,Esters,trace,trace
APPLE BRANDY (Calvados),,Alcoholic Beverages > 20% alc.,methyl dodecanoate (branched),Esters,trace,trace
APPLE BRANDY (Calvados),,Alcoholic Beverages > 20% alc.,ethyl tridecanoate,Esters,trace,trace
APPLE BRANDY (Calvados),,Alcoholic Beverages > 20% alc.,methyl tetradecanoate (=methyl myristate),Esters,,
APPLE BRANDY (Calvados),,Alcoholic Beverages > 20% alc.,ethyl tetradecanoate (=ethyl myristate),Esters,0.1,2.6
APPLE BRANDY (Calvados),,Alcoholic Beverages > 20% alc.,ethyl 2-methyltetradecanoate,Esters,trace,trace
APPLE BRANDY (Calvados),,Alcoholic Beverages > 20% alc.,propyl tetradecanoate,Esters,trace,trace
APPLE BRANDY (Calvados),,Alcoholic Beverages > 20% alc.,isopentyl tetradecanoate,Esters,,
APPLE BRANDY (Calvados),,Alcoholic Beverages > 20% alc.,2-phenylethyl tetradecanoate,Esters,trace,trace
APPLE BRANDY (Calvados),,Alcoholic Beverages > 20% alc.,ethyl pentadecanoate,Esters,,
APPLE BRANDY (Calvados),,Alcoholic Beverages > 20% alc.,methyl hexadecanoate (=methyl palmitate),Esters,,
APPLE BRANDY (Calvados),,Alcoholic Beverages > 20% alc.,ethyl hexadecanoate (=ethyl palmitate),Esters,0.07,5.4
APPLE BRANDY (Calvados),,Alcoholic Beverages > 20% alc.,isopentyl hexadecanoate (=isoamyl palmitate),Esters,,
APPLE BRANDY (Calvados),,Alcoholic Beverages > 20% alc.,2-phenylethyl hexadecanoate,Esters,trace,trace
APPLE BRANDY (Calvados),,Alcoholic Beverages > 20% alc.,methyl 9-hexadecenoate,Esters,trace,trace
APPLE BRANDY (Calvados),,Alcoholic Beverages > 20% alc.,ethyl 9-hexadecenoate,Esters,,
APPLE BRANDY (Calvados),,Alcoholic Beverages > 20% alc.,ethyl octadecanoate (=ethyl stearate),Esters,,
APPLE BRANDY (Calvados),,Alcoholic Beverages > 20% alc.,ethyl (Z)-9-octadecenoate (=ethyl oleate),Esters,trace,trace
APPLE BRANDY (Calvados),,Alcoholic Beverages > 20% alc.,ethyl (E)-9-octadecenoate (=ethyl elaidate),Esters,,
APPLE BRANDY (Calvados),,Alcoholic Beverages > 20% alc.,"methyl (Z,Z)-9,12-octadecadienoate (=methyl linoleate)",Esters,trace,trace
APPLE BRANDY (Calvados),,Alcoholic Beverages > 20% alc.,"ethyl 9,12-octadecadienoate",Esters,0.9,19.4
APPLE BRANDY (Calvados),,Alcoholic Beverages > 20% alc.,"ethyl (Z,Z)-9,12-octadecadienoate (=ethyl linoleate)",Esters,4,4
APPLE BRANDY (Calvados),,Alcoholic Beverages > 20% alc.,"ethyl (Z,Z,Z)-9,12,15-octadecatrienoate (=ethyl linolenate)",Esters,,
APPLE BRANDY (Calvados),,Alcoholic Beverages > 20% alc.,methyl citronellate,Esters,trace,trace
APPLE BRANDY (Calvados),,Alcoholic Beverages > 20% alc.,diethyl malonate (=diethyl propanedioate),Esters,trace,trace
APPLE BRANDY (Calvados),,Alcoholic Beverages > 20% alc.,dimethyl succinate (=dimethyl butanedioate),Esters,trace,trace
APPLE BRANDY (Calvados),,Alcoholic Beverages > 20% alc.,ethyl methyl succinate (=ethyl methyl butanedioate),Esters,,
APPLE BRANDY (Calvados),,Alcoholic Beverages > 20% alc.,diethyl succinate (=diethyl butanedioate),Esters,0.13,9.2
APPLE BRANDY (Calvados),,Alcoholic Beverages > 20% alc.,ethyl propyl succinate (=ethyl propyl butanedioate),Esters,trace,trace
APPLE BRANDY (Calvados),,Alcoholic Beverages > 20% alc.,ethyl isopentyl succinate,Esters,,
APPLE BRANDY (Calvados),,Alcoholic Beverages > 20% alc.,dimethyl pentanedioate,Esters,trace,trace
APPLE BRANDY (Calvados),,Alcoholic Beverages > 20% alc.,diethyl pentanedioate (=diethyl glutarate),Esters,trace,trace
APPLE BRANDY (Calvados),,Alcoholic Beverages > 20% alc.,dimethyl hexanedioate (=dimethyl adipate),Esters,trace,trace
APPLE BRANDY (Calvados),,Alcoholic Beverages > 20% alc.,diethyl hexanedioate (=diethyl adipate),Esters,trace,trace
APPLE BRANDY (Calvados),,Alcoholic Beverages > 20% alc.,methyl benzoate,Esters,trace,trace
APPLE BRANDY (Calvados),,Alcoholic Beverages > 20% alc.,ethyl benzoate,Esters,,
APPLE BRANDY (Calvados),,Alcoholic Beverages > 20% alc.,butyl benzoate,Esters,,
APPLE BRANDY (Calvados),,Alcoholic Beverages > 20% alc.,methyl 2-hydroxybenzoate (=methyl salicylate),Esters,,
APPLE BRANDY (Calvados),,Alcoholic Beverages > 20% alc.,ethyl 2-hydroxybenzoate (=ethyl salicylate),Esters,trace,trace
APPLE BRANDY (Calvados),,Alcoholic Beverages > 20% alc.,hexyl 2-hydroxybenzoate (=hexyl salicylate),Esters,trace,trace
APPLE BRANDY (Calvados),,Alcoholic Beverages > 20% alc.,ethyl 4-methoxybenzoate (=ethyl anisate),Esters,,
APPLE BRANDY (Calvados),,Alcoholic Beverages > 20% alc.,ethyl phenylacetate,Esters,,
APPLE BRANDY (Calvados),,Alcoholic Beverages > 20% alc.,ethyl 3-phenylpropanoate (=ethyl hydrocinnamate),Esters,,
APPLE BRANDY (Calvados),,Alcoholic Beverages > 20% alc.,ethyl cinnamate,Esters,,
APPLE BRANDY (Calvados),,Alcoholic Beverages > 20% alc.,"4-hydroxyhexanoic acid lactone (=γ-hexalactone, γ-caprolactone, 4-hexanolide)",Lactones,trace,trace
APPLE BRANDY (Calvados),,Alcoholic Beverages > 20% alc.,"4-hydroxynonanoic acid lactone (=4-nonanolide, γ-nonalactone)",Lactones,,
APPLE BRANDY (Calvados),,Alcoholic Beverages > 20% alc.,"4-hydroxydecanoic acid lactone (=4-decanolide, γ-decalactone)",Lactones,trace,trace
APPLE BRANDY (Calvados),,Alcoholic Beverages > 20% alc.,"4-hydroxydodecanoic acid lactone (=4-dodecanolide, γ-dodecalactone)",Lactones,trace,trace
APPLE BRANDY (Calvados),,Alcoholic Beverages > 20% alc.,benzenethiol (=thiophenol),Sulfur compounds,0.0032,0.0048
APPLE BRANDY (Calvados),,Alcoholic Beverages > 20% alc.,"dimethyl sulfide (=thiobismethane, methylthiomethane, methyl sulfide)",Sulfur compounds,trace,trace
APPLE BRANDY (Calvados),,Alcoholic Beverages > 20% alc.,diethyl sulfide (=ethylthioethane),Sulfur compounds,0.0004,0.0012
APPLE BRANDY (Calvados),,Alcoholic Beverages > 20% alc.,ethyl propyl sulfide (=1-(ethylthio)propane),Sulfur compounds,0,0.0012
APPLE BRANDY (Calvados),,Alcoholic Beverages > 20% alc.,dibutyl sulfide (=1-(butylthio)butane),Sulfur compounds,,
APPLE BRANDY (Calvados),,Alcoholic Beverages > 20% alc.,dimethyl disulfide (=methyldithiomethane),Sulfur compounds,trace,0.048
APPLE BRANDY (Calvados),,Alcoholic Beverages > 20% alc.,ethyl methyl disulfide (=methyldithioethane),Sulfur compounds,,
APPLE BRANDY (Calvados),,Alcoholic Beverages > 20% alc.,"diethyl disulfide (=ethyldithioethane, 3,4-dithiahexane)",Sulfur compounds,,
APPLE BRANDY (Calvados),,Alcoholic Beverages > 20% alc.,ethyl propyl disulfide,Sulfur compounds,,
APPLE BRANDY (Calvados),,Alcoholic Beverages > 20% alc.,dipropyl disulfide,Sulfur compounds,,
APPLE BRANDY (Calvados),,Alcoholic Beverages > 20% alc.,2-(methylthio)ethanol,Sulfur compounds,0,0.0024
APPLE BRANDY (Calvados),,Alcoholic Beverages > 20% alc.,3-(methylthio)-1-propanol (=methionol),Sulfur compounds,,
APPLE BRANDY (Calvados),,Alcoholic Beverages > 20% alc.,3-(methylthio)propanal (=methional),Sulfur compounds,trace,0.0044
APPLE BRANDY (Calvados),,Alcoholic Beverages > 20% alc.,3-(methylthio)propyl acetate (=methionyl acetate),Sulfur compounds,trace,0.013
APPLE BRANDY (Calvados),,Alcoholic Beverages > 20% alc.,ethyl (methylthio)acetate,Sulfur compounds,trace,trace
APPLE BRANDY (Calvados),,Alcoholic Beverages > 20% alc.,ethyl 3-(methylthio)propanoate,Sulfur compounds,,
APPLE BRANDY (Calvados),,Alcoholic Beverages > 20% alc.,2-methyl-3(2H)-dihydrothiophenone (=2-methyl-3-thiolanone),Sulfur compounds,trace,trace
APPLE BRANDY (Calvados),,Alcoholic Beverages > 20% alc.,2-thiophenecarbaldehyde (=2-formylthiophene),Sulfur compounds,trace,0.0088
APPLE BRANDY (Calvados),,Alcoholic Beverages > 20% alc.,3-thiophenecarbaldehyde,Sulfur compounds,,
APPLE BRANDY (Calvados),,Alcoholic Beverages > 20% alc.,5-methyl-2-thiophenecarbaldehyde,Sulfur compounds,trace,trace
APPLE BRANDY (Calvados),,Alcoholic Beverages > 20% alc.,4-methyl-5-vinylthiazole,Sulfur compounds,trace,trace
APPLE BRANDY (Calvados),,Alcoholic Beverages > 20% alc.,benzothiazole,Sulfur compounds,,
APPLE BRANDY (Calvados),,Alcoholic Beverages > 20% alc.,"1,1-diethoxyethane (=acetal, acetaldehyde diethyl acetal)",Acetals,5.2,192
APPLE BRANDY (Calvados),,Alcoholic Beverages > 20% alc.,1-ethoxy-1-propoxyethane,Acetals,,
APPLE BRANDY (Calvados),,Alcoholic Beverages > 20% alc.,1-ethoxy-1-isobutoxyethane,Acetals,trace,trace
APPLE BRANDY (Calvados),,Alcoholic Beverages > 20% alc.,1-butoxy-1-ethoxyethane,Acetals,trace,trace
APPLE BRANDY (Calvados),,Alcoholic Beverages > 20% alc.,1-ethoxy-1-(3-methylbutoxy)-ethane,Acetals,,
APPLE BRANDY (Calvados),,Alcoholic Beverages > 20% alc.,1-ethoxy-1-pentoxyethane,Acetals,,
APPLE BRANDY (Calvados),,Alcoholic Beverages > 20% alc.,1-ethoxy-1-hexoxyethane,Acetals,trace,trace
APPLE BRANDY (Calvados),,Alcoholic Beverages > 20% alc.,1-ethoxy-1-octoxyethane,Acetals,trace,trace
APPLE BRANDY (Calvados),,Alcoholic Beverages > 20% alc.,"1,1-bis(2-methylbutoxy)ethane",Acetals,,
APPLE BRANDY (Calvados),,Alcoholic Beverages > 20% alc.,"1,1-bis(3-methylbutoxy)ethane",Acetals,,
APPLE BRANDY (Calvados),,Alcoholic Beverages > 20% alc.,"1,1-diethoxypropane",Acetals,,
APPLE BRANDY (Calvados),,Alcoholic Beverages > 20% alc.,"1,1,3-triethoxypropane",Acetals,,
APPLE BRANDY (Calvados),,Alcoholic Beverages > 20% alc.,"3,3-diethoxy-1-propene",Acetals,trace,trace
APPLE BRANDY (Calvados),,Alcoholic Beverages > 20% alc.,"1,1-diethoxy-2-methylpropane",Acetals,,
APPLE BRANDY (Calvados),,Alcoholic Beverages > 20% alc.,"1,3-diethoxy-1-propanol",Acetals,trace,trace
APPLE BRANDY (Calvados),,Alcoholic Beverages > 20% alc.,"3,3-diethoxy-1-propanol",Acetals,,
APPLE BRANDY (Calvados),,Alcoholic Beverages > 20% alc.,"1,1-diethoxybutane",Acetals,,
APPLE BRANDY (Calvados),,Alcoholic Beverages > 20% alc.,"1,1-diethoxy-2-methylbutane",Acetals,,
APPLE BRANDY (Calvados),,Alcoholic Beverages > 20% alc.,"1,1-diethoxy-3-methylbutane",Acetals,,
APPLE BRANDY (Calvados),,Alcoholic Beverages > 20% alc.,"1,1-diethoxypentane",Acetals,trace,trace
APPLE BRANDY (Calvados),,Alcoholic Beverages > 20% alc.,"1,1-diethoxyhexane",Acetals,trace,trace
APPLE BRANDY (Calvados),,Alcoholic Beverages > 20% alc.,"1,1-diethoxyheptane",Acetals,trace,trace
APPLE BRANDY (Calvados),,Alcoholic Beverages > 20% alc.,"1,1-diethoxyundecane",Acetals,trace,trace
APPLE BRANDY (Calvados),,Alcoholic Beverages > 20% alc.,"1,1-diethoxytetradecane",Acetals,trace,trace
APPLE BRANDY (Calvados),,Alcoholic Beverages > 20% alc.,"1,1-diethoxyhexadecane",Acetals,trace,trace
APPLE BRANDY (Calvados),,Alcoholic Beverages > 20% alc.,"1,1-diethoxyheptadecane",Acetals,trace,trace
APPLE BRANDY (Calvados),,Alcoholic Beverages > 20% alc.,"1,1-diethoxy-2-phenylethane",Acetals,,
APPLE BRANDY (Calvados),,Alcoholic Beverages > 20% alc.,"1,8-cineole (=eucalyptol)",Ethers,trace,trace
APPLE BRANDY (Calvados),,Alcoholic Beverages > 20% alc.,4-ethylphenol,Phenols,,
APPLE BRANDY (Calvados),,Alcoholic Beverages > 20% alc.,4-allylphenol (=chavicol),Phenols,trace,trace
APPLE BRANDY (Calvados),,Alcoholic Beverages > 20% alc.,1-methoxy-4-vinylbenzene (=4-vinylanisole),Phenols,,
APPLE BRANDY (Calvados),,Alcoholic Beverages > 20% alc.,"1-methoxy-4-(3-oxobutyl)benzene (=anisylacetone, bramble ketone)",Phenols,,
APPLE BRANDY (Calvados),,Alcoholic Beverages > 20% alc.,2-methoxyphenol (=guaiacol),Phenols,trace,trace
APPLE BRANDY (Calvados),,Alcoholic Beverages > 20% alc.,"2-methoxy-4-methylphenol (=4-methylguaiacol, creosol)",Phenols,,
APPLE BRANDY (Calvados),,Alcoholic Beverages > 20% alc.,4-ethyl-2-methoxyphenol (=4-ethylguaiacol),Phenols,,
APPLE BRANDY (Calvados),,Alcoholic Beverages > 20% alc.,2-methoxy-4-vinylphenol (=4-vinylguaiacol),Phenols,,
APPLE BRANDY (Calvados),,Alcoholic Beverages > 20% alc.,eugenol (=4-allyl-2-methoxyphenol),Phenols,,
APPLE BRANDY (Calvados),,Alcoholic Beverages > 20% alc.,isoeugenol (=2-methoxy-4-(1-propenyl)-phenol),Phenols,trace,trace
APPLE BRANDY (Calvados),,Alcoholic Beverages > 20% alc.,"1,2-dimethoxy-3-methylbenzene",Phenols,trace,trace
APPLE BRANDY (Calvados),,Alcoholic Beverages > 20% alc.,"4-ethyl-1,2-dimethoxybenzene",Phenols,trace,trace
APPLE BRANDY (Calvados),,Alcoholic Beverages > 20% alc.,"1,2-dimethoxy-4-vinylbenzene (=3,4-dimethoxystyrene)",Phenols,trace,trace
APPLE BRANDY (Calvados),,Alcoholic Beverages > 20% alc.,"methyleugenol (=4-allyl-1,2-dimethoxybenzene)",Phenols,,
APPLE BRANDY (Calvados),,Alcoholic Beverages > 20% alc.,"2,5-dimethoxytetrahydrofuran",Furans,,
APPLE BRANDY (Calvados),,Alcoholic Beverages > 20% alc.,"linalool oxide B (cis, 5-ring)",Furans,,
APPLE BRANDY (Calvados),,Alcoholic Beverages > 20% alc.,"linalool oxide A (trans, 5-ring)",Furans,,
APPLE BRANDY (Calvados),,Alcoholic Beverages > 20% alc.,"furfural (=2-formylfuran, 2-furancarbaldehyde, 2-furaldehyde)",Furans,0,109
APPLE BRANDY (Calvados),,Alcoholic Beverages > 20% alc.,5-methylfurfural,Furans,,
APPLE BRANDY (Calvados),,Alcoholic Beverages > 20% alc.,5-(hydroxymethyl)furfural,Furans,0.3,4.3
APPLE BRANDY (Calvados),,Alcoholic Beverages > 20% alc.,"2-acetylfuran (=2-furyl methyl ketone, 1-(2-furyl)ethanone)",Furans,,
APPLE BRANDY (Calvados),,Alcoholic Beverages > 20% alc.,"furfuryl alcohol (=(2-furyl)-methanol, 2-furanmethanol)",Furans,trace,trace
APPLE BRANDY (Calvados),,Alcoholic Beverages > 20% alc.,ethyl 2-furancarboxylate (=ethyl 2-furoate),Furans,trace,trace
APPLE BRANDY (Calvados),,Alcoholic Beverages > 20% alc.,"furfural, diethyl acetal",Furans,,
APPLE BRANDY (Calvados),,Alcoholic Beverages > 20% alc.,"furfural, ethyl propyl acetal",Furans,trace,trace
APPLE BRANDY (Calvados),,Alcoholic Beverages > 20% alc.,"furfural, ethyl isopentyl acetal",Furans,,
APPLE BRANDY (Calvados),,Alcoholic Beverages > 20% alc.,rose oxide,"(Ep)oxides, pyrans, coumarins",trace,trace
APPLE BRANDY (Calvados),,Alcoholic Beverages > 20% alc.,linalool oxide (unkn.str.),"(Ep)oxides, pyrans, coumarins",,
APPLE BRANDY (Calvados),,Alcoholic Beverages > 20% alc.,cis-linalool oxide (unkn.str.),"(Ep)oxides, pyrans, coumarins",,
APPLE BRANDY (Calvados),,Alcoholic Beverages > 20% alc.,trans-linalool oxide (unkn.str.),"(Ep)oxides, pyrans, coumarins",,
APPLE BRANDY (Calvados),,Alcoholic Beverages > 20% alc.,cis-vitispirane,"(Ep)oxides, pyrans, coumarins",,
APPLE BRANDY (Calvados),,Alcoholic Beverages > 20% alc.,trans-vitispirane,"(Ep)oxides, pyrans, coumarins",,
APPLE BRANDY (Calvados),,Alcoholic Beverages > 20% alc.,"2-methyl-1,3-dioxane","(Ep)oxides, pyrans, coumarins",trace,trace
APPLE BRANDY (Calvados),,Alcoholic Beverages > 20% alc.,"4-methyl-1,3-dioxane","(Ep)oxides, pyrans, coumarins",trace,trace
,BEETROOT (Beta vulgaris L.),Vegetables,ethanol,Alcohols,,
,BEETROOT (Beta vulgaris L.),Vegetables,2-methyl-1-propanol (=isobutanol),Alcohols,,
,BEETROOT (Beta vulgaris L.),Vegetables,3-methyl-1-butanol (=isoamyl alcohol),Alcohols,,
,BEETROOT (Beta vulgaris L.),Vegetables,geosmin,Alcohols,0.0006,0.0037
,BEETROOT (Beta vulgaris L.),Vegetables,"3-methylbutanal (=isopentanal, isovaleraldehyde)","Carbonyls, aldehydes",,
,BEETROOT (Beta vulgaris L.),Vegetables,hexanal (=capronaldehyde),"Carbonyls, aldehydes",,
,BEETROOT (Beta vulgaris L.),Vegetables,benzaldehyde,"Carbonyls, aldehydes",,
,BEETROOT (Beta vulgaris L.),Vegetables,phenylacetaldehyde (=benzeneacetaldehyde),"Carbonyls, aldehydes",,
,BEETROOT (Beta vulgaris L.),Vegetables,"2,3-butanedione (=diacetyl)","Carbonyls, ketones",,
,BEETROOT (Beta vulgaris L.),Vegetables,"carvone (=p-6,8-menthadien-2-one)","Carbonyls, ketones",,
,BEETROOT (Beta vulgaris L.),Vegetables,ethyl acetate,Esters,,
,BEETROOT (Beta vulgaris L.),Vegetables,ammonia,Bases,8800,8800
,BEETROOT (Beta vulgaris L.),Vegetables,methylamine,Bases,30,30
,BEETROOT (Beta vulgaris L.),Vegetables,aniline,Bases,0.6,0.6
,BEETROOT (Beta vulgaris L.),Vegetables,benzylamine,Bases,0.1,0.1
,BEETROOT (Beta vulgaris L.),Vegetables,phenethylamine,Bases,0.3,0.3
,BEETROOT (Beta vulgaris L.),Vegetables,N-methylphenethylamine,Bases,0.4,0.4
,BEETROOT (Beta vulgaris L.),Vegetables,pyridine,Bases,,
,BEETROOT (Beta vulgaris L.),Vegetables,4-methylpyridine (=γ-picoline),Bases,,
,BEETROOT (Beta vulgaris L.),Vegetables,2-isopropyl-3-methoxypyrazine,Bases,,
,BEETROOT (Beta vulgaris L.),Vegetables,2-isobutyl-3-methoxypyrazine,Bases,,
,BEETROOT (Beta vulgaris L.),Vegetables,2-(sec-butyl)-3-methoxypyrazine,Bases,,
,BEETROOT (Beta vulgaris L.),Vegetables,"dimethyl sulfide (=thiobismethane, methylthiomethane, methyl sulfide)",Sulfur compounds,,
,BEETROOT (Beta vulgaris L.),Vegetables,dimethyl sulfoxide (=methylsulfinylmethane),Sulfur compounds,0.12,0.12
,BEETROOT (Beta vulgaris L.),Vegetables,dimethyl sulfone (=methylsulfonylmethane),Sulfur compounds,trace,trace
,BEETROOT (Beta vulgaris L.),Vegetables,"furfural (=2-formylfuran, 2-furancarbaldehyde, 2-furaldehyde)",Furans,,
BEETROOT (raw),BEETROOT (Beta vulgaris L.),Vegetables,geosmin,Alcohols,0.0006,0.0037
BEETROOT (raw),BEETROOT (Beta vulgaris L.),Vegetables,ammonia,Bases,8800,8800
BEETROOT (raw),BEETROOT (Beta vulgaris L.),Vegetables,methylamine,Bases,30,30
BEETROOT (raw),BEETROOT (Beta vulgaris L.),Vegetables,aniline,Bases,0.6,0.6
BEETROOT (raw),BEETROOT (Beta vulgaris L.),Vegetables,benzylamine,Bases,0.1,0.1
BEETROOT (raw),BEETROOT (Beta vulgaris L.),Vegetables,phenethylamine,Bases,0.3,0.3
BEETROOT (raw),BEETROOT (Beta vulgaris L.),Vegetables,N-methylphenethylamine,Bases,0.4,0.4
BEETROOT (raw),BEETROOT (Beta vulgaris L.),Vegetables,2-isopropyl-3-methoxypyrazine,Bases,,
BEETROOT (raw),BEETROOT (Beta vulgaris L.),Vegetables,2-isobutyl-3-methoxypyrazine,Bases,,
BEETROOT (raw),BEETROOT (Beta vulgaris L.),Vegetables,2-(sec-butyl)-3-methoxypyrazine,Bases,,
BEETROOT (cooked),BEETROOT (Beta vulgaris L.),Vegetables,ethanol,Alcohols,,
BEETROOT (cooked),BEETROOT (Beta vulgaris L.),Vegetables,2-methyl-1-propanol (=isobutanol),Alcohols,,
BEETROOT (cooked),BEETROOT (Beta vulgaris L.),Vegetables,3-methyl-1-butanol (=isoamyl alcohol),Alcohols,,
BEETROOT (cooked),BEETROOT (Beta vulgaris L.),Vegetables,geosmin,Alcohols,,
BEETROOT (cooked),BEETROOT (Beta vulgaris L.),Vegetables,"3-methylbutanal (=isopentanal, isovaleraldehyde)","Carbonyls, aldehydes",,
BEETROOT (cooked),BEETROOT (Beta vulgaris L.),Vegetables,hexanal (=capronaldehyde),"Carbonyls, aldehydes",,
BEETROOT (cooked),BEETROOT (Beta vulgaris L.),Vegetables,benzaldehyde,"Carbonyls, aldehydes",,
BEETROOT (cooked),BEETROOT (Beta vulgaris L.),Vegetables,phenylacetaldehyde (=benzeneacetaldehyde),"Carbonyls, aldehydes",,
BEETROOT (cooked),BEETROOT (Beta vulgaris L.),Vegetables,"2,3-butanedione (=diacetyl)","Carbonyls, ketones",,
BEETROOT (cooked),BEETROOT (Beta vulgaris L.),Vegetables,"carvone (=p-6,8-menthadien-2-one)","Carbonyls, ketones",,
BEETROOT (cooked),BEETROOT (Beta vulgaris L.),Vegetables,ethyl acetate,Esters,,
BEETROOT (cooked),BEETROOT (Beta vulgaris L.),Vegetables,pyridine,Bases,,
BEETROOT (cooked),BEETROOT (Beta vulgaris L.),Vegetables,4-methylpyridine (=γ-picoline),Bases,,
BEETROOT (cooked),BEETROOT (Beta vulgaris L.),Vegetables,2-(sec-butyl)-3-methoxypyrazine,Bases,,
BEETROOT (cooked),BEETROOT (Beta vulgaris L.),Vegetables,"dimethyl sulfide (=thiobismethane, methylthiomethane, methyl sulfide)",Sulfur compounds,,
BEETROOT (cooked),BEETROOT (Beta vulgaris L.),Vegetables,dimethyl sulfoxide (=methylsulfinylmethane),Sulfur compounds,0.12,0.12
BEETROOT (cooked),BEETROOT (Beta vulgaris L.),Vegetables,dimethyl sulfone (=methylsulfonylmethane),Sulfur compounds,trace,trace
BEETROOT (cooked),BEETROOT (Beta vulgaris L.),Vegetables,"furfural (=2-formylfuran, 2-furancarbaldehyde, 2-furaldehyde)",Furans,,
GARDEN CRESS (Lepidium sativum L.),,Vegetables,3-butenyl isothiocyanate,Sulfur compounds,,
GARDEN CRESS (Lepidium sativum L.),,Vegetables,4-pentenyl isothiocyanate,Sulfur compounds,,
GARDEN CRESS (Lepidium sativum L.),,Vegetables,benzyl isothiocyanate,Sulfur compounds,,
GARDEN CRESS (Lepidium sativum L.),,Vegetables,phenethyl isothiocyanate,Sulfur compounds,,
GARDEN CRESS (Lepidium sativum L.),,Vegetables,"3-butenenitrile (=allyl cyanide, vinylacetonitrile)",Nitriles and amides,,
GARDEN CRESS (Lepidium sativum L.),,Vegetables,4-pentenenitrile,Nitriles and amides,,
GARDEN CRESS (Lepidium sativum L.),,Vegetables,5-hexenenitrile,Nitriles and amides,,
GARDEN CRESS (Lepidium sativum L.),,Vegetables,"phenylacetonitrile (=benzyl cyanide, benzeneacetonitrile)",Nitriles and amides,,
GARDEN CRESS (Lepidium sativum L.),,Vegetables,"3-phenylpropanenitrile (=phenethyl cyanide, benzenepropanenitrile)",Nitriles and amides,,
,PARSNIP ROOT (Pastinaca sativa L.),Vegetables,β-ocimene,Hydrocarbons,,
,PARSNIP ROOT (Pastinaca sativa L.),Vegetables,β-myrcene (=myrcene),Hydrocarbons,,
,PARSNIP ROOT (Pastinaca sativa L.),Vegetables,α-phellandrene,Hydrocarbons,,
,PARSNIP ROOT (Pastinaca sativa L.),Vegetables,γ-terpinene,Hydrocarbons,,
,PARSNIP ROOT (Pastinaca sativa L.),Vegetables,terpinolene,Hydrocarbons,,
,PARSNIP ROOT (Pastinaca sativa L.),Vegetables,limonene,Hydrocarbons,,
,PARSNIP ROOT (Pastinaca sativa L.),Vegetables,α-pinene,Hydrocarbons,,
,PARSNIP ROOT (Pastinaca sativa L.),Vegetables,β-pinene,Hydrocarbons,,
,PARSNIP ROOT (Pastinaca sativa L.),Vegetables,biphenyl,Hydrocarbons,,
,PARSNIP ROOT (Pastinaca sativa L.),Vegetables,methanol,Alcohols,,
,PARSNIP ROOT (Pastinaca sativa L.),Vegetables,ethanol,Alcohols,,
,PARSNIP ROOT (Pastinaca sativa L.),Vegetables,1-pentanol (=amyl alcohol),Alcohols,,
,PARSNIP ROOT (Pastinaca sativa L.),Vegetables,"p-cymen-8-ol (=α,α,p-trimethyl-benzyl alcohol)",Alcohols,,
,PARSNIP ROOT (Pastinaca sativa L.),Vegetables,α-terpineol,Alcohols,,
,PARSNIP ROOT (Pastinaca sativa L.),Vegetables,acetaldehyde (=ethanal),"Carbonyls, aldehydes",,
,PARSNIP ROOT (Pastinaca sativa L.),Vegetables,2-isopropyl-3-methoxypyrazine,Bases,,
,PARSNIP ROOT (Pastinaca sativa L.),Vegetables,2-isobutyl-3-methoxypyrazine,Bases,,
,PARSNIP ROOT (Pastinaca sativa L.),Vegetables,2-(sec-butyl)-3-methoxypyrazine,Bases,,
,PARSNIP ROOT (Pastinaca sativa L.),Vegetables,"dimethyl sulfide (=thiobismethane, methylthiomethane, methyl sulfide)",Sulfur compounds,,
,PARSNIP ROOT (Pastinaca sativa L.),Vegetables,"dimethyl trisulfide (=2,3,4-trithiapentane, methyltrithiomethane)",Sulfur compounds,,
,PARSNIP ROOT (Pastinaca sativa L.),Vegetables,3-(methylthio)propanal (=methional),Sulfur compounds,,
,PARSNIP ROOT (Pastinaca sativa L.),Vegetables,dimethyl sulfoxide (=methylsulfinylmethane),Sulfur compounds,,
,PARSNIP ROOT (Pastinaca sativa L.),Vegetables,"2,6-di-tert-butyl-4-methyl-phenol (=B.H.T.)",Phenols,,
,PARSNIP ROOT (Pastinaca sativa L.),Vegetables,"methyleugenol (=4-allyl-1,2-dimethoxybenzene)",Phenols,,
,PARSNIP ROOT (Pastinaca sativa L.),Vegetables,"6-allyl-4-methoxy-1,3-benzodioxole (=myristicin)",Phenols,,
PARSNIP ROOT (raw),PARSNIP ROOT (Pastinaca sativa L.),Vegetables,β-ocimene,Hydrocarbons,,
PARSNIP ROOT (raw),PARSNIP ROOT (Pastinaca sativa L.),Vegetables,β-myrcene (=myrcene),Hydrocarbons,,
PARSNIP ROOT (raw),PARSNIP ROOT (Pastinaca sativa L.),Vegetables,α-phellandrene,Hydrocarbons,,
PARSNIP ROOT (raw),PARSNIP ROOT (Pastinaca sativa L.),Vegetables,γ-terpinene,Hydrocarbons,,
PARSNIP ROOT (raw),PARSNIP ROOT (Pastinaca sativa L.),Vegetables,terpinolene,Hydrocarbons,,
PARSNIP ROOT (raw),PARSNIP ROOT (Pastinaca sativa L.),Vegetables,limonene,Hydrocarbons,,
PARSNIP ROOT (raw),PARSNIP ROOT (Pastinaca sativa L.),Vegetables,α-pinene,Hydrocarbons,,
PARSNIP ROOT (raw),PARSNIP ROOT (Pastinaca sativa L.),Vegetables,β-pinene,Hydrocarbons,,
PARSNIP ROOT (raw),PARSNIP ROOT (Pastinaca sativa L.),Vegetables,biphenyl,Hydrocarbons,,
PARSNIP ROOT (raw),PARSNIP ROOT (Pastinaca sativa L.),Vegetables,methanol,Alcohols,,
PARSNIP ROOT (raw),PARSNIP ROOT (Pastinaca sativa L.),Vegetables,ethanol,Alcohols,,
PARSNIP ROOT (raw),PARSNIP ROOT (Pastinaca sativa L.),Vegetables,1-pentanol (=amyl alcohol),Alcohols,,
PARSNIP ROOT (raw),PARSNIP ROOT (Pastinaca sativa L.),Vegetables,"p-cymen-8-ol (=α,α,p-trimethyl-benzyl alcohol)",Alcohols,,
PARSNIP ROOT (raw),PARSNIP ROOT (Pastinaca sativa L.),Vegetables,α-terpineol,Alcohols,,
PARSNIP ROOT (raw),PARSNIP ROOT (Pastinaca sativa L.),Vegetables,acetaldehyde (=ethanal),"Carbonyls, aldehydes",,
PARSNIP ROOT (raw),PARSNIP ROOT (Pastinaca sativa L.),Vegetables,2-isopropyl-3-methoxypyrazine,Bases,,
PARSNIP ROOT (raw),PARSNIP ROOT (Pastinaca sativa L.),Vegetables,2-isobutyl-3-methoxypyrazine,Bases,,
PARSNIP ROOT (raw),PARSNIP ROOT (Pastinaca sativa L.),Vegetables,2-(sec-butyl)-3-methoxypyrazine,Bases,,
PARSNIP ROOT (raw),PARSNIP ROOT (Pastinaca sativa L.),Vegetables,"dimethyl sulfide (=thiobismethane, methylthiomethane, methyl sulfide)",Sulfur compounds,,
PARSNIP ROOT (raw),PARSNIP ROOT (Pastinaca sativa L.),Vegetables,"dimethyl trisulfide (=2,3,4-trithiapentane, methyltrithiomethane)",Sulfur compounds,,
PARSNIP ROOT (raw),PARSNIP ROOT (Pastinaca sativa L.),Vegetables,3-(methylthio)propanal (=methional),Sulfur compounds,,
PARSNIP ROOT (raw),PARSNIP ROOT (Pastinaca sativa L.),Vegetables,dimethyl sulfoxide (=methylsulfinylmethane),Sulfur compounds,,
PARSNIP ROOT (raw),PARSNIP ROOT (Pastinaca sativa L.),Vegetables,"2,6-di-tert-butyl-4-methyl-phenol (=B.H.T.)",Phenols,,
PARSNIP ROOT (raw),PARSNIP ROOT (Pastinaca sativa L.),Vegetables,"methyleugenol (=4-allyl-1,2-dimethoxybenzene)",Phenols,,
PARSNIP ROOT (raw),PARSNIP ROOT (Pastinaca sativa L.),Vegetables,"6-allyl-4-methoxy-1,3-benzodioxole (=myristicin)",Phenols,,
PARSNIP ROOT (cooked),PARSNIP ROOT (Pastinaca sativa L.),Vegetables,β-ocimene,Hydrocarbons,,
PARSNIP ROOT (cooked),PARSNIP ROOT (Pastinaca sativa L.),Vegetables,β-myrcene (=myrcene),Hydrocarbons,,
PARSNIP ROOT (cooked),PARSNIP ROOT (Pastinaca sativa L.),Vegetables,α-phellandrene,Hydrocarbons,,
PARSNIP ROOT (cooked),PARSNIP ROOT (Pastinaca sativa L.),Vegetables,γ-terpinene,Hydrocarbons,,
PARSNIP ROOT (cooked),PARSNIP ROOT (Pastinaca sativa L.),Vegetables,terpinolene,Hydrocarbons,,
PARSNIP ROOT (cooked),PARSNIP ROOT (Pastinaca sativa L.),Vegetables,limonene,Hydrocarbons,,
PARSNIP ROOT (cooked),PARSNIP ROOT (Pastinaca sativa L.),Vegetables,α-pinene,Hydrocarbons,,
PARSNIP ROOT (cooked),PARSNIP ROOT (Pastinaca sativa L.),Vegetables,β-pinene,Hydrocarbons,,
PARSNIP ROOT (cooked),PARSNIP ROOT (Pastinaca sativa L.),Vegetables,methanol,Alcohols,,
PARSNIP ROOT (cooked),PARSNIP ROOT (Pastinaca sativa L.),Vegetables,ethanol,Alcohols,,
PARSNIP ROOT (cooked),PARSNIP ROOT (Pastinaca sativa L.),Vegetables,acetaldehyde (=ethanal),"Carbonyls, aldehydes",,
PARSNIP ROOT (cooked),PARSNIP ROOT (Pastinaca sativa L.),Vegetables,"6-allyl-4-methoxy-1,3-benzodioxole (=myristicin)",Phenols,,
,FIG (Ficus carica L.),Fruits,limonene,Hydrocarbons,0.005,0.005
,FIG (Ficus carica L.),Fruits,trans-caryophyllene,Hydrocarbons,,
,FIG (Ficus carica L.),Fruits,methanol,Alcohols,<1,5
,FIG (Ficus carica L.),Fruits,ethanol,Alcohols,<10,144
,FIG (Ficus carica L.),Fruits,2-methyl-1-propanol (=isobutanol),Alcohols,,
,FIG (Ficus carica L.),Fruits,"2,3-butanediol (=2,3-butylene glycol)",Alcohols,,
,FIG (Ficus carica L.),Fruits,1-hexanol,Alcohols,0.05,0.05
,FIG (Ficus carica L.),Fruits,(Z)-3-hexen-1-ol (=leaf alcohol),Alcohols,0.01,0.01
,FIG (Ficus carica L.),Fruits,1-heptanol,Alcohols,0.005,0.005
,FIG (Ficus carica L.),Fruits,1-octanol,Alcohols,0.02,0.03
,FIG (Ficus carica L.),Fruits,1-octen-3-ol,Alcohols,0.1,0.1
,FIG (Ficus carica L.),Fruits,1-nonanol,Alcohols,0.02,0.08
,FIG (Ficus carica L.),Fruits,linalool,Alcohols,0.02,0.02
,FIG (Ficus carica L.),Fruits,benzyl alcohol (=benzenemethanol),Alcohols,,
,FIG (Ficus carica L.),Fruits,2-phenylethanol (=phenethyl alcohol),Alcohols,0.06,0.06
,FIG (Ficus carica L.),Fruits,3-phenyl-2-propen-1-ol (=cinnamic alcohol),Alcohols,,
,FIG (Ficus carica L.),Fruits,caryophyllene alcohol (unkn.str.) (=hydroxycaryophyllene (unkn.str.)),Alcohols,,
,FIG (Ficus carica L.),Fruits,acetaldehyde (=ethanal),"Carbonyls, aldehydes",<1,40
,FIG (Ficus carica L.),Fruits,hexanal (=capronaldehyde),"Carbonyls, aldehydes",0.04,0.3
,FIG (Ficus carica L.),Fruits,(E)-2-hexenal (=leaf aldehyde),"Carbonyls, aldehydes",0.005,0.005
,FIG (Ficus carica L.),Fruits,heptanal,"Carbonyls, aldehydes",0.03,0.1
,FIG (Ficus carica L.),Fruits,(E)-2-heptenal,"Carbonyls, aldehydes",0.03,0.1
,FIG (Ficus carica L.),Fruits,"(E,Z)-2,4-heptadienal","Carbonyls, aldehydes",0.05,0.1
,FIG (Ficus carica L.),Fruits,"(E,E)-2,4-heptadienal","Carbonyls, aldehydes",0.1,0.1
,FIG (Ficus carica L.),Fruits,octanal (=caprylaldehyde),"Carbonyls, aldehydes",0.01,0.1
,FIG (Ficus carica L.),Fruits,(E)-2-octenal,"Carbonyls, aldehydes",0.06,0.2
,FIG (Ficus carica L.),Fruits,nonanal (=pelargonaldehyde),"Carbonyls, aldehydes",0.08,0.2
,FIG (Ficus carica L.),Fruits,(E)-2-nonenal,"Carbonyls, aldehydes",0.03,0.05
,FIG (Ficus carica L.),Fruits,"(E,E)-2,4-nonadienal","Carbonyls, aldehydes",0.03,0.03
,FIG (Ficus carica L.),Fruits,(E)-2-decenal,"Carbonyls, aldehydes",0.1,0.2
,FIG (Ficus carica L.),Fruits,"(E,Z)-2,4-decadienal","Carbonyls, aldehydes",0.06,0.06
,FIG (Ficus carica L.),Fruits,"(E,E)-2,4-decadienal","Carbonyls, aldehydes",0.15,0.2
,FIG (Ficus carica L.),Fruits,(E)-2-undecenal,"Carbonyls, aldehydes",0.04,0.04
,FIG (Ficus carica L.),Fruits,benzaldehyde,"Carbonyls, aldehydes",0.3,1.8
,FIG (Ficus carica L.),Fruits,3-phenylpropanal (=dihydrocinnamaldehyde),"Carbonyls, aldehydes",0.05,0.05
,FIG (Ficus carica L.),Fruits,cinnamaldehyde (=3-phenyl-2-propenal),"Carbonyls, aldehydes",,
,FIG (Ficus carica L.),Fruits,3-hydroxy-2-butanone (=acetoin),"Carbonyls, ketones",,
,FIG (Ficus carica L.),Fruits,2-hexanone,"Carbonyls, ketones",0.05,0.05
,FIG (Ficus carica L.),Fruits,2-heptanone,"Carbonyls, ketones",0.03,0.03
,FIG (Ficus carica L.),Fruits,6-methyl-5-hepten-2-one,"Carbonyls, ketones",0.01,0.01
,FIG (Ficus carica L.),Fruits,"(E)-6-methyl-3,5-heptadien-2-one","Carbonyls, ketones",0.09,0.09
,FIG (Ficus carica L.),Fruits,2-octanone,"Carbonyls, ketones",0.03,0.03
,FIG (Ficus carica L.),Fruits,"(E,Z)-3,5-octadien-2-one","Carbonyls, ketones",0.03,0.03
,FIG (Ficus carica L.),Fruits,"(E,E)-3,5-octadien-2-one","Carbonyls, ketones",0.02,0.1
,FIG (Ficus carica L.),Fruits,"(E)-6,10-dimethyl-5,9-undecadien-2-one (=geranylacetone)","Carbonyls, ketones",0.04,0.05
,FIG (Ficus carica L.),Fruits,acetic acid,Acids,,
,FIG (Ficus carica L.),Fruits,hexanoic acid (=caproic acid),Acids,0.05,0.05
,FIG (Ficus carica L.),Fruits,heptanoic acid (=enanthic acid),Acids,0.04,0.04
,FIG (Ficus carica L.),Fruits,octanoic acid (=caprylic acid),Acids,0.2,0.2
,FIG (Ficus carica L.),Fruits,nonanoic acid (=pelargonic acid),Acids,0.15,0.15
,FIG (Ficus carica L.),Fruits,decanoic acid (=capric acid),Acids,0.1,0.1
,FIG (Ficus carica L.),Fruits,hexadecanoic acid (=palmitic acid),Acids,,
,FIG (Ficus carica L.),Fruits,methyl acetate,Esters,<1,4
,FIG (Ficus carica L.),Fruits,ethyl acetate,Esters,<1,9
,FIG (Ficus carica L.),Fruits,propyl acetate,Esters,,
,FIG (Ficus carica L.),Fruits,isobutyl acetate (=2-methylpropyl acetate),Esters,,
,FIG (Ficus carica L.),Fruits,2-methylbutyl acetate,Esters,,
,FIG (Ficus carica L.),Fruits,"isopentyl acetate (=3-methylbutyl acetate, isoamyl acetate)",Esters,,
,FIG (Ficus carica L.),Fruits,ethyl propanoate,Esters,,
,FIG (Ficus carica L.),Fruits,ethyl 2-methylpropanoate (=ethyl isobutyrate),Esters,,
,FIG (Ficus carica L.),Fruits,methyl butanoate,Esters,,
,FIG (Ficus carica L.),Fruits,ethyl butanoate,Esters,,
,FIG (Ficus carica L.),Fruits,ethyl 2-methylbutanoate,Esters,,
,FIG (Ficus carica L.),Fruits,isobutyl 3-methylbutanoate (=isobutyl isovalerate),Esters,,
,FIG (Ficus carica L.),Fruits,ethyl pentanoate,Esters,,
,FIG (Ficus carica L.),Fruits,ethyl hexanoate (=ethyl caproate),Esters,0.02,0.05
,FIG (Ficus carica L.),Fruits,ethyl phenylacetate,Esters,0.05,0.05
,FIG (Ficus carica L.),Fruits,"4-hydroxybutanoic acid lactone (=dihydro-2(3H)-furanone, 4-butanolide, γ-butyrolactone)",Lactones,,
,FIG (Ficus carica L.),Fruits,"4-hydroxyhexanoic acid lactone (=γ-hexalactone, γ-caprolactone, 4-hexanolide)",Lactones,,
,FIG (Ficus carica L.),Fruits,"(4S,5S)-4,5-dihydroxyhexanoic acid lactone (5-ring) (=(4S,5S)-solerol)",Lactones,,
,FIG (Ficus carica L.),Fruits,"(4S,5R)-4,5-dihydroxyhexanoic acid lactone (5-ring) (=(4S,5R)-solerol)",Lactones,,
,FIG (Ficus carica L.),Fruits,"(4R,5S)-4,5-dihydroxyhexanoic acid lactone (5-ring) (=(4R,5S)-solerol)",Lactones,,
,FIG (Ficus carica L.),Fruits,"(4R,5R)-4,5-dihydroxyhexanoic acid lactone (5-ring) (=(4R,5R)-solerol)",Lactones,,
,FIG (Ficus carica L.),Fruits,4-hydroxy-5-oxohexanoic acid lactone (5-ring) (=solerone),Lactones,,
,FIG (Ficus carica L.),Fruits,indole,Bases,,
,FIG (Ficus carica L.),Fruits,2-ethyldihydrothiophene (unkn.str.),Sulfur compounds,,
,FIG (Ficus carica L.),Fruits,"1,1-dimethoxyethane (=acetaldehyde dimethyl acetal)",Acetals,,
,FIG (Ficus carica L.),Fruits,2-methoxy-4-vinylphenol (=4-vinylguaiacol),Phenols,,
,FIG (Ficus carica L.),Fruits,eugenol (=4-allyl-2-methoxyphenol),Phenols,,
,FIG (Ficus carica L.),Fruits,"linalool oxide B (cis, 5-ring)",Furans,,
,FIG (Ficus carica L.),Fruits,"linalool oxide A (trans, 5-ring)",Furans,0.1,0.1
,FIG (Ficus carica L.),Fruits,2-pentylfuran,Furans,0.01,0.05
,FIG (Ficus carica L.),Fruits,5-(hydroxymethyl)furfural,Furans,,
,FIG (Ficus carica L.),Fruits,"linalool oxide D (cis, 6-ring)","(Ep)oxides, pyrans, coumarins",,
,FIG (Ficus carica L.),Fruits,"linalool oxide C (trans, 6-ring)","(Ep)oxides, pyrans, coumarins",0.04,0.04
BRAZIL NUT (Bertholletia excelsa),,Nuts,nonane,Hydrocarbons,,
BRAZIL NUT (Bertholletia excelsa),,Nuts,decane,Hydrocarbons,,
BRAZIL NUT (Bertholletia excelsa),,Nuts,undecane,Hydrocarbons,,
BRAZIL NUT (Bertholletia excelsa),,Nuts,dodecane,Hydrocarbons,,
BRAZIL NUT (Bertholletia excelsa),,Nuts,tridecane,Hydrocarbons,,
BRAZIL NUT (Bertholletia excelsa),,Nuts,tetradecane,Hydrocarbons,,
BRAZIL NUT (Bertholletia excelsa),,Nuts,limonene,Hydrocarbons,,
BRAZIL NUT (Bertholletia excelsa),,Nuts,methylbenzene (=toluene),Hydrocarbons,,
BRAZIL NUT (Bertholletia excelsa),,Nuts,ethylbenzene (=α-methyltoluene),Hydrocarbons,,
BRAZIL NUT (Bertholletia excelsa),,Nuts,vinylbenzene (=styrene),Hydrocarbons,,
BRAZIL NUT (Bertholletia excelsa),,Nuts,butylbenzene,Hydrocarbons,,
BRAZIL NUT (Bertholletia excelsa),,Nuts,"1,2,3-trimethylbenzene (=hemimellitene)",Hydrocarbons,,
BRAZIL NUT (Bertholletia excelsa),,Nuts,"1,2,4-trimethylbenzene (=pseudocumene)",Hydrocarbons,,
BRAZIL NUT (Bertholletia excelsa),,Nuts,naphthalene,Hydrocarbons,,
BRAZIL NUT (Bertholletia excelsa),,Nuts,2-methylnaphthalene,Hydrocarbons,,
BRAZIL NUT (Bertholletia excelsa),,Nuts,1-butanol,Alcohols,,
BRAZIL NUT (Bertholletia excelsa),,Nuts,2-methyl-2-butanol (=tert-amyl alcohol),Alcohols,,
BRAZIL NUT (Bertholletia excelsa),,Nuts,1-pentanol (=amyl alcohol),Alcohols,,
BRAZIL NUT (Bertholletia excelsa),,Nuts,1-hexanol,Alcohols,,
BRAZIL NUT (Bertholletia excelsa),,Nuts,1-octanol,Alcohols,,
BRAZIL NUT (Bertholletia excelsa),,Nuts,2-octanol,Alcohols,,
BRAZIL NUT (Bertholletia excelsa),,Nuts,heptanal,"Carbonyls, aldehydes",,
BRAZIL NUT (Bertholletia excelsa),,Nuts,"2,4-nonadienal","Carbonyls, aldehydes",,
BRAZIL NUT (Bertholletia excelsa),,Nuts,"2,4-decadienal","Carbonyls, aldehydes",,
BRAZIL NUT (Bertholletia excelsa),,Nuts,benzaldehyde,"Carbonyls, aldehydes",,
BRAZIL NUT (Bertholletia excelsa),,Nuts,2-nonanone,"Carbonyls, ketones",,
BRAZIL NUT (Bertholletia excelsa),,Nuts,2-decanone,"Carbonyls, ketones",,
BRAZIL NUT (Bertholletia excelsa),,Nuts,2-undecanone,"Carbonyls, ketones",,
BRAZIL NUT (Bertholletia excelsa),,Nuts,2-dodecanone,"Carbonyls, ketones",,
BRAZIL NUT (Bertholletia excelsa),,Nuts,ethyl acetate,Esters,,
BRAZIL NUT (Bertholletia excelsa),,Nuts,trichloromethane (=chloroform),Halogens,,
BRAZIL NUT (Bertholletia excelsa),,Nuts,benzonitrile,Nitriles and amides,,
BRAZIL NUT (Bertholletia excelsa),,Nuts,phenol (=hydroxybenzene),Phenols,,
BRAZIL NUT (Bertholletia excelsa),,Nuts,methylphenol (unkn.str.) (=cresol (unkn.str.)),Phenols,,
BRAZIL NUT (Bertholletia excelsa),,Nuts,benzofuran,Furans,,
,ARTICHOKE,Vegetables,hexadecane,Hydrocarbons,2E-005,2E-005
,ARTICHOKE,Vegetables,heptadecane,Hydrocarbons,7E-005,7E-005
,ARTICHOKE,Vegetables,octadecane,Hydrocarbons,3E-005,3E-005
,ARTICHOKE,Vegetables,nonadecane,Hydrocarbons,0.00011,0.00011
,ARTICHOKE,Vegetables,eicosane,Hydrocarbons,0.00018,0.00018
,ARTICHOKE,Vegetables,β-farnesene,Hydrocarbons,0.00013,0.00013
,ARTICHOKE,Vegetables,ethylcyclohexane,Hydrocarbons,0.0001,0.0001
,ARTICHOKE,Vegetables,vinylcyclohexene (unkn.str.),Hydrocarbons,trace,trace
,ARTICHOKE,Vegetables,dimethylcyclohexane (unkn.str.),Hydrocarbons,0.0002,0.0002
,ARTICHOKE,Vegetables,limonene,Hydrocarbons,<0.0001,<0.0001
,ARTICHOKE,Vegetables,β-elemene,Hydrocarbons,0.0011,0.0011
,ARTICHOKE,Vegetables,β-bisabolene,Hydrocarbons,0.00262,0.00262
,ARTICHOKE,Vegetables,α-humulene (=humulene),Hydrocarbons,0.00017,0.0002
,ARTICHOKE,Vegetables,ε-muurolene,Hydrocarbons,<0.0001,<0.0001
,ARTICHOKE,Vegetables,"β-selinene (=4(14),11-selinadiene)",Hydrocarbons,0.0068,0.007
,ARTICHOKE,Vegetables,valencene,Hydrocarbons,0.0001,0.0001
,ARTICHOKE,Vegetables,β-caryophyllene,Hydrocarbons,0.0032,0.0032
,ARTICHOKE,Vegetables,α-cedrene,Hydrocarbons,0.0007,0.0007
,ARTICHOKE,Vegetables,calarene,Hydrocarbons,<0.0001,<0.0001
,ARTICHOKE,Vegetables,longifolene,Hydrocarbons,0.0003,0.0003
,ARTICHOKE,Vegetables,benzene,Hydrocarbons,trace,0.00014
,ARTICHOKE,Vegetables,methylbenzene (=toluene),Hydrocarbons,1E-005,0.0001
,ARTICHOKE,Vegetables,propylbenzene,Hydrocarbons,2E-005,2E-005
,ARTICHOKE,Vegetables,"1,2-dimethylbenzene (=o-xylene)",Hydrocarbons,<0.0001,<0.0001
,ARTICHOKE,Vegetables,dimethylbenzene (unkn.str.) (=xylene (unkn.str.)),Hydrocarbons,5E-005,0.0001
,ARTICHOKE,Vegetables,2-methyl-1-butanol (=active amyl alcohol),Alcohols,,
,ARTICHOKE,Vegetables,3-methyl-1-butanol (=isoamyl alcohol),Alcohols,,
,ARTICHOKE,Vegetables,3-methyl-2-buten-1-ol (=prenol),Alcohols,0.00037,0.00037
,ARTICHOKE,Vegetables,1-hexanol,Alcohols,3E-005,0.00046
,ARTICHOKE,Vegetables,(E)-2-hexen-1-ol,Alcohols,0.0002,0.00022
,ARTICHOKE,Vegetables,(Z)-3-hexen-1-ol (=leaf alcohol),Alcohols,<0.0001,0.0006
,ARTICHOKE,Vegetables,linalool,Alcohols,7E-005,7E-005
,ARTICHOKE,Vegetables,benzyl alcohol (=benzenemethanol),Alcohols,0.00017,0.0059
,ARTICHOKE,Vegetables,2-phenylethanol (=phenethyl alcohol),Alcohols,<0.0001,<0.0001
,ARTICHOKE,Vegetables,α-terpineol,Alcohols,3E-005,3E-005
,ARTICHOKE,Vegetables,pentanal (=valeraldehyde),"Carbonyls, aldehydes",trace,3E-005
,ARTICHOKE,Vegetables,hexanal (=capronaldehyde),"Carbonyls, aldehydes",4E-005,0.0003
,ARTICHOKE,Vegetables,(E)-2-hexenal (=leaf aldehyde),"Carbonyls, aldehydes",0.0002,0.00027
,ARTICHOKE,Vegetables,heptanal,"Carbonyls, aldehydes",3E-005,3E-005
,ARTICHOKE,Vegetables,octanal (=caprylaldehyde),"Carbonyls, aldehydes",3E-005,3E-005
,ARTICHOKE,Vegetables,nonanal (=pelargonaldehyde),"Carbonyls, aldehydes",0.0001,0.0001
,ARTICHOKE,Vegetables,(E)-2-nonenal,"Carbonyls, aldehydes",3E-005,3E-005
,ARTICHOKE,Vegetables,decanal (=capraldehyde),"Carbonyls, aldehydes",7E-005,7E-005
,ARTICHOKE,Vegetables,benzaldehyde,"Carbonyls, aldehydes",0.00014,0.00014
,ARTICHOKE,Vegetables,phenylacetaldehyde (=benzeneacetaldehyde),"Carbonyls, aldehydes",0.0012,0.0028
,ARTICHOKE,Vegetables,"2,3-butanedione (=diacetyl)","Carbonyls, ketones",2E-005,3E-005
,ARTICHOKE,Vegetables,2-pentanone,"Carbonyls, ketones",2E-005,2E-005
,ARTICHOKE,Vegetables,1-hexen-3-one,"Carbonyls, ketones",0.00014,0.00014
,ARTICHOKE,Vegetables,1-octen-3-one,"Carbonyls, ketones",0.0001,0.0001
,ARTICHOKE,Vegetables,pyridine,Bases,1E-005,0.0001
,ARTICHOKE,Vegetables,2-acetylthiazole,Sulfur compounds,2E-005,2E-005
,ARTICHOKE,Vegetables,dichloromethane (=methylene chloride),Halogens,<0.0001,<0.0001
,ARTICHOKE,Vegetables,trichloromethane (=chloroform),Halogens,0.0002,0.0002
,ARTICHOKE,Vegetables,tetrachloromethane (=carbon tetrachloride),Halogens,2E-005,2E-005
,ARTICHOKE,Vegetables,"methoxybenzene (=anisole, methyl phenyl ether)",Phenols,8E-005,8E-005
,ARTICHOKE,Vegetables,eugenol (=4-allyl-2-methoxyphenol),Phenols,0.00034,0.00085
,ARTICHOKE,Vegetables,2-pentylfuran,Furans,0.00015,0.00015
,ARTICHOKE,Vegetables,pentylfuran (unkn.str.),Furans,2E-005,2E-005
,ARTICHOKE,Vegetables,"furfural (=2-formylfuran, 2-furancarbaldehyde, 2-furaldehyde)",Furans,0.0001,0.00034
,ARTICHOKE,Vegetables,"linalool oxide D (cis, 6-ring)","(Ep)oxides, pyrans, coumarins",9E-005,9E-005
GLOBE ARTICHOKE (Cynara scolymus L.),ARTICHOKE,Vegetables,ethylcyclohexane,Hydrocarbons,0.0001,0.0001
GLOBE ARTICHOKE (Cynara scolymus L.),ARTICHOKE,Vegetables,dimethylcyclohexane (unkn.str.),Hydrocarbons,0.0002,0.0002
GLOBE ARTICHOKE (Cynara scolymus L.),ARTICHOKE,Vegetables,limonene,Hydrocarbons,<0.0001,<0.0001
GLOBE ARTICHOKE (Cynara scolymus L.),ARTICHOKE,Vegetables,β-elemene,Hydrocarbons,0.0011,0.0011
GLOBE ARTICHOKE (Cynara scolymus L.),ARTICHOKE,Vegetables,α-humulene (=humulene),Hydrocarbons,0.00017,0.0002
GLOBE ARTICHOKE (Cynara scolymus L.),ARTICHOKE,Vegetables,ε-muurolene,Hydrocarbons,<0.0001,<0.0001
GLOBE ARTICHOKE (Cynara scolymus L.),ARTICHOKE,Vegetables,"β-selinene (=4(14),11-selinadiene)",Hydrocarbons,0.0068,0.007
GLOBE ARTICHOKE (Cynara scolymus L.),ARTICHOKE,Vegetables,valencene,Hydrocarbons,0.0001,0.0001
GLOBE ARTICHOKE (Cynara scolymus L.),ARTICHOKE,Vegetables,β-caryophyllene,Hydrocarbons,0.0032,0.0032
GLOBE ARTICHOKE (Cynara scolymus L.),ARTICHOKE,Vegetables,α-cedrene,Hydrocarbons,0.0007,0.0007
GLOBE ARTICHOKE (Cynara scolymus L.),ARTICHOKE,Vegetables,calarene,Hydrocarbons,<0.0001,<0.0001
GLOBE ARTICHOKE (Cynara scolymus L.),ARTICHOKE,Vegetables,longifolene,Hydrocarbons,0.0003,0.0003
GLOBE ARTICHOKE (Cynara scolymus L.),ARTICHOKE,Vegetables,benzene,Hydrocarbons,trace,trace
GLOBE ARTICHOKE (Cynara scolymus L.),ARTICHOKE,Vegetables,methylbenzene (=toluene),Hydrocarbons,0.0001,0.0001
GLOBE ARTICHOKE (Cynara scolymus L.),ARTICHOKE,Vegetables,"1,2-dimethylbenzene (=o-xylene)",Hydrocarbons,<0.0001,<0.0001
GLOBE ARTICHOKE (Cynara scolymus L.),ARTICHOKE,Vegetables,dimethylbenzene (unkn.str.) (=xylene (unkn.str.)),Hydrocarbons,<0.0001,<0.0001
GLOBE ARTICHOKE (Cynara scolymus L.),ARTICHOKE,Vegetables,2-methyl-1-butanol (=active amyl alcohol),Alcohols,,
GLOBE ARTICHOKE (Cynara scolymus L.),ARTICHOKE,Vegetables,3-methyl-1-butanol (=isoamyl alcohol),Alcohols,,
GLOBE ARTICHOKE (Cynara scolymus L.),ARTICHOKE,Vegetables,3-methyl-2-buten-1-ol (=prenol),Alcohols,0.00037,0.00037
GLOBE ARTICHOKE (Cynara scolymus L.),ARTICHOKE,Vegetables,1-hexanol,Alcohols,0.0001,0.00046
GLOBE ARTICHOKE (Cynara scolymus L.),ARTICHOKE,Vegetables,(E)-2-hexen-1-ol,Alcohols,0.0002,0.00022
GLOBE ARTICHOKE (Cynara scolymus L.),ARTICHOKE,Vegetables,(Z)-3-hexen-1-ol (=leaf alcohol),Alcohols,<0.0001,0.0006
GLOBE ARTICHOKE (Cynara scolymus L.),ARTICHOKE,Vegetables,linalool,Alcohols,7E-005,7E-005
GLOBE ARTICHOKE (Cynara scolymus L.),ARTICHOKE,Vegetables,benzyl alcohol (=benzenemethanol),Alcohols,0.00017,0.0059
GLOBE ARTICHOKE (Cynara scolymus L.),ARTICHOKE,Vegetables,2-phenylethanol (=phenethyl alcohol),Alcohols,<0.0001,<0.0001
GLOBE ARTICHOKE (Cynara scolymus L.),ARTICHOKE,Vegetables,α-terpineol,Alcohols,3E-005,3E-005
GLOBE ARTICHOKE (Cynara scolymus L.),ARTICHOKE,Vegetables,pentanal (=valeraldehyde),"Carbonyls, aldehydes",trace,3E-005
GLOBE ARTICHOKE (Cynara scolymus L.),ARTICHOKE,Vegetables,hexanal (=capronaldehyde),"Carbonyls, aldehydes",9E-005,0.0003
GLOBE ARTICHOKE (Cynara scolymus L.),ARTICHOKE,Vegetables,(E)-2-hexenal (=leaf aldehyde),"Carbonyls, aldehydes",0.0002,0.00027
GLOBE ARTICHOKE (Cynara scolymus L.),ARTICHOKE,Vegetables,heptanal,"Carbonyls, aldehydes",3E-005,3E-005
GLOBE ARTICHOKE (Cynara scolymus L.),ARTICHOKE,Vegetables,octanal (=caprylaldehyde),"Carbonyls, aldehydes",3E-005,3E-005
GLOBE ARTICHOKE (Cynara scolymus L.),ARTICHOKE,Vegetables,nonanal (=pelargonaldehyde),"Carbonyls, aldehydes",0.0001,0.0001
GLOBE ARTICHOKE (Cynara scolymus L.),ARTICHOKE,Vegetables,(E)-2-nonenal,"Carbonyls, aldehydes",3E-005,3E-005
GLOBE ARTICHOKE (Cynara scolymus L.),ARTICHOKE,Vegetables,decanal (=capraldehyde),"Carbonyls, aldehydes",7E-005,7E-005
GLOBE ARTICHOKE (Cynara scolymus L.),ARTICHOKE,Vegetables,benzaldehyde,"Carbonyls, aldehydes",0.00014,0.00014
GLOBE ARTICHOKE (Cynara scolymus L.),ARTICHOKE,Vegetables,phenylacetaldehyde (=benzeneacetaldehyde),"Carbonyls, aldehydes",0.0012,0.0028
GLOBE ARTICHOKE (Cynara scolymus L.),ARTICHOKE,Vegetables,"2,3-butanedione (=diacetyl)","Carbonyls, ketones",2E-005,2E-005
GLOBE ARTICHOKE (Cynara scolymus L.),ARTICHOKE,Vegetables,2-pentanone,"Carbonyls, ketones",2E-005,2E-005
GLOBE ARTICHOKE (Cynara scolymus L.),ARTICHOKE,Vegetables,1-hexen-3-one,"Carbonyls, ketones",0.00014,0.00014
GLOBE ARTICHOKE (Cynara scolymus L.),ARTICHOKE,Vegetables,1-octen-3-one,"Carbonyls, ketones",0.0001,0.0001
GLOBE ARTICHOKE (Cynara scolymus L.),ARTICHOKE,Vegetables,pyridine,Bases,3E-005,0.0001
GLOBE ARTICHOKE (Cynara scolymus L.),ARTICHOKE,Vegetables,2-acetylthiazole,Sulfur compounds,2E-005,2E-005
GLOBE ARTICHOKE (Cynara scolymus L.),ARTICHOKE,Vegetables,dichloromethane (=methylene chloride),Halogens,<0.0001,<0.0001
GLOBE ARTICHOKE (Cynara scolymus L.),ARTICHOKE,Vegetables,trichloromethane (=chloroform),Halogens,0.0002,0.0002
GLOBE ARTICHOKE (Cynara scolymus L.),ARTICHOKE,Vegetables,eugenol (=4-allyl-2-methoxyphenol),Phenols,0.00034,0.00085
GLOBE ARTICHOKE (Cynara scolymus L.),ARTICHOKE,Vegetables,2-pentylfuran,Furans,0.00015,0.00015
GLOBE ARTICHOKE (Cynara scolymus L.),ARTICHOKE,Vegetables,"furfural (=2-formylfuran, 2-furancarbaldehyde, 2-furaldehyde)",Furans,<0.0001,0.00034
GLOBE ARTICHOKE (Cynara scolymus L.),ARTICHOKE,Vegetables,"linalool oxide D (cis, 6-ring)","(Ep)oxides, pyrans, coumarins",9E-005,9E-005
JERUSALEM ARTICHOKE (Helianthus tuberosus),ARTICHOKE,Vegetables,hexadecane,Hydrocarbons,2E-005,2E-005
JERUSALEM ARTICHOKE (Helianthus tuberosus),ARTICHOKE,Vegetables,heptadecane,Hydrocarbons,7E-005,7E-005
JERUSALEM ARTICHOKE (Helianthus tuberosus),ARTICHOKE,Vegetables,octadecane,Hydrocarbons,3E-005,3E-005
JERUSALEM ARTICHOKE (Helianthus tuberosus),ARTICHOKE,Vegetables,nonadecane,Hydrocarbons,0.00011,0.00011
JERUSALEM ARTICHOKE (Helianthus tuberosus),ARTICHOKE,Vegetables,eicosane,Hydrocarbons,0.00018,0.00018
JERUSALEM ARTICHOKE (Helianthus tuberosus),ARTICHOKE,Vegetables,β-farnesene,Hydrocarbons,0.00013,0.00013
JERUSALEM ARTICHOKE (Helianthus tuberosus),ARTICHOKE,Vegetables,vinylcyclohexene (unkn.str.),Hydrocarbons,trace,trace
JERUSALEM ARTICHOKE (Helianthus tuberosus),ARTICHOKE,Vegetables,β-bisabolene,Hydrocarbons,0.00262,0.00262
JERUSALEM ARTICHOKE (Helianthus tuberosus),ARTICHOKE,Vegetables,benzene,Hydrocarbons,0.00014,0.00014
JERUSALEM ARTICHOKE (Helianthus tuberosus),ARTICHOKE,Vegetables,methylbenzene (=toluene),Hydrocarbons,1E-005,1E-005
JERUSALEM ARTICHOKE (Helianthus tuberosus),ARTICHOKE,Vegetables,propylbenzene,Hydrocarbons,2E-005,2E-005
JERUSALEM ARTICHOKE (Helianthus tuberosus),ARTICHOKE,Vegetables,dimethylbenzene (unkn.str.) (=xylene (unkn.str.)),Hydrocarbons,5E-005,5E-005
JERUSALEM ARTICHOKE (Helianthus tuberosus),ARTICHOKE,Vegetables,1-hexanol,Alcohols,3E-005,3E-005
JERUSALEM ARTICHOKE (Helianthus tuberosus),ARTICHOKE,Vegetables,hexanal (=capronaldehyde),"Carbonyls, aldehydes",4E-005,4E-005
JERUSALEM ARTICHOKE (Helianthus tuberosus),ARTICHOKE,Vegetables,"2,3-butanedione (=diacetyl)","Carbonyls, ketones",3E-005,3E-005
JERUSALEM ARTICHOKE (Helianthus tuberosus),ARTICHOKE,Vegetables,pyridine,Bases,1E-005,1E-005
JERUSALEM ARTICHOKE (Helianthus tuberosus),ARTICHOKE,Vegetables,tetrachloromethane (=carbon tetrachloride),Halogens,2E-005,2E-005
JERUSALEM ARTICHOKE (Helianthus tuberosus),ARTICHOKE,Vegetables,"methoxybenzene (=anisole, methyl phenyl ether)",Phenols,8E-005,8E-005
JERUSALEM ARTICHOKE (Helianthus tuberosus),ARTICHOKE,Vegetables,pentylfuran (unkn.str.),Furans,2E-005,2E-005
JERUSALEM ARTICHOKE (Helianthus tuberosus),ARTICHOKE,Vegetables,"furfural (=2-formylfuran, 2-furancarbaldehyde, 2-furaldehyde)",Furans,0.0001,0.0001
"KELP (Laminaria angustata, brown algae)",,Seafood,pentadecane,Hydrocarbons,0.59,0.59
"KELP (Laminaria angustata, brown algae)",,Seafood,butylbenzene,Hydrocarbons,3.51,3.51
"KELP (Laminaria angustata, brown algae)",,Seafood,naphthalene,Hydrocarbons,0.09,0.09
"KELP (Laminaria angustata, brown algae)",,Seafood,1-hexanol,Alcohols,0.8,0.8
"KELP (Laminaria angustata, brown algae)",,Seafood,(Z)-3-hexen-1-ol (=leaf alcohol),Alcohols,0.06,0.06
"KELP (Laminaria angustata, brown algae)",,Seafood,3-octanol,Alcohols,0.21,0.21
"KELP (Laminaria angustata, brown algae)",,Seafood,(E)-2-octen-1-ol,Alcohols,0.07,0.07
"KELP (Laminaria angustata, brown algae)",,Seafood,1-octen-3-ol,Alcohols,2.75,2.75
"KELP (Laminaria angustata, brown algae)",,Seafood,(E)-2-nonen-1-ol,Alcohols,5.86,5.86
"KELP (Laminaria angustata, brown algae)",,Seafood,"(E,Z)-2,6-nonadien-1-ol",Alcohols,1.87,1.87
"KELP (Laminaria angustata, brown algae)",,Seafood,1-decanol,Alcohols,0.11,0.11
"KELP (Laminaria angustata, brown algae)",,Seafood,1-tridecanol,Alcohols,0.31,0.31
"KELP (Laminaria angustata, brown algae)",,Seafood,"(E)-3,7,11,15-tetramethyl-2-hexadecen-1-ol (=phytol)",Alcohols,0.84,0.84
"KELP (Laminaria angustata, brown algae)",,Seafood,α-cadinol,Alcohols,0.93,0.93
"KELP (Laminaria angustata, brown algae)",,Seafood,cubenol,Alcohols,8.79,8.79
"KELP (Laminaria angustata, brown algae)",,Seafood,hexanal (=capronaldehyde),"Carbonyls, aldehydes",0.07,0.07
"KELP (Laminaria angustata, brown algae)",,Seafood,(E)-2-hexenal (=leaf aldehyde),"Carbonyls, aldehydes",0.08,0.08
"KELP (Laminaria angustata, brown algae)",,Seafood,heptanal,"Carbonyls, aldehydes",0.09,0.09
"KELP (Laminaria angustata, brown algae)",,Seafood,(E)-2-heptenal,"Carbonyls, aldehydes",0.05,0.05
"KELP (Laminaria angustata, brown algae)",,Seafood,"(E,E)-2,4-heptadienal","Carbonyls, aldehydes",0.1,0.1
"KELP (Laminaria angustata, brown algae)",,Seafood,(E)-2-octenal,"Carbonyls, aldehydes",0.6,0.6
"KELP (Laminaria angustata, brown algae)",,Seafood,(E)-2-nonenal,"Carbonyls, aldehydes",8.61,8.61
"KELP (Laminaria angustata, brown algae)",,Seafood,"(E,E)-2,4-nonadienal","Carbonyls, aldehydes",0.07,0.07
"KELP (Laminaria angustata, brown algae)",,Seafood,"(E,Z)-2,6-nonadienal","Carbonyls, aldehydes",2.3,2.3
"KELP (Laminaria angustata, brown algae)",,Seafood,"(E,Z)-2,4-decadienal","Carbonyls, aldehydes",0.42,0.42
"KELP (Laminaria angustata, brown algae)",,Seafood,"(E,E)-2,4-decadienal","Carbonyls, aldehydes",1.19,1.19
"KELP (Laminaria angustata, brown algae)",,Seafood,dodecanal,"Carbonyls, aldehydes",0.2,0.2
"KELP (Laminaria angustata, brown algae)",,Seafood,tridecanal,"Carbonyls, aldehydes",2.46,2.46
"KELP (Laminaria angustata, brown algae)",,Seafood,1-octen-3-one,"Carbonyls, ketones",0.38,0.38
"KELP (Laminaria angustata, brown algae)",,Seafood,(E)-β-ionone,"Carbonyls, ketones",1.16,1.16
"KELP (Laminaria angustata, brown algae)",,Seafood,tetradecanoic acid (=myristic acid),Acids,11.34,11.34
"KELP (Laminaria angustata, brown algae)",,Seafood,hexadecanoic acid (=palmitic acid),Acids,2.77,2.77
"KELP (Laminaria angustata, brown algae)",,Seafood,15-hexadecenoic acid,Acids,0.91,0.91
"KELP (Laminaria angustata, brown algae)",,Seafood,(Z)-9-octadecenoic acid (=oleic acid),Acids,0.55,0.55
"KELP (Laminaria angustata, brown algae)",,Seafood,dibutyl phthalate,Esters,2.3,2.3
"KELP (Laminaria angustata, brown algae)",,Seafood,"4-hydroxynonanoic acid lactone (=4-nonanolide, γ-nonalactone)",Lactones,0.07,0.07
"KELP (Laminaria angustata, brown algae)",,Seafood,benzothiazole,Sulfur compounds,0.28,0.28
CARDAMOM (Ellettaria cardamomum Maton.),,Spices & Condiments,"4,8-dimethyl-1,3,7-nonatriene",Hydrocarbons,trace,trace
CARDAMOM (Ellettaria cardamomum Maton.),,Spices & Condiments,"(E)-4,8-dimethyl-1,3,7-nonatriene",Hydrocarbons,,
CARDAMOM (Ellettaria cardamomum Maton.),,Spices & Condiments,"(E,E)-4,8,12-trimethyl-1,3,7,11-tridecatetraene",Hydrocarbons,1500,1500
CARDAMOM (Ellettaria cardamomum Maton.),,Spices & Condiments,(Z)-β-ocimene,Hydrocarbons,trace,600
CARDAMOM (Ellettaria cardamomum Maton.),,Spices & Condiments,(E)-β-ocimene,Hydrocarbons,trace,1300
CARDAMOM (Ellettaria cardamomum Maton.),,Spices & Condiments,β-myrcene (=myrcene),Hydrocarbons,9600,26000
CARDAMOM (Ellettaria cardamomum Maton.),,Spices & Condiments,"(E,E)-α-farnesene (=α-farnesene)",Hydrocarbons,trace,trace
CARDAMOM (Ellettaria cardamomum Maton.),,Spices & Condiments,α-phellandrene,Hydrocarbons,trace,2100
CARDAMOM (Ellettaria cardamomum Maton.),,Spices & Condiments,α-terpinene,Hydrocarbons,1000,2000
CARDAMOM (Ellettaria cardamomum Maton.),,Spices & Condiments,γ-terpinene,Hydrocarbons,300,112000
CARDAMOM (Ellettaria cardamomum Maton.),,Spices & Condiments,terpinolene,Hydrocarbons,2000,3600
CARDAMOM (Ellettaria cardamomum Maton.),,Spices & Condiments,limonene,Hydrocarbons,200,118500
CARDAMOM (Ellettaria cardamomum Maton.),,Spices & Condiments,"p-1,3,8-menthatriene",Hydrocarbons,trace,trace
CARDAMOM (Ellettaria cardamomum Maton.),,Spices & Condiments,"1,4,8-menthatriene",Hydrocarbons,trace,trace
CARDAMOM (Ellettaria cardamomum Maton.),,Spices & Condiments,β-elemene,Hydrocarbons,300,300
CARDAMOM (Ellettaria cardamomum Maton.),,Spices & Condiments,germacrene D,Hydrocarbons,300,300
CARDAMOM (Ellettaria cardamomum Maton.),,Spices & Condiments,α-humulene (=humulene),Hydrocarbons,100,100
CARDAMOM (Ellettaria cardamomum Maton.),,Spices & Condiments,α-pinene,Hydrocarbons,5900,130000
CARDAMOM (Ellettaria cardamomum Maton.),,Spices & Condiments,β-pinene,Hydrocarbons,1500,12500
CARDAMOM (Ellettaria cardamomum Maton.),,Spices & Condiments,camphene,Hydrocarbons,trace,1000
CARDAMOM (Ellettaria cardamomum Maton.),,Spices & Condiments,α-fenchene,Hydrocarbons,trace,trace
CARDAMOM (Ellettaria cardamomum Maton.),,Spices & Condiments,α-thujene,Hydrocarbons,trace,38000
CARDAMOM (Ellettaria cardamomum Maton.),,Spices & Condiments,sabinene (=4(10)-thujene),Hydrocarbons,10000,49000
CARDAMOM (Ellettaria cardamomum Maton.),,Spices & Condiments,3-carene,Hydrocarbons,trace,trace
CARDAMOM (Ellettaria cardamomum Maton.),,Spices & Condiments,γ-cadinene,Hydrocarbons,1200,1200
CARDAMOM (Ellettaria cardamomum Maton.),,Spices & Condiments,δ-cadinene,Hydrocarbons,300,300
CARDAMOM (Ellettaria cardamomum Maton.),,Spices & Condiments,γ-muurolene,Hydrocarbons,700,700
CARDAMOM (Ellettaria cardamomum Maton.),,Spices & Condiments,"α-selinene (=5β,7α,10α-selina-3,11-diene)",Hydrocarbons,800,800
CARDAMOM (Ellettaria cardamomum Maton.),,Spices & Condiments,"β-selinene (=4(14),11-selinadiene)",Hydrocarbons,2300,2300
CARDAMOM (Ellettaria cardamomum Maton.),,Spices & Condiments,valencene,Hydrocarbons,trace,trace
CARDAMOM (Ellettaria cardamomum Maton.),,Spices & Condiments,β-caryophyllene,Hydrocarbons,trace,100
CARDAMOM (Ellettaria cardamomum Maton.),,Spices & Condiments,α-copaene (=copaene),Hydrocarbons,,
CARDAMOM (Ellettaria cardamomum Maton.),,Spices & Condiments,α-ylangene (=ylangene),Hydrocarbons,,
CARDAMOM (Ellettaria cardamomum Maton.),,Spices & Condiments,β-gurjunene,Hydrocarbons,trace,trace
CARDAMOM (Ellettaria cardamomum Maton.),,Spices & Condiments,tricyclene,Hydrocarbons,trace,trace
CARDAMOM (Ellettaria cardamomum Maton.),,Spices & Condiments,(+)-cyclosativene,Hydrocarbons,,
CARDAMOM (Ellettaria cardamomum Maton.),,Spices & Condiments,methylbenzene (=toluene),Hydrocarbons,,
CARDAMOM (Ellettaria cardamomum Maton.),,Spices & Condiments,1-isopropyl-4-methylbenzene (=p-cymene),Hydrocarbons,trace,350000
CARDAMOM (Ellettaria cardamomum Maton.),,Spices & Condiments,"1-isopropenyl-4-methylbenzene (=α,p-dimethyl styrene, p-cymenene, dehydro-p-cymene)",Hydrocarbons,trace,trace
CARDAMOM (Ellettaria cardamomum Maton.),,Spices & Condiments,2-methyl-1-propanol (=isobutanol),Alcohols,trace,trace
CARDAMOM (Ellettaria cardamomum Maton.),,Spices & Condiments,2-methyl-1-butanol (=active amyl alcohol),Alcohols,100,100
CARDAMOM (Ellettaria cardamomum Maton.),,Spices & Condiments,3-methyl-1-butanol (=isoamyl alcohol),Alcohols,,
CARDAMOM (Ellettaria cardamomum Maton.),,Spices & Condiments,2-methyl-3-buten-2-ol,Alcohols,trace,trace
CARDAMOM (Ellettaria cardamomum Maton.),,Spices & Condiments,1-hexanol,Alcohols,trace,trace
CARDAMOM (Ellettaria cardamomum Maton.),,Spices & Condiments,1-heptanol,Alcohols,trace,trace
CARDAMOM (Ellettaria cardamomum Maton.),,Spices & Condiments,1-octanol,Alcohols,2100,2100
CARDAMOM (Ellettaria cardamomum Maton.),,Spices & Condiments,1-nonanol,Alcohols,trace,trace
CARDAMOM (Ellettaria cardamomum Maton.),,Spices & Condiments,1-decanol,Alcohols,trace,trace
CARDAMOM (Ellettaria cardamomum Maton.),,Spices & Condiments,9-decen-1-ol,Alcohols,trace,trace
CARDAMOM (Ellettaria cardamomum Maton.),,Spices & Condiments,citronellol,Alcohols,trace,2900
CARDAMOM (Ellettaria cardamomum Maton.),,Spices & Condiments,geraniol,Alcohols,1400,26600
CARDAMOM (Ellettaria cardamomum Maton.),,Spices & Condiments,nerol,Alcohols,trace,4400
CARDAMOM (Ellettaria cardamomum Maton.),,Spices & Condiments,linalool,Alcohols,12000,59100
CARDAMOM (Ellettaria cardamomum Maton.),,Spices & Condiments,farnesol,Alcohols,100,1000
CARDAMOM (Ellettaria cardamomum Maton.),,Spices & Condiments,nerolidol,Alcohols,3000,16000
CARDAMOM (Ellettaria cardamomum Maton.),,Spices & Condiments,(E)-nerolidol,Alcohols,6800,25800
CARDAMOM (Ellettaria cardamomum Maton.),,Spices & Condiments,"4-isopropylbenzyl alcohol (=cumic alcohol, p-cymen-7-ol)",Alcohols,,
CARDAMOM (Ellettaria cardamomum Maton.),,Spices & Condiments,α-terpineol,Alcohols,8600,43000
CARDAMOM (Ellettaria cardamomum Maton.),,Spices & Condiments,β-terpineol,Alcohols,2000,2000
CARDAMOM (Ellettaria cardamomum Maton.),,Spices & Condiments,δ-terpineol,Alcohols,700,700
CARDAMOM (Ellettaria cardamomum Maton.),,Spices & Condiments,1-terpineol (=p-3-menthen-1-ol),Alcohols,,
CARDAMOM (Ellettaria cardamomum Maton.),,Spices & Condiments,4-terpineol (=terpinen-4-ol),Alcohols,1400,290000
CARDAMOM (Ellettaria cardamomum Maton.),,Spices & Condiments,cis-p-2-menthen-1-ol,Alcohols,1000,15000
CARDAMOM (Ellettaria cardamomum Maton.),,Spices & Condiments,trans-p-2-menthen-1-ol,Alcohols,trace,trace
CARDAMOM (Ellettaria cardamomum Maton.),,Spices & Condiments,isopiperitenol,Alcohols,trace,trace
CARDAMOM (Ellettaria cardamomum Maton.),,Spices & Condiments,"trans-p-2,8-menthadien-1-ol",Alcohols,100,100
CARDAMOM (Ellettaria cardamomum Maton.),,Spices & Condiments,"isocarveol (=p-1(7),8-menthadien-2-ol)",Alcohols,trace,trace
CARDAMOM (Ellettaria cardamomum Maton.),,Spices & Condiments,"cis-carveol (= cis-p-1(6),8-menthadien-2-ol)",Alcohols,500,500
CARDAMOM (Ellettaria cardamomum Maton.),,Spices & Condiments,"trans-carveol (=trans-p-1(6),8-menthadien-2-ol)",Alcohols,100,100
CARDAMOM (Ellettaria cardamomum Maton.),,Spices & Condiments,"limonen-4-ol (=p-1,8-menthadien-4-ol)",Alcohols,trace,trace
CARDAMOM (Ellettaria cardamomum Maton.),,Spices & Condiments,"perilla alcohol (=p-1,8-menthadien-7-ol)",Alcohols,trace,trace
CARDAMOM (Ellettaria cardamomum Maton.),,Spices & Condiments,borneol,Alcohols,100,6000
CARDAMOM (Ellettaria cardamomum Maton.),,Spices & Condiments,sabinene hydrate (=4-thujanol),Alcohols,trace,trace
CARDAMOM (Ellettaria cardamomum Maton.),,Spices & Condiments,trans-sabinene hydrate (=trans-4-thujanol),Alcohols,3000,25000
CARDAMOM (Ellettaria cardamomum Maton.),,Spices & Condiments,globulol,Alcohols,trace,trace
CARDAMOM (Ellettaria cardamomum Maton.),,Spices & Condiments,(E)-2-butenal,"Carbonyls, aldehydes",trace,trace
CARDAMOM (Ellettaria cardamomum Maton.),,Spices & Condiments,2-methylbutanal (=α-methylbutanal),"Carbonyls, aldehydes",100,100
CARDAMOM (Ellettaria cardamomum Maton.),,Spices & Condiments,"3-methylbutanal (=isopentanal, isovaleraldehyde)","Carbonyls, aldehydes",100,100
CARDAMOM (Ellettaria cardamomum Maton.),,Spices & Condiments,pentanal (=valeraldehyde),"Carbonyls, aldehydes",,
CARDAMOM (Ellettaria cardamomum Maton.),,Spices & Condiments,hexanal (=capronaldehyde),"Carbonyls, aldehydes",100,100
CARDAMOM (Ellettaria cardamomum Maton.),,Spices & Condiments,heptanal,"Carbonyls, aldehydes",trace,trace
CARDAMOM (Ellettaria cardamomum Maton.),,Spices & Condiments,octanal (=caprylaldehyde),"Carbonyls, aldehydes",200,200
CARDAMOM (Ellettaria cardamomum Maton.),,Spices & Condiments,(E)-2-octenal,"Carbonyls, aldehydes",trace,trace
CARDAMOM (Ellettaria cardamomum Maton.),,Spices & Condiments,nonanal (=pelargonaldehyde),"Carbonyls, aldehydes",trace,trace
CARDAMOM (Ellettaria cardamomum Maton.),,Spices & Condiments,decanal (=capraldehyde),"Carbonyls, aldehydes",trace,trace
CARDAMOM (Ellettaria cardamomum Maton.),,Spices & Condiments,(E)-2-decenal,"Carbonyls, aldehydes",trace,trace
CARDAMOM (Ellettaria cardamomum Maton.),,Spices & Condiments,(Z)-4-decenal,"Carbonyls, aldehydes",trace,trace
CARDAMOM (Ellettaria cardamomum Maton.),,Spices & Condiments,(E)-5-dodecenal,"Carbonyls, aldehydes",1000,1000
CARDAMOM (Ellettaria cardamomum Maton.),,Spices & Condiments,"(E,Z)-2,6-dodecadienal","Carbonyls, aldehydes",trace,trace
CARDAMOM (Ellettaria cardamomum Maton.),,Spices & Condiments,"citronellal (=3,7-dimethyl-6-octenal)","Carbonyls, aldehydes",trace,trace
CARDAMOM (Ellettaria cardamomum Maton.),,Spices & Condiments,geranial (=α-citral),"Carbonyls, aldehydes",1300,4300
CARDAMOM (Ellettaria cardamomum Maton.),,Spices & Condiments,neral (=β-citral),"Carbonyls, aldehydes",800,3300
CARDAMOM (Ellettaria cardamomum Maton.),,Spices & Condiments,farnesal,"Carbonyls, aldehydes",500,500
CARDAMOM (Ellettaria cardamomum Maton.),,Spices & Condiments,4-isopropylbenzaldehyde (=cuminaldehyde),"Carbonyls, aldehydes",,
CARDAMOM (Ellettaria cardamomum Maton.),,Spices & Condiments,6-methyl-5-hepten-2-one,"Carbonyls, ketones",trace,trace
CARDAMOM (Ellettaria cardamomum Maton.),,Spices & Condiments,methylheptenone (unkn.str.),"Carbonyls, ketones",trace,4000
CARDAMOM (Ellettaria cardamomum Maton.),,Spices & Condiments,2-undecanone,"Carbonyls, ketones",trace,trace
CARDAMOM (Ellettaria cardamomum Maton.),,Spices & Condiments,"(E)-6,10-dimethyl-5,9-undecadien-2-one (=geranylacetone)","Carbonyls, ketones",trace,trace
CARDAMOM (Ellettaria cardamomum Maton.),,Spices & Condiments,"6,10,14-trimethyl-5,9,13-pentadecatrien-2-one (=farnesylacetone)","Carbonyls, ketones",trace,trace
CARDAMOM (Ellettaria cardamomum Maton.),,Spices & Condiments,α-ionone,"Carbonyls, ketones",trace,trace
CARDAMOM (Ellettaria cardamomum Maton.),,Spices & Condiments,"piperitenone (=p-1,4(8)-menthadien-3-one)","Carbonyls, ketones",trace,trace
CARDAMOM (Ellettaria cardamomum Maton.),,Spices & Condiments,"carvone (=p-6,8-menthadien-2-one)","Carbonyls, ketones",,
CARDAMOM (Ellettaria cardamomum Maton.),,Spices & Condiments,camphor (=alcanfor),"Carbonyls, ketones",trace,trace
CARDAMOM (Ellettaria cardamomum Maton.),,Spices & Condiments,acetic acid,Acids,,
CARDAMOM (Ellettaria cardamomum Maton.),,Spices & Condiments,propanoic acid (=propionic acid),Acids,,
CARDAMOM (Ellettaria cardamomum Maton.),,Spices & Condiments,butanoic acid (=butyric acid),Acids,,
CARDAMOM (Ellettaria cardamomum Maton.),,Spices & Condiments,2-methylbutanoic acid,Acids,,
CARDAMOM (Ellettaria cardamomum Maton.),,Spices & Condiments,3-methylbutanoic acid (=isovaleric acid),Acids,,
CARDAMOM (Ellettaria cardamomum Maton.),,Spices & Condiments,octanoic acid (=caprylic acid),Acids,,
CARDAMOM (Ellettaria cardamomum Maton.),,Spices & Condiments,decanoic acid (=capric acid),Acids,,
CARDAMOM (Ellettaria cardamomum Maton.),,Spices & Condiments,dodecanoic acid (=lauric acid),Acids,,
CARDAMOM (Ellettaria cardamomum Maton.),,Spices & Condiments,tetradecanoic acid (=myristic acid),Acids,,
CARDAMOM (Ellettaria cardamomum Maton.),,Spices & Condiments,pentadecanoic acid,Acids,,
CARDAMOM (Ellettaria cardamomum Maton.),,Spices & Condiments,hexadecanoic acid (=palmitic acid),Acids,trace,trace
CARDAMOM (Ellettaria cardamomum Maton.),,Spices & Condiments,octadecanoic acid (=stearic acid),Acids,trace,trace
CARDAMOM (Ellettaria cardamomum Maton.),,Spices & Condiments,(Z)-9-octadecenoic acid (=oleic acid),Acids,,
CARDAMOM (Ellettaria cardamomum Maton.),,Spices & Condiments,"(Z,Z)-9,12-octadecadienoic acid (=linoleic acid)",Acids,,
CARDAMOM (Ellettaria cardamomum Maton.),,Spices & Condiments,eicosanoic acid (=arachidic acid),Acids,trace,trace
CARDAMOM (Ellettaria cardamomum Maton.),,Spices & Condiments,octyl acetate,Esters,100,100
CARDAMOM (Ellettaria cardamomum Maton.),,Spices & Condiments,decyl acetate,Esters,100,100
CARDAMOM (Ellettaria cardamomum Maton.),,Spices & Condiments,dodecyl acetate (=lauryl acetate),Esters,trace,trace
CARDAMOM (Ellettaria cardamomum Maton.),,Spices & Condiments,geranyl acetate,Esters,800,15000
CARDAMOM (Ellettaria cardamomum Maton.),,Spices & Condiments,neryl acetate,Esters,trace,6000
CARDAMOM (Ellettaria cardamomum Maton.),,Spices & Condiments,linalyl acetate,Esters,2000,60000
CARDAMOM (Ellettaria cardamomum Maton.),,Spices & Condiments,dihydro-α-terpinyl acetate,Esters,,
CARDAMOM (Ellettaria cardamomum Maton.),,Spices & Condiments,α-terpinyl acetate,Esters,1400,525000
CARDAMOM (Ellettaria cardamomum Maton.),,Spices & Condiments,cis-6-hydroxy-α-terpinyl acetate,Esters,,
CARDAMOM (Ellettaria cardamomum Maton.),,Spices & Condiments,trans-6-hydroxy-α-terpinyl acetate,Esters,,
CARDAMOM (Ellettaria cardamomum Maton.),,Spices & Condiments,"cis-p-2-menthene-1,8-diol, 8-acetate",Esters,,
CARDAMOM (Ellettaria cardamomum Maton.),,Spices & Condiments,"trans-p-2-menthene-1,8-diol, 8-acetate",Esters,,
CARDAMOM (Ellettaria cardamomum Maton.),,Spices & Condiments,"cis-1,2-epoxy-α-terpinyl acetate",Esters,,
CARDAMOM (Ellettaria cardamomum Maton.),,Spices & Condiments,"trans-1,2-epoxy-α-terpinyl acetate",Esters,,
CARDAMOM (Ellettaria cardamomum Maton.),,Spices & Condiments,4-terpinenyl acetate,Esters,<100,23000
CARDAMOM (Ellettaria cardamomum Maton.),,Spices & Condiments,6-oxo-α-terpinyl 8-acetate (=8-acetoxycarvotanacetone),Esters,,
CARDAMOM (Ellettaria cardamomum Maton.),,Spices & Condiments,bornyl acetate,Esters,300,300
CARDAMOM (Ellettaria cardamomum Maton.),,Spices & Condiments,4-thujyl acetate,Esters,trace,trace
CARDAMOM (Ellettaria cardamomum Maton.),,Spices & Condiments,geranyl propanoate,Esters,100,100
CARDAMOM (Ellettaria cardamomum Maton.),,Spices & Condiments,neryl propanoate,Esters,trace,trace
CARDAMOM (Ellettaria cardamomum Maton.),,Spices & Condiments,α-terpinyl propanoate,Esters,trace,1000
CARDAMOM (Ellettaria cardamomum Maton.),,Spices & Condiments,ethyl 2-hydroxyhexanoate,Esters,trace,trace
CARDAMOM (Ellettaria cardamomum Maton.),,Spices & Condiments,menthyl cinnamate,Esters,trace,trace
CARDAMOM (Ellettaria cardamomum Maton.),,Spices & Condiments,"1,4-cineole",Ethers,2000,2000
CARDAMOM (Ellettaria cardamomum Maton.),,Spices & Condiments,"1,8-cineole (=eucalyptol)",Ethers,15000,513000
CARDAMOM (Ellettaria cardamomum Maton.),,Spices & Condiments,"2,3-dehydro-1,8-cineole",Ethers,200,200
CARDAMOM (Ellettaria cardamomum Maton.),,Spices & Condiments,2-methylphenol (=o-cresol),Phenols,,
CARDAMOM (Ellettaria cardamomum Maton.),,Spices & Condiments,4-methylphenol (=p-cresol),Phenols,,
CARDAMOM (Ellettaria cardamomum Maton.),,Spices & Condiments,thymol (=2-isopropyl-5-methylphenol),Phenols,trace,trace
CARDAMOM (Ellettaria cardamomum Maton.),,Spices & Condiments,carvacrol (=5-isopropyl-2-methylphenol),Phenols,trace,trace
CARDAMOM (Ellettaria cardamomum Maton.),,Spices & Condiments,"methyleugenol (=4-allyl-1,2-dimethoxybenzene)",Phenols,,
CARDAMOM (Ellettaria cardamomum Maton.),,Spices & Condiments,3-(4-methyl-3-pentenyl)furan (=perillene),Furans,trace,trace
CARDAMOM (Ellettaria cardamomum Maton.),,Spices & Condiments,"furfural (=2-formylfuran, 2-furancarbaldehyde, 2-furaldehyde)",Furans,,
CARDAMOM (Ellettaria cardamomum Maton.),,Spices & Condiments,(E)-ocimene oxide (unkn.str.),"(Ep)oxides, pyrans, coumarins",trace,trace
CARDAMOM (Ellettaria cardamomum Maton.),,Spices & Condiments,"6,8-epoxy-p-1-menthene (=pinol)","(Ep)oxides, pyrans, coumarins",,
CARDAMOM (Ellettaria cardamomum Maton.),,Spices & Condiments,"limonene 1,2-oxide","(Ep)oxides, pyrans, coumarins",trace,trace
CARDAMOM (Ellettaria cardamomum Maton.),,Spices & Condiments,cis-linalool oxide (unkn.str.),"(Ep)oxides, pyrans, coumarins",200,200
CARDAMOM (Ellettaria cardamomum Maton.),,Spices & Condiments,trans-linalool oxide (unkn.str.),"(Ep)oxides, pyrans, coumarins",trace,trace
CORIANDER LEAF (Coriandrum sativum L.),,Spices & Condiments,nonane,Hydrocarbons,36000,36000
CORIANDER LEAF (Coriandrum sativum L.),,Spices & Condiments,β-myrcene (=myrcene),Hydrocarbons,2000,6000
CORIANDER LEAF (Coriandrum sativum L.),,Spices & Condiments,α-terpinene,Hydrocarbons,1000,1000
CORIANDER LEAF (Coriandrum sativum L.),,Spices & Condiments,γ-terpinene,Hydrocarbons,30000,45000
CORIANDER LEAF (Coriandrum sativum L.),,Spices & Condiments,terpinolene,Hydrocarbons,6000,6000
CORIANDER LEAF (Coriandrum sativum L.),,Spices & Condiments,limonene,Hydrocarbons,7000,14000
CORIANDER LEAF (Coriandrum sativum L.),,Spices & Condiments,α-humulene (=humulene),Hydrocarbons,1000,1000
CORIANDER LEAF (Coriandrum sativum L.),,Spices & Condiments,α-pinene,Hydrocarbons,18000,21000
CORIANDER LEAF (Coriandrum sativum L.),,Spices & Condiments,β-pinene,Hydrocarbons,2000,3000
CORIANDER LEAF (Coriandrum sativum L.),,Spices & Condiments,camphene,Hydrocarbons,2000,2000
CORIANDER LEAF (Coriandrum sativum L.),,Spices & Condiments,α-thujene,Hydrocarbons,1000,1000
CORIANDER LEAF (Coriandrum sativum L.),,Spices & Condiments,sabinene (=4(10)-thujene),Hydrocarbons,1000,1000
CORIANDER LEAF (Coriandrum sativum L.),,Spices & Condiments,β-caryophyllene,Hydrocarbons,3000,3000
CORIANDER LEAF (Coriandrum sativum L.),,Spices & Condiments,1-isopropyl-4-methylbenzene (=p-cymene),Hydrocarbons,11000,26000
CORIANDER LEAF (Coriandrum sativum L.),,Spices & Condiments,1-hexanol,Alcohols,trace,1000
CORIANDER LEAF (Coriandrum sativum L.),,Spices & Condiments,1-octanol,Alcohols,,
CORIANDER LEAF (Coriandrum sativum L.),,Spices & Condiments,1-nonanol,Alcohols,2000,2000
CORIANDER LEAF (Coriandrum sativum L.),,Spices & Condiments,1-decanol,Alcohols,13000,13000
CORIANDER LEAF (Coriandrum sativum L.),,Spices & Condiments,2-decen-1-ol,Alcohols,,
CORIANDER LEAF (Coriandrum sativum L.),,Spices & Condiments,(E)-2-decen-1-ol,Alcohols,24000,24000
CORIANDER LEAF (Coriandrum sativum L.),,Spices & Condiments,1-undecanol,Alcohols,,
CORIANDER LEAF (Coriandrum sativum L.),,Spices & Condiments,2-undecen-1-ol,Alcohols,,
CORIANDER LEAF (Coriandrum sativum L.),,Spices & Condiments,1-dodecanol,Alcohols,1000,1000
CORIANDER LEAF (Coriandrum sativum L.),,Spices & Condiments,2-dodecen-1-ol,Alcohols,,
CORIANDER LEAF (Coriandrum sativum L.),,Spices & Condiments,(E)-2-dodecen-1-ol,Alcohols,trace,trace
CORIANDER LEAF (Coriandrum sativum L.),,Spices & Condiments,2-tetradecen-1-ol,Alcohols,,
CORIANDER LEAF (Coriandrum sativum L.),,Spices & Condiments,geraniol,Alcohols,23000,23000
CORIANDER LEAF (Coriandrum sativum L.),,Spices & Condiments,nerol,Alcohols,1000,1000
CORIANDER LEAF (Coriandrum sativum L.),,Spices & Condiments,linalool,Alcohols,675000,675000
CORIANDER LEAF (Coriandrum sativum L.),,Spices & Condiments,menthol,Alcohols,15000,15000
CORIANDER LEAF (Coriandrum sativum L.),,Spices & Condiments,α-terpineol,Alcohols,4000,4000
CORIANDER LEAF (Coriandrum sativum L.),,Spices & Condiments,borneol,Alcohols,3000,3000
CORIANDER LEAF (Coriandrum sativum L.),,Spices & Condiments,pentanal (=valeraldehyde),"Carbonyls, aldehydes",4000,4000
CORIANDER LEAF (Coriandrum sativum L.),,Spices & Condiments,hexanal (=capronaldehyde),"Carbonyls, aldehydes",trace,trace
CORIANDER LEAF (Coriandrum sativum L.),,Spices & Condiments,(E)-2-hexenal (=leaf aldehyde),"Carbonyls, aldehydes",,
CORIANDER LEAF (Coriandrum sativum L.),,Spices & Condiments,octanal (=caprylaldehyde),"Carbonyls, aldehydes",5000,5000
CORIANDER LEAF (Coriandrum sativum L.),,Spices & Condiments,3-octenal,"Carbonyls, aldehydes",,
CORIANDER LEAF (Coriandrum sativum L.),,Spices & Condiments,nonanal (=pelargonaldehyde),"Carbonyls, aldehydes",1000,1000
CORIANDER LEAF (Coriandrum sativum L.),,Spices & Condiments,(E)-2-nonenal,"Carbonyls, aldehydes",,
CORIANDER LEAF (Coriandrum sativum L.),,Spices & Condiments,8-methyl-2-nonenal,"Carbonyls, aldehydes",,
CORIANDER LEAF (Coriandrum sativum L.),,Spices & Condiments,8-methyl-5-nonenal,"Carbonyls, aldehydes",,
CORIANDER LEAF (Coriandrum sativum L.),,Spices & Condiments,decanal (=capraldehyde),"Carbonyls, aldehydes",132000,148000
CORIANDER LEAF (Coriandrum sativum L.),,Spices & Condiments,2-decenal,"Carbonyls, aldehydes",270000,270000
CORIANDER LEAF (Coriandrum sativum L.),,Spices & Condiments,(E)-2-decenal,"Carbonyls, aldehydes",268000,268000
CORIANDER LEAF (Coriandrum sativum L.),,Spices & Condiments,(Z)-4-decenal,"Carbonyls, aldehydes",,
CORIANDER LEAF (Coriandrum sativum L.),,Spices & Condiments,5-decenal,"Carbonyls, aldehydes",trace,trace
CORIANDER LEAF (Coriandrum sativum L.),,Spices & Condiments,9-decenal,"Carbonyls, aldehydes",,
CORIANDER LEAF (Coriandrum sativum L.),,Spices & Condiments,decenal (unkn.str.),"Carbonyls, aldehydes",,
CORIANDER LEAF (Coriandrum sativum L.),,Spices & Condiments,"2,4-decadienal","Carbonyls, aldehydes",,
CORIANDER LEAF (Coriandrum sativum L.),,Spices & Condiments,9-methyl-2-decenal,"Carbonyls, aldehydes",,
CORIANDER LEAF (Coriandrum sativum L.),,Spices & Condiments,undecanal,"Carbonyls, aldehydes",2000,7000
CORIANDER LEAF (Coriandrum sativum L.),,Spices & Condiments,2-undecenal,"Carbonyls, aldehydes",48000,48000
CORIANDER LEAF (Coriandrum sativum L.),,Spices & Condiments,(E)-2-undecenal,"Carbonyls, aldehydes",,
CORIANDER LEAF (Coriandrum sativum L.),,Spices & Condiments,6-undecenal,"Carbonyls, aldehydes",,
CORIANDER LEAF (Coriandrum sativum L.),,Spices & Condiments,10-undecenal,"Carbonyls, aldehydes",,
CORIANDER LEAF (Coriandrum sativum L.),,Spices & Condiments,"3,6-undecadienal","Carbonyls, aldehydes",,
CORIANDER LEAF (Coriandrum sativum L.),,Spices & Condiments,10-methyl-2-undecenal,"Carbonyls, aldehydes",,
CORIANDER LEAF (Coriandrum sativum L.),,Spices & Condiments,dodecanal,"Carbonyls, aldehydes",5000,6000
CORIANDER LEAF (Coriandrum sativum L.),,Spices & Condiments,2-dodecenal,"Carbonyls, aldehydes",55000,55000
CORIANDER LEAF (Coriandrum sativum L.),,Spices & Condiments,(E)-2-dodecenal,"Carbonyls, aldehydes",27000,27000
CORIANDER LEAF (Coriandrum sativum L.),,Spices & Condiments,4-dodecenal,"Carbonyls, aldehydes",,
CORIANDER LEAF (Coriandrum sativum L.),,Spices & Condiments,7-dodecenal,"Carbonyls, aldehydes",4000,4000
CORIANDER LEAF (Coriandrum sativum L.),,Spices & Condiments,dodecenal (unkn.str.),"Carbonyls, aldehydes",,
CORIANDER LEAF (Coriandrum sativum L.),,Spices & Condiments,11-dodecenal,"Carbonyls, aldehydes",,
CORIANDER LEAF (Coriandrum sativum L.),,Spices & Condiments,tridecanal,"Carbonyls, aldehydes",,
CORIANDER LEAF (Coriandrum sativum L.),,Spices & Condiments,2-tridecenal,"Carbonyls, aldehydes",20000,20000
CORIANDER LEAF (Coriandrum sativum L.),,Spices & Condiments,(E)-2-tridecenal,"Carbonyls, aldehydes",,
CORIANDER LEAF (Coriandrum sativum L.),,Spices & Condiments,8-tridecenal,"Carbonyls, aldehydes",,
CORIANDER LEAF (Coriandrum sativum L.),,Spices & Condiments,"5,8-tridecadienal","Carbonyls, aldehydes",,
CORIANDER LEAF (Coriandrum sativum L.),,Spices & Condiments,12-methyl-2-tridecenal,"Carbonyls, aldehydes",,
CORIANDER LEAF (Coriandrum sativum L.),,Spices & Condiments,tetradecanal,"Carbonyls, aldehydes",trace,trace
CORIANDER LEAF (Coriandrum sativum L.),,Spices & Condiments,(E)-2-tetradecenal,"Carbonyls, aldehydes",trace,trace
CORIANDER LEAF (Coriandrum sativum L.),,Spices & Condiments,9-tetradecenal,"Carbonyls, aldehydes",,
CORIANDER LEAF (Coriandrum sativum L.),,Spices & Condiments,13-tetradecenal,"Carbonyls, aldehydes",,
CORIANDER LEAF (Coriandrum sativum L.),,Spices & Condiments,pentadecanal,"Carbonyls, aldehydes",,
CORIANDER LEAF (Coriandrum sativum L.),,Spices & Condiments,2-pentadecenal,"Carbonyls, aldehydes",,
CORIANDER LEAF (Coriandrum sativum L.),,Spices & Condiments,10-pentadecenal,"Carbonyls, aldehydes",,
CORIANDER LEAF (Coriandrum sativum L.),,Spices & Condiments,2-hexadecenal,"Carbonyls, aldehydes",,
CORIANDER LEAF (Coriandrum sativum L.),,Spices & Condiments,heptadecanal,"Carbonyls, aldehydes",,
CORIANDER LEAF (Coriandrum sativum L.),,Spices & Condiments,menthone,"Carbonyls, ketones",13000,13000
CORIANDER LEAF (Coriandrum sativum L.),,Spices & Condiments,camphor (=alcanfor),"Carbonyls, ketones",89000,89000
CORIANDER LEAF (Coriandrum sativum L.),,Spices & Condiments,geranyl acetate,Esters,2000,17000
CORIANDER LEAF (Coriandrum sativum L.),,Spices & Condiments,menthyl acetate,Esters,1000,1000
CORIANDER LEAF (Coriandrum sativum L.),,Spices & Condiments,"1,8-cineole (=eucalyptol)",Ethers,1000,1000
CORIANDER LEAF (Coriandrum sativum L.),,Spices & Condiments,"linalool oxide B (cis, 5-ring)",Furans,3000,3000
CORIANDER LEAF (Coriandrum sativum L.),,Spices & Condiments,"cis-3-butyl-3a,4,5,6-tetrahydro-phthalide (=neocnidilide)",Anhydrides and phthalides,,
