Product,Product Category,Product Group,Compound,Compound Group,Quantity Lower Bound,Quantity Upper Bound
CORIANDER SEED (Coriandrum sativum L.),,Spices & Condiments,tetradecane,Hydrocarbons,,
CORIANDER SEED (Coriandrum sativum L.),,Spices & Condiments,eicosane,Hydrocarbons,,
CORIANDER SEED (Coriandrum sativum L.),,Spices & Condiments,6-methyldocosane,Hydrocarbons,,
CORIANDER SEED (Coriandrum sativum L.),,Spices & Condiments,(Z)-β-ocimene,Hydrocarbons,,
CORIANDER SEED (Coriandrum sativum L.),,Spices & Condiments,(E)-β-ocimene,Hydrocarbons,,
CORIANDER SEED (Coriandrum sativum L.),,Spices & Condiments,β-myrcene (=myrcene),Hydrocarbons,<1000,13500
CORIANDER SEED (Coriandrum sativum L.),,Spices & Condiments,(E)-β-farnesene,Hydrocarbons,,
CORIANDER SEED (Coriandrum sativum L.),,Spices & Condiments,α-phellandrene,Hydrocarbons,100,100
CORIANDER SEED (Coriandrum sativum L.),,Spices & Condiments,β-phellandrene,Hydrocarbons,500,1400
CORIANDER SEED (Coriandrum sativum L.),,Spices & Condiments,α-terpinene,Hydrocarbons,500,800
CORIANDER SEED (Coriandrum sativum L.),,Spices & Condiments,γ-terpinene,Hydrocarbons,<1000,101000
CORIANDER SEED (Coriandrum sativum L.),,Spices & Condiments,terpinolene,Hydrocarbons,900,26000
CORIANDER SEED (Coriandrum sativum L.),,Spices & Condiments,limonene,Hydrocarbons,16000,72800
CORIANDER SEED (Coriandrum sativum L.),,Spices & Condiments,(4R)-(+)-limonene,Hydrocarbons,,
CORIANDER SEED (Coriandrum sativum L.),,Spices & Condiments,(4S)-(-)-limonene,Hydrocarbons,,
CORIANDER SEED (Coriandrum sativum L.),,Spices & Condiments,ar-curcumene,Hydrocarbons,,
CORIANDER SEED (Coriandrum sativum L.),,Spices & Condiments,α-humulene (=humulene),Hydrocarbons,,
CORIANDER SEED (Coriandrum sativum L.),,Spices & Condiments,α-pinene,Hydrocarbons,6000,83000
CORIANDER SEED (Coriandrum sativum L.),,Spices & Condiments,(1R)-α-pinene,Hydrocarbons,,
CORIANDER SEED (Coriandrum sativum L.),,Spices & Condiments,(1S)-α-pinene,Hydrocarbons,,
CORIANDER SEED (Coriandrum sativum L.),,Spices & Condiments,β-pinene,Hydrocarbons,<1000,14000
CORIANDER SEED (Coriandrum sativum L.),,Spices & Condiments,(1R)-β-pinene,Hydrocarbons,,
CORIANDER SEED (Coriandrum sativum L.),,Spices & Condiments,(1S)-β-pinene,Hydrocarbons,,
CORIANDER SEED (Coriandrum sativum L.),,Spices & Condiments,camphene,Hydrocarbons,<1000,18000
CORIANDER SEED (Coriandrum sativum L.),,Spices & Condiments,α-thujene,Hydrocarbons,,
CORIANDER SEED (Coriandrum sativum L.),,Spices & Condiments,β-thujene,Hydrocarbons,,
CORIANDER SEED (Coriandrum sativum L.),,Spices & Condiments,sabinene (=4(10)-thujene),Hydrocarbons,<1000,5000
CORIANDER SEED (Coriandrum sativum L.),,Spices & Condiments,3-carene,Hydrocarbons,trace,trace
CORIANDER SEED (Coriandrum sativum L.),,Spices & Condiments,β-caryophyllene,Hydrocarbons,0,5000
CORIANDER SEED (Coriandrum sativum L.),,Spices & Condiments,α-copaene (=copaene),Hydrocarbons,1000,1000
CORIANDER SEED (Coriandrum sativum L.),,Spices & Condiments,tricyclene,Hydrocarbons,500,500
CORIANDER SEED (Coriandrum sativum L.),,Spices & Condiments,1-isopropyl-3-methylbenzene (=m-cymene),Hydrocarbons,,
CORIANDER SEED (Coriandrum sativum L.),,Spices & Condiments,1-isopropyl-4-methylbenzene (=p-cymene),Hydrocarbons,<1000,147000
CORIANDER SEED (Coriandrum sativum L.),,Spices & Condiments,1-octanol,Alcohols,,
CORIANDER SEED (Coriandrum sativum L.),,Spices & Condiments,1-decanol,Alcohols,,
CORIANDER SEED (Coriandrum sativum L.),,Spices & Condiments,(E)-2-decen-1-ol,Alcohols,,
CORIANDER SEED (Coriandrum sativum L.),,Spices & Condiments,1-dodecanol,Alcohols,trace,trace
CORIANDER SEED (Coriandrum sativum L.),,Spices & Condiments,citronellol,Alcohols,0,11000
CORIANDER SEED (Coriandrum sativum L.),,Spices & Condiments,geraniol,Alcohols,8000,46000
CORIANDER SEED (Coriandrum sativum L.),,Spices & Condiments,nerol,Alcohols,trace,400
CORIANDER SEED (Coriandrum sativum L.),,Spices & Condiments,linalool,Alcohols,492000,733000
CORIANDER SEED (Coriandrum sativum L.),,Spices & Condiments,(R)-(-)-linalool (=licareol),Alcohols,,
CORIANDER SEED (Coriandrum sativum L.),,Spices & Condiments,(S)-(+)-linalool (=coriandrol),Alcohols,,
CORIANDER SEED (Coriandrum sativum L.),,Spices & Condiments,α-terpineol,Alcohols,2000,29000
CORIANDER SEED (Coriandrum sativum L.),,Spices & Condiments,4-terpineol (=terpinen-4-ol),Alcohols,2000,23000
CORIANDER SEED (Coriandrum sativum L.),,Spices & Condiments,borneol,Alcohols,1300,19000
CORIANDER SEED (Coriandrum sativum L.),,Spices & Condiments,"3-methylbutanal (=isopentanal, isovaleraldehyde)","Carbonyls, aldehydes",,
CORIANDER SEED (Coriandrum sativum L.),,Spices & Condiments,pentanal (=valeraldehyde),"Carbonyls, aldehydes",,
CORIANDER SEED (Coriandrum sativum L.),,Spices & Condiments,hexanal (=capronaldehyde),"Carbonyls, aldehydes",,
CORIANDER SEED (Coriandrum sativum L.),,Spices & Condiments,heptanal,"Carbonyls, aldehydes",1000,1000
CORIANDER SEED (Coriandrum sativum L.),,Spices & Condiments,(E)-2-heptenal,"Carbonyls, aldehydes",,
CORIANDER SEED (Coriandrum sativum L.),,Spices & Condiments,octanal (=caprylaldehyde),"Carbonyls, aldehydes",,
CORIANDER SEED (Coriandrum sativum L.),,Spices & Condiments,(E)-2-octenal,"Carbonyls, aldehydes",,
CORIANDER SEED (Coriandrum sativum L.),,Spices & Condiments,nonanal (=pelargonaldehyde),"Carbonyls, aldehydes",trace,trace
CORIANDER SEED (Coriandrum sativum L.),,Spices & Condiments,decanal (=capraldehyde),"Carbonyls, aldehydes",3100,4000
CORIANDER SEED (Coriandrum sativum L.),,Spices & Condiments,2-decenal,"Carbonyls, aldehydes",,
CORIANDER SEED (Coriandrum sativum L.),,Spices & Condiments,(E)-2-decenal,"Carbonyls, aldehydes",700,700
CORIANDER SEED (Coriandrum sativum L.),,Spices & Condiments,3-decenal,"Carbonyls, aldehydes",,
CORIANDER SEED (Coriandrum sativum L.),,Spices & Condiments,"(E,E)-2,4-decadienal","Carbonyls, aldehydes",,
CORIANDER SEED (Coriandrum sativum L.),,Spices & Condiments,undecanal,"Carbonyls, aldehydes",,
CORIANDER SEED (Coriandrum sativum L.),,Spices & Condiments,2-undecenal,"Carbonyls, aldehydes",,
CORIANDER SEED (Coriandrum sativum L.),,Spices & Condiments,(E)-2-undecenal,"Carbonyls, aldehydes",,
CORIANDER SEED (Coriandrum sativum L.),,Spices & Condiments,dodecanal,"Carbonyls, aldehydes",,
CORIANDER SEED (Coriandrum sativum L.),,Spices & Condiments,(E)-2-dodecenal,"Carbonyls, aldehydes",4400,4400
CORIANDER SEED (Coriandrum sativum L.),,Spices & Condiments,tridecanal,"Carbonyls, aldehydes",,
CORIANDER SEED (Coriandrum sativum L.),,Spices & Condiments,(E)-2-tetradecenal,"Carbonyls, aldehydes",,
CORIANDER SEED (Coriandrum sativum L.),,Spices & Condiments,geranial (=α-citral),"Carbonyls, aldehydes",trace,trace
CORIANDER SEED (Coriandrum sativum L.),,Spices & Condiments,3-octen-2-one,"Carbonyls, ketones",,
CORIANDER SEED (Coriandrum sativum L.),,Spices & Condiments,1-octen-3-one,"Carbonyls, ketones",,
CORIANDER SEED (Coriandrum sativum L.),,Spices & Condiments,"carvone (=p-6,8-menthadien-2-one)","Carbonyls, ketones",1500,1500
CORIANDER SEED (Coriandrum sativum L.),,Spices & Condiments,camphor (=alcanfor),"Carbonyls, ketones",24600,99000
CORIANDER SEED (Coriandrum sativum L.),,Spices & Condiments,octanoic acid (=caprylic acid),Acids,,
CORIANDER SEED (Coriandrum sativum L.),,Spices & Condiments,decanoic acid (=capric acid),Acids,,
CORIANDER SEED (Coriandrum sativum L.),,Spices & Condiments,geranyl acetate,Esters,0,75000
CORIANDER SEED (Coriandrum sativum L.),,Spices & Condiments,linalyl acetate,Esters,500,2000
CORIANDER SEED (Coriandrum sativum L.),,Spices & Condiments,α-terpinyl acetate,Esters,2000,2000
CORIANDER SEED (Coriandrum sativum L.),,Spices & Condiments,3-hexenyl butanoate,Esters,,
CORIANDER SEED (Coriandrum sativum L.),,Spices & Condiments,(Z)-3-hexenyl butanoate,Esters,,
CORIANDER SEED (Coriandrum sativum L.),,Spices & Condiments,isopropyl tetradecanoate,Esters,,
CORIANDER SEED (Coriandrum sativum L.),,Spices & Condiments,methyl hexadecanoate (=methyl palmitate),Esters,,
CORIANDER SEED (Coriandrum sativum L.),,Spices & Condiments,methyl 6-octadecenoate,Esters,,
CORIANDER SEED (Coriandrum sativum L.),,Spices & Condiments,4-hydroxy-4-methyl-5-hexenoic acid lactone (=lavender lactone),Lactones,,
CORIANDER SEED (Coriandrum sativum L.),,Spices & Condiments,dihydroactinidiolide,Lactones,,
CORIANDER SEED (Coriandrum sativum L.),,Spices & Condiments,diphenylamine (=N-phenylaniline),Bases,,
CORIANDER SEED (Coriandrum sativum L.),,Spices & Condiments,2-butylpyridine,Bases,,
CORIANDER SEED (Coriandrum sativum L.),,Spices & Condiments,2-pentylpyridine,Bases,,
CORIANDER SEED (Coriandrum sativum L.),,Spices & Condiments,2-acetylpyridine,Bases,,
CORIANDER SEED (Coriandrum sativum L.),,Spices & Condiments,"2,3-dimethylpyrazine",Bases,,
CORIANDER SEED (Coriandrum sativum L.),,Spices & Condiments,"2,5-dimethylpyrazine",Bases,,
CORIANDER SEED (Coriandrum sativum L.),,Spices & Condiments,"2,6-dimethylpyrazine",Bases,,
CORIANDER SEED (Coriandrum sativum L.),,Spices & Condiments,2-ethyl-5-methylpyrazine,Bases,,
CORIANDER SEED (Coriandrum sativum L.),,Spices & Condiments,2-ethyl-6-methylpyrazine,Bases,,
CORIANDER SEED (Coriandrum sativum L.),,Spices & Condiments,trimethylpyrazine,Bases,,
CORIANDER SEED (Coriandrum sativum L.),,Spices & Condiments,"3-ethyl-2,5-dimethylpyrazine",Bases,,
CORIANDER SEED (Coriandrum sativum L.),,Spices & Condiments,"2-ethyl-3,5-dimethylpyrazine",Bases,,
CORIANDER SEED (Coriandrum sativum L.),,Spices & Condiments,tetramethylpyrazine,Bases,,
CORIANDER SEED (Coriandrum sativum L.),,Spices & Condiments,2-isopropyl-4-methylthiazole,Sulfur compounds,,
CORIANDER SEED (Coriandrum sativum L.),,Spices & Condiments,"2,4,5-trimethylthiazole",Sulfur compounds,,
CORIANDER SEED (Coriandrum sativum L.),,Spices & Condiments,"2-isobutyl-4,5-dimethylthiazole",Sulfur compounds,,
CORIANDER SEED (Coriandrum sativum L.),,Spices & Condiments,"1,8-cineole (=eucalyptol)",Ethers,,
CORIANDER SEED (Coriandrum sativum L.),,Spices & Condiments,4-vinylphenol,Phenols,,
CORIANDER SEED (Coriandrum sativum L.),,Spices & Condiments,carvacrol (=5-isopropyl-2-methylphenol),Phenols,,
CORIANDER SEED (Coriandrum sativum L.),,Spices & Condiments,"1-allyl-4-methoxybenzene (=estragole, methylchavicol)",Phenols,,
CORIANDER SEED (Coriandrum sativum L.),,Spices & Condiments,anethole (=1-methoxy-4-(1-propenyl)benzene),Phenols,0,5000
CORIANDER SEED (Coriandrum sativum L.),,Spices & Condiments,"(E)-anethole (=(E)-1-methoxy-4-(1-propenyl)benzene, anise camphor)",Phenols,,
CORIANDER SEED (Coriandrum sativum L.),,Spices & Condiments,2-methoxy-4-vinylphenol (=4-vinylguaiacol),Phenols,,
CORIANDER SEED (Coriandrum sativum L.),,Spices & Condiments,"5-allyl-1,3-benzodioxole (=safrole)",Phenols,,
CORIANDER SEED (Coriandrum sativum L.),,Spices & Condiments,"6-allyl-4-methoxy-1,3-benzodioxole (=myristicin)",Phenols,500,500
CORIANDER SEED (Coriandrum sativum L.),,Spices & Condiments,5-methyl-5-vinyl-tetrahydrofuran-2-ol (=lavender lactol),Furans,,
CORIANDER SEED (Coriandrum sativum L.),,Spices & Condiments,anhydrolinalool oxide (5),Furans,,
CORIANDER SEED (Coriandrum sativum L.),,Spices & Condiments,"linalool oxide B (cis, 5-ring)",Furans,,
CORIANDER SEED (Coriandrum sativum L.),,Spices & Condiments,"linalool oxide A (trans, 5-ring)",Furans,,
CORIANDER SEED (Coriandrum sativum L.),,Spices & Condiments,2-pentylfuran,Furans,,
CORIANDER SEED (Coriandrum sativum L.),,Spices & Condiments,2-hexylfuran,Furans,,
CORIANDER SEED (Coriandrum sativum L.),,Spices & Condiments,3-(4-methyl-3-pentenyl)furan (=perillene),Furans,,
CORIANDER SEED (Coriandrum sativum L.),,Spices & Condiments,2-octylfuran,Furans,,
CORIANDER SEED (Coriandrum sativum L.),,Spices & Condiments,2-decylfuran,Furans,,
CORIANDER SEED (Coriandrum sativum L.),,Spices & Condiments,"furfural (=2-formylfuran, 2-furancarbaldehyde, 2-furaldehyde)",Furans,,
CORIANDER SEED (Coriandrum sativum L.),,Spices & Condiments,lilac alcohol,Furans,,
CORIANDER SEED (Coriandrum sativum L.),,Spices & Condiments,"α,5-dimethyl-5-vinylfuranacetic acid (=davana acid)",Furans,,
CORIANDER SEED (Coriandrum sativum L.),,Spices & Condiments,cis-linalool oxide (unkn.str.),"(Ep)oxides, pyrans, coumarins",<1000,32000
CORIANDER SEED (Coriandrum sativum L.),,Spices & Condiments,"cis-3-butyl-3a,4,5,6-tetrahydro-phthalide (=neocnidilide)",Anhydrides and phthalides,,
GIN,,Alcoholic Beverages > 20% alc.,β-myrcene (=myrcene),Hydrocarbons,,
GIN,,Alcoholic Beverages > 20% alc.,β-farnesene,Hydrocarbons,,
GIN,,Alcoholic Beverages > 20% alc.,α-phellandrene,Hydrocarbons,,
GIN,,Alcoholic Beverages > 20% alc.,β-phellandrene,Hydrocarbons,,
GIN,,Alcoholic Beverages > 20% alc.,α-terpinene,Hydrocarbons,,
GIN,,Alcoholic Beverages > 20% alc.,γ-terpinene,Hydrocarbons,,
GIN,,Alcoholic Beverages > 20% alc.,terpinolene,Hydrocarbons,,
GIN,,Alcoholic Beverages > 20% alc.,limonene,Hydrocarbons,,
GIN,,Alcoholic Beverages > 20% alc.,α-humulene (=humulene),Hydrocarbons,,
GIN,,Alcoholic Beverages > 20% alc.,α-pinene,Hydrocarbons,,
GIN,,Alcoholic Beverages > 20% alc.,β-pinene,Hydrocarbons,,
GIN,,Alcoholic Beverages > 20% alc.,camphene,Hydrocarbons,,
GIN,,Alcoholic Beverages > 20% alc.,α-thujene,Hydrocarbons,,
GIN,,Alcoholic Beverages > 20% alc.,sabinene (=4(10)-thujene),Hydrocarbons,,
GIN,,Alcoholic Beverages > 20% alc.,3-carene,Hydrocarbons,,
GIN,,Alcoholic Beverages > 20% alc.,γ-cadinene,Hydrocarbons,,
GIN,,Alcoholic Beverages > 20% alc.,δ-cadinene,Hydrocarbons,,
GIN,,Alcoholic Beverages > 20% alc.,α-muurolene,Hydrocarbons,,
GIN,,Alcoholic Beverages > 20% alc.,γ-muurolene,Hydrocarbons,,
GIN,,Alcoholic Beverages > 20% alc.,β-caryophyllene,Hydrocarbons,,
GIN,,Alcoholic Beverages > 20% alc.,α-cubebene,Hydrocarbons,,
GIN,,Alcoholic Beverages > 20% alc.,β-copaene,Hydrocarbons,,
GIN,,Alcoholic Beverages > 20% alc.,ar-abietatriene (=dehydroabietane),Hydrocarbons,,
GIN,,Alcoholic Beverages > 20% alc.,tricyclene,Hydrocarbons,,
GIN,,Alcoholic Beverages > 20% alc.,1-isopropyl-4-methylbenzene (=p-cymene),Hydrocarbons,,
GIN,,Alcoholic Beverages > 20% alc.,"1-isopropenyl-4-methylbenzene (=α,p-dimethyl styrene, p-cymenene, dehydro-p-cymene)",Hydrocarbons,,
GIN,,Alcoholic Beverages > 20% alc.,methanol,Alcohols,76,76
GIN,,Alcoholic Beverages > 20% alc.,ethanol,Alcohols,Present,Present
GIN,,Alcoholic Beverages > 20% alc.,1-propanol (=propyl alcohol),Alcohols,1.2,1.2
GIN,,Alcoholic Beverages > 20% alc.,2-methyl-1-propanol (=isobutanol),Alcohols,1.6,1.6
GIN,,Alcoholic Beverages > 20% alc.,1-butanol,Alcohols,,
GIN,,Alcoholic Beverages > 20% alc.,2-butanol (=sec-butanol),Alcohols,,
GIN,,Alcoholic Beverages > 20% alc.,3-methyl-1-butanol (=isoamyl alcohol),Alcohols,,
GIN,,Alcoholic Beverages > 20% alc.,1-hexanol,Alcohols,,
GIN,,Alcoholic Beverages > 20% alc.,citronellol,Alcohols,,
GIN,,Alcoholic Beverages > 20% alc.,geraniol,Alcohols,,
GIN,,Alcoholic Beverages > 20% alc.,nerol,Alcohols,,
GIN,,Alcoholic Beverages > 20% alc.,linalool,Alcohols,,
GIN,,Alcoholic Beverages > 20% alc.,2-phenylethanol (=phenethyl alcohol),Alcohols,,
GIN,,Alcoholic Beverages > 20% alc.,"p-cymen-8-ol (=α,α,p-trimethyl-benzyl alcohol)",Alcohols,,
GIN,,Alcoholic Beverages > 20% alc.,α-terpineol,Alcohols,,
GIN,,Alcoholic Beverages > 20% alc.,4-terpineol (=terpinen-4-ol),Alcohols,,
GIN,,Alcoholic Beverages > 20% alc.,borneol,Alcohols,,
GIN,,Alcoholic Beverages > 20% alc.,δ-cadinol (=torreyol),Alcohols,,
GIN,,Alcoholic Beverages > 20% alc.,acetaldehyde (=ethanal),"Carbonyls, aldehydes",4,4
GIN,,Alcoholic Beverages > 20% alc.,nonanal (=pelargonaldehyde),"Carbonyls, aldehydes",,
GIN,,Alcoholic Beverages > 20% alc.,decanal (=capraldehyde),"Carbonyls, aldehydes",,
GIN,,Alcoholic Beverages > 20% alc.,(E)-2-decenal,"Carbonyls, aldehydes",,
GIN,,Alcoholic Beverages > 20% alc.,cinnamaldehyde (=3-phenyl-2-propenal),"Carbonyls, aldehydes",,
GIN,,Alcoholic Beverages > 20% alc.,"acetone (=2-propanone, dimethyl ketone)","Carbonyls, ketones",1.6,1.6
GIN,,Alcoholic Beverages > 20% alc.,camphor (=alcanfor),"Carbonyls, ketones",,
GIN,,Alcoholic Beverages > 20% alc.,ethyl formate,Esters,1.6,1.6
GIN,,Alcoholic Beverages > 20% alc.,methyl acetate,Esters,,
GIN,,Alcoholic Beverages > 20% alc.,ethyl acetate,Esters,trace,trace
GIN,,Alcoholic Beverages > 20% alc.,geranyl acetate,Esters,,
GIN,,Alcoholic Beverages > 20% alc.,linalyl acetate,Esters,,
GIN,,Alcoholic Beverages > 20% alc.,4-terpinenyl acetate,Esters,,
GIN,,Alcoholic Beverages > 20% alc.,bornyl acetate,Esters,,
GIN,,Alcoholic Beverages > 20% alc.,ethyl decanoate (=ethyl caprate),Esters,trace,trace
GIN,,Alcoholic Beverages > 20% alc.,ethyl dodecanoate (=ethyl laurate),Esters,trace,trace
GIN,,Alcoholic Beverages > 20% alc.,ethyl tetradecanoate (=ethyl myristate),Esters,,
GIN,,Alcoholic Beverages > 20% alc.,"1,8-cineole (=eucalyptol)",Ethers,,
GIN,,Alcoholic Beverages > 20% alc.,"furfural (=2-formylfuran, 2-furancarbaldehyde, 2-furaldehyde)",Furans,,
GIN,,Alcoholic Beverages > 20% alc.,α-copaene oxide,"(Ep)oxides, pyrans, coumarins",,
GIN,,Alcoholic Beverages > 20% alc.,cis-linalool oxide (unkn.str.),"(Ep)oxides, pyrans, coumarins",,
GIN,,Alcoholic Beverages > 20% alc.,trans-linalool oxide (unkn.str.),"(Ep)oxides, pyrans, coumarins",,
BRUSSELS SPROUTS (Brassica oleracea var gemmifera),,Vegetables,methanol,Alcohols,,
BRUSSELS SPROUTS (Brassica oleracea var gemmifera),,Vegetables,ethanol,Alcohols,,
BRUSSELS SPROUTS (Brassica oleracea var gemmifera),,Vegetables,2-propen-1-ol (=allyl alcohol),Alcohols,,
BRUSSELS SPROUTS (Brassica oleracea var gemmifera),,Vegetables,(E)-2-buten-1-ol,Alcohols,,
BRUSSELS SPROUTS (Brassica oleracea var gemmifera),,Vegetables,(Z)-3-penten-1-ol,Alcohols,,
BRUSSELS SPROUTS (Brassica oleracea var gemmifera),,Vegetables,(Z)-3-hexen-1-ol (=leaf alcohol),Alcohols,,
BRUSSELS SPROUTS (Brassica oleracea var gemmifera),,Vegetables,(E)-2-hepten-1-ol,Alcohols,,
BRUSSELS SPROUTS (Brassica oleracea var gemmifera),,Vegetables,acetaldehyde (=ethanal),"Carbonyls, aldehydes",,
BRUSSELS SPROUTS (Brassica oleracea var gemmifera),,Vegetables,propanal (=propionaldehyde),"Carbonyls, aldehydes",,
BRUSSELS SPROUTS (Brassica oleracea var gemmifera),,Vegetables,butanal (=butyraldehyde),"Carbonyls, aldehydes",,
BRUSSELS SPROUTS (Brassica oleracea var gemmifera),,Vegetables,2-butenal (=crotonaldehyde),"Carbonyls, aldehydes",,
BRUSSELS SPROUTS (Brassica oleracea var gemmifera),,Vegetables,(E)-2-pentenal,"Carbonyls, aldehydes",,
BRUSSELS SPROUTS (Brassica oleracea var gemmifera),,Vegetables,hexanal (=capronaldehyde),"Carbonyls, aldehydes",,
BRUSSELS SPROUTS (Brassica oleracea var gemmifera),,Vegetables,(E)-2-hexenal (=leaf aldehyde),"Carbonyls, aldehydes",,
BRUSSELS SPROUTS (Brassica oleracea var gemmifera),,Vegetables,"acetone (=2-propanone, dimethyl ketone)","Carbonyls, ketones",,
BRUSSELS SPROUTS (Brassica oleracea var gemmifera),,Vegetables,2-butanone (=ethyl methyl ketone),"Carbonyls, ketones",,
BRUSSELS SPROUTS (Brassica oleracea var gemmifera),,Vegetables,"2,3-butanedione (=diacetyl)","Carbonyls, ketones",,
BRUSSELS SPROUTS (Brassica oleracea var gemmifera),,Vegetables,3-pentanone,"Carbonyls, ketones",,
BRUSSELS SPROUTS (Brassica oleracea var gemmifera),,Vegetables,methanethiol (=methyl mercaptan),Sulfur compounds,,
BRUSSELS SPROUTS (Brassica oleracea var gemmifera),,Vegetables,"dimethyl sulfide (=thiobismethane, methylthiomethane, methyl sulfide)",Sulfur compounds,,
BRUSSELS SPROUTS (Brassica oleracea var gemmifera),,Vegetables,dimethyl disulfide (=methyldithiomethane),Sulfur compounds,,
BRUSSELS SPROUTS (Brassica oleracea var gemmifera),,Vegetables,methyl propyl disulfide,Sulfur compounds,,
BRUSSELS SPROUTS (Brassica oleracea var gemmifera),,Vegetables,"dimethyl trisulfide (=2,3,4-trithiapentane, methyltrithiomethane)",Sulfur compounds,,
BRUSSELS SPROUTS (Brassica oleracea var gemmifera),,Vegetables,allyl isothiocyanate (=allyl mustard oil),Sulfur compounds,,
BRUSSELS SPROUTS (Brassica oleracea var gemmifera),,Vegetables,butyl isothiocyanate,Sulfur compounds,,
BRUSSELS SPROUTS (Brassica oleracea var gemmifera),,Vegetables,"thiiraneacetonitrile (=3,4-epithiobutanenitrile)",Sulfur compounds,,
BRUSSELS SPROUTS (Brassica oleracea var gemmifera),,Vegetables,"3-butenenitrile (=allyl cyanide, vinylacetonitrile)",Nitriles and amides,,
,RICE (Oryza sativa L.),Bread & Cereals,nonane,Hydrocarbons,,
,RICE (Oryza sativa L.),Bread & Cereals,decane,Hydrocarbons,,
,RICE (Oryza sativa L.),Bread & Cereals,undecane,Hydrocarbons,,
,RICE (Oryza sativa L.),Bread & Cereals,dodecane,Hydrocarbons,,
,RICE (Oryza sativa L.),Bread & Cereals,tridecane,Hydrocarbons,,
,RICE (Oryza sativa L.),Bread & Cereals,tetradecane,Hydrocarbons,,
,RICE (Oryza sativa L.),Bread & Cereals,pentadecane,Hydrocarbons,,
,RICE (Oryza sativa L.),Bread & Cereals,hexadecane,Hydrocarbons,,
,RICE (Oryza sativa L.),Bread & Cereals,heptadecane,Hydrocarbons,,
,RICE (Oryza sativa L.),Bread & Cereals,octadecane,Hydrocarbons,,
,RICE (Oryza sativa L.),Bread & Cereals,nonadecane,Hydrocarbons,,
,RICE (Oryza sativa L.),Bread & Cereals,eicosane,Hydrocarbons,,
,RICE (Oryza sativa L.),Bread & Cereals,heneicosane,Hydrocarbons,,
,RICE (Oryza sativa L.),Bread & Cereals,docosane,Hydrocarbons,,
,RICE (Oryza sativa L.),Bread & Cereals,tricosane,Hydrocarbons,,
,RICE (Oryza sativa L.),Bread & Cereals,tetracosane,Hydrocarbons,,
,RICE (Oryza sativa L.),Bread & Cereals,pentacosane,Hydrocarbons,,
,RICE (Oryza sativa L.),Bread & Cereals,hexacosane,Hydrocarbons,,
,RICE (Oryza sativa L.),Bread & Cereals,heptacosane,Hydrocarbons,,
,RICE (Oryza sativa L.),Bread & Cereals,octacosane,Hydrocarbons,,
,RICE (Oryza sativa L.),Bread & Cereals,nonacosane,Hydrocarbons,,
,RICE (Oryza sativa L.),Bread & Cereals,triacontane,Hydrocarbons,,
,RICE (Oryza sativa L.),Bread & Cereals,limonene,Hydrocarbons,,
,RICE (Oryza sativa L.),Bread & Cereals,α-pinene,Hydrocarbons,,
,RICE (Oryza sativa L.),Bread & Cereals,3-carene,Hydrocarbons,,
,RICE (Oryza sativa L.),Bread & Cereals,α-himachalene,Hydrocarbons,,
,RICE (Oryza sativa L.),Bread & Cereals,β-himachalene,Hydrocarbons,,
,RICE (Oryza sativa L.),Bread & Cereals,benzene,Hydrocarbons,,
,RICE (Oryza sativa L.),Bread & Cereals,methylbenzene (=toluene),Hydrocarbons,,
,RICE (Oryza sativa L.),Bread & Cereals,ethylbenzene (=α-methyltoluene),Hydrocarbons,,
,RICE (Oryza sativa L.),Bread & Cereals,vinylbenzene (=styrene),Hydrocarbons,,
,RICE (Oryza sativa L.),Bread & Cereals,propylbenzene,Hydrocarbons,,
,RICE (Oryza sativa L.),Bread & Cereals,isopropylbenzene (=cumene),Hydrocarbons,,
,RICE (Oryza sativa L.),Bread & Cereals,(1-propenyl)benzene,Hydrocarbons,,
,RICE (Oryza sativa L.),Bread & Cereals,butylbenzene,Hydrocarbons,,
,RICE (Oryza sativa L.),Bread & Cereals,"1,2-dimethylbenzene (=o-xylene)",Hydrocarbons,,
,RICE (Oryza sativa L.),Bread & Cereals,"1,3-dimethylbenzene (=m-xylene)",Hydrocarbons,,
,RICE (Oryza sativa L.),Bread & Cereals,"1,4-dimethylbenzene (=p-xylene)",Hydrocarbons,,
,RICE (Oryza sativa L.),Bread & Cereals,dimethylbenzene (unkn.str.) (=xylene (unkn.str.)),Hydrocarbons,,
,RICE (Oryza sativa L.),Bread & Cereals,1-ethyl-2-methylbenzene (=o-ethyltoluene),Hydrocarbons,,
,RICE (Oryza sativa L.),Bread & Cereals,1-ethyl-4-methylbenzene (=p-ethyltoluene),Hydrocarbons,,
,RICE (Oryza sativa L.),Bread & Cereals,1-isopropyl-4-methylbenzene (=p-cymene),Hydrocarbons,,
,RICE (Oryza sativa L.),Bread & Cereals,"1,2-diethylbenzene",Hydrocarbons,,
,RICE (Oryza sativa L.),Bread & Cereals,"1,3-diethylbenzene",Hydrocarbons,,
,RICE (Oryza sativa L.),Bread & Cereals,"1,4-diethylbenzene",Hydrocarbons,,
,RICE (Oryza sativa L.),Bread & Cereals,"1,2,3-trimethylbenzene (=hemimellitene)",Hydrocarbons,,
,RICE (Oryza sativa L.),Bread & Cereals,"1,2,4-trimethylbenzene (=pseudocumene)",Hydrocarbons,,
,RICE (Oryza sativa L.),Bread & Cereals,"1,3,5-trimethylbenzene (=mesitylene)",Hydrocarbons,,
,RICE (Oryza sativa L.),Bread & Cereals,"1-ethyl-2,3-dimethylbenzene",Hydrocarbons,,
,RICE (Oryza sativa L.),Bread & Cereals,"1-ethyl-2,4-dimethylbenzene",Hydrocarbons,,
,RICE (Oryza sativa L.),Bread & Cereals,"1-ethyl-3,5-dimethylbenzene",Hydrocarbons,,
,RICE (Oryza sativa L.),Bread & Cereals,"2-ethyl-1,4-dimethylbenzene",Hydrocarbons,,
,RICE (Oryza sativa L.),Bread & Cereals,"1,2,3,4-tetramethylbenzene",Hydrocarbons,,
,RICE (Oryza sativa L.),Bread & Cereals,"1,2,3,5-tetramethylbenzene",Hydrocarbons,,
,RICE (Oryza sativa L.),Bread & Cereals,"1,2,4,5-tetramethylbenzene",Hydrocarbons,,
,RICE (Oryza sativa L.),Bread & Cereals,indene,Hydrocarbons,,
,RICE (Oryza sativa L.),Bread & Cereals,naphthalene,Hydrocarbons,,
,RICE (Oryza sativa L.),Bread & Cereals,1-methylnaphthalene,Hydrocarbons,,
,RICE (Oryza sativa L.),Bread & Cereals,2-methylnaphthalene,Hydrocarbons,,
,RICE (Oryza sativa L.),Bread & Cereals,methylnaphthalene (unkn.str.),Hydrocarbons,,
,RICE (Oryza sativa L.),Bread & Cereals,2-ethylnaphthalene,Hydrocarbons,,
,RICE (Oryza sativa L.),Bread & Cereals,methanol,Alcohols,,
,RICE (Oryza sativa L.),Bread & Cereals,ethanol,Alcohols,,
,RICE (Oryza sativa L.),Bread & Cereals,1-propanol (=propyl alcohol),Alcohols,,
,RICE (Oryza sativa L.),Bread & Cereals,1-butanol,Alcohols,,
,RICE (Oryza sativa L.),Bread & Cereals,3-methyl-1-butanol (=isoamyl alcohol),Alcohols,,
,RICE (Oryza sativa L.),Bread & Cereals,1-pentanol (=amyl alcohol),Alcohols,,
,RICE (Oryza sativa L.),Bread & Cereals,2-ethyl-4-methyl-1-pentanol,Alcohols,,
,RICE (Oryza sativa L.),Bread & Cereals,1-hexanol,Alcohols,,
,RICE (Oryza sativa L.),Bread & Cereals,(E)-2-hexen-1-ol,Alcohols,,
,RICE (Oryza sativa L.),Bread & Cereals,2-ethyl-1-hexanol,Alcohols,,
,RICE (Oryza sativa L.),Bread & Cereals,1-heptanol,Alcohols,,
,RICE (Oryza sativa L.),Bread & Cereals,2-heptanol,Alcohols,,
,RICE (Oryza sativa L.),Bread & Cereals,1-octanol,Alcohols,,
,RICE (Oryza sativa L.),Bread & Cereals,1-octen-3-ol,Alcohols,,
,RICE (Oryza sativa L.),Bread & Cereals,1-nonanol,Alcohols,,
,RICE (Oryza sativa L.),Bread & Cereals,2-nonen-1-ol,Alcohols,,
,RICE (Oryza sativa L.),Bread & Cereals,1-decanol,Alcohols,,
,RICE (Oryza sativa L.),Bread & Cereals,1-dodecanol,Alcohols,,
,RICE (Oryza sativa L.),Bread & Cereals,1-pentadecanol,Alcohols,,
,RICE (Oryza sativa L.),Bread & Cereals,1-hexadecanol (=cetanol),Alcohols,,
,RICE (Oryza sativa L.),Bread & Cereals,1-octadecanol,Alcohols,,
,RICE (Oryza sativa L.),Bread & Cereals,linalool,Alcohols,,
,RICE (Oryza sativa L.),Bread & Cereals,farnesol,Alcohols,,
,RICE (Oryza sativa L.),Bread & Cereals,nerolidol,Alcohols,,
,RICE (Oryza sativa L.),Bread & Cereals,benzyl alcohol (=benzenemethanol),Alcohols,,
,RICE (Oryza sativa L.),Bread & Cereals,2-phenylethanol (=phenethyl alcohol),Alcohols,,
,RICE (Oryza sativa L.),Bread & Cereals,menthol,Alcohols,,
,RICE (Oryza sativa L.),Bread & Cereals,α-terpineol,Alcohols,,
,RICE (Oryza sativa L.),Bread & Cereals,acetaldehyde (=ethanal),"Carbonyls, aldehydes",,
,RICE (Oryza sativa L.),Bread & Cereals,propanal (=propionaldehyde),"Carbonyls, aldehydes",,
,RICE (Oryza sativa L.),Bread & Cereals,"2-methylpropanal (=isobutanal, isobutyraldehyde)","Carbonyls, aldehydes",,
,RICE (Oryza sativa L.),Bread & Cereals,butanal (=butyraldehyde),"Carbonyls, aldehydes",,
,RICE (Oryza sativa L.),Bread & Cereals,2-methylbutanal (=α-methylbutanal),"Carbonyls, aldehydes",,
,RICE (Oryza sativa L.),Bread & Cereals,"3-methylbutanal (=isopentanal, isovaleraldehyde)","Carbonyls, aldehydes",,
,RICE (Oryza sativa L.),Bread & Cereals,pentanal (=valeraldehyde),"Carbonyls, aldehydes",,
,RICE (Oryza sativa L.),Bread & Cereals,2-methylpentanal,"Carbonyls, aldehydes",,
,RICE (Oryza sativa L.),Bread & Cereals,hexanal (=capronaldehyde),"Carbonyls, aldehydes",,
,RICE (Oryza sativa L.),Bread & Cereals,2-hexenal,"Carbonyls, aldehydes",,
,RICE (Oryza sativa L.),Bread & Cereals,(E)-2-hexenal (=leaf aldehyde),"Carbonyls, aldehydes",,
,RICE (Oryza sativa L.),Bread & Cereals,"2,4-hexadienal","Carbonyls, aldehydes",,
,RICE (Oryza sativa L.),Bread & Cereals,heptanal,"Carbonyls, aldehydes",,
,RICE (Oryza sativa L.),Bread & Cereals,2-heptenal,"Carbonyls, aldehydes",,
,RICE (Oryza sativa L.),Bread & Cereals,(E)-2-heptenal,"Carbonyls, aldehydes",,
,RICE (Oryza sativa L.),Bread & Cereals,"2,4-heptadienal","Carbonyls, aldehydes",,
,RICE (Oryza sativa L.),Bread & Cereals,"(E,Z)-2,4-heptadienal","Carbonyls, aldehydes",,
,RICE (Oryza sativa L.),Bread & Cereals,"(E,E)-2,4-heptadienal","Carbonyls, aldehydes",,
,RICE (Oryza sativa L.),Bread & Cereals,octanal (=caprylaldehyde),"Carbonyls, aldehydes",,
,RICE (Oryza sativa L.),Bread & Cereals,2-octenal,"Carbonyls, aldehydes",,
,RICE (Oryza sativa L.),Bread & Cereals,(E)-2-octenal,"Carbonyls, aldehydes",,
,RICE (Oryza sativa L.),Bread & Cereals,"2,4-octadienal","Carbonyls, aldehydes",,
,RICE (Oryza sativa L.),Bread & Cereals,2-butyl-2-octenal,"Carbonyls, aldehydes",,
,RICE (Oryza sativa L.),Bread & Cereals,nonanal (=pelargonaldehyde),"Carbonyls, aldehydes",,
,RICE (Oryza sativa L.),Bread & Cereals,2-nonenal,"Carbonyls, aldehydes",,
,RICE (Oryza sativa L.),Bread & Cereals,(E)-2-nonenal,"Carbonyls, aldehydes",,
,RICE (Oryza sativa L.),Bread & Cereals,"2,4-nonadienal","Carbonyls, aldehydes",,
,RICE (Oryza sativa L.),Bread & Cereals,decanal (=capraldehyde),"Carbonyls, aldehydes",,
,RICE (Oryza sativa L.),Bread & Cereals,2-decenal,"Carbonyls, aldehydes",,
,RICE (Oryza sativa L.),Bread & Cereals,(E)-2-decenal,"Carbonyls, aldehydes",,
,RICE (Oryza sativa L.),Bread & Cereals,"2,4-decadienal","Carbonyls, aldehydes",,
,RICE (Oryza sativa L.),Bread & Cereals,"(E,Z)-2,4-decadienal","Carbonyls, aldehydes",,
,RICE (Oryza sativa L.),Bread & Cereals,"(E,E)-2,4-decadienal","Carbonyls, aldehydes",,
,RICE (Oryza sativa L.),Bread & Cereals,undecanal,"Carbonyls, aldehydes",,
,RICE (Oryza sativa L.),Bread & Cereals,2-dodecenal,"Carbonyls, aldehydes",,
,RICE (Oryza sativa L.),Bread & Cereals,pentadecanal,"Carbonyls, aldehydes",,
,RICE (Oryza sativa L.),Bread & Cereals,"citral (=3,7-dimethyl-2,6-octadienal)","Carbonyls, aldehydes",,
,RICE (Oryza sativa L.),Bread & Cereals,benzaldehyde,"Carbonyls, aldehydes",,
,RICE (Oryza sativa L.),Bread & Cereals,4-methylbenzaldehyde (=p-tolualdehyde),"Carbonyls, aldehydes",,
,RICE (Oryza sativa L.),Bread & Cereals,phenylacetaldehyde (=benzeneacetaldehyde),"Carbonyls, aldehydes",,
,RICE (Oryza sativa L.),Bread & Cereals,α-hexylcinnamaldehyde,"Carbonyls, aldehydes",,
,RICE (Oryza sativa L.),Bread & Cereals,2-phenyl-2-butenal,"Carbonyls, aldehydes",,
,RICE (Oryza sativa L.),Bread & Cereals,"acetone (=2-propanone, dimethyl ketone)","Carbonyls, ketones",,
,RICE (Oryza sativa L.),Bread & Cereals,2-butanone (=ethyl methyl ketone),"Carbonyls, ketones",,
,RICE (Oryza sativa L.),Bread & Cereals,2-pentanone,"Carbonyls, ketones",,
,RICE (Oryza sativa L.),Bread & Cereals,3-penten-2-one,"Carbonyls, ketones",,
,RICE (Oryza sativa L.),Bread & Cereals,(E)-3-penten-2-one,"Carbonyls, ketones",,
,RICE (Oryza sativa L.),Bread & Cereals,2-hexanone,"Carbonyls, ketones",,
,RICE (Oryza sativa L.),Bread & Cereals,2-heptanone,"Carbonyls, ketones",,
,RICE (Oryza sativa L.),Bread & Cereals,6-methyl-5-hepten-2-one,"Carbonyls, ketones",,
,RICE (Oryza sativa L.),Bread & Cereals,methylheptenone (unkn.str.),"Carbonyls, ketones",,
,RICE (Oryza sativa L.),Bread & Cereals,"6-methyl-3,5-heptadien-2-one","Carbonyls, ketones",,
,RICE (Oryza sativa L.),Bread & Cereals,2-octanone,"Carbonyls, ketones",,
,RICE (Oryza sativa L.),Bread & Cereals,3-octanone,"Carbonyls, ketones",,
,RICE (Oryza sativa L.),Bread & Cereals,3-octen-2-one,"Carbonyls, ketones",,
,RICE (Oryza sativa L.),Bread & Cereals,2-nonanone,"Carbonyls, ketones",,
,RICE (Oryza sativa L.),Bread & Cereals,nonanone (unkn.str.),"Carbonyls, ketones",,
,RICE (Oryza sativa L.),Bread & Cereals,2-decanone,"Carbonyls, ketones",,
,RICE (Oryza sativa L.),Bread & Cereals,2-undecanone,"Carbonyls, ketones",,
,RICE (Oryza sativa L.),Bread & Cereals,"6,10-dimethyl-5,9-undecadien-2-one","Carbonyls, ketones",,
,RICE (Oryza sativa L.),Bread & Cereals,"(E)-6,10-dimethyl-5,9-undecadien-2-one (=geranylacetone)","Carbonyls, ketones",,
,RICE (Oryza sativa L.),Bread & Cereals,2-dodecanone,"Carbonyls, ketones",,
,RICE (Oryza sativa L.),Bread & Cereals,2-tridecanone,"Carbonyls, ketones",,
,RICE (Oryza sativa L.),Bread & Cereals,2-pentadecanone,"Carbonyls, ketones",,
,RICE (Oryza sativa L.),Bread & Cereals,"6,10,14-trimethyl-2-pentadecanone (=hexahydrofarnesylacetone)","Carbonyls, ketones",,
,RICE (Oryza sativa L.),Bread & Cereals,"6,10,14-trimethyl-5,9,13-pentadecatrien-2-one (=farnesylacetone)","Carbonyls, ketones",,
,RICE (Oryza sativa L.),Bread & Cereals,2-heptadecanone,"Carbonyls, ketones",,
,RICE (Oryza sativa L.),Bread & Cereals,2-nonadecanone,"Carbonyls, ketones",,
,RICE (Oryza sativa L.),Bread & Cereals,cyclohexanone,"Carbonyls, ketones",,
,RICE (Oryza sativa L.),Bread & Cereals,"3,5,5-trimethyl-2-cyclohexen-1-one (=isophorone)","Carbonyls, ketones",,
,RICE (Oryza sativa L.),Bread & Cereals,acetophenone (=1-phenylethanone),"Carbonyls, ketones",,
,RICE (Oryza sativa L.),Bread & Cereals,4-methylacetophenone,"Carbonyls, ketones",,
,RICE (Oryza sativa L.),Bread & Cereals,(E)-β-ionone,"Carbonyls, ketones",,
,RICE (Oryza sativa L.),Bread & Cereals,menthone,"Carbonyls, ketones",,
,RICE (Oryza sativa L.),Bread & Cereals,"carvone (=p-6,8-menthadien-2-one)","Carbonyls, ketones",,
,RICE (Oryza sativa L.),Bread & Cereals,formic acid,Acids,,
,RICE (Oryza sativa L.),Bread & Cereals,acetic acid,Acids,,
,RICE (Oryza sativa L.),Bread & Cereals,propanoic acid (=propionic acid),Acids,,
,RICE (Oryza sativa L.),Bread & Cereals,2-methylpropanoic acid (=isobutyric acid),Acids,,
,RICE (Oryza sativa L.),Bread & Cereals,butanoic acid (=butyric acid),Acids,,
,RICE (Oryza sativa L.),Bread & Cereals,2-methylbutanoic acid,Acids,,
,RICE (Oryza sativa L.),Bread & Cereals,3-methylbutanoic acid (=isovaleric acid),Acids,,
,RICE (Oryza sativa L.),Bread & Cereals,pentanoic acid (=valeric acid),Acids,,
,RICE (Oryza sativa L.),Bread & Cereals,4-methylpentanoic acid (=isocaproic acid),Acids,,
,RICE (Oryza sativa L.),Bread & Cereals,4-oxopentanoic acid (=levulinic acid),Acids,,
,RICE (Oryza sativa L.),Bread & Cereals,hexanoic acid (=caproic acid),Acids,,
,RICE (Oryza sativa L.),Bread & Cereals,2-hexenoic acid,Acids,,
,RICE (Oryza sativa L.),Bread & Cereals,2-ethylhexanoic acid,Acids,,
,RICE (Oryza sativa L.),Bread & Cereals,heptanoic acid (=enanthic acid),Acids,,
,RICE (Oryza sativa L.),Bread & Cereals,octanoic acid (=caprylic acid),Acids,,
,RICE (Oryza sativa L.),Bread & Cereals,nonanoic acid (=pelargonic acid),Acids,,
,RICE (Oryza sativa L.),Bread & Cereals,decanoic acid (=capric acid),Acids,,
,RICE (Oryza sativa L.),Bread & Cereals,undecanoic acid,Acids,,
,RICE (Oryza sativa L.),Bread & Cereals,dodecanoic acid (=lauric acid),Acids,,
,RICE (Oryza sativa L.),Bread & Cereals,tridecanoic acid,Acids,,
,RICE (Oryza sativa L.),Bread & Cereals,tetradecanoic acid (=myristic acid),Acids,,
,RICE (Oryza sativa L.),Bread & Cereals,pentadecanoic acid,Acids,,
,RICE (Oryza sativa L.),Bread & Cereals,hexadecanoic acid (=palmitic acid),Acids,,
,RICE (Oryza sativa L.),Bread & Cereals,hexadecenoic acid (unkn.str.),Acids,,
,RICE (Oryza sativa L.),Bread & Cereals,heptadecanoic acid (=margaric acid),Acids,,
,RICE (Oryza sativa L.),Bread & Cereals,octadecanoic acid (=stearic acid),Acids,,
,RICE (Oryza sativa L.),Bread & Cereals,(Z)-9-octadecenoic acid (=oleic acid),Acids,,
,RICE (Oryza sativa L.),Bread & Cereals,"(Z,Z)-9,12-octadecadienoic acid (=linoleic acid)",Acids,,
,RICE (Oryza sativa L.),Bread & Cereals,"(Z,Z,Z)-9,12,15-octadecatrienoic acid (=linolenic acid)",Acids,,
,RICE (Oryza sativa L.),Bread & Cereals,nonadecanoic acid,Acids,,
,RICE (Oryza sativa L.),Bread & Cereals,eicosanoic acid (=arachidic acid),Acids,,
,RICE (Oryza sativa L.),Bread & Cereals,succinic acid (=butanedioic acid),Acids,,
,RICE (Oryza sativa L.),Bread & Cereals,benzoic acid,Acids,,
,RICE (Oryza sativa L.),Bread & Cereals,ethyl formate,Esters,,
,RICE (Oryza sativa L.),Bread & Cereals,ethyl acetate,Esters,,
,RICE (Oryza sativa L.),Bread & Cereals,butyl acetate,Esters,,
,RICE (Oryza sativa L.),Bread & Cereals,geranyl acetate,Esters,,
,RICE (Oryza sativa L.),Bread & Cereals,benzyl acetate,Esters,,
,RICE (Oryza sativa L.),Bread & Cereals,ethyl hexanoate (=ethyl caproate),Esters,,
,RICE (Oryza sativa L.),Bread & Cereals,ethyl tetradecanoate (=ethyl myristate),Esters,,
,RICE (Oryza sativa L.),Bread & Cereals,methyl hexadecanoate (=methyl palmitate),Esters,,
,RICE (Oryza sativa L.),Bread & Cereals,ethyl hexadecanoate (=ethyl palmitate),Esters,,
,RICE (Oryza sativa L.),Bread & Cereals,methyl octadecanoate (=methyl stearate),Esters,,
,RICE (Oryza sativa L.),Bread & Cereals,ethyl octadecanoate (=ethyl stearate),Esters,,
,RICE (Oryza sativa L.),Bread & Cereals,methyl 9-octadecenoate,Esters,,
,RICE (Oryza sativa L.),Bread & Cereals,ethyl 9-octadecenoate,Esters,,
,RICE (Oryza sativa L.),Bread & Cereals,"methyl 9,12-octadecadienoate",Esters,,
,RICE (Oryza sativa L.),Bread & Cereals,"ethyl 9,12-octadecadienoate",Esters,,
,RICE (Oryza sativa L.),Bread & Cereals,methyl benzoate,Esters,,
,RICE (Oryza sativa L.),Bread & Cereals,ethyl benzoate,Esters,,
,RICE (Oryza sativa L.),Bread & Cereals,methyl anthranilate,Esters,,
,RICE (Oryza sativa L.),Bread & Cereals,diethyl phthalate,Esters,,
,RICE (Oryza sativa L.),Bread & Cereals,dibutyl phthalate,Esters,,
,RICE (Oryza sativa L.),Bread & Cereals,diisobutyl phthalate,Esters,,
,RICE (Oryza sativa L.),Bread & Cereals,diisooctyl phthalate,Esters,,
,RICE (Oryza sativa L.),Bread & Cereals,"4-hydroxynonanoic acid lactone (=4-nonanolide, γ-nonalactone)",Lactones,,
,RICE (Oryza sativa L.),Bread & Cereals,"4-hydroxydecanoic acid lactone (=4-decanolide, γ-decalactone)",Lactones,,
,RICE (Oryza sativa L.),Bread & Cereals,"4-hydroxyundecanoic acid lactone (=4-undecanolide, γ-undecalactone)",Lactones,,
,RICE (Oryza sativa L.),Bread & Cereals,dihydroactinidiolide,Lactones,,
,RICE (Oryza sativa L.),Bread & Cereals,ammonia,Bases,,
,RICE (Oryza sativa L.),Bread & Cereals,aniline,Bases,,
,RICE (Oryza sativa L.),Bread & Cereals,2-pyrrolidone (=γ-butyrolactam),Bases,,
,RICE (Oryza sativa L.),Bread & Cereals,2-acetyl-1-pyrroline,Bases,0.004,0.3
,RICE (Oryza sativa L.),Bread & Cereals,1-methylpyrrole,Bases,,
,RICE (Oryza sativa L.),Bread & Cereals,ethylpyrrole (unkn.str.),Bases,,
,RICE (Oryza sativa L.),Bread & Cereals,indole,Bases,,
,RICE (Oryza sativa L.),Bread & Cereals,3-methylindole (=skatole),Bases,,
,RICE (Oryza sativa L.),Bread & Cereals,pyridine,Bases,,
,RICE (Oryza sativa L.),Bread & Cereals,2-methylpyridine (=α-picoline),Bases,,
,RICE (Oryza sativa L.),Bread & Cereals,3-methylpyridine (=β-picoline),Bases,,
,RICE (Oryza sativa L.),Bread & Cereals,4-methylpyridine (=γ-picoline),Bases,,
,RICE (Oryza sativa L.),Bread & Cereals,methylpyridine (unkn.str.) (=picoline (unkn.str.)),Bases,,
,RICE (Oryza sativa L.),Bread & Cereals,3-vinylpyridine,Bases,,
,RICE (Oryza sativa L.),Bread & Cereals,"2,6-dimethylpyridine (=2,6-lutidine)",Bases,,
,RICE (Oryza sativa L.),Bread & Cereals,"3,5-dimethylpyridine (=3,5-lutidine)",Bases,,
,RICE (Oryza sativa L.),Bread & Cereals,nicotine,Bases,,
,RICE (Oryza sativa L.),Bread & Cereals,quinoline,Bases,,
,RICE (Oryza sativa L.),Bread & Cereals,2-methylquinoline,Bases,,
,RICE (Oryza sativa L.),Bread & Cereals,pyrazine,Bases,,
,RICE (Oryza sativa L.),Bread & Cereals,methylpyrazine,Bases,,
,RICE (Oryza sativa L.),Bread & Cereals,ethylpyrazine,Bases,,
,RICE (Oryza sativa L.),Bread & Cereals,"2,3-dimethylpyrazine",Bases,,
,RICE (Oryza sativa L.),Bread & Cereals,"2,5-dimethylpyrazine",Bases,,
,RICE (Oryza sativa L.),Bread & Cereals,"2,6-dimethylpyrazine",Bases,,
,RICE (Oryza sativa L.),Bread & Cereals,2-ethyl-3-methylpyrazine,Bases,,
,RICE (Oryza sativa L.),Bread & Cereals,2-ethyl-5-methylpyrazine,Bases,,
,RICE (Oryza sativa L.),Bread & Cereals,ethyl-methylpyrazine (unkn.str.),Bases,,
,RICE (Oryza sativa L.),Bread & Cereals,trimethylpyrazine,Bases,,
,RICE (Oryza sativa L.),Bread & Cereals,tetramethylpyrazine,Bases,,
,RICE (Oryza sativa L.),Bread & Cereals,methanethiol (=methyl mercaptan),Sulfur compounds,,
,RICE (Oryza sativa L.),Bread & Cereals,hydrogen sulfide,Sulfur compounds,,
,RICE (Oryza sativa L.),Bread & Cereals,"dimethyl sulfide (=thiobismethane, methylthiomethane, methyl sulfide)",Sulfur compounds,,
,RICE (Oryza sativa L.),Bread & Cereals,dimethyl disulfide (=methyldithiomethane),Sulfur compounds,,
,RICE (Oryza sativa L.),Bread & Cereals,2-thiophenecarbaldehyde (=2-formylthiophene),Sulfur compounds,,
,RICE (Oryza sativa L.),Bread & Cereals,thiazole,Sulfur compounds,,
,RICE (Oryza sativa L.),Bread & Cereals,5-methylthiazole,Sulfur compounds,,
,RICE (Oryza sativa L.),Bread & Cereals,benzothiazole,Sulfur compounds,,
,RICE (Oryza sativa L.),Bread & Cereals,2-acetylthiazole,Sulfur compounds,,
,RICE (Oryza sativa L.),Bread & Cereals,1-ethoxy-1-pentoxyethane,Acetals,,
,RICE (Oryza sativa L.),Bread & Cereals,"1,8-cineole (=eucalyptol)",Ethers,,
,RICE (Oryza sativa L.),Bread & Cereals,dichlorobenzene (unkn.str.),Halogens,,
,RICE (Oryza sativa L.),Bread & Cereals,phenol (=hydroxybenzene),Phenols,,
,RICE (Oryza sativa L.),Bread & Cereals,2-methylphenol (=o-cresol),Phenols,,
,RICE (Oryza sativa L.),Bread & Cereals,4-methylphenol (=p-cresol),Phenols,,
,RICE (Oryza sativa L.),Bread & Cereals,4-vinylphenol,Phenols,,
,RICE (Oryza sativa L.),Bread & Cereals,vinylphenol (unkn.str.),Phenols,,
,RICE (Oryza sativa L.),Bread & Cereals,"3,5-dimethylphenol (=3,5-xylenol)",Phenols,,
,RICE (Oryza sativa L.),Bread & Cereals,di-tert-butylphenol (unkn.str.),Phenols,,
,RICE (Oryza sativa L.),Bread & Cereals,"2,6-di-tert-butyl-4-methyl-phenol (=B.H.T.)",Phenols,,
,RICE (Oryza sativa L.),Bread & Cereals,2-methoxyphenol (=guaiacol),Phenols,,
,RICE (Oryza sativa L.),Bread & Cereals,2-methoxy-4-vinylphenol (=4-vinylguaiacol),Phenols,,
,RICE (Oryza sativa L.),Bread & Cereals,2-tert-butyl-4-methoxyphenol (=B.H.A.),Phenols,,
,RICE (Oryza sativa L.),Bread & Cereals,"1,2-dimethoxybenzene (=veratrole)",Phenols,,
,RICE (Oryza sativa L.),Bread & Cereals,2-ethylfuran,Furans,,
,RICE (Oryza sativa L.),Bread & Cereals,2-butylfuran,Furans,,
,RICE (Oryza sativa L.),Bread & Cereals,2-pentylfuran,Furans,,
,RICE (Oryza sativa L.),Bread & Cereals,"2,5-dimethylfuran",Furans,,
,RICE (Oryza sativa L.),Bread & Cereals,"furfural (=2-formylfuran, 2-furancarbaldehyde, 2-furaldehyde)",Furans,,
,RICE (Oryza sativa L.),Bread & Cereals,5-methylfurfural,Furans,,
,RICE (Oryza sativa L.),Bread & Cereals,"3,4-dimethyl-5-pentyl-2(5H)-furanone (=dihydrobovolide)",Furans,,
,RICE (Oryza sativa L.),Bread & Cereals,"2-acetylfuran (=2-furyl methyl ketone, 1-(2-furyl)ethanone)",Furans,,
,RICE (Oryza sativa L.),Bread & Cereals,"furfuryl alcohol (=(2-furyl)-methanol, 2-furanmethanol)",Furans,,
,RICE (Oryza sativa L.),Bread & Cereals,2-furancarboxylic acid (=2-furoic acid),Furans,,
,RICE (Oryza sativa L.),Bread & Cereals,linalool oxide (unkn.str.),"(Ep)oxides, pyrans, coumarins",,
,RICE (Oryza sativa L.),Bread & Cereals,cis-linalool oxide (unkn.str.),"(Ep)oxides, pyrans, coumarins",,
,RICE (Oryza sativa L.),Bread & Cereals,trans-linalool oxide (unkn.str.),"(Ep)oxides, pyrans, coumarins",,
RICE (unprocessed),RICE (Oryza sativa L.),Bread & Cereals,α-pinene,Hydrocarbons,,
RICE (unprocessed),RICE (Oryza sativa L.),Bread & Cereals,3-carene,Hydrocarbons,,
RICE (unprocessed),RICE (Oryza sativa L.),Bread & Cereals,benzene,Hydrocarbons,,
RICE (unprocessed),RICE (Oryza sativa L.),Bread & Cereals,methylbenzene (=toluene),Hydrocarbons,,
RICE (unprocessed),RICE (Oryza sativa L.),Bread & Cereals,ethylbenzene (=α-methyltoluene),Hydrocarbons,,
RICE (unprocessed),RICE (Oryza sativa L.),Bread & Cereals,propylbenzene,Hydrocarbons,,
RICE (unprocessed),RICE (Oryza sativa L.),Bread & Cereals,(1-propenyl)benzene,Hydrocarbons,,
RICE (unprocessed),RICE (Oryza sativa L.),Bread & Cereals,"1,2-dimethylbenzene (=o-xylene)",Hydrocarbons,,
RICE (unprocessed),RICE (Oryza sativa L.),Bread & Cereals,"1,3-dimethylbenzene (=m-xylene)",Hydrocarbons,,
RICE (unprocessed),RICE (Oryza sativa L.),Bread & Cereals,"1,4-dimethylbenzene (=p-xylene)",Hydrocarbons,,
RICE (unprocessed),RICE (Oryza sativa L.),Bread & Cereals,1-ethyl-4-methylbenzene (=p-ethyltoluene),Hydrocarbons,,
RICE (unprocessed),RICE (Oryza sativa L.),Bread & Cereals,1-isopropyl-4-methylbenzene (=p-cymene),Hydrocarbons,,
RICE (unprocessed),RICE (Oryza sativa L.),Bread & Cereals,"1,2-diethylbenzene",Hydrocarbons,,
RICE (unprocessed),RICE (Oryza sativa L.),Bread & Cereals,"1,3-diethylbenzene",Hydrocarbons,,
RICE (unprocessed),RICE (Oryza sativa L.),Bread & Cereals,"1,4-diethylbenzene",Hydrocarbons,,
RICE (unprocessed),RICE (Oryza sativa L.),Bread & Cereals,"1,2,3-trimethylbenzene (=hemimellitene)",Hydrocarbons,,
RICE (unprocessed),RICE (Oryza sativa L.),Bread & Cereals,"1,2,4-trimethylbenzene (=pseudocumene)",Hydrocarbons,,
RICE (unprocessed),RICE (Oryza sativa L.),Bread & Cereals,"1,3,5-trimethylbenzene (=mesitylene)",Hydrocarbons,,
RICE (unprocessed),RICE (Oryza sativa L.),Bread & Cereals,"1-ethyl-2,3-dimethylbenzene",Hydrocarbons,,
RICE (unprocessed),RICE (Oryza sativa L.),Bread & Cereals,"1-ethyl-2,4-dimethylbenzene",Hydrocarbons,,
RICE (unprocessed),RICE (Oryza sativa L.),Bread & Cereals,"1-ethyl-3,5-dimethylbenzene",Hydrocarbons,,
RICE (unprocessed),RICE (Oryza sativa L.),Bread & Cereals,"2-ethyl-1,4-dimethylbenzene",Hydrocarbons,,
RICE (unprocessed),RICE (Oryza sativa L.),Bread & Cereals,"1,2,3,4-tetramethylbenzene",Hydrocarbons,,
RICE (unprocessed),RICE (Oryza sativa L.),Bread & Cereals,"1,2,3,5-tetramethylbenzene",Hydrocarbons,,
RICE (unprocessed),RICE (Oryza sativa L.),Bread & Cereals,"1,2,4,5-tetramethylbenzene",Hydrocarbons,,
RICE (unprocessed),RICE (Oryza sativa L.),Bread & Cereals,naphthalene,Hydrocarbons,,
RICE (unprocessed),RICE (Oryza sativa L.),Bread & Cereals,1-methylnaphthalene,Hydrocarbons,,
RICE (unprocessed),RICE (Oryza sativa L.),Bread & Cereals,2-methylnaphthalene,Hydrocarbons,,
RICE (unprocessed),RICE (Oryza sativa L.),Bread & Cereals,2-ethylnaphthalene,Hydrocarbons,,
RICE (unprocessed),RICE (Oryza sativa L.),Bread & Cereals,methanol,Alcohols,,
RICE (unprocessed),RICE (Oryza sativa L.),Bread & Cereals,ethanol,Alcohols,,
RICE (unprocessed),RICE (Oryza sativa L.),Bread & Cereals,1-propanol (=propyl alcohol),Alcohols,,
RICE (unprocessed),RICE (Oryza sativa L.),Bread & Cereals,1-hexanol,Alcohols,,
RICE (unprocessed),RICE (Oryza sativa L.),Bread & Cereals,acetaldehyde (=ethanal),"Carbonyls, aldehydes",,
RICE (unprocessed),RICE (Oryza sativa L.),Bread & Cereals,"2-methylpropanal (=isobutanal, isobutyraldehyde)","Carbonyls, aldehydes",,
RICE (unprocessed),RICE (Oryza sativa L.),Bread & Cereals,butanal (=butyraldehyde),"Carbonyls, aldehydes",,
RICE (unprocessed),RICE (Oryza sativa L.),Bread & Cereals,2-methylbutanal (=α-methylbutanal),"Carbonyls, aldehydes",,
RICE (unprocessed),RICE (Oryza sativa L.),Bread & Cereals,"3-methylbutanal (=isopentanal, isovaleraldehyde)","Carbonyls, aldehydes",,
RICE (unprocessed),RICE (Oryza sativa L.),Bread & Cereals,pentanal (=valeraldehyde),"Carbonyls, aldehydes",,
RICE (unprocessed),RICE (Oryza sativa L.),Bread & Cereals,2-methylpentanal,"Carbonyls, aldehydes",,
RICE (unprocessed),RICE (Oryza sativa L.),Bread & Cereals,hexanal (=capronaldehyde),"Carbonyls, aldehydes",,
RICE (unprocessed),RICE (Oryza sativa L.),Bread & Cereals,2-hexenal,"Carbonyls, aldehydes",,
RICE (unprocessed),RICE (Oryza sativa L.),Bread & Cereals,"2,4-hexadienal","Carbonyls, aldehydes",,
RICE (unprocessed),RICE (Oryza sativa L.),Bread & Cereals,heptanal,"Carbonyls, aldehydes",,
RICE (unprocessed),RICE (Oryza sativa L.),Bread & Cereals,2-heptenal,"Carbonyls, aldehydes",,
RICE (unprocessed),RICE (Oryza sativa L.),Bread & Cereals,"2,4-heptadienal","Carbonyls, aldehydes",,
RICE (unprocessed),RICE (Oryza sativa L.),Bread & Cereals,"(E,Z)-2,4-heptadienal","Carbonyls, aldehydes",,
RICE (unprocessed),RICE (Oryza sativa L.),Bread & Cereals,"(E,E)-2,4-heptadienal","Carbonyls, aldehydes",,
RICE (unprocessed),RICE (Oryza sativa L.),Bread & Cereals,octanal (=caprylaldehyde),"Carbonyls, aldehydes",,
RICE (unprocessed),RICE (Oryza sativa L.),Bread & Cereals,2-octenal,"Carbonyls, aldehydes",,
RICE (unprocessed),RICE (Oryza sativa L.),Bread & Cereals,"2,4-octadienal","Carbonyls, aldehydes",,
RICE (unprocessed),RICE (Oryza sativa L.),Bread & Cereals,nonanal (=pelargonaldehyde),"Carbonyls, aldehydes",,
RICE (unprocessed),RICE (Oryza sativa L.),Bread & Cereals,2-nonenal,"Carbonyls, aldehydes",,
RICE (unprocessed),RICE (Oryza sativa L.),Bread & Cereals,"2,4-nonadienal","Carbonyls, aldehydes",,
RICE (unprocessed),RICE (Oryza sativa L.),Bread & Cereals,decanal (=capraldehyde),"Carbonyls, aldehydes",,
RICE (unprocessed),RICE (Oryza sativa L.),Bread & Cereals,2-decenal,"Carbonyls, aldehydes",,
RICE (unprocessed),RICE (Oryza sativa L.),Bread & Cereals,"2,4-decadienal","Carbonyls, aldehydes",,
RICE (unprocessed),RICE (Oryza sativa L.),Bread & Cereals,2-dodecenal,"Carbonyls, aldehydes",,
RICE (unprocessed),RICE (Oryza sativa L.),Bread & Cereals,benzaldehyde,"Carbonyls, aldehydes",,
RICE (unprocessed),RICE (Oryza sativa L.),Bread & Cereals,4-methylbenzaldehyde (=p-tolualdehyde),"Carbonyls, aldehydes",,
RICE (unprocessed),RICE (Oryza sativa L.),Bread & Cereals,phenylacetaldehyde (=benzeneacetaldehyde),"Carbonyls, aldehydes",,
RICE (unprocessed),RICE (Oryza sativa L.),Bread & Cereals,"acetone (=2-propanone, dimethyl ketone)","Carbonyls, ketones",,
RICE (unprocessed),RICE (Oryza sativa L.),Bread & Cereals,2-butanone (=ethyl methyl ketone),"Carbonyls, ketones",,
RICE (unprocessed),RICE (Oryza sativa L.),Bread & Cereals,2-pentanone,"Carbonyls, ketones",,
RICE (unprocessed),RICE (Oryza sativa L.),Bread & Cereals,3-penten-2-one,"Carbonyls, ketones",,
RICE (unprocessed),RICE (Oryza sativa L.),Bread & Cereals,2-hexanone,"Carbonyls, ketones",,
RICE (unprocessed),RICE (Oryza sativa L.),Bread & Cereals,2-heptanone,"Carbonyls, ketones",,
RICE (unprocessed),RICE (Oryza sativa L.),Bread & Cereals,6-methyl-5-hepten-2-one,"Carbonyls, ketones",,
RICE (unprocessed),RICE (Oryza sativa L.),Bread & Cereals,2-octanone,"Carbonyls, ketones",,
RICE (unprocessed),RICE (Oryza sativa L.),Bread & Cereals,2-nonanone,"Carbonyls, ketones",,
RICE (unprocessed),RICE (Oryza sativa L.),Bread & Cereals,2-decanone,"Carbonyls, ketones",,
RICE (unprocessed),RICE (Oryza sativa L.),Bread & Cereals,2-undecanone,"Carbonyls, ketones",,
RICE (unprocessed),RICE (Oryza sativa L.),Bread & Cereals,2-dodecanone,"Carbonyls, ketones",,
RICE (unprocessed),RICE (Oryza sativa L.),Bread & Cereals,2-butylfuran,Furans,,
RICE (unprocessed),RICE (Oryza sativa L.),Bread & Cereals,2-pentylfuran,Furans,,
RICE (unprocessed),RICE (Oryza sativa L.),Bread & Cereals,"2,5-dimethylfuran",Furans,,
RICE (unprocessed),RICE (Oryza sativa L.),Bread & Cereals,"2-acetylfuran (=2-furyl methyl ketone, 1-(2-furyl)ethanone)",Furans,,
RICE BRAN,RICE (Oryza sativa L.),Bread & Cereals,decane,Hydrocarbons,,
RICE BRAN,RICE (Oryza sativa L.),Bread & Cereals,undecane,Hydrocarbons,,
RICE BRAN,RICE (Oryza sativa L.),Bread & Cereals,dodecane,Hydrocarbons,,
RICE BRAN,RICE (Oryza sativa L.),Bread & Cereals,tridecane,Hydrocarbons,,
RICE BRAN,RICE (Oryza sativa L.),Bread & Cereals,tetradecane,Hydrocarbons,,
RICE BRAN,RICE (Oryza sativa L.),Bread & Cereals,pentadecane,Hydrocarbons,,
RICE BRAN,RICE (Oryza sativa L.),Bread & Cereals,hexadecane,Hydrocarbons,,
RICE BRAN,RICE (Oryza sativa L.),Bread & Cereals,heptadecane,Hydrocarbons,,
RICE BRAN,RICE (Oryza sativa L.),Bread & Cereals,octadecane,Hydrocarbons,,
RICE BRAN,RICE (Oryza sativa L.),Bread & Cereals,nonadecane,Hydrocarbons,,
RICE BRAN,RICE (Oryza sativa L.),Bread & Cereals,eicosane,Hydrocarbons,,
RICE BRAN,RICE (Oryza sativa L.),Bread & Cereals,docosane,Hydrocarbons,,
RICE BRAN,RICE (Oryza sativa L.),Bread & Cereals,limonene,Hydrocarbons,,
RICE BRAN,RICE (Oryza sativa L.),Bread & Cereals,benzene,Hydrocarbons,,
RICE BRAN,RICE (Oryza sativa L.),Bread & Cereals,methylbenzene (=toluene),Hydrocarbons,,
RICE BRAN,RICE (Oryza sativa L.),Bread & Cereals,ethylbenzene (=α-methyltoluene),Hydrocarbons,,
RICE BRAN,RICE (Oryza sativa L.),Bread & Cereals,vinylbenzene (=styrene),Hydrocarbons,,
RICE BRAN,RICE (Oryza sativa L.),Bread & Cereals,propylbenzene,Hydrocarbons,,
RICE BRAN,RICE (Oryza sativa L.),Bread & Cereals,butylbenzene,Hydrocarbons,,
RICE BRAN,RICE (Oryza sativa L.),Bread & Cereals,"1,2-dimethylbenzene (=o-xylene)",Hydrocarbons,,
RICE BRAN,RICE (Oryza sativa L.),Bread & Cereals,"1,3-dimethylbenzene (=m-xylene)",Hydrocarbons,,
RICE BRAN,RICE (Oryza sativa L.),Bread & Cereals,"1,4-dimethylbenzene (=p-xylene)",Hydrocarbons,,
RICE BRAN,RICE (Oryza sativa L.),Bread & Cereals,1-ethyl-2-methylbenzene (=o-ethyltoluene),Hydrocarbons,,
RICE BRAN,RICE (Oryza sativa L.),Bread & Cereals,1-ethyl-4-methylbenzene (=p-ethyltoluene),Hydrocarbons,,
RICE BRAN,RICE (Oryza sativa L.),Bread & Cereals,1-isopropyl-4-methylbenzene (=p-cymene),Hydrocarbons,,
RICE BRAN,RICE (Oryza sativa L.),Bread & Cereals,"1,2,3-trimethylbenzene (=hemimellitene)",Hydrocarbons,,
RICE BRAN,RICE (Oryza sativa L.),Bread & Cereals,"1,2,4-trimethylbenzene (=pseudocumene)",Hydrocarbons,,
RICE BRAN,RICE (Oryza sativa L.),Bread & Cereals,"1,3,5-trimethylbenzene (=mesitylene)",Hydrocarbons,,
RICE BRAN,RICE (Oryza sativa L.),Bread & Cereals,"1,2,3,5-tetramethylbenzene",Hydrocarbons,,
RICE BRAN,RICE (Oryza sativa L.),Bread & Cereals,"1,2,4,5-tetramethylbenzene",Hydrocarbons,,
RICE BRAN,RICE (Oryza sativa L.),Bread & Cereals,indene,Hydrocarbons,,
RICE BRAN,RICE (Oryza sativa L.),Bread & Cereals,naphthalene,Hydrocarbons,,
RICE BRAN,RICE (Oryza sativa L.),Bread & Cereals,1-methylnaphthalene,Hydrocarbons,,
RICE BRAN,RICE (Oryza sativa L.),Bread & Cereals,2-methylnaphthalene,Hydrocarbons,,
RICE BRAN,RICE (Oryza sativa L.),Bread & Cereals,methanol,Alcohols,,
RICE BRAN,RICE (Oryza sativa L.),Bread & Cereals,ethanol,Alcohols,,
RICE BRAN,RICE (Oryza sativa L.),Bread & Cereals,1-propanol (=propyl alcohol),Alcohols,,
RICE BRAN,RICE (Oryza sativa L.),Bread & Cereals,1-butanol,Alcohols,,
RICE BRAN,RICE (Oryza sativa L.),Bread & Cereals,3-methyl-1-butanol (=isoamyl alcohol),Alcohols,,
RICE BRAN,RICE (Oryza sativa L.),Bread & Cereals,1-pentanol (=amyl alcohol),Alcohols,,
RICE BRAN,RICE (Oryza sativa L.),Bread & Cereals,1-hexanol,Alcohols,,
RICE BRAN,RICE (Oryza sativa L.),Bread & Cereals,1-heptanol,Alcohols,,
RICE BRAN,RICE (Oryza sativa L.),Bread & Cereals,1-octanol,Alcohols,,
RICE BRAN,RICE (Oryza sativa L.),Bread & Cereals,1-octen-3-ol,Alcohols,,
RICE BRAN,RICE (Oryza sativa L.),Bread & Cereals,1-nonanol,Alcohols,,
RICE BRAN,RICE (Oryza sativa L.),Bread & Cereals,linalool,Alcohols,,
RICE BRAN,RICE (Oryza sativa L.),Bread & Cereals,benzyl alcohol (=benzenemethanol),Alcohols,,
RICE BRAN,RICE (Oryza sativa L.),Bread & Cereals,2-phenylethanol (=phenethyl alcohol),Alcohols,,
RICE BRAN,RICE (Oryza sativa L.),Bread & Cereals,acetaldehyde (=ethanal),"Carbonyls, aldehydes",,
RICE BRAN,RICE (Oryza sativa L.),Bread & Cereals,"3-methylbutanal (=isopentanal, isovaleraldehyde)","Carbonyls, aldehydes",,
RICE BRAN,RICE (Oryza sativa L.),Bread & Cereals,pentanal (=valeraldehyde),"Carbonyls, aldehydes",,
RICE BRAN,RICE (Oryza sativa L.),Bread & Cereals,hexanal (=capronaldehyde),"Carbonyls, aldehydes",,
RICE BRAN,RICE (Oryza sativa L.),Bread & Cereals,(E)-2-hexenal (=leaf aldehyde),"Carbonyls, aldehydes",,
RICE BRAN,RICE (Oryza sativa L.),Bread & Cereals,heptanal,"Carbonyls, aldehydes",,
RICE BRAN,RICE (Oryza sativa L.),Bread & Cereals,(E)-2-heptenal,"Carbonyls, aldehydes",,
RICE BRAN,RICE (Oryza sativa L.),Bread & Cereals,octanal (=caprylaldehyde),"Carbonyls, aldehydes",,
RICE BRAN,RICE (Oryza sativa L.),Bread & Cereals,(E)-2-octenal,"Carbonyls, aldehydes",,
RICE BRAN,RICE (Oryza sativa L.),Bread & Cereals,nonanal (=pelargonaldehyde),"Carbonyls, aldehydes",,
RICE BRAN,RICE (Oryza sativa L.),Bread & Cereals,(E)-2-nonenal,"Carbonyls, aldehydes",,
RICE BRAN,RICE (Oryza sativa L.),Bread & Cereals,decanal (=capraldehyde),"Carbonyls, aldehydes",,
RICE BRAN,RICE (Oryza sativa L.),Bread & Cereals,(E)-2-decenal,"Carbonyls, aldehydes",,
RICE BRAN,RICE (Oryza sativa L.),Bread & Cereals,"2,4-decadienal","Carbonyls, aldehydes",,
RICE BRAN,RICE (Oryza sativa L.),Bread & Cereals,benzaldehyde,"Carbonyls, aldehydes",,
RICE BRAN,RICE (Oryza sativa L.),Bread & Cereals,phenylacetaldehyde (=benzeneacetaldehyde),"Carbonyls, aldehydes",,
RICE BRAN,RICE (Oryza sativa L.),Bread & Cereals,2-phenyl-2-butenal,"Carbonyls, aldehydes",,
RICE BRAN,RICE (Oryza sativa L.),Bread & Cereals,"acetone (=2-propanone, dimethyl ketone)","Carbonyls, ketones",,
RICE BRAN,RICE (Oryza sativa L.),Bread & Cereals,3-penten-2-one,"Carbonyls, ketones",,
RICE BRAN,RICE (Oryza sativa L.),Bread & Cereals,2-heptanone,"Carbonyls, ketones",,
RICE BRAN,RICE (Oryza sativa L.),Bread & Cereals,6-methyl-5-hepten-2-one,"Carbonyls, ketones",,
RICE BRAN,RICE (Oryza sativa L.),Bread & Cereals,"6-methyl-3,5-heptadien-2-one","Carbonyls, ketones",,
RICE BRAN,RICE (Oryza sativa L.),Bread & Cereals,2-octanone,"Carbonyls, ketones",,
RICE BRAN,RICE (Oryza sativa L.),Bread & Cereals,3-octanone,"Carbonyls, ketones",,
RICE BRAN,RICE (Oryza sativa L.),Bread & Cereals,3-octen-2-one,"Carbonyls, ketones",,
RICE BRAN,RICE (Oryza sativa L.),Bread & Cereals,2-nonanone,"Carbonyls, ketones",,
RICE BRAN,RICE (Oryza sativa L.),Bread & Cereals,2-decanone,"Carbonyls, ketones",,
RICE BRAN,RICE (Oryza sativa L.),Bread & Cereals,2-undecanone,"Carbonyls, ketones",,
RICE BRAN,RICE (Oryza sativa L.),Bread & Cereals,"(E)-6,10-dimethyl-5,9-undecadien-2-one (=geranylacetone)","Carbonyls, ketones",,
RICE BRAN,RICE (Oryza sativa L.),Bread & Cereals,"6,10,14-trimethyl-2-pentadecanone (=hexahydrofarnesylacetone)","Carbonyls, ketones",,
RICE BRAN,RICE (Oryza sativa L.),Bread & Cereals,"3,5,5-trimethyl-2-cyclohexen-1-one (=isophorone)","Carbonyls, ketones",,
RICE BRAN,RICE (Oryza sativa L.),Bread & Cereals,4-methylacetophenone,"Carbonyls, ketones",,
RICE BRAN,RICE (Oryza sativa L.),Bread & Cereals,(E)-β-ionone,"Carbonyls, ketones",,
RICE BRAN,RICE (Oryza sativa L.),Bread & Cereals,2-methylbutanoic acid,Acids,,
RICE BRAN,RICE (Oryza sativa L.),Bread & Cereals,hexanoic acid (=caproic acid),Acids,,
RICE BRAN,RICE (Oryza sativa L.),Bread & Cereals,heptanoic acid (=enanthic acid),Acids,,
RICE BRAN,RICE (Oryza sativa L.),Bread & Cereals,octanoic acid (=caprylic acid),Acids,,
RICE BRAN,RICE (Oryza sativa L.),Bread & Cereals,nonanoic acid (=pelargonic acid),Acids,,
RICE BRAN,RICE (Oryza sativa L.),Bread & Cereals,decanoic acid (=capric acid),Acids,,
RICE BRAN,RICE (Oryza sativa L.),Bread & Cereals,dodecanoic acid (=lauric acid),Acids,,
RICE BRAN,RICE (Oryza sativa L.),Bread & Cereals,tridecanoic acid,Acids,,
RICE BRAN,RICE (Oryza sativa L.),Bread & Cereals,tetradecanoic acid (=myristic acid),Acids,,
RICE BRAN,RICE (Oryza sativa L.),Bread & Cereals,pentadecanoic acid,Acids,,
RICE BRAN,RICE (Oryza sativa L.),Bread & Cereals,hexadecanoic acid (=palmitic acid),Acids,,
RICE BRAN,RICE (Oryza sativa L.),Bread & Cereals,hexadecenoic acid (unkn.str.),Acids,,
RICE BRAN,RICE (Oryza sativa L.),Bread & Cereals,octadecanoic acid (=stearic acid),Acids,,
RICE BRAN,RICE (Oryza sativa L.),Bread & Cereals,(Z)-9-octadecenoic acid (=oleic acid),Acids,,
RICE BRAN,RICE (Oryza sativa L.),Bread & Cereals,"(Z,Z)-9,12-octadecadienoic acid (=linoleic acid)",Acids,,
RICE BRAN,RICE (Oryza sativa L.),Bread & Cereals,"(Z,Z,Z)-9,12,15-octadecatrienoic acid (=linolenic acid)",Acids,,
RICE BRAN,RICE (Oryza sativa L.),Bread & Cereals,benzoic acid,Acids,,
RICE BRAN,RICE (Oryza sativa L.),Bread & Cereals,ethyl formate,Esters,,
RICE BRAN,RICE (Oryza sativa L.),Bread & Cereals,ethyl acetate,Esters,,
RICE BRAN,RICE (Oryza sativa L.),Bread & Cereals,butyl acetate,Esters,,
RICE BRAN,RICE (Oryza sativa L.),Bread & Cereals,ethyl tetradecanoate (=ethyl myristate),Esters,,
RICE BRAN,RICE (Oryza sativa L.),Bread & Cereals,methyl hexadecanoate (=methyl palmitate),Esters,,
RICE BRAN,RICE (Oryza sativa L.),Bread & Cereals,ethyl hexadecanoate (=ethyl palmitate),Esters,,
RICE BRAN,RICE (Oryza sativa L.),Bread & Cereals,methyl 9-octadecenoate,Esters,,
RICE BRAN,RICE (Oryza sativa L.),Bread & Cereals,ethyl 9-octadecenoate,Esters,,
RICE BRAN,RICE (Oryza sativa L.),Bread & Cereals,"ethyl 9,12-octadecadienoate",Esters,,
RICE BRAN,RICE (Oryza sativa L.),Bread & Cereals,methyl anthranilate,Esters,,
RICE BRAN,RICE (Oryza sativa L.),Bread & Cereals,"4-hydroxynonanoic acid lactone (=4-nonanolide, γ-nonalactone)",Lactones,,
RICE BRAN,RICE (Oryza sativa L.),Bread & Cereals,dihydroactinidiolide,Lactones,,
RICE BRAN,RICE (Oryza sativa L.),Bread & Cereals,indole,Bases,,
RICE BRAN,RICE (Oryza sativa L.),Bread & Cereals,3-methylindole (=skatole),Bases,,
RICE BRAN,RICE (Oryza sativa L.),Bread & Cereals,pyridine,Bases,,
RICE BRAN,RICE (Oryza sativa L.),Bread & Cereals,2-methylpyridine (=α-picoline),Bases,,
RICE BRAN,RICE (Oryza sativa L.),Bread & Cereals,3-methylpyridine (=β-picoline),Bases,,
RICE BRAN,RICE (Oryza sativa L.),Bread & Cereals,4-methylpyridine (=γ-picoline),Bases,,
RICE BRAN,RICE (Oryza sativa L.),Bread & Cereals,"2,6-dimethylpyridine (=2,6-lutidine)",Bases,,
RICE BRAN,RICE (Oryza sativa L.),Bread & Cereals,"3,5-dimethylpyridine (=3,5-lutidine)",Bases,,
RICE BRAN,RICE (Oryza sativa L.),Bread & Cereals,quinoline,Bases,,
RICE BRAN,RICE (Oryza sativa L.),Bread & Cereals,2-methylquinoline,Bases,,
RICE BRAN,RICE (Oryza sativa L.),Bread & Cereals,methylpyrazine,Bases,,
RICE BRAN,RICE (Oryza sativa L.),Bread & Cereals,"2,3-dimethylpyrazine",Bases,,
RICE BRAN,RICE (Oryza sativa L.),Bread & Cereals,"2,5-dimethylpyrazine",Bases,,
RICE BRAN,RICE (Oryza sativa L.),Bread & Cereals,"2,6-dimethylpyrazine",Bases,,
RICE BRAN,RICE (Oryza sativa L.),Bread & Cereals,tetramethylpyrazine,Bases,,
RICE BRAN,RICE (Oryza sativa L.),Bread & Cereals,2-thiophenecarbaldehyde (=2-formylthiophene),Sulfur compounds,,
RICE BRAN,RICE (Oryza sativa L.),Bread & Cereals,thiazole,Sulfur compounds,,
RICE BRAN,RICE (Oryza sativa L.),Bread & Cereals,benzothiazole,Sulfur compounds,,
RICE BRAN,RICE (Oryza sativa L.),Bread & Cereals,2-acetylthiazole,Sulfur compounds,,
RICE BRAN,RICE (Oryza sativa L.),Bread & Cereals,1-ethoxy-1-pentoxyethane,Acetals,,
RICE BRAN,RICE (Oryza sativa L.),Bread & Cereals,"1,8-cineole (=eucalyptol)",Ethers,,
RICE BRAN,RICE (Oryza sativa L.),Bread & Cereals,phenol (=hydroxybenzene),Phenols,,
RICE BRAN,RICE (Oryza sativa L.),Bread & Cereals,2-methylphenol (=o-cresol),Phenols,,
RICE BRAN,RICE (Oryza sativa L.),Bread & Cereals,4-methylphenol (=p-cresol),Phenols,,
RICE BRAN,RICE (Oryza sativa L.),Bread & Cereals,4-vinylphenol,Phenols,,
RICE BRAN,RICE (Oryza sativa L.),Bread & Cereals,"3,5-dimethylphenol (=3,5-xylenol)",Phenols,,
RICE BRAN,RICE (Oryza sativa L.),Bread & Cereals,2-methoxyphenol (=guaiacol),Phenols,,
RICE BRAN,RICE (Oryza sativa L.),Bread & Cereals,2-methoxy-4-vinylphenol (=4-vinylguaiacol),Phenols,,
RICE BRAN,RICE (Oryza sativa L.),Bread & Cereals,"1,2-dimethoxybenzene (=veratrole)",Phenols,,
RICE BRAN,RICE (Oryza sativa L.),Bread & Cereals,"furfural (=2-formylfuran, 2-furancarbaldehyde, 2-furaldehyde)",Furans,,
RICE BRAN,RICE (Oryza sativa L.),Bread & Cereals,5-methylfurfural,Furans,,
RICE BRAN,RICE (Oryza sativa L.),Bread & Cereals,"3,4-dimethyl-5-pentyl-2(5H)-furanone (=dihydrobovolide)",Furans,,
RICE BRAN,RICE (Oryza sativa L.),Bread & Cereals,"2-acetylfuran (=2-furyl methyl ketone, 1-(2-furyl)ethanone)",Furans,,
RICE BRAN,RICE (Oryza sativa L.),Bread & Cereals,"furfuryl alcohol (=(2-furyl)-methanol, 2-furanmethanol)",Furans,,
RICE BRAN,RICE (Oryza sativa L.),Bread & Cereals,linalool oxide (unkn.str.),"(Ep)oxides, pyrans, coumarins",,
TRADITIONAL RICE (cooked),RICE (Oryza sativa L.),Bread & Cereals,decane,Hydrocarbons,,
TRADITIONAL RICE (cooked),RICE (Oryza sativa L.),Bread & Cereals,undecane,Hydrocarbons,,
TRADITIONAL RICE (cooked),RICE (Oryza sativa L.),Bread & Cereals,dodecane,Hydrocarbons,,
TRADITIONAL RICE (cooked),RICE (Oryza sativa L.),Bread & Cereals,tridecane,Hydrocarbons,,
TRADITIONAL RICE (cooked),RICE (Oryza sativa L.),Bread & Cereals,tetradecane,Hydrocarbons,,
TRADITIONAL RICE (cooked),RICE (Oryza sativa L.),Bread & Cereals,pentadecane,Hydrocarbons,,
TRADITIONAL RICE (cooked),RICE (Oryza sativa L.),Bread & Cereals,hexadecane,Hydrocarbons,,
TRADITIONAL RICE (cooked),RICE (Oryza sativa L.),Bread & Cereals,heptadecane,Hydrocarbons,,
TRADITIONAL RICE (cooked),RICE (Oryza sativa L.),Bread & Cereals,octadecane,Hydrocarbons,,
TRADITIONAL RICE (cooked),RICE (Oryza sativa L.),Bread & Cereals,nonadecane,Hydrocarbons,,
TRADITIONAL RICE (cooked),RICE (Oryza sativa L.),Bread & Cereals,eicosane,Hydrocarbons,,
TRADITIONAL RICE (cooked),RICE (Oryza sativa L.),Bread & Cereals,heneicosane,Hydrocarbons,,
TRADITIONAL RICE (cooked),RICE (Oryza sativa L.),Bread & Cereals,docosane,Hydrocarbons,,
TRADITIONAL RICE (cooked),RICE (Oryza sativa L.),Bread & Cereals,tricosane,Hydrocarbons,,
TRADITIONAL RICE (cooked),RICE (Oryza sativa L.),Bread & Cereals,tetracosane,Hydrocarbons,,
TRADITIONAL RICE (cooked),RICE (Oryza sativa L.),Bread & Cereals,pentacosane,Hydrocarbons,,
TRADITIONAL RICE (cooked),RICE (Oryza sativa L.),Bread & Cereals,hexacosane,Hydrocarbons,,
TRADITIONAL RICE (cooked),RICE (Oryza sativa L.),Bread & Cereals,heptacosane,Hydrocarbons,,
TRADITIONAL RICE (cooked),RICE (Oryza sativa L.),Bread & Cereals,octacosane,Hydrocarbons,,
TRADITIONAL RICE (cooked),RICE (Oryza sativa L.),Bread & Cereals,nonacosane,Hydrocarbons,,
TRADITIONAL RICE (cooked),RICE (Oryza sativa L.),Bread & Cereals,triacontane,Hydrocarbons,,
TRADITIONAL RICE (cooked),RICE (Oryza sativa L.),Bread & Cereals,limonene,Hydrocarbons,,
TRADITIONAL RICE (cooked),RICE (Oryza sativa L.),Bread & Cereals,α-himachalene,Hydrocarbons,,
TRADITIONAL RICE (cooked),RICE (Oryza sativa L.),Bread & Cereals,β-himachalene,Hydrocarbons,,
TRADITIONAL RICE (cooked),RICE (Oryza sativa L.),Bread & Cereals,benzene,Hydrocarbons,,
TRADITIONAL RICE (cooked),RICE (Oryza sativa L.),Bread & Cereals,methylbenzene (=toluene),Hydrocarbons,,
TRADITIONAL RICE (cooked),RICE (Oryza sativa L.),Bread & Cereals,ethylbenzene (=α-methyltoluene),Hydrocarbons,,
TRADITIONAL RICE (cooked),RICE (Oryza sativa L.),Bread & Cereals,isopropylbenzene (=cumene),Hydrocarbons,,
TRADITIONAL RICE (cooked),RICE (Oryza sativa L.),Bread & Cereals,"1,2-dimethylbenzene (=o-xylene)",Hydrocarbons,,
TRADITIONAL RICE (cooked),RICE (Oryza sativa L.),Bread & Cereals,"1,3-dimethylbenzene (=m-xylene)",Hydrocarbons,,
TRADITIONAL RICE (cooked),RICE (Oryza sativa L.),Bread & Cereals,"1,4-dimethylbenzene (=p-xylene)",Hydrocarbons,,
TRADITIONAL RICE (cooked),RICE (Oryza sativa L.),Bread & Cereals,dimethylbenzene (unkn.str.) (=xylene (unkn.str.)),Hydrocarbons,,
TRADITIONAL RICE (cooked),RICE (Oryza sativa L.),Bread & Cereals,1-isopropyl-4-methylbenzene (=p-cymene),Hydrocarbons,,
TRADITIONAL RICE (cooked),RICE (Oryza sativa L.),Bread & Cereals,naphthalene,Hydrocarbons,,
TRADITIONAL RICE (cooked),RICE (Oryza sativa L.),Bread & Cereals,methylnaphthalene (unkn.str.),Hydrocarbons,,
TRADITIONAL RICE (cooked),RICE (Oryza sativa L.),Bread & Cereals,1-butanol,Alcohols,,
TRADITIONAL RICE (cooked),RICE (Oryza sativa L.),Bread & Cereals,3-methyl-1-butanol (=isoamyl alcohol),Alcohols,,
TRADITIONAL RICE (cooked),RICE (Oryza sativa L.),Bread & Cereals,1-pentanol (=amyl alcohol),Alcohols,,
TRADITIONAL RICE (cooked),RICE (Oryza sativa L.),Bread & Cereals,2-ethyl-4-methyl-1-pentanol,Alcohols,,
TRADITIONAL RICE (cooked),RICE (Oryza sativa L.),Bread & Cereals,1-hexanol,Alcohols,,
TRADITIONAL RICE (cooked),RICE (Oryza sativa L.),Bread & Cereals,2-ethyl-1-hexanol,Alcohols,,
TRADITIONAL RICE (cooked),RICE (Oryza sativa L.),Bread & Cereals,1-heptanol,Alcohols,,
TRADITIONAL RICE (cooked),RICE (Oryza sativa L.),Bread & Cereals,1-octanol,Alcohols,,
TRADITIONAL RICE (cooked),RICE (Oryza sativa L.),Bread & Cereals,1-octen-3-ol,Alcohols,,
TRADITIONAL RICE (cooked),RICE (Oryza sativa L.),Bread & Cereals,1-nonanol,Alcohols,,
TRADITIONAL RICE (cooked),RICE (Oryza sativa L.),Bread & Cereals,1-dodecanol,Alcohols,,
TRADITIONAL RICE (cooked),RICE (Oryza sativa L.),Bread & Cereals,1-pentadecanol,Alcohols,,
TRADITIONAL RICE (cooked),RICE (Oryza sativa L.),Bread & Cereals,1-hexadecanol (=cetanol),Alcohols,,
TRADITIONAL RICE (cooked),RICE (Oryza sativa L.),Bread & Cereals,1-octadecanol,Alcohols,,
TRADITIONAL RICE (cooked),RICE (Oryza sativa L.),Bread & Cereals,linalool,Alcohols,,
TRADITIONAL RICE (cooked),RICE (Oryza sativa L.),Bread & Cereals,nerolidol,Alcohols,,
TRADITIONAL RICE (cooked),RICE (Oryza sativa L.),Bread & Cereals,benzyl alcohol (=benzenemethanol),Alcohols,,
TRADITIONAL RICE (cooked),RICE (Oryza sativa L.),Bread & Cereals,2-phenylethanol (=phenethyl alcohol),Alcohols,,
TRADITIONAL RICE (cooked),RICE (Oryza sativa L.),Bread & Cereals,acetaldehyde (=ethanal),"Carbonyls, aldehydes",,
TRADITIONAL RICE (cooked),RICE (Oryza sativa L.),Bread & Cereals,propanal (=propionaldehyde),"Carbonyls, aldehydes",,
TRADITIONAL RICE (cooked),RICE (Oryza sativa L.),Bread & Cereals,"2-methylpropanal (=isobutanal, isobutyraldehyde)","Carbonyls, aldehydes",,
TRADITIONAL RICE (cooked),RICE (Oryza sativa L.),Bread & Cereals,butanal (=butyraldehyde),"Carbonyls, aldehydes",,
TRADITIONAL RICE (cooked),RICE (Oryza sativa L.),Bread & Cereals,"3-methylbutanal (=isopentanal, isovaleraldehyde)","Carbonyls, aldehydes",,
TRADITIONAL RICE (cooked),RICE (Oryza sativa L.),Bread & Cereals,pentanal (=valeraldehyde),"Carbonyls, aldehydes",,
TRADITIONAL RICE (cooked),RICE (Oryza sativa L.),Bread & Cereals,hexanal (=capronaldehyde),"Carbonyls, aldehydes",,
TRADITIONAL RICE (cooked),RICE (Oryza sativa L.),Bread & Cereals,2-hexenal,"Carbonyls, aldehydes",,
TRADITIONAL RICE (cooked),RICE (Oryza sativa L.),Bread & Cereals,(E)-2-hexenal (=leaf aldehyde),"Carbonyls, aldehydes",,
TRADITIONAL RICE (cooked),RICE (Oryza sativa L.),Bread & Cereals,heptanal,"Carbonyls, aldehydes",,
TRADITIONAL RICE (cooked),RICE (Oryza sativa L.),Bread & Cereals,2-heptenal,"Carbonyls, aldehydes",,
TRADITIONAL RICE (cooked),RICE (Oryza sativa L.),Bread & Cereals,(E)-2-heptenal,"Carbonyls, aldehydes",,
TRADITIONAL RICE (cooked),RICE (Oryza sativa L.),Bread & Cereals,octanal (=caprylaldehyde),"Carbonyls, aldehydes",,
TRADITIONAL RICE (cooked),RICE (Oryza sativa L.),Bread & Cereals,2-octenal,"Carbonyls, aldehydes",,
TRADITIONAL RICE (cooked),RICE (Oryza sativa L.),Bread & Cereals,(E)-2-octenal,"Carbonyls, aldehydes",,
TRADITIONAL RICE (cooked),RICE (Oryza sativa L.),Bread & Cereals,2-butyl-2-octenal,"Carbonyls, aldehydes",,
TRADITIONAL RICE (cooked),RICE (Oryza sativa L.),Bread & Cereals,nonanal (=pelargonaldehyde),"Carbonyls, aldehydes",,
TRADITIONAL RICE (cooked),RICE (Oryza sativa L.),Bread & Cereals,2-nonenal,"Carbonyls, aldehydes",,
TRADITIONAL RICE (cooked),RICE (Oryza sativa L.),Bread & Cereals,(E)-2-nonenal,"Carbonyls, aldehydes",,
TRADITIONAL RICE (cooked),RICE (Oryza sativa L.),Bread & Cereals,"2,4-nonadienal","Carbonyls, aldehydes",,
TRADITIONAL RICE (cooked),RICE (Oryza sativa L.),Bread & Cereals,decanal (=capraldehyde),"Carbonyls, aldehydes",,
TRADITIONAL RICE (cooked),RICE (Oryza sativa L.),Bread & Cereals,2-decenal,"Carbonyls, aldehydes",,
TRADITIONAL RICE (cooked),RICE (Oryza sativa L.),Bread & Cereals,(E)-2-decenal,"Carbonyls, aldehydes",,
TRADITIONAL RICE (cooked),RICE (Oryza sativa L.),Bread & Cereals,"2,4-decadienal","Carbonyls, aldehydes",,
TRADITIONAL RICE (cooked),RICE (Oryza sativa L.),Bread & Cereals,"(E,E)-2,4-decadienal","Carbonyls, aldehydes",,
TRADITIONAL RICE (cooked),RICE (Oryza sativa L.),Bread & Cereals,undecanal,"Carbonyls, aldehydes",,
TRADITIONAL RICE (cooked),RICE (Oryza sativa L.),Bread & Cereals,pentadecanal,"Carbonyls, aldehydes",,
TRADITIONAL RICE (cooked),RICE (Oryza sativa L.),Bread & Cereals,benzaldehyde,"Carbonyls, aldehydes",,
TRADITIONAL RICE (cooked),RICE (Oryza sativa L.),Bread & Cereals,phenylacetaldehyde (=benzeneacetaldehyde),"Carbonyls, aldehydes",,
TRADITIONAL RICE (cooked),RICE (Oryza sativa L.),Bread & Cereals,"acetone (=2-propanone, dimethyl ketone)","Carbonyls, ketones",,
TRADITIONAL RICE (cooked),RICE (Oryza sativa L.),Bread & Cereals,(E)-3-penten-2-one,"Carbonyls, ketones",,
TRADITIONAL RICE (cooked),RICE (Oryza sativa L.),Bread & Cereals,2-heptanone,"Carbonyls, ketones",,
TRADITIONAL RICE (cooked),RICE (Oryza sativa L.),Bread & Cereals,6-methyl-5-hepten-2-one,"Carbonyls, ketones",,
TRADITIONAL RICE (cooked),RICE (Oryza sativa L.),Bread & Cereals,"6-methyl-3,5-heptadien-2-one","Carbonyls, ketones",,
TRADITIONAL RICE (cooked),RICE (Oryza sativa L.),Bread & Cereals,2-octanone,"Carbonyls, ketones",,
TRADITIONAL RICE (cooked),RICE (Oryza sativa L.),Bread & Cereals,3-octanone,"Carbonyls, ketones",,
TRADITIONAL RICE (cooked),RICE (Oryza sativa L.),Bread & Cereals,3-octen-2-one,"Carbonyls, ketones",,
TRADITIONAL RICE (cooked),RICE (Oryza sativa L.),Bread & Cereals,2-nonanone,"Carbonyls, ketones",,
TRADITIONAL RICE (cooked),RICE (Oryza sativa L.),Bread & Cereals,nonanone (unkn.str.),"Carbonyls, ketones",,
TRADITIONAL RICE (cooked),RICE (Oryza sativa L.),Bread & Cereals,2-decanone,"Carbonyls, ketones",,
TRADITIONAL RICE (cooked),RICE (Oryza sativa L.),Bread & Cereals,2-undecanone,"Carbonyls, ketones",,
TRADITIONAL RICE (cooked),RICE (Oryza sativa L.),Bread & Cereals,"6,10-dimethyl-5,9-undecadien-2-one","Carbonyls, ketones",,
TRADITIONAL RICE (cooked),RICE (Oryza sativa L.),Bread & Cereals,2-tridecanone,"Carbonyls, ketones",,
TRADITIONAL RICE (cooked),RICE (Oryza sativa L.),Bread & Cereals,2-pentadecanone,"Carbonyls, ketones",,
TRADITIONAL RICE (cooked),RICE (Oryza sativa L.),Bread & Cereals,"6,10,14-trimethyl-2-pentadecanone (=hexahydrofarnesylacetone)","Carbonyls, ketones",,
TRADITIONAL RICE (cooked),RICE (Oryza sativa L.),Bread & Cereals,"6,10,14-trimethyl-5,9,13-pentadecatrien-2-one (=farnesylacetone)","Carbonyls, ketones",,
TRADITIONAL RICE (cooked),RICE (Oryza sativa L.),Bread & Cereals,2-heptadecanone,"Carbonyls, ketones",,
TRADITIONAL RICE (cooked),RICE (Oryza sativa L.),Bread & Cereals,2-nonadecanone,"Carbonyls, ketones",,
TRADITIONAL RICE (cooked),RICE (Oryza sativa L.),Bread & Cereals,"3,5,5-trimethyl-2-cyclohexen-1-one (=isophorone)","Carbonyls, ketones",,
TRADITIONAL RICE (cooked),RICE (Oryza sativa L.),Bread & Cereals,acetophenone (=1-phenylethanone),"Carbonyls, ketones",,
TRADITIONAL RICE (cooked),RICE (Oryza sativa L.),Bread & Cereals,formic acid,Acids,,
TRADITIONAL RICE (cooked),RICE (Oryza sativa L.),Bread & Cereals,acetic acid,Acids,,
TRADITIONAL RICE (cooked),RICE (Oryza sativa L.),Bread & Cereals,propanoic acid (=propionic acid),Acids,,
TRADITIONAL RICE (cooked),RICE (Oryza sativa L.),Bread & Cereals,2-methylpropanoic acid (=isobutyric acid),Acids,,
TRADITIONAL RICE (cooked),RICE (Oryza sativa L.),Bread & Cereals,butanoic acid (=butyric acid),Acids,,
TRADITIONAL RICE (cooked),RICE (Oryza sativa L.),Bread & Cereals,3-methylbutanoic acid (=isovaleric acid),Acids,,
TRADITIONAL RICE (cooked),RICE (Oryza sativa L.),Bread & Cereals,pentanoic acid (=valeric acid),Acids,,
TRADITIONAL RICE (cooked),RICE (Oryza sativa L.),Bread & Cereals,4-methylpentanoic acid (=isocaproic acid),Acids,,
TRADITIONAL RICE (cooked),RICE (Oryza sativa L.),Bread & Cereals,4-oxopentanoic acid (=levulinic acid),Acids,,
TRADITIONAL RICE (cooked),RICE (Oryza sativa L.),Bread & Cereals,hexanoic acid (=caproic acid),Acids,,
TRADITIONAL RICE (cooked),RICE (Oryza sativa L.),Bread & Cereals,2-hexenoic acid,Acids,,
TRADITIONAL RICE (cooked),RICE (Oryza sativa L.),Bread & Cereals,heptanoic acid (=enanthic acid),Acids,,
TRADITIONAL RICE (cooked),RICE (Oryza sativa L.),Bread & Cereals,octanoic acid (=caprylic acid),Acids,,
TRADITIONAL RICE (cooked),RICE (Oryza sativa L.),Bread & Cereals,nonanoic acid (=pelargonic acid),Acids,,
TRADITIONAL RICE (cooked),RICE (Oryza sativa L.),Bread & Cereals,decanoic acid (=capric acid),Acids,,
TRADITIONAL RICE (cooked),RICE (Oryza sativa L.),Bread & Cereals,undecanoic acid,Acids,,
TRADITIONAL RICE (cooked),RICE (Oryza sativa L.),Bread & Cereals,dodecanoic acid (=lauric acid),Acids,,
TRADITIONAL RICE (cooked),RICE (Oryza sativa L.),Bread & Cereals,tridecanoic acid,Acids,,
TRADITIONAL RICE (cooked),RICE (Oryza sativa L.),Bread & Cereals,tetradecanoic acid (=myristic acid),Acids,,
TRADITIONAL RICE (cooked),RICE (Oryza sativa L.),Bread & Cereals,pentadecanoic acid,Acids,,
TRADITIONAL RICE (cooked),RICE (Oryza sativa L.),Bread & Cereals,hexadecanoic acid (=palmitic acid),Acids,,
TRADITIONAL RICE (cooked),RICE (Oryza sativa L.),Bread & Cereals,heptadecanoic acid (=margaric acid),Acids,,
TRADITIONAL RICE (cooked),RICE (Oryza sativa L.),Bread & Cereals,octadecanoic acid (=stearic acid),Acids,,
TRADITIONAL RICE (cooked),RICE (Oryza sativa L.),Bread & Cereals,(Z)-9-octadecenoic acid (=oleic acid),Acids,,
TRADITIONAL RICE (cooked),RICE (Oryza sativa L.),Bread & Cereals,"(Z,Z)-9,12-octadecadienoic acid (=linoleic acid)",Acids,,
TRADITIONAL RICE (cooked),RICE (Oryza sativa L.),Bread & Cereals,"(Z,Z,Z)-9,12,15-octadecatrienoic acid (=linolenic acid)",Acids,,
TRADITIONAL RICE (cooked),RICE (Oryza sativa L.),Bread & Cereals,benzoic acid,Acids,,
TRADITIONAL RICE (cooked),RICE (Oryza sativa L.),Bread & Cereals,ethyl acetate,Esters,,
TRADITIONAL RICE (cooked),RICE (Oryza sativa L.),Bread & Cereals,geranyl acetate,Esters,,
TRADITIONAL RICE (cooked),RICE (Oryza sativa L.),Bread & Cereals,ethyl tetradecanoate (=ethyl myristate),Esters,,
TRADITIONAL RICE (cooked),RICE (Oryza sativa L.),Bread & Cereals,methyl hexadecanoate (=methyl palmitate),Esters,,
TRADITIONAL RICE (cooked),RICE (Oryza sativa L.),Bread & Cereals,ethyl hexadecanoate (=ethyl palmitate),Esters,,
TRADITIONAL RICE (cooked),RICE (Oryza sativa L.),Bread & Cereals,methyl octadecanoate (=methyl stearate),Esters,,
TRADITIONAL RICE (cooked),RICE (Oryza sativa L.),Bread & Cereals,ethyl octadecanoate (=ethyl stearate),Esters,,
TRADITIONAL RICE (cooked),RICE (Oryza sativa L.),Bread & Cereals,methyl 9-octadecenoate,Esters,,
TRADITIONAL RICE (cooked),RICE (Oryza sativa L.),Bread & Cereals,ethyl 9-octadecenoate,Esters,,
TRADITIONAL RICE (cooked),RICE (Oryza sativa L.),Bread & Cereals,"methyl 9,12-octadecadienoate",Esters,,
TRADITIONAL RICE (cooked),RICE (Oryza sativa L.),Bread & Cereals,"ethyl 9,12-octadecadienoate",Esters,,
TRADITIONAL RICE (cooked),RICE (Oryza sativa L.),Bread & Cereals,methyl benzoate,Esters,,
TRADITIONAL RICE (cooked),RICE (Oryza sativa L.),Bread & Cereals,ethyl benzoate,Esters,,
TRADITIONAL RICE (cooked),RICE (Oryza sativa L.),Bread & Cereals,diethyl phthalate,Esters,,
TRADITIONAL RICE (cooked),RICE (Oryza sativa L.),Bread & Cereals,dibutyl phthalate,Esters,,
TRADITIONAL RICE (cooked),RICE (Oryza sativa L.),Bread & Cereals,diisobutyl phthalate,Esters,,
TRADITIONAL RICE (cooked),RICE (Oryza sativa L.),Bread & Cereals,diisooctyl phthalate,Esters,,
TRADITIONAL RICE (cooked),RICE (Oryza sativa L.),Bread & Cereals,ammonia,Bases,,
TRADITIONAL RICE (cooked),RICE (Oryza sativa L.),Bread & Cereals,aniline,Bases,,
TRADITIONAL RICE (cooked),RICE (Oryza sativa L.),Bread & Cereals,2-acetyl-1-pyrroline,Bases,0.004,0.004
TRADITIONAL RICE (cooked),RICE (Oryza sativa L.),Bread & Cereals,1-methylpyrrole,Bases,,
TRADITIONAL RICE (cooked),RICE (Oryza sativa L.),Bread & Cereals,ethylpyrrole (unkn.str.),Bases,,
TRADITIONAL RICE (cooked),RICE (Oryza sativa L.),Bread & Cereals,indole,Bases,,
TRADITIONAL RICE (cooked),RICE (Oryza sativa L.),Bread & Cereals,pyridine,Bases,,
TRADITIONAL RICE (cooked),RICE (Oryza sativa L.),Bread & Cereals,2-methylpyridine (=α-picoline),Bases,,
TRADITIONAL RICE (cooked),RICE (Oryza sativa L.),Bread & Cereals,3-methylpyridine (=β-picoline),Bases,,
TRADITIONAL RICE (cooked),RICE (Oryza sativa L.),Bread & Cereals,methylpyridine (unkn.str.) (=picoline (unkn.str.)),Bases,,
TRADITIONAL RICE (cooked),RICE (Oryza sativa L.),Bread & Cereals,quinoline,Bases,,
TRADITIONAL RICE (cooked),RICE (Oryza sativa L.),Bread & Cereals,pyrazine,Bases,,
TRADITIONAL RICE (cooked),RICE (Oryza sativa L.),Bread & Cereals,methylpyrazine,Bases,,
TRADITIONAL RICE (cooked),RICE (Oryza sativa L.),Bread & Cereals,ethylpyrazine,Bases,,
TRADITIONAL RICE (cooked),RICE (Oryza sativa L.),Bread & Cereals,"2,3-dimethylpyrazine",Bases,,
TRADITIONAL RICE (cooked),RICE (Oryza sativa L.),Bread & Cereals,"2,5-dimethylpyrazine",Bases,,
TRADITIONAL RICE (cooked),RICE (Oryza sativa L.),Bread & Cereals,"2,6-dimethylpyrazine",Bases,,
TRADITIONAL RICE (cooked),RICE (Oryza sativa L.),Bread & Cereals,ethyl-methylpyrazine (unkn.str.),Bases,,
TRADITIONAL RICE (cooked),RICE (Oryza sativa L.),Bread & Cereals,trimethylpyrazine,Bases,,
TRADITIONAL RICE (cooked),RICE (Oryza sativa L.),Bread & Cereals,methanethiol (=methyl mercaptan),Sulfur compounds,,
TRADITIONAL RICE (cooked),RICE (Oryza sativa L.),Bread & Cereals,hydrogen sulfide,Sulfur compounds,,
TRADITIONAL RICE (cooked),RICE (Oryza sativa L.),Bread & Cereals,"dimethyl sulfide (=thiobismethane, methylthiomethane, methyl sulfide)",Sulfur compounds,,
TRADITIONAL RICE (cooked),RICE (Oryza sativa L.),Bread & Cereals,dimethyl disulfide (=methyldithiomethane),Sulfur compounds,,
TRADITIONAL RICE (cooked),RICE (Oryza sativa L.),Bread & Cereals,thiazole,Sulfur compounds,,
TRADITIONAL RICE (cooked),RICE (Oryza sativa L.),Bread & Cereals,5-methylthiazole,Sulfur compounds,,
TRADITIONAL RICE (cooked),RICE (Oryza sativa L.),Bread & Cereals,benzothiazole,Sulfur compounds,,
TRADITIONAL RICE (cooked),RICE (Oryza sativa L.),Bread & Cereals,2-acetylthiazole,Sulfur compounds,,
TRADITIONAL RICE (cooked),RICE (Oryza sativa L.),Bread & Cereals,dichlorobenzene (unkn.str.),Halogens,,
TRADITIONAL RICE (cooked),RICE (Oryza sativa L.),Bread & Cereals,phenol (=hydroxybenzene),Phenols,,
TRADITIONAL RICE (cooked),RICE (Oryza sativa L.),Bread & Cereals,4-methylphenol (=p-cresol),Phenols,,
TRADITIONAL RICE (cooked),RICE (Oryza sativa L.),Bread & Cereals,4-vinylphenol,Phenols,,
TRADITIONAL RICE (cooked),RICE (Oryza sativa L.),Bread & Cereals,vinylphenol (unkn.str.),Phenols,,
TRADITIONAL RICE (cooked),RICE (Oryza sativa L.),Bread & Cereals,di-tert-butylphenol (unkn.str.),Phenols,,
TRADITIONAL RICE (cooked),RICE (Oryza sativa L.),Bread & Cereals,"2,6-di-tert-butyl-4-methyl-phenol (=B.H.T.)",Phenols,,
TRADITIONAL RICE (cooked),RICE (Oryza sativa L.),Bread & Cereals,2-methoxyphenol (=guaiacol),Phenols,,
TRADITIONAL RICE (cooked),RICE (Oryza sativa L.),Bread & Cereals,2-methoxy-4-vinylphenol (=4-vinylguaiacol),Phenols,,
TRADITIONAL RICE (cooked),RICE (Oryza sativa L.),Bread & Cereals,2-tert-butyl-4-methoxyphenol (=B.H.A.),Phenols,,
TRADITIONAL RICE (cooked),RICE (Oryza sativa L.),Bread & Cereals,2-ethylfuran,Furans,,
TRADITIONAL RICE (cooked),RICE (Oryza sativa L.),Bread & Cereals,2-pentylfuran,Furans,,
TRADITIONAL RICE (cooked),RICE (Oryza sativa L.),Bread & Cereals,"furfural (=2-formylfuran, 2-furancarbaldehyde, 2-furaldehyde)",Furans,,
TRADITIONAL RICE (cooked),RICE (Oryza sativa L.),Bread & Cereals,"3,4-dimethyl-5-pentyl-2(5H)-furanone (=dihydrobovolide)",Furans,,
SCENTED RICE (cooked),RICE (Oryza sativa L.),Bread & Cereals,nonane,Hydrocarbons,,
SCENTED RICE (cooked),RICE (Oryza sativa L.),Bread & Cereals,decane,Hydrocarbons,,
SCENTED RICE (cooked),RICE (Oryza sativa L.),Bread & Cereals,undecane,Hydrocarbons,,
SCENTED RICE (cooked),RICE (Oryza sativa L.),Bread & Cereals,dodecane,Hydrocarbons,,
SCENTED RICE (cooked),RICE (Oryza sativa L.),Bread & Cereals,tridecane,Hydrocarbons,,
SCENTED RICE (cooked),RICE (Oryza sativa L.),Bread & Cereals,tetradecane,Hydrocarbons,,
SCENTED RICE (cooked),RICE (Oryza sativa L.),Bread & Cereals,pentadecane,Hydrocarbons,,
SCENTED RICE (cooked),RICE (Oryza sativa L.),Bread & Cereals,hexadecane,Hydrocarbons,,
SCENTED RICE (cooked),RICE (Oryza sativa L.),Bread & Cereals,heptadecane,Hydrocarbons,,
SCENTED RICE (cooked),RICE (Oryza sativa L.),Bread & Cereals,octadecane,Hydrocarbons,,
SCENTED RICE (cooked),RICE (Oryza sativa L.),Bread & Cereals,nonadecane,Hydrocarbons,,
SCENTED RICE (cooked),RICE (Oryza sativa L.),Bread & Cereals,eicosane,Hydrocarbons,,
SCENTED RICE (cooked),RICE (Oryza sativa L.),Bread & Cereals,heneicosane,Hydrocarbons,,
SCENTED RICE (cooked),RICE (Oryza sativa L.),Bread & Cereals,docosane,Hydrocarbons,,
SCENTED RICE (cooked),RICE (Oryza sativa L.),Bread & Cereals,tricosane,Hydrocarbons,,
SCENTED RICE (cooked),RICE (Oryza sativa L.),Bread & Cereals,tetracosane,Hydrocarbons,,
SCENTED RICE (cooked),RICE (Oryza sativa L.),Bread & Cereals,pentacosane,Hydrocarbons,,
SCENTED RICE (cooked),RICE (Oryza sativa L.),Bread & Cereals,hexacosane,Hydrocarbons,,
SCENTED RICE (cooked),RICE (Oryza sativa L.),Bread & Cereals,heptacosane,Hydrocarbons,,
SCENTED RICE (cooked),RICE (Oryza sativa L.),Bread & Cereals,octacosane,Hydrocarbons,,
SCENTED RICE (cooked),RICE (Oryza sativa L.),Bread & Cereals,nonacosane,Hydrocarbons,,
SCENTED RICE (cooked),RICE (Oryza sativa L.),Bread & Cereals,triacontane,Hydrocarbons,,
SCENTED RICE (cooked),RICE (Oryza sativa L.),Bread & Cereals,limonene,Hydrocarbons,,
SCENTED RICE (cooked),RICE (Oryza sativa L.),Bread & Cereals,α-himachalene,Hydrocarbons,,
SCENTED RICE (cooked),RICE (Oryza sativa L.),Bread & Cereals,β-himachalene,Hydrocarbons,,
SCENTED RICE (cooked),RICE (Oryza sativa L.),Bread & Cereals,dimethylbenzene (unkn.str.) (=xylene (unkn.str.)),Hydrocarbons,,
SCENTED RICE (cooked),RICE (Oryza sativa L.),Bread & Cereals,naphthalene,Hydrocarbons,,
SCENTED RICE (cooked),RICE (Oryza sativa L.),Bread & Cereals,methylnaphthalene (unkn.str.),Hydrocarbons,,
SCENTED RICE (cooked),RICE (Oryza sativa L.),Bread & Cereals,ethanol,Alcohols,,
SCENTED RICE (cooked),RICE (Oryza sativa L.),Bread & Cereals,1-butanol,Alcohols,,
SCENTED RICE (cooked),RICE (Oryza sativa L.),Bread & Cereals,1-pentanol (=amyl alcohol),Alcohols,,
SCENTED RICE (cooked),RICE (Oryza sativa L.),Bread & Cereals,1-hexanol,Alcohols,,
SCENTED RICE (cooked),RICE (Oryza sativa L.),Bread & Cereals,(E)-2-hexen-1-ol,Alcohols,,
SCENTED RICE (cooked),RICE (Oryza sativa L.),Bread & Cereals,2-ethyl-1-hexanol,Alcohols,,
SCENTED RICE (cooked),RICE (Oryza sativa L.),Bread & Cereals,1-heptanol,Alcohols,,
SCENTED RICE (cooked),RICE (Oryza sativa L.),Bread & Cereals,2-heptanol,Alcohols,,
SCENTED RICE (cooked),RICE (Oryza sativa L.),Bread & Cereals,1-octanol,Alcohols,,
SCENTED RICE (cooked),RICE (Oryza sativa L.),Bread & Cereals,1-octen-3-ol,Alcohols,,
SCENTED RICE (cooked),RICE (Oryza sativa L.),Bread & Cereals,1-nonanol,Alcohols,,
SCENTED RICE (cooked),RICE (Oryza sativa L.),Bread & Cereals,2-nonen-1-ol,Alcohols,,
SCENTED RICE (cooked),RICE (Oryza sativa L.),Bread & Cereals,1-decanol,Alcohols,,
SCENTED RICE (cooked),RICE (Oryza sativa L.),Bread & Cereals,1-dodecanol,Alcohols,,
SCENTED RICE (cooked),RICE (Oryza sativa L.),Bread & Cereals,1-pentadecanol,Alcohols,,
SCENTED RICE (cooked),RICE (Oryza sativa L.),Bread & Cereals,1-hexadecanol (=cetanol),Alcohols,,
SCENTED RICE (cooked),RICE (Oryza sativa L.),Bread & Cereals,1-octadecanol,Alcohols,,
SCENTED RICE (cooked),RICE (Oryza sativa L.),Bread & Cereals,linalool,Alcohols,,
SCENTED RICE (cooked),RICE (Oryza sativa L.),Bread & Cereals,farnesol,Alcohols,,
SCENTED RICE (cooked),RICE (Oryza sativa L.),Bread & Cereals,benzyl alcohol (=benzenemethanol),Alcohols,,
SCENTED RICE (cooked),RICE (Oryza sativa L.),Bread & Cereals,2-phenylethanol (=phenethyl alcohol),Alcohols,,
SCENTED RICE (cooked),RICE (Oryza sativa L.),Bread & Cereals,menthol,Alcohols,,
SCENTED RICE (cooked),RICE (Oryza sativa L.),Bread & Cereals,α-terpineol,Alcohols,,
SCENTED RICE (cooked),RICE (Oryza sativa L.),Bread & Cereals,pentanal (=valeraldehyde),"Carbonyls, aldehydes",,
SCENTED RICE (cooked),RICE (Oryza sativa L.),Bread & Cereals,hexanal (=capronaldehyde),"Carbonyls, aldehydes",,
SCENTED RICE (cooked),RICE (Oryza sativa L.),Bread & Cereals,heptanal,"Carbonyls, aldehydes",,
SCENTED RICE (cooked),RICE (Oryza sativa L.),Bread & Cereals,2-heptenal,"Carbonyls, aldehydes",,
SCENTED RICE (cooked),RICE (Oryza sativa L.),Bread & Cereals,(E)-2-heptenal,"Carbonyls, aldehydes",,
SCENTED RICE (cooked),RICE (Oryza sativa L.),Bread & Cereals,"2,4-heptadienal","Carbonyls, aldehydes",,
SCENTED RICE (cooked),RICE (Oryza sativa L.),Bread & Cereals,octanal (=caprylaldehyde),"Carbonyls, aldehydes",,
SCENTED RICE (cooked),RICE (Oryza sativa L.),Bread & Cereals,2-octenal,"Carbonyls, aldehydes",,
SCENTED RICE (cooked),RICE (Oryza sativa L.),Bread & Cereals,(E)-2-octenal,"Carbonyls, aldehydes",,
SCENTED RICE (cooked),RICE (Oryza sativa L.),Bread & Cereals,2-butyl-2-octenal,"Carbonyls, aldehydes",,
SCENTED RICE (cooked),RICE (Oryza sativa L.),Bread & Cereals,nonanal (=pelargonaldehyde),"Carbonyls, aldehydes",,
SCENTED RICE (cooked),RICE (Oryza sativa L.),Bread & Cereals,2-nonenal,"Carbonyls, aldehydes",,
SCENTED RICE (cooked),RICE (Oryza sativa L.),Bread & Cereals,(E)-2-nonenal,"Carbonyls, aldehydes",,
SCENTED RICE (cooked),RICE (Oryza sativa L.),Bread & Cereals,"2,4-nonadienal","Carbonyls, aldehydes",,
SCENTED RICE (cooked),RICE (Oryza sativa L.),Bread & Cereals,decanal (=capraldehyde),"Carbonyls, aldehydes",,
SCENTED RICE (cooked),RICE (Oryza sativa L.),Bread & Cereals,2-decenal,"Carbonyls, aldehydes",,
SCENTED RICE (cooked),RICE (Oryza sativa L.),Bread & Cereals,(E)-2-decenal,"Carbonyls, aldehydes",,
SCENTED RICE (cooked),RICE (Oryza sativa L.),Bread & Cereals,"2,4-decadienal","Carbonyls, aldehydes",,
SCENTED RICE (cooked),RICE (Oryza sativa L.),Bread & Cereals,"(E,Z)-2,4-decadienal","Carbonyls, aldehydes",,
SCENTED RICE (cooked),RICE (Oryza sativa L.),Bread & Cereals,"(E,E)-2,4-decadienal","Carbonyls, aldehydes",,
SCENTED RICE (cooked),RICE (Oryza sativa L.),Bread & Cereals,undecanal,"Carbonyls, aldehydes",,
SCENTED RICE (cooked),RICE (Oryza sativa L.),Bread & Cereals,pentadecanal,"Carbonyls, aldehydes",,
SCENTED RICE (cooked),RICE (Oryza sativa L.),Bread & Cereals,"citral (=3,7-dimethyl-2,6-octadienal)","Carbonyls, aldehydes",,
SCENTED RICE (cooked),RICE (Oryza sativa L.),Bread & Cereals,benzaldehyde,"Carbonyls, aldehydes",,
SCENTED RICE (cooked),RICE (Oryza sativa L.),Bread & Cereals,phenylacetaldehyde (=benzeneacetaldehyde),"Carbonyls, aldehydes",,
SCENTED RICE (cooked),RICE (Oryza sativa L.),Bread & Cereals,α-hexylcinnamaldehyde,"Carbonyls, aldehydes",,
SCENTED RICE (cooked),RICE (Oryza sativa L.),Bread & Cereals,2-heptanone,"Carbonyls, ketones",,
SCENTED RICE (cooked),RICE (Oryza sativa L.),Bread & Cereals,6-methyl-5-hepten-2-one,"Carbonyls, ketones",,
SCENTED RICE (cooked),RICE (Oryza sativa L.),Bread & Cereals,methylheptenone (unkn.str.),"Carbonyls, ketones",,
SCENTED RICE (cooked),RICE (Oryza sativa L.),Bread & Cereals,2-octanone,"Carbonyls, ketones",,
SCENTED RICE (cooked),RICE (Oryza sativa L.),Bread & Cereals,3-octen-2-one,"Carbonyls, ketones",,
SCENTED RICE (cooked),RICE (Oryza sativa L.),Bread & Cereals,nonanone (unkn.str.),"Carbonyls, ketones",,
SCENTED RICE (cooked),RICE (Oryza sativa L.),Bread & Cereals,2-decanone,"Carbonyls, ketones",,
SCENTED RICE (cooked),RICE (Oryza sativa L.),Bread & Cereals,2-undecanone,"Carbonyls, ketones",,
SCENTED RICE (cooked),RICE (Oryza sativa L.),Bread & Cereals,"6,10-dimethyl-5,9-undecadien-2-one","Carbonyls, ketones",,
SCENTED RICE (cooked),RICE (Oryza sativa L.),Bread & Cereals,"(E)-6,10-dimethyl-5,9-undecadien-2-one (=geranylacetone)","Carbonyls, ketones",,
SCENTED RICE (cooked),RICE (Oryza sativa L.),Bread & Cereals,2-tridecanone,"Carbonyls, ketones",,
SCENTED RICE (cooked),RICE (Oryza sativa L.),Bread & Cereals,2-pentadecanone,"Carbonyls, ketones",,
SCENTED RICE (cooked),RICE (Oryza sativa L.),Bread & Cereals,"6,10,14-trimethyl-2-pentadecanone (=hexahydrofarnesylacetone)","Carbonyls, ketones",,
SCENTED RICE (cooked),RICE (Oryza sativa L.),Bread & Cereals,"6,10,14-trimethyl-5,9,13-pentadecatrien-2-one (=farnesylacetone)","Carbonyls, ketones",,
SCENTED RICE (cooked),RICE (Oryza sativa L.),Bread & Cereals,2-heptadecanone,"Carbonyls, ketones",,
SCENTED RICE (cooked),RICE (Oryza sativa L.),Bread & Cereals,cyclohexanone,"Carbonyls, ketones",,
SCENTED RICE (cooked),RICE (Oryza sativa L.),Bread & Cereals,menthone,"Carbonyls, ketones",,
SCENTED RICE (cooked),RICE (Oryza sativa L.),Bread & Cereals,"carvone (=p-6,8-menthadien-2-one)","Carbonyls, ketones",,
SCENTED RICE (cooked),RICE (Oryza sativa L.),Bread & Cereals,hexanoic acid (=caproic acid),Acids,,
SCENTED RICE (cooked),RICE (Oryza sativa L.),Bread & Cereals,2-ethylhexanoic acid,Acids,,
SCENTED RICE (cooked),RICE (Oryza sativa L.),Bread & Cereals,heptanoic acid (=enanthic acid),Acids,,
SCENTED RICE (cooked),RICE (Oryza sativa L.),Bread & Cereals,octanoic acid (=caprylic acid),Acids,,
SCENTED RICE (cooked),RICE (Oryza sativa L.),Bread & Cereals,nonanoic acid (=pelargonic acid),Acids,,
SCENTED RICE (cooked),RICE (Oryza sativa L.),Bread & Cereals,decanoic acid (=capric acid),Acids,,
SCENTED RICE (cooked),RICE (Oryza sativa L.),Bread & Cereals,dodecanoic acid (=lauric acid),Acids,,
SCENTED RICE (cooked),RICE (Oryza sativa L.),Bread & Cereals,tridecanoic acid,Acids,,
SCENTED RICE (cooked),RICE (Oryza sativa L.),Bread & Cereals,tetradecanoic acid (=myristic acid),Acids,,
SCENTED RICE (cooked),RICE (Oryza sativa L.),Bread & Cereals,pentadecanoic acid,Acids,,
SCENTED RICE (cooked),RICE (Oryza sativa L.),Bread & Cereals,hexadecanoic acid (=palmitic acid),Acids,,
SCENTED RICE (cooked),RICE (Oryza sativa L.),Bread & Cereals,octadecanoic acid (=stearic acid),Acids,,
SCENTED RICE (cooked),RICE (Oryza sativa L.),Bread & Cereals,(Z)-9-octadecenoic acid (=oleic acid),Acids,,
SCENTED RICE (cooked),RICE (Oryza sativa L.),Bread & Cereals,"(Z,Z)-9,12-octadecadienoic acid (=linoleic acid)",Acids,,
SCENTED RICE (cooked),RICE (Oryza sativa L.),Bread & Cereals,"(Z,Z,Z)-9,12,15-octadecatrienoic acid (=linolenic acid)",Acids,,
SCENTED RICE (cooked),RICE (Oryza sativa L.),Bread & Cereals,nonadecanoic acid,Acids,,
SCENTED RICE (cooked),RICE (Oryza sativa L.),Bread & Cereals,eicosanoic acid (=arachidic acid),Acids,,
SCENTED RICE (cooked),RICE (Oryza sativa L.),Bread & Cereals,succinic acid (=butanedioic acid),Acids,,
SCENTED RICE (cooked),RICE (Oryza sativa L.),Bread & Cereals,ethyl acetate,Esters,,
SCENTED RICE (cooked),RICE (Oryza sativa L.),Bread & Cereals,butyl acetate,Esters,,
SCENTED RICE (cooked),RICE (Oryza sativa L.),Bread & Cereals,benzyl acetate,Esters,,
SCENTED RICE (cooked),RICE (Oryza sativa L.),Bread & Cereals,ethyl hexanoate (=ethyl caproate),Esters,,
SCENTED RICE (cooked),RICE (Oryza sativa L.),Bread & Cereals,methyl hexadecanoate (=methyl palmitate),Esters,,
SCENTED RICE (cooked),RICE (Oryza sativa L.),Bread & Cereals,ethyl hexadecanoate (=ethyl palmitate),Esters,,
SCENTED RICE (cooked),RICE (Oryza sativa L.),Bread & Cereals,methyl octadecanoate (=methyl stearate),Esters,,
SCENTED RICE (cooked),RICE (Oryza sativa L.),Bread & Cereals,methyl 9-octadecenoate,Esters,,
SCENTED RICE (cooked),RICE (Oryza sativa L.),Bread & Cereals,ethyl 9-octadecenoate,Esters,,
SCENTED RICE (cooked),RICE (Oryza sativa L.),Bread & Cereals,"methyl 9,12-octadecadienoate",Esters,,
SCENTED RICE (cooked),RICE (Oryza sativa L.),Bread & Cereals,"ethyl 9,12-octadecadienoate",Esters,,
SCENTED RICE (cooked),RICE (Oryza sativa L.),Bread & Cereals,methyl benzoate,Esters,,
SCENTED RICE (cooked),RICE (Oryza sativa L.),Bread & Cereals,diethyl phthalate,Esters,,
SCENTED RICE (cooked),RICE (Oryza sativa L.),Bread & Cereals,dibutyl phthalate,Esters,,
SCENTED RICE (cooked),RICE (Oryza sativa L.),Bread & Cereals,diisobutyl phthalate,Esters,,
SCENTED RICE (cooked),RICE (Oryza sativa L.),Bread & Cereals,diisooctyl phthalate,Esters,,
SCENTED RICE (cooked),RICE (Oryza sativa L.),Bread & Cereals,"4-hydroxynonanoic acid lactone (=4-nonanolide, γ-nonalactone)",Lactones,,
SCENTED RICE (cooked),RICE (Oryza sativa L.),Bread & Cereals,"4-hydroxydecanoic acid lactone (=4-decanolide, γ-decalactone)",Lactones,,
SCENTED RICE (cooked),RICE (Oryza sativa L.),Bread & Cereals,"4-hydroxyundecanoic acid lactone (=4-undecanolide, γ-undecalactone)",Lactones,,
SCENTED RICE (cooked),RICE (Oryza sativa L.),Bread & Cereals,2-pyrrolidone (=γ-butyrolactam),Bases,,
SCENTED RICE (cooked),RICE (Oryza sativa L.),Bread & Cereals,2-acetyl-1-pyrroline,Bases,0.04,0.3
SCENTED RICE (cooked),RICE (Oryza sativa L.),Bread & Cereals,indole,Bases,,
SCENTED RICE (cooked),RICE (Oryza sativa L.),Bread & Cereals,pyridine,Bases,,
SCENTED RICE (cooked),RICE (Oryza sativa L.),Bread & Cereals,2-methylpyridine (=α-picoline),Bases,,
SCENTED RICE (cooked),RICE (Oryza sativa L.),Bread & Cereals,3-methylpyridine (=β-picoline),Bases,,
SCENTED RICE (cooked),RICE (Oryza sativa L.),Bread & Cereals,4-methylpyridine (=γ-picoline),Bases,,
SCENTED RICE (cooked),RICE (Oryza sativa L.),Bread & Cereals,3-vinylpyridine,Bases,,
SCENTED RICE (cooked),RICE (Oryza sativa L.),Bread & Cereals,nicotine,Bases,,
SCENTED RICE (cooked),RICE (Oryza sativa L.),Bread & Cereals,quinoline,Bases,,
SCENTED RICE (cooked),RICE (Oryza sativa L.),Bread & Cereals,methanethiol (=methyl mercaptan),Sulfur compounds,,
SCENTED RICE (cooked),RICE (Oryza sativa L.),Bread & Cereals,hydrogen sulfide,Sulfur compounds,,
SCENTED RICE (cooked),RICE (Oryza sativa L.),Bread & Cereals,"dimethyl sulfide (=thiobismethane, methylthiomethane, methyl sulfide)",Sulfur compounds,,
SCENTED RICE (cooked),RICE (Oryza sativa L.),Bread & Cereals,dimethyl disulfide (=methyldithiomethane),Sulfur compounds,,
SCENTED RICE (cooked),RICE (Oryza sativa L.),Bread & Cereals,benzothiazole,Sulfur compounds,,
SCENTED RICE (cooked),RICE (Oryza sativa L.),Bread & Cereals,phenol (=hydroxybenzene),Phenols,,
SCENTED RICE (cooked),RICE (Oryza sativa L.),Bread & Cereals,4-vinylphenol,Phenols,,
SCENTED RICE (cooked),RICE (Oryza sativa L.),Bread & Cereals,"2,6-di-tert-butyl-4-methyl-phenol (=B.H.T.)",Phenols,,
SCENTED RICE (cooked),RICE (Oryza sativa L.),Bread & Cereals,2-tert-butyl-4-methoxyphenol (=B.H.A.),Phenols,,
SCENTED RICE (cooked),RICE (Oryza sativa L.),Bread & Cereals,2-pentylfuran,Furans,,
SCENTED RICE (cooked),RICE (Oryza sativa L.),Bread & Cereals,2-furancarboxylic acid (=2-furoic acid),Furans,,
SCENTED RICE (cooked),RICE (Oryza sativa L.),Bread & Cereals,cis-linalool oxide (unkn.str.),"(Ep)oxides, pyrans, coumarins",,
SCENTED RICE (cooked),RICE (Oryza sativa L.),Bread & Cereals,trans-linalool oxide (unkn.str.),"(Ep)oxides, pyrans, coumarins",,
PARBOILED RICE (cooked),RICE (Oryza sativa L.),Bread & Cereals,ethylbenzene (=α-methyltoluene),Hydrocarbons,,
PARBOILED RICE (cooked),RICE (Oryza sativa L.),Bread & Cereals,1-pentanol (=amyl alcohol),Alcohols,,
PARBOILED RICE (cooked),RICE (Oryza sativa L.),Bread & Cereals,1-hexanol,Alcohols,,
PARBOILED RICE (cooked),RICE (Oryza sativa L.),Bread & Cereals,1-heptanol,Alcohols,,
PARBOILED RICE (cooked),RICE (Oryza sativa L.),Bread & Cereals,1-octanol,Alcohols,,
PARBOILED RICE (cooked),RICE (Oryza sativa L.),Bread & Cereals,1-octen-3-ol,Alcohols,,
PARBOILED RICE (cooked),RICE (Oryza sativa L.),Bread & Cereals,1-nonanol,Alcohols,,
PARBOILED RICE (cooked),RICE (Oryza sativa L.),Bread & Cereals,benzyl alcohol (=benzenemethanol),Alcohols,,
PARBOILED RICE (cooked),RICE (Oryza sativa L.),Bread & Cereals,butanal (=butyraldehyde),"Carbonyls, aldehydes",,
PARBOILED RICE (cooked),RICE (Oryza sativa L.),Bread & Cereals,pentanal (=valeraldehyde),"Carbonyls, aldehydes",,
PARBOILED RICE (cooked),RICE (Oryza sativa L.),Bread & Cereals,hexanal (=capronaldehyde),"Carbonyls, aldehydes",,
PARBOILED RICE (cooked),RICE (Oryza sativa L.),Bread & Cereals,(E)-2-hexenal (=leaf aldehyde),"Carbonyls, aldehydes",,
PARBOILED RICE (cooked),RICE (Oryza sativa L.),Bread & Cereals,heptanal,"Carbonyls, aldehydes",,
PARBOILED RICE (cooked),RICE (Oryza sativa L.),Bread & Cereals,(E)-2-heptenal,"Carbonyls, aldehydes",,
PARBOILED RICE (cooked),RICE (Oryza sativa L.),Bread & Cereals,octanal (=caprylaldehyde),"Carbonyls, aldehydes",,
PARBOILED RICE (cooked),RICE (Oryza sativa L.),Bread & Cereals,(E)-2-octenal,"Carbonyls, aldehydes",,
PARBOILED RICE (cooked),RICE (Oryza sativa L.),Bread & Cereals,nonanal (=pelargonaldehyde),"Carbonyls, aldehydes",,
PARBOILED RICE (cooked),RICE (Oryza sativa L.),Bread & Cereals,(E)-2-nonenal,"Carbonyls, aldehydes",,
PARBOILED RICE (cooked),RICE (Oryza sativa L.),Bread & Cereals,decanal (=capraldehyde),"Carbonyls, aldehydes",,
PARBOILED RICE (cooked),RICE (Oryza sativa L.),Bread & Cereals,"(E,E)-2,4-decadienal","Carbonyls, aldehydes",,
PARBOILED RICE (cooked),RICE (Oryza sativa L.),Bread & Cereals,benzaldehyde,"Carbonyls, aldehydes",,
PARBOILED RICE (cooked),RICE (Oryza sativa L.),Bread & Cereals,phenylacetaldehyde (=benzeneacetaldehyde),"Carbonyls, aldehydes",,
PARBOILED RICE (cooked),RICE (Oryza sativa L.),Bread & Cereals,"acetone (=2-propanone, dimethyl ketone)","Carbonyls, ketones",,
PARBOILED RICE (cooked),RICE (Oryza sativa L.),Bread & Cereals,2-heptanone,"Carbonyls, ketones",,
PARBOILED RICE (cooked),RICE (Oryza sativa L.),Bread & Cereals,6-methyl-5-hepten-2-one,"Carbonyls, ketones",,
PARBOILED RICE (cooked),RICE (Oryza sativa L.),Bread & Cereals,2-octanone,"Carbonyls, ketones",,
PARBOILED RICE (cooked),RICE (Oryza sativa L.),Bread & Cereals,2-nonanone,"Carbonyls, ketones",,
PARBOILED RICE (cooked),RICE (Oryza sativa L.),Bread & Cereals,tetradecanoic acid (=myristic acid),Acids,,
PARBOILED RICE (cooked),RICE (Oryza sativa L.),Bread & Cereals,hexadecanoic acid (=palmitic acid),Acids,,
PARBOILED RICE (cooked),RICE (Oryza sativa L.),Bread & Cereals,octadecanoic acid (=stearic acid),Acids,,
PARBOILED RICE (cooked),RICE (Oryza sativa L.),Bread & Cereals,(Z)-9-octadecenoic acid (=oleic acid),Acids,,
PARBOILED RICE (cooked),RICE (Oryza sativa L.),Bread & Cereals,"(Z,Z)-9,12-octadecadienoic acid (=linoleic acid)",Acids,,
PARBOILED RICE (cooked),RICE (Oryza sativa L.),Bread & Cereals,"(Z,Z,Z)-9,12,15-octadecatrienoic acid (=linolenic acid)",Acids,,
PARBOILED RICE (cooked),RICE (Oryza sativa L.),Bread & Cereals,4-vinylphenol,Phenols,,
PARBOILED RICE (cooked),RICE (Oryza sativa L.),Bread & Cereals,2-pentylfuran,Furans,,
SOONG-NEUNG (extract of cooked and roasted rice),RICE (Oryza sativa L.),Bread & Cereals,acetaldehyde (=ethanal),"Carbonyls, aldehydes",,
SOONG-NEUNG (extract of cooked and roasted rice),RICE (Oryza sativa L.),Bread & Cereals,propanal (=propionaldehyde),"Carbonyls, aldehydes",,
SOONG-NEUNG (extract of cooked and roasted rice),RICE (Oryza sativa L.),Bread & Cereals,"2-methylpropanal (=isobutanal, isobutyraldehyde)","Carbonyls, aldehydes",,
SOONG-NEUNG (extract of cooked and roasted rice),RICE (Oryza sativa L.),Bread & Cereals,"3-methylbutanal (=isopentanal, isovaleraldehyde)","Carbonyls, aldehydes",,
SOONG-NEUNG (extract of cooked and roasted rice),RICE (Oryza sativa L.),Bread & Cereals,methylpyrazine,Bases,,
SOONG-NEUNG (extract of cooked and roasted rice),RICE (Oryza sativa L.),Bread & Cereals,"2,3-dimethylpyrazine",Bases,,
SOONG-NEUNG (extract of cooked and roasted rice),RICE (Oryza sativa L.),Bread & Cereals,"2,5-dimethylpyrazine",Bases,,
SOONG-NEUNG (extract of cooked and roasted rice),RICE (Oryza sativa L.),Bread & Cereals,2-ethyl-3-methylpyrazine,Bases,,
SOONG-NEUNG (extract of cooked and roasted rice),RICE (Oryza sativa L.),Bread & Cereals,2-ethyl-5-methylpyrazine,Bases,,
CHERRY BRANDY,,Alcoholic Beverages > 20% alc.,methanol,Alcohols,,
CHERRY BRANDY,,Alcoholic Beverages > 20% alc.,ethanol,Alcohols,,
CHERRY BRANDY,,Alcoholic Beverages > 20% alc.,1-propanol (=propyl alcohol),Alcohols,,
CHERRY BRANDY,,Alcoholic Beverages > 20% alc.,2-methyl-1-propanol (=isobutanol),Alcohols,,
CHERRY BRANDY,,Alcoholic Beverages > 20% alc.,1-butanol,Alcohols,,
CHERRY BRANDY,,Alcoholic Beverages > 20% alc.,2-butanol (=sec-butanol),Alcohols,,
CHERRY BRANDY,,Alcoholic Beverages > 20% alc.,2-methyl-1-butanol (=active amyl alcohol),Alcohols,,
CHERRY BRANDY,,Alcoholic Beverages > 20% alc.,3-methyl-1-butanol (=isoamyl alcohol),Alcohols,,
CHERRY BRANDY,,Alcoholic Beverages > 20% alc.,1-pentanol (=amyl alcohol),Alcohols,,
CHERRY BRANDY,,Alcoholic Beverages > 20% alc.,1-hexanol,Alcohols,,
CHERRY BRANDY,,Alcoholic Beverages > 20% alc.,1-octanol,Alcohols,,
CHERRY BRANDY,,Alcoholic Beverages > 20% alc.,benzyl alcohol (=benzenemethanol),Alcohols,,
CHERRY BRANDY,,Alcoholic Beverages > 20% alc.,2-phenylethanol (=phenethyl alcohol),Alcohols,,
CHERRY BRANDY,,Alcoholic Beverages > 20% alc.,terpineol (unkn.str.),Alcohols,,
CHERRY BRANDY,,Alcoholic Beverages > 20% alc.,acetaldehyde (=ethanal),"Carbonyls, aldehydes",,
CHERRY BRANDY,,Alcoholic Beverages > 20% alc.,benzaldehyde,"Carbonyls, aldehydes",,
CHERRY BRANDY,,Alcoholic Beverages > 20% alc.,"acetone (=2-propanone, dimethyl ketone)","Carbonyls, ketones",,
CHERRY BRANDY,,Alcoholic Beverages > 20% alc.,ethyl formate,Esters,,
CHERRY BRANDY,,Alcoholic Beverages > 20% alc.,methyl acetate,Esters,,
CHERRY BRANDY,,Alcoholic Beverages > 20% alc.,ethyl acetate,Esters,,
CHERRY BRANDY,,Alcoholic Beverages > 20% alc.,propyl acetate,Esters,,
CHERRY BRANDY,,Alcoholic Beverages > 20% alc.,"isopentyl acetate (=3-methylbutyl acetate, isoamyl acetate)",Esters,,
CHERRY BRANDY,,Alcoholic Beverages > 20% alc.,benzyl acetate,Esters,,
CHERRY BRANDY,,Alcoholic Beverages > 20% alc.,ethyl propanoate,Esters,,
CHERRY BRANDY,,Alcoholic Beverages > 20% alc.,ethyl 2-hydroxypropanoate (=ethyl lactate),Esters,,
CHERRY BRANDY,,Alcoholic Beverages > 20% alc.,isopentyl 2-hydroxypropanoate (=isoamyl lactate),Esters,,
CHERRY BRANDY,,Alcoholic Beverages > 20% alc.,ethyl butanoate,Esters,,
CHERRY BRANDY,,Alcoholic Beverages > 20% alc.,ethyl hexanoate (=ethyl caproate),Esters,,
CHERRY BRANDY,,Alcoholic Beverages > 20% alc.,ethyl octanoate (=ethyl caprylate),Esters,,
CHERRY BRANDY,,Alcoholic Beverages > 20% alc.,ethyl decanoate (=ethyl caprate),Esters,,
CHERRY BRANDY,,Alcoholic Beverages > 20% alc.,ethyl dodecanoate (=ethyl laurate),Esters,,
CHERRY BRANDY,,Alcoholic Beverages > 20% alc.,diethyl succinate (=diethyl butanedioate),Esters,,
CHERRY BRANDY,,Alcoholic Beverages > 20% alc.,ethyl benzoate,Esters,,
CHERRY BRANDY,,Alcoholic Beverages > 20% alc.,"1,1-diethoxyethane (=acetal, acetaldehyde diethyl acetal)",Acetals,,
CHERRY BRANDY,,Alcoholic Beverages > 20% alc.,cis-linalool oxide (unkn.str.),"(Ep)oxides, pyrans, coumarins",,
CHERRY BRANDY,,Alcoholic Beverages > 20% alc.,trans-linalool oxide (unkn.str.),"(Ep)oxides, pyrans, coumarins",,
"QUINCE, MARMELO (Cydonia oblonga Mill.)",,Fruits,"(E,E)-α-farnesene (=α-farnesene)",Hydrocarbons,,
"QUINCE, MARMELO (Cydonia oblonga Mill.)",,Fruits,β-farnesene,Hydrocarbons,,
"QUINCE, MARMELO (Cydonia oblonga Mill.)",,Fruits,(E)-β-farnesene,Hydrocarbons,,
"QUINCE, MARMELO (Cydonia oblonga Mill.)",,Fruits,limonene,Hydrocarbons,,
"QUINCE, MARMELO (Cydonia oblonga Mill.)",,Fruits,3-carene,Hydrocarbons,,
"QUINCE, MARMELO (Cydonia oblonga Mill.)",,Fruits,benzene,Hydrocarbons,,
"QUINCE, MARMELO (Cydonia oblonga Mill.)",,Fruits,methylbenzene (=toluene),Hydrocarbons,,
"QUINCE, MARMELO (Cydonia oblonga Mill.)",,Fruits,trimethylbenzene (unkn.str.),Hydrocarbons,,
"QUINCE, MARMELO (Cydonia oblonga Mill.)",,Fruits,"5-allyl-1,2,3-trimethylbenzene",Hydrocarbons,,
"QUINCE, MARMELO (Cydonia oblonga Mill.)",,Fruits,"6,7-dihydro-3,3a,7,7-tetramethyl- (3aH)-indene",Hydrocarbons,,
"QUINCE, MARMELO (Cydonia oblonga Mill.)",,Fruits,methanol,Alcohols,,
"QUINCE, MARMELO (Cydonia oblonga Mill.)",,Fruits,ethanol,Alcohols,,
"QUINCE, MARMELO (Cydonia oblonga Mill.)",,Fruits,1-propanol (=propyl alcohol),Alcohols,,
"QUINCE, MARMELO (Cydonia oblonga Mill.)",,Fruits,2-methyl-1-propanol (=isobutanol),Alcohols,,
"QUINCE, MARMELO (Cydonia oblonga Mill.)",,Fruits,1-butanol,Alcohols,,
"QUINCE, MARMELO (Cydonia oblonga Mill.)",,Fruits,2-butanol (=sec-butanol),Alcohols,,
"QUINCE, MARMELO (Cydonia oblonga Mill.)",,Fruits,2-methyl-1-butanol (=active amyl alcohol),Alcohols,,
"QUINCE, MARMELO (Cydonia oblonga Mill.)",,Fruits,3-methyl-1-butanol (=isoamyl alcohol),Alcohols,,
"QUINCE, MARMELO (Cydonia oblonga Mill.)",,Fruits,2-methyl-2-buten-1-ol,Alcohols,,
"QUINCE, MARMELO (Cydonia oblonga Mill.)",,Fruits,1-pentanol (=amyl alcohol),Alcohols,,
"QUINCE, MARMELO (Cydonia oblonga Mill.)",,Fruits,1-hexanol,Alcohols,,
"QUINCE, MARMELO (Cydonia oblonga Mill.)",,Fruits,(E)-2-hexen-1-ol,Alcohols,,
"QUINCE, MARMELO (Cydonia oblonga Mill.)",,Fruits,(Z)-3-hexen-1-ol (=leaf alcohol),Alcohols,,
"QUINCE, MARMELO (Cydonia oblonga Mill.)",,Fruits,1-octanol,Alcohols,,
"QUINCE, MARMELO (Cydonia oblonga Mill.)",,Fruits,linalool,Alcohols,,
"QUINCE, MARMELO (Cydonia oblonga Mill.)",,Fruits,(E)-farnesol,Alcohols,,
"QUINCE, MARMELO (Cydonia oblonga Mill.)",,Fruits,benzyl alcohol (=benzenemethanol),Alcohols,,
"QUINCE, MARMELO (Cydonia oblonga Mill.)",,Fruits,2-phenylethanol (=phenethyl alcohol),Alcohols,,
"QUINCE, MARMELO (Cydonia oblonga Mill.)",,Fruits,"3,4-didehydro-β-ionol",Alcohols,,
"QUINCE, MARMELO (Cydonia oblonga Mill.)",,Fruits,α-terpineol,Alcohols,,
"QUINCE, MARMELO (Cydonia oblonga Mill.)",,Fruits,4-terpineol (=terpinen-4-ol),Alcohols,,
"QUINCE, MARMELO (Cydonia oblonga Mill.)",,Fruits,dihydro-β-ionol,Alcohols,,
"QUINCE, MARMELO (Cydonia oblonga Mill.)",,Fruits,3-hydroxy-β-ionol,Alcohols,,
"QUINCE, MARMELO (Cydonia oblonga Mill.)",,Fruits,4-hydroxy-β-ionol,Alcohols,,
"QUINCE, MARMELO (Cydonia oblonga Mill.)",,Fruits,"7,8-dihydro-4-hydroxy-β-ionol",Alcohols,,
"QUINCE, MARMELO (Cydonia oblonga Mill.)",,Fruits,"3,3a,6,7-tetrahydro-3,3a,7,7-tetramethyl-2H-inden-2-ol",Alcohols,,
"QUINCE, MARMELO (Cydonia oblonga Mill.)",,Fruits,"1,4,5,7a-tetrahydro-1,4,4,7a-tetramethyl-2H-indene-1,2-diol",Alcohols,,
"QUINCE, MARMELO (Cydonia oblonga Mill.)",,Fruits,acetaldehyde (=ethanal),"Carbonyls, aldehydes",,
"QUINCE, MARMELO (Cydonia oblonga Mill.)",,Fruits,2-methylbutanal (=α-methylbutanal),"Carbonyls, aldehydes",,
"QUINCE, MARMELO (Cydonia oblonga Mill.)",,Fruits,"3-methylbutanal (=isopentanal, isovaleraldehyde)","Carbonyls, aldehydes",,
"QUINCE, MARMELO (Cydonia oblonga Mill.)",,Fruits,(E)-2-methyl-2-butenal (=tiglicaldehyde),"Carbonyls, aldehydes",,
"QUINCE, MARMELO (Cydonia oblonga Mill.)",,Fruits,hexanal (=capronaldehyde),"Carbonyls, aldehydes",,
"QUINCE, MARMELO (Cydonia oblonga Mill.)",,Fruits,(E)-2-hexenal (=leaf aldehyde),"Carbonyls, aldehydes",,
"QUINCE, MARMELO (Cydonia oblonga Mill.)",,Fruits,heptanal,"Carbonyls, aldehydes",,
"QUINCE, MARMELO (Cydonia oblonga Mill.)",,Fruits,"2,6-dimethyl-2-heptenal","Carbonyls, aldehydes",,
"QUINCE, MARMELO (Cydonia oblonga Mill.)",,Fruits,octanal (=caprylaldehyde),"Carbonyls, aldehydes",,
"QUINCE, MARMELO (Cydonia oblonga Mill.)",,Fruits,(E)-2-octenal,"Carbonyls, aldehydes",,
"QUINCE, MARMELO (Cydonia oblonga Mill.)",,Fruits,nonanal (=pelargonaldehyde),"Carbonyls, aldehydes",,
"QUINCE, MARMELO (Cydonia oblonga Mill.)",,Fruits,"(E,Z)-2,4-decadienal","Carbonyls, aldehydes",,
"QUINCE, MARMELO (Cydonia oblonga Mill.)",,Fruits,"(E,E)-2,4-decadienal","Carbonyls, aldehydes",,
"QUINCE, MARMELO (Cydonia oblonga Mill.)",,Fruits,"citral (=3,7-dimethyl-2,6-octadienal)","Carbonyls, aldehydes",,
"QUINCE, MARMELO (Cydonia oblonga Mill.)",,Fruits,geranial (=α-citral),"Carbonyls, aldehydes",,
"QUINCE, MARMELO (Cydonia oblonga Mill.)",,Fruits,neral (=β-citral),"Carbonyls, aldehydes",,
"QUINCE, MARMELO (Cydonia oblonga Mill.)",,Fruits,(E)-farnesal,"Carbonyls, aldehydes",,
"QUINCE, MARMELO (Cydonia oblonga Mill.)",,Fruits,benzaldehyde,"Carbonyls, aldehydes",,
"QUINCE, MARMELO (Cydonia oblonga Mill.)",,Fruits,4-methylbenzaldehyde (=p-tolualdehyde),"Carbonyls, aldehydes",,
"QUINCE, MARMELO (Cydonia oblonga Mill.)",,Fruits,phenylacetaldehyde (=benzeneacetaldehyde),"Carbonyls, aldehydes",,
"QUINCE, MARMELO (Cydonia oblonga Mill.)",,Fruits,"acetone (=2-propanone, dimethyl ketone)","Carbonyls, ketones",,
"QUINCE, MARMELO (Cydonia oblonga Mill.)",,Fruits,2-butanone (=ethyl methyl ketone),"Carbonyls, ketones",,
"QUINCE, MARMELO (Cydonia oblonga Mill.)",,Fruits,3-hydroxy-2-butanone (=acetoin),"Carbonyls, ketones",,
"QUINCE, MARMELO (Cydonia oblonga Mill.)",,Fruits,"2,3-butanedione (=diacetyl)","Carbonyls, ketones",,
"QUINCE, MARMELO (Cydonia oblonga Mill.)",,Fruits,2-heptanone,"Carbonyls, ketones",,
"QUINCE, MARMELO (Cydonia oblonga Mill.)",,Fruits,6-methyl-5-hepten-2-one,"Carbonyls, ketones",,
"QUINCE, MARMELO (Cydonia oblonga Mill.)",,Fruits,2-octanone,"Carbonyls, ketones",,
"QUINCE, MARMELO (Cydonia oblonga Mill.)",,Fruits,2-nonanone,"Carbonyls, ketones",,
"QUINCE, MARMELO (Cydonia oblonga Mill.)",,Fruits,5-nonanone,"Carbonyls, ketones",,
"QUINCE, MARMELO (Cydonia oblonga Mill.)",,Fruits,2-decanone,"Carbonyls, ketones",,
"QUINCE, MARMELO (Cydonia oblonga Mill.)",,Fruits,2-pentadecanone,"Carbonyls, ketones",,
"QUINCE, MARMELO (Cydonia oblonga Mill.)",,Fruits,"(E,E)-6,8-megastigmadien-4-one","Carbonyls, ketones",,
"QUINCE, MARMELO (Cydonia oblonga Mill.)",,Fruits,"(Z,Z)-4-(2-butenylidene)-3,5,5-trimethyl-2-cyclohexen-1-one","Carbonyls, ketones",,
"QUINCE, MARMELO (Cydonia oblonga Mill.)",,Fruits,"(Z,E)-4-(2-butenylidene)-3,5,5-trimethyl-2-cyclohexen-1-one","Carbonyls, ketones",,
"QUINCE, MARMELO (Cydonia oblonga Mill.)",,Fruits,"(E,Z)-4-(2-butenylidene)-3,5,5-trimethyl-2-cyclohexen-1-one","Carbonyls, ketones",,
"QUINCE, MARMELO (Cydonia oblonga Mill.)",,Fruits,"(E,E)-4-(2-butenylidene)-3,5,5-trimethyl-2-cyclohexen-1-one","Carbonyls, ketones",,
"QUINCE, MARMELO (Cydonia oblonga Mill.)",,Fruits,4-oxo-β-ionol,"Carbonyls, ketones",,
"QUINCE, MARMELO (Cydonia oblonga Mill.)",,Fruits,dehydrovomifoliol (trans),"Carbonyls, ketones",,
"QUINCE, MARMELO (Cydonia oblonga Mill.)",,Fruits,acetophenone (=1-phenylethanone),"Carbonyls, ketones",,
"QUINCE, MARMELO (Cydonia oblonga Mill.)",,Fruits,"7,8-dihydro-4-hydroxy-β-ionone","Carbonyls, ketones",,
"QUINCE, MARMELO (Cydonia oblonga Mill.)",,Fruits,(E)-β-ionone,"Carbonyls, ketones",,
"QUINCE, MARMELO (Cydonia oblonga Mill.)",,Fruits,3-hydroxy-β-ionone,"Carbonyls, ketones",,
"QUINCE, MARMELO (Cydonia oblonga Mill.)",,Fruits,4-hydroxy-β-ionone,"Carbonyls, ketones",,
"QUINCE, MARMELO (Cydonia oblonga Mill.)",,Fruits,"5,6-dihydroxy-β-ionone","Carbonyls, ketones",,
"QUINCE, MARMELO (Cydonia oblonga Mill.)",,Fruits,"3,4-didehydro-β-ionone","Carbonyls, ketones",,
"QUINCE, MARMELO (Cydonia oblonga Mill.)",,Fruits,"3,3a,6,7-tetrahydro-3,3a,7,7-tetramethyl-inden-2-one","Carbonyls, ketones",,
"QUINCE, MARMELO (Cydonia oblonga Mill.)",,Fruits,theaspirone,"Carbonyls, ketones",,
"QUINCE, MARMELO (Cydonia oblonga Mill.)",,Fruits,"(2R,5S)-theaspirone B (=(2R-cis)-theaspirone)","Carbonyls, ketones",,
"QUINCE, MARMELO (Cydonia oblonga Mill.)",,Fruits,"(2S,5R)-theaspirone B (=(2S-cis)-theaspirone)","Carbonyls, ketones",,
"QUINCE, MARMELO (Cydonia oblonga Mill.)",,Fruits,"(2S,5S)-theaspirone A (=(2S-trans)-theaspirone)","Carbonyls, ketones",,
"QUINCE, MARMELO (Cydonia oblonga Mill.)",,Fruits,"(2R,5R)-theaspirone A (=(2R-trans)-theaspirone)","Carbonyls, ketones",,
"QUINCE, MARMELO (Cydonia oblonga Mill.)",,Fruits,β-decalone,"Carbonyls, ketones",,
"QUINCE, MARMELO (Cydonia oblonga Mill.)",,Fruits,acetic acid,Acids,,
"QUINCE, MARMELO (Cydonia oblonga Mill.)",,Fruits,2-methylpropanoic acid (=isobutyric acid),Acids,,
"QUINCE, MARMELO (Cydonia oblonga Mill.)",,Fruits,decanoic acid (=capric acid),Acids,,
"QUINCE, MARMELO (Cydonia oblonga Mill.)",,Fruits,isopentyl formate,Esters,,
"QUINCE, MARMELO (Cydonia oblonga Mill.)",,Fruits,ethyl acetate,Esters,,
"QUINCE, MARMELO (Cydonia oblonga Mill.)",,Fruits,butyl acetate,Esters,,
"QUINCE, MARMELO (Cydonia oblonga Mill.)",,Fruits,isobutyl acetate (=2-methylpropyl acetate),Esters,,
"QUINCE, MARMELO (Cydonia oblonga Mill.)",,Fruits,"isopentyl acetate (=3-methylbutyl acetate, isoamyl acetate)",Esters,,
"QUINCE, MARMELO (Cydonia oblonga Mill.)",,Fruits,hexyl acetate,Esters,,
"QUINCE, MARMELO (Cydonia oblonga Mill.)",,Fruits,(E)-2-hexenyl acetate,Esters,,
"QUINCE, MARMELO (Cydonia oblonga Mill.)",,Fruits,(Z)-3-hexenyl acetate,Esters,,
"QUINCE, MARMELO (Cydonia oblonga Mill.)",,Fruits,heptyl acetate,Esters,,
"QUINCE, MARMELO (Cydonia oblonga Mill.)",,Fruits,hydroquinone monoacetate,Esters,,
"QUINCE, MARMELO (Cydonia oblonga Mill.)",,Fruits,benzyl acetate,Esters,,
"QUINCE, MARMELO (Cydonia oblonga Mill.)",,Fruits,ethyl propanoate,Esters,,
"QUINCE, MARMELO (Cydonia oblonga Mill.)",,Fruits,isobutyl propanoate (=2-methylpropyl propanoate),Esters,,
"QUINCE, MARMELO (Cydonia oblonga Mill.)",,Fruits,4-methoxybenzyl propanoate (=anisyl propanoate),Esters,,
"QUINCE, MARMELO (Cydonia oblonga Mill.)",,Fruits,ethyl 2-methylpropanoate (=ethyl isobutyrate),Esters,,
"QUINCE, MARMELO (Cydonia oblonga Mill.)",,Fruits,butyl 2-methylpropanoate (=butyl isobutyrate),Esters,,
"QUINCE, MARMELO (Cydonia oblonga Mill.)",,Fruits,isobutyl 2-methylpropanoate (=isobutyl isobutyrate),Esters,,
"QUINCE, MARMELO (Cydonia oblonga Mill.)",,Fruits,hexyl 2-methylpropanoate (=hexyl isobutyrate),Esters,,
"QUINCE, MARMELO (Cydonia oblonga Mill.)",,Fruits,ethyl 2-methyl-2-propenoate (=ethyl methacrylate),Esters,,
"QUINCE, MARMELO (Cydonia oblonga Mill.)",,Fruits,ethyl butanoate,Esters,,
"QUINCE, MARMELO (Cydonia oblonga Mill.)",,Fruits,butyl butanoate,Esters,,
"QUINCE, MARMELO (Cydonia oblonga Mill.)",,Fruits,isobutyl butanoate,Esters,,
"QUINCE, MARMELO (Cydonia oblonga Mill.)",,Fruits,hexyl butanoate,Esters,,
"QUINCE, MARMELO (Cydonia oblonga Mill.)",,Fruits,(Z)-3-hexenyl butanoate,Esters,,
"QUINCE, MARMELO (Cydonia oblonga Mill.)",,Fruits,ethyl 2-butenoate (=ethyl crotonate),Esters,,
"QUINCE, MARMELO (Cydonia oblonga Mill.)",,Fruits,ethyl 3-butenoate,Esters,,
"QUINCE, MARMELO (Cydonia oblonga Mill.)",,Fruits,ethyl 2-methylbutanoate,Esters,,
"QUINCE, MARMELO (Cydonia oblonga Mill.)",,Fruits,hexyl 2-methylbutanoate,Esters,,
"QUINCE, MARMELO (Cydonia oblonga Mill.)",,Fruits,ethyl 3-methylbutanoate (=ethyl isovalerate),Esters,,
"QUINCE, MARMELO (Cydonia oblonga Mill.)",,Fruits,2-methylbutyl 3-methylbutanoate,Esters,,
"QUINCE, MARMELO (Cydonia oblonga Mill.)",,Fruits,"isopentyl 3-methylbutanoate (=3-methylbutyl 3-methylbutanoate, isoamyl isovalerate)",Esters,,
"QUINCE, MARMELO (Cydonia oblonga Mill.)",,Fruits,ethyl 2-methyl-2-butenoate,Esters,,
"QUINCE, MARMELO (Cydonia oblonga Mill.)",,Fruits,propyl 2-methyl-2-butenoate,Esters,,
"QUINCE, MARMELO (Cydonia oblonga Mill.)",,Fruits,ethyl 3-hydroxybutanoate,Esters,,
"QUINCE, MARMELO (Cydonia oblonga Mill.)",,Fruits,ethyl pentanoate,Esters,,
"QUINCE, MARMELO (Cydonia oblonga Mill.)",,Fruits,methyl hexanoate,Esters,,
"QUINCE, MARMELO (Cydonia oblonga Mill.)",,Fruits,ethyl hexanoate (=ethyl caproate),Esters,,
"QUINCE, MARMELO (Cydonia oblonga Mill.)",,Fruits,isobutyl hexanoate,Esters,,
"QUINCE, MARMELO (Cydonia oblonga Mill.)",,Fruits,hexyl hexanoate,Esters,,
"QUINCE, MARMELO (Cydonia oblonga Mill.)",,Fruits,(Z)-3-hexenyl hexanoate,Esters,,
"QUINCE, MARMELO (Cydonia oblonga Mill.)",,Fruits,ethyl 2-hexenoate,Esters,,
"QUINCE, MARMELO (Cydonia oblonga Mill.)",,Fruits,ethyl 3-hexenoate,Esters,,
"QUINCE, MARMELO (Cydonia oblonga Mill.)",,Fruits,ethyl 3-hydroxyhexanoate,Esters,,
"QUINCE, MARMELO (Cydonia oblonga Mill.)",,Fruits,ethyl heptanoate,Esters,,
"QUINCE, MARMELO (Cydonia oblonga Mill.)",,Fruits,methyl octanoate,Esters,,
"QUINCE, MARMELO (Cydonia oblonga Mill.)",,Fruits,ethyl octanoate (=ethyl caprylate),Esters,,
"QUINCE, MARMELO (Cydonia oblonga Mill.)",,Fruits,propyl octanoate,Esters,,
"QUINCE, MARMELO (Cydonia oblonga Mill.)",,Fruits,butyl octanoate,Esters,,
"QUINCE, MARMELO (Cydonia oblonga Mill.)",,Fruits,isobutyl octanoate,Esters,,
"QUINCE, MARMELO (Cydonia oblonga Mill.)",,Fruits,hexyl octanoate,Esters,,
"QUINCE, MARMELO (Cydonia oblonga Mill.)",,Fruits,ethyl (Z)-6-octenoate,Esters,,
"QUINCE, MARMELO (Cydonia oblonga Mill.)",,Fruits,ethyl (E)-6-octenoate,Esters,,
"QUINCE, MARMELO (Cydonia oblonga Mill.)",,Fruits,ethyl nonanoate,Esters,,
"QUINCE, MARMELO (Cydonia oblonga Mill.)",,Fruits,ethyl (Z)-6-nonenoate,Esters,,
"QUINCE, MARMELO (Cydonia oblonga Mill.)",,Fruits,ethyl (E)-6-nonenoate,Esters,,
"QUINCE, MARMELO (Cydonia oblonga Mill.)",,Fruits,ethyl decanoate (=ethyl caprate),Esters,,
"QUINCE, MARMELO (Cydonia oblonga Mill.)",,Fruits,ethyl (Z)-4-decenoate,Esters,,
"QUINCE, MARMELO (Cydonia oblonga Mill.)",,Fruits,ethyl (E)-4-decenoate,Esters,,
"QUINCE, MARMELO (Cydonia oblonga Mill.)",,Fruits,"ethyl (E,Z)-2,4-decadienoate",Esters,,
"QUINCE, MARMELO (Cydonia oblonga Mill.)",,Fruits,ethyl dodecanoate (=ethyl laurate),Esters,,
"QUINCE, MARMELO (Cydonia oblonga Mill.)",,Fruits,ethyl (E)-2-dodecenoate,Esters,,
"QUINCE, MARMELO (Cydonia oblonga Mill.)",,Fruits,ethyl (E)-7-dodecenoate,Esters,,
"QUINCE, MARMELO (Cydonia oblonga Mill.)",,Fruits,ethyl dodecenoate (unkn.str.),Esters,,
"QUINCE, MARMELO (Cydonia oblonga Mill.)",,Fruits,ethyl tetradecanoate (=ethyl myristate),Esters,,
"QUINCE, MARMELO (Cydonia oblonga Mill.)",,Fruits,ethyl (Z)-5-tetradecenoate,Esters,,
"QUINCE, MARMELO (Cydonia oblonga Mill.)",,Fruits,ethyl (Z)-9-tetradecenoate,Esters,,
"QUINCE, MARMELO (Cydonia oblonga Mill.)",,Fruits,ethyl (E)-9-tetradecenoate,Esters,,
"QUINCE, MARMELO (Cydonia oblonga Mill.)",,Fruits,"ethyl (Z,Z)-5,8-tetradecadienoate",Esters,,
"QUINCE, MARMELO (Cydonia oblonga Mill.)",,Fruits,ethyl hexadecanoate (=ethyl palmitate),Esters,,
"QUINCE, MARMELO (Cydonia oblonga Mill.)",,Fruits,ethyl benzoate,Esters,,
"QUINCE, MARMELO (Cydonia oblonga Mill.)",,Fruits,isopentyl benzoate,Esters,,
"QUINCE, MARMELO (Cydonia oblonga Mill.)",,Fruits,ethyl cinnamate,Esters,,
"QUINCE, MARMELO (Cydonia oblonga Mill.)",,Fruits,dibutyl phthalate,Esters,,
"QUINCE, MARMELO (Cydonia oblonga Mill.)",,Fruits,"4-hydroxybutanoic acid lactone (=dihydro-2(3H)-furanone, 4-butanolide, γ-butyrolactone)",Lactones,,
"QUINCE, MARMELO (Cydonia oblonga Mill.)",,Fruits,"4-hydroxypentanoic acid lactone (=γ-valerolactone, 4-pentanolide)",Lactones,,
"QUINCE, MARMELO (Cydonia oblonga Mill.)",,Fruits,"4-hydroxyhexanoic acid lactone (=γ-hexalactone, γ-caprolactone, 4-hexanolide)",Lactones,,
"QUINCE, MARMELO (Cydonia oblonga Mill.)",,Fruits,trans-marmelolactone,Lactones,,
"QUINCE, MARMELO (Cydonia oblonga Mill.)",,Fruits,cis-marmelolactone,Lactones,,
"QUINCE, MARMELO (Cydonia oblonga Mill.)",,Fruits,"4-hydroxydecanoic acid lactone (=4-decanolide, γ-decalactone)",Lactones,,
"QUINCE, MARMELO (Cydonia oblonga Mill.)",,Fruits,"4-hydroxydodecanoic acid lactone (=4-dodecanolide, γ-dodecalactone)",Lactones,,
"QUINCE, MARMELO (Cydonia oblonga Mill.)",,Fruits,benzothiazole,Sulfur compounds,,
"QUINCE, MARMELO (Cydonia oblonga Mill.)",,Fruits,2-methoxy-4-vinylphenol (=4-vinylguaiacol),Phenols,,
"QUINCE, MARMELO (Cydonia oblonga Mill.)",,Fruits,eugenol (=4-allyl-2-methoxyphenol),Phenols,,
"QUINCE, MARMELO (Cydonia oblonga Mill.)",,Fruits,"methyleugenol (=4-allyl-1,2-dimethoxybenzene)",Phenols,,
"QUINCE, MARMELO (Cydonia oblonga Mill.)",,Fruits,cis-marmelo oxide,Furans,,
"QUINCE, MARMELO (Cydonia oblonga Mill.)",,Fruits,trans-marmelo oxide,Furans,,
"QUINCE, MARMELO (Cydonia oblonga Mill.)",,Fruits,"linalool oxide B (cis, 5-ring)",Furans,,
"QUINCE, MARMELO (Cydonia oblonga Mill.)",,Fruits,"linalool oxide A (trans, 5-ring)",Furans,,
"QUINCE, MARMELO (Cydonia oblonga Mill.)",,Fruits,"furfural (=2-formylfuran, 2-furancarbaldehyde, 2-furaldehyde)",Furans,,
"QUINCE, MARMELO (Cydonia oblonga Mill.)",,Fruits,5-methylfurfural,Furans,,
"QUINCE, MARMELO (Cydonia oblonga Mill.)",,Fruits,"2-acetylfuran (=2-furyl methyl ketone, 1-(2-furyl)ethanone)",Furans,,
"QUINCE, MARMELO (Cydonia oblonga Mill.)",,Fruits,2-acetyl-5-methylfuran,Furans,,
"QUINCE, MARMELO (Cydonia oblonga Mill.)",,Fruits,"furfuryl alcohol (=(2-furyl)-methanol, 2-furanmethanol)",Furans,,
"QUINCE, MARMELO (Cydonia oblonga Mill.)",,Fruits,"(E)-cis-4-methyl-2-(3-methyl-1,3-butadienyl)oxepane (=cis-quince oxepane)","(Ep)oxides, pyrans, coumarins",,
"QUINCE, MARMELO (Cydonia oblonga Mill.)",,Fruits,"(E)-trans-4-methyl-2-(3-methyl-1,3-butadienyl)oxepane (=trans-quince oxepane)","(Ep)oxides, pyrans, coumarins",,
"QUINCE, MARMELO (Cydonia oblonga Mill.)",,Fruits,"4-methyl-2-(3-methyl-1,3-buta-dienyl)-2,3,6,7-tetrahydro-oxepin (=quince oxepin)","(Ep)oxides, pyrans, coumarins",50,50
"QUINCE, MARMELO (Cydonia oblonga Mill.)",,Fruits,theaspirane,"(Ep)oxides, pyrans, coumarins",,
"QUINCE, MARMELO (Cydonia oblonga Mill.)",,Fruits,"(2R,5S)-theaspirane B (=(2R-cis)-theaspirane)","(Ep)oxides, pyrans, coumarins",,
"QUINCE, MARMELO (Cydonia oblonga Mill.)",,Fruits,"(2S,5R)-theaspirane B (=(2S-cis)-theaspirane)","(Ep)oxides, pyrans, coumarins",,
"QUINCE, MARMELO (Cydonia oblonga Mill.)",,Fruits,"(2S,5S)-theaspirane A (=(2S-trans)-theaspirane)","(Ep)oxides, pyrans, coumarins",,
"QUINCE, MARMELO (Cydonia oblonga Mill.)",,Fruits,"(2R,5R)-theaspirane A (=(2R-trans)-theaspirane)","(Ep)oxides, pyrans, coumarins",,
"QUINCE, MARMELO (Cydonia oblonga Mill.)",,Fruits,vitispirane,"(Ep)oxides, pyrans, coumarins",,
,RADISH (Raphanus sativus L.),Vegetables,octadecane,Hydrocarbons,,
,RADISH (Raphanus sativus L.),Vegetables,nonadecane,Hydrocarbons,,
,RADISH (Raphanus sativus L.),Vegetables,eicosane,Hydrocarbons,,
,RADISH (Raphanus sativus L.),Vegetables,heptacosane,Hydrocarbons,,
,RADISH (Raphanus sativus L.),Vegetables,3-carene,Hydrocarbons,,
,RADISH (Raphanus sativus L.),Vegetables,ethanol,Alcohols,,
,RADISH (Raphanus sativus L.),Vegetables,2-methyl-1-propanol (=isobutanol),Alcohols,,
,RADISH (Raphanus sativus L.),Vegetables,3-methyl-1-butanol (=isoamyl alcohol),Alcohols,,
,RADISH (Raphanus sativus L.),Vegetables,pentenol (unkn.str.),Alcohols,,
,RADISH (Raphanus sativus L.),Vegetables,1-hexanol,Alcohols,<1,10
,RADISH (Raphanus sativus L.),Vegetables,(E)-2-hexen-1-ol,Alcohols,1,5
,RADISH (Raphanus sativus L.),Vegetables,(Z)-3-hexen-1-ol (=leaf alcohol),Alcohols,20,80
,RADISH (Raphanus sativus L.),Vegetables,benzyl alcohol (=benzenemethanol),Alcohols,,
,RADISH (Raphanus sativus L.),Vegetables,2-phenylethanol (=phenethyl alcohol),Alcohols,,
,RADISH (Raphanus sativus L.),Vegetables,acetaldehyde (=ethanal),"Carbonyls, aldehydes",,
,RADISH (Raphanus sativus L.),Vegetables,"3-methylbutanal (=isopentanal, isovaleraldehyde)","Carbonyls, aldehydes",,
,RADISH (Raphanus sativus L.),Vegetables,hexanal (=capronaldehyde),"Carbonyls, aldehydes",5,30
,RADISH (Raphanus sativus L.),Vegetables,2-hexenal,"Carbonyls, aldehydes",,
,RADISH (Raphanus sativus L.),Vegetables,(E)-2-hexenal (=leaf aldehyde),"Carbonyls, aldehydes",30,100
,RADISH (Raphanus sativus L.),Vegetables,3-hydroxy-2-butanone (=acetoin),"Carbonyls, ketones",,
,RADISH (Raphanus sativus L.),Vegetables,acetic acid,Acids,,
,RADISH (Raphanus sativus L.),Vegetables,octanoic acid (=caprylic acid),Acids,,
,RADISH (Raphanus sativus L.),Vegetables,dodecanoic acid (=lauric acid),Acids,,
,RADISH (Raphanus sativus L.),Vegetables,ethyl formate,Esters,,
,RADISH (Raphanus sativus L.),Vegetables,ethyl acetate,Esters,,
,RADISH (Raphanus sativus L.),Vegetables,phenethyl acetate,Esters,,
,RADISH (Raphanus sativus L.),Vegetables,ammonia,Bases,8450,8450
,RADISH (Raphanus sativus L.),Vegetables,ethylamine,Bases,40,40
,RADISH (Raphanus sativus L.),Vegetables,pentylamine,Bases,6.9,6.9
,RADISH (Raphanus sativus L.),Vegetables,dimethylamine,Bases,1.1,1.1
,RADISH (Raphanus sativus L.),Vegetables,aniline,Bases,4.6,4.6
,RADISH (Raphanus sativus L.),Vegetables,benzylamine,Bases,4.8,4.8
,RADISH (Raphanus sativus L.),Vegetables,phenethylamine,Bases,0.2,0.2
,RADISH (Raphanus sativus L.),Vegetables,N-methylphenethylamine,Bases,5.4,5.4
,RADISH (Raphanus sativus L.),Vegetables,pyrrolidine,Bases,38,38
,RADISH (Raphanus sativus L.),Vegetables,pyrroline (unkn.str.),Bases,20,20
,RADISH (Raphanus sativus L.),Vegetables,dimethyl disulfide (=methyldithiomethane),Sulfur compounds,,
,RADISH (Raphanus sativus L.),Vegetables,"dimethyl trisulfide (=2,3,4-trithiapentane, methyltrithiomethane)",Sulfur compounds,,
,RADISH (Raphanus sativus L.),Vegetables,dimethyl trisulfide 2-oxide,Sulfur compounds,,
,RADISH (Raphanus sativus L.),Vegetables,1-(methylthio)-3-pentanone,Sulfur compounds,,
,RADISH (Raphanus sativus L.),Vegetables,ethyl methanesulfinate,Sulfur compounds,,
,RADISH (Raphanus sativus L.),Vegetables,methyl methanesulfinothioate,Sulfur compounds,,
,RADISH (Raphanus sativus L.),Vegetables,methyl methanesulfonothioate,Sulfur compounds,,
,RADISH (Raphanus sativus L.),Vegetables,"dimethyl disulfide 1,1,2-trioxide",Sulfur compounds,,
,RADISH (Raphanus sativus L.),Vegetables,4-(methylthio)-3-butenenitrile,Sulfur compounds,,
,RADISH (Raphanus sativus L.),Vegetables,5-(methylthio)pentanenitrile,Sulfur compounds,,
,RADISH (Raphanus sativus L.),Vegetables,5-(methylthio)-4-pentenenitrile,Sulfur compounds,,
,RADISH (Raphanus sativus L.),Vegetables,6-(methylthio)hexanenitrile (=5-methyl thiopentyl cyanide),Sulfur compounds,,
,RADISH (Raphanus sativus L.),Vegetables,7-(methylthio)heptanenitrile,Sulfur compounds,,
,RADISH (Raphanus sativus L.),Vegetables,8-(methylthio)octanenitrile,Sulfur compounds,,
,RADISH (Raphanus sativus L.),Vegetables,(Z)-4-(methylthio)-3-butenyl isothiocyanate,Sulfur compounds,,
,RADISH (Raphanus sativus L.),Vegetables,(E)-4-(methylthio)-3-butenyl isothiocyanate,Sulfur compounds,,
,RADISH (Raphanus sativus L.),Vegetables,pentyl isothiocyanate,Sulfur compounds,,
,RADISH (Raphanus sativus L.),Vegetables,hexyl isothiocyanate,Sulfur compounds,,
,RADISH (Raphanus sativus L.),Vegetables,3-methylpentyl isothiocyanate,Sulfur compounds,,
,RADISH (Raphanus sativus L.),Vegetables,4-methylpentyl isothiocyanate,Sulfur compounds,,
,RADISH (Raphanus sativus L.),Vegetables,5-hexenyl isothiocyanate,Sulfur compounds,,
,RADISH (Raphanus sativus L.),Vegetables,benzyl isothiocyanate,Sulfur compounds,,
,RADISH (Raphanus sativus L.),Vegetables,phenethyl isothiocyanate,Sulfur compounds,,
,RADISH (Raphanus sativus L.),Vegetables,3-(methylthio)propyl isothiocyanate,Sulfur compounds,,
,RADISH (Raphanus sativus L.),Vegetables,4-(methylthio)butyl isothiocyanate,Sulfur compounds,,
,RADISH (Raphanus sativus L.),Vegetables,4-(methylthio)-3-butenyl isothiocyanate,Sulfur compounds,,
,RADISH (Raphanus sativus L.),Vegetables,5-(methylthio)pentyl isothiocyanate,Sulfur compounds,,
,RADISH (Raphanus sativus L.),Vegetables,6-(methylthio)hexyl isothiocyanate,Sulfur compounds,,
,RADISH (Raphanus sativus L.),Vegetables,4-(methylsulfinyl)but-3-enyl isothiocyanate,Sulfur compounds,,
,RADISH (Raphanus sativus L.),Vegetables,4-(methylsulfonyl)but-3-enyl isothiocyanate,Sulfur compounds,,
,RADISH (Raphanus sativus L.),Vegetables,"1,1-diethoxymethane",Acetals,,
,RADISH (Raphanus sativus L.),Vegetables,1-ethoxy-1-methoxyethane,Acetals,,
,RADISH (Raphanus sativus L.),Vegetables,"1,1-diethoxyethane (=acetal, acetaldehyde diethyl acetal)",Acetals,,
,RADISH (Raphanus sativus L.),Vegetables,pentanenitrile,Nitriles and amides,,
,RADISH (Raphanus sativus L.),Vegetables,4-pentenenitrile,Nitriles and amides,,
,RADISH (Raphanus sativus L.),Vegetables,5-hexenenitrile,Nitriles and amides,,
,RADISH (Raphanus sativus L.),Vegetables,2-methoxyphenol (=guaiacol),Phenols,,
,RADISH (Raphanus sativus L.),Vegetables,methylbenzofuran (unkn.str.),Furans,,
,RADISH (Raphanus sativus L.),Vegetables,"furfural (=2-formylfuran, 2-furancarbaldehyde, 2-furaldehyde)",Furans,,
,RADISH (Raphanus sativus L.),Vegetables,"2-acetylfuran (=2-furyl methyl ketone, 1-(2-furyl)ethanone)",Furans,,
RADISH (raw),RADISH (Raphanus sativus L.),Vegetables,octadecane,Hydrocarbons,,
RADISH (raw),RADISH (Raphanus sativus L.),Vegetables,nonadecane,Hydrocarbons,,
RADISH (raw),RADISH (Raphanus sativus L.),Vegetables,eicosane,Hydrocarbons,,
RADISH (raw),RADISH (Raphanus sativus L.),Vegetables,heptacosane,Hydrocarbons,,
RADISH (raw),RADISH (Raphanus sativus L.),Vegetables,3-carene,Hydrocarbons,,
RADISH (raw),RADISH (Raphanus sativus L.),Vegetables,ethanol,Alcohols,,
RADISH (raw),RADISH (Raphanus sativus L.),Vegetables,pentenol (unkn.str.),Alcohols,,
RADISH (raw),RADISH (Raphanus sativus L.),Vegetables,1-hexanol,Alcohols,<1,10
RADISH (raw),RADISH (Raphanus sativus L.),Vegetables,(E)-2-hexen-1-ol,Alcohols,1,5
RADISH (raw),RADISH (Raphanus sativus L.),Vegetables,(Z)-3-hexen-1-ol (=leaf alcohol),Alcohols,20,80
RADISH (raw),RADISH (Raphanus sativus L.),Vegetables,benzyl alcohol (=benzenemethanol),Alcohols,,
RADISH (raw),RADISH (Raphanus sativus L.),Vegetables,hexanal (=capronaldehyde),"Carbonyls, aldehydes",5,30
RADISH (raw),RADISH (Raphanus sativus L.),Vegetables,2-hexenal,"Carbonyls, aldehydes",,
RADISH (raw),RADISH (Raphanus sativus L.),Vegetables,(E)-2-hexenal (=leaf aldehyde),"Carbonyls, aldehydes",30,100
RADISH (raw),RADISH (Raphanus sativus L.),Vegetables,3-hydroxy-2-butanone (=acetoin),"Carbonyls, ketones",,
RADISH (raw),RADISH (Raphanus sativus L.),Vegetables,acetic acid,Acids,,
RADISH (raw),RADISH (Raphanus sativus L.),Vegetables,octanoic acid (=caprylic acid),Acids,,
RADISH (raw),RADISH (Raphanus sativus L.),Vegetables,dodecanoic acid (=lauric acid),Acids,,
RADISH (raw),RADISH (Raphanus sativus L.),Vegetables,ammonia,Bases,8450,8450
RADISH (raw),RADISH (Raphanus sativus L.),Vegetables,ethylamine,Bases,40,40
RADISH (raw),RADISH (Raphanus sativus L.),Vegetables,pentylamine,Bases,6.9,6.9
RADISH (raw),RADISH (Raphanus sativus L.),Vegetables,dimethylamine,Bases,1.1,1.1
RADISH (raw),RADISH (Raphanus sativus L.),Vegetables,aniline,Bases,4.6,4.6
RADISH (raw),RADISH (Raphanus sativus L.),Vegetables,benzylamine,Bases,4.8,4.8
RADISH (raw),RADISH (Raphanus sativus L.),Vegetables,phenethylamine,Bases,0.2,0.2
RADISH (raw),RADISH (Raphanus sativus L.),Vegetables,N-methylphenethylamine,Bases,5.4,5.4
RADISH (raw),RADISH (Raphanus sativus L.),Vegetables,pyrrolidine,Bases,38,38
RADISH (raw),RADISH (Raphanus sativus L.),Vegetables,pyrroline (unkn.str.),Bases,20,20
RADISH (raw),RADISH (Raphanus sativus L.),Vegetables,dimethyl disulfide (=methyldithiomethane),Sulfur compounds,,
RADISH (raw),RADISH (Raphanus sativus L.),Vegetables,"dimethyl trisulfide (=2,3,4-trithiapentane, methyltrithiomethane)",Sulfur compounds,,
RADISH (raw),RADISH (Raphanus sativus L.),Vegetables,1-(methylthio)-3-pentanone,Sulfur compounds,,
RADISH (raw),RADISH (Raphanus sativus L.),Vegetables,methyl methanesulfinothioate,Sulfur compounds,,
RADISH (raw),RADISH (Raphanus sativus L.),Vegetables,4-(methylthio)-3-butenenitrile,Sulfur compounds,,
RADISH (raw),RADISH (Raphanus sativus L.),Vegetables,5-(methylthio)pentanenitrile,Sulfur compounds,,
RADISH (raw),RADISH (Raphanus sativus L.),Vegetables,5-(methylthio)-4-pentenenitrile,Sulfur compounds,,
RADISH (raw),RADISH (Raphanus sativus L.),Vegetables,6-(methylthio)hexanenitrile (=5-methyl thiopentyl cyanide),Sulfur compounds,,
RADISH (raw),RADISH (Raphanus sativus L.),Vegetables,7-(methylthio)heptanenitrile,Sulfur compounds,,
RADISH (raw),RADISH (Raphanus sativus L.),Vegetables,8-(methylthio)octanenitrile,Sulfur compounds,,
RADISH (raw),RADISH (Raphanus sativus L.),Vegetables,(Z)-4-(methylthio)-3-butenyl isothiocyanate,Sulfur compounds,,
RADISH (raw),RADISH (Raphanus sativus L.),Vegetables,(E)-4-(methylthio)-3-butenyl isothiocyanate,Sulfur compounds,,
RADISH (raw),RADISH (Raphanus sativus L.),Vegetables,pentyl isothiocyanate,Sulfur compounds,,
RADISH (raw),RADISH (Raphanus sativus L.),Vegetables,hexyl isothiocyanate,Sulfur compounds,,
RADISH (raw),RADISH (Raphanus sativus L.),Vegetables,3-methylpentyl isothiocyanate,Sulfur compounds,,
RADISH (raw),RADISH (Raphanus sativus L.),Vegetables,4-methylpentyl isothiocyanate,Sulfur compounds,,
RADISH (raw),RADISH (Raphanus sativus L.),Vegetables,5-hexenyl isothiocyanate,Sulfur compounds,,
RADISH (raw),RADISH (Raphanus sativus L.),Vegetables,benzyl isothiocyanate,Sulfur compounds,,
RADISH (raw),RADISH (Raphanus sativus L.),Vegetables,phenethyl isothiocyanate,Sulfur compounds,,
RADISH (raw),RADISH (Raphanus sativus L.),Vegetables,3-(methylthio)propyl isothiocyanate,Sulfur compounds,,
RADISH (raw),RADISH (Raphanus sativus L.),Vegetables,4-(methylthio)butyl isothiocyanate,Sulfur compounds,,
RADISH (raw),RADISH (Raphanus sativus L.),Vegetables,4-(methylthio)-3-butenyl isothiocyanate,Sulfur compounds,,
RADISH (raw),RADISH (Raphanus sativus L.),Vegetables,5-(methylthio)pentyl isothiocyanate,Sulfur compounds,,
RADISH (raw),RADISH (Raphanus sativus L.),Vegetables,6-(methylthio)hexyl isothiocyanate,Sulfur compounds,,
RADISH (raw),RADISH (Raphanus sativus L.),Vegetables,4-(methylsulfinyl)but-3-enyl isothiocyanate,Sulfur compounds,,
RADISH (raw),RADISH (Raphanus sativus L.),Vegetables,4-(methylsulfonyl)but-3-enyl isothiocyanate,Sulfur compounds,,
RADISH (raw),RADISH (Raphanus sativus L.),Vegetables,"1,1-diethoxyethane (=acetal, acetaldehyde diethyl acetal)",Acetals,,
RADISH (raw),RADISH (Raphanus sativus L.),Vegetables,pentanenitrile,Nitriles and amides,,
RADISH (raw),RADISH (Raphanus sativus L.),Vegetables,4-pentenenitrile,Nitriles and amides,,
RADISH (raw),RADISH (Raphanus sativus L.),Vegetables,5-hexenenitrile,Nitriles and amides,,
RADISH (raw),RADISH (Raphanus sativus L.),Vegetables,2-methoxyphenol (=guaiacol),Phenols,,
RADISH (raw),RADISH (Raphanus sativus L.),Vegetables,methylbenzofuran (unkn.str.),Furans,,
RADISH (fermented),RADISH (Raphanus sativus L.),Vegetables,ethanol,Alcohols,,
RADISH (fermented),RADISH (Raphanus sativus L.),Vegetables,2-methyl-1-propanol (=isobutanol),Alcohols,,
RADISH (fermented),RADISH (Raphanus sativus L.),Vegetables,3-methyl-1-butanol (=isoamyl alcohol),Alcohols,,
RADISH (fermented),RADISH (Raphanus sativus L.),Vegetables,2-phenylethanol (=phenethyl alcohol),Alcohols,,
RADISH (fermented),RADISH (Raphanus sativus L.),Vegetables,acetaldehyde (=ethanal),"Carbonyls, aldehydes",,
RADISH (fermented),RADISH (Raphanus sativus L.),Vegetables,"3-methylbutanal (=isopentanal, isovaleraldehyde)","Carbonyls, aldehydes",,
RADISH (fermented),RADISH (Raphanus sativus L.),Vegetables,acetic acid,Acids,,
RADISH (fermented),RADISH (Raphanus sativus L.),Vegetables,ethyl formate,Esters,,
RADISH (fermented),RADISH (Raphanus sativus L.),Vegetables,ethyl acetate,Esters,,
RADISH (fermented),RADISH (Raphanus sativus L.),Vegetables,phenethyl acetate,Esters,,
RADISH (fermented),RADISH (Raphanus sativus L.),Vegetables,dimethyl disulfide (=methyldithiomethane),Sulfur compounds,,
RADISH (fermented),RADISH (Raphanus sativus L.),Vegetables,"dimethyl trisulfide (=2,3,4-trithiapentane, methyltrithiomethane)",Sulfur compounds,,
RADISH (fermented),RADISH (Raphanus sativus L.),Vegetables,dimethyl trisulfide 2-oxide,Sulfur compounds,,
RADISH (fermented),RADISH (Raphanus sativus L.),Vegetables,ethyl methanesulfinate,Sulfur compounds,,
RADISH (fermented),RADISH (Raphanus sativus L.),Vegetables,methyl methanesulfinothioate,Sulfur compounds,,
RADISH (fermented),RADISH (Raphanus sativus L.),Vegetables,methyl methanesulfonothioate,Sulfur compounds,,
RADISH (fermented),RADISH (Raphanus sativus L.),Vegetables,"dimethyl disulfide 1,1,2-trioxide",Sulfur compounds,,
RADISH (fermented),RADISH (Raphanus sativus L.),Vegetables,5-(methylthio)-4-pentenenitrile,Sulfur compounds,,
RADISH (fermented),RADISH (Raphanus sativus L.),Vegetables,4-(methylthio)-3-butenyl isothiocyanate,Sulfur compounds,,
RADISH (fermented),RADISH (Raphanus sativus L.),Vegetables,"1,1-diethoxymethane",Acetals,,
RADISH (fermented),RADISH (Raphanus sativus L.),Vegetables,1-ethoxy-1-methoxyethane,Acetals,,
RADISH (fermented),RADISH (Raphanus sativus L.),Vegetables,"1,1-diethoxyethane (=acetal, acetaldehyde diethyl acetal)",Acetals,,
RADISH (fermented),RADISH (Raphanus sativus L.),Vegetables,"furfural (=2-formylfuran, 2-furancarbaldehyde, 2-furaldehyde)",Furans,,
RADISH (fermented),RADISH (Raphanus sativus L.),Vegetables,"2-acetylfuran (=2-furyl methyl ketone, 1-(2-furyl)ethanone)",Furans,,
PLUM WINE,,Alcoholic Beverages < 20% alc.,ethanol,Alcohols,,
PLUM WINE,,Alcoholic Beverages < 20% alc.,1-propanol (=propyl alcohol),Alcohols,,
PLUM WINE,,Alcoholic Beverages < 20% alc.,1-butanol,Alcohols,,
PLUM WINE,,Alcoholic Beverages < 20% alc.,3-methyl-1-butanol (=isoamyl alcohol),Alcohols,,
PLUM WINE,,Alcoholic Beverages < 20% alc.,1-hexanol,Alcohols,,
PLUM WINE,,Alcoholic Beverages < 20% alc.,(Z)-3-hexen-1-ol (=leaf alcohol),Alcohols,,
PLUM WINE,,Alcoholic Beverages < 20% alc.,1-octanol,Alcohols,,
PLUM WINE,,Alcoholic Beverages < 20% alc.,linalool,Alcohols,,
PLUM WINE,,Alcoholic Beverages < 20% alc.,2-phenylethanol (=phenethyl alcohol),Alcohols,,
PLUM WINE,,Alcoholic Beverages < 20% alc.,α-terpineol,Alcohols,,
PLUM WINE,,Alcoholic Beverages < 20% alc.,acetaldehyde (=ethanal),"Carbonyls, aldehydes",,
PLUM WINE,,Alcoholic Beverages < 20% alc.,benzaldehyde,"Carbonyls, aldehydes",,
PLUM WINE,,Alcoholic Beverages < 20% alc.,2-hexanone,"Carbonyls, ketones",,
PLUM WINE,,Alcoholic Beverages < 20% alc.,2-nonanone,"Carbonyls, ketones",,
PLUM WINE,,Alcoholic Beverages < 20% alc.,acetic acid,Acids,,
PLUM WINE,,Alcoholic Beverages < 20% alc.,ethyl acetate,Esters,,
PLUM WINE,,Alcoholic Beverages < 20% alc.,propyl acetate,Esters,,
PLUM WINE,,Alcoholic Beverages < 20% alc.,isobutyl acetate (=2-methylpropyl acetate),Esters,,
PLUM WINE,,Alcoholic Beverages < 20% alc.,"isopentyl acetate (=3-methylbutyl acetate, isoamyl acetate)",Esters,,
PLUM WINE,,Alcoholic Beverages < 20% alc.,hexyl acetate,Esters,,
PLUM WINE,,Alcoholic Beverages < 20% alc.,phenethyl acetate,Esters,,
PLUM WINE,,Alcoholic Beverages < 20% alc.,isobutyl 2-methylpropanoate (=isobutyl isobutyrate),Esters,,
PLUM WINE,,Alcoholic Beverages < 20% alc.,ethyl 2-hydroxypropanoate (=ethyl lactate),Esters,,
PLUM WINE,,Alcoholic Beverages < 20% alc.,"isopentyl butanoate (=3-methylbutyl butanoate, isoamyl butyrate)",Esters,,
PLUM WINE,,Alcoholic Beverages < 20% alc.,"isopentyl 3-methylbutanoate (=3-methylbutyl 3-methylbutanoate, isoamyl isovalerate)",Esters,,
PLUM WINE,,Alcoholic Beverages < 20% alc.,ethyl hexanoate (=ethyl caproate),Esters,,
PLUM WINE,,Alcoholic Beverages < 20% alc.,butyl hexanoate,Esters,,
PLUM WINE,,Alcoholic Beverages < 20% alc.,isobutyl hexanoate,Esters,,
PLUM WINE,,Alcoholic Beverages < 20% alc.,ethyl octanoate (=ethyl caprylate),Esters,,
PLUM WINE,,Alcoholic Beverages < 20% alc.,propyl octanoate,Esters,,
PLUM WINE,,Alcoholic Beverages < 20% alc.,butyl octanoate,Esters,,
PLUM WINE,,Alcoholic Beverages < 20% alc.,isobutyl octanoate,Esters,,
PLUM WINE,,Alcoholic Beverages < 20% alc.,ethyl decanoate (=ethyl caprate),Esters,,
PLUM WINE,,Alcoholic Beverages < 20% alc.,propyl decanoate,Esters,,
PLUM WINE,,Alcoholic Beverages < 20% alc.,isobutyl decanoate,Esters,,
PLUM WINE,,Alcoholic Beverages < 20% alc.,isopentyl decanoate,Esters,,
PLUM WINE,,Alcoholic Beverages < 20% alc.,hexyl decanoate,Esters,,
PLUM WINE,,Alcoholic Beverages < 20% alc.,ethyl dodecanoate (=ethyl laurate),Esters,,
PLUM WINE,,Alcoholic Beverages < 20% alc.,isobutyl dodecanoate,Esters,,
PLUM WINE,,Alcoholic Beverages < 20% alc.,isopentyl dodecanoate (=3-methylbutyl dodecanoate),Esters,,
PLUM WINE,,Alcoholic Beverages < 20% alc.,ethyl tetradecanoate (=ethyl myristate),Esters,,
PLUM WINE,,Alcoholic Beverages < 20% alc.,methyl cinnamate,Esters,,
PLUM WINE,,Alcoholic Beverages < 20% alc.,"4-hydroxyhexanoic acid lactone (=γ-hexalactone, γ-caprolactone, 4-hexanolide)",Lactones,,
PLUM WINE,,Alcoholic Beverages < 20% alc.,"4-hydroxynonanoic acid lactone (=4-nonanolide, γ-nonalactone)",Lactones,,
PLUM WINE,,Alcoholic Beverages < 20% alc.,"4-hydroxydecanoic acid lactone (=4-decanolide, γ-decalactone)",Lactones,,
PLUM WINE,,Alcoholic Beverages < 20% alc.,"1,1-diethoxyethane (=acetal, acetaldehyde diethyl acetal)",Acetals,,
PLUM WINE,,Alcoholic Beverages < 20% alc.,1-ethoxy-1-(3-methylbutoxy)-ethane,Acetals,,
PLUM WINE,,Alcoholic Beverages < 20% alc.,1-isobutoxy-1-(3-methylbutoxy)-ethane,Acetals,,
PLUM WINE,,Alcoholic Beverages < 20% alc.,"1,1-diisobutoxyethane",Acetals,,
PLUM WINE,,Alcoholic Beverages < 20% alc.,"1,1-bis(3-methylbutoxy)ethane",Acetals,,
PLUM WINE,,Alcoholic Beverages < 20% alc.,eugenol (=4-allyl-2-methoxyphenol),Phenols,,
PLUM WINE,,Alcoholic Beverages < 20% alc.,ethyl 2-furancarboxylate (=ethyl 2-furoate),Furans,,
SHOYU (fermented soya hydrolysate),,Miscellaneous,"1,2,3,4-tetrahydronaphthalene (=tetralin)",Hydrocarbons,,
SHOYU (fermented soya hydrolysate),,Miscellaneous,methanol,Alcohols,,
SHOYU (fermented soya hydrolysate),,Miscellaneous,ethanol,Alcohols,,
SHOYU (fermented soya hydrolysate),,Miscellaneous,1-propanol (=propyl alcohol),Alcohols,,
SHOYU (fermented soya hydrolysate),,Miscellaneous,2-propanol (=isopropyl alcohol),Alcohols,,
SHOYU (fermented soya hydrolysate),,Miscellaneous,2-methyl-1-propanol (=isobutanol),Alcohols,,
SHOYU (fermented soya hydrolysate),,Miscellaneous,1-butanol,Alcohols,,
SHOYU (fermented soya hydrolysate),,Miscellaneous,2-methyl-1-butanol (=active amyl alcohol),Alcohols,,
SHOYU (fermented soya hydrolysate),,Miscellaneous,3-methyl-1-butanol (=isoamyl alcohol),Alcohols,,
SHOYU (fermented soya hydrolysate),,Miscellaneous,"2,3-butanediol (=2,3-butylene glycol)",Alcohols,,
SHOYU (fermented soya hydrolysate),,Miscellaneous,1-pentanol (=amyl alcohol),Alcohols,,
SHOYU (fermented soya hydrolysate),,Miscellaneous,3-pentanol,Alcohols,,
SHOYU (fermented soya hydrolysate),,Miscellaneous,1-penten-3-ol,Alcohols,,
SHOYU (fermented soya hydrolysate),,Miscellaneous,benzyl alcohol (=benzenemethanol),Alcohols,,
SHOYU (fermented soya hydrolysate),,Miscellaneous,2-phenylethanol (=phenethyl alcohol),Alcohols,,
SHOYU (fermented soya hydrolysate),,Miscellaneous,borneol,Alcohols,,
SHOYU (fermented soya hydrolysate),,Miscellaneous,acetaldehyde (=ethanal),"Carbonyls, aldehydes",,
SHOYU (fermented soya hydrolysate),,Miscellaneous,ethanedial (=glyoxal),"Carbonyls, aldehydes",,
SHOYU (fermented soya hydrolysate),,Miscellaneous,propanal (=propionaldehyde),"Carbonyls, aldehydes",,
SHOYU (fermented soya hydrolysate),,Miscellaneous,"2-methylpropanal (=isobutanal, isobutyraldehyde)","Carbonyls, aldehydes",,
SHOYU (fermented soya hydrolysate),,Miscellaneous,"2-oxopropanal (=pyruvaldehyde, methyl glyoxal, acetylformaldehyde)","Carbonyls, aldehydes",,
SHOYU (fermented soya hydrolysate),,Miscellaneous,"3-methylbutanal (=isopentanal, isovaleraldehyde)","Carbonyls, aldehydes",,
SHOYU (fermented soya hydrolysate),,Miscellaneous,2-oxobutanal,"Carbonyls, aldehydes",,
SHOYU (fermented soya hydrolysate),,Miscellaneous,hexanal (=capronaldehyde),"Carbonyls, aldehydes",,
SHOYU (fermented soya hydrolysate),,Miscellaneous,benzaldehyde,"Carbonyls, aldehydes",,
SHOYU (fermented soya hydrolysate),,Miscellaneous,phenylacetaldehyde (=benzeneacetaldehyde),"Carbonyls, aldehydes",,
SHOYU (fermented soya hydrolysate),,Miscellaneous,"acetone (=2-propanone, dimethyl ketone)","Carbonyls, ketones",,
SHOYU (fermented soya hydrolysate),,Miscellaneous,"1-hydroxy-2-propanone (=acetol, pyruvic alcohol)","Carbonyls, ketones",,
SHOYU (fermented soya hydrolysate),,Miscellaneous,3-hydroxy-2-butanone (=acetoin),"Carbonyls, ketones",,
SHOYU (fermented soya hydrolysate),,Miscellaneous,"2,3-butanedione (=diacetyl)","Carbonyls, ketones",,
SHOYU (fermented soya hydrolysate),,Miscellaneous,"2,3-pentanedione (=acetylpropionyl)","Carbonyls, ketones",,
SHOYU (fermented soya hydrolysate),,Miscellaneous,2-hexanone,"Carbonyls, ketones",,
SHOYU (fermented soya hydrolysate),,Miscellaneous,"2,3-hexanedione","Carbonyls, ketones",,
SHOYU (fermented soya hydrolysate),,Miscellaneous,"2,3-heptanedione","Carbonyls, ketones",,
SHOYU (fermented soya hydrolysate),,Miscellaneous,"3-methyl-1,2-cyclopentanedione (=cyclotene)","Carbonyls, ketones",,
SHOYU (fermented soya hydrolysate),,Miscellaneous,acetophenone (=1-phenylethanone),"Carbonyls, ketones",,
SHOYU (fermented soya hydrolysate),,Miscellaneous,acetovanillone,"Carbonyls, ketones",,
SHOYU (fermented soya hydrolysate),,Miscellaneous,acetic acid,Acids,,
SHOYU (fermented soya hydrolysate),,Miscellaneous,propanoic acid (=propionic acid),Acids,,
SHOYU (fermented soya hydrolysate),,Miscellaneous,2-methylpropanoic acid (=isobutyric acid),Acids,,
SHOYU (fermented soya hydrolysate),,Miscellaneous,butanoic acid (=butyric acid),Acids,,
SHOYU (fermented soya hydrolysate),,Miscellaneous,2-butenoic acid (=crotonic acid),Acids,,
SHOYU (fermented soya hydrolysate),,Miscellaneous,2-methylbutanoic acid,Acids,,
SHOYU (fermented soya hydrolysate),,Miscellaneous,3-methylbutanoic acid (=isovaleric acid),Acids,,
SHOYU (fermented soya hydrolysate),,Miscellaneous,2-methyl-2-butenoic acid,Acids,,
SHOYU (fermented soya hydrolysate),,Miscellaneous,pentanoic acid (=valeric acid),Acids,,
SHOYU (fermented soya hydrolysate),,Miscellaneous,4-methylpentanoic acid (=isocaproic acid),Acids,,
SHOYU (fermented soya hydrolysate),,Miscellaneous,hexanoic acid (=caproic acid),Acids,,
SHOYU (fermented soya hydrolysate),,Miscellaneous,benzoic acid,Acids,,
SHOYU (fermented soya hydrolysate),,Miscellaneous,phenylacetic acid,Acids,,
SHOYU (fermented soya hydrolysate),,Miscellaneous,ethyl acetate,Esters,,
SHOYU (fermented soya hydrolysate),,Miscellaneous,2-ethoxyethyl acetate,Esters,,
SHOYU (fermented soya hydrolysate),,Miscellaneous,isobutyl acetate (=2-methylpropyl acetate),Esters,,
SHOYU (fermented soya hydrolysate),,Miscellaneous,"isopentyl acetate (=3-methylbutyl acetate, isoamyl acetate)",Esters,,
SHOYU (fermented soya hydrolysate),,Miscellaneous,phenethyl acetate,Esters,,
SHOYU (fermented soya hydrolysate),,Miscellaneous,vanillyl acetate,Esters,,
SHOYU (fermented soya hydrolysate),,Miscellaneous,bornyl acetate,Esters,,
SHOYU (fermented soya hydrolysate),,Miscellaneous,ethyl propanoate,Esters,,
SHOYU (fermented soya hydrolysate),,Miscellaneous,2-oxopropyl propanoate,Esters,,
SHOYU (fermented soya hydrolysate),,Miscellaneous,ethyl 2-hydroxypropanoate (=ethyl lactate),Esters,,
SHOYU (fermented soya hydrolysate),,Miscellaneous,ethyl tetradecanoate (=ethyl myristate),Esters,,
SHOYU (fermented soya hydrolysate),,Miscellaneous,diethyl succinate (=diethyl butanedioate),Esters,,
SHOYU (fermented soya hydrolysate),,Miscellaneous,ethyl benzoate,Esters,,
SHOYU (fermented soya hydrolysate),,Miscellaneous,ethyl 4-hydroxy-3-methoxybenzoate (=ethyl vanillate),Esters,,
SHOYU (fermented soya hydrolysate),,Miscellaneous,ethyl phenylacetate,Esters,,
SHOYU (fermented soya hydrolysate),,Miscellaneous,"4-hydroxybutanoic acid lactone (=dihydro-2(3H)-furanone, 4-butanolide, γ-butyrolactone)",Lactones,,
SHOYU (fermented soya hydrolysate),,Miscellaneous,4-hydroxy-2-methylbutanoic acid lactone (=3-methyl-tetrahydrofuran-2-one),Lactones,,
SHOYU (fermented soya hydrolysate),,Miscellaneous,"2,4-dihydroxy-3,3-dimethyl-butanoic acid lactone (=pantolactone)",Lactones,,
SHOYU (fermented soya hydrolysate),,Miscellaneous,"4-hydroxypentanoic acid lactone (=γ-valerolactone, 4-pentanolide)",Lactones,,
SHOYU (fermented soya hydrolysate),,Miscellaneous,"4-hydroxyhexanoic acid lactone (=γ-hexalactone, γ-caprolactone, 4-hexanolide)",Lactones,,
SHOYU (fermented soya hydrolysate),,Miscellaneous,"4,6-dihydroxyhexanoic acid lactone (5-ring)",Lactones,,
SHOYU (fermented soya hydrolysate),,Miscellaneous,1-methyl-2-pyrrolidone,Bases,,
SHOYU (fermented soya hydrolysate),,Miscellaneous,2-acetylpyrrole (=methyl 2-pyrrolyl ketone),Bases,,
SHOYU (fermented soya hydrolysate),,Miscellaneous,pyridine,Bases,,
SHOYU (fermented soya hydrolysate),,Miscellaneous,2-methylpyridine (=α-picoline),Bases,,
SHOYU (fermented soya hydrolysate),,Miscellaneous,3-methylpyridine (=β-picoline),Bases,,
SHOYU (fermented soya hydrolysate),,Miscellaneous,2-ethylpyridine,Bases,,
SHOYU (fermented soya hydrolysate),,Miscellaneous,3-ethylpyridine,Bases,,
SHOYU (fermented soya hydrolysate),,Miscellaneous,butylpyridine (unkn.str.),Bases,,
SHOYU (fermented soya hydrolysate),,Miscellaneous,3-methoxypyridine,Bases,,
SHOYU (fermented soya hydrolysate),,Miscellaneous,2-phenylpyridine,Bases,,
SHOYU (fermented soya hydrolysate),,Miscellaneous,"2,4-dimethylpyridine (=2,4-lutidine)",Bases,,
SHOYU (fermented soya hydrolysate),,Miscellaneous,"2,6-dimethylpyridine (=2,6-lutidine)",Bases,,
SHOYU (fermented soya hydrolysate),,Miscellaneous,ethyl nicotinate,Bases,,
SHOYU (fermented soya hydrolysate),,Miscellaneous,nicotine,Bases,,
SHOYU (fermented soya hydrolysate),,Miscellaneous,pyrazine,Bases,,
SHOYU (fermented soya hydrolysate),,Miscellaneous,methylpyrazine,Bases,,
SHOYU (fermented soya hydrolysate),,Miscellaneous,ethylpyrazine,Bases,,
SHOYU (fermented soya hydrolysate),,Miscellaneous,vinylpyrazine,Bases,,
SHOYU (fermented soya hydrolysate),,Miscellaneous,"2,3-dimethylpyrazine",Bases,,
SHOYU (fermented soya hydrolysate),,Miscellaneous,"2,5-dimethylpyrazine",Bases,,
SHOYU (fermented soya hydrolysate),,Miscellaneous,"2,6-dimethylpyrazine",Bases,,
SHOYU (fermented soya hydrolysate),,Miscellaneous,2-ethyl-3-methylpyrazine,Bases,,
SHOYU (fermented soya hydrolysate),,Miscellaneous,2-ethyl-5-methylpyrazine,Bases,,
SHOYU (fermented soya hydrolysate),,Miscellaneous,2-ethyl-6-methylpyrazine,Bases,,
SHOYU (fermented soya hydrolysate),,Miscellaneous,2-methyl-6-vinylpyrazine,Bases,,
SHOYU (fermented soya hydrolysate),,Miscellaneous,"2,3-diethylpyrazine",Bases,,
SHOYU (fermented soya hydrolysate),,Miscellaneous,"2,6-diethylpyrazine",Bases,,
SHOYU (fermented soya hydrolysate),,Miscellaneous,trimethylpyrazine,Bases,,
SHOYU (fermented soya hydrolysate),,Miscellaneous,"3-ethyl-2,5-dimethylpyrazine",Bases,,
SHOYU (fermented soya hydrolysate),,Miscellaneous,"2-ethyl-3,5-dimethylpyrazine",Bases,,
SHOYU (fermented soya hydrolysate),,Miscellaneous,"5-(sec-butyl)-2,3-dimethylpyrazine",Bases,,
SHOYU (fermented soya hydrolysate),,Miscellaneous,"3,5-diethyl-2-methylpyrazine",Bases,,
SHOYU (fermented soya hydrolysate),,Miscellaneous,tetramethylpyrazine,Bases,,
SHOYU (fermented soya hydrolysate),,Miscellaneous,ethyl-trimethylpyrazine,Bases,,
SHOYU (fermented soya hydrolysate),,Miscellaneous,"6,7-dihydro-5H-cyclopentapyrazine",Bases,,
SHOYU (fermented soya hydrolysate),,Miscellaneous,"6,7-dihydro-2-methyl-5H-cyclopentapyrazine",Bases,,
SHOYU (fermented soya hydrolysate),,Miscellaneous,"6,7-dihydro-2-ethyl-5H-cyclopentapyrazine",Bases,,
SHOYU (fermented soya hydrolysate),,Miscellaneous,"6,7-dihydro-2,3,5-trimethyl-5H-cyclopentapyrazine",Bases,,
SHOYU (fermented soya hydrolysate),,Miscellaneous,5H-cyclopentapyrazine,Bases,,
SHOYU (fermented soya hydrolysate),,Miscellaneous,2-(or 3)-methyl-5H-cyclopentapyrazine (unkn.str.),Bases,,
SHOYU (fermented soya hydrolysate),,Miscellaneous,6-methyl-5H-cyclopentapyrazine,Bases,,
SHOYU (fermented soya hydrolysate),,Miscellaneous,7-methyl-5H-cyclopentapyrazine,Bases,,
SHOYU (fermented soya hydrolysate),,Miscellaneous,dimethyl-5H-cyclopentapyrazine (unkn.str.),Bases,,
SHOYU (fermented soya hydrolysate),,Miscellaneous,dimethyl disulfide (=methyldithiomethane),Sulfur compounds,,
SHOYU (fermented soya hydrolysate),,Miscellaneous,3-(methylthio)-1-propanol (=methionol),Sulfur compounds,,
SHOYU (fermented soya hydrolysate),,Miscellaneous,"cis-3,5-dimethyl-1,2,4-trithiolane",Sulfur compounds,,
SHOYU (fermented soya hydrolysate),,Miscellaneous,"trans-3,5-dimethyl-1,2,4-trithiolane",Sulfur compounds,,
SHOYU (fermented soya hydrolysate),,Miscellaneous,4-ethyl-2-methylthiazole,Sulfur compounds,,
SHOYU (fermented soya hydrolysate),,Miscellaneous,benzothiazole,Sulfur compounds,,
SHOYU (fermented soya hydrolysate),,Miscellaneous,"dihydro-2,4,6-trimethyl-1,3,5(4H)-dithiazine (=thialdine)",Sulfur compounds,,
SHOYU (fermented soya hydrolysate),,Miscellaneous,"1,1-diethoxyethane (=acetal, acetaldehyde diethyl acetal)",Acetals,,
SHOYU (fermented soya hydrolysate),,Miscellaneous,N-isobutylformamide,Nitriles and amides,,
SHOYU (fermented soya hydrolysate),,Miscellaneous,N-isobutylacetamide,Nitriles and amides,,
SHOYU (fermented soya hydrolysate),,Miscellaneous,phenol (=hydroxybenzene),Phenols,,
SHOYU (fermented soya hydrolysate),,Miscellaneous,4-ethylphenol,Phenols,,
SHOYU (fermented soya hydrolysate),,Miscellaneous,2-methoxyphenol (=guaiacol),Phenols,,
SHOYU (fermented soya hydrolysate),,Miscellaneous,4-ethyl-2-methoxyphenol (=4-ethylguaiacol),Phenols,,
SHOYU (fermented soya hydrolysate),,Miscellaneous,2-methoxy-5-vinylphenol,Phenols,,
SHOYU (fermented soya hydrolysate),,Miscellaneous,"2,6-dimethoxyphenol (=syringol)",Phenols,,
SHOYU (fermented soya hydrolysate),,Miscellaneous,"furfural (=2-formylfuran, 2-furancarbaldehyde, 2-furaldehyde)",Furans,,
SHOYU (fermented soya hydrolysate),,Miscellaneous,5-methylfurfural,Furans,,
SHOYU (fermented soya hydrolysate),,Miscellaneous,2-methyldihydro-3(2H)-furanone,Furans,,
SHOYU (fermented soya hydrolysate),,Miscellaneous,2-acetyltetrahydrofuran,Furans,,
SHOYU (fermented soya hydrolysate),,Miscellaneous,3-methyl-2(5H)-furanone,Furans,,
SHOYU (fermented soya hydrolysate),,Miscellaneous,"5-methyl-2(5H)-furanone (=β-angelica lactone, 4-methyl-2-butenolide)",Furans,,
SHOYU (fermented soya hydrolysate),,Miscellaneous,2-ethyl-4-hydroxy-5-methyl-3(2H)-furanone,Furans,,
SHOYU (fermented soya hydrolysate),,Miscellaneous,5-ethyl-4-hydroxy-2-methyl-3(2H)-furanone,Furans,,
SHOYU (fermented soya hydrolysate),,Miscellaneous,4-hydroxy-2-methyl-3(2H)-furanone,Furans,,
SHOYU (fermented soya hydrolysate),,Miscellaneous,"4-hydroxy-2,5-dimethyl-3(2H)-furanone (=furaneol)",Furans,,
SHOYU (fermented soya hydrolysate),,Miscellaneous,"2-acetylfuran (=2-furyl methyl ketone, 1-(2-furyl)ethanone)",Furans,,
SHOYU (fermented soya hydrolysate),,Miscellaneous,2-acetyl-3-hydroxyfuran (=isomaltol),Furans,,
SHOYU (fermented soya hydrolysate),,Miscellaneous,tetrahydrofurfuryl alcohol,Furans,,
SHOYU (fermented soya hydrolysate),,Miscellaneous,"furfuryl alcohol (=(2-furyl)-methanol, 2-furanmethanol)",Furans,,
SHOYU (fermented soya hydrolysate),,Miscellaneous,allyl 2-furancarboxylate (=allyl pyromucatate),Furans,,
SHOYU (fermented soya hydrolysate),,Miscellaneous,furfuryl acetate (=2-furanmethanol acetate),Furans,,
SHOYU (fermented soya hydrolysate),,Miscellaneous,3-hydroxy-2-methyl-4-pyrone (=maltol),"(Ep)oxides, pyrans, coumarins",,
SHOYU (fermented soya hydrolysate),,Miscellaneous,3-methoxy-2-methyl-4-pyrone,"(Ep)oxides, pyrans, coumarins",,
SHOYU (fermented soya hydrolysate),,Miscellaneous,5-hydroxy-2-methyl-4-pyrone,"(Ep)oxides, pyrans, coumarins",,
SHOYU (fermented soya hydrolysate),,Miscellaneous,"2,3-dihydro-3,5-dihydroxy-6-methyl-4-pyrone (=5,6-dihydro-5-hydroxymaltol)","(Ep)oxides, pyrans, coumarins",,
SHOYU (fermented soya hydrolysate),,Miscellaneous,"3,5-dihydroxy-2-methyl-4-pyrone (=5-hydroxymaltol)","(Ep)oxides, pyrans, coumarins",,
SHOYU (fermented soya hydrolysate),,Miscellaneous,"5,6-dihydro-3,6-dimethyl-2H-pyran-6-carbaldehyde","(Ep)oxides, pyrans, coumarins",,
SHOYU (fermented soya hydrolysate),,Miscellaneous,trimethyloxazole,Oxazol(in)es,,
SHOYU (fermented soya hydrolysate),,Miscellaneous,benzoxazole,Oxazol(in)es,,
SHOYU (fermented soya hydrolysate),,Miscellaneous,2-methylbenzoxazole,Oxazol(in)es,,
SHOYU (fermented soya hydrolysate),,Miscellaneous,4-methylmorpholine,Oxazol(in)es,,
RHUBARB,,Vegetables,diphenylacetylene,Hydrocarbons,,
RHUBARB,,Vegetables,naphthalene,Hydrocarbons,,
RHUBARB,,Vegetables,methylnaphthalene (unkn.str.),Hydrocarbons,,
RHUBARB,,Vegetables,dimethylnaphthalene (unkn.str.),Hydrocarbons,,
RHUBARB,,Vegetables,trimethylnaphthalene (unkn.str.),Hydrocarbons,,
RHUBARB,,Vegetables,fluorene,Hydrocarbons,,
RHUBARB,,Vegetables,α-terpineol,Alcohols,,
RHUBARB,,Vegetables,nonanoic acid (=pelargonic acid),Acids,,
RHUBARB,,Vegetables,decanoic acid (=capric acid),Acids,,
RHUBARB,,Vegetables,chrysophanic acid,Acids,,
RHUBARB,,Vegetables,methyl decanoate,Esters,,
RHUBARB,,Vegetables,methyl tetradecanoate (=methyl myristate),Esters,,
RHUBARB,,Vegetables,methyl pentadecanoate,Esters,,
RHUBARB,,Vegetables,methyl hexadecanoate (=methyl palmitate),Esters,,
RHUBARB,,Vegetables,methyl 9-octadecenoate,Esters,,
RHUBARB,,Vegetables,"methyl 9,12-octadecadienoate",Esters,,
RHUBARB,,Vegetables,dibutyl malate,Esters,,
RHUBARB,,Vegetables,methyl 3-phenylpropanoate (=methyl hydrocinnamate),Esters,,
RHUBARB,,Vegetables,methyl cinnamate,Esters,,
RHUBARB,,Vegetables,methyl (Z)-cinnamate,Esters,,
RHUBARB,,Vegetables,dibutyl phthalate,Esters,,
RHUBARB,,Vegetables,diisobutyl phthalate,Esters,,
RHUBARB,,Vegetables,butyl isobutyl phthalate,Esters,,
RHUBARB,,Vegetables,ammonia,Bases,6340,6340
RHUBARB,,Vegetables,isopentylamine,Bases,3.9,3.9
RHUBARB,,Vegetables,aniline,Bases,5,5
RHUBARB,,Vegetables,benzylamine,Bases,2.9,2.9
RHUBARB,,Vegetables,phenethylamine,Bases,3.2,3.2
RHUBARB,,Vegetables,N-methylphenethylamine,Bases,2.6,2.6
RHUBARB,,Vegetables,phenol (=hydroxybenzene),Phenols,,
RHUBARB,,Vegetables,methylphenol (unkn.str.) (=cresol (unkn.str.)),Phenols,,
RHUBARB,,Vegetables,4-ethylphenol,Phenols,,
RHUBARB,,Vegetables,vinylphenol (unkn.str.),Phenols,,
RHUBARB,,Vegetables,anethole (=1-methoxy-4-(1-propenyl)benzene),Phenols,,
RHUBARB,,Vegetables,2-methoxyphenol (=guaiacol),Phenols,,
RHUBARB,,Vegetables,4-ethyl-2-methoxyphenol (=4-ethylguaiacol),Phenols,,
RHUBARB,,Vegetables,2-methoxy-4-vinylphenol (=4-vinylguaiacol),Phenols,,
RHUBARB,,Vegetables,2-methoxy-4-propylphenol (=4-propylguaiacol),Phenols,,
RHUBARB,,Vegetables,eugenol (=4-allyl-2-methoxyphenol),Phenols,,
RHUBARB,,Vegetables,"1,2-dimethoxybenzene (=veratrole)",Phenols,,
RHUBARB,,Vegetables,dimethoxy-methylbenzene (unkn.str.),Phenols,,
RHUBARB,,Vegetables,dibenzofuran,Furans,,
