Product,Product Category,Product Group,Compound,Compound Group,Quantity Lower Bound,Quantity Upper Bound
LITCHI (Litchi chinensis Sonn.),,Fruits,hexadecane,Hydrocarbons,,
LITCHI (Litchi chinensis Sonn.),,Fruits,eicosane,Hydrocarbons,,
LITCHI (Litchi chinensis Sonn.),,Fruits,docosane,Hydrocarbons,,
LITCHI (Litchi chinensis Sonn.),,Fruits,β-ocimene,Hydrocarbons,,
LITCHI (Litchi chinensis Sonn.),,Fruits,β-myrcene (=myrcene),Hydrocarbons,,
LITCHI (Litchi chinensis Sonn.),,Fruits,α-phellandrene,Hydrocarbons,,
LITCHI (Litchi chinensis Sonn.),,Fruits,β-phellandrene,Hydrocarbons,,
LITCHI (Litchi chinensis Sonn.),,Fruits,α-terpinene,Hydrocarbons,,
LITCHI (Litchi chinensis Sonn.),,Fruits,γ-terpinene,Hydrocarbons,,
LITCHI (Litchi chinensis Sonn.),,Fruits,terpinolene,Hydrocarbons,0.03,0.2
LITCHI (Litchi chinensis Sonn.),,Fruits,limonene,Hydrocarbons,0.03,0.2
LITCHI (Litchi chinensis Sonn.),,Fruits,"p-1,3,8-menthatriene",Hydrocarbons,,
LITCHI (Litchi chinensis Sonn.),,Fruits,zingiberene,Hydrocarbons,,
LITCHI (Litchi chinensis Sonn.),,Fruits,ar-curcumene,Hydrocarbons,,
LITCHI (Litchi chinensis Sonn.),,Fruits,α-humulene (=humulene),Hydrocarbons,,
LITCHI (Litchi chinensis Sonn.),,Fruits,α-pinene,Hydrocarbons,,
LITCHI (Litchi chinensis Sonn.),,Fruits,β-pinene,Hydrocarbons,,
LITCHI (Litchi chinensis Sonn.),,Fruits,camphene,Hydrocarbons,,
LITCHI (Litchi chinensis Sonn.),,Fruits,sabinene (=4(10)-thujene),Hydrocarbons,,
LITCHI (Litchi chinensis Sonn.),,Fruits,trans-α-bergamotene,Hydrocarbons,,
LITCHI (Litchi chinensis Sonn.),,Fruits,α-himachalene,Hydrocarbons,,
LITCHI (Litchi chinensis Sonn.),,Fruits,α-acoradiene,Hydrocarbons,0.03,0.2
LITCHI (Litchi chinensis Sonn.),,Fruits,β-caryophyllene,Hydrocarbons,,
LITCHI (Litchi chinensis Sonn.),,Fruits,isopropylbenzene (=cumene),Hydrocarbons,,
LITCHI (Litchi chinensis Sonn.),,Fruits,1-isopropyl-4-methylbenzene (=p-cymene),Hydrocarbons,0.03,0.2
LITCHI (Litchi chinensis Sonn.),,Fruits,"1-isopropenyl-4-methylbenzene (=α,p-dimethyl styrene, p-cymenene, dehydro-p-cymene)",Hydrocarbons,,
LITCHI (Litchi chinensis Sonn.),,Fruits,2-methyl-1-propanol (=isobutanol),Alcohols,0.2,1
LITCHI (Litchi chinensis Sonn.),,Fruits,1-butanol,Alcohols,,
LITCHI (Litchi chinensis Sonn.),,Fruits,2-butanol (=sec-butanol),Alcohols,,
LITCHI (Litchi chinensis Sonn.),,Fruits,2-methyl-1-butanol (=active amyl alcohol),Alcohols,,
LITCHI (Litchi chinensis Sonn.),,Fruits,3-methyl-1-butanol (=isoamyl alcohol),Alcohols,1,1
LITCHI (Litchi chinensis Sonn.),,Fruits,2-methyl-2-buten-1-ol,Alcohols,,
LITCHI (Litchi chinensis Sonn.),,Fruits,3-methyl-2-buten-1-ol (=prenol),Alcohols,0.2,1
LITCHI (Litchi chinensis Sonn.),,Fruits,3-methyl-3-buten-1-ol,Alcohols,0.2,1
LITCHI (Litchi chinensis Sonn.),,Fruits,2-methyl-3-buten-2-ol,Alcohols,,
LITCHI (Litchi chinensis Sonn.),,Fruits,1-hexanol,Alcohols,0.03,0.2
LITCHI (Litchi chinensis Sonn.),,Fruits,(E)-2-hexen-1-ol,Alcohols,0.03,0.2
LITCHI (Litchi chinensis Sonn.),,Fruits,(Z)-3-hexen-1-ol (=leaf alcohol),Alcohols,,
LITCHI (Litchi chinensis Sonn.),,Fruits,(E)-3-hexen-1-ol,Alcohols,,
LITCHI (Litchi chinensis Sonn.),,Fruits,1-heptanol,Alcohols,,
LITCHI (Litchi chinensis Sonn.),,Fruits,1-hepten-3-ol,Alcohols,,
LITCHI (Litchi chinensis Sonn.),,Fruits,1-octanol,Alcohols,,
LITCHI (Litchi chinensis Sonn.),,Fruits,1-octen-3-ol,Alcohols,0.03,0.2
LITCHI (Litchi chinensis Sonn.),,Fruits,"3,7-dimethyl-2,5-octadiene-1,7-diol",Alcohols,,
LITCHI (Litchi chinensis Sonn.),,Fruits,"2,6-dimethyl-3,7-octadien-2,6-diol",Alcohols,,
LITCHI (Litchi chinensis Sonn.),,Fruits,citronellol,Alcohols,0.2,1
LITCHI (Litchi chinensis Sonn.),,Fruits,geraniol,Alcohols,0.2,1
LITCHI (Litchi chinensis Sonn.),,Fruits,nerol,Alcohols,,
LITCHI (Litchi chinensis Sonn.),,Fruits,linalool,Alcohols,,
LITCHI (Litchi chinensis Sonn.),,Fruits,benzyl alcohol (=benzenemethanol),Alcohols,,
LITCHI (Litchi chinensis Sonn.),,Fruits,2-phenylethanol (=phenethyl alcohol),Alcohols,,
LITCHI (Litchi chinensis Sonn.),,Fruits,"p-cymen-8-ol (=α,α,p-trimethyl-benzyl alcohol)",Alcohols,,
LITCHI (Litchi chinensis Sonn.),,Fruits,menthol,Alcohols,,
LITCHI (Litchi chinensis Sonn.),,Fruits,α-terpineol,Alcohols,,
LITCHI (Litchi chinensis Sonn.),,Fruits,4-terpineol (=terpinen-4-ol),Alcohols,,
LITCHI (Litchi chinensis Sonn.),,Fruits,"p-8-menthene-1,2-diol",Alcohols,,
LITCHI (Litchi chinensis Sonn.),,Fruits,β-bisabolol,Alcohols,0.03,0.2
LITCHI (Litchi chinensis Sonn.),,Fruits,fenchol (=fenchyl alcohol),Alcohols,,
LITCHI (Litchi chinensis Sonn.),,Fruits,"3-methylbutanal (=isopentanal, isovaleraldehyde)","Carbonyls, aldehydes",,
LITCHI (Litchi chinensis Sonn.),,Fruits,(E)-2-pentenal,"Carbonyls, aldehydes",,
LITCHI (Litchi chinensis Sonn.),,Fruits,hexanal (=capronaldehyde),"Carbonyls, aldehydes",,
LITCHI (Litchi chinensis Sonn.),,Fruits,(E)-2-hexenal (=leaf aldehyde),"Carbonyls, aldehydes",,
LITCHI (Litchi chinensis Sonn.),,Fruits,nonanal (=pelargonaldehyde),"Carbonyls, aldehydes",,
LITCHI (Litchi chinensis Sonn.),,Fruits,decanal (=capraldehyde),"Carbonyls, aldehydes",,
LITCHI (Litchi chinensis Sonn.),,Fruits,"citronellal (=3,7-dimethyl-6-octenal)","Carbonyls, aldehydes",,
LITCHI (Litchi chinensis Sonn.),,Fruits,geranial (=α-citral),"Carbonyls, aldehydes",,
LITCHI (Litchi chinensis Sonn.),,Fruits,neral (=β-citral),"Carbonyls, aldehydes",,
LITCHI (Litchi chinensis Sonn.),,Fruits,benzaldehyde,"Carbonyls, aldehydes",,
LITCHI (Litchi chinensis Sonn.),,Fruits,cinnamaldehyde (=3-phenyl-2-propenal),"Carbonyls, aldehydes",,
LITCHI (Litchi chinensis Sonn.),,Fruits,2-butanone (=ethyl methyl ketone),"Carbonyls, ketones",,
LITCHI (Litchi chinensis Sonn.),,Fruits,3-methyl-2-butanone,"Carbonyls, ketones",,
LITCHI (Litchi chinensis Sonn.),,Fruits,3-hydroxy-2-butanone (=acetoin),"Carbonyls, ketones",0.2,1
LITCHI (Litchi chinensis Sonn.),,Fruits,"2,3-butanedione (=diacetyl)","Carbonyls, ketones",,
LITCHI (Litchi chinensis Sonn.),,Fruits,2-pentanone,"Carbonyls, ketones",,
LITCHI (Litchi chinensis Sonn.),,Fruits,3-pentanone,"Carbonyls, ketones",,
LITCHI (Litchi chinensis Sonn.),,Fruits,2-hexanone,"Carbonyls, ketones",,
LITCHI (Litchi chinensis Sonn.),,Fruits,2-methyl-3-hexanone,"Carbonyls, ketones",,
LITCHI (Litchi chinensis Sonn.),,Fruits,3-octanone,"Carbonyls, ketones",,
LITCHI (Litchi chinensis Sonn.),,Fruits,cyclopentanone,"Carbonyls, ketones",,
LITCHI (Litchi chinensis Sonn.),,Fruits,1-phenyl-1-butanone (=butyrophenone),"Carbonyls, ketones",,
LITCHI (Litchi chinensis Sonn.),,Fruits,thujone (=α-thujone),"Carbonyls, ketones",,
LITCHI (Litchi chinensis Sonn.),,Fruits,phenethyl formate,Esters,,
LITCHI (Litchi chinensis Sonn.),,Fruits,ethyl acetate,Esters,,
LITCHI (Litchi chinensis Sonn.),,Fruits,propyl acetate,Esters,,
LITCHI (Litchi chinensis Sonn.),,Fruits,butyl acetate,Esters,,
LITCHI (Litchi chinensis Sonn.),,Fruits,isobutyl acetate (=2-methylpropyl acetate),Esters,,
LITCHI (Litchi chinensis Sonn.),,Fruits,3-methyl-2-butenyl acetate (=2-isopentenyl acetate),Esters,,
LITCHI (Litchi chinensis Sonn.),,Fruits,pentyl acetate (=amyl acetate),Esters,,
LITCHI (Litchi chinensis Sonn.),,Fruits,"isopentyl acetate (=3-methylbutyl acetate, isoamyl acetate)",Esters,0.03,0.2
LITCHI (Litchi chinensis Sonn.),,Fruits,citronellyl acetate,Esters,,
LITCHI (Litchi chinensis Sonn.),,Fruits,geranyl acetate,Esters,,
LITCHI (Litchi chinensis Sonn.),,Fruits,neryl acetate,Esters,,
LITCHI (Litchi chinensis Sonn.),,Fruits,phenethyl acetate,Esters,,
LITCHI (Litchi chinensis Sonn.),,Fruits,cinnamyl acetate,Esters,,
LITCHI (Litchi chinensis Sonn.),,Fruits,benzyl 3-oxobutanoate,Esters,,
LITCHI (Litchi chinensis Sonn.),,Fruits,ethyl hexanoate (=ethyl caproate),Esters,,
LITCHI (Litchi chinensis Sonn.),,Fruits,ethyl octanoate (=ethyl caprylate),Esters,,
LITCHI (Litchi chinensis Sonn.),,Fruits,ethyl decanoate (=ethyl caprate),Esters,,
LITCHI (Litchi chinensis Sonn.),,Fruits,ethyl tetradecanoate (=ethyl myristate),Esters,,
LITCHI (Litchi chinensis Sonn.),,Fruits,isopentyl benzoate,Esters,,
LITCHI (Litchi chinensis Sonn.),,Fruits,3-(methylthio)-1-propanol (=methionol),Sulfur compounds,,
LITCHI (Litchi chinensis Sonn.),,Fruits,benzothiazole,Sulfur compounds,,
LITCHI (Litchi chinensis Sonn.),,Fruits,hexyl methyl ether,Ethers,,
LITCHI (Litchi chinensis Sonn.),,Fruits,citronellyl methyl ether,Ethers,,
LITCHI (Litchi chinensis Sonn.),,Fruits,neryl methyl ether,Ethers,,
LITCHI (Litchi chinensis Sonn.),,Fruits,ethyl geranyl ether,Ethers,0.03,0.2
LITCHI (Litchi chinensis Sonn.),,Fruits,ethyl linalyl ether,Ethers,,
LITCHI (Litchi chinensis Sonn.),,Fruits,benzyl methyl ether,Ethers,,
LITCHI (Litchi chinensis Sonn.),,Fruits,benzyl ethyl ether,Ethers,,
LITCHI (Litchi chinensis Sonn.),,Fruits,methyl phenethyl ether,Ethers,,
LITCHI (Litchi chinensis Sonn.),,Fruits,"1,2-dimethoxy-1-phenylethane",Ethers,,
LITCHI (Litchi chinensis Sonn.),,Fruits,diethylene glycol monobutyl ether (=2-(2-butoxyethoxy)ethanol),Ethers,,
LITCHI (Litchi chinensis Sonn.),,Fruits,"methoxybenzene (=anisole, methyl phenyl ether)",Phenols,,
LITCHI (Litchi chinensis Sonn.),,Fruits,"1,2-dimethoxybenzene (=veratrole)",Phenols,,
LITCHI (Litchi chinensis Sonn.),,Fruits,"linalool oxide B (cis, 5-ring)",Furans,,
LITCHI (Litchi chinensis Sonn.),,Fruits,3-(4-methyl-3-pentenyl)furan (=perillene),Furans,,
LITCHI (Litchi chinensis Sonn.),,Fruits,"4-hydroxy-2,5-dimethyl-3(2H)-furanone (=furaneol)",Furans,,
LITCHI (Litchi chinensis Sonn.),,Fruits,cis-rose oxide,"(Ep)oxides, pyrans, coumarins",,
LITCHI (Litchi chinensis Sonn.),,Fruits,trans-rose oxide,"(Ep)oxides, pyrans, coumarins",,
LITCHI (Litchi chinensis Sonn.),,Fruits,nerol oxide,"(Ep)oxides, pyrans, coumarins",,
SWEET POTATO (heated),,Vegetables,3-methylpentane,Hydrocarbons,,
SWEET POTATO (heated),,Vegetables,hexane,Hydrocarbons,,
SWEET POTATO (heated),,Vegetables,methylcyclopentane,Hydrocarbons,,
SWEET POTATO (heated),,Vegetables,methylbenzene (=toluene),Hydrocarbons,,
SWEET POTATO (heated),,Vegetables,dimethylbenzene (unkn.str.) (=xylene (unkn.str.)),Hydrocarbons,,
SWEET POTATO (heated),,Vegetables,"1,3,5-trimethylbenzene (=mesitylene)",Hydrocarbons,,
SWEET POTATO (heated),,Vegetables,methanol,Alcohols,,
SWEET POTATO (heated),,Vegetables,ethanol,Alcohols,,
SWEET POTATO (heated),,Vegetables,linalool,Alcohols,,
SWEET POTATO (heated),,Vegetables,heptanal,"Carbonyls, aldehydes",,
SWEET POTATO (heated),,Vegetables,octanal (=caprylaldehyde),"Carbonyls, aldehydes",,
SWEET POTATO (heated),,Vegetables,nonanal (=pelargonaldehyde),"Carbonyls, aldehydes",,
SWEET POTATO (heated),,Vegetables,decanal (=capraldehyde),"Carbonyls, aldehydes",,
SWEET POTATO (heated),,Vegetables,benzaldehyde,"Carbonyls, aldehydes",,
SWEET POTATO (heated),,Vegetables,phenylacetaldehyde (=benzeneacetaldehyde),"Carbonyls, aldehydes",,
SWEET POTATO (heated),,Vegetables,"acetone (=2-propanone, dimethyl ketone)","Carbonyls, ketones",,
SWEET POTATO (heated),,Vegetables,"2,3-butanedione (=diacetyl)","Carbonyls, ketones",,
SWEET POTATO (heated),,Vegetables,"2,3-pentanedione (=acetylpropionyl)","Carbonyls, ketones",,
SWEET POTATO (heated),,Vegetables,(E)-β-ionone,"Carbonyls, ketones",,
SWEET POTATO (heated),,Vegetables,diethyl ether,Ethers,,
SWEET POTATO (heated),,Vegetables,dichloromethane (=methylene chloride),Halogens,,
SWEET POTATO (heated),,Vegetables,2-methylpropanenitrile (=isobutyronitrile),Nitriles and amides,,
SWEET POTATO (heated),,Vegetables,"4-(2,2,3,3-tetramethylbutyl)phenol",Phenols,,
SWEET POTATO (heated),,Vegetables,tetrahydrofuran (=oxolane),Furans,,
SWEET POTATO (heated),,Vegetables,2-pentylfuran,Furans,,
SWEET POTATO (heated),,Vegetables,"furfural (=2-formylfuran, 2-furancarbaldehyde, 2-furaldehyde)",Furans,,
SWEET POTATO (heated),,Vegetables,5-methylfurfural,Furans,,
SWEET POTATO (heated),,Vegetables,2-methyldihydro-3(2H)-furanone,Furans,,
SWEET POTATO (heated),,Vegetables,"2-acetylfuran (=2-furyl methyl ketone, 1-(2-furyl)ethanone)",Furans,,
SWEET POTATO (heated),,Vegetables,"2-pyrone (=α-pyrone, 2H-pyran-2-one)","(Ep)oxides, pyrans, coumarins",,
SUKIYAKI,,Miscellaneous,δ-guaiene (=α-bulnesene),Hydrocarbons,,
SUKIYAKI,,Miscellaneous,β-caryophyllene,Hydrocarbons,,
SUKIYAKI,,Miscellaneous,2-methyl-1-propanol (=isobutanol),Alcohols,,
SUKIYAKI,,Miscellaneous,3-methyl-1-butanol (=isoamyl alcohol),Alcohols,,
SUKIYAKI,,Miscellaneous,benzyl alcohol (=benzenemethanol),Alcohols,,
SUKIYAKI,,Miscellaneous,2-phenylethanol (=phenethyl alcohol),Alcohols,,
SUKIYAKI,,Miscellaneous,acetaldehyde (=ethanal),"Carbonyls, aldehydes",,
SUKIYAKI,,Miscellaneous,"2-methylpropanal (=isobutanal, isobutyraldehyde)","Carbonyls, aldehydes",,
SUKIYAKI,,Miscellaneous,"3-methylbutanal (=isopentanal, isovaleraldehyde)","Carbonyls, aldehydes",,
SUKIYAKI,,Miscellaneous,benzaldehyde,"Carbonyls, aldehydes",,
SUKIYAKI,,Miscellaneous,phenylacetaldehyde (=benzeneacetaldehyde),"Carbonyls, aldehydes",,
SUKIYAKI,,Miscellaneous,"1-hydroxy-2-propanone (=acetol, pyruvic alcohol)","Carbonyls, ketones",,
SUKIYAKI,,Miscellaneous,3-hydroxy-2-butanone (=acetoin),"Carbonyls, ketones",,
SUKIYAKI,,Miscellaneous,"2,3-butanedione (=diacetyl)","Carbonyls, ketones",,
SUKIYAKI,,Miscellaneous,"2,3-pentanedione (=acetylpropionyl)","Carbonyls, ketones",,
SUKIYAKI,,Miscellaneous,"3-methyl-1,2-cyclopentanedione (=cyclotene)","Carbonyls, ketones",,
SUKIYAKI,,Miscellaneous,acetic acid,Acids,,
SUKIYAKI,,Miscellaneous,propanoic acid (=propionic acid),Acids,,
SUKIYAKI,,Miscellaneous,butanoic acid (=butyric acid),Acids,,
SUKIYAKI,,Miscellaneous,3-methylbutanoic acid (=isovaleric acid),Acids,,
SUKIYAKI,,Miscellaneous,ethyl acetate,Esters,,
SUKIYAKI,,Miscellaneous,ethyl 2-hydroxypropanoate (=ethyl lactate),Esters,,
SUKIYAKI,,Miscellaneous,ethyl tetradecanoate (=ethyl myristate),Esters,,
SUKIYAKI,,Miscellaneous,ethyl hexadecanoate (=ethyl palmitate),Esters,,
SUKIYAKI,,Miscellaneous,ethyl octadecanoate (=ethyl stearate),Esters,,
SUKIYAKI,,Miscellaneous,ethyl 9-octadecenoate,Esters,,
SUKIYAKI,,Miscellaneous,2-acetylpyrrole (=methyl 2-pyrrolyl ketone),Bases,,
SUKIYAKI,,Miscellaneous,pyridine,Bases,,
SUKIYAKI,,Miscellaneous,3-methyl-2-pyridone,Bases,,
SUKIYAKI,,Miscellaneous,pyrazine,Bases,,
SUKIYAKI,,Miscellaneous,methylpyrazine,Bases,,
SUKIYAKI,,Miscellaneous,"2,3-dimethylpyrazine",Bases,,
SUKIYAKI,,Miscellaneous,"2,5-dimethylpyrazine",Bases,,
SUKIYAKI,,Miscellaneous,trimethylpyrazine,Bases,,
SUKIYAKI,,Miscellaneous,tetramethylpyrazine,Bases,,
SUKIYAKI,,Miscellaneous,dimethyl disulfide (=methyldithiomethane),Sulfur compounds,,
SUKIYAKI,,Miscellaneous,2-methoxyphenol (=guaiacol),Phenols,,
SUKIYAKI,,Miscellaneous,"furfural (=2-formylfuran, 2-furancarbaldehyde, 2-furaldehyde)",Furans,,
SUKIYAKI,,Miscellaneous,5-methylfurfural,Furans,,
SUKIYAKI,,Miscellaneous,"2-acetylfuran (=2-furyl methyl ketone, 1-(2-furyl)ethanone)",Furans,,
SUKIYAKI,,Miscellaneous,2-(2-oxopropyl)furan (=2-acetonylfuran),Furans,,
SUKIYAKI,,Miscellaneous,2-propanoylfuran,Furans,,
SUKIYAKI,,Miscellaneous,"furfuryl alcohol (=(2-furyl)-methanol, 2-furanmethanol)",Furans,,
SUKIYAKI,,Miscellaneous,5-methylfurfuryl alcohol,Furans,,
SUKIYAKI,,Miscellaneous,furfuryl acetate (=2-furanmethanol acetate),Furans,,
,CALAMUS (sweet flag) (Acorus calamus L.),Spices & Condiments,(Z)-β-ocimene,Hydrocarbons,500,2500
,CALAMUS (sweet flag) (Acorus calamus L.),Spices & Condiments,(E)-β-ocimene,Hydrocarbons,<100,1000
,CALAMUS (sweet flag) (Acorus calamus L.),Spices & Condiments,allo-ocimene,Hydrocarbons,,
,CALAMUS (sweet flag) (Acorus calamus L.),Spices & Condiments,β-myrcene (=myrcene),Hydrocarbons,<100,1000
,CALAMUS (sweet flag) (Acorus calamus L.),Spices & Condiments,α-terpinene,Hydrocarbons,<1000,<1000
,CALAMUS (sweet flag) (Acorus calamus L.),Spices & Condiments,γ-terpinene,Hydrocarbons,<100,2400
,CALAMUS (sweet flag) (Acorus calamus L.),Spices & Condiments,terpinolene,Hydrocarbons,<100,1000
,CALAMUS (sweet flag) (Acorus calamus L.),Spices & Condiments,limonene,Hydrocarbons,<100,2400
,CALAMUS (sweet flag) (Acorus calamus L.),Spices & Condiments,(4R)-(+)-limonene,Hydrocarbons,,
,CALAMUS (sweet flag) (Acorus calamus L.),Spices & Condiments,(4S)-(-)-limonene,Hydrocarbons,,
,CALAMUS (sweet flag) (Acorus calamus L.),Spices & Condiments,β-sesquiphellandrene,Hydrocarbons,1300,20000
,CALAMUS (sweet flag) (Acorus calamus L.),Spices & Condiments,β-elemene,Hydrocarbons,<100,1000
,CALAMUS (sweet flag) (Acorus calamus L.),Spices & Condiments,γ-elemene,Hydrocarbons,,
,CALAMUS (sweet flag) (Acorus calamus L.),Spices & Condiments,δ-elemene,Hydrocarbons,<100,1000
,CALAMUS (sweet flag) (Acorus calamus L.),Spices & Condiments,β-bisabolene,Hydrocarbons,1400,1400
,CALAMUS (sweet flag) (Acorus calamus L.),Spices & Condiments,ar-curcumene,Hydrocarbons,,
,CALAMUS (sweet flag) (Acorus calamus L.),Spices & Condiments,α-curcumene,Hydrocarbons,4200,4800
,CALAMUS (sweet flag) (Acorus calamus L.),Spices & Condiments,β-curcumene,Hydrocarbons,1400,1400
,CALAMUS (sweet flag) (Acorus calamus L.),Spices & Condiments,germacrene D,Hydrocarbons,700,700
,CALAMUS (sweet flag) (Acorus calamus L.),Spices & Condiments,α-humulene (=humulene),Hydrocarbons,400,5400
,CALAMUS (sweet flag) (Acorus calamus L.),Spices & Condiments,α-pinene,Hydrocarbons,<100,2500
,CALAMUS (sweet flag) (Acorus calamus L.),Spices & Condiments,(1R)-α-pinene,Hydrocarbons,,
,CALAMUS (sweet flag) (Acorus calamus L.),Spices & Condiments,(1S)-α-pinene,Hydrocarbons,,
,CALAMUS (sweet flag) (Acorus calamus L.),Spices & Condiments,β-pinene,Hydrocarbons,<100,1600
,CALAMUS (sweet flag) (Acorus calamus L.),Spices & Condiments,(1R)-β-pinene,Hydrocarbons,,
,CALAMUS (sweet flag) (Acorus calamus L.),Spices & Condiments,(1S)-β-pinene,Hydrocarbons,,
,CALAMUS (sweet flag) (Acorus calamus L.),Spices & Condiments,camphene,Hydrocarbons,<100,15000
,CALAMUS (sweet flag) (Acorus calamus L.),Spices & Condiments,α-thujene,Hydrocarbons,<1000,<1000
,CALAMUS (sweet flag) (Acorus calamus L.),Spices & Condiments,sabinene (=4(10)-thujene),Hydrocarbons,<1000,<1000
,CALAMUS (sweet flag) (Acorus calamus L.),Spices & Condiments,trans-α-bergamotene,Hydrocarbons,<1000,<1000
,CALAMUS (sweet flag) (Acorus calamus L.),Spices & Condiments,δ-cadinene,Hydrocarbons,2100,17400
,CALAMUS (sweet flag) (Acorus calamus L.),Spices & Condiments,"α-selinene (=5β,7α,10α-selina-3,11-diene)",Hydrocarbons,38400,38400
,CALAMUS (sweet flag) (Acorus calamus L.),Spices & Condiments,"β-selinene (=4(14),11-selinadiene)",Hydrocarbons,5500,5500
,CALAMUS (sweet flag) (Acorus calamus L.),Spices & Condiments,δ-selinene,Hydrocarbons,19400,19400
,CALAMUS (sweet flag) (Acorus calamus L.),Spices & Condiments,selinene (unkn.str.),Hydrocarbons,,
,CALAMUS (sweet flag) (Acorus calamus L.),Spices & Condiments,guaiene (unkn.str.),Hydrocarbons,,
,CALAMUS (sweet flag) (Acorus calamus L.),Spices & Condiments,s-guaiazulene (=guaiazulene),Hydrocarbons,<100,1000
,CALAMUS (sweet flag) (Acorus calamus L.),Spices & Condiments,α-acoradiene,Hydrocarbons,4900,4900
,CALAMUS (sweet flag) (Acorus calamus L.),Spices & Condiments,β-acoradiene,Hydrocarbons,5100,5100
,CALAMUS (sweet flag) (Acorus calamus L.),Spices & Condiments,β-caryophyllene,Hydrocarbons,100,1000
,CALAMUS (sweet flag) (Acorus calamus L.),Spices & Condiments,α-copaene (=copaene),Hydrocarbons,<100,1000
,CALAMUS (sweet flag) (Acorus calamus L.),Spices & Condiments,α-cedrene,Hydrocarbons,<1000,<1000
,CALAMUS (sweet flag) (Acorus calamus L.),Spices & Condiments,"1,7-di-epi-α-cedrene",Hydrocarbons,<1000,<1000
,CALAMUS (sweet flag) (Acorus calamus L.),Spices & Condiments,alloaromadendrene,Hydrocarbons,,
,CALAMUS (sweet flag) (Acorus calamus L.),Spices & Condiments,α-gurjunene,Hydrocarbons,<1000,<1000
,CALAMUS (sweet flag) (Acorus calamus L.),Spices & Condiments,β-gurjunene,Hydrocarbons,1700,67400
,CALAMUS (sweet flag) (Acorus calamus L.),Spices & Condiments,calarene,Hydrocarbons,,
,CALAMUS (sweet flag) (Acorus calamus L.),Spices & Condiments,1-isopropyl-4-methylbenzene (=p-cymene),Hydrocarbons,<100,13800
,CALAMUS (sweet flag) (Acorus calamus L.),Spices & Condiments,"1-isopropenyl-4-methylbenzene (=α,p-dimethyl styrene, p-cymenene, dehydro-p-cymene)",Hydrocarbons,<100,<100
,CALAMUS (sweet flag) (Acorus calamus L.),Spices & Condiments,"1,2,3,4,4a,7-hexahydro-4-isopropyl-1,6-dimethylnaphthalene",Hydrocarbons,,
,CALAMUS (sweet flag) (Acorus calamus L.),Spices & Condiments,calamenene,Hydrocarbons,,
,CALAMUS (sweet flag) (Acorus calamus L.),Spices & Condiments,α-calacorene,Hydrocarbons,8900,35500
,CALAMUS (sweet flag) (Acorus calamus L.),Spices & Condiments,calacorene (unkn.str.),Hydrocarbons,,
,CALAMUS (sweet flag) (Acorus calamus L.),Spices & Condiments,naphthalene,Hydrocarbons,,
,CALAMUS (sweet flag) (Acorus calamus L.),Spices & Condiments,"1,4,9-cadalatriene",Hydrocarbons,<100,2000
,CALAMUS (sweet flag) (Acorus calamus L.),Spices & Condiments,viridiflorene (=ledene),Hydrocarbons,400,400
,CALAMUS (sweet flag) (Acorus calamus L.),Spices & Condiments,1-heptanol,Alcohols,,
,CALAMUS (sweet flag) (Acorus calamus L.),Spices & Condiments,2-heptanol,Alcohols,,
,CALAMUS (sweet flag) (Acorus calamus L.),Spices & Condiments,1-octen-3-ol,Alcohols,<1000,<1000
,CALAMUS (sweet flag) (Acorus calamus L.),Spices & Condiments,"3,7-dimethyl-1,5,7-octatrien-3-ol (=hotrienol)",Alcohols,<1000,<1000
,CALAMUS (sweet flag) (Acorus calamus L.),Spices & Condiments,"2,6-dimethyl-3,7-octadien-2,6-diol",Alcohols,,
,CALAMUS (sweet flag) (Acorus calamus L.),Spices & Condiments,linalool,Alcohols,1000,11100
,CALAMUS (sweet flag) (Acorus calamus L.),Spices & Condiments,(E)-nerolidol,Alcohols,,
,CALAMUS (sweet flag) (Acorus calamus L.),Spices & Condiments,benzyl alcohol (=benzenemethanol),Alcohols,,
,CALAMUS (sweet flag) (Acorus calamus L.),Spices & Condiments,2-phenylethanol (=phenethyl alcohol),Alcohols,,
,CALAMUS (sweet flag) (Acorus calamus L.),Spices & Condiments,"p-cymen-8-ol (=α,α,p-trimethyl-benzyl alcohol)",Alcohols,<1000,<1000
,CALAMUS (sweet flag) (Acorus calamus L.),Spices & Condiments,"1-methoxy-1-(2,4,5-trimethoxy-phenyl)-2-propanol",Alcohols,<100,<100
,CALAMUS (sweet flag) (Acorus calamus L.),Spices & Condiments,menthol,Alcohols,<1000,<1000
,CALAMUS (sweet flag) (Acorus calamus L.),Spices & Condiments,α-terpineol,Alcohols,<1000,<1000
,CALAMUS (sweet flag) (Acorus calamus L.),Spices & Condiments,4-terpineol (=terpinen-4-ol),Alcohols,<1000,<1000
,CALAMUS (sweet flag) (Acorus calamus L.),Spices & Condiments,trans-β-sesquiphellandrol,Alcohols,4500,4500
,CALAMUS (sweet flag) (Acorus calamus L.),Spices & Condiments,"trans-carveol (=trans-p-1(6),8-menthadien-2-ol)",Alcohols,,
,CALAMUS (sweet flag) (Acorus calamus L.),Spices & Condiments,elemol,Alcohols,600,3100
,CALAMUS (sweet flag) (Acorus calamus L.),Spices & Condiments,humulenol II,Alcohols,3400,3400
,CALAMUS (sweet flag) (Acorus calamus L.),Spices & Condiments,camphene hydrate,Alcohols,<1000,<1000
,CALAMUS (sweet flag) (Acorus calamus L.),Spices & Condiments,trans-pinocarveol,Alcohols,,
,CALAMUS (sweet flag) (Acorus calamus L.),Spices & Condiments,borneol,Alcohols,,
,CALAMUS (sweet flag) (Acorus calamus L.),Spices & Condiments,cis-sabinene hydrate (=cis-4-thujanol),Alcohols,,
,CALAMUS (sweet flag) (Acorus calamus L.),Spices & Condiments,trans-sabinene hydrate (=trans-4-thujanol),Alcohols,,
,CALAMUS (sweet flag) (Acorus calamus L.),Spices & Condiments,α-cadinol,Alcohols,1100,10000
,CALAMUS (sweet flag) (Acorus calamus L.),Spices & Condiments,δ-cadinol (=torreyol),Alcohols,<1000,<1000
,CALAMUS (sweet flag) (Acorus calamus L.),Spices & Condiments,cadinol-T,Alcohols,400,2100
,CALAMUS (sweet flag) (Acorus calamus L.),Spices & Condiments,calamendiol (=calameon),Alcohols,4200,52100
,CALAMUS (sweet flag) (Acorus calamus L.),Spices & Condiments,isocalamendiol,Alcohols,900,30000
,CALAMUS (sweet flag) (Acorus calamus L.),Spices & Condiments,cedrol,Alcohols,1900,1900
,CALAMUS (sweet flag) (Acorus calamus L.),Spices & Condiments,spathulenol (=(+)-spathulenol),Alcohols,<100,7100
,CALAMUS (sweet flag) (Acorus calamus L.),Spices & Condiments,isospathulenol,Alcohols,<1000,<1000
,CALAMUS (sweet flag) (Acorus calamus L.),Spices & Condiments,hexanal (=capronaldehyde),"Carbonyls, aldehydes",,
,CALAMUS (sweet flag) (Acorus calamus L.),Spices & Condiments,(E)-2-butyl-2-octenal,"Carbonyls, aldehydes",,
,CALAMUS (sweet flag) (Acorus calamus L.),Spices & Condiments,nonanal (=pelargonaldehyde),"Carbonyls, aldehydes",,
,CALAMUS (sweet flag) (Acorus calamus L.),Spices & Condiments,(E)-2-nonenal,"Carbonyls, aldehydes",,
,CALAMUS (sweet flag) (Acorus calamus L.),Spices & Condiments,decanal (=capraldehyde),"Carbonyls, aldehydes",,
,CALAMUS (sweet flag) (Acorus calamus L.),Spices & Condiments,(Z)-4-decenal,"Carbonyls, aldehydes",,
,CALAMUS (sweet flag) (Acorus calamus L.),Spices & Condiments,"2,4-decadienal","Carbonyls, aldehydes",,
,CALAMUS (sweet flag) (Acorus calamus L.),Spices & Condiments,"(E,E)-2,4-decadienal","Carbonyls, aldehydes",,
,CALAMUS (sweet flag) (Acorus calamus L.),Spices & Condiments,"(Z,Z)-4,7-decadienal","Carbonyls, aldehydes",,
,CALAMUS (sweet flag) (Acorus calamus L.),Spices & Condiments,decadienal (unkn.str.),"Carbonyls, aldehydes",,
,CALAMUS (sweet flag) (Acorus calamus L.),Spices & Condiments,undecanal,"Carbonyls, aldehydes",,
,CALAMUS (sweet flag) (Acorus calamus L.),Spices & Condiments,(Z)-4-undecenal,"Carbonyls, aldehydes",,
,CALAMUS (sweet flag) (Acorus calamus L.),Spices & Condiments,(Z)-5-undecenal,"Carbonyls, aldehydes",,
,CALAMUS (sweet flag) (Acorus calamus L.),Spices & Condiments,undecenal (unkn.str.),"Carbonyls, aldehydes",,
,CALAMUS (sweet flag) (Acorus calamus L.),Spices & Condiments,"(Z,Z)-4,7-undecadienal","Carbonyls, aldehydes",,
,CALAMUS (sweet flag) (Acorus calamus L.),Spices & Condiments,benzaldehyde,"Carbonyls, aldehydes",<100,<100
,CALAMUS (sweet flag) (Acorus calamus L.),Spices & Condiments,4-isopropylbenzaldehyde (=cuminaldehyde),"Carbonyls, aldehydes",,
,CALAMUS (sweet flag) (Acorus calamus L.),Spices & Condiments,4-methoxybenzaldehyde (=anisaldehyde),"Carbonyls, aldehydes",,
,CALAMUS (sweet flag) (Acorus calamus L.),Spices & Condiments,"p-1,3-menthadien-7-al","Carbonyls, aldehydes",,
,CALAMUS (sweet flag) (Acorus calamus L.),Spices & Condiments,β-cyclocitral,"Carbonyls, aldehydes",,
,CALAMUS (sweet flag) (Acorus calamus L.),Spices & Condiments,perillaldehyde,"Carbonyls, aldehydes",,
,CALAMUS (sweet flag) (Acorus calamus L.),Spices & Condiments,"2,2-dimethyl-bicyclo[2.2.1]- heptane-3-carbaldehyde","Carbonyls, aldehydes",,
,CALAMUS (sweet flag) (Acorus calamus L.),Spices & Condiments,myrtenal,"Carbonyls, aldehydes",,
,CALAMUS (sweet flag) (Acorus calamus L.),Spices & Condiments,asaronaldehyde,"Carbonyls, aldehydes",<1000,3700
,CALAMUS (sweet flag) (Acorus calamus L.),Spices & Condiments,6-methyl-5-hepten-2-one,"Carbonyls, ketones",,
,CALAMUS (sweet flag) (Acorus calamus L.),Spices & Condiments,3-octanone,"Carbonyls, ketones",,
,CALAMUS (sweet flag) (Acorus calamus L.),Spices & Condiments,shyobunone,"Carbonyls, ketones",3800,40000
,CALAMUS (sweet flag) (Acorus calamus L.),Spices & Condiments,6-epishyobunone,"Carbonyls, ketones",1100,12400
,CALAMUS (sweet flag) (Acorus calamus L.),Spices & Condiments,epishyobunone,"Carbonyls, ketones",40200,40200
,CALAMUS (sweet flag) (Acorus calamus L.),Spices & Condiments,"2,6-diepishyobunone","Carbonyls, ketones",1200,140000
,CALAMUS (sweet flag) (Acorus calamus L.),Spices & Condiments,isoshyobunone,"Carbonyls, ketones",4600,62500
,CALAMUS (sweet flag) (Acorus calamus L.),Spices & Condiments,calacone,"Carbonyls, ketones",,
,CALAMUS (sweet flag) (Acorus calamus L.),Spices & Condiments,preisocalamendiol,"Carbonyls, ketones",9100,120000
,CALAMUS (sweet flag) (Acorus calamus L.),Spices & Condiments,acoragermacrone,"Carbonyls, ketones",trace,120000
,CALAMUS (sweet flag) (Acorus calamus L.),Spices & Condiments,"1-(2,4,5-trimethoxyphenyl)-1-propanone","Carbonyls, ketones",300,1000
,CALAMUS (sweet flag) (Acorus calamus L.),Spices & Condiments,"1-(2,4,5-trimethoxyphenyl)-2-propanone (=acoramone)","Carbonyls, ketones",<1000,3300
,CALAMUS (sweet flag) (Acorus calamus L.),Spices & Condiments,menthone,"Carbonyls, ketones",<1000,<1000
,CALAMUS (sweet flag) (Acorus calamus L.),Spices & Condiments,"carvone (=p-6,8-menthadien-2-one)","Carbonyls, ketones",<1000,<1000
,CALAMUS (sweet flag) (Acorus calamus L.),Spices & Condiments,camphor (=alcanfor),"Carbonyls, ketones",31700,31700
,CALAMUS (sweet flag) (Acorus calamus L.),Spices & Condiments,endo-isocamphanone,"Carbonyls, ketones",,
,CALAMUS (sweet flag) (Acorus calamus L.),Spices & Condiments,fenchone,"Carbonyls, ketones",<1000,<1000
,CALAMUS (sweet flag) (Acorus calamus L.),Spices & Condiments,acorenone,"Carbonyls, ketones",60000,81200
,CALAMUS (sweet flag) (Acorus calamus L.),Spices & Condiments,acorone,"Carbonyls, ketones",7100,370000
,CALAMUS (sweet flag) (Acorus calamus L.),Spices & Condiments,isoacorone,"Carbonyls, ketones",4800,20000
,CALAMUS (sweet flag) (Acorus calamus L.),Spices & Condiments,neoacorone,"Carbonyls, ketones",,
,CALAMUS (sweet flag) (Acorus calamus L.),Spices & Condiments,10-norcalamenen-10-one,"Carbonyls, ketones",<1000,<1000
,CALAMUS (sweet flag) (Acorus calamus L.),Spices & Condiments,acolamone,"Carbonyls, ketones",,
,CALAMUS (sweet flag) (Acorus calamus L.),Spices & Condiments,isoacolamone,"Carbonyls, ketones",,
,CALAMUS (sweet flag) (Acorus calamus L.),Spices & Condiments,cis-spiro[4.5]decenone (unkn.str.),"Carbonyls, ketones",,
,CALAMUS (sweet flag) (Acorus calamus L.),Spices & Condiments,calamusenone,"Carbonyls, ketones",32400,32400
,CALAMUS (sweet flag) (Acorus calamus L.),Spices & Condiments,isocalamusenone,"Carbonyls, ketones",,
,CALAMUS (sweet flag) (Acorus calamus L.),Spices & Condiments,tropone,"Carbonyls, ketones",,
,CALAMUS (sweet flag) (Acorus calamus L.),Spices & Condiments,acoronene,"Carbonyls, ketones",,
,CALAMUS (sweet flag) (Acorus calamus L.),Spices & Condiments,acetic acid,Acids,<100,1000
,CALAMUS (sweet flag) (Acorus calamus L.),Spices & Condiments,butanoic acid (=butyric acid),Acids,,
,CALAMUS (sweet flag) (Acorus calamus L.),Spices & Condiments,pentanoic acid (=valeric acid),Acids,,
,CALAMUS (sweet flag) (Acorus calamus L.),Spices & Condiments,hexanoic acid (=caproic acid),Acids,<100,<100
,CALAMUS (sweet flag) (Acorus calamus L.),Spices & Condiments,octanoic acid (=caprylic acid),Acids,<100,<100
,CALAMUS (sweet flag) (Acorus calamus L.),Spices & Condiments,α-campholenic acid,Acids,,
,CALAMUS (sweet flag) (Acorus calamus L.),Spices & Condiments,geranyl acetate,Esters,,
,CALAMUS (sweet flag) (Acorus calamus L.),Spices & Condiments,linalyl acetate,Esters,<1000,<1000
,CALAMUS (sweet flag) (Acorus calamus L.),Spices & Condiments,menthyl acetate,Esters,<1000,<1000
,CALAMUS (sweet flag) (Acorus calamus L.),Spices & Condiments,isomenthyl acetate,Esters,<1000,<1000
,CALAMUS (sweet flag) (Acorus calamus L.),Spices & Condiments,trans-pinocarvyl acetate,Esters,2400,2400
,CALAMUS (sweet flag) (Acorus calamus L.),Spices & Condiments,bornyl acetate,Esters,trace,1000
,CALAMUS (sweet flag) (Acorus calamus L.),Spices & Condiments,methyl 2-hydroxy-3-methylpentanoate,Esters,<100,1000
,CALAMUS (sweet flag) (Acorus calamus L.),Spices & Condiments,"4-hydroxybutanoic acid lactone (=dihydro-2(3H)-furanone, 4-butanolide, γ-butyrolactone)",Lactones,,
,CALAMUS (sweet flag) (Acorus calamus L.),Spices & Condiments,4-hydroxy-4-methyl-5-hexenoic acid lactone (=lavender lactone),Lactones,,
,CALAMUS (sweet flag) (Acorus calamus L.),Spices & Condiments,"1,8-cineole (=eucalyptol)",Ethers,<100,1000
,CALAMUS (sweet flag) (Acorus calamus L.),Spices & Condiments,carvacrol (=5-isopropyl-2-methylphenol),Phenols,13800,13800
,CALAMUS (sweet flag) (Acorus calamus L.),Spices & Condiments,"(E)-anethole (=(E)-1-methoxy-4-(1-propenyl)benzene, anise camphor)",Phenols,5600,5600
,CALAMUS (sweet flag) (Acorus calamus L.),Spices & Condiments,eugenol (=4-allyl-2-methoxyphenol),Phenols,900,900
,CALAMUS (sweet flag) (Acorus calamus L.),Spices & Condiments,"methyleugenol (=4-allyl-1,2-dimethoxybenzene)",Phenols,200,200
,CALAMUS (sweet flag) (Acorus calamus L.),Spices & Condiments,"methylisoeugenol (=1,2-dimethoxy-4-(1-propenyl)-benzene)",Phenols,,
,CALAMUS (sweet flag) (Acorus calamus L.),Spices & Condiments,"(Z)-1,2-dimethoxy-4-(1-propenyl)-benzene (=(Z)-methylisoeugenol)",Phenols,5700,13300
,CALAMUS (sweet flag) (Acorus calamus L.),Spices & Condiments,"(E)-1,2-dimethoxy-4-(1-propenyl)-benzene (=(E)-methylisoeugenol)",Phenols,1600,3300
,CALAMUS (sweet flag) (Acorus calamus L.),Spices & Condiments,"1-allyl-2,4,5-trimethoxybenzene (=γ-asarone)",Phenols,<100,2600
,CALAMUS (sweet flag) (Acorus calamus L.),Spices & Condiments,"5-allyl-1,2,3-trimethoxybenzene (=elemicin)",Phenols,5800,5800
,CALAMUS (sweet flag) (Acorus calamus L.),Spices & Condiments,"(Z)-1,2,3-trimethoxy-5-(1-propenyl)benzene (=Z-isoelemicin)",Phenols,<1000,12900
,CALAMUS (sweet flag) (Acorus calamus L.),Spices & Condiments,"(E)-1,2,4-trimethoxy-5-(1-propenyl)benzene (=α-asarone, E-asarone)",Phenols,4900,68000
,CALAMUS (sweet flag) (Acorus calamus L.),Spices & Condiments,"(Z)-1,2,4-trimethoxy-5-(1-propenyl)benzene (=β-asarone, Z-asarone)",Phenols,0,965000
,CALAMUS (sweet flag) (Acorus calamus L.),Spices & Condiments,"linalool oxide B (cis, 5-ring)",Furans,<1000,<1000
,CALAMUS (sweet flag) (Acorus calamus L.),Spices & Condiments,"linalool oxide A (trans, 5-ring)",Furans,<1000,<1000
,CALAMUS (sweet flag) (Acorus calamus L.),Spices & Condiments,2-pentylfuran,Furans,<100,1000
,CALAMUS (sweet flag) (Acorus calamus L.),Spices & Condiments,"furfural (=2-formylfuran, 2-furancarbaldehyde, 2-furaldehyde)",Furans,<1000,10200
,CALAMUS (sweet flag) (Acorus calamus L.),Spices & Condiments,5-methylfurfural,Furans,1500,1500
,CALAMUS (sweet flag) (Acorus calamus L.),Spices & Condiments,"2-acetylfuran (=2-furyl methyl ketone, 1-(2-furyl)ethanone)",Furans,600,600
,CALAMUS (sweet flag) (Acorus calamus L.),Spices & Condiments,(Z)-ocimene oxide (unkn.str.),"(Ep)oxides, pyrans, coumarins",,
,CALAMUS (sweet flag) (Acorus calamus L.),Spices & Condiments,(E)-ocimene oxide (unkn.str.),"(Ep)oxides, pyrans, coumarins",,
,CALAMUS (sweet flag) (Acorus calamus L.),Spices & Condiments,humulene epoxide I,"(Ep)oxides, pyrans, coumarins",<1000,<1000
,CALAMUS (sweet flag) (Acorus calamus L.),Spices & Condiments,humulene epoxide II,"(Ep)oxides, pyrans, coumarins",4800,4800
,CALAMUS (sweet flag) (Acorus calamus L.),Spices & Condiments,β-caryophyllene oxide,"(Ep)oxides, pyrans, coumarins",200,1600
,CALAMUS (sweet flag) (Acorus calamus L.),Spices & Condiments,"linalool oxide D (cis, 6-ring)","(Ep)oxides, pyrans, coumarins",<1000,<1000
,CALAMUS (sweet flag) (Acorus calamus L.),Spices & Condiments,"linalool oxide C (trans, 6-ring)","(Ep)oxides, pyrans, coumarins",<1000,<1000
CALAMUS (EUROPEAN ORIGIN),CALAMUS (sweet flag) (Acorus calamus L.),Spices & Condiments,(Z)-β-ocimene,Hydrocarbons,2500,2500
CALAMUS (EUROPEAN ORIGIN),CALAMUS (sweet flag) (Acorus calamus L.),Spices & Condiments,(E)-β-ocimene,Hydrocarbons,<1000,<1000
CALAMUS (EUROPEAN ORIGIN),CALAMUS (sweet flag) (Acorus calamus L.),Spices & Condiments,allo-ocimene,Hydrocarbons,,
CALAMUS (EUROPEAN ORIGIN),CALAMUS (sweet flag) (Acorus calamus L.),Spices & Condiments,β-myrcene (=myrcene),Hydrocarbons,<1000,<1000
CALAMUS (EUROPEAN ORIGIN),CALAMUS (sweet flag) (Acorus calamus L.),Spices & Condiments,α-terpinene,Hydrocarbons,<1000,<1000
CALAMUS (EUROPEAN ORIGIN),CALAMUS (sweet flag) (Acorus calamus L.),Spices & Condiments,γ-terpinene,Hydrocarbons,2400,2400
CALAMUS (EUROPEAN ORIGIN),CALAMUS (sweet flag) (Acorus calamus L.),Spices & Condiments,terpinolene,Hydrocarbons,<1000,<1000
CALAMUS (EUROPEAN ORIGIN),CALAMUS (sweet flag) (Acorus calamus L.),Spices & Condiments,limonene,Hydrocarbons,2400,2400
CALAMUS (EUROPEAN ORIGIN),CALAMUS (sweet flag) (Acorus calamus L.),Spices & Condiments,(4R)-(+)-limonene,Hydrocarbons,,
CALAMUS (EUROPEAN ORIGIN),CALAMUS (sweet flag) (Acorus calamus L.),Spices & Condiments,(4S)-(-)-limonene,Hydrocarbons,,
CALAMUS (EUROPEAN ORIGIN),CALAMUS (sweet flag) (Acorus calamus L.),Spices & Condiments,β-sesquiphellandrene,Hydrocarbons,1900,1900
CALAMUS (EUROPEAN ORIGIN),CALAMUS (sweet flag) (Acorus calamus L.),Spices & Condiments,β-elemene,Hydrocarbons,<1000,<1000
CALAMUS (EUROPEAN ORIGIN),CALAMUS (sweet flag) (Acorus calamus L.),Spices & Condiments,δ-elemene,Hydrocarbons,<1000,<1000
CALAMUS (EUROPEAN ORIGIN),CALAMUS (sweet flag) (Acorus calamus L.),Spices & Condiments,ar-curcumene,Hydrocarbons,,
CALAMUS (EUROPEAN ORIGIN),CALAMUS (sweet flag) (Acorus calamus L.),Spices & Condiments,α-curcumene,Hydrocarbons,4800,4800
CALAMUS (EUROPEAN ORIGIN),CALAMUS (sweet flag) (Acorus calamus L.),Spices & Condiments,α-humulene (=humulene),Hydrocarbons,5400,5400
CALAMUS (EUROPEAN ORIGIN),CALAMUS (sweet flag) (Acorus calamus L.),Spices & Condiments,α-pinene,Hydrocarbons,2500,2500
CALAMUS (EUROPEAN ORIGIN),CALAMUS (sweet flag) (Acorus calamus L.),Spices & Condiments,(1R)-α-pinene,Hydrocarbons,,
CALAMUS (EUROPEAN ORIGIN),CALAMUS (sweet flag) (Acorus calamus L.),Spices & Condiments,(1S)-α-pinene,Hydrocarbons,,
CALAMUS (EUROPEAN ORIGIN),CALAMUS (sweet flag) (Acorus calamus L.),Spices & Condiments,β-pinene,Hydrocarbons,1600,1600
CALAMUS (EUROPEAN ORIGIN),CALAMUS (sweet flag) (Acorus calamus L.),Spices & Condiments,(1R)-β-pinene,Hydrocarbons,,
CALAMUS (EUROPEAN ORIGIN),CALAMUS (sweet flag) (Acorus calamus L.),Spices & Condiments,(1S)-β-pinene,Hydrocarbons,,
CALAMUS (EUROPEAN ORIGIN),CALAMUS (sweet flag) (Acorus calamus L.),Spices & Condiments,camphene,Hydrocarbons,15000,15000
CALAMUS (EUROPEAN ORIGIN),CALAMUS (sweet flag) (Acorus calamus L.),Spices & Condiments,α-thujene,Hydrocarbons,<1000,<1000
CALAMUS (EUROPEAN ORIGIN),CALAMUS (sweet flag) (Acorus calamus L.),Spices & Condiments,sabinene (=4(10)-thujene),Hydrocarbons,<1000,<1000
CALAMUS (EUROPEAN ORIGIN),CALAMUS (sweet flag) (Acorus calamus L.),Spices & Condiments,trans-α-bergamotene,Hydrocarbons,<1000,<1000
CALAMUS (EUROPEAN ORIGIN),CALAMUS (sweet flag) (Acorus calamus L.),Spices & Condiments,δ-cadinene,Hydrocarbons,17400,17400
CALAMUS (EUROPEAN ORIGIN),CALAMUS (sweet flag) (Acorus calamus L.),Spices & Condiments,"α-selinene (=5β,7α,10α-selina-3,11-diene)",Hydrocarbons,38400,38400
CALAMUS (EUROPEAN ORIGIN),CALAMUS (sweet flag) (Acorus calamus L.),Spices & Condiments,"β-selinene (=4(14),11-selinadiene)",Hydrocarbons,5500,5500
CALAMUS (EUROPEAN ORIGIN),CALAMUS (sweet flag) (Acorus calamus L.),Spices & Condiments,δ-selinene,Hydrocarbons,19400,19400
CALAMUS (EUROPEAN ORIGIN),CALAMUS (sweet flag) (Acorus calamus L.),Spices & Condiments,selinene (unkn.str.),Hydrocarbons,,
CALAMUS (EUROPEAN ORIGIN),CALAMUS (sweet flag) (Acorus calamus L.),Spices & Condiments,guaiene (unkn.str.),Hydrocarbons,,
CALAMUS (EUROPEAN ORIGIN),CALAMUS (sweet flag) (Acorus calamus L.),Spices & Condiments,s-guaiazulene (=guaiazulene),Hydrocarbons,<1000,<1000
CALAMUS (EUROPEAN ORIGIN),CALAMUS (sweet flag) (Acorus calamus L.),Spices & Condiments,α-acoradiene,Hydrocarbons,4900,4900
CALAMUS (EUROPEAN ORIGIN),CALAMUS (sweet flag) (Acorus calamus L.),Spices & Condiments,β-acoradiene,Hydrocarbons,5100,5100
CALAMUS (EUROPEAN ORIGIN),CALAMUS (sweet flag) (Acorus calamus L.),Spices & Condiments,β-caryophyllene,Hydrocarbons,<1000,<1000
CALAMUS (EUROPEAN ORIGIN),CALAMUS (sweet flag) (Acorus calamus L.),Spices & Condiments,α-copaene (=copaene),Hydrocarbons,<1000,<1000
CALAMUS (EUROPEAN ORIGIN),CALAMUS (sweet flag) (Acorus calamus L.),Spices & Condiments,α-cedrene,Hydrocarbons,<1000,<1000
CALAMUS (EUROPEAN ORIGIN),CALAMUS (sweet flag) (Acorus calamus L.),Spices & Condiments,"1,7-di-epi-α-cedrene",Hydrocarbons,<1000,<1000
CALAMUS (EUROPEAN ORIGIN),CALAMUS (sweet flag) (Acorus calamus L.),Spices & Condiments,α-gurjunene,Hydrocarbons,<1000,<1000
CALAMUS (EUROPEAN ORIGIN),CALAMUS (sweet flag) (Acorus calamus L.),Spices & Condiments,β-gurjunene,Hydrocarbons,67400,67400
CALAMUS (EUROPEAN ORIGIN),CALAMUS (sweet flag) (Acorus calamus L.),Spices & Condiments,calarene,Hydrocarbons,,
CALAMUS (EUROPEAN ORIGIN),CALAMUS (sweet flag) (Acorus calamus L.),Spices & Condiments,1-isopropyl-4-methylbenzene (=p-cymene),Hydrocarbons,13800,13800
CALAMUS (EUROPEAN ORIGIN),CALAMUS (sweet flag) (Acorus calamus L.),Spices & Condiments,"1,2,3,4,4a,7-hexahydro-4-isopropyl-1,6-dimethylnaphthalene",Hydrocarbons,,
CALAMUS (EUROPEAN ORIGIN),CALAMUS (sweet flag) (Acorus calamus L.),Spices & Condiments,calamenene,Hydrocarbons,,
CALAMUS (EUROPEAN ORIGIN),CALAMUS (sweet flag) (Acorus calamus L.),Spices & Condiments,α-calacorene,Hydrocarbons,35500,35500
CALAMUS (EUROPEAN ORIGIN),CALAMUS (sweet flag) (Acorus calamus L.),Spices & Condiments,calacorene (unkn.str.),Hydrocarbons,,
CALAMUS (EUROPEAN ORIGIN),CALAMUS (sweet flag) (Acorus calamus L.),Spices & Condiments,naphthalene,Hydrocarbons,,
CALAMUS (EUROPEAN ORIGIN),CALAMUS (sweet flag) (Acorus calamus L.),Spices & Condiments,"1,4,9-cadalatriene",Hydrocarbons,2000,2000
CALAMUS (EUROPEAN ORIGIN),CALAMUS (sweet flag) (Acorus calamus L.),Spices & Condiments,1-heptanol,Alcohols,,
CALAMUS (EUROPEAN ORIGIN),CALAMUS (sweet flag) (Acorus calamus L.),Spices & Condiments,2-heptanol,Alcohols,,
CALAMUS (EUROPEAN ORIGIN),CALAMUS (sweet flag) (Acorus calamus L.),Spices & Condiments,1-octen-3-ol,Alcohols,<1000,<1000
CALAMUS (EUROPEAN ORIGIN),CALAMUS (sweet flag) (Acorus calamus L.),Spices & Condiments,"3,7-dimethyl-1,5,7-octatrien-3-ol (=hotrienol)",Alcohols,<1000,<1000
CALAMUS (EUROPEAN ORIGIN),CALAMUS (sweet flag) (Acorus calamus L.),Spices & Condiments,"2,6-dimethyl-3,7-octadien-2,6-diol",Alcohols,,
CALAMUS (EUROPEAN ORIGIN),CALAMUS (sweet flag) (Acorus calamus L.),Spices & Condiments,linalool,Alcohols,11100,11100
CALAMUS (EUROPEAN ORIGIN),CALAMUS (sweet flag) (Acorus calamus L.),Spices & Condiments,(E)-nerolidol,Alcohols,,
CALAMUS (EUROPEAN ORIGIN),CALAMUS (sweet flag) (Acorus calamus L.),Spices & Condiments,benzyl alcohol (=benzenemethanol),Alcohols,,
CALAMUS (EUROPEAN ORIGIN),CALAMUS (sweet flag) (Acorus calamus L.),Spices & Condiments,2-phenylethanol (=phenethyl alcohol),Alcohols,,
CALAMUS (EUROPEAN ORIGIN),CALAMUS (sweet flag) (Acorus calamus L.),Spices & Condiments,"p-cymen-8-ol (=α,α,p-trimethyl-benzyl alcohol)",Alcohols,<1000,<1000
CALAMUS (EUROPEAN ORIGIN),CALAMUS (sweet flag) (Acorus calamus L.),Spices & Condiments,menthol,Alcohols,<1000,<1000
CALAMUS (EUROPEAN ORIGIN),CALAMUS (sweet flag) (Acorus calamus L.),Spices & Condiments,α-terpineol,Alcohols,<1000,<1000
CALAMUS (EUROPEAN ORIGIN),CALAMUS (sweet flag) (Acorus calamus L.),Spices & Condiments,4-terpineol (=terpinen-4-ol),Alcohols,<1000,<1000
CALAMUS (EUROPEAN ORIGIN),CALAMUS (sweet flag) (Acorus calamus L.),Spices & Condiments,trans-β-sesquiphellandrol,Alcohols,,
CALAMUS (EUROPEAN ORIGIN),CALAMUS (sweet flag) (Acorus calamus L.),Spices & Condiments,"trans-carveol (=trans-p-1(6),8-menthadien-2-ol)",Alcohols,,
CALAMUS (EUROPEAN ORIGIN),CALAMUS (sweet flag) (Acorus calamus L.),Spices & Condiments,elemol,Alcohols,3100,3100
CALAMUS (EUROPEAN ORIGIN),CALAMUS (sweet flag) (Acorus calamus L.),Spices & Condiments,humulenol II,Alcohols,3400,3400
CALAMUS (EUROPEAN ORIGIN),CALAMUS (sweet flag) (Acorus calamus L.),Spices & Condiments,camphene hydrate,Alcohols,<1000,<1000
CALAMUS (EUROPEAN ORIGIN),CALAMUS (sweet flag) (Acorus calamus L.),Spices & Condiments,trans-pinocarveol,Alcohols,,
CALAMUS (EUROPEAN ORIGIN),CALAMUS (sweet flag) (Acorus calamus L.),Spices & Condiments,borneol,Alcohols,,
CALAMUS (EUROPEAN ORIGIN),CALAMUS (sweet flag) (Acorus calamus L.),Spices & Condiments,cis-sabinene hydrate (=cis-4-thujanol),Alcohols,,
CALAMUS (EUROPEAN ORIGIN),CALAMUS (sweet flag) (Acorus calamus L.),Spices & Condiments,trans-sabinene hydrate (=trans-4-thujanol),Alcohols,,
CALAMUS (EUROPEAN ORIGIN),CALAMUS (sweet flag) (Acorus calamus L.),Spices & Condiments,α-cadinol,Alcohols,4900,4900
CALAMUS (EUROPEAN ORIGIN),CALAMUS (sweet flag) (Acorus calamus L.),Spices & Condiments,δ-cadinol (=torreyol),Alcohols,<1000,<1000
CALAMUS (EUROPEAN ORIGIN),CALAMUS (sweet flag) (Acorus calamus L.),Spices & Condiments,cadinol-T,Alcohols,2100,2100
CALAMUS (EUROPEAN ORIGIN),CALAMUS (sweet flag) (Acorus calamus L.),Spices & Condiments,calamendiol (=calameon),Alcohols,52100,52100
CALAMUS (EUROPEAN ORIGIN),CALAMUS (sweet flag) (Acorus calamus L.),Spices & Condiments,isocalamendiol,Alcohols,2400,2400
CALAMUS (EUROPEAN ORIGIN),CALAMUS (sweet flag) (Acorus calamus L.),Spices & Condiments,cedrol,Alcohols,1900,1900
CALAMUS (EUROPEAN ORIGIN),CALAMUS (sweet flag) (Acorus calamus L.),Spices & Condiments,spathulenol (=(+)-spathulenol),Alcohols,7100,7100
CALAMUS (EUROPEAN ORIGIN),CALAMUS (sweet flag) (Acorus calamus L.),Spices & Condiments,isospathulenol,Alcohols,<1000,<1000
CALAMUS (EUROPEAN ORIGIN),CALAMUS (sweet flag) (Acorus calamus L.),Spices & Condiments,hexanal (=capronaldehyde),"Carbonyls, aldehydes",,
CALAMUS (EUROPEAN ORIGIN),CALAMUS (sweet flag) (Acorus calamus L.),Spices & Condiments,(E)-2-butyl-2-octenal,"Carbonyls, aldehydes",,
CALAMUS (EUROPEAN ORIGIN),CALAMUS (sweet flag) (Acorus calamus L.),Spices & Condiments,nonanal (=pelargonaldehyde),"Carbonyls, aldehydes",,
CALAMUS (EUROPEAN ORIGIN),CALAMUS (sweet flag) (Acorus calamus L.),Spices & Condiments,(E)-2-nonenal,"Carbonyls, aldehydes",,
CALAMUS (EUROPEAN ORIGIN),CALAMUS (sweet flag) (Acorus calamus L.),Spices & Condiments,decanal (=capraldehyde),"Carbonyls, aldehydes",,
CALAMUS (EUROPEAN ORIGIN),CALAMUS (sweet flag) (Acorus calamus L.),Spices & Condiments,(Z)-4-decenal,"Carbonyls, aldehydes",,
CALAMUS (EUROPEAN ORIGIN),CALAMUS (sweet flag) (Acorus calamus L.),Spices & Condiments,"2,4-decadienal","Carbonyls, aldehydes",,
CALAMUS (EUROPEAN ORIGIN),CALAMUS (sweet flag) (Acorus calamus L.),Spices & Condiments,"(E,E)-2,4-decadienal","Carbonyls, aldehydes",,
CALAMUS (EUROPEAN ORIGIN),CALAMUS (sweet flag) (Acorus calamus L.),Spices & Condiments,"(Z,Z)-4,7-decadienal","Carbonyls, aldehydes",,
CALAMUS (EUROPEAN ORIGIN),CALAMUS (sweet flag) (Acorus calamus L.),Spices & Condiments,decadienal (unkn.str.),"Carbonyls, aldehydes",,
CALAMUS (EUROPEAN ORIGIN),CALAMUS (sweet flag) (Acorus calamus L.),Spices & Condiments,undecanal,"Carbonyls, aldehydes",,
CALAMUS (EUROPEAN ORIGIN),CALAMUS (sweet flag) (Acorus calamus L.),Spices & Condiments,(Z)-4-undecenal,"Carbonyls, aldehydes",,
CALAMUS (EUROPEAN ORIGIN),CALAMUS (sweet flag) (Acorus calamus L.),Spices & Condiments,(Z)-5-undecenal,"Carbonyls, aldehydes",,
CALAMUS (EUROPEAN ORIGIN),CALAMUS (sweet flag) (Acorus calamus L.),Spices & Condiments,undecenal (unkn.str.),"Carbonyls, aldehydes",,
CALAMUS (EUROPEAN ORIGIN),CALAMUS (sweet flag) (Acorus calamus L.),Spices & Condiments,"(Z,Z)-4,7-undecadienal","Carbonyls, aldehydes",,
CALAMUS (EUROPEAN ORIGIN),CALAMUS (sweet flag) (Acorus calamus L.),Spices & Condiments,4-isopropylbenzaldehyde (=cuminaldehyde),"Carbonyls, aldehydes",,
CALAMUS (EUROPEAN ORIGIN),CALAMUS (sweet flag) (Acorus calamus L.),Spices & Condiments,4-methoxybenzaldehyde (=anisaldehyde),"Carbonyls, aldehydes",,
CALAMUS (EUROPEAN ORIGIN),CALAMUS (sweet flag) (Acorus calamus L.),Spices & Condiments,"p-1,3-menthadien-7-al","Carbonyls, aldehydes",,
CALAMUS (EUROPEAN ORIGIN),CALAMUS (sweet flag) (Acorus calamus L.),Spices & Condiments,β-cyclocitral,"Carbonyls, aldehydes",,
CALAMUS (EUROPEAN ORIGIN),CALAMUS (sweet flag) (Acorus calamus L.),Spices & Condiments,perillaldehyde,"Carbonyls, aldehydes",,
CALAMUS (EUROPEAN ORIGIN),CALAMUS (sweet flag) (Acorus calamus L.),Spices & Condiments,"2,2-dimethyl-bicyclo[2.2.1]- heptane-3-carbaldehyde","Carbonyls, aldehydes",,
CALAMUS (EUROPEAN ORIGIN),CALAMUS (sweet flag) (Acorus calamus L.),Spices & Condiments,myrtenal,"Carbonyls, aldehydes",,
CALAMUS (EUROPEAN ORIGIN),CALAMUS (sweet flag) (Acorus calamus L.),Spices & Condiments,asaronaldehyde,"Carbonyls, aldehydes",<1000,<1000
CALAMUS (EUROPEAN ORIGIN),CALAMUS (sweet flag) (Acorus calamus L.),Spices & Condiments,6-methyl-5-hepten-2-one,"Carbonyls, ketones",,
CALAMUS (EUROPEAN ORIGIN),CALAMUS (sweet flag) (Acorus calamus L.),Spices & Condiments,3-octanone,"Carbonyls, ketones",,
CALAMUS (EUROPEAN ORIGIN),CALAMUS (sweet flag) (Acorus calamus L.),Spices & Condiments,shyobunone,"Carbonyls, ketones",25900,25900
CALAMUS (EUROPEAN ORIGIN),CALAMUS (sweet flag) (Acorus calamus L.),Spices & Condiments,6-epishyobunone,"Carbonyls, ketones",12400,12400
CALAMUS (EUROPEAN ORIGIN),CALAMUS (sweet flag) (Acorus calamus L.),Spices & Condiments,"2,6-diepishyobunone","Carbonyls, ketones",3600,3600
CALAMUS (EUROPEAN ORIGIN),CALAMUS (sweet flag) (Acorus calamus L.),Spices & Condiments,isoshyobunone,"Carbonyls, ketones",62500,62500
CALAMUS (EUROPEAN ORIGIN),CALAMUS (sweet flag) (Acorus calamus L.),Spices & Condiments,calacone,"Carbonyls, ketones",,
CALAMUS (EUROPEAN ORIGIN),CALAMUS (sweet flag) (Acorus calamus L.),Spices & Condiments,preisocalamendiol,"Carbonyls, ketones",10200,10200
CALAMUS (EUROPEAN ORIGIN),CALAMUS (sweet flag) (Acorus calamus L.),Spices & Condiments,acoragermacrone,"Carbonyls, ketones",trace,trace
CALAMUS (EUROPEAN ORIGIN),CALAMUS (sweet flag) (Acorus calamus L.),Spices & Condiments,"1-(2,4,5-trimethoxyphenyl)-1-propanone","Carbonyls, ketones",<1000,<1000
CALAMUS (EUROPEAN ORIGIN),CALAMUS (sweet flag) (Acorus calamus L.),Spices & Condiments,"1-(2,4,5-trimethoxyphenyl)-2-propanone (=acoramone)","Carbonyls, ketones",<1000,<1000
CALAMUS (EUROPEAN ORIGIN),CALAMUS (sweet flag) (Acorus calamus L.),Spices & Condiments,menthone,"Carbonyls, ketones",<1000,<1000
CALAMUS (EUROPEAN ORIGIN),CALAMUS (sweet flag) (Acorus calamus L.),Spices & Condiments,"carvone (=p-6,8-menthadien-2-one)","Carbonyls, ketones",<1000,<1000
CALAMUS (EUROPEAN ORIGIN),CALAMUS (sweet flag) (Acorus calamus L.),Spices & Condiments,camphor (=alcanfor),"Carbonyls, ketones",31700,31700
CALAMUS (EUROPEAN ORIGIN),CALAMUS (sweet flag) (Acorus calamus L.),Spices & Condiments,endo-isocamphanone,"Carbonyls, ketones",,
CALAMUS (EUROPEAN ORIGIN),CALAMUS (sweet flag) (Acorus calamus L.),Spices & Condiments,fenchone,"Carbonyls, ketones",<1000,<1000
CALAMUS (EUROPEAN ORIGIN),CALAMUS (sweet flag) (Acorus calamus L.),Spices & Condiments,acorenone,"Carbonyls, ketones",81200,81200
CALAMUS (EUROPEAN ORIGIN),CALAMUS (sweet flag) (Acorus calamus L.),Spices & Condiments,acorone,"Carbonyls, ketones",7100,7100
CALAMUS (EUROPEAN ORIGIN),CALAMUS (sweet flag) (Acorus calamus L.),Spices & Condiments,isoacorone,"Carbonyls, ketones",4800,4800
CALAMUS (EUROPEAN ORIGIN),CALAMUS (sweet flag) (Acorus calamus L.),Spices & Condiments,neoacorone,"Carbonyls, ketones",,
CALAMUS (EUROPEAN ORIGIN),CALAMUS (sweet flag) (Acorus calamus L.),Spices & Condiments,10-norcalamenen-10-one,"Carbonyls, ketones",<1000,<1000
CALAMUS (EUROPEAN ORIGIN),CALAMUS (sweet flag) (Acorus calamus L.),Spices & Condiments,cis-spiro[4.5]decenone (unkn.str.),"Carbonyls, ketones",,
CALAMUS (EUROPEAN ORIGIN),CALAMUS (sweet flag) (Acorus calamus L.),Spices & Condiments,calamusenone,"Carbonyls, ketones",32400,32400
CALAMUS (EUROPEAN ORIGIN),CALAMUS (sweet flag) (Acorus calamus L.),Spices & Condiments,isocalamusenone,"Carbonyls, ketones",,
CALAMUS (EUROPEAN ORIGIN),CALAMUS (sweet flag) (Acorus calamus L.),Spices & Condiments,tropone,"Carbonyls, ketones",,
CALAMUS (EUROPEAN ORIGIN),CALAMUS (sweet flag) (Acorus calamus L.),Spices & Condiments,acetic acid,Acids,<1000,<1000
CALAMUS (EUROPEAN ORIGIN),CALAMUS (sweet flag) (Acorus calamus L.),Spices & Condiments,butanoic acid (=butyric acid),Acids,,
CALAMUS (EUROPEAN ORIGIN),CALAMUS (sweet flag) (Acorus calamus L.),Spices & Condiments,pentanoic acid (=valeric acid),Acids,,
CALAMUS (EUROPEAN ORIGIN),CALAMUS (sweet flag) (Acorus calamus L.),Spices & Condiments,hexanoic acid (=caproic acid),Acids,,
CALAMUS (EUROPEAN ORIGIN),CALAMUS (sweet flag) (Acorus calamus L.),Spices & Condiments,octanoic acid (=caprylic acid),Acids,,
CALAMUS (EUROPEAN ORIGIN),CALAMUS (sweet flag) (Acorus calamus L.),Spices & Condiments,α-campholenic acid,Acids,,
CALAMUS (EUROPEAN ORIGIN),CALAMUS (sweet flag) (Acorus calamus L.),Spices & Condiments,geranyl acetate,Esters,,
CALAMUS (EUROPEAN ORIGIN),CALAMUS (sweet flag) (Acorus calamus L.),Spices & Condiments,linalyl acetate,Esters,<1000,<1000
CALAMUS (EUROPEAN ORIGIN),CALAMUS (sweet flag) (Acorus calamus L.),Spices & Condiments,menthyl acetate,Esters,<1000,<1000
CALAMUS (EUROPEAN ORIGIN),CALAMUS (sweet flag) (Acorus calamus L.),Spices & Condiments,isomenthyl acetate,Esters,<1000,<1000
CALAMUS (EUROPEAN ORIGIN),CALAMUS (sweet flag) (Acorus calamus L.),Spices & Condiments,trans-pinocarvyl acetate,Esters,2400,2400
CALAMUS (EUROPEAN ORIGIN),CALAMUS (sweet flag) (Acorus calamus L.),Spices & Condiments,bornyl acetate,Esters,<1000,<1000
CALAMUS (EUROPEAN ORIGIN),CALAMUS (sweet flag) (Acorus calamus L.),Spices & Condiments,methyl 2-hydroxy-3-methylpentanoate,Esters,<1000,<1000
CALAMUS (EUROPEAN ORIGIN),CALAMUS (sweet flag) (Acorus calamus L.),Spices & Condiments,"4-hydroxybutanoic acid lactone (=dihydro-2(3H)-furanone, 4-butanolide, γ-butyrolactone)",Lactones,,
CALAMUS (EUROPEAN ORIGIN),CALAMUS (sweet flag) (Acorus calamus L.),Spices & Condiments,4-hydroxy-4-methyl-5-hexenoic acid lactone (=lavender lactone),Lactones,,
CALAMUS (EUROPEAN ORIGIN),CALAMUS (sweet flag) (Acorus calamus L.),Spices & Condiments,"1,8-cineole (=eucalyptol)",Ethers,<1000,<1000
CALAMUS (EUROPEAN ORIGIN),CALAMUS (sweet flag) (Acorus calamus L.),Spices & Condiments,carvacrol (=5-isopropyl-2-methylphenol),Phenols,13800,13800
CALAMUS (EUROPEAN ORIGIN),CALAMUS (sweet flag) (Acorus calamus L.),Spices & Condiments,"(E)-anethole (=(E)-1-methoxy-4-(1-propenyl)benzene, anise camphor)",Phenols,5600,5600
CALAMUS (EUROPEAN ORIGIN),CALAMUS (sweet flag) (Acorus calamus L.),Spices & Condiments,"methyleugenol (=4-allyl-1,2-dimethoxybenzene)",Phenols,,
CALAMUS (EUROPEAN ORIGIN),CALAMUS (sweet flag) (Acorus calamus L.),Spices & Condiments,"methylisoeugenol (=1,2-dimethoxy-4-(1-propenyl)-benzene)",Phenols,,
CALAMUS (EUROPEAN ORIGIN),CALAMUS (sweet flag) (Acorus calamus L.),Spices & Condiments,"(Z)-1,2-dimethoxy-4-(1-propenyl)-benzene (=(Z)-methylisoeugenol)",Phenols,5700,5700
CALAMUS (EUROPEAN ORIGIN),CALAMUS (sweet flag) (Acorus calamus L.),Spices & Condiments,"(E)-1,2-dimethoxy-4-(1-propenyl)-benzene (=(E)-methylisoeugenol)",Phenols,3300,3300
CALAMUS (EUROPEAN ORIGIN),CALAMUS (sweet flag) (Acorus calamus L.),Spices & Condiments,"1-allyl-2,4,5-trimethoxybenzene (=γ-asarone)",Phenols,2600,2600
CALAMUS (EUROPEAN ORIGIN),CALAMUS (sweet flag) (Acorus calamus L.),Spices & Condiments,"5-allyl-1,2,3-trimethoxybenzene (=elemicin)",Phenols,,
CALAMUS (EUROPEAN ORIGIN),CALAMUS (sweet flag) (Acorus calamus L.),Spices & Condiments,"(Z)-1,2,3-trimethoxy-5-(1-propenyl)benzene (=Z-isoelemicin)",Phenols,<1000,<1000
CALAMUS (EUROPEAN ORIGIN),CALAMUS (sweet flag) (Acorus calamus L.),Spices & Condiments,"(E)-1,2,4-trimethoxy-5-(1-propenyl)benzene (=α-asarone, E-asarone)",Phenols,4900,4900
CALAMUS (EUROPEAN ORIGIN),CALAMUS (sweet flag) (Acorus calamus L.),Spices & Condiments,"(Z)-1,2,4-trimethoxy-5-(1-propenyl)benzene (=β-asarone, Z-asarone)",Phenols,33000,112000
CALAMUS (EUROPEAN ORIGIN),CALAMUS (sweet flag) (Acorus calamus L.),Spices & Condiments,"linalool oxide B (cis, 5-ring)",Furans,<1000,<1000
CALAMUS (EUROPEAN ORIGIN),CALAMUS (sweet flag) (Acorus calamus L.),Spices & Condiments,"linalool oxide A (trans, 5-ring)",Furans,<1000,<1000
CALAMUS (EUROPEAN ORIGIN),CALAMUS (sweet flag) (Acorus calamus L.),Spices & Condiments,2-pentylfuran,Furans,<1000,<1000
CALAMUS (EUROPEAN ORIGIN),CALAMUS (sweet flag) (Acorus calamus L.),Spices & Condiments,"furfural (=2-formylfuran, 2-furancarbaldehyde, 2-furaldehyde)",Furans,<1000,<1000
CALAMUS (EUROPEAN ORIGIN),CALAMUS (sweet flag) (Acorus calamus L.),Spices & Condiments,(Z)-ocimene oxide (unkn.str.),"(Ep)oxides, pyrans, coumarins",,
CALAMUS (EUROPEAN ORIGIN),CALAMUS (sweet flag) (Acorus calamus L.),Spices & Condiments,(E)-ocimene oxide (unkn.str.),"(Ep)oxides, pyrans, coumarins",,
CALAMUS (EUROPEAN ORIGIN),CALAMUS (sweet flag) (Acorus calamus L.),Spices & Condiments,humulene epoxide I,"(Ep)oxides, pyrans, coumarins",<1000,<1000
CALAMUS (EUROPEAN ORIGIN),CALAMUS (sweet flag) (Acorus calamus L.),Spices & Condiments,humulene epoxide II,"(Ep)oxides, pyrans, coumarins",4800,4800
CALAMUS (EUROPEAN ORIGIN),CALAMUS (sweet flag) (Acorus calamus L.),Spices & Condiments,β-caryophyllene oxide,"(Ep)oxides, pyrans, coumarins",1600,1600
CALAMUS (EUROPEAN ORIGIN),CALAMUS (sweet flag) (Acorus calamus L.),Spices & Condiments,"linalool oxide D (cis, 6-ring)","(Ep)oxides, pyrans, coumarins",<1000,<1000
CALAMUS (EUROPEAN ORIGIN),CALAMUS (sweet flag) (Acorus calamus L.),Spices & Condiments,"linalool oxide C (trans, 6-ring)","(Ep)oxides, pyrans, coumarins",<1000,<1000
CALAMUS (ASIAN ORIGIN),CALAMUS (sweet flag) (Acorus calamus L.),Spices & Condiments,(Z)-β-ocimene,Hydrocarbons,500,500
CALAMUS (ASIAN ORIGIN),CALAMUS (sweet flag) (Acorus calamus L.),Spices & Condiments,(E)-β-ocimene,Hydrocarbons,<100,<100
CALAMUS (ASIAN ORIGIN),CALAMUS (sweet flag) (Acorus calamus L.),Spices & Condiments,β-myrcene (=myrcene),Hydrocarbons,<100,<100
CALAMUS (ASIAN ORIGIN),CALAMUS (sweet flag) (Acorus calamus L.),Spices & Condiments,γ-terpinene,Hydrocarbons,<100,<100
CALAMUS (ASIAN ORIGIN),CALAMUS (sweet flag) (Acorus calamus L.),Spices & Condiments,terpinolene,Hydrocarbons,<100,<100
CALAMUS (ASIAN ORIGIN),CALAMUS (sweet flag) (Acorus calamus L.),Spices & Condiments,limonene,Hydrocarbons,<100,<100
CALAMUS (ASIAN ORIGIN),CALAMUS (sweet flag) (Acorus calamus L.),Spices & Condiments,β-sesquiphellandrene,Hydrocarbons,1300,1300
CALAMUS (ASIAN ORIGIN),CALAMUS (sweet flag) (Acorus calamus L.),Spices & Condiments,β-elemene,Hydrocarbons,<100,<100
CALAMUS (ASIAN ORIGIN),CALAMUS (sweet flag) (Acorus calamus L.),Spices & Condiments,γ-elemene,Hydrocarbons,,
CALAMUS (ASIAN ORIGIN),CALAMUS (sweet flag) (Acorus calamus L.),Spices & Condiments,δ-elemene,Hydrocarbons,<100,<100
CALAMUS (ASIAN ORIGIN),CALAMUS (sweet flag) (Acorus calamus L.),Spices & Condiments,β-bisabolene,Hydrocarbons,1400,1400
CALAMUS (ASIAN ORIGIN),CALAMUS (sweet flag) (Acorus calamus L.),Spices & Condiments,α-curcumene,Hydrocarbons,4200,4200
CALAMUS (ASIAN ORIGIN),CALAMUS (sweet flag) (Acorus calamus L.),Spices & Condiments,β-curcumene,Hydrocarbons,1400,1400
CALAMUS (ASIAN ORIGIN),CALAMUS (sweet flag) (Acorus calamus L.),Spices & Condiments,germacrene D,Hydrocarbons,700,700
CALAMUS (ASIAN ORIGIN),CALAMUS (sweet flag) (Acorus calamus L.),Spices & Condiments,α-humulene (=humulene),Hydrocarbons,400,400
CALAMUS (ASIAN ORIGIN),CALAMUS (sweet flag) (Acorus calamus L.),Spices & Condiments,α-pinene,Hydrocarbons,<100,<100
CALAMUS (ASIAN ORIGIN),CALAMUS (sweet flag) (Acorus calamus L.),Spices & Condiments,β-pinene,Hydrocarbons,<100,<100
CALAMUS (ASIAN ORIGIN),CALAMUS (sweet flag) (Acorus calamus L.),Spices & Condiments,camphene,Hydrocarbons,<100,<100
CALAMUS (ASIAN ORIGIN),CALAMUS (sweet flag) (Acorus calamus L.),Spices & Condiments,δ-cadinene,Hydrocarbons,2100,2100
CALAMUS (ASIAN ORIGIN),CALAMUS (sweet flag) (Acorus calamus L.),Spices & Condiments,s-guaiazulene (=guaiazulene),Hydrocarbons,<100,<100
CALAMUS (ASIAN ORIGIN),CALAMUS (sweet flag) (Acorus calamus L.),Spices & Condiments,β-caryophyllene,Hydrocarbons,100,100
CALAMUS (ASIAN ORIGIN),CALAMUS (sweet flag) (Acorus calamus L.),Spices & Condiments,α-copaene (=copaene),Hydrocarbons,<100,<100
CALAMUS (ASIAN ORIGIN),CALAMUS (sweet flag) (Acorus calamus L.),Spices & Condiments,alloaromadendrene,Hydrocarbons,,
CALAMUS (ASIAN ORIGIN),CALAMUS (sweet flag) (Acorus calamus L.),Spices & Condiments,β-gurjunene,Hydrocarbons,1700,1700
CALAMUS (ASIAN ORIGIN),CALAMUS (sweet flag) (Acorus calamus L.),Spices & Condiments,1-isopropyl-4-methylbenzene (=p-cymene),Hydrocarbons,<100,<100
CALAMUS (ASIAN ORIGIN),CALAMUS (sweet flag) (Acorus calamus L.),Spices & Condiments,"1-isopropenyl-4-methylbenzene (=α,p-dimethyl styrene, p-cymenene, dehydro-p-cymene)",Hydrocarbons,<100,<100
CALAMUS (ASIAN ORIGIN),CALAMUS (sweet flag) (Acorus calamus L.),Spices & Condiments,α-calacorene,Hydrocarbons,8900,8900
CALAMUS (ASIAN ORIGIN),CALAMUS (sweet flag) (Acorus calamus L.),Spices & Condiments,"1,4,9-cadalatriene",Hydrocarbons,<100,<100
CALAMUS (ASIAN ORIGIN),CALAMUS (sweet flag) (Acorus calamus L.),Spices & Condiments,viridiflorene (=ledene),Hydrocarbons,400,400
CALAMUS (ASIAN ORIGIN),CALAMUS (sweet flag) (Acorus calamus L.),Spices & Condiments,linalool,Alcohols,1000,1000
CALAMUS (ASIAN ORIGIN),CALAMUS (sweet flag) (Acorus calamus L.),Spices & Condiments,"1-methoxy-1-(2,4,5-trimethoxy-phenyl)-2-propanol",Alcohols,<100,<100
CALAMUS (ASIAN ORIGIN),CALAMUS (sweet flag) (Acorus calamus L.),Spices & Condiments,trans-β-sesquiphellandrol,Alcohols,4500,4500
CALAMUS (ASIAN ORIGIN),CALAMUS (sweet flag) (Acorus calamus L.),Spices & Condiments,elemol,Alcohols,600,600
CALAMUS (ASIAN ORIGIN),CALAMUS (sweet flag) (Acorus calamus L.),Spices & Condiments,α-cadinol,Alcohols,1100,1100
CALAMUS (ASIAN ORIGIN),CALAMUS (sweet flag) (Acorus calamus L.),Spices & Condiments,cadinol-T,Alcohols,400,400
CALAMUS (ASIAN ORIGIN),CALAMUS (sweet flag) (Acorus calamus L.),Spices & Condiments,calamendiol (=calameon),Alcohols,4200,4200
CALAMUS (ASIAN ORIGIN),CALAMUS (sweet flag) (Acorus calamus L.),Spices & Condiments,isocalamendiol,Alcohols,900,900
CALAMUS (ASIAN ORIGIN),CALAMUS (sweet flag) (Acorus calamus L.),Spices & Condiments,spathulenol (=(+)-spathulenol),Alcohols,<100,<100
CALAMUS (ASIAN ORIGIN),CALAMUS (sweet flag) (Acorus calamus L.),Spices & Condiments,benzaldehyde,"Carbonyls, aldehydes",<100,<100
CALAMUS (ASIAN ORIGIN),CALAMUS (sweet flag) (Acorus calamus L.),Spices & Condiments,asaronaldehyde,"Carbonyls, aldehydes",3700,3700
CALAMUS (ASIAN ORIGIN),CALAMUS (sweet flag) (Acorus calamus L.),Spices & Condiments,shyobunone,"Carbonyls, ketones",3800,12500
CALAMUS (ASIAN ORIGIN),CALAMUS (sweet flag) (Acorus calamus L.),Spices & Condiments,6-epishyobunone,"Carbonyls, ketones",1100,1100
CALAMUS (ASIAN ORIGIN),CALAMUS (sweet flag) (Acorus calamus L.),Spices & Condiments,epishyobunone,"Carbonyls, ketones",40200,40200
CALAMUS (ASIAN ORIGIN),CALAMUS (sweet flag) (Acorus calamus L.),Spices & Condiments,"2,6-diepishyobunone","Carbonyls, ketones",1200,1200
CALAMUS (ASIAN ORIGIN),CALAMUS (sweet flag) (Acorus calamus L.),Spices & Condiments,isoshyobunone,"Carbonyls, ketones",4600,13400
CALAMUS (ASIAN ORIGIN),CALAMUS (sweet flag) (Acorus calamus L.),Spices & Condiments,preisocalamendiol,"Carbonyls, ketones",9100,9100
CALAMUS (ASIAN ORIGIN),CALAMUS (sweet flag) (Acorus calamus L.),Spices & Condiments,acoragermacrone,"Carbonyls, ketones",,
CALAMUS (ASIAN ORIGIN),CALAMUS (sweet flag) (Acorus calamus L.),Spices & Condiments,"1-(2,4,5-trimethoxyphenyl)-1-propanone","Carbonyls, ketones",300,300
CALAMUS (ASIAN ORIGIN),CALAMUS (sweet flag) (Acorus calamus L.),Spices & Condiments,"1-(2,4,5-trimethoxyphenyl)-2-propanone (=acoramone)","Carbonyls, ketones",3300,3300
CALAMUS (ASIAN ORIGIN),CALAMUS (sweet flag) (Acorus calamus L.),Spices & Condiments,camphor (=alcanfor),"Carbonyls, ketones",,
CALAMUS (ASIAN ORIGIN),CALAMUS (sweet flag) (Acorus calamus L.),Spices & Condiments,acolamone,"Carbonyls, ketones",,
CALAMUS (ASIAN ORIGIN),CALAMUS (sweet flag) (Acorus calamus L.),Spices & Condiments,isoacolamone,"Carbonyls, ketones",,
CALAMUS (ASIAN ORIGIN),CALAMUS (sweet flag) (Acorus calamus L.),Spices & Condiments,acoronene,"Carbonyls, ketones",,
CALAMUS (ASIAN ORIGIN),CALAMUS (sweet flag) (Acorus calamus L.),Spices & Condiments,acetic acid,Acids,<100,<100
CALAMUS (ASIAN ORIGIN),CALAMUS (sweet flag) (Acorus calamus L.),Spices & Condiments,hexanoic acid (=caproic acid),Acids,<100,<100
CALAMUS (ASIAN ORIGIN),CALAMUS (sweet flag) (Acorus calamus L.),Spices & Condiments,octanoic acid (=caprylic acid),Acids,<100,<100
CALAMUS (ASIAN ORIGIN),CALAMUS (sweet flag) (Acorus calamus L.),Spices & Condiments,methyl 2-hydroxy-3-methylpentanoate,Esters,<100,<100
CALAMUS (ASIAN ORIGIN),CALAMUS (sweet flag) (Acorus calamus L.),Spices & Condiments,"1,8-cineole (=eucalyptol)",Ethers,<100,<100
CALAMUS (ASIAN ORIGIN),CALAMUS (sweet flag) (Acorus calamus L.),Spices & Condiments,eugenol (=4-allyl-2-methoxyphenol),Phenols,900,900
CALAMUS (ASIAN ORIGIN),CALAMUS (sweet flag) (Acorus calamus L.),Spices & Condiments,"methyleugenol (=4-allyl-1,2-dimethoxybenzene)",Phenols,200,200
CALAMUS (ASIAN ORIGIN),CALAMUS (sweet flag) (Acorus calamus L.),Spices & Condiments,"(Z)-1,2-dimethoxy-4-(1-propenyl)-benzene (=(Z)-methylisoeugenol)",Phenols,13300,13300
CALAMUS (ASIAN ORIGIN),CALAMUS (sweet flag) (Acorus calamus L.),Spices & Condiments,"(E)-1,2-dimethoxy-4-(1-propenyl)-benzene (=(E)-methylisoeugenol)",Phenols,1600,1600
CALAMUS (ASIAN ORIGIN),CALAMUS (sweet flag) (Acorus calamus L.),Spices & Condiments,"1-allyl-2,4,5-trimethoxybenzene (=γ-asarone)",Phenols,<100,<100
CALAMUS (ASIAN ORIGIN),CALAMUS (sweet flag) (Acorus calamus L.),Spices & Condiments,"5-allyl-1,2,3-trimethoxybenzene (=elemicin)",Phenols,5800,5800
CALAMUS (ASIAN ORIGIN),CALAMUS (sweet flag) (Acorus calamus L.),Spices & Condiments,"(Z)-1,2,3-trimethoxy-5-(1-propenyl)benzene (=Z-isoelemicin)",Phenols,12900,12900
CALAMUS (ASIAN ORIGIN),CALAMUS (sweet flag) (Acorus calamus L.),Spices & Condiments,"(E)-1,2,4-trimethoxy-5-(1-propenyl)benzene (=α-asarone, E-asarone)",Phenols,68000,68000
CALAMUS (ASIAN ORIGIN),CALAMUS (sweet flag) (Acorus calamus L.),Spices & Condiments,"(Z)-1,2,4-trimethoxy-5-(1-propenyl)benzene (=β-asarone, Z-asarone)",Phenols,776800,965000
CALAMUS (ASIAN ORIGIN),CALAMUS (sweet flag) (Acorus calamus L.),Spices & Condiments,2-pentylfuran,Furans,<100,<100
CALAMUS (ASIAN ORIGIN),CALAMUS (sweet flag) (Acorus calamus L.),Spices & Condiments,"furfural (=2-formylfuran, 2-furancarbaldehyde, 2-furaldehyde)",Furans,10200,10200
CALAMUS (ASIAN ORIGIN),CALAMUS (sweet flag) (Acorus calamus L.),Spices & Condiments,5-methylfurfural,Furans,1500,1500
CALAMUS (ASIAN ORIGIN),CALAMUS (sweet flag) (Acorus calamus L.),Spices & Condiments,"2-acetylfuran (=2-furyl methyl ketone, 1-(2-furyl)ethanone)",Furans,600,600
CALAMUS (ASIAN ORIGIN),CALAMUS (sweet flag) (Acorus calamus L.),Spices & Condiments,β-caryophyllene oxide,"(Ep)oxides, pyrans, coumarins",200,200
CALAMUS (NORTH AMERICAN ORIGIN),CALAMUS (sweet flag) (Acorus calamus L.),Spices & Condiments,β-myrcene (=myrcene),Hydrocarbons,,
CALAMUS (NORTH AMERICAN ORIGIN),CALAMUS (sweet flag) (Acorus calamus L.),Spices & Condiments,limonene,Hydrocarbons,,
CALAMUS (NORTH AMERICAN ORIGIN),CALAMUS (sweet flag) (Acorus calamus L.),Spices & Condiments,β-sesquiphellandrene,Hydrocarbons,20000,20000
CALAMUS (NORTH AMERICAN ORIGIN),CALAMUS (sweet flag) (Acorus calamus L.),Spices & Condiments,α-pinene,Hydrocarbons,,
CALAMUS (NORTH AMERICAN ORIGIN),CALAMUS (sweet flag) (Acorus calamus L.),Spices & Condiments,β-pinene,Hydrocarbons,,
CALAMUS (NORTH AMERICAN ORIGIN),CALAMUS (sweet flag) (Acorus calamus L.),Spices & Condiments,camphene,Hydrocarbons,,
CALAMUS (NORTH AMERICAN ORIGIN),CALAMUS (sweet flag) (Acorus calamus L.),Spices & Condiments,δ-cadinene,Hydrocarbons,,
CALAMUS (NORTH AMERICAN ORIGIN),CALAMUS (sweet flag) (Acorus calamus L.),Spices & Condiments,α-cedrene,Hydrocarbons,,
CALAMUS (NORTH AMERICAN ORIGIN),CALAMUS (sweet flag) (Acorus calamus L.),Spices & Condiments,α-cadinol,Alcohols,10000,10000
CALAMUS (NORTH AMERICAN ORIGIN),CALAMUS (sweet flag) (Acorus calamus L.),Spices & Condiments,calamendiol (=calameon),Alcohols,10000,10000
CALAMUS (NORTH AMERICAN ORIGIN),CALAMUS (sweet flag) (Acorus calamus L.),Spices & Condiments,isocalamendiol,Alcohols,20000,30000
CALAMUS (NORTH AMERICAN ORIGIN),CALAMUS (sweet flag) (Acorus calamus L.),Spices & Condiments,shyobunone,"Carbonyls, ketones",20000,40000
CALAMUS (NORTH AMERICAN ORIGIN),CALAMUS (sweet flag) (Acorus calamus L.),Spices & Condiments,"2,6-diepishyobunone","Carbonyls, ketones",140000,140000
CALAMUS (NORTH AMERICAN ORIGIN),CALAMUS (sweet flag) (Acorus calamus L.),Spices & Condiments,isoshyobunone,"Carbonyls, ketones",40000,40000
CALAMUS (NORTH AMERICAN ORIGIN),CALAMUS (sweet flag) (Acorus calamus L.),Spices & Condiments,preisocalamendiol,"Carbonyls, ketones",100000,120000
CALAMUS (NORTH AMERICAN ORIGIN),CALAMUS (sweet flag) (Acorus calamus L.),Spices & Condiments,acoragermacrone,"Carbonyls, ketones",120000,120000
CALAMUS (NORTH AMERICAN ORIGIN),CALAMUS (sweet flag) (Acorus calamus L.),Spices & Condiments,acorenone,"Carbonyls, ketones",60000,60000
CALAMUS (NORTH AMERICAN ORIGIN),CALAMUS (sweet flag) (Acorus calamus L.),Spices & Condiments,acorone,"Carbonyls, ketones",60000,370000
CALAMUS (NORTH AMERICAN ORIGIN),CALAMUS (sweet flag) (Acorus calamus L.),Spices & Condiments,isoacorone,"Carbonyls, ketones",20000,20000
CALAMUS (NORTH AMERICAN ORIGIN),CALAMUS (sweet flag) (Acorus calamus L.),Spices & Condiments,bornyl acetate,Esters,trace,trace
CALAMUS (NORTH AMERICAN ORIGIN),CALAMUS (sweet flag) (Acorus calamus L.),Spices & Condiments,"(Z)-1,2,4-trimethoxy-5-(1-propenyl)benzene (=β-asarone, Z-asarone)",Phenols,0,963000
,DILL (Anethum species),Spices & Condiments,decane,Hydrocarbons,0.06,0.06
,DILL (Anethum species),Spices & Condiments,undecane,Hydrocarbons,0.08,6.8
,DILL (Anethum species),Spices & Condiments,dodecane,Hydrocarbons,0.08,0.08
,DILL (Anethum species),Spices & Condiments,tridecane,Hydrocarbons,<0.01,<0.01
,DILL (Anethum species),Spices & Condiments,tetradecane,Hydrocarbons,0.14,0.3
,DILL (Anethum species),Spices & Condiments,pentadecane,Hydrocarbons,,
,DILL (Anethum species),Spices & Condiments,hexadecane,Hydrocarbons,0.13,0.28
,DILL (Anethum species),Spices & Condiments,hexadecene (unkn.str.),Hydrocarbons,0.1,0.1
,DILL (Anethum species),Spices & Condiments,neophytadiene,Hydrocarbons,0.1,12.7
,DILL (Anethum species),Spices & Condiments,"1,3-phytadiene",Hydrocarbons,0.2,0.2
,DILL (Anethum species),Spices & Condiments,"2,4-phytadiene",Hydrocarbons,0.3,0.3
,DILL (Anethum species),Spices & Condiments,heptadecane,Hydrocarbons,,
,DILL (Anethum species),Spices & Condiments,octadecane,Hydrocarbons,0.17,0.39
,DILL (Anethum species),Spices & Condiments,octadecene (unkn.str.),Hydrocarbons,0.11,0.11
,DILL (Anethum species),Spices & Condiments,nonadecane,Hydrocarbons,,
,DILL (Anethum species),Spices & Condiments,eicosane,Hydrocarbons,0.17,0.3
,DILL (Anethum species),Spices & Condiments,eicosene (unkn.str.),Hydrocarbons,0.08,0.08
,DILL (Anethum species),Spices & Condiments,pentacosane,Hydrocarbons,11.7,11.7
,DILL (Anethum species),Spices & Condiments,hexacosane,Hydrocarbons,19.4,19.4
,DILL (Anethum species),Spices & Condiments,octacosane,Hydrocarbons,10.9,10.9
,DILL (Anethum species),Spices & Condiments,(Z)-β-ocimene,Hydrocarbons,trace,4
,DILL (Anethum species),Spices & Condiments,(E)-β-ocimene,Hydrocarbons,0.8,0.8
,DILL (Anethum species),Spices & Condiments,β-myrcene (=myrcene),Hydrocarbons,0.66,90
,DILL (Anethum species),Spices & Condiments,α-phellandrene,Hydrocarbons,30,1094.9
,DILL (Anethum species),Spices & Condiments,(4S)-(+)-α-phellandrene,Hydrocarbons,,
,DILL (Anethum species),Spices & Condiments,β-phellandrene,Hydrocarbons,3,120
,DILL (Anethum species),Spices & Condiments,phellandrene (unkn.str.),Hydrocarbons,1750,1750
,DILL (Anethum species),Spices & Condiments,α-terpinene,Hydrocarbons,trace,61.5
,DILL (Anethum species),Spices & Condiments,γ-terpinene,Hydrocarbons,trace,4.3
,DILL (Anethum species),Spices & Condiments,terpinolene,Hydrocarbons,trace,266
,DILL (Anethum species),Spices & Condiments,limonene,Hydrocarbons,3.3,6795
,DILL (Anethum species),Spices & Condiments,(4R)-(+)-limonene,Hydrocarbons,,
,DILL (Anethum species),Spices & Condiments,(4S)-(-)-limonene,Hydrocarbons,,
,DILL (Anethum species),Spices & Condiments,"p-2,4(8)-menthadiene (=isoterpinolene)",Hydrocarbons,720,720
,DILL (Anethum species),Spices & Condiments,p-menthatriene (unkn.str.),Hydrocarbons,,
,DILL (Anethum species),Spices & Condiments,β-elemene,Hydrocarbons,,
,DILL (Anethum species),Spices & Condiments,germacrene D,Hydrocarbons,18.3,18.3
,DILL (Anethum species),Spices & Condiments,α-pinene,Hydrocarbons,trace,63.1
,DILL (Anethum species),Spices & Condiments,(1R)-α-pinene,Hydrocarbons,,
,DILL (Anethum species),Spices & Condiments,(1S)-α-pinene,Hydrocarbons,,
,DILL (Anethum species),Spices & Condiments,β-pinene,Hydrocarbons,trace,32
,DILL (Anethum species),Spices & Condiments,(1R)-β-pinene,Hydrocarbons,,
,DILL (Anethum species),Spices & Condiments,(1S)-β-pinene,Hydrocarbons,,
,DILL (Anethum species),Spices & Condiments,camphene,Hydrocarbons,trace,2
,DILL (Anethum species),Spices & Condiments,α-thujene,Hydrocarbons,12.3,12.3
,DILL (Anethum species),Spices & Condiments,sabinene (=4(10)-thujene),Hydrocarbons,trace,26
,DILL (Anethum species),Spices & Condiments,3-carene,Hydrocarbons,trace,0.5
,DILL (Anethum species),Spices & Condiments,β-caryophyllene,Hydrocarbons,trace,trace
,DILL (Anethum species),Spices & Condiments,methylbenzene (=toluene),Hydrocarbons,,
,DILL (Anethum species),Spices & Condiments,ethylbenzene (=α-methyltoluene),Hydrocarbons,0.07,0.15
,DILL (Anethum species),Spices & Condiments,"1,2-dimethylbenzene (=o-xylene)",Hydrocarbons,0.05,0.05
,DILL (Anethum species),Spices & Condiments,"1,3-dimethylbenzene (=m-xylene)",Hydrocarbons,<0.01,<0.01
,DILL (Anethum species),Spices & Condiments,"1,4-dimethylbenzene (=p-xylene)",Hydrocarbons,0.1,0.1
,DILL (Anethum species),Spices & Condiments,1-isopropyl-4-methylbenzene (=p-cymene),Hydrocarbons,4,45
,DILL (Anethum species),Spices & Condiments,isopropyl-methylbenzene (unkn.str.) (=cymene (unkn.str.)),Hydrocarbons,,
,DILL (Anethum species),Spices & Condiments,"1-isopropenyl-4-methylbenzene (=α,p-dimethyl styrene, p-cymenene, dehydro-p-cymene)",Hydrocarbons,0.1,585
,DILL (Anethum species),Spices & Condiments,1-butanol,Alcohols,<0.01,<0.01
,DILL (Anethum species),Spices & Condiments,1-pentanol (=amyl alcohol),Alcohols,<0.01,<0.01
,DILL (Anethum species),Spices & Condiments,(Z)-2-penten-1-ol,Alcohols,0.08,0.08
,DILL (Anethum species),Spices & Condiments,1-penten-3-ol,Alcohols,0.07,0.07
,DILL (Anethum species),Spices & Condiments,1-hexanol,Alcohols,0.16,0.16
,DILL (Anethum species),Spices & Condiments,(E)-2-hexen-1-ol,Alcohols,0.29,1.4
,DILL (Anethum species),Spices & Condiments,(Z)-3-hexen-1-ol (=leaf alcohol),Alcohols,<0.5,10.2
,DILL (Anethum species),Spices & Condiments,(E)-3-hexen-1-ol,Alcohols,<0.01,<0.01
,DILL (Anethum species),Spices & Condiments,1-hexen-3-ol,Alcohols,0.01,0.01
,DILL (Anethum species),Spices & Condiments,1-heptanol,Alcohols,<0.01,<0.01
,DILL (Anethum species),Spices & Condiments,1-octanol,Alcohols,<0.01,<0.01
,DILL (Anethum species),Spices & Condiments,1-octen-3-ol,Alcohols,<0.01,<0.01
,DILL (Anethum species),Spices & Condiments,geraniol,Alcohols,,
,DILL (Anethum species),Spices & Condiments,linalool,Alcohols,,
,DILL (Anethum species),Spices & Condiments,nerolidol,Alcohols,,
,DILL (Anethum species),Spices & Condiments,"4-isopropylbenzyl alcohol (=cumic alcohol, p-cymen-7-ol)",Alcohols,0.04,0.04
,DILL (Anethum species),Spices & Condiments,"p-cymen-8-ol (=α,α,p-trimethyl-benzyl alcohol)",Alcohols,,
,DILL (Anethum species),Spices & Condiments,menthol,Alcohols,0.04,0.04
,DILL (Anethum species),Spices & Condiments,α-terpineol,Alcohols,trace,3.6
,DILL (Anethum species),Spices & Condiments,β-terpineol,Alcohols,0.05,0.05
,DILL (Anethum species),Spices & Condiments,4-terpineol (=terpinen-4-ol),Alcohols,trace,1.1
,DILL (Anethum species),Spices & Condiments,carvotanacetol,Alcohols,0.15,0.34
,DILL (Anethum species),Spices & Condiments,dihydrocarveol,Alcohols,0.04,0.04
,DILL (Anethum species),Spices & Condiments,isodihydrocarveol,Alcohols,,
,DILL (Anethum species),Spices & Condiments,neodihydrocarveol,Alcohols,,
,DILL (Anethum species),Spices & Condiments,neoisodihydrocarveol,Alcohols,,
,DILL (Anethum species),Spices & Condiments,piperitol,Alcohols,0.44,0.98
,DILL (Anethum species),Spices & Condiments,p-1-menthen-9-ol,Alcohols,0.12,0.12
,DILL (Anethum species),Spices & Condiments,"carveol (=p-1(6),8-menthadien-2-ol)",Alcohols,,
,DILL (Anethum species),Spices & Condiments,"cis-carveol (= cis-p-1(6),8-menthadien-2-ol)",Alcohols,,
,DILL (Anethum species),Spices & Condiments,"trans-carveol (=trans-p-1(6),8-menthadien-2-ol)",Alcohols,,
,DILL (Anethum species),Spices & Condiments,elemol,Alcohols,,
,DILL (Anethum species),Spices & Condiments,borneol,Alcohols,,
,DILL (Anethum species),Spices & Condiments,sabinol (=4(10)-thujenol),Alcohols,0.12,0.12
,DILL (Anethum species),Spices & Condiments,sabinene hydrate (=4-thujanol),Alcohols,0.1,0.23
,DILL (Anethum species),Spices & Condiments,β-eudesmol,Alcohols,trace,trace
,DILL (Anethum species),Spices & Condiments,viridiflorol,Alcohols,,
,DILL (Anethum species),Spices & Condiments,pentanal (=valeraldehyde),"Carbonyls, aldehydes",0.47,1
,DILL (Anethum species),Spices & Condiments,(E)-2-pentenal,"Carbonyls, aldehydes",0.03,0.03
,DILL (Anethum species),Spices & Condiments,hexanal (=capronaldehyde),"Carbonyls, aldehydes",0.05,0.05
,DILL (Anethum species),Spices & Condiments,(E)-2-hexenal (=leaf aldehyde),"Carbonyls, aldehydes",0.1,0.1
,DILL (Anethum species),Spices & Condiments,(Z)-3-hexenal,"Carbonyls, aldehydes",<0.01,<0.01
,DILL (Anethum species),Spices & Condiments,"(E,Z)-2,4-hexadienal","Carbonyls, aldehydes",<0.01,<0.01
,DILL (Anethum species),Spices & Condiments,"(E,E)-2,4-hexadienal","Carbonyls, aldehydes",<0.01,<0.01
,DILL (Anethum species),Spices & Condiments,heptanal,"Carbonyls, aldehydes",<0.01,<0.01
,DILL (Anethum species),Spices & Condiments,"(E,Z)-2,4-heptadienal","Carbonyls, aldehydes",<0.01,<0.01
,DILL (Anethum species),Spices & Condiments,octanal (=caprylaldehyde),"Carbonyls, aldehydes",0.01,0.01
,DILL (Anethum species),Spices & Condiments,nonanal (=pelargonaldehyde),"Carbonyls, aldehydes",<0.01,<0.01
,DILL (Anethum species),Spices & Condiments,(E)-2-nonenal,"Carbonyls, aldehydes",<0.01,<0.01
,DILL (Anethum species),Spices & Condiments,decanal (=capraldehyde),"Carbonyls, aldehydes",0.1,0.1
,DILL (Anethum species),Spices & Condiments,(E)-2-decenal,"Carbonyls, aldehydes",<0.01,<0.01
,DILL (Anethum species),Spices & Condiments,"(E,E)-2,4-decadienal","Carbonyls, aldehydes",,
,DILL (Anethum species),Spices & Condiments,benzaldehyde,"Carbonyls, aldehydes",<0.01,<0.01
,DILL (Anethum species),Spices & Condiments,4-isopropylbenzaldehyde (=cuminaldehyde),"Carbonyls, aldehydes",0.04,0.04
,DILL (Anethum species),Spices & Condiments,4-methoxybenzaldehyde (=anisaldehyde),"Carbonyls, aldehydes",,
,DILL (Anethum species),Spices & Condiments,vanillin (=4-hydroxy-3-methoxybenzaldehyde),"Carbonyls, aldehydes",,
,DILL (Anethum species),Spices & Condiments,phenylacetaldehyde (=benzeneacetaldehyde),"Carbonyls, aldehydes",,
,DILL (Anethum species),Spices & Condiments,piperonal (=heliotropin),"Carbonyls, aldehydes",0.11,0.26
,DILL (Anethum species),Spices & Condiments,2-pentanone,"Carbonyls, ketones",0.09,0.09
,DILL (Anethum species),Spices & Condiments,3-methyl-2-pentanone,"Carbonyls, ketones",0.09,0.09
,DILL (Anethum species),Spices & Condiments,1-hexen-3-one,"Carbonyls, ketones",,
,DILL (Anethum species),Spices & Condiments,1-octen-3-one,"Carbonyls, ketones",,
,DILL (Anethum species),Spices & Condiments,"3,5-octadien-2-one","Carbonyls, ketones",<0.01,<0.01
,DILL (Anethum species),Spices & Condiments,"(Z)-1,5-octadien-3-one","Carbonyls, ketones",,
,DILL (Anethum species),Spices & Condiments,10-nonacosanone,"Carbonyls, ketones",179.2,179.2
,DILL (Anethum species),Spices & Condiments,"2,2,6-trimethylcyclohexanone","Carbonyls, ketones",<0.01,<0.01
,DILL (Anethum species),Spices & Condiments,4-hydroxy-6-isopropyl-3-methyl-2-cyclohexen-1-one,"Carbonyls, ketones",trace,trace
,DILL (Anethum species),Spices & Condiments,β-damascenone (=(E)-β-damascenone),"Carbonyls, ketones",,
,DILL (Anethum species),Spices & Condiments,(E)-β-ionone,"Carbonyls, ketones",0.31,0.71
,DILL (Anethum species),Spices & Condiments,"5,6-epoxy-β-ionone (=epoxy-β-ionone)","Carbonyls, ketones",0.09,0.09
,DILL (Anethum species),Spices & Condiments,dihydrocarvone (=p-8-menthen-2-one),"Carbonyls, ketones",<0.01,<0.01
,DILL (Anethum species),Spices & Condiments,trans-dihydrocarvone,"Carbonyls, ketones",48.4,1440
,DILL (Anethum species),Spices & Condiments,cis-dihydrocarvone,"Carbonyls, ketones",12.1,1890
,DILL (Anethum species),Spices & Condiments,"carvone (=p-6,8-menthadien-2-one)","Carbonyls, ketones",trace,20025
,DILL (Anethum species),Spices & Condiments,(4R)-(-)-carvone,"Carbonyls, ketones",trace,trace
,DILL (Anethum species),Spices & Condiments,(4S)-(+)-carvone,"Carbonyls, ketones",895000,895000
,DILL (Anethum species),Spices & Condiments,carvotanacetone (=p-1-menthen-6-one),"Carbonyls, ketones",0.09,0.21
,DILL (Anethum species),Spices & Condiments,camphor (=alcanfor),"Carbonyls, ketones",1.3,1.3
,DILL (Anethum species),Spices & Condiments,fenchone,"Carbonyls, ketones",0.45,2.3
,DILL (Anethum species),Spices & Condiments,thujone (=α-thujone),"Carbonyls, ketones",0.09,0.19
,DILL (Anethum species),Spices & Condiments,pinocarvone,"Carbonyls, ketones",1.49,3.3
,DILL (Anethum species),Spices & Condiments,butanoic acid (=butyric acid),Acids,,
,DILL (Anethum species),Spices & Condiments,hexanoic acid (=caproic acid),Acids,,
,DILL (Anethum species),Spices & Condiments,octanoic acid (=caprylic acid),Acids,,
,DILL (Anethum species),Spices & Condiments,decanoic acid (=capric acid),Acids,,
,DILL (Anethum species),Spices & Condiments,dodecanoic acid (=lauric acid),Acids,,
,DILL (Anethum species),Spices & Condiments,tetradecanoic acid (=myristic acid),Acids,,
,DILL (Anethum species),Spices & Condiments,pentadecanoic acid,Acids,,
,DILL (Anethum species),Spices & Condiments,hexadecanoic acid (=palmitic acid),Acids,1.9,1.9
,DILL (Anethum species),Spices & Condiments,octadecanoic acid (=stearic acid),Acids,,
,DILL (Anethum species),Spices & Condiments,(Z)-9-octadecenoic acid (=oleic acid),Acids,,
,DILL (Anethum species),Spices & Condiments,"(Z,Z)-9,12-octadecadienoic acid (=linoleic acid)",Acids,1.6,1.6
,DILL (Anethum species),Spices & Condiments,butyl acetate,Esters,<0.01,<0.01
,DILL (Anethum species),Spices & Condiments,hexyl acetate,Esters,<0.01,<0.01
,DILL (Anethum species),Spices & Condiments,(Z)-3-hexenyl acetate,Esters,<0.5,1.2
,DILL (Anethum species),Spices & Condiments,dihydrocarvyl acetate,Esters,,
,DILL (Anethum species),Spices & Condiments,carvyl acetate,Esters,13.6,13.6
,DILL (Anethum species),Spices & Condiments,trans-carvyl acetate,Esters,,
,DILL (Anethum species),Spices & Condiments,isobornyl acetate,Esters,<0.01,<0.01
,DILL (Anethum species),Spices & Condiments,sabinyl acetate,Esters,<0.01,<0.01
,DILL (Anethum species),Spices & Condiments,methyl 2-methylpropanoate (=methyl isobutyrate),Esters,,
,DILL (Anethum species),Spices & Condiments,methyl 2-methylbutanoate,Esters,,
,DILL (Anethum species),Spices & Condiments,methyl benzoate,Esters,,
,DILL (Anethum species),Spices & Condiments,dihydroactinidiolide,Lactones,<0.01,<0.01
,DILL (Anethum species),Spices & Condiments,2-isopropyl-3-methoxypyrazine,Bases,,
,DILL (Anethum species),Spices & Condiments,2-isopropyl-4-methylphenol (=isothymol),Phenols,0.23,0.6
,DILL (Anethum species),Spices & Condiments,thymol (=2-isopropyl-5-methylphenol),Phenols,0.4,0.89
,DILL (Anethum species),Spices & Condiments,carvacrol (=5-isopropyl-2-methylphenol),Phenols,0.06,0.6
,DILL (Anethum species),Spices & Condiments,anethole (=1-methoxy-4-(1-propenyl)benzene),Phenols,,
,DILL (Anethum species),Spices & Condiments,"(E)-anethole (=(E)-1-methoxy-4-(1-propenyl)benzene, anise camphor)",Phenols,,
,DILL (Anethum species),Spices & Condiments,2-methoxyphenol (=guaiacol),Phenols,0.8,0.8
,DILL (Anethum species),Spices & Condiments,2-methoxy-4-vinylphenol (=4-vinylguaiacol),Phenols,trace,trace
,DILL (Anethum species),Spices & Condiments,eugenol (=4-allyl-2-methoxyphenol),Phenols,trace,trace
,DILL (Anethum species),Spices & Condiments,isoeugenol (=2-methoxy-4-(1-propenyl)-phenol),Phenols,,
,DILL (Anethum species),Spices & Condiments,"5-allyl-1,3-benzodioxole (=safrole)",Phenols,,
,DILL (Anethum species),Spices & Condiments,"5-allyl-1,2,3-trimethoxybenzene (=elemicin)",Phenols,,
,DILL (Anethum species),Spices & Condiments,"6-allyl-4-methoxy-1,3-benzodioxole (=myristicin)",Phenols,1,450
,DILL (Anethum species),Spices & Condiments,"5-allyl-4,7-dimethoxy-1,3-benzodioxole (=apiole, parsley apiole)",Phenols,4,468
,DILL (Anethum species),Spices & Condiments,"6-allyl-4,5-dimethoxy-1,3-benzodioxole (=dill apiole)",Phenols,0.42,11925
,DILL (Anethum species),Spices & Condiments,"3,9-epoxy-1-menthene (=2,3,3a,4,5,7a-hexahydro-3,6-dimethylbenzofuran, dill ether)",Furans,24,1110
,DILL (Anethum species),Spices & Condiments,"2,3,3a,4,5,7a-hexahydro-3,6-dimethylbenzofuran (3S,3aS,7aR)- (=anethofuran, (3S,3aS,7aR)-dill ether)",Furans,884.6,884.6
,DILL (Anethum species),Spices & Condiments,dillfuran,Furans,225,225
,DILL (Anethum species),Spices & Condiments,"limonene 1,2-oxide","(Ep)oxides, pyrans, coumarins",5.5,5.5
,DILL (Anethum species),Spices & Condiments,"cis-limonene 1,2-oxide","(Ep)oxides, pyrans, coumarins",,
,DILL (Anethum species),Spices & Condiments,"trans-limonene 1,2-oxide","(Ep)oxides, pyrans, coumarins",,
,DILL (Anethum species),Spices & Condiments,7-hydroxy-6-methoxycoumarin (=scopoletin),"(Ep)oxides, pyrans, coumarins",,
,DILL (Anethum species),Spices & Condiments,"7,8-dihydro-8,8-dimethylbenzo-[1,2,b:5,4,b']dipyran-2,6-dione (=graveolone)","(Ep)oxides, pyrans, coumarins",5.8,5.8
,DILL (Anethum species),Spices & Condiments,"cis-3-butyl-3a,4,5,6-tetrahydro-phthalide (=neocnidilide)",Anhydrides and phthalides,70,260
,DILL (Anethum species),Spices & Condiments,"trans-3-butyl-3a,4,5,6-tetrahydro-phthalide (=trans-sedanolide)",Anhydrides and phthalides,9.3,9.3
,DILL (Anethum species),Spices & Condiments,"3-butyl-4,5-dihydrophthalide (=sedanenolide, senkyunolide)",Anhydrides and phthalides,0.8,240
,DILL (Anethum species),Spices & Condiments,"(Z)-3-butylidene-4,5-dihydro-phthalide (=Z-ligustilide)",Anhydrides and phthalides,1,5
,DILL (Anethum species),Spices & Condiments,"(E)-3-butylidene-4,5-dihydro-phthalide (=E-ligustilide)",Anhydrides and phthalides,trace,trace
,DILL (Anethum species),Spices & Condiments,3-butylphthalide,Anhydrides and phthalides,2.3,2.3
,DILL (Anethum species),Spices & Condiments,butylphthalide (unkn.str.),Anhydrides and phthalides,10,120
,DILL (Anethum species),Spices & Condiments,(Z)-3-butylidenephthalide,Anhydrides and phthalides,trace,trace
,DILL (Anethum species),Spices & Condiments,(E)-3-butylidenephthalide,Anhydrides and phthalides,trace,trace
DILL HERB (Anethum graveolens L.),DILL (Anethum species),Spices & Condiments,decane,Hydrocarbons,0.06,0.06
DILL HERB (Anethum graveolens L.),DILL (Anethum species),Spices & Condiments,undecane,Hydrocarbons,0.08,6.8
DILL HERB (Anethum graveolens L.),DILL (Anethum species),Spices & Condiments,dodecane,Hydrocarbons,0.08,0.08
DILL HERB (Anethum graveolens L.),DILL (Anethum species),Spices & Condiments,tridecane,Hydrocarbons,<0.01,<0.01
DILL HERB (Anethum graveolens L.),DILL (Anethum species),Spices & Condiments,tetradecane,Hydrocarbons,0.14,0.3
DILL HERB (Anethum graveolens L.),DILL (Anethum species),Spices & Condiments,hexadecane,Hydrocarbons,0.13,0.28
DILL HERB (Anethum graveolens L.),DILL (Anethum species),Spices & Condiments,hexadecene (unkn.str.),Hydrocarbons,0.1,0.1
DILL HERB (Anethum graveolens L.),DILL (Anethum species),Spices & Condiments,neophytadiene,Hydrocarbons,0.1,1
DILL HERB (Anethum graveolens L.),DILL (Anethum species),Spices & Condiments,"1,3-phytadiene",Hydrocarbons,0.2,0.2
DILL HERB (Anethum graveolens L.),DILL (Anethum species),Spices & Condiments,"2,4-phytadiene",Hydrocarbons,0.3,0.3
DILL HERB (Anethum graveolens L.),DILL (Anethum species),Spices & Condiments,octadecane,Hydrocarbons,0.17,0.39
DILL HERB (Anethum graveolens L.),DILL (Anethum species),Spices & Condiments,octadecene (unkn.str.),Hydrocarbons,0.11,0.11
DILL HERB (Anethum graveolens L.),DILL (Anethum species),Spices & Condiments,eicosane,Hydrocarbons,0.17,0.3
DILL HERB (Anethum graveolens L.),DILL (Anethum species),Spices & Condiments,eicosene (unkn.str.),Hydrocarbons,0.08,0.08
DILL HERB (Anethum graveolens L.),DILL (Anethum species),Spices & Condiments,(Z)-β-ocimene,Hydrocarbons,2,2
DILL HERB (Anethum graveolens L.),DILL (Anethum species),Spices & Condiments,(E)-β-ocimene,Hydrocarbons,,
DILL HERB (Anethum graveolens L.),DILL (Anethum species),Spices & Condiments,β-myrcene (=myrcene),Hydrocarbons,0.66,4
DILL HERB (Anethum graveolens L.),DILL (Anethum species),Spices & Condiments,α-phellandrene,Hydrocarbons,30,681
DILL HERB (Anethum graveolens L.),DILL (Anethum species),Spices & Condiments,(4S)-(+)-α-phellandrene,Hydrocarbons,,
DILL HERB (Anethum graveolens L.),DILL (Anethum species),Spices & Condiments,β-phellandrene,Hydrocarbons,11.1,120
DILL HERB (Anethum graveolens L.),DILL (Anethum species),Spices & Condiments,α-terpinene,Hydrocarbons,trace,61.5
DILL HERB (Anethum graveolens L.),DILL (Anethum species),Spices & Condiments,γ-terpinene,Hydrocarbons,trace,1
DILL HERB (Anethum graveolens L.),DILL (Anethum species),Spices & Condiments,terpinolene,Hydrocarbons,trace,3
DILL HERB (Anethum graveolens L.),DILL (Anethum species),Spices & Condiments,limonene,Hydrocarbons,3.3,51
DILL HERB (Anethum graveolens L.),DILL (Anethum species),Spices & Condiments,(4R)-(+)-limonene,Hydrocarbons,,
DILL HERB (Anethum graveolens L.),DILL (Anethum species),Spices & Condiments,(4S)-(-)-limonene,Hydrocarbons,,
DILL HERB (Anethum graveolens L.),DILL (Anethum species),Spices & Condiments,p-menthatriene (unkn.str.),Hydrocarbons,,
DILL HERB (Anethum graveolens L.),DILL (Anethum species),Spices & Condiments,α-pinene,Hydrocarbons,1.1,25
DILL HERB (Anethum graveolens L.),DILL (Anethum species),Spices & Condiments,(1R)-α-pinene,Hydrocarbons,,
DILL HERB (Anethum graveolens L.),DILL (Anethum species),Spices & Condiments,(1S)-α-pinene,Hydrocarbons,,
DILL HERB (Anethum graveolens L.),DILL (Anethum species),Spices & Condiments,β-pinene,Hydrocarbons,0.13,2
DILL HERB (Anethum graveolens L.),DILL (Anethum species),Spices & Condiments,(1R)-β-pinene,Hydrocarbons,,
DILL HERB (Anethum graveolens L.),DILL (Anethum species),Spices & Condiments,(1S)-β-pinene,Hydrocarbons,,
DILL HERB (Anethum graveolens L.),DILL (Anethum species),Spices & Condiments,camphene,Hydrocarbons,trace,0.15
DILL HERB (Anethum graveolens L.),DILL (Anethum species),Spices & Condiments,sabinene (=4(10)-thujene),Hydrocarbons,trace,trace
DILL HERB (Anethum graveolens L.),DILL (Anethum species),Spices & Condiments,3-carene,Hydrocarbons,trace,0.5
DILL HERB (Anethum graveolens L.),DILL (Anethum species),Spices & Condiments,methylbenzene (=toluene),Hydrocarbons,,
DILL HERB (Anethum graveolens L.),DILL (Anethum species),Spices & Condiments,ethylbenzene (=α-methyltoluene),Hydrocarbons,0.07,0.15
DILL HERB (Anethum graveolens L.),DILL (Anethum species),Spices & Condiments,"1,2-dimethylbenzene (=o-xylene)",Hydrocarbons,0.05,0.05
DILL HERB (Anethum graveolens L.),DILL (Anethum species),Spices & Condiments,"1,3-dimethylbenzene (=m-xylene)",Hydrocarbons,<0.01,<0.01
DILL HERB (Anethum graveolens L.),DILL (Anethum species),Spices & Condiments,"1,4-dimethylbenzene (=p-xylene)",Hydrocarbons,0.1,0.1
DILL HERB (Anethum graveolens L.),DILL (Anethum species),Spices & Condiments,1-isopropyl-4-methylbenzene (=p-cymene),Hydrocarbons,5,44
DILL HERB (Anethum graveolens L.),DILL (Anethum species),Spices & Condiments,isopropyl-methylbenzene (unkn.str.) (=cymene (unkn.str.)),Hydrocarbons,,
DILL HERB (Anethum graveolens L.),DILL (Anethum species),Spices & Condiments,"1-isopropenyl-4-methylbenzene (=α,p-dimethyl styrene, p-cymenene, dehydro-p-cymene)",Hydrocarbons,0.1,0.1
DILL HERB (Anethum graveolens L.),DILL (Anethum species),Spices & Condiments,1-butanol,Alcohols,<0.01,<0.01
DILL HERB (Anethum graveolens L.),DILL (Anethum species),Spices & Condiments,1-pentanol (=amyl alcohol),Alcohols,<0.01,<0.01
DILL HERB (Anethum graveolens L.),DILL (Anethum species),Spices & Condiments,(Z)-2-penten-1-ol,Alcohols,0.08,0.08
DILL HERB (Anethum graveolens L.),DILL (Anethum species),Spices & Condiments,1-penten-3-ol,Alcohols,0.07,0.07
DILL HERB (Anethum graveolens L.),DILL (Anethum species),Spices & Condiments,1-hexanol,Alcohols,0.16,0.16
DILL HERB (Anethum graveolens L.),DILL (Anethum species),Spices & Condiments,(E)-2-hexen-1-ol,Alcohols,0.29,1.4
DILL HERB (Anethum graveolens L.),DILL (Anethum species),Spices & Condiments,(Z)-3-hexen-1-ol (=leaf alcohol),Alcohols,<0.5,10.2
DILL HERB (Anethum graveolens L.),DILL (Anethum species),Spices & Condiments,(E)-3-hexen-1-ol,Alcohols,<0.01,<0.01
DILL HERB (Anethum graveolens L.),DILL (Anethum species),Spices & Condiments,1-hexen-3-ol,Alcohols,0.01,0.01
DILL HERB (Anethum graveolens L.),DILL (Anethum species),Spices & Condiments,1-heptanol,Alcohols,<0.01,<0.01
DILL HERB (Anethum graveolens L.),DILL (Anethum species),Spices & Condiments,1-octanol,Alcohols,<0.01,<0.01
DILL HERB (Anethum graveolens L.),DILL (Anethum species),Spices & Condiments,1-octen-3-ol,Alcohols,<0.01,<0.01
DILL HERB (Anethum graveolens L.),DILL (Anethum species),Spices & Condiments,"4-isopropylbenzyl alcohol (=cumic alcohol, p-cymen-7-ol)",Alcohols,0.04,0.04
DILL HERB (Anethum graveolens L.),DILL (Anethum species),Spices & Condiments,menthol,Alcohols,0.04,0.04
DILL HERB (Anethum graveolens L.),DILL (Anethum species),Spices & Condiments,α-terpineol,Alcohols,0.09,3.6
DILL HERB (Anethum graveolens L.),DILL (Anethum species),Spices & Condiments,β-terpineol,Alcohols,0.05,0.05
DILL HERB (Anethum graveolens L.),DILL (Anethum species),Spices & Condiments,4-terpineol (=terpinen-4-ol),Alcohols,0.26,1.1
DILL HERB (Anethum graveolens L.),DILL (Anethum species),Spices & Condiments,carvotanacetol,Alcohols,0.15,0.34
DILL HERB (Anethum graveolens L.),DILL (Anethum species),Spices & Condiments,dihydrocarveol,Alcohols,0.04,0.04
DILL HERB (Anethum graveolens L.),DILL (Anethum species),Spices & Condiments,isodihydrocarveol,Alcohols,,
DILL HERB (Anethum graveolens L.),DILL (Anethum species),Spices & Condiments,piperitol,Alcohols,0.44,0.98
DILL HERB (Anethum graveolens L.),DILL (Anethum species),Spices & Condiments,p-1-menthen-9-ol,Alcohols,0.12,0.12
DILL HERB (Anethum graveolens L.),DILL (Anethum species),Spices & Condiments,"carveol (=p-1(6),8-menthadien-2-ol)",Alcohols,,
DILL HERB (Anethum graveolens L.),DILL (Anethum species),Spices & Condiments,"cis-carveol (= cis-p-1(6),8-menthadien-2-ol)",Alcohols,,
DILL HERB (Anethum graveolens L.),DILL (Anethum species),Spices & Condiments,"trans-carveol (=trans-p-1(6),8-menthadien-2-ol)",Alcohols,,
DILL HERB (Anethum graveolens L.),DILL (Anethum species),Spices & Condiments,sabinol (=4(10)-thujenol),Alcohols,0.12,0.12
DILL HERB (Anethum graveolens L.),DILL (Anethum species),Spices & Condiments,sabinene hydrate (=4-thujanol),Alcohols,0.1,0.23
DILL HERB (Anethum graveolens L.),DILL (Anethum species),Spices & Condiments,pentanal (=valeraldehyde),"Carbonyls, aldehydes",0.47,1
DILL HERB (Anethum graveolens L.),DILL (Anethum species),Spices & Condiments,(E)-2-pentenal,"Carbonyls, aldehydes",0.03,0.03
DILL HERB (Anethum graveolens L.),DILL (Anethum species),Spices & Condiments,hexanal (=capronaldehyde),"Carbonyls, aldehydes",0.05,0.05
DILL HERB (Anethum graveolens L.),DILL (Anethum species),Spices & Condiments,(E)-2-hexenal (=leaf aldehyde),"Carbonyls, aldehydes",0.1,0.1
DILL HERB (Anethum graveolens L.),DILL (Anethum species),Spices & Condiments,(Z)-3-hexenal,"Carbonyls, aldehydes",<0.01,<0.01
DILL HERB (Anethum graveolens L.),DILL (Anethum species),Spices & Condiments,"(E,Z)-2,4-hexadienal","Carbonyls, aldehydes",<0.01,<0.01
DILL HERB (Anethum graveolens L.),DILL (Anethum species),Spices & Condiments,"(E,E)-2,4-hexadienal","Carbonyls, aldehydes",<0.01,<0.01
DILL HERB (Anethum graveolens L.),DILL (Anethum species),Spices & Condiments,heptanal,"Carbonyls, aldehydes",<0.01,<0.01
DILL HERB (Anethum graveolens L.),DILL (Anethum species),Spices & Condiments,"(E,Z)-2,4-heptadienal","Carbonyls, aldehydes",<0.01,<0.01
DILL HERB (Anethum graveolens L.),DILL (Anethum species),Spices & Condiments,octanal (=caprylaldehyde),"Carbonyls, aldehydes",0.01,0.01
DILL HERB (Anethum graveolens L.),DILL (Anethum species),Spices & Condiments,nonanal (=pelargonaldehyde),"Carbonyls, aldehydes",<0.01,<0.01
DILL HERB (Anethum graveolens L.),DILL (Anethum species),Spices & Condiments,(E)-2-nonenal,"Carbonyls, aldehydes",<0.01,<0.01
DILL HERB (Anethum graveolens L.),DILL (Anethum species),Spices & Condiments,decanal (=capraldehyde),"Carbonyls, aldehydes",0.1,0.1
DILL HERB (Anethum graveolens L.),DILL (Anethum species),Spices & Condiments,(E)-2-decenal,"Carbonyls, aldehydes",<0.01,<0.01
DILL HERB (Anethum graveolens L.),DILL (Anethum species),Spices & Condiments,"(E,E)-2,4-decadienal","Carbonyls, aldehydes",,
DILL HERB (Anethum graveolens L.),DILL (Anethum species),Spices & Condiments,benzaldehyde,"Carbonyls, aldehydes",<0.01,<0.01
DILL HERB (Anethum graveolens L.),DILL (Anethum species),Spices & Condiments,4-isopropylbenzaldehyde (=cuminaldehyde),"Carbonyls, aldehydes",0.04,0.04
DILL HERB (Anethum graveolens L.),DILL (Anethum species),Spices & Condiments,4-methoxybenzaldehyde (=anisaldehyde),"Carbonyls, aldehydes",,
DILL HERB (Anethum graveolens L.),DILL (Anethum species),Spices & Condiments,vanillin (=4-hydroxy-3-methoxybenzaldehyde),"Carbonyls, aldehydes",,
DILL HERB (Anethum graveolens L.),DILL (Anethum species),Spices & Condiments,phenylacetaldehyde (=benzeneacetaldehyde),"Carbonyls, aldehydes",,
DILL HERB (Anethum graveolens L.),DILL (Anethum species),Spices & Condiments,piperonal (=heliotropin),"Carbonyls, aldehydes",0.11,0.26
DILL HERB (Anethum graveolens L.),DILL (Anethum species),Spices & Condiments,2-pentanone,"Carbonyls, ketones",0.09,0.09
DILL HERB (Anethum graveolens L.),DILL (Anethum species),Spices & Condiments,3-methyl-2-pentanone,"Carbonyls, ketones",0.09,0.09
DILL HERB (Anethum graveolens L.),DILL (Anethum species),Spices & Condiments,1-hexen-3-one,"Carbonyls, ketones",,
DILL HERB (Anethum graveolens L.),DILL (Anethum species),Spices & Condiments,1-octen-3-one,"Carbonyls, ketones",,
DILL HERB (Anethum graveolens L.),DILL (Anethum species),Spices & Condiments,"3,5-octadien-2-one","Carbonyls, ketones",<0.01,<0.01
DILL HERB (Anethum graveolens L.),DILL (Anethum species),Spices & Condiments,"(Z)-1,5-octadien-3-one","Carbonyls, ketones",,
DILL HERB (Anethum graveolens L.),DILL (Anethum species),Spices & Condiments,"2,2,6-trimethylcyclohexanone","Carbonyls, ketones",<0.01,<0.01
DILL HERB (Anethum graveolens L.),DILL (Anethum species),Spices & Condiments,(E)-β-ionone,"Carbonyls, ketones",0.31,0.71
DILL HERB (Anethum graveolens L.),DILL (Anethum species),Spices & Condiments,"5,6-epoxy-β-ionone (=epoxy-β-ionone)","Carbonyls, ketones",0.09,0.09
DILL HERB (Anethum graveolens L.),DILL (Anethum species),Spices & Condiments,dihydrocarvone (=p-8-menthen-2-one),"Carbonyls, ketones",<0.01,<0.01
DILL HERB (Anethum graveolens L.),DILL (Anethum species),Spices & Condiments,trans-dihydrocarvone,"Carbonyls, ketones",,
DILL HERB (Anethum graveolens L.),DILL (Anethum species),Spices & Condiments,"carvone (=p-6,8-menthadien-2-one)","Carbonyls, ketones",trace,2
DILL HERB (Anethum graveolens L.),DILL (Anethum species),Spices & Condiments,carvotanacetone (=p-1-menthen-6-one),"Carbonyls, ketones",0.09,0.21
DILL HERB (Anethum graveolens L.),DILL (Anethum species),Spices & Condiments,fenchone,"Carbonyls, ketones",0.45,1
DILL HERB (Anethum graveolens L.),DILL (Anethum species),Spices & Condiments,thujone (=α-thujone),"Carbonyls, ketones",0.09,0.19
DILL HERB (Anethum graveolens L.),DILL (Anethum species),Spices & Condiments,pinocarvone,"Carbonyls, ketones",1.49,3.3
DILL HERB (Anethum graveolens L.),DILL (Anethum species),Spices & Condiments,butyl acetate,Esters,<0.01,<0.01
DILL HERB (Anethum graveolens L.),DILL (Anethum species),Spices & Condiments,hexyl acetate,Esters,<0.01,<0.01
DILL HERB (Anethum graveolens L.),DILL (Anethum species),Spices & Condiments,(Z)-3-hexenyl acetate,Esters,<0.5,1.2
DILL HERB (Anethum graveolens L.),DILL (Anethum species),Spices & Condiments,dihydrocarvyl acetate,Esters,,
DILL HERB (Anethum graveolens L.),DILL (Anethum species),Spices & Condiments,trans-carvyl acetate,Esters,,
DILL HERB (Anethum graveolens L.),DILL (Anethum species),Spices & Condiments,isobornyl acetate,Esters,<0.01,<0.01
DILL HERB (Anethum graveolens L.),DILL (Anethum species),Spices & Condiments,sabinyl acetate,Esters,<0.01,<0.01
DILL HERB (Anethum graveolens L.),DILL (Anethum species),Spices & Condiments,methyl 2-methylpropanoate (=methyl isobutyrate),Esters,,
DILL HERB (Anethum graveolens L.),DILL (Anethum species),Spices & Condiments,methyl 2-methylbutanoate,Esters,,
DILL HERB (Anethum graveolens L.),DILL (Anethum species),Spices & Condiments,methyl benzoate,Esters,,
DILL HERB (Anethum graveolens L.),DILL (Anethum species),Spices & Condiments,dihydroactinidiolide,Lactones,<0.01,<0.01
DILL HERB (Anethum graveolens L.),DILL (Anethum species),Spices & Condiments,2-isopropyl-3-methoxypyrazine,Bases,,
DILL HERB (Anethum graveolens L.),DILL (Anethum species),Spices & Condiments,2-isopropyl-4-methylphenol (=isothymol),Phenols,0.23,0.6
DILL HERB (Anethum graveolens L.),DILL (Anethum species),Spices & Condiments,thymol (=2-isopropyl-5-methylphenol),Phenols,0.4,0.89
DILL HERB (Anethum graveolens L.),DILL (Anethum species),Spices & Condiments,carvacrol (=5-isopropyl-2-methylphenol),Phenols,0.06,0.6
DILL HERB (Anethum graveolens L.),DILL (Anethum species),Spices & Condiments,2-methoxy-4-vinylphenol (=4-vinylguaiacol),Phenols,,
DILL HERB (Anethum graveolens L.),DILL (Anethum species),Spices & Condiments,eugenol (=4-allyl-2-methoxyphenol),Phenols,,
DILL HERB (Anethum graveolens L.),DILL (Anethum species),Spices & Condiments,"5-allyl-1,3-benzodioxole (=safrole)",Phenols,,
DILL HERB (Anethum graveolens L.),DILL (Anethum species),Spices & Condiments,"6-allyl-4-methoxy-1,3-benzodioxole (=myristicin)",Phenols,1,46.9
DILL HERB (Anethum graveolens L.),DILL (Anethum species),Spices & Condiments,"5-allyl-4,7-dimethoxy-1,3-benzodioxole (=apiole, parsley apiole)",Phenols,4,23
DILL HERB (Anethum graveolens L.),DILL (Anethum species),Spices & Condiments,"6-allyl-4,5-dimethoxy-1,3-benzodioxole (=dill apiole)",Phenols,0.42,0.84
DILL HERB (Anethum graveolens L.),DILL (Anethum species),Spices & Condiments,"3,9-epoxy-1-menthene (=2,3,3a,4,5,7a-hexahydro-3,6-dimethylbenzofuran, dill ether)",Furans,24,1110
DILL HERB (Anethum graveolens L.),DILL (Anethum species),Spices & Condiments,"2,3,3a,4,5,7a-hexahydro-3,6-dimethylbenzofuran (3S,3aS,7aR)- (=anethofuran, (3S,3aS,7aR)-dill ether)",Furans,,
DILL HERB (Anethum graveolens L.),DILL (Anethum species),Spices & Condiments,"cis-limonene 1,2-oxide","(Ep)oxides, pyrans, coumarins",,
DILL HERB (Anethum graveolens L.),DILL (Anethum species),Spices & Condiments,"trans-limonene 1,2-oxide","(Ep)oxides, pyrans, coumarins",,
DILL HERB (Anethum graveolens L.),DILL (Anethum species),Spices & Condiments,7-hydroxy-6-methoxycoumarin (=scopoletin),"(Ep)oxides, pyrans, coumarins",,
DILL HERB (Anethum graveolens L.),DILL (Anethum species),Spices & Condiments,"7,8-dihydro-8,8-dimethylbenzo-[1,2,b:5,4,b']dipyran-2,6-dione (=graveolone)","(Ep)oxides, pyrans, coumarins",,
DILL SEED (Anethum graveolens L.),DILL (Anethum species),Spices & Condiments,β-myrcene (=myrcene),Hydrocarbons,,
DILL SEED (Anethum graveolens L.),DILL (Anethum species),Spices & Condiments,α-phellandrene,Hydrocarbons,,
DILL SEED (Anethum graveolens L.),DILL (Anethum species),Spices & Condiments,β-phellandrene,Hydrocarbons,,
DILL SEED (Anethum graveolens L.),DILL (Anethum species),Spices & Condiments,phellandrene (unkn.str.),Hydrocarbons,1750,1750
DILL SEED (Anethum graveolens L.),DILL (Anethum species),Spices & Condiments,α-terpinene,Hydrocarbons,,
DILL SEED (Anethum graveolens L.),DILL (Anethum species),Spices & Condiments,γ-terpinene,Hydrocarbons,,
DILL SEED (Anethum graveolens L.),DILL (Anethum species),Spices & Condiments,limonene,Hydrocarbons,2522,2522
DILL SEED (Anethum graveolens L.),DILL (Anethum species),Spices & Condiments,(4R)-(+)-limonene,Hydrocarbons,,
DILL SEED (Anethum graveolens L.),DILL (Anethum species),Spices & Condiments,(4S)-(-)-limonene,Hydrocarbons,,
DILL SEED (Anethum graveolens L.),DILL (Anethum species),Spices & Condiments,β-elemene,Hydrocarbons,,
DILL SEED (Anethum graveolens L.),DILL (Anethum species),Spices & Condiments,α-pinene,Hydrocarbons,,
DILL SEED (Anethum graveolens L.),DILL (Anethum species),Spices & Condiments,(1R)-α-pinene,Hydrocarbons,,
DILL SEED (Anethum graveolens L.),DILL (Anethum species),Spices & Condiments,(1S)-α-pinene,Hydrocarbons,,
DILL SEED (Anethum graveolens L.),DILL (Anethum species),Spices & Condiments,β-pinene,Hydrocarbons,,
DILL SEED (Anethum graveolens L.),DILL (Anethum species),Spices & Condiments,(1R)-β-pinene,Hydrocarbons,,
DILL SEED (Anethum graveolens L.),DILL (Anethum species),Spices & Condiments,(1S)-β-pinene,Hydrocarbons,,
DILL SEED (Anethum graveolens L.),DILL (Anethum species),Spices & Condiments,sabinene (=4(10)-thujene),Hydrocarbons,,
DILL SEED (Anethum graveolens L.),DILL (Anethum species),Spices & Condiments,3-carene,Hydrocarbons,,
DILL SEED (Anethum graveolens L.),DILL (Anethum species),Spices & Condiments,β-caryophyllene,Hydrocarbons,,
DILL SEED (Anethum graveolens L.),DILL (Anethum species),Spices & Condiments,1-isopropyl-4-methylbenzene (=p-cymene),Hydrocarbons,,
DILL SEED (Anethum graveolens L.),DILL (Anethum species),Spices & Condiments,"1-isopropenyl-4-methylbenzene (=α,p-dimethyl styrene, p-cymenene, dehydro-p-cymene)",Hydrocarbons,,
DILL SEED (Anethum graveolens L.),DILL (Anethum species),Spices & Condiments,geraniol,Alcohols,,
DILL SEED (Anethum graveolens L.),DILL (Anethum species),Spices & Condiments,β-terpineol,Alcohols,,
DILL SEED (Anethum graveolens L.),DILL (Anethum species),Spices & Condiments,4-terpineol (=terpinen-4-ol),Alcohols,,
DILL SEED (Anethum graveolens L.),DILL (Anethum species),Spices & Condiments,dihydrocarveol,Alcohols,,
DILL SEED (Anethum graveolens L.),DILL (Anethum species),Spices & Condiments,isodihydrocarveol,Alcohols,,
DILL SEED (Anethum graveolens L.),DILL (Anethum species),Spices & Condiments,neodihydrocarveol,Alcohols,,
DILL SEED (Anethum graveolens L.),DILL (Anethum species),Spices & Condiments,neoisodihydrocarveol,Alcohols,,
DILL SEED (Anethum graveolens L.),DILL (Anethum species),Spices & Condiments,"cis-carveol (= cis-p-1(6),8-menthadien-2-ol)",Alcohols,,
DILL SEED (Anethum graveolens L.),DILL (Anethum species),Spices & Condiments,"trans-carveol (=trans-p-1(6),8-menthadien-2-ol)",Alcohols,,
DILL SEED (Anethum graveolens L.),DILL (Anethum species),Spices & Condiments,nonanal (=pelargonaldehyde),"Carbonyls, aldehydes",,
DILL SEED (Anethum graveolens L.),DILL (Anethum species),Spices & Condiments,decanal (=capraldehyde),"Carbonyls, aldehydes",,
DILL SEED (Anethum graveolens L.),DILL (Anethum species),Spices & Condiments,vanillin (=4-hydroxy-3-methoxybenzaldehyde),"Carbonyls, aldehydes",,
DILL SEED (Anethum graveolens L.),DILL (Anethum species),Spices & Condiments,β-damascenone (=(E)-β-damascenone),"Carbonyls, ketones",,
DILL SEED (Anethum graveolens L.),DILL (Anethum species),Spices & Condiments,trans-dihydrocarvone,"Carbonyls, ketones",,
DILL SEED (Anethum graveolens L.),DILL (Anethum species),Spices & Condiments,cis-dihydrocarvone,"Carbonyls, ketones",,
DILL SEED (Anethum graveolens L.),DILL (Anethum species),Spices & Condiments,"carvone (=p-6,8-menthadien-2-one)","Carbonyls, ketones",14108,14108
DILL SEED (Anethum graveolens L.),DILL (Anethum species),Spices & Condiments,(4R)-(-)-carvone,"Carbonyls, ketones",trace,trace
DILL SEED (Anethum graveolens L.),DILL (Anethum species),Spices & Condiments,(4S)-(+)-carvone,"Carbonyls, ketones",895000,895000
DILL SEED (Anethum graveolens L.),DILL (Anethum species),Spices & Condiments,butanoic acid (=butyric acid),Acids,,
DILL SEED (Anethum graveolens L.),DILL (Anethum species),Spices & Condiments,hexanoic acid (=caproic acid),Acids,,
DILL SEED (Anethum graveolens L.),DILL (Anethum species),Spices & Condiments,octanoic acid (=caprylic acid),Acids,,
DILL SEED (Anethum graveolens L.),DILL (Anethum species),Spices & Condiments,decanoic acid (=capric acid),Acids,,
DILL SEED (Anethum graveolens L.),DILL (Anethum species),Spices & Condiments,dodecanoic acid (=lauric acid),Acids,,
DILL SEED (Anethum graveolens L.),DILL (Anethum species),Spices & Condiments,tetradecanoic acid (=myristic acid),Acids,,
DILL SEED (Anethum graveolens L.),DILL (Anethum species),Spices & Condiments,pentadecanoic acid,Acids,,
DILL SEED (Anethum graveolens L.),DILL (Anethum species),Spices & Condiments,hexadecanoic acid (=palmitic acid),Acids,,
DILL SEED (Anethum graveolens L.),DILL (Anethum species),Spices & Condiments,octadecanoic acid (=stearic acid),Acids,,
DILL SEED (Anethum graveolens L.),DILL (Anethum species),Spices & Condiments,(Z)-9-octadecenoic acid (=oleic acid),Acids,,
DILL SEED (Anethum graveolens L.),DILL (Anethum species),Spices & Condiments,"(Z,Z)-9,12-octadecadienoic acid (=linoleic acid)",Acids,,
DILL SEED (Anethum graveolens L.),DILL (Anethum species),Spices & Condiments,thymol (=2-isopropyl-5-methylphenol),Phenols,,
DILL SEED (Anethum graveolens L.),DILL (Anethum species),Spices & Condiments,carvacrol (=5-isopropyl-2-methylphenol),Phenols,,
DILL SEED (Anethum graveolens L.),DILL (Anethum species),Spices & Condiments,anethole (=1-methoxy-4-(1-propenyl)benzene),Phenols,,
DILL SEED (Anethum graveolens L.),DILL (Anethum species),Spices & Condiments,"(E)-anethole (=(E)-1-methoxy-4-(1-propenyl)benzene, anise camphor)",Phenols,,
DILL SEED (Anethum graveolens L.),DILL (Anethum species),Spices & Condiments,eugenol (=4-allyl-2-methoxyphenol),Phenols,,
DILL SEED (Anethum graveolens L.),DILL (Anethum species),Spices & Condiments,isoeugenol (=2-methoxy-4-(1-propenyl)-phenol),Phenols,,
DILL SEED (Anethum graveolens L.),DILL (Anethum species),Spices & Condiments,"6-allyl-4,5-dimethoxy-1,3-benzodioxole (=dill apiole)",Phenols,7636,7636
DILL ROOT (Anethum graveolens L.),DILL (Anethum species),Spices & Condiments,tridecane,Hydrocarbons,,
DILL ROOT (Anethum graveolens L.),DILL (Anethum species),Spices & Condiments,tetradecane,Hydrocarbons,,
DILL ROOT (Anethum graveolens L.),DILL (Anethum species),Spices & Condiments,pentadecane,Hydrocarbons,,
DILL ROOT (Anethum graveolens L.),DILL (Anethum species),Spices & Condiments,hexadecane,Hydrocarbons,,
DILL ROOT (Anethum graveolens L.),DILL (Anethum species),Spices & Condiments,heptadecane,Hydrocarbons,,
DILL ROOT (Anethum graveolens L.),DILL (Anethum species),Spices & Condiments,octadecane,Hydrocarbons,,
DILL ROOT (Anethum graveolens L.),DILL (Anethum species),Spices & Condiments,nonadecane,Hydrocarbons,,
DILL ROOT (Anethum graveolens L.),DILL (Anethum species),Spices & Condiments,eicosane,Hydrocarbons,,
DILL ROOT (Anethum graveolens L.),DILL (Anethum species),Spices & Condiments,(Z)-β-ocimene,Hydrocarbons,1,1
DILL ROOT (Anethum graveolens L.),DILL (Anethum species),Spices & Condiments,(E)-β-ocimene,Hydrocarbons,,
DILL ROOT (Anethum graveolens L.),DILL (Anethum species),Spices & Condiments,β-myrcene (=myrcene),Hydrocarbons,6,6
DILL ROOT (Anethum graveolens L.),DILL (Anethum species),Spices & Condiments,α-phellandrene,Hydrocarbons,50,50
DILL ROOT (Anethum graveolens L.),DILL (Anethum species),Spices & Condiments,β-phellandrene,Hydrocarbons,3,3
DILL ROOT (Anethum graveolens L.),DILL (Anethum species),Spices & Condiments,γ-terpinene,Hydrocarbons,,
DILL ROOT (Anethum graveolens L.),DILL (Anethum species),Spices & Condiments,terpinolene,Hydrocarbons,266,266
DILL ROOT (Anethum graveolens L.),DILL (Anethum species),Spices & Condiments,limonene,Hydrocarbons,48,48
DILL ROOT (Anethum graveolens L.),DILL (Anethum species),Spices & Condiments,α-pinene,Hydrocarbons,6,6
DILL ROOT (Anethum graveolens L.),DILL (Anethum species),Spices & Condiments,β-pinene,Hydrocarbons,32,32
DILL ROOT (Anethum graveolens L.),DILL (Anethum species),Spices & Condiments,camphene,Hydrocarbons,2,2
DILL ROOT (Anethum graveolens L.),DILL (Anethum species),Spices & Condiments,sabinene (=4(10)-thujene),Hydrocarbons,26,26
DILL ROOT (Anethum graveolens L.),DILL (Anethum species),Spices & Condiments,1-isopropyl-4-methylbenzene (=p-cymene),Hydrocarbons,4,4
DILL ROOT (Anethum graveolens L.),DILL (Anethum species),Spices & Condiments,"1-isopropenyl-4-methylbenzene (=α,p-dimethyl styrene, p-cymenene, dehydro-p-cymene)",Hydrocarbons,,
DILL ROOT (Anethum graveolens L.),DILL (Anethum species),Spices & Condiments,"p-cymen-8-ol (=α,α,p-trimethyl-benzyl alcohol)",Alcohols,,
DILL ROOT (Anethum graveolens L.),DILL (Anethum species),Spices & Condiments,octanal (=caprylaldehyde),"Carbonyls, aldehydes",,
DILL ROOT (Anethum graveolens L.),DILL (Anethum species),Spices & Condiments,dihydrocarvone (=p-8-menthen-2-one),"Carbonyls, ketones",,
DILL ROOT (Anethum graveolens L.),DILL (Anethum species),Spices & Condiments,"carvone (=p-6,8-menthadien-2-one)","Carbonyls, ketones",trace,2
DILL ROOT (Anethum graveolens L.),DILL (Anethum species),Spices & Condiments,carvotanacetone (=p-1-menthen-6-one),"Carbonyls, ketones",,
DILL ROOT (Anethum graveolens L.),DILL (Anethum species),Spices & Condiments,camphor (=alcanfor),"Carbonyls, ketones",,
DILL ROOT (Anethum graveolens L.),DILL (Anethum species),Spices & Condiments,"6-allyl-4-methoxy-1,3-benzodioxole (=myristicin)",Phenols,41,358
DILL ROOT (Anethum graveolens L.),DILL (Anethum species),Spices & Condiments,"5-allyl-4,7-dimethoxy-1,3-benzodioxole (=apiole, parsley apiole)",Phenols,271,468
DILL ROOT (Anethum graveolens L.),DILL (Anethum species),Spices & Condiments,"6-allyl-4,5-dimethoxy-1,3-benzodioxole (=dill apiole)",Phenols,227,228
DILL ROOT (Anethum graveolens L.),DILL (Anethum species),Spices & Condiments,"cis-3-butyl-3a,4,5,6-tetrahydro-phthalide (=neocnidilide)",Anhydrides and phthalides,70,260
DILL ROOT (Anethum graveolens L.),DILL (Anethum species),Spices & Condiments,"3-butyl-4,5-dihydrophthalide (=sedanenolide, senkyunolide)",Anhydrides and phthalides,10,240
DILL ROOT (Anethum graveolens L.),DILL (Anethum species),Spices & Condiments,"(Z)-3-butylidene-4,5-dihydro-phthalide (=Z-ligustilide)",Anhydrides and phthalides,5,5
DILL ROOT (Anethum graveolens L.),DILL (Anethum species),Spices & Condiments,"(E)-3-butylidene-4,5-dihydro-phthalide (=E-ligustilide)",Anhydrides and phthalides,trace,trace
DILL ROOT (Anethum graveolens L.),DILL (Anethum species),Spices & Condiments,butylphthalide (unkn.str.),Anhydrides and phthalides,10,120
DILL ROOT (Anethum graveolens L.),DILL (Anethum species),Spices & Condiments,(Z)-3-butylidenephthalide,Anhydrides and phthalides,trace,trace
DILL ROOT (Anethum graveolens L.),DILL (Anethum species),Spices & Condiments,(E)-3-butylidenephthalide,Anhydrides and phthalides,trace,trace
INDIAN DILL HERB (Anethum sowa Roxb.),DILL (Anethum species),Spices & Condiments,decane,Hydrocarbons,,
INDIAN DILL HERB (Anethum sowa Roxb.),DILL (Anethum species),Spices & Condiments,dodecane,Hydrocarbons,,
INDIAN DILL HERB (Anethum sowa Roxb.),DILL (Anethum species),Spices & Condiments,tridecane,Hydrocarbons,,
INDIAN DILL HERB (Anethum sowa Roxb.),DILL (Anethum species),Spices & Condiments,tetradecane,Hydrocarbons,,
INDIAN DILL HERB (Anethum sowa Roxb.),DILL (Anethum species),Spices & Condiments,pentadecane,Hydrocarbons,,
INDIAN DILL HERB (Anethum sowa Roxb.),DILL (Anethum species),Spices & Condiments,hexadecane,Hydrocarbons,,
INDIAN DILL HERB (Anethum sowa Roxb.),DILL (Anethum species),Spices & Condiments,heptadecane,Hydrocarbons,,
INDIAN DILL HERB (Anethum sowa Roxb.),DILL (Anethum species),Spices & Condiments,octadecane,Hydrocarbons,,
INDIAN DILL HERB (Anethum sowa Roxb.),DILL (Anethum species),Spices & Condiments,nonadecane,Hydrocarbons,,
INDIAN DILL HERB (Anethum sowa Roxb.),DILL (Anethum species),Spices & Condiments,(Z)-β-ocimene,Hydrocarbons,,
INDIAN DILL HERB (Anethum sowa Roxb.),DILL (Anethum species),Spices & Condiments,β-myrcene (=myrcene),Hydrocarbons,,
INDIAN DILL HERB (Anethum sowa Roxb.),DILL (Anethum species),Spices & Condiments,α-phellandrene,Hydrocarbons,,
INDIAN DILL HERB (Anethum sowa Roxb.),DILL (Anethum species),Spices & Condiments,α-terpinene,Hydrocarbons,,
INDIAN DILL HERB (Anethum sowa Roxb.),DILL (Anethum species),Spices & Condiments,γ-terpinene,Hydrocarbons,,
INDIAN DILL HERB (Anethum sowa Roxb.),DILL (Anethum species),Spices & Condiments,limonene,Hydrocarbons,,
INDIAN DILL HERB (Anethum sowa Roxb.),DILL (Anethum species),Spices & Condiments,"p-2,4(8)-menthadiene (=isoterpinolene)",Hydrocarbons,,
INDIAN DILL HERB (Anethum sowa Roxb.),DILL (Anethum species),Spices & Condiments,α-pinene,Hydrocarbons,,
INDIAN DILL HERB (Anethum sowa Roxb.),DILL (Anethum species),Spices & Condiments,β-pinene,Hydrocarbons,,
INDIAN DILL HERB (Anethum sowa Roxb.),DILL (Anethum species),Spices & Condiments,β-caryophyllene,Hydrocarbons,,
INDIAN DILL HERB (Anethum sowa Roxb.),DILL (Anethum species),Spices & Condiments,1-isopropyl-4-methylbenzene (=p-cymene),Hydrocarbons,,
INDIAN DILL HERB (Anethum sowa Roxb.),DILL (Anethum species),Spices & Condiments,"1-isopropenyl-4-methylbenzene (=α,p-dimethyl styrene, p-cymenene, dehydro-p-cymene)",Hydrocarbons,,
INDIAN DILL HERB (Anethum sowa Roxb.),DILL (Anethum species),Spices & Condiments,linalool,Alcohols,,
INDIAN DILL HERB (Anethum sowa Roxb.),DILL (Anethum species),Spices & Condiments,nerolidol,Alcohols,,
INDIAN DILL HERB (Anethum sowa Roxb.),DILL (Anethum species),Spices & Condiments,α-terpineol,Alcohols,,
INDIAN DILL HERB (Anethum sowa Roxb.),DILL (Anethum species),Spices & Condiments,4-terpineol (=terpinen-4-ol),Alcohols,,
INDIAN DILL HERB (Anethum sowa Roxb.),DILL (Anethum species),Spices & Condiments,neoisodihydrocarveol,Alcohols,,
INDIAN DILL HERB (Anethum sowa Roxb.),DILL (Anethum species),Spices & Condiments,"cis-carveol (= cis-p-1(6),8-menthadien-2-ol)",Alcohols,,
INDIAN DILL HERB (Anethum sowa Roxb.),DILL (Anethum species),Spices & Condiments,elemol,Alcohols,,
INDIAN DILL HERB (Anethum sowa Roxb.),DILL (Anethum species),Spices & Condiments,borneol,Alcohols,,
INDIAN DILL HERB (Anethum sowa Roxb.),DILL (Anethum species),Spices & Condiments,β-eudesmol,Alcohols,,
INDIAN DILL HERB (Anethum sowa Roxb.),DILL (Anethum species),Spices & Condiments,viridiflorol,Alcohols,,
INDIAN DILL HERB (Anethum sowa Roxb.),DILL (Anethum species),Spices & Condiments,trans-dihydrocarvone,"Carbonyls, ketones",,
INDIAN DILL HERB (Anethum sowa Roxb.),DILL (Anethum species),Spices & Condiments,cis-dihydrocarvone,"Carbonyls, ketones",,
INDIAN DILL HERB (Anethum sowa Roxb.),DILL (Anethum species),Spices & Condiments,"carvone (=p-6,8-menthadien-2-one)","Carbonyls, ketones",,
INDIAN DILL HERB (Anethum sowa Roxb.),DILL (Anethum species),Spices & Condiments,thymol (=2-isopropyl-5-methylphenol),Phenols,,
INDIAN DILL HERB (Anethum sowa Roxb.),DILL (Anethum species),Spices & Condiments,"(E)-anethole (=(E)-1-methoxy-4-(1-propenyl)benzene, anise camphor)",Phenols,,
INDIAN DILL HERB (Anethum sowa Roxb.),DILL (Anethum species),Spices & Condiments,"5-allyl-1,2,3-trimethoxybenzene (=elemicin)",Phenols,,
INDIAN DILL HERB (Anethum sowa Roxb.),DILL (Anethum species),Spices & Condiments,"6-allyl-4-methoxy-1,3-benzodioxole (=myristicin)",Phenols,,
INDIAN DILL HERB (Anethum sowa Roxb.),DILL (Anethum species),Spices & Condiments,"6-allyl-4,5-dimethoxy-1,3-benzodioxole (=dill apiole)",Phenols,,
INDIAN DILL ROOT (Anethum sowa Roxb.),DILL (Anethum species),Spices & Condiments,"cis-3-butyl-3a,4,5,6-tetrahydro-phthalide (=neocnidilide)",Anhydrides and phthalides,80,80
INDIAN DILL ROOT (Anethum sowa Roxb.),DILL (Anethum species),Spices & Condiments,"3-butyl-4,5-dihydrophthalide (=sedanenolide, senkyunolide)",Anhydrides and phthalides,170,170
INDIAN DILL ROOT (Anethum sowa Roxb.),DILL (Anethum species),Spices & Condiments,"(Z)-3-butylidene-4,5-dihydro-phthalide (=Z-ligustilide)",Anhydrides and phthalides,1,1
INDIAN DILL ROOT (Anethum sowa Roxb.),DILL (Anethum species),Spices & Condiments,butylphthalide (unkn.str.),Anhydrides and phthalides,30,30
INDIAN DILL SEED (Anethum sowa Roxb.),DILL (Anethum species),Spices & Condiments,(Z)-β-ocimene,Hydrocarbons,trace,trace
INDIAN DILL SEED (Anethum sowa Roxb.),DILL (Anethum species),Spices & Condiments,β-myrcene (=myrcene),Hydrocarbons,90,90
INDIAN DILL SEED (Anethum sowa Roxb.),DILL (Anethum species),Spices & Condiments,α-phellandrene,Hydrocarbons,225,225
INDIAN DILL SEED (Anethum sowa Roxb.),DILL (Anethum species),Spices & Condiments,α-terpinene,Hydrocarbons,trace,trace
INDIAN DILL SEED (Anethum sowa Roxb.),DILL (Anethum species),Spices & Condiments,limonene,Hydrocarbons,6795,6795
INDIAN DILL SEED (Anethum sowa Roxb.),DILL (Anethum species),Spices & Condiments,"p-2,4(8)-menthadiene (=isoterpinolene)",Hydrocarbons,720,720
INDIAN DILL SEED (Anethum sowa Roxb.),DILL (Anethum species),Spices & Condiments,α-pinene,Hydrocarbons,trace,trace
INDIAN DILL SEED (Anethum sowa Roxb.),DILL (Anethum species),Spices & Condiments,β-pinene,Hydrocarbons,trace,trace
INDIAN DILL SEED (Anethum sowa Roxb.),DILL (Anethum species),Spices & Condiments,β-caryophyllene,Hydrocarbons,trace,trace
INDIAN DILL SEED (Anethum sowa Roxb.),DILL (Anethum species),Spices & Condiments,1-isopropyl-4-methylbenzene (=p-cymene),Hydrocarbons,45,45
INDIAN DILL SEED (Anethum sowa Roxb.),DILL (Anethum species),Spices & Condiments,"1-isopropenyl-4-methylbenzene (=α,p-dimethyl styrene, p-cymenene, dehydro-p-cymene)",Hydrocarbons,585,585
INDIAN DILL SEED (Anethum sowa Roxb.),DILL (Anethum species),Spices & Condiments,α-terpineol,Alcohols,trace,trace
INDIAN DILL SEED (Anethum sowa Roxb.),DILL (Anethum species),Spices & Condiments,4-terpineol (=terpinen-4-ol),Alcohols,trace,trace
INDIAN DILL SEED (Anethum sowa Roxb.),DILL (Anethum species),Spices & Condiments,β-eudesmol,Alcohols,trace,trace
INDIAN DILL SEED (Anethum sowa Roxb.),DILL (Anethum species),Spices & Condiments,trans-dihydrocarvone,"Carbonyls, ketones",1440,1440
INDIAN DILL SEED (Anethum sowa Roxb.),DILL (Anethum species),Spices & Condiments,cis-dihydrocarvone,"Carbonyls, ketones",1890,1890
INDIAN DILL SEED (Anethum sowa Roxb.),DILL (Anethum species),Spices & Condiments,"carvone (=p-6,8-menthadien-2-one)","Carbonyls, ketones",20025,20025
INDIAN DILL SEED (Anethum sowa Roxb.),DILL (Anethum species),Spices & Condiments,eugenol (=4-allyl-2-methoxyphenol),Phenols,trace,trace
INDIAN DILL SEED (Anethum sowa Roxb.),DILL (Anethum species),Spices & Condiments,"6-allyl-4-methoxy-1,3-benzodioxole (=myristicin)",Phenols,450,450
INDIAN DILL SEED (Anethum sowa Roxb.),DILL (Anethum species),Spices & Condiments,"6-allyl-4,5-dimethoxy-1,3-benzodioxole (=dill apiole)",Phenols,11925,11925
INDIAN DILL SEED (Anethum sowa Roxb.),DILL (Anethum species),Spices & Condiments,dillfuran,Furans,225,225
DILL BLOSSOM (Anethum graveolens L.),DILL (Anethum species),Spices & Condiments,undecane,Hydrocarbons,6.8,6.8
DILL BLOSSOM (Anethum graveolens L.),DILL (Anethum species),Spices & Condiments,neophytadiene,Hydrocarbons,12.7,12.7
DILL BLOSSOM (Anethum graveolens L.),DILL (Anethum species),Spices & Condiments,pentacosane,Hydrocarbons,11.7,11.7
DILL BLOSSOM (Anethum graveolens L.),DILL (Anethum species),Spices & Condiments,hexacosane,Hydrocarbons,19.4,19.4
DILL BLOSSOM (Anethum graveolens L.),DILL (Anethum species),Spices & Condiments,octacosane,Hydrocarbons,10.9,10.9
DILL BLOSSOM (Anethum graveolens L.),DILL (Anethum species),Spices & Condiments,(Z)-β-ocimene,Hydrocarbons,4,4
DILL BLOSSOM (Anethum graveolens L.),DILL (Anethum species),Spices & Condiments,(E)-β-ocimene,Hydrocarbons,0.8,0.8
DILL BLOSSOM (Anethum graveolens L.),DILL (Anethum species),Spices & Condiments,β-myrcene (=myrcene),Hydrocarbons,44.8,44.8
DILL BLOSSOM (Anethum graveolens L.),DILL (Anethum species),Spices & Condiments,α-phellandrene,Hydrocarbons,1094.9,1094.9
DILL BLOSSOM (Anethum graveolens L.),DILL (Anethum species),Spices & Condiments,β-phellandrene,Hydrocarbons,,
DILL BLOSSOM (Anethum graveolens L.),DILL (Anethum species),Spices & Condiments,α-terpinene,Hydrocarbons,23.9,23.9
DILL BLOSSOM (Anethum graveolens L.),DILL (Anethum species),Spices & Condiments,γ-terpinene,Hydrocarbons,4.3,4.3
DILL BLOSSOM (Anethum graveolens L.),DILL (Anethum species),Spices & Condiments,terpinolene,Hydrocarbons,8.3,8.3
DILL BLOSSOM (Anethum graveolens L.),DILL (Anethum species),Spices & Condiments,limonene,Hydrocarbons,,
DILL BLOSSOM (Anethum graveolens L.),DILL (Anethum species),Spices & Condiments,germacrene D,Hydrocarbons,18.3,18.3
DILL BLOSSOM (Anethum graveolens L.),DILL (Anethum species),Spices & Condiments,α-pinene,Hydrocarbons,63.1,63.1
DILL BLOSSOM (Anethum graveolens L.),DILL (Anethum species),Spices & Condiments,β-pinene,Hydrocarbons,3,3
DILL BLOSSOM (Anethum graveolens L.),DILL (Anethum species),Spices & Condiments,camphene,Hydrocarbons,1.9,1.9
DILL BLOSSOM (Anethum graveolens L.),DILL (Anethum species),Spices & Condiments,α-thujene,Hydrocarbons,12.3,12.3
DILL BLOSSOM (Anethum graveolens L.),DILL (Anethum species),Spices & Condiments,sabinene (=4(10)-thujene),Hydrocarbons,5.5,5.5
DILL BLOSSOM (Anethum graveolens L.),DILL (Anethum species),Spices & Condiments,1-isopropyl-4-methylbenzene (=p-cymene),Hydrocarbons,15.6,15.6
DILL BLOSSOM (Anethum graveolens L.),DILL (Anethum species),Spices & Condiments,10-nonacosanone,"Carbonyls, ketones",179.2,179.2
DILL BLOSSOM (Anethum graveolens L.),DILL (Anethum species),Spices & Condiments,4-hydroxy-6-isopropyl-3-methyl-2-cyclohexen-1-one,"Carbonyls, ketones",trace,trace
DILL BLOSSOM (Anethum graveolens L.),DILL (Anethum species),Spices & Condiments,trans-dihydrocarvone,"Carbonyls, ketones",48.4,48.4
DILL BLOSSOM (Anethum graveolens L.),DILL (Anethum species),Spices & Condiments,cis-dihydrocarvone,"Carbonyls, ketones",12.1,12.1
DILL BLOSSOM (Anethum graveolens L.),DILL (Anethum species),Spices & Condiments,"carvone (=p-6,8-menthadien-2-one)","Carbonyls, ketones",651.4,651.4
DILL BLOSSOM (Anethum graveolens L.),DILL (Anethum species),Spices & Condiments,camphor (=alcanfor),"Carbonyls, ketones",1.3,1.3
DILL BLOSSOM (Anethum graveolens L.),DILL (Anethum species),Spices & Condiments,fenchone,"Carbonyls, ketones",2.3,2.3
DILL BLOSSOM (Anethum graveolens L.),DILL (Anethum species),Spices & Condiments,hexadecanoic acid (=palmitic acid),Acids,1.9,1.9
DILL BLOSSOM (Anethum graveolens L.),DILL (Anethum species),Spices & Condiments,"(Z,Z)-9,12-octadecadienoic acid (=linoleic acid)",Acids,1.6,1.6
DILL BLOSSOM (Anethum graveolens L.),DILL (Anethum species),Spices & Condiments,carvyl acetate,Esters,13.6,13.6
DILL BLOSSOM (Anethum graveolens L.),DILL (Anethum species),Spices & Condiments,2-methoxyphenol (=guaiacol),Phenols,0.8,0.8
DILL BLOSSOM (Anethum graveolens L.),DILL (Anethum species),Spices & Condiments,2-methoxy-4-vinylphenol (=4-vinylguaiacol),Phenols,trace,trace
DILL BLOSSOM (Anethum graveolens L.),DILL (Anethum species),Spices & Condiments,"2,3,3a,4,5,7a-hexahydro-3,6-dimethylbenzofuran (3S,3aS,7aR)- (=anethofuran, (3S,3aS,7aR)-dill ether)",Furans,884.6,884.6
DILL BLOSSOM (Anethum graveolens L.),DILL (Anethum species),Spices & Condiments,"limonene 1,2-oxide","(Ep)oxides, pyrans, coumarins",5.5,5.5
DILL BLOSSOM (Anethum graveolens L.),DILL (Anethum species),Spices & Condiments,"7,8-dihydro-8,8-dimethylbenzo-[1,2,b:5,4,b']dipyran-2,6-dione (=graveolone)","(Ep)oxides, pyrans, coumarins",5.8,5.8
DILL BLOSSOM (Anethum graveolens L.),DILL (Anethum species),Spices & Condiments,"trans-3-butyl-3a,4,5,6-tetrahydro-phthalide (=trans-sedanolide)",Anhydrides and phthalides,9.3,9.3
DILL BLOSSOM (Anethum graveolens L.),DILL (Anethum species),Spices & Condiments,"3-butyl-4,5-dihydrophthalide (=sedanenolide, senkyunolide)",Anhydrides and phthalides,0.8,0.8
DILL BLOSSOM (Anethum graveolens L.),DILL (Anethum species),Spices & Condiments,3-butylphthalide,Anhydrides and phthalides,2.3,2.3
LICORICE (Glycyrrhiza glabra L.),,Spices & Condiments,decane,Hydrocarbons,trace,trace
LICORICE (Glycyrrhiza glabra L.),,Spices & Condiments,undecane,Hydrocarbons,trace,trace
LICORICE (Glycyrrhiza glabra L.),,Spices & Condiments,5-methyl-2-undecene,Hydrocarbons,1.5,1.5
LICORICE (Glycyrrhiza glabra L.),,Spices & Condiments,9-methyl-3-undecene,Hydrocarbons,1.6,1.6
LICORICE (Glycyrrhiza glabra L.),,Spices & Condiments,6-methyl-3-undecene,Hydrocarbons,0.3,0.3
LICORICE (Glycyrrhiza glabra L.),,Spices & Condiments,dodecane,Hydrocarbons,trace,trace
LICORICE (Glycyrrhiza glabra L.),,Spices & Condiments,tridecane,Hydrocarbons,0.1,0.1
LICORICE (Glycyrrhiza glabra L.),,Spices & Condiments,tetradecane,Hydrocarbons,0.3,0.3
LICORICE (Glycyrrhiza glabra L.),,Spices & Condiments,pentadecane,Hydrocarbons,trace,trace
LICORICE (Glycyrrhiza glabra L.),,Spices & Condiments,hexadecane,Hydrocarbons,trace,trace
LICORICE (Glycyrrhiza glabra L.),,Spices & Condiments,heptadecane,Hydrocarbons,trace,trace
LICORICE (Glycyrrhiza glabra L.),,Spices & Condiments,octadecane,Hydrocarbons,trace,trace
LICORICE (Glycyrrhiza glabra L.),,Spices & Condiments,nonadecane,Hydrocarbons,trace,trace
LICORICE (Glycyrrhiza glabra L.),,Spices & Condiments,eicosane,Hydrocarbons,trace,trace
LICORICE (Glycyrrhiza glabra L.),,Spices & Condiments,heneicosane,Hydrocarbons,trace,trace
LICORICE (Glycyrrhiza glabra L.),,Spices & Condiments,docosane,Hydrocarbons,trace,trace
LICORICE (Glycyrrhiza glabra L.),,Spices & Condiments,tricosane,Hydrocarbons,trace,trace
LICORICE (Glycyrrhiza glabra L.),,Spices & Condiments,tetracosane,Hydrocarbons,trace,trace
LICORICE (Glycyrrhiza glabra L.),,Spices & Condiments,pentacosane,Hydrocarbons,0.4,0.4
LICORICE (Glycyrrhiza glabra L.),,Spices & Condiments,hexacosane,Hydrocarbons,,
LICORICE (Glycyrrhiza glabra L.),,Spices & Condiments,heptacosane,Hydrocarbons,,
LICORICE (Glycyrrhiza glabra L.),,Spices & Condiments,octacosane,Hydrocarbons,,
LICORICE (Glycyrrhiza glabra L.),,Spices & Condiments,dotriacontane,Hydrocarbons,,
LICORICE (Glycyrrhiza glabra L.),,Spices & Condiments,terpinolene,Hydrocarbons,,
LICORICE (Glycyrrhiza glabra L.),,Spices & Condiments,1-isopropyl-4-methylbenzene (=p-cymene),Hydrocarbons,,
LICORICE (Glycyrrhiza glabra L.),,Spices & Condiments,1-methyl-4-propenylbenzene (unkn.str.) (=4-propenyltoluene (unkn.str.)),Hydrocarbons,,
LICORICE (Glycyrrhiza glabra L.),,Spices & Condiments,"2-ethyl-1,4-dimethylbenzene",Hydrocarbons,0.7,0.7
LICORICE (Glycyrrhiza glabra L.),,Spices & Condiments,"2,3-butanediol (=2,3-butylene glycol)",Alcohols,,
LICORICE (Glycyrrhiza glabra L.),,Spices & Condiments,1-pentanol (=amyl alcohol),Alcohols,,
LICORICE (Glycyrrhiza glabra L.),,Spices & Condiments,1-hexanol,Alcohols,8,8
LICORICE (Glycyrrhiza glabra L.),,Spices & Condiments,(E)-3-hexen-1-ol,Alcohols,,
LICORICE (Glycyrrhiza glabra L.),,Spices & Condiments,"1,2-heptanediol",Alcohols,,
LICORICE (Glycyrrhiza glabra L.),,Spices & Condiments,1-octen-3-ol,Alcohols,,
LICORICE (Glycyrrhiza glabra L.),,Spices & Condiments,1-dodecanol,Alcohols,,
LICORICE (Glycyrrhiza glabra L.),,Spices & Condiments,1-pentadecanol,Alcohols,0.8,0.8
LICORICE (Glycyrrhiza glabra L.),,Spices & Condiments,1-hexadecanol (=cetanol),Alcohols,,
LICORICE (Glycyrrhiza glabra L.),,Spices & Condiments,lavandulol,Alcohols,,
LICORICE (Glycyrrhiza glabra L.),,Spices & Condiments,geraniol,Alcohols,,
LICORICE (Glycyrrhiza glabra L.),,Spices & Condiments,nerol,Alcohols,,
LICORICE (Glycyrrhiza glabra L.),,Spices & Condiments,linalool,Alcohols,1.6,1.6
LICORICE (Glycyrrhiza glabra L.),,Spices & Condiments,myrcenol,Alcohols,1.1,1.1
LICORICE (Glycyrrhiza glabra L.),,Spices & Condiments,benzyl alcohol (=benzenemethanol),Alcohols,,
LICORICE (Glycyrrhiza glabra L.),,Spices & Condiments,"4-isopropylbenzyl alcohol (=cumic alcohol, p-cymen-7-ol)",Alcohols,3.7,3.7
LICORICE (Glycyrrhiza glabra L.),,Spices & Condiments,2-phenylethanol (=phenethyl alcohol),Alcohols,1.1,1.1
LICORICE (Glycyrrhiza glabra L.),,Spices & Condiments,dimethylphenylethanol (unkn.str.),Alcohols,,
LICORICE (Glycyrrhiza glabra L.),,Spices & Condiments,"p-cymen-8-ol (=α,α,p-trimethyl-benzyl alcohol)",Alcohols,,
LICORICE (Glycyrrhiza glabra L.),,Spices & Condiments,cymenol (unkn.str.),Alcohols,,
LICORICE (Glycyrrhiza glabra L.),,Spices & Condiments,α-terpineol,Alcohols,,
LICORICE (Glycyrrhiza glabra L.),,Spices & Condiments,4-terpineol (=terpinen-4-ol),Alcohols,6.1,6.1
LICORICE (Glycyrrhiza glabra L.),,Spices & Condiments,2-hexenal,"Carbonyls, aldehydes",1.5,1.5
LICORICE (Glycyrrhiza glabra L.),,Spices & Condiments,"7-methoxy-3,7-dimethyloctanal","Carbonyls, aldehydes",0.2,0.2
LICORICE (Glycyrrhiza glabra L.),,Spices & Condiments,benzaldehyde,"Carbonyls, aldehydes",,
LICORICE (Glycyrrhiza glabra L.),,Spices & Condiments,2-hydroxy-4-methylbenzaldehyde,"Carbonyls, aldehydes",0.6,0.6
LICORICE (Glycyrrhiza glabra L.),,Spices & Condiments,phenylacetaldehyde (=benzeneacetaldehyde),"Carbonyls, aldehydes",trace,trace
LICORICE (Glycyrrhiza glabra L.),,Spices & Condiments,myrtenal,"Carbonyls, aldehydes",0.5,0.5
LICORICE (Glycyrrhiza glabra L.),,Spices & Condiments,"1-hydroxy-2-propanone (=acetol, pyruvic alcohol)","Carbonyls, ketones",,
LICORICE (Glycyrrhiza glabra L.),,Spices & Condiments,2-butanone (=ethyl methyl ketone),"Carbonyls, ketones",,
LICORICE (Glycyrrhiza glabra L.),,Spices & Condiments,4-hydroxy-2-butanone,"Carbonyls, ketones",,
LICORICE (Glycyrrhiza glabra L.),,Spices & Condiments,4-hydroxy-4-methyl-2-pentanone (=diacetone alcohol),"Carbonyls, ketones",,
LICORICE (Glycyrrhiza glabra L.),,Spices & Condiments,3-methyl-3-hepten-2-one,"Carbonyls, ketones",0.4,0.4
LICORICE (Glycyrrhiza glabra L.),,Spices & Condiments,6-methyl-5-hepten-2-one,"Carbonyls, ketones",0.1,0.1
LICORICE (Glycyrrhiza glabra L.),,Spices & Condiments,"6-methyl-3,5-heptadien-2-one","Carbonyls, ketones",2.2,2.2
LICORICE (Glycyrrhiza glabra L.),,Spices & Condiments,"3,5-octadien-2-one","Carbonyls, ketones",0.4,0.4
LICORICE (Glycyrrhiza glabra L.),,Spices & Condiments,2-methyl-3-decen-5-one,"Carbonyls, ketones",0.2,0.2
LICORICE (Glycyrrhiza glabra L.),,Spices & Condiments,"6,10-dimethyl-3,5,9-undecatrien-2-one (=ψ-ionone, pseudoionone)","Carbonyls, ketones",1.3,1.3
LICORICE (Glycyrrhiza glabra L.),,Spices & Condiments,"3-methyl-1,2-cyclopentanedione (=cyclotene)","Carbonyls, ketones",,
LICORICE (Glycyrrhiza glabra L.),,Spices & Condiments,acetophenone (=1-phenylethanone),"Carbonyls, ketones",trace,trace
LICORICE (Glycyrrhiza glabra L.),,Spices & Condiments,"2,4-dihydroxyacetophenone","Carbonyls, ketones",,
LICORICE (Glycyrrhiza glabra L.),,Spices & Condiments,"carvone (=p-6,8-menthadien-2-one)","Carbonyls, ketones",,
LICORICE (Glycyrrhiza glabra L.),,Spices & Condiments,camphor (=alcanfor),"Carbonyls, ketones",0.09,0.09
LICORICE (Glycyrrhiza glabra L.),,Spices & Condiments,fenchone,"Carbonyls, ketones",,
LICORICE (Glycyrrhiza glabra L.),,Spices & Condiments,thujone (=α-thujone),"Carbonyls, ketones",,
LICORICE (Glycyrrhiza glabra L.),,Spices & Condiments,acetic acid,Acids,1.8,1.8
LICORICE (Glycyrrhiza glabra L.),,Spices & Condiments,propanoic acid (=propionic acid),Acids,,
LICORICE (Glycyrrhiza glabra L.),,Spices & Condiments,2-methylpropanoic acid (=isobutyric acid),Acids,trace,trace
LICORICE (Glycyrrhiza glabra L.),,Spices & Condiments,butanoic acid (=butyric acid),Acids,1.6,1.6
LICORICE (Glycyrrhiza glabra L.),,Spices & Condiments,pentanoic acid (=valeric acid),Acids,3.9,3.9
LICORICE (Glycyrrhiza glabra L.),,Spices & Condiments,hexanoic acid (=caproic acid),Acids,148,148
LICORICE (Glycyrrhiza glabra L.),,Spices & Condiments,heptanoic acid (=enanthic acid),Acids,11.9,11.9
LICORICE (Glycyrrhiza glabra L.),,Spices & Condiments,octanoic acid (=caprylic acid),Acids,6.8,6.8
LICORICE (Glycyrrhiza glabra L.),,Spices & Condiments,nonanoic acid (=pelargonic acid),Acids,2.2,2.2
LICORICE (Glycyrrhiza glabra L.),,Spices & Condiments,decanoic acid (=capric acid),Acids,0.5,0.5
LICORICE (Glycyrrhiza glabra L.),,Spices & Condiments,undecanoic acid,Acids,trace,trace
LICORICE (Glycyrrhiza glabra L.),,Spices & Condiments,dodecanoic acid (=lauric acid),Acids,0.09,0.09
LICORICE (Glycyrrhiza glabra L.),,Spices & Condiments,tridecanoic acid,Acids,trace,trace
LICORICE (Glycyrrhiza glabra L.),,Spices & Condiments,tetradecanoic acid (=myristic acid),Acids,trace,trace
LICORICE (Glycyrrhiza glabra L.),,Spices & Condiments,pentadecanoic acid,Acids,trace,trace
LICORICE (Glycyrrhiza glabra L.),,Spices & Condiments,hexadecanoic acid (=palmitic acid),Acids,15.5,15.5
LICORICE (Glycyrrhiza glabra L.),,Spices & Condiments,(Z)-9-hexadecenoic acid (=palmitoleic acid),Acids,,
LICORICE (Glycyrrhiza glabra L.),,Spices & Condiments,benzoic acid,Acids,,
LICORICE (Glycyrrhiza glabra L.),,Spices & Condiments,3-phenylpropanoic acid (=hydrocinnamic acid),Acids,,
LICORICE (Glycyrrhiza glabra L.),,Spices & Condiments,hexyl formate,Esters,3.7,3.7
LICORICE (Glycyrrhiza glabra L.),,Spices & Condiments,hexadecyl acetate,Esters,0.4,0.4
LICORICE (Glycyrrhiza glabra L.),,Spices & Condiments,methyl hexanoate,Esters,0.3,0.3
LICORICE (Glycyrrhiza glabra L.),,Spices & Condiments,methyl hexadecanoate (=methyl palmitate),Esters,0.6,0.6
LICORICE (Glycyrrhiza glabra L.),,Spices & Condiments,ethyl hexadecanoate (=ethyl palmitate),Esters,,
LICORICE (Glycyrrhiza glabra L.),,Spices & Condiments,"ethyl 9,12-octadecadienoate",Esters,,
LICORICE (Glycyrrhiza glabra L.),,Spices & Condiments,"ethyl 9,12,15-octadecatrienoate",Esters,,
LICORICE (Glycyrrhiza glabra L.),,Spices & Condiments,diisobutyl hexanedioate (=(di-)isobutyl adipate),Esters,0.8,0.8
LICORICE (Glycyrrhiza glabra L.),,Spices & Condiments,ethyl phenylacetate,Esters,,
LICORICE (Glycyrrhiza glabra L.),,Spices & Condiments,dibutyl phthalate,Esters,,
LICORICE (Glycyrrhiza glabra L.),,Spices & Condiments,"4-hydroxybutanoic acid lactone (=dihydro-2(3H)-furanone, 4-butanolide, γ-butyrolactone)",Lactones,,
LICORICE (Glycyrrhiza glabra L.),,Spices & Condiments,"4-hydroxy-4-methylpentanoic acid lactone (=4,4-dimethyl-butanolide)",Lactones,0.8,0.8
LICORICE (Glycyrrhiza glabra L.),,Spices & Condiments,"4-hydroxyhexanoic acid lactone (=γ-hexalactone, γ-caprolactone, 4-hexanolide)",Lactones,,
LICORICE (Glycyrrhiza glabra L.),,Spices & Condiments,"4-hydroxyheptanoic acid lactone (=4-heptanolide, γ-heptalactone)",Lactones,,
LICORICE (Glycyrrhiza glabra L.),,Spices & Condiments,"4-hydroxyoctanoic acid lactone (=4-octanolide, γ-octalactone, 5-butyldihydro-2(3H)-furanone)",Lactones,,
LICORICE (Glycyrrhiza glabra L.),,Spices & Condiments,"4-hydroxynonanoic acid lactone (=4-nonanolide, γ-nonalactone)",Lactones,6.3,6.3
LICORICE (Glycyrrhiza glabra L.),,Spices & Condiments,1-methyl-2-pyrrolidone,Bases,5,5
LICORICE (Glycyrrhiza glabra L.),,Spices & Condiments,1-methyl-2-pyrrolecarbaldehyde (=2-formyl-1-methylpyrrole),Bases,,
LICORICE (Glycyrrhiza glabra L.),,Spices & Condiments,5-methyl-2-pyrrolecarbaldehyde (=2-formyl-5-methylpyrrole),Bases,,
LICORICE (Glycyrrhiza glabra L.),,Spices & Condiments,1-furfuryl-2-pyrrolecarbaldehyde (=2-formyl-1-furfurylpyrrole),Bases,,
LICORICE (Glycyrrhiza glabra L.),,Spices & Condiments,2-acetylpyrrole (=methyl 2-pyrrolyl ketone),Bases,,
LICORICE (Glycyrrhiza glabra L.),,Spices & Condiments,2-acetyl-1-furfurylpyrrole,Bases,,
LICORICE (Glycyrrhiza glabra L.),,Spices & Condiments,indole,Bases,2.1,2.1
LICORICE (Glycyrrhiza glabra L.),,Spices & Condiments,"2,6-dimethylpyrazine",Bases,,
LICORICE (Glycyrrhiza glabra L.),,Spices & Condiments,2-ethyl-6-methylpyrazine,Bases,,
LICORICE (Glycyrrhiza glabra L.),,Spices & Condiments,trimethylpyrazine,Bases,,
LICORICE (Glycyrrhiza glabra L.),,Spices & Condiments,tetramethylpyrazine,Bases,,
LICORICE (Glycyrrhiza glabra L.),,Spices & Condiments,isobutyl methyl ether (=1-methoxy-2-methylpropane),Ethers,1.5,1.5
LICORICE (Glycyrrhiza glabra L.),,Spices & Condiments,2-methylbenzonitrile (=o-tolunitrile),Nitriles and amides,1.3,1.3
LICORICE (Glycyrrhiza glabra L.),,Spices & Condiments,phenol (=hydroxybenzene),Phenols,,
LICORICE (Glycyrrhiza glabra L.),,Spices & Condiments,2-methylphenol (=o-cresol),Phenols,0.2,0.2
LICORICE (Glycyrrhiza glabra L.),,Spices & Condiments,methylphenol (unkn.str.) (=cresol (unkn.str.)),Phenols,,
LICORICE (Glycyrrhiza glabra L.),,Spices & Condiments,ethylphenol (unkn.str.),Phenols,,
LICORICE (Glycyrrhiza glabra L.),,Spices & Condiments,2-(2-methylallyl)phenol,Phenols,0.8,0.8
LICORICE (Glycyrrhiza glabra L.),,Spices & Condiments,5-methyl-2-propylphenol,Phenols,0.3,0.3
LICORICE (Glycyrrhiza glabra L.),,Spices & Condiments,thymol (=2-isopropyl-5-methylphenol),Phenols,,
LICORICE (Glycyrrhiza glabra L.),,Spices & Condiments,carvacrol (=5-isopropyl-2-methylphenol),Phenols,1.9,1.9
LICORICE (Glycyrrhiza glabra L.),,Spices & Condiments,2-tert-butyl-5-methylphenol,Phenols,,
LICORICE (Glycyrrhiza glabra L.),,Spices & Condiments,1-methoxy-4-isopropylcyclohexane,Phenols,1.8,1.8
LICORICE (Glycyrrhiza glabra L.),,Spices & Condiments,1-isopropyl-4-methoxybenzene,Phenols,0.4,0.4
LICORICE (Glycyrrhiza glabra L.),,Spices & Condiments,"1-allyl-4-methoxybenzene (=estragole, methylchavicol)",Phenols,0.8,0.8
LICORICE (Glycyrrhiza glabra L.),,Spices & Condiments,anethole (=1-methoxy-4-(1-propenyl)benzene),Phenols,1.1,1.1
LICORICE (Glycyrrhiza glabra L.),,Spices & Condiments,2-methoxyphenol (=guaiacol),Phenols,trace,trace
LICORICE (Glycyrrhiza glabra L.),,Spices & Condiments,4-methoxyphenol,Phenols,,
LICORICE (Glycyrrhiza glabra L.),,Spices & Condiments,eugenol (=4-allyl-2-methoxyphenol),Phenols,1,1
LICORICE (Glycyrrhiza glabra L.),,Spices & Condiments,"linalool oxide B (cis, 5-ring)",Furans,,
LICORICE (Glycyrrhiza glabra L.),,Spices & Condiments,"linalool oxide A (trans, 5-ring)",Furans,,
LICORICE (Glycyrrhiza glabra L.),,Spices & Condiments,"4-methyl-2,3-dihydrofuran",Furans,1.8,1.8
LICORICE (Glycyrrhiza glabra L.),,Spices & Condiments,2-pentylfuran,Furans,2,2
LICORICE (Glycyrrhiza glabra L.),,Spices & Condiments,"2,2'-methylenebisfuran (=2,2-difurylmethane)",Furans,,
LICORICE (Glycyrrhiza glabra L.),,Spices & Condiments,"2,3-dihydrobenzofuran (=coumaran)",Furans,0.7,0.7
LICORICE (Glycyrrhiza glabra L.),,Spices & Condiments,"furfural (=2-formylfuran, 2-furancarbaldehyde, 2-furaldehyde)",Furans,1.6,1.6
LICORICE (Glycyrrhiza glabra L.),,Spices & Condiments,5-methylfurfural,Furans,,
LICORICE (Glycyrrhiza glabra L.),,Spices & Condiments,2-methyldihydro-3(2H)-furanone,Furans,,
LICORICE (Glycyrrhiza glabra L.),,Spices & Condiments,"5-methyl-2(3H)-furanone (=4-hydroxy-3-pentenoic acid lactone, α-angelica lactone)",Furans,,
LICORICE (Glycyrrhiza glabra L.),,Spices & Condiments,acetylfuran (unkn.str.),Furans,,
LICORICE (Glycyrrhiza glabra L.),,Spices & Condiments,2-acetyl-5-methylfuran,Furans,,
LICORICE (Glycyrrhiza glabra L.),,Spices & Condiments,propanoylfuran (unkn.str.),Furans,,
LICORICE (Glycyrrhiza glabra L.),,Spices & Condiments,"1-(5-methyl-2-furyl)-1,2-propanedione",Furans,,
LICORICE (Glycyrrhiza glabra L.),,Spices & Condiments,"furfuryl alcohol (=(2-furyl)-methanol, 2-furanmethanol)",Furans,,
LICORICE (Glycyrrhiza glabra L.),,Spices & Condiments,furfuryl formate,Furans,,
LICORICE (Glycyrrhiza glabra L.),,Spices & Condiments,furfuryl acetate (=2-furanmethanol acetate),Furans,,
LICORICE (Glycyrrhiza glabra L.),,Spices & Condiments,furfuryl propanoate,Furans,,
LICORICE (Glycyrrhiza glabra L.),,Spices & Condiments,furfuryl butanoate,Furans,,
LICORICE (Glycyrrhiza glabra L.),,Spices & Condiments,difurfuryl ether,Furans,,
LICORICE (Glycyrrhiza glabra L.),,Spices & Condiments,linalool oxide (unkn.str.),"(Ep)oxides, pyrans, coumarins",,
LICORICE (Glycyrrhiza glabra L.),,Spices & Condiments,5-pentyl-2-pyrone,"(Ep)oxides, pyrans, coumarins",0.9,0.9
LICORICE (Glycyrrhiza glabra L.),,Spices & Condiments,3-hydroxy-2-methyl-4-pyrone (=maltol),"(Ep)oxides, pyrans, coumarins",,
LICORICE (Glycyrrhiza glabra L.),,Spices & Condiments,"3,4-dihydro-8-hydroxy-3-methyl-coumarin","(Ep)oxides, pyrans, coumarins",,
MATSUTAKE (Tricholoma matsutake),,Fungi,limonene,Hydrocarbons,,
MATSUTAKE (Tricholoma matsutake),,Fungi,α-pinene,Hydrocarbons,,
MATSUTAKE (Tricholoma matsutake),,Fungi,δ-cadinene,Hydrocarbons,,
MATSUTAKE (Tricholoma matsutake),,Fungi,1-isopropyl-4-methylbenzene (=p-cymene),Hydrocarbons,,
MATSUTAKE (Tricholoma matsutake),,Fungi,naphthalene,Hydrocarbons,,
MATSUTAKE (Tricholoma matsutake),,Fungi,ethanol,Alcohols,,
MATSUTAKE (Tricholoma matsutake),,Fungi,2-propanol (=isopropyl alcohol),Alcohols,,
MATSUTAKE (Tricholoma matsutake),,Fungi,1-butanol,Alcohols,,
MATSUTAKE (Tricholoma matsutake),,Fungi,3-methyl-1-butanol (=isoamyl alcohol),Alcohols,,
MATSUTAKE (Tricholoma matsutake),,Fungi,1-pentanol (=amyl alcohol),Alcohols,,
MATSUTAKE (Tricholoma matsutake),,Fungi,1-hexanol,Alcohols,,
MATSUTAKE (Tricholoma matsutake),,Fungi,(Z)-3-hexen-1-ol (=leaf alcohol),Alcohols,,
MATSUTAKE (Tricholoma matsutake),,Fungi,2-heptanol,Alcohols,,
MATSUTAKE (Tricholoma matsutake),,Fungi,1-octanol,Alcohols,,
MATSUTAKE (Tricholoma matsutake),,Fungi,3-octanol,Alcohols,,
MATSUTAKE (Tricholoma matsutake),,Fungi,(Z)-2-octen-1-ol,Alcohols,,
MATSUTAKE (Tricholoma matsutake),,Fungi,1-octen-3-ol,Alcohols,,
MATSUTAKE (Tricholoma matsutake),,Fungi,linalool,Alcohols,,
MATSUTAKE (Tricholoma matsutake),,Fungi,2-phenylethanol (=phenethyl alcohol),Alcohols,,
MATSUTAKE (Tricholoma matsutake),,Fungi,"3-phenyl-1-propanol (=benzenepropanol, dihydrocinnamic alcohol)",Alcohols,,
MATSUTAKE (Tricholoma matsutake),,Fungi,α-terpineol,Alcohols,,
MATSUTAKE (Tricholoma matsutake),,Fungi,"3-methylbutanal (=isopentanal, isovaleraldehyde)","Carbonyls, aldehydes",,
MATSUTAKE (Tricholoma matsutake),,Fungi,pentanal (=valeraldehyde),"Carbonyls, aldehydes",,
MATSUTAKE (Tricholoma matsutake),,Fungi,hexanal (=capronaldehyde),"Carbonyls, aldehydes",,
MATSUTAKE (Tricholoma matsutake),,Fungi,octanal (=caprylaldehyde),"Carbonyls, aldehydes",,
MATSUTAKE (Tricholoma matsutake),,Fungi,"(E,E)-2,4-nonadienal","Carbonyls, aldehydes",,
MATSUTAKE (Tricholoma matsutake),,Fungi,"(E,E)-2,4-decadienal","Carbonyls, aldehydes",,
MATSUTAKE (Tricholoma matsutake),,Fungi,benzaldehyde,"Carbonyls, aldehydes",,
MATSUTAKE (Tricholoma matsutake),,Fungi,phenylacetaldehyde (=benzeneacetaldehyde),"Carbonyls, aldehydes",,
MATSUTAKE (Tricholoma matsutake),,Fungi,cinnamaldehyde (=3-phenyl-2-propenal),"Carbonyls, aldehydes",,
MATSUTAKE (Tricholoma matsutake),,Fungi,2-heptanone,"Carbonyls, ketones",,
MATSUTAKE (Tricholoma matsutake),,Fungi,6-methyl-5-hepten-2-one,"Carbonyls, ketones",,
MATSUTAKE (Tricholoma matsutake),,Fungi,3-octanone,"Carbonyls, ketones",,
MATSUTAKE (Tricholoma matsutake),,Fungi,1-octen-3-one,"Carbonyls, ketones",,
MATSUTAKE (Tricholoma matsutake),,Fungi,2-decanone,"Carbonyls, ketones",,
MATSUTAKE (Tricholoma matsutake),,Fungi,2-undecanone,"Carbonyls, ketones",,
MATSUTAKE (Tricholoma matsutake),,Fungi,acetophenone (=1-phenylethanone),"Carbonyls, ketones",,
MATSUTAKE (Tricholoma matsutake),,Fungi,ethyl formate,Esters,,
MATSUTAKE (Tricholoma matsutake),,Fungi,ethyl acetate,Esters,,
MATSUTAKE (Tricholoma matsutake),,Fungi,hexyl acetate,Esters,,
MATSUTAKE (Tricholoma matsutake),,Fungi,(Z)-3-hexenyl acetate,Esters,,
MATSUTAKE (Tricholoma matsutake),,Fungi,benzyl acetate,Esters,,
MATSUTAKE (Tricholoma matsutake),,Fungi,phenethyl acetate,Esters,,
MATSUTAKE (Tricholoma matsutake),,Fungi,bornyl acetate,Esters,,
MATSUTAKE (Tricholoma matsutake),,Fungi,ethyl propanoate,Esters,,
MATSUTAKE (Tricholoma matsutake),,Fungi,ethyl 2-methylbutanoate,Esters,,
MATSUTAKE (Tricholoma matsutake),,Fungi,methyl hexanoate,Esters,,
MATSUTAKE (Tricholoma matsutake),,Fungi,methyl 2-octenoate,Esters,,
MATSUTAKE (Tricholoma matsutake),,Fungi,"methyl 2,4-decadienoate",Esters,,
MATSUTAKE (Tricholoma matsutake),,Fungi,methyl hexadecanoate (=methyl palmitate),Esters,,
MATSUTAKE (Tricholoma matsutake),,Fungi,methyl (Z)-cinnamate,Esters,,
MATSUTAKE (Tricholoma matsutake),,Fungi,methyl (E)-cinnamate,Esters,,
MATSUTAKE (Tricholoma matsutake),,Fungi,ethyl cinnamate,Esters,,
MATSUTAKE (Tricholoma matsutake),,Fungi,pyridine,Bases,,
MATSUTAKE (Tricholoma matsutake),,Fungi,2-pentylfuran,Furans,,
MATSUTAKE (Tricholoma matsutake),,Fungi,2-hexylfuran,Furans,,
MATSUTAKE (Tricholoma matsutake),,Fungi,"furfural (=2-formylfuran, 2-furancarbaldehyde, 2-furaldehyde)",Furans,,
MATSUTAKE (Tricholoma matsutake),,Fungi,"furfuryl alcohol (=(2-furyl)-methanol, 2-furanmethanol)",Furans,,
MATSUTAKE (Tricholoma matsutake),,Fungi,cis-linalool oxide (unkn.str.),"(Ep)oxides, pyrans, coumarins",,
MATSUTAKE (Tricholoma matsutake),,Fungi,trans-linalool oxide (unkn.str.),"(Ep)oxides, pyrans, coumarins",,
MATSUTAKE (Tricholoma matsutake),,Fungi,coumarin (=2H-1-benzopyran-2-one),"(Ep)oxides, pyrans, coumarins",,
,LOVAGE (Levisticum officinale Koch),Spices & Condiments,octane,Hydrocarbons,,
,LOVAGE (Levisticum officinale Koch),Spices & Condiments,octene (unkn.str.),Hydrocarbons,,
,LOVAGE (Levisticum officinale Koch),Spices & Condiments,nonane,Hydrocarbons,,
,LOVAGE (Levisticum officinale Koch),Spices & Condiments,nonene (unkn.str.),Hydrocarbons,,
,LOVAGE (Levisticum officinale Koch),Spices & Condiments,decane,Hydrocarbons,,
,LOVAGE (Levisticum officinale Koch),Spices & Condiments,decene (unkn.str.),Hydrocarbons,,
,LOVAGE (Levisticum officinale Koch),Spices & Condiments,undecane,Hydrocarbons,,
,LOVAGE (Levisticum officinale Koch),Spices & Condiments,undecene (unkn.str.),Hydrocarbons,,
,LOVAGE (Levisticum officinale Koch),Spices & Condiments,1-dodecene,Hydrocarbons,,
,LOVAGE (Levisticum officinale Koch),Spices & Condiments,(Z)-β-ocimene,Hydrocarbons,trace,92000
,LOVAGE (Levisticum officinale Koch),Spices & Condiments,(E)-β-ocimene,Hydrocarbons,0,8100
,LOVAGE (Levisticum officinale Koch),Spices & Condiments,"(4E,6E)-allo-ocimene (= (E,E-alloocimene)",Hydrocarbons,1300,1300
,LOVAGE (Levisticum officinale Koch),Spices & Condiments,β-myrcene (=myrcene),Hydrocarbons,2900,65000
,LOVAGE (Levisticum officinale Koch),Spices & Condiments,cyclohexane,Hydrocarbons,,
,LOVAGE (Levisticum officinale Koch),Spices & Condiments,"1-pentyl-1,3-cyclohexadiene",Hydrocarbons,trace,292900
,LOVAGE (Levisticum officinale Koch),Spices & Condiments,pentylcyclohexadiene (unkn.str.),Hydrocarbons,2000,127000
,LOVAGE (Levisticum officinale Koch),Spices & Condiments,pentylcyclohexane,Hydrocarbons,5400,5400
,LOVAGE (Levisticum officinale Koch),Spices & Condiments,"1,4-dimethylcyclohexane",Hydrocarbons,,
,LOVAGE (Levisticum officinale Koch),Spices & Condiments,α-phellandrene,Hydrocarbons,trace,28700
,LOVAGE (Levisticum officinale Koch),Spices & Condiments,β-phellandrene,Hydrocarbons,6200,631500
,LOVAGE (Levisticum officinale Koch),Spices & Condiments,α-terpinene,Hydrocarbons,0,3000
,LOVAGE (Levisticum officinale Koch),Spices & Condiments,γ-terpinene,Hydrocarbons,trace,9500
,LOVAGE (Levisticum officinale Koch),Spices & Condiments,terpinolene,Hydrocarbons,trace,258500
,LOVAGE (Levisticum officinale Koch),Spices & Condiments,limonene,Hydrocarbons,2300,33000
,LOVAGE (Levisticum officinale Koch),Spices & Condiments,β-elemene,Hydrocarbons,,
,LOVAGE (Levisticum officinale Koch),Spices & Condiments,β-bisabolene,Hydrocarbons,1100,5000
,LOVAGE (Levisticum officinale Koch),Spices & Condiments,germacrene D,Hydrocarbons,trace,11200
,LOVAGE (Levisticum officinale Koch),Spices & Condiments,α-pinene,Hydrocarbons,trace,78700
,LOVAGE (Levisticum officinale Koch),Spices & Condiments,β-pinene,Hydrocarbons,trace,86800
,LOVAGE (Levisticum officinale Koch),Spices & Condiments,camphene,Hydrocarbons,trace,26600
,LOVAGE (Levisticum officinale Koch),Spices & Condiments,α-fenchene,Hydrocarbons,,
,LOVAGE (Levisticum officinale Koch),Spices & Condiments,α-thujene,Hydrocarbons,400,1100
,LOVAGE (Levisticum officinale Koch),Spices & Condiments,sabinene (=4(10)-thujene),Hydrocarbons,trace,19900
,LOVAGE (Levisticum officinale Koch),Spices & Condiments,3-carene,Hydrocarbons,,
,LOVAGE (Levisticum officinale Koch),Spices & Condiments,γ-cadinene,Hydrocarbons,,
,LOVAGE (Levisticum officinale Koch),Spices & Condiments,δ-cadinene,Hydrocarbons,1000,3000
,LOVAGE (Levisticum officinale Koch),Spices & Condiments,α-muurolene,Hydrocarbons,3000,3000
,LOVAGE (Levisticum officinale Koch),Spices & Condiments,"α-selinene (=5β,7α,10α-selina-3,11-diene)",Hydrocarbons,1300,1300
,LOVAGE (Levisticum officinale Koch),Spices & Condiments,"β-selinene (=4(14),11-selinadiene)",Hydrocarbons,700,5700
,LOVAGE (Levisticum officinale Koch),Spices & Condiments,δ-selinene,Hydrocarbons,1000,1000
,LOVAGE (Levisticum officinale Koch),Spices & Condiments,"4,11-selinadiene",Hydrocarbons,,
,LOVAGE (Levisticum officinale Koch),Spices & Condiments,γ-valencene,Hydrocarbons,,
,LOVAGE (Levisticum officinale Koch),Spices & Condiments,δ-guaiene (=α-bulnesene),Hydrocarbons,1500,1500
,LOVAGE (Levisticum officinale Koch),Spices & Condiments,guaiene (unkn.str.),Hydrocarbons,1900,1900
,LOVAGE (Levisticum officinale Koch),Spices & Condiments,β-caryophyllene,Hydrocarbons,,
,LOVAGE (Levisticum officinale Koch),Spices & Condiments,α-cubebene,Hydrocarbons,,
,LOVAGE (Levisticum officinale Koch),Spices & Condiments,β-cubebene,Hydrocarbons,1100,8400
,LOVAGE (Levisticum officinale Koch),Spices & Condiments,α-copaene (=copaene),Hydrocarbons,400,3900
,LOVAGE (Levisticum officinale Koch),Spices & Condiments,α-gurjunene,Hydrocarbons,1000,1000
,LOVAGE (Levisticum officinale Koch),Spices & Condiments,tricyclene,Hydrocarbons,,
,LOVAGE (Levisticum officinale Koch),Spices & Condiments,methylbenzene (=toluene),Hydrocarbons,,
,LOVAGE (Levisticum officinale Koch),Spices & Condiments,isopropylbenzene (=cumene),Hydrocarbons,,
,LOVAGE (Levisticum officinale Koch),Spices & Condiments,butylbenzene,Hydrocarbons,,
,LOVAGE (Levisticum officinale Koch),Spices & Condiments,pentylbenzene,Hydrocarbons,300,6800
,LOVAGE (Levisticum officinale Koch),Spices & Condiments,hexylbenzene,Hydrocarbons,,
,LOVAGE (Levisticum officinale Koch),Spices & Condiments,1-ethyl-2-methylbenzene (=o-ethyltoluene),Hydrocarbons,,
,LOVAGE (Levisticum officinale Koch),Spices & Condiments,1-methyl-2-propylbenzene,Hydrocarbons,,
,LOVAGE (Levisticum officinale Koch),Spices & Condiments,1-isopropyl-4-methylbenzene (=p-cymene),Hydrocarbons,trace,8000
,LOVAGE (Levisticum officinale Koch),Spices & Condiments,"1,2,4-trimethylbenzene (=pseudocumene)",Hydrocarbons,,
,LOVAGE (Levisticum officinale Koch),Spices & Condiments,2-methyl-1-propanol (=isobutanol),Alcohols,,
,LOVAGE (Levisticum officinale Koch),Spices & Condiments,1-butanol,Alcohols,,
,LOVAGE (Levisticum officinale Koch),Spices & Condiments,1-pentanol (=amyl alcohol),Alcohols,,
,LOVAGE (Levisticum officinale Koch),Spices & Condiments,(Z)-2-penten-1-ol,Alcohols,,
,LOVAGE (Levisticum officinale Koch),Spices & Condiments,(E)-2-penten-1-ol,Alcohols,,
,LOVAGE (Levisticum officinale Koch),Spices & Condiments,(Z)-3-penten-1-ol,Alcohols,,
,LOVAGE (Levisticum officinale Koch),Spices & Condiments,1-penten-3-ol,Alcohols,,
,LOVAGE (Levisticum officinale Koch),Spices & Condiments,2-methyl-3-pentanol,Alcohols,,
,LOVAGE (Levisticum officinale Koch),Spices & Condiments,1-hexanol,Alcohols,,
,LOVAGE (Levisticum officinale Koch),Spices & Condiments,2-hexanol,Alcohols,,
,LOVAGE (Levisticum officinale Koch),Spices & Condiments,(E)-2-hexen-1-ol,Alcohols,,
,LOVAGE (Levisticum officinale Koch),Spices & Condiments,(Z)-2-hexen-1-ol,Alcohols,,
,LOVAGE (Levisticum officinale Koch),Spices & Condiments,(Z)-3-hexen-1-ol (=leaf alcohol),Alcohols,,
,LOVAGE (Levisticum officinale Koch),Spices & Condiments,1-octanol,Alcohols,,
,LOVAGE (Levisticum officinale Koch),Spices & Condiments,geraniol,Alcohols,,
,LOVAGE (Levisticum officinale Koch),Spices & Condiments,linalool,Alcohols,1000,16200
,LOVAGE (Levisticum officinale Koch),Spices & Condiments,"4-isopropylbenzyl alcohol (=cumic alcohol, p-cymen-7-ol)",Alcohols,,
,LOVAGE (Levisticum officinale Koch),Spices & Condiments,α-terpineol,Alcohols,1100,6200
,LOVAGE (Levisticum officinale Koch),Spices & Condiments,4-terpineol (=terpinen-4-ol),Alcohols,,
,LOVAGE (Levisticum officinale Koch),Spices & Condiments,"trans-p-2,8-menthadien-1-ol",Alcohols,,
,LOVAGE (Levisticum officinale Koch),Spices & Condiments,α-cadinol,Alcohols,2800,2800
,LOVAGE (Levisticum officinale Koch),Spices & Condiments,butanal (=butyraldehyde),"Carbonyls, aldehydes",,
,LOVAGE (Levisticum officinale Koch),Spices & Condiments,(E)-2-butenal,"Carbonyls, aldehydes",,
,LOVAGE (Levisticum officinale Koch),Spices & Condiments,2-methylbutanal (=α-methylbutanal),"Carbonyls, aldehydes",,
,LOVAGE (Levisticum officinale Koch),Spices & Condiments,"3-methylbutanal (=isopentanal, isovaleraldehyde)","Carbonyls, aldehydes",,
,LOVAGE (Levisticum officinale Koch),Spices & Condiments,pentanal (=valeraldehyde),"Carbonyls, aldehydes",,
,LOVAGE (Levisticum officinale Koch),Spices & Condiments,(E)-2-pentenal,"Carbonyls, aldehydes",,
,LOVAGE (Levisticum officinale Koch),Spices & Condiments,hexanal (=capronaldehyde),"Carbonyls, aldehydes",,
,LOVAGE (Levisticum officinale Koch),Spices & Condiments,(E)-2-hexenal (=leaf aldehyde),"Carbonyls, aldehydes",,
,LOVAGE (Levisticum officinale Koch),Spices & Condiments,(Z)-2-hexenal,"Carbonyls, aldehydes",,
,LOVAGE (Levisticum officinale Koch),Spices & Condiments,(Z)-3-hexenal,"Carbonyls, aldehydes",,
,LOVAGE (Levisticum officinale Koch),Spices & Condiments,"(E,E)-2,4-hexadienal","Carbonyls, aldehydes",,
,LOVAGE (Levisticum officinale Koch),Spices & Condiments,heptanal,"Carbonyls, aldehydes",,
,LOVAGE (Levisticum officinale Koch),Spices & Condiments,octanal (=caprylaldehyde),"Carbonyls, aldehydes",4300,4300
,LOVAGE (Levisticum officinale Koch),Spices & Condiments,(E)-2-octenal,"Carbonyls, aldehydes",,
,LOVAGE (Levisticum officinale Koch),Spices & Condiments,nonanal (=pelargonaldehyde),"Carbonyls, aldehydes",,
,LOVAGE (Levisticum officinale Koch),Spices & Condiments,(E)-2-nonenal,"Carbonyls, aldehydes",,
,LOVAGE (Levisticum officinale Koch),Spices & Condiments,decanal (=capraldehyde),"Carbonyls, aldehydes",,
,LOVAGE (Levisticum officinale Koch),Spices & Condiments,(E)-2-decenal,"Carbonyls, aldehydes",,
,LOVAGE (Levisticum officinale Koch),Spices & Condiments,dodecanal,"Carbonyls, aldehydes",,
,LOVAGE (Levisticum officinale Koch),Spices & Condiments,"citronellal (=3,7-dimethyl-6-octenal)","Carbonyls, aldehydes",,
,LOVAGE (Levisticum officinale Koch),Spices & Condiments,geranial (=α-citral),"Carbonyls, aldehydes",,
,LOVAGE (Levisticum officinale Koch),Spices & Condiments,neral (=β-citral),"Carbonyls, aldehydes",,
,LOVAGE (Levisticum officinale Koch),Spices & Condiments,benzaldehyde,"Carbonyls, aldehydes",,
,LOVAGE (Levisticum officinale Koch),Spices & Condiments,4-isopropylbenzaldehyde (=cuminaldehyde),"Carbonyls, aldehydes",,
,LOVAGE (Levisticum officinale Koch),Spices & Condiments,phenylacetaldehyde (=benzeneacetaldehyde),"Carbonyls, aldehydes",,
,LOVAGE (Levisticum officinale Koch),Spices & Condiments,phellandral,"Carbonyls, aldehydes",,
,LOVAGE (Levisticum officinale Koch),Spices & Condiments,2-butanone (=ethyl methyl ketone),"Carbonyls, ketones",,
,LOVAGE (Levisticum officinale Koch),Spices & Condiments,3-hydroxy-2-butanone (=acetoin),"Carbonyls, ketones",,
,LOVAGE (Levisticum officinale Koch),Spices & Condiments,3-pentanone,"Carbonyls, ketones",,
,LOVAGE (Levisticum officinale Koch),Spices & Condiments,1-penten-3-one,"Carbonyls, ketones",,
,LOVAGE (Levisticum officinale Koch),Spices & Condiments,"2,3-octanedione","Carbonyls, ketones",,
,LOVAGE (Levisticum officinale Koch),Spices & Condiments,4-isopropyl-2-cyclohexen-1-one (=cryptone),"Carbonyls, ketones",900,1700
,LOVAGE (Levisticum officinale Koch),Spices & Condiments,(E)-β-ionone,"Carbonyls, ketones",,
,LOVAGE (Levisticum officinale Koch),Spices & Condiments,1-phenyl-1-pentanone (=valerophenone),"Carbonyls, ketones",,
,LOVAGE (Levisticum officinale Koch),Spices & Condiments,fenchone,"Carbonyls, ketones",,
,LOVAGE (Levisticum officinale Koch),Spices & Condiments,citronellyl formate,Esters,,
,LOVAGE (Levisticum officinale Koch),Spices & Condiments,ethyl acetate,Esters,,
,LOVAGE (Levisticum officinale Koch),Spices & Condiments,hexyl acetate,Esters,,
,LOVAGE (Levisticum officinale Koch),Spices & Condiments,(Z)-3-hexenyl acetate,Esters,,
,LOVAGE (Levisticum officinale Koch),Spices & Condiments,octyl acetate,Esters,,
,LOVAGE (Levisticum officinale Koch),Spices & Condiments,geranyl acetate,Esters,0,9700
,LOVAGE (Levisticum officinale Koch),Spices & Condiments,neryl acetate,Esters,,
,LOVAGE (Levisticum officinale Koch),Spices & Condiments,linalyl acetate,Esters,,
,LOVAGE (Levisticum officinale Koch),Spices & Condiments,α-terpinyl acetate,Esters,400,644300
,LOVAGE (Levisticum officinale Koch),Spices & Condiments,bornyl acetate,Esters,1000,2700
,LOVAGE (Levisticum officinale Koch),Spices & Condiments,fenchyl acetate,Esters,,
,LOVAGE (Levisticum officinale Koch),Spices & Condiments,(E)-2-hexenyl butanoate,Esters,,
,LOVAGE (Levisticum officinale Koch),Spices & Condiments,(Z)-3-hexenyl butanoate,Esters,,
,LOVAGE (Levisticum officinale Koch),Spices & Condiments,2-methylbutyl 2-methylbutanoate,Esters,,
,LOVAGE (Levisticum officinale Koch),Spices & Condiments,pentyl 3-methylbutanoate (=amyl isovalerate),Esters,,
,LOVAGE (Levisticum officinale Koch),Spices & Condiments,geranyl 3-methylbutanoate (=geranyl isovalerate),Esters,2000,2000
,LOVAGE (Levisticum officinale Koch),Spices & Condiments,isobornyl 3-methylbutanoate,Esters,2000,2000
,LOVAGE (Levisticum officinale Koch),Spices & Condiments,isopentyl 2-methyl-2-butenoate,Esters,,
,LOVAGE (Levisticum officinale Koch),Spices & Condiments,"1,8-cineole (=eucalyptol)",Ethers,,
,LOVAGE (Levisticum officinale Koch),Spices & Condiments,thymol (=2-isopropyl-5-methylphenol),Phenols,0,12300
,LOVAGE (Levisticum officinale Koch),Spices & Condiments,carvacrol (=5-isopropyl-2-methylphenol),Phenols,0,31900
,LOVAGE (Levisticum officinale Koch),Spices & Condiments,2-methoxy-4-vinylphenol (=4-vinylguaiacol),Phenols,1800,1800
,LOVAGE (Levisticum officinale Koch),Spices & Condiments,"methyleugenol (=4-allyl-1,2-dimethoxybenzene)",Phenols,,
,LOVAGE (Levisticum officinale Koch),Spices & Condiments,"6-allyl-4-methoxy-1,3-benzodioxole (=myristicin)",Phenols,,
,LOVAGE (Levisticum officinale Koch),Spices & Condiments,"5-allyl-4,7-dimethoxy-1,3-benzodioxole (=apiole, parsley apiole)",Phenols,,
,LOVAGE (Levisticum officinale Koch),Spices & Condiments,2-ethylfuran,Furans,,
,LOVAGE (Levisticum officinale Koch),Spices & Condiments,davana furan,Furans,,
,LOVAGE (Levisticum officinale Koch),Spices & Condiments,terpinolene oxide (unkn.str.),"(Ep)oxides, pyrans, coumarins",,
,LOVAGE (Levisticum officinale Koch),Spices & Condiments,limonene oxide (unkn.str.),"(Ep)oxides, pyrans, coumarins",,
,LOVAGE (Levisticum officinale Koch),Spices & Condiments,"cis-4,5-dihydro-3-(1-propylidene)-phthalide",Anhydrides and phthalides,,
,LOVAGE (Levisticum officinale Koch),Spices & Condiments,(Z)-3-(1-propylidene)phthalide,Anhydrides and phthalides,,
,LOVAGE (Levisticum officinale Koch),Spices & Condiments,"3-butyl-3a,4,5,6-tetrahydro-phthalide (=sedanolide)",Anhydrides and phthalides,,
,LOVAGE (Levisticum officinale Koch),Spices & Condiments,"4,5-dihydro-3-pentylphthalide",Anhydrides and phthalides,,
,LOVAGE (Levisticum officinale Koch),Spices & Condiments,"4,5-dihydro-3-pentylidenephthalide",Anhydrides and phthalides,,
,LOVAGE (Levisticum officinale Koch),Spices & Condiments,"(Z)-4,5-dihydro-3-pentylidene-phthalide (=Z-ternine)",Anhydrides and phthalides,200,14000
,LOVAGE (Levisticum officinale Koch),Spices & Condiments,"(E)-4,5-dihydro-3-pentylidene-phthalide (=E-ternine)",Anhydrides and phthalides,,
,LOVAGE (Levisticum officinale Koch),Spices & Condiments,"(Z)-3,4-dihydro-3-pentylidene-phthalide",Anhydrides and phthalides,2800,2800
,LOVAGE (Levisticum officinale Koch),Spices & Condiments,"3-butyl-4,5-dihydrophthalide (=sedanenolide, senkyunolide)",Anhydrides and phthalides,,
,LOVAGE (Levisticum officinale Koch),Spices & Condiments,"3-butylidene-4,5-dihydro-phthalide (=ligustilide)",Anhydrides and phthalides,40000,249000
,LOVAGE (Levisticum officinale Koch),Spices & Condiments,"(Z)-3-butylidene-4,5-dihydro-phthalide (=Z-ligustilide)",Anhydrides and phthalides,trace,675000
,LOVAGE (Levisticum officinale Koch),Spices & Condiments,"(E)-3-butylidene-4,5-dihydro-phthalide (=E-ligustilide)",Anhydrides and phthalides,3000,13100
,LOVAGE (Levisticum officinale Koch),Spices & Condiments,3-butylphthalide,Anhydrides and phthalides,200,1800
,LOVAGE (Levisticum officinale Koch),Spices & Condiments,3-butylidenephthalide,Anhydrides and phthalides,78000,320000
,LOVAGE (Levisticum officinale Koch),Spices & Condiments,(Z)-3-butylidenephthalide,Anhydrides and phthalides,0,17800
,LOVAGE (Levisticum officinale Koch),Spices & Condiments,(E)-3-butylidenephthalide,Anhydrides and phthalides,14500,44800
LOVAGE LEAF,LOVAGE (Levisticum officinale Koch),Spices & Condiments,octane,Hydrocarbons,,
LOVAGE LEAF,LOVAGE (Levisticum officinale Koch),Spices & Condiments,nonane,Hydrocarbons,,
LOVAGE LEAF,LOVAGE (Levisticum officinale Koch),Spices & Condiments,nonene (unkn.str.),Hydrocarbons,,
LOVAGE LEAF,LOVAGE (Levisticum officinale Koch),Spices & Condiments,undecane,Hydrocarbons,,
LOVAGE LEAF,LOVAGE (Levisticum officinale Koch),Spices & Condiments,(Z)-β-ocimene,Hydrocarbons,26500,75800
LOVAGE LEAF,LOVAGE (Levisticum officinale Koch),Spices & Condiments,(E)-β-ocimene,Hydrocarbons,,
LOVAGE LEAF,LOVAGE (Levisticum officinale Koch),Spices & Condiments,β-myrcene (=myrcene),Hydrocarbons,38800,65000
LOVAGE LEAF,LOVAGE (Levisticum officinale Koch),Spices & Condiments,"1-pentyl-1,3-cyclohexadiene",Hydrocarbons,trace,trace
LOVAGE LEAF,LOVAGE (Levisticum officinale Koch),Spices & Condiments,pentylcyclohexadiene (unkn.str.),Hydrocarbons,2000,2000
LOVAGE LEAF,LOVAGE (Levisticum officinale Koch),Spices & Condiments,α-phellandrene,Hydrocarbons,trace,12000
LOVAGE LEAF,LOVAGE (Levisticum officinale Koch),Spices & Condiments,β-phellandrene,Hydrocarbons,161700,265000
LOVAGE LEAF,LOVAGE (Levisticum officinale Koch),Spices & Condiments,α-terpinene,Hydrocarbons,1000,1000
LOVAGE LEAF,LOVAGE (Levisticum officinale Koch),Spices & Condiments,γ-terpinene,Hydrocarbons,trace,9500
LOVAGE LEAF,LOVAGE (Levisticum officinale Koch),Spices & Condiments,terpinolene,Hydrocarbons,trace,10400
LOVAGE LEAF,LOVAGE (Levisticum officinale Koch),Spices & Condiments,limonene,Hydrocarbons,10200,27000
LOVAGE LEAF,LOVAGE (Levisticum officinale Koch),Spices & Condiments,β-elemene,Hydrocarbons,,
LOVAGE LEAF,LOVAGE (Levisticum officinale Koch),Spices & Condiments,germacrene D,Hydrocarbons,trace,11200
LOVAGE LEAF,LOVAGE (Levisticum officinale Koch),Spices & Condiments,α-pinene,Hydrocarbons,trace,13000
LOVAGE LEAF,LOVAGE (Levisticum officinale Koch),Spices & Condiments,β-pinene,Hydrocarbons,trace,3400
LOVAGE LEAF,LOVAGE (Levisticum officinale Koch),Spices & Condiments,camphene,Hydrocarbons,trace,2000
LOVAGE LEAF,LOVAGE (Levisticum officinale Koch),Spices & Condiments,α-fenchene,Hydrocarbons,,
LOVAGE LEAF,LOVAGE (Levisticum officinale Koch),Spices & Condiments,α-thujene,Hydrocarbons,,
LOVAGE LEAF,LOVAGE (Levisticum officinale Koch),Spices & Condiments,sabinene (=4(10)-thujene),Hydrocarbons,trace,9900
LOVAGE LEAF,LOVAGE (Levisticum officinale Koch),Spices & Condiments,3-carene,Hydrocarbons,,
LOVAGE LEAF,LOVAGE (Levisticum officinale Koch),Spices & Condiments,δ-cadinene,Hydrocarbons,,
LOVAGE LEAF,LOVAGE (Levisticum officinale Koch),Spices & Condiments,"β-selinene (=4(14),11-selinadiene)",Hydrocarbons,,
LOVAGE LEAF,LOVAGE (Levisticum officinale Koch),Spices & Condiments,"4,11-selinadiene",Hydrocarbons,,
LOVAGE LEAF,LOVAGE (Levisticum officinale Koch),Spices & Condiments,guaiene (unkn.str.),Hydrocarbons,,
LOVAGE LEAF,LOVAGE (Levisticum officinale Koch),Spices & Condiments,β-cubebene,Hydrocarbons,,
LOVAGE LEAF,LOVAGE (Levisticum officinale Koch),Spices & Condiments,tricyclene,Hydrocarbons,,
LOVAGE LEAF,LOVAGE (Levisticum officinale Koch),Spices & Condiments,methylbenzene (=toluene),Hydrocarbons,,
LOVAGE LEAF,LOVAGE (Levisticum officinale Koch),Spices & Condiments,isopropylbenzene (=cumene),Hydrocarbons,,
LOVAGE LEAF,LOVAGE (Levisticum officinale Koch),Spices & Condiments,pentylbenzene,Hydrocarbons,,
LOVAGE LEAF,LOVAGE (Levisticum officinale Koch),Spices & Condiments,1-ethyl-2-methylbenzene (=o-ethyltoluene),Hydrocarbons,,
LOVAGE LEAF,LOVAGE (Levisticum officinale Koch),Spices & Condiments,1-methyl-2-propylbenzene,Hydrocarbons,,
LOVAGE LEAF,LOVAGE (Levisticum officinale Koch),Spices & Condiments,1-isopropyl-4-methylbenzene (=p-cymene),Hydrocarbons,trace,1000
LOVAGE LEAF,LOVAGE (Levisticum officinale Koch),Spices & Condiments,"1,2,4-trimethylbenzene (=pseudocumene)",Hydrocarbons,,
LOVAGE LEAF,LOVAGE (Levisticum officinale Koch),Spices & Condiments,2-methyl-1-propanol (=isobutanol),Alcohols,,
LOVAGE LEAF,LOVAGE (Levisticum officinale Koch),Spices & Condiments,1-butanol,Alcohols,,
LOVAGE LEAF,LOVAGE (Levisticum officinale Koch),Spices & Condiments,1-pentanol (=amyl alcohol),Alcohols,,
LOVAGE LEAF,LOVAGE (Levisticum officinale Koch),Spices & Condiments,(Z)-2-penten-1-ol,Alcohols,,
LOVAGE LEAF,LOVAGE (Levisticum officinale Koch),Spices & Condiments,(E)-2-penten-1-ol,Alcohols,,
LOVAGE LEAF,LOVAGE (Levisticum officinale Koch),Spices & Condiments,(Z)-3-penten-1-ol,Alcohols,,
LOVAGE LEAF,LOVAGE (Levisticum officinale Koch),Spices & Condiments,1-penten-3-ol,Alcohols,,
LOVAGE LEAF,LOVAGE (Levisticum officinale Koch),Spices & Condiments,1-hexanol,Alcohols,,
LOVAGE LEAF,LOVAGE (Levisticum officinale Koch),Spices & Condiments,(E)-2-hexen-1-ol,Alcohols,,
LOVAGE LEAF,LOVAGE (Levisticum officinale Koch),Spices & Condiments,(Z)-2-hexen-1-ol,Alcohols,,
LOVAGE LEAF,LOVAGE (Levisticum officinale Koch),Spices & Condiments,(Z)-3-hexen-1-ol (=leaf alcohol),Alcohols,,
LOVAGE LEAF,LOVAGE (Levisticum officinale Koch),Spices & Condiments,geraniol,Alcohols,,
LOVAGE LEAF,LOVAGE (Levisticum officinale Koch),Spices & Condiments,linalool,Alcohols,,
LOVAGE LEAF,LOVAGE (Levisticum officinale Koch),Spices & Condiments,α-terpineol,Alcohols,,
LOVAGE LEAF,LOVAGE (Levisticum officinale Koch),Spices & Condiments,4-terpineol (=terpinen-4-ol),Alcohols,,
LOVAGE LEAF,LOVAGE (Levisticum officinale Koch),Spices & Condiments,"trans-p-2,8-menthadien-1-ol",Alcohols,,
LOVAGE LEAF,LOVAGE (Levisticum officinale Koch),Spices & Condiments,(E)-2-butenal,"Carbonyls, aldehydes",,
LOVAGE LEAF,LOVAGE (Levisticum officinale Koch),Spices & Condiments,2-methylbutanal (=α-methylbutanal),"Carbonyls, aldehydes",,
LOVAGE LEAF,LOVAGE (Levisticum officinale Koch),Spices & Condiments,"3-methylbutanal (=isopentanal, isovaleraldehyde)","Carbonyls, aldehydes",,
LOVAGE LEAF,LOVAGE (Levisticum officinale Koch),Spices & Condiments,pentanal (=valeraldehyde),"Carbonyls, aldehydes",,
LOVAGE LEAF,LOVAGE (Levisticum officinale Koch),Spices & Condiments,(E)-2-pentenal,"Carbonyls, aldehydes",,
LOVAGE LEAF,LOVAGE (Levisticum officinale Koch),Spices & Condiments,hexanal (=capronaldehyde),"Carbonyls, aldehydes",,
LOVAGE LEAF,LOVAGE (Levisticum officinale Koch),Spices & Condiments,(E)-2-hexenal (=leaf aldehyde),"Carbonyls, aldehydes",,
LOVAGE LEAF,LOVAGE (Levisticum officinale Koch),Spices & Condiments,(Z)-2-hexenal,"Carbonyls, aldehydes",,
LOVAGE LEAF,LOVAGE (Levisticum officinale Koch),Spices & Condiments,(Z)-3-hexenal,"Carbonyls, aldehydes",,
LOVAGE LEAF,LOVAGE (Levisticum officinale Koch),Spices & Condiments,"(E,E)-2,4-hexadienal","Carbonyls, aldehydes",,
LOVAGE LEAF,LOVAGE (Levisticum officinale Koch),Spices & Condiments,(E)-2-octenal,"Carbonyls, aldehydes",,
LOVAGE LEAF,LOVAGE (Levisticum officinale Koch),Spices & Condiments,decanal (=capraldehyde),"Carbonyls, aldehydes",,
LOVAGE LEAF,LOVAGE (Levisticum officinale Koch),Spices & Condiments,dodecanal,"Carbonyls, aldehydes",,
LOVAGE LEAF,LOVAGE (Levisticum officinale Koch),Spices & Condiments,geranial (=α-citral),"Carbonyls, aldehydes",,
LOVAGE LEAF,LOVAGE (Levisticum officinale Koch),Spices & Condiments,neral (=β-citral),"Carbonyls, aldehydes",,
LOVAGE LEAF,LOVAGE (Levisticum officinale Koch),Spices & Condiments,benzaldehyde,"Carbonyls, aldehydes",,
LOVAGE LEAF,LOVAGE (Levisticum officinale Koch),Spices & Condiments,4-isopropylbenzaldehyde (=cuminaldehyde),"Carbonyls, aldehydes",,
LOVAGE LEAF,LOVAGE (Levisticum officinale Koch),Spices & Condiments,2-butanone (=ethyl methyl ketone),"Carbonyls, ketones",,
LOVAGE LEAF,LOVAGE (Levisticum officinale Koch),Spices & Condiments,3-hydroxy-2-butanone (=acetoin),"Carbonyls, ketones",,
LOVAGE LEAF,LOVAGE (Levisticum officinale Koch),Spices & Condiments,3-pentanone,"Carbonyls, ketones",,
LOVAGE LEAF,LOVAGE (Levisticum officinale Koch),Spices & Condiments,1-penten-3-one,"Carbonyls, ketones",,
LOVAGE LEAF,LOVAGE (Levisticum officinale Koch),Spices & Condiments,"2,3-octanedione","Carbonyls, ketones",,
LOVAGE LEAF,LOVAGE (Levisticum officinale Koch),Spices & Condiments,4-isopropyl-2-cyclohexen-1-one (=cryptone),"Carbonyls, ketones",,
LOVAGE LEAF,LOVAGE (Levisticum officinale Koch),Spices & Condiments,(E)-β-ionone,"Carbonyls, ketones",,
LOVAGE LEAF,LOVAGE (Levisticum officinale Koch),Spices & Condiments,fenchone,"Carbonyls, ketones",,
LOVAGE LEAF,LOVAGE (Levisticum officinale Koch),Spices & Condiments,ethyl acetate,Esters,,
LOVAGE LEAF,LOVAGE (Levisticum officinale Koch),Spices & Condiments,hexyl acetate,Esters,,
LOVAGE LEAF,LOVAGE (Levisticum officinale Koch),Spices & Condiments,(Z)-3-hexenyl acetate,Esters,,
LOVAGE LEAF,LOVAGE (Levisticum officinale Koch),Spices & Condiments,octyl acetate,Esters,,
LOVAGE LEAF,LOVAGE (Levisticum officinale Koch),Spices & Condiments,geranyl acetate,Esters,0,9700
LOVAGE LEAF,LOVAGE (Levisticum officinale Koch),Spices & Condiments,neryl acetate,Esters,,
LOVAGE LEAF,LOVAGE (Levisticum officinale Koch),Spices & Condiments,linalyl acetate,Esters,,
LOVAGE LEAF,LOVAGE (Levisticum officinale Koch),Spices & Condiments,α-terpinyl acetate,Esters,351000,644300
LOVAGE LEAF,LOVAGE (Levisticum officinale Koch),Spices & Condiments,bornyl acetate,Esters,,
LOVAGE LEAF,LOVAGE (Levisticum officinale Koch),Spices & Condiments,fenchyl acetate,Esters,,
LOVAGE LEAF,LOVAGE (Levisticum officinale Koch),Spices & Condiments,2-methylbutyl 2-methylbutanoate,Esters,,
LOVAGE LEAF,LOVAGE (Levisticum officinale Koch),Spices & Condiments,geranyl 3-methylbutanoate (=geranyl isovalerate),Esters,,
LOVAGE LEAF,LOVAGE (Levisticum officinale Koch),Spices & Condiments,"1,8-cineole (=eucalyptol)",Ethers,,
LOVAGE LEAF,LOVAGE (Levisticum officinale Koch),Spices & Condiments,thymol (=2-isopropyl-5-methylphenol),Phenols,0,12300
LOVAGE LEAF,LOVAGE (Levisticum officinale Koch),Spices & Condiments,carvacrol (=5-isopropyl-2-methylphenol),Phenols,0,31900
LOVAGE LEAF,LOVAGE (Levisticum officinale Koch),Spices & Condiments,2-ethylfuran,Furans,,
LOVAGE LEAF,LOVAGE (Levisticum officinale Koch),Spices & Condiments,davana furan,Furans,,
LOVAGE LEAF,LOVAGE (Levisticum officinale Koch),Spices & Condiments,terpinolene oxide (unkn.str.),"(Ep)oxides, pyrans, coumarins",,
LOVAGE LEAF,LOVAGE (Levisticum officinale Koch),Spices & Condiments,limonene oxide (unkn.str.),"(Ep)oxides, pyrans, coumarins",,
LOVAGE LEAF,LOVAGE (Levisticum officinale Koch),Spices & Condiments,"(Z)-4,5-dihydro-3-pentylidene-phthalide (=Z-ternine)",Anhydrides and phthalides,,
LOVAGE LEAF,LOVAGE (Levisticum officinale Koch),Spices & Condiments,"3-butylidene-4,5-dihydro-phthalide (=ligustilide)",Anhydrides and phthalides,58000,59000
LOVAGE LEAF,LOVAGE (Levisticum officinale Koch),Spices & Condiments,"(Z)-3-butylidene-4,5-dihydro-phthalide (=Z-ligustilide)",Anhydrides and phthalides,trace,trace
LOVAGE LEAF,LOVAGE (Levisticum officinale Koch),Spices & Condiments,"(E)-3-butylidene-4,5-dihydro-phthalide (=E-ligustilide)",Anhydrides and phthalides,,
LOVAGE LEAF,LOVAGE (Levisticum officinale Koch),Spices & Condiments,3-butylphthalide,Anhydrides and phthalides,,
LOVAGE LEAF,LOVAGE (Levisticum officinale Koch),Spices & Condiments,3-butylidenephthalide,Anhydrides and phthalides,82000,88000
LOVAGE LEAF,LOVAGE (Levisticum officinale Koch),Spices & Condiments,(Z)-3-butylidenephthalide,Anhydrides and phthalides,,
LOVAGE SEED,LOVAGE (Levisticum officinale Koch),Spices & Condiments,nonane,Hydrocarbons,,
LOVAGE SEED,LOVAGE (Levisticum officinale Koch),Spices & Condiments,(Z)-β-ocimene,Hydrocarbons,43000,92000
LOVAGE SEED,LOVAGE (Levisticum officinale Koch),Spices & Condiments,(E)-β-ocimene,Hydrocarbons,8100,8100
LOVAGE SEED,LOVAGE (Levisticum officinale Koch),Spices & Condiments,"(4E,6E)-allo-ocimene (= (E,E-alloocimene)",Hydrocarbons,1300,1300
LOVAGE SEED,LOVAGE (Levisticum officinale Koch),Spices & Condiments,β-myrcene (=myrcene),Hydrocarbons,15000,19900
LOVAGE SEED,LOVAGE (Levisticum officinale Koch),Spices & Condiments,pentylcyclohexadiene (unkn.str.),Hydrocarbons,4000,4000
LOVAGE SEED,LOVAGE (Levisticum officinale Koch),Spices & Condiments,"1,4-dimethylcyclohexane",Hydrocarbons,,
LOVAGE SEED,LOVAGE (Levisticum officinale Koch),Spices & Condiments,α-phellandrene,Hydrocarbons,24000,28700
LOVAGE SEED,LOVAGE (Levisticum officinale Koch),Spices & Condiments,β-phellandrene,Hydrocarbons,585000,631500
LOVAGE SEED,LOVAGE (Levisticum officinale Koch),Spices & Condiments,α-terpinene,Hydrocarbons,2000,3000
LOVAGE SEED,LOVAGE (Levisticum officinale Koch),Spices & Condiments,γ-terpinene,Hydrocarbons,1000,1000
LOVAGE SEED,LOVAGE (Levisticum officinale Koch),Spices & Condiments,terpinolene,Hydrocarbons,1100,2000
LOVAGE SEED,LOVAGE (Levisticum officinale Koch),Spices & Condiments,limonene,Hydrocarbons,30600,33000
LOVAGE SEED,LOVAGE (Levisticum officinale Koch),Spices & Condiments,β-bisabolene,Hydrocarbons,5000,5000
LOVAGE SEED,LOVAGE (Levisticum officinale Koch),Spices & Condiments,germacrene D,Hydrocarbons,,
LOVAGE SEED,LOVAGE (Levisticum officinale Koch),Spices & Condiments,α-pinene,Hydrocarbons,16000,20000
LOVAGE SEED,LOVAGE (Levisticum officinale Koch),Spices & Condiments,β-pinene,Hydrocarbons,3000,5100
LOVAGE SEED,LOVAGE (Levisticum officinale Koch),Spices & Condiments,camphene,Hydrocarbons,2000,3000
LOVAGE SEED,LOVAGE (Levisticum officinale Koch),Spices & Condiments,α-fenchene,Hydrocarbons,,
LOVAGE SEED,LOVAGE (Levisticum officinale Koch),Spices & Condiments,α-thujene,Hydrocarbons,1100,1100
LOVAGE SEED,LOVAGE (Levisticum officinale Koch),Spices & Condiments,sabinene (=4(10)-thujene),Hydrocarbons,3000,8500
LOVAGE SEED,LOVAGE (Levisticum officinale Koch),Spices & Condiments,3-carene,Hydrocarbons,,
LOVAGE SEED,LOVAGE (Levisticum officinale Koch),Spices & Condiments,γ-cadinene,Hydrocarbons,,
LOVAGE SEED,LOVAGE (Levisticum officinale Koch),Spices & Condiments,δ-cadinene,Hydrocarbons,1000,1000
LOVAGE SEED,LOVAGE (Levisticum officinale Koch),Spices & Condiments,"β-selinene (=4(14),11-selinadiene)",Hydrocarbons,700,700
LOVAGE SEED,LOVAGE (Levisticum officinale Koch),Spices & Condiments,δ-selinene,Hydrocarbons,1000,1000
LOVAGE SEED,LOVAGE (Levisticum officinale Koch),Spices & Condiments,guaiene (unkn.str.),Hydrocarbons,,
LOVAGE SEED,LOVAGE (Levisticum officinale Koch),Spices & Condiments,β-caryophyllene,Hydrocarbons,,
LOVAGE SEED,LOVAGE (Levisticum officinale Koch),Spices & Condiments,α-copaene (=copaene),Hydrocarbons,400,400
LOVAGE SEED,LOVAGE (Levisticum officinale Koch),Spices & Condiments,α-gurjunene,Hydrocarbons,1000,1000
LOVAGE SEED,LOVAGE (Levisticum officinale Koch),Spices & Condiments,tricyclene,Hydrocarbons,,
LOVAGE SEED,LOVAGE (Levisticum officinale Koch),Spices & Condiments,pentylbenzene,Hydrocarbons,300,300
LOVAGE SEED,LOVAGE (Levisticum officinale Koch),Spices & Condiments,1-isopropyl-4-methylbenzene (=p-cymene),Hydrocarbons,1700,8000
LOVAGE SEED,LOVAGE (Levisticum officinale Koch),Spices & Condiments,linalool,Alcohols,1000,1000
LOVAGE SEED,LOVAGE (Levisticum officinale Koch),Spices & Condiments,"4-isopropylbenzyl alcohol (=cumic alcohol, p-cymen-7-ol)",Alcohols,,
LOVAGE SEED,LOVAGE (Levisticum officinale Koch),Spices & Condiments,α-terpineol,Alcohols,1100,1100
LOVAGE SEED,LOVAGE (Levisticum officinale Koch),Spices & Condiments,4-terpineol (=terpinen-4-ol),Alcohols,,
LOVAGE SEED,LOVAGE (Levisticum officinale Koch),Spices & Condiments,butanal (=butyraldehyde),"Carbonyls, aldehydes",,
LOVAGE SEED,LOVAGE (Levisticum officinale Koch),Spices & Condiments,hexanal (=capronaldehyde),"Carbonyls, aldehydes",,
LOVAGE SEED,LOVAGE (Levisticum officinale Koch),Spices & Condiments,4-isopropylbenzaldehyde (=cuminaldehyde),"Carbonyls, aldehydes",,
LOVAGE SEED,LOVAGE (Levisticum officinale Koch),Spices & Condiments,phellandral,"Carbonyls, aldehydes",,
LOVAGE SEED,LOVAGE (Levisticum officinale Koch),Spices & Condiments,4-isopropyl-2-cyclohexen-1-one (=cryptone),"Carbonyls, ketones",1700,1700
LOVAGE SEED,LOVAGE (Levisticum officinale Koch),Spices & Condiments,1-phenyl-1-pentanone (=valerophenone),"Carbonyls, ketones",,
LOVAGE SEED,LOVAGE (Levisticum officinale Koch),Spices & Condiments,geranyl acetate,Esters,,
LOVAGE SEED,LOVAGE (Levisticum officinale Koch),Spices & Condiments,linalyl acetate,Esters,,
LOVAGE SEED,LOVAGE (Levisticum officinale Koch),Spices & Condiments,α-terpinyl acetate,Esters,30700,44000
LOVAGE SEED,LOVAGE (Levisticum officinale Koch),Spices & Condiments,bornyl acetate,Esters,1000,1000
LOVAGE SEED,LOVAGE (Levisticum officinale Koch),Spices & Condiments,"methyleugenol (=4-allyl-1,2-dimethoxybenzene)",Phenols,,
LOVAGE SEED,LOVAGE (Levisticum officinale Koch),Spices & Condiments,"6-allyl-4-methoxy-1,3-benzodioxole (=myristicin)",Phenols,,
LOVAGE SEED,LOVAGE (Levisticum officinale Koch),Spices & Condiments,"5-allyl-4,7-dimethoxy-1,3-benzodioxole (=apiole, parsley apiole)",Phenols,,
LOVAGE SEED,LOVAGE (Levisticum officinale Koch),Spices & Condiments,"(Z)-4,5-dihydro-3-pentylidene-phthalide (=Z-ternine)",Anhydrides and phthalides,200,200
LOVAGE SEED,LOVAGE (Levisticum officinale Koch),Spices & Condiments,"(E)-4,5-dihydro-3-pentylidene-phthalide (=E-ternine)",Anhydrides and phthalides,,
LOVAGE SEED,LOVAGE (Levisticum officinale Koch),Spices & Condiments,"3-butylidene-4,5-dihydro-phthalide (=ligustilide)",Anhydrides and phthalides,40000,76000
LOVAGE SEED,LOVAGE (Levisticum officinale Koch),Spices & Condiments,"(Z)-3-butylidene-4,5-dihydro-phthalide (=Z-ligustilide)",Anhydrides and phthalides,56000,56000
LOVAGE SEED,LOVAGE (Levisticum officinale Koch),Spices & Condiments,"(E)-3-butylidene-4,5-dihydro-phthalide (=E-ligustilide)",Anhydrides and phthalides,3000,3000
LOVAGE SEED,LOVAGE (Levisticum officinale Koch),Spices & Condiments,3-butylphthalide,Anhydrides and phthalides,200,200
LOVAGE SEED,LOVAGE (Levisticum officinale Koch),Spices & Condiments,3-butylidenephthalide,Anhydrides and phthalides,78000,79000
LOVAGE SEED,LOVAGE (Levisticum officinale Koch),Spices & Condiments,(Z)-3-butylidenephthalide,Anhydrides and phthalides,1000,1000
LOVAGE ROOT,LOVAGE (Levisticum officinale Koch),Spices & Condiments,octane,Hydrocarbons,,
LOVAGE ROOT,LOVAGE (Levisticum officinale Koch),Spices & Condiments,octene (unkn.str.),Hydrocarbons,,
LOVAGE ROOT,LOVAGE (Levisticum officinale Koch),Spices & Condiments,nonane,Hydrocarbons,,
LOVAGE ROOT,LOVAGE (Levisticum officinale Koch),Spices & Condiments,nonene (unkn.str.),Hydrocarbons,,
LOVAGE ROOT,LOVAGE (Levisticum officinale Koch),Spices & Condiments,decane,Hydrocarbons,,
LOVAGE ROOT,LOVAGE (Levisticum officinale Koch),Spices & Condiments,decene (unkn.str.),Hydrocarbons,,
LOVAGE ROOT,LOVAGE (Levisticum officinale Koch),Spices & Condiments,undecane,Hydrocarbons,,
LOVAGE ROOT,LOVAGE (Levisticum officinale Koch),Spices & Condiments,undecene (unkn.str.),Hydrocarbons,,
LOVAGE ROOT,LOVAGE (Levisticum officinale Koch),Spices & Condiments,1-dodecene,Hydrocarbons,,
LOVAGE ROOT,LOVAGE (Levisticum officinale Koch),Spices & Condiments,(Z)-β-ocimene,Hydrocarbons,trace,4000
LOVAGE ROOT,LOVAGE (Levisticum officinale Koch),Spices & Condiments,(E)-β-ocimene,Hydrocarbons,0,4000
LOVAGE ROOT,LOVAGE (Levisticum officinale Koch),Spices & Condiments,β-myrcene (=myrcene),Hydrocarbons,2900,9000
LOVAGE ROOT,LOVAGE (Levisticum officinale Koch),Spices & Condiments,cyclohexane,Hydrocarbons,,
LOVAGE ROOT,LOVAGE (Levisticum officinale Koch),Spices & Condiments,"1-pentyl-1,3-cyclohexadiene",Hydrocarbons,137000,292900
LOVAGE ROOT,LOVAGE (Levisticum officinale Koch),Spices & Condiments,pentylcyclohexadiene (unkn.str.),Hydrocarbons,74000,127000
LOVAGE ROOT,LOVAGE (Levisticum officinale Koch),Spices & Condiments,pentylcyclohexane,Hydrocarbons,5400,5400
LOVAGE ROOT,LOVAGE (Levisticum officinale Koch),Spices & Condiments,α-phellandrene,Hydrocarbons,1800,5000
LOVAGE ROOT,LOVAGE (Levisticum officinale Koch),Spices & Condiments,β-phellandrene,Hydrocarbons,6200,154600
LOVAGE ROOT,LOVAGE (Levisticum officinale Koch),Spices & Condiments,α-terpinene,Hydrocarbons,0,1000
LOVAGE ROOT,LOVAGE (Levisticum officinale Koch),Spices & Condiments,γ-terpinene,Hydrocarbons,2900,7300
LOVAGE ROOT,LOVAGE (Levisticum officinale Koch),Spices & Condiments,terpinolene,Hydrocarbons,1100,258500
LOVAGE ROOT,LOVAGE (Levisticum officinale Koch),Spices & Condiments,limonene,Hydrocarbons,2300,18200
LOVAGE ROOT,LOVAGE (Levisticum officinale Koch),Spices & Condiments,β-elemene,Hydrocarbons,,
LOVAGE ROOT,LOVAGE (Levisticum officinale Koch),Spices & Condiments,β-bisabolene,Hydrocarbons,1100,1100
LOVAGE ROOT,LOVAGE (Levisticum officinale Koch),Spices & Condiments,germacrene D,Hydrocarbons,,
LOVAGE ROOT,LOVAGE (Levisticum officinale Koch),Spices & Condiments,α-pinene,Hydrocarbons,20600,78700
LOVAGE ROOT,LOVAGE (Levisticum officinale Koch),Spices & Condiments,β-pinene,Hydrocarbons,23100,86800
LOVAGE ROOT,LOVAGE (Levisticum officinale Koch),Spices & Condiments,camphene,Hydrocarbons,1200,26600
LOVAGE ROOT,LOVAGE (Levisticum officinale Koch),Spices & Condiments,α-thujene,Hydrocarbons,400,400
LOVAGE ROOT,LOVAGE (Levisticum officinale Koch),Spices & Condiments,sabinene (=4(10)-thujene),Hydrocarbons,trace,19900
LOVAGE ROOT,LOVAGE (Levisticum officinale Koch),Spices & Condiments,3-carene,Hydrocarbons,,
LOVAGE ROOT,LOVAGE (Levisticum officinale Koch),Spices & Condiments,γ-cadinene,Hydrocarbons,,
LOVAGE ROOT,LOVAGE (Levisticum officinale Koch),Spices & Condiments,δ-cadinene,Hydrocarbons,3000,3000
LOVAGE ROOT,LOVAGE (Levisticum officinale Koch),Spices & Condiments,α-muurolene,Hydrocarbons,3000,3000
LOVAGE ROOT,LOVAGE (Levisticum officinale Koch),Spices & Condiments,"α-selinene (=5β,7α,10α-selina-3,11-diene)",Hydrocarbons,1300,1300
LOVAGE ROOT,LOVAGE (Levisticum officinale Koch),Spices & Condiments,"β-selinene (=4(14),11-selinadiene)",Hydrocarbons,800,5700
LOVAGE ROOT,LOVAGE (Levisticum officinale Koch),Spices & Condiments,δ-selinene,Hydrocarbons,,
LOVAGE ROOT,LOVAGE (Levisticum officinale Koch),Spices & Condiments,"4,11-selinadiene",Hydrocarbons,,
LOVAGE ROOT,LOVAGE (Levisticum officinale Koch),Spices & Condiments,γ-valencene,Hydrocarbons,,
LOVAGE ROOT,LOVAGE (Levisticum officinale Koch),Spices & Condiments,δ-guaiene (=α-bulnesene),Hydrocarbons,1500,1500
LOVAGE ROOT,LOVAGE (Levisticum officinale Koch),Spices & Condiments,guaiene (unkn.str.),Hydrocarbons,1900,1900
LOVAGE ROOT,LOVAGE (Levisticum officinale Koch),Spices & Condiments,α-cubebene,Hydrocarbons,,
LOVAGE ROOT,LOVAGE (Levisticum officinale Koch),Spices & Condiments,β-cubebene,Hydrocarbons,1100,8400
LOVAGE ROOT,LOVAGE (Levisticum officinale Koch),Spices & Condiments,α-copaene (=copaene),Hydrocarbons,3200,3900
LOVAGE ROOT,LOVAGE (Levisticum officinale Koch),Spices & Condiments,tricyclene,Hydrocarbons,,
LOVAGE ROOT,LOVAGE (Levisticum officinale Koch),Spices & Condiments,butylbenzene,Hydrocarbons,,
LOVAGE ROOT,LOVAGE (Levisticum officinale Koch),Spices & Condiments,pentylbenzene,Hydrocarbons,1000,6800
LOVAGE ROOT,LOVAGE (Levisticum officinale Koch),Spices & Condiments,hexylbenzene,Hydrocarbons,,
LOVAGE ROOT,LOVAGE (Levisticum officinale Koch),Spices & Condiments,1-isopropyl-4-methylbenzene (=p-cymene),Hydrocarbons,500,2700
LOVAGE ROOT,LOVAGE (Levisticum officinale Koch),Spices & Condiments,1-butanol,Alcohols,,
LOVAGE ROOT,LOVAGE (Levisticum officinale Koch),Spices & Condiments,2-methyl-3-pentanol,Alcohols,,
LOVAGE ROOT,LOVAGE (Levisticum officinale Koch),Spices & Condiments,2-hexanol,Alcohols,,
LOVAGE ROOT,LOVAGE (Levisticum officinale Koch),Spices & Condiments,(Z)-3-hexen-1-ol (=leaf alcohol),Alcohols,,
LOVAGE ROOT,LOVAGE (Levisticum officinale Koch),Spices & Condiments,1-octanol,Alcohols,,
LOVAGE ROOT,LOVAGE (Levisticum officinale Koch),Spices & Condiments,linalool,Alcohols,16200,16200
LOVAGE ROOT,LOVAGE (Levisticum officinale Koch),Spices & Condiments,α-terpineol,Alcohols,6200,6200
LOVAGE ROOT,LOVAGE (Levisticum officinale Koch),Spices & Condiments,4-terpineol (=terpinen-4-ol),Alcohols,,
LOVAGE ROOT,LOVAGE (Levisticum officinale Koch),Spices & Condiments,α-cadinol,Alcohols,2800,2800
LOVAGE ROOT,LOVAGE (Levisticum officinale Koch),Spices & Condiments,butanal (=butyraldehyde),"Carbonyls, aldehydes",,
LOVAGE ROOT,LOVAGE (Levisticum officinale Koch),Spices & Condiments,"3-methylbutanal (=isopentanal, isovaleraldehyde)","Carbonyls, aldehydes",,
LOVAGE ROOT,LOVAGE (Levisticum officinale Koch),Spices & Condiments,heptanal,"Carbonyls, aldehydes",,
LOVAGE ROOT,LOVAGE (Levisticum officinale Koch),Spices & Condiments,octanal (=caprylaldehyde),"Carbonyls, aldehydes",4300,4300
LOVAGE ROOT,LOVAGE (Levisticum officinale Koch),Spices & Condiments,nonanal (=pelargonaldehyde),"Carbonyls, aldehydes",,
LOVAGE ROOT,LOVAGE (Levisticum officinale Koch),Spices & Condiments,(E)-2-nonenal,"Carbonyls, aldehydes",,
LOVAGE ROOT,LOVAGE (Levisticum officinale Koch),Spices & Condiments,(E)-2-decenal,"Carbonyls, aldehydes",,
LOVAGE ROOT,LOVAGE (Levisticum officinale Koch),Spices & Condiments,"citronellal (=3,7-dimethyl-6-octenal)","Carbonyls, aldehydes",,
LOVAGE ROOT,LOVAGE (Levisticum officinale Koch),Spices & Condiments,phenylacetaldehyde (=benzeneacetaldehyde),"Carbonyls, aldehydes",,
LOVAGE ROOT,LOVAGE (Levisticum officinale Koch),Spices & Condiments,4-isopropyl-2-cyclohexen-1-one (=cryptone),"Carbonyls, ketones",900,900
LOVAGE ROOT,LOVAGE (Levisticum officinale Koch),Spices & Condiments,1-phenyl-1-pentanone (=valerophenone),"Carbonyls, ketones",,
LOVAGE ROOT,LOVAGE (Levisticum officinale Koch),Spices & Condiments,citronellyl formate,Esters,,
LOVAGE ROOT,LOVAGE (Levisticum officinale Koch),Spices & Condiments,α-terpinyl acetate,Esters,400,12800
LOVAGE ROOT,LOVAGE (Levisticum officinale Koch),Spices & Condiments,bornyl acetate,Esters,2700,2700
LOVAGE ROOT,LOVAGE (Levisticum officinale Koch),Spices & Condiments,(E)-2-hexenyl butanoate,Esters,,
LOVAGE ROOT,LOVAGE (Levisticum officinale Koch),Spices & Condiments,(Z)-3-hexenyl butanoate,Esters,,
LOVAGE ROOT,LOVAGE (Levisticum officinale Koch),Spices & Condiments,pentyl 3-methylbutanoate (=amyl isovalerate),Esters,,
LOVAGE ROOT,LOVAGE (Levisticum officinale Koch),Spices & Condiments,geranyl 3-methylbutanoate (=geranyl isovalerate),Esters,2000,2000
LOVAGE ROOT,LOVAGE (Levisticum officinale Koch),Spices & Condiments,isobornyl 3-methylbutanoate,Esters,2000,2000
LOVAGE ROOT,LOVAGE (Levisticum officinale Koch),Spices & Condiments,isopentyl 2-methyl-2-butenoate,Esters,,
LOVAGE ROOT,LOVAGE (Levisticum officinale Koch),Spices & Condiments,2-methoxy-4-vinylphenol (=4-vinylguaiacol),Phenols,1800,1800
LOVAGE ROOT,LOVAGE (Levisticum officinale Koch),Spices & Condiments,davana furan,Furans,,
LOVAGE ROOT,LOVAGE (Levisticum officinale Koch),Spices & Condiments,"cis-4,5-dihydro-3-(1-propylidene)-phthalide",Anhydrides and phthalides,,
LOVAGE ROOT,LOVAGE (Levisticum officinale Koch),Spices & Condiments,(Z)-3-(1-propylidene)phthalide,Anhydrides and phthalides,,
LOVAGE ROOT,LOVAGE (Levisticum officinale Koch),Spices & Condiments,"3-butyl-3a,4,5,6-tetrahydro-phthalide (=sedanolide)",Anhydrides and phthalides,,
LOVAGE ROOT,LOVAGE (Levisticum officinale Koch),Spices & Condiments,"4,5-dihydro-3-pentylphthalide",Anhydrides and phthalides,,
LOVAGE ROOT,LOVAGE (Levisticum officinale Koch),Spices & Condiments,"4,5-dihydro-3-pentylidenephthalide",Anhydrides and phthalides,,
LOVAGE ROOT,LOVAGE (Levisticum officinale Koch),Spices & Condiments,"(Z)-4,5-dihydro-3-pentylidene-phthalide (=Z-ternine)",Anhydrides and phthalides,14000,14000
LOVAGE ROOT,LOVAGE (Levisticum officinale Koch),Spices & Condiments,"(E)-4,5-dihydro-3-pentylidene-phthalide (=E-ternine)",Anhydrides and phthalides,,
LOVAGE ROOT,LOVAGE (Levisticum officinale Koch),Spices & Condiments,"(Z)-3,4-dihydro-3-pentylidene-phthalide",Anhydrides and phthalides,2800,2800
LOVAGE ROOT,LOVAGE (Levisticum officinale Koch),Spices & Condiments,"3-butyl-4,5-dihydrophthalide (=sedanenolide, senkyunolide)",Anhydrides and phthalides,,
LOVAGE ROOT,LOVAGE (Levisticum officinale Koch),Spices & Condiments,"3-butylidene-4,5-dihydro-phthalide (=ligustilide)",Anhydrides and phthalides,235000,249000
LOVAGE ROOT,LOVAGE (Levisticum officinale Koch),Spices & Condiments,"(Z)-3-butylidene-4,5-dihydro-phthalide (=Z-ligustilide)",Anhydrides and phthalides,373300,675000
LOVAGE ROOT,LOVAGE (Levisticum officinale Koch),Spices & Condiments,"(E)-3-butylidene-4,5-dihydro-phthalide (=E-ligustilide)",Anhydrides and phthalides,3100,13100
LOVAGE ROOT,LOVAGE (Levisticum officinale Koch),Spices & Condiments,3-butylphthalide,Anhydrides and phthalides,1800,1800
LOVAGE ROOT,LOVAGE (Levisticum officinale Koch),Spices & Condiments,3-butylidenephthalide,Anhydrides and phthalides,315000,320000
LOVAGE ROOT,LOVAGE (Levisticum officinale Koch),Spices & Condiments,(Z)-3-butylidenephthalide,Anhydrides and phthalides,0,17800
LOVAGE ROOT,LOVAGE (Levisticum officinale Koch),Spices & Condiments,(E)-3-butylidenephthalide,Anhydrides and phthalides,14500,44800
STRAWBERRY WINE,,Alcoholic Beverages < 20% alc.,ethanol,Alcohols,,
STRAWBERRY WINE,,Alcoholic Beverages < 20% alc.,2-methyl-1-propanol (=isobutanol),Alcohols,,
STRAWBERRY WINE,,Alcoholic Beverages < 20% alc.,1-butanol,Alcohols,,
STRAWBERRY WINE,,Alcoholic Beverages < 20% alc.,2-butanol (=sec-butanol),Alcohols,,
STRAWBERRY WINE,,Alcoholic Beverages < 20% alc.,2-methyl-1-butanol (=active amyl alcohol),Alcohols,,
STRAWBERRY WINE,,Alcoholic Beverages < 20% alc.,3-methyl-1-butanol (=isoamyl alcohol),Alcohols,,
STRAWBERRY WINE,,Alcoholic Beverages < 20% alc.,1-pentanol (=amyl alcohol),Alcohols,,
STRAWBERRY WINE,,Alcoholic Beverages < 20% alc.,2-pentanol,Alcohols,,
STRAWBERRY WINE,,Alcoholic Beverages < 20% alc.,3-pentanol,Alcohols,,
STRAWBERRY WINE,,Alcoholic Beverages < 20% alc.,3-methyl-1-pentanol,Alcohols,,
STRAWBERRY WINE,,Alcoholic Beverages < 20% alc.,4-methyl-1-pentanol,Alcohols,,
STRAWBERRY WINE,,Alcoholic Beverages < 20% alc.,1-hexanol,Alcohols,,
STRAWBERRY WINE,,Alcoholic Beverages < 20% alc.,(E)-2-hexen-1-ol,Alcohols,,
STRAWBERRY WINE,,Alcoholic Beverages < 20% alc.,(Z)-3-hexen-1-ol (=leaf alcohol),Alcohols,,
STRAWBERRY WINE,,Alcoholic Beverages < 20% alc.,1-octanol,Alcohols,,
STRAWBERRY WINE,,Alcoholic Beverages < 20% alc.,1-decanol,Alcohols,,
STRAWBERRY WINE,,Alcoholic Beverages < 20% alc.,linalool,Alcohols,,
STRAWBERRY WINE,,Alcoholic Beverages < 20% alc.,nerolidol,Alcohols,,
STRAWBERRY WINE,,Alcoholic Beverages < 20% alc.,benzyl alcohol (=benzenemethanol),Alcohols,,
STRAWBERRY WINE,,Alcoholic Beverages < 20% alc.,2-phenylethanol (=phenethyl alcohol),Alcohols,,
STRAWBERRY WINE,,Alcoholic Beverages < 20% alc.,α-terpineol,Alcohols,,
STRAWBERRY WINE,,Alcoholic Beverages < 20% alc.,benzaldehyde,"Carbonyls, aldehydes",,
STRAWBERRY WINE,,Alcoholic Beverages < 20% alc.,2-hexanone,"Carbonyls, ketones",,
STRAWBERRY WINE,,Alcoholic Beverages < 20% alc.,2-heptanone,"Carbonyls, ketones",,
STRAWBERRY WINE,,Alcoholic Beverages < 20% alc.,2-octanone,"Carbonyls, ketones",,
STRAWBERRY WINE,,Alcoholic Beverages < 20% alc.,"isopentyl acetate (=3-methylbutyl acetate, isoamyl acetate)",Esters,,
STRAWBERRY WINE,,Alcoholic Beverages < 20% alc.,hexyl acetate,Esters,,
STRAWBERRY WINE,,Alcoholic Beverages < 20% alc.,phenethyl acetate,Esters,,
STRAWBERRY WINE,,Alcoholic Beverages < 20% alc.,ethyl 2-hydroxypropanoate (=ethyl lactate),Esters,,
STRAWBERRY WINE,,Alcoholic Beverages < 20% alc.,isobutyl 2-hydroxypropanoate (=isobutyl lactate),Esters,,
STRAWBERRY WINE,,Alcoholic Beverages < 20% alc.,isopentyl 2-hydroxypropanoate (=isoamyl lactate),Esters,,
STRAWBERRY WINE,,Alcoholic Beverages < 20% alc.,methyl butanoate,Esters,,
STRAWBERRY WINE,,Alcoholic Beverages < 20% alc.,ethyl butanoate,Esters,,
STRAWBERRY WINE,,Alcoholic Beverages < 20% alc.,ethyl 2-methylbutanoate,Esters,,
STRAWBERRY WINE,,Alcoholic Beverages < 20% alc.,ethyl 3-methylbutanoate (=ethyl isovalerate),Esters,,
STRAWBERRY WINE,,Alcoholic Beverages < 20% alc.,ethyl 3-hydroxybutanoate,Esters,,
STRAWBERRY WINE,,Alcoholic Beverages < 20% alc.,ethyl 2-hydroxy-3-methylbutanoate,Esters,,
STRAWBERRY WINE,,Alcoholic Beverages < 20% alc.,ethyl 2-hydroxy-4-methylpentanoate,Esters,,
STRAWBERRY WINE,,Alcoholic Beverages < 20% alc.,ethyl 3-hydroxy-3-methyl-pentanoate,Esters,,
STRAWBERRY WINE,,Alcoholic Beverages < 20% alc.,methyl hexanoate,Esters,,
STRAWBERRY WINE,,Alcoholic Beverages < 20% alc.,ethyl hexanoate (=ethyl caproate),Esters,,
STRAWBERRY WINE,,Alcoholic Beverages < 20% alc.,isopentyl hexanoate,Esters,,
STRAWBERRY WINE,,Alcoholic Beverages < 20% alc.,ethyl heptanoate,Esters,,
STRAWBERRY WINE,,Alcoholic Beverages < 20% alc.,ethyl octanoate (=ethyl caprylate),Esters,,
STRAWBERRY WINE,,Alcoholic Beverages < 20% alc.,isopentyl octanoate,Esters,,
STRAWBERRY WINE,,Alcoholic Beverages < 20% alc.,ethyl nonanoate,Esters,,
STRAWBERRY WINE,,Alcoholic Beverages < 20% alc.,ethyl decanoate (=ethyl caprate),Esters,,
STRAWBERRY WINE,,Alcoholic Beverages < 20% alc.,ethyl 9-decenoate,Esters,,
STRAWBERRY WINE,,Alcoholic Beverages < 20% alc.,ethyl dodecanoate (=ethyl laurate),Esters,,
STRAWBERRY WINE,,Alcoholic Beverages < 20% alc.,ethyl tetradecanoate (=ethyl myristate),Esters,,
STRAWBERRY WINE,,Alcoholic Beverages < 20% alc.,diethyl malonate (=diethyl propanedioate),Esters,,
STRAWBERRY WINE,,Alcoholic Beverages < 20% alc.,ethyl methyl succinate (=ethyl methyl butanedioate),Esters,,
STRAWBERRY WINE,,Alcoholic Beverages < 20% alc.,diethyl succinate (=diethyl butanedioate),Esters,,
STRAWBERRY WINE,,Alcoholic Beverages < 20% alc.,ethyl isopentyl succinate,Esters,,
STRAWBERRY WINE,,Alcoholic Beverages < 20% alc.,diethyl pentanedioate (=diethyl glutarate),Esters,,
STRAWBERRY WINE,,Alcoholic Beverages < 20% alc.,diethyl malate,Esters,,
STRAWBERRY WINE,,Alcoholic Beverages < 20% alc.,ethyl phenylacetate,Esters,,
STRAWBERRY WINE,,Alcoholic Beverages < 20% alc.,methyl cinnamate,Esters,,
STRAWBERRY WINE,,Alcoholic Beverages < 20% alc.,ethyl cinnamate,Esters,,
STRAWBERRY WINE,,Alcoholic Beverages < 20% alc.,ethyl 2-hydroxy-3-phenyl-propanoate,Esters,,
STRAWBERRY WINE,,Alcoholic Beverages < 20% alc.,"4-hydroxybutanoic acid lactone (=dihydro-2(3H)-furanone, 4-butanolide, γ-butyrolactone)",Lactones,,
STRAWBERRY WINE,,Alcoholic Beverages < 20% alc.,"4-hydroxydecanoic acid lactone (=4-decanolide, γ-decalactone)",Lactones,,
STRAWBERRY WINE,,Alcoholic Beverages < 20% alc.,2-methyl-3(2H)-dihydrothiophenone (=2-methyl-3-thiolanone),Sulfur compounds,,
STRAWBERRY WINE,,Alcoholic Beverages < 20% alc.,"furfural (=2-formylfuran, 2-furancarbaldehyde, 2-furaldehyde)",Furans,,
STRAWBERRY WINE,,Alcoholic Beverages < 20% alc.,"4-methoxy-2,5-dimethyl-3(2H)-furanone (=mesifurane)",Furans,,
STRAWBERRY WINE,,Alcoholic Beverages < 20% alc.,"2-acetylfuran (=2-furyl methyl ketone, 1-(2-furyl)ethanone)",Furans,,
STRAWBERRY WINE,,Alcoholic Beverages < 20% alc.,cis-linalool oxide (unkn.str.),"(Ep)oxides, pyrans, coumarins",,
STRAWBERRY WINE,,Alcoholic Beverages < 20% alc.,trans-linalool oxide (unkn.str.),"(Ep)oxides, pyrans, coumarins",,
,CARAWAY (Carum carvi L.),Spices & Condiments,(Z)-β-ocimene,Hydrocarbons,trace,4000
,CARAWAY (Carum carvi L.),Spices & Condiments,(E)-β-ocimene,Hydrocarbons,trace,14000
,CARAWAY (Carum carvi L.),Spices & Condiments,β-myrcene (=myrcene),Hydrocarbons,trace,6600
,CARAWAY (Carum carvi L.),Spices & Condiments,α-phellandrene,Hydrocarbons,trace,trace
,CARAWAY (Carum carvi L.),Spices & Condiments,β-phellandrene,Hydrocarbons,trace,300
,CARAWAY (Carum carvi L.),Spices & Condiments,α-terpinene,Hydrocarbons,trace,trace
,CARAWAY (Carum carvi L.),Spices & Condiments,γ-terpinene,Hydrocarbons,1000,1000
,CARAWAY (Carum carvi L.),Spices & Condiments,terpinolene,Hydrocarbons,trace,2000
,CARAWAY (Carum carvi L.),Spices & Condiments,limonene,Hydrocarbons,trace,538500
,CARAWAY (Carum carvi L.),Spices & Condiments,(4R)-(+)-limonene,Hydrocarbons,,
,CARAWAY (Carum carvi L.),Spices & Condiments,(4S)-(-)-limonene,Hydrocarbons,,
,CARAWAY (Carum carvi L.),Spices & Condiments,β-elemene,Hydrocarbons,,
,CARAWAY (Carum carvi L.),Spices & Condiments,γ-elemene,Hydrocarbons,1000,23000
,CARAWAY (Carum carvi L.),Spices & Condiments,germacrene A,Hydrocarbons,0,7000
,CARAWAY (Carum carvi L.),Spices & Condiments,germacrene B,Hydrocarbons,5000,472000
,CARAWAY (Carum carvi L.),Spices & Condiments,germacrene D,Hydrocarbons,100000,808000
,CARAWAY (Carum carvi L.),Spices & Condiments,α-humulene (=humulene),Hydrocarbons,2000,8000
,CARAWAY (Carum carvi L.),Spices & Condiments,α-pinene,Hydrocarbons,700,6000
,CARAWAY (Carum carvi L.),Spices & Condiments,(1R)-α-pinene,Hydrocarbons,,
,CARAWAY (Carum carvi L.),Spices & Condiments,(1S)-α-pinene,Hydrocarbons,,
,CARAWAY (Carum carvi L.),Spices & Condiments,β-pinene,Hydrocarbons,trace,12000
,CARAWAY (Carum carvi L.),Spices & Condiments,(1R)-β-pinene,Hydrocarbons,,
,CARAWAY (Carum carvi L.),Spices & Condiments,(1S)-β-pinene,Hydrocarbons,,
,CARAWAY (Carum carvi L.),Spices & Condiments,camphene,Hydrocarbons,trace,trace
,CARAWAY (Carum carvi L.),Spices & Condiments,α-thujene,Hydrocarbons,trace,trace
,CARAWAY (Carum carvi L.),Spices & Condiments,sabinene (=4(10)-thujene),Hydrocarbons,trace,1000
,CARAWAY (Carum carvi L.),Spices & Condiments,3-carene,Hydrocarbons,trace,trace
,CARAWAY (Carum carvi L.),Spices & Condiments,δ-cadinene,Hydrocarbons,23000,39000
,CARAWAY (Carum carvi L.),Spices & Condiments,"β-selinene (=4(14),11-selinadiene)",Hydrocarbons,0,5000
,CARAWAY (Carum carvi L.),Spices & Condiments,β-caryophyllene,Hydrocarbons,0,65000
,CARAWAY (Carum carvi L.),Spices & Condiments,α-cubebene,Hydrocarbons,,
,CARAWAY (Carum carvi L.),Spices & Condiments,1-isopropyl-4-methylbenzene (=p-cymene),Hydrocarbons,trace,300
,CARAWAY (Carum carvi L.),Spices & Condiments,linalool,Alcohols,1000,1600
,CARAWAY (Carum carvi L.),Spices & Condiments,cis-β-terpineol,Alcohols,,
,CARAWAY (Carum carvi L.),Spices & Condiments,4-terpineol (=terpinen-4-ol),Alcohols,trace,trace
,CARAWAY (Carum carvi L.),Spices & Condiments,cis-p-2-menthen-1-ol,Alcohols,trace,trace
,CARAWAY (Carum carvi L.),Spices & Condiments,dihydrocarveol,Alcohols,trace,12000
,CARAWAY (Carum carvi L.),Spices & Condiments,isodihydrocarveol,Alcohols,trace,trace
,CARAWAY (Carum carvi L.),Spices & Condiments,neodihydrocarveol,Alcohols,trace,trace
,CARAWAY (Carum carvi L.),Spices & Condiments,neoisodihydrocarveol,Alcohols,trace,trace
,CARAWAY (Carum carvi L.),Spices & Condiments,"cis-p-2,8-menthadien-1-ol",Alcohols,trace,trace
,CARAWAY (Carum carvi L.),Spices & Condiments,"carveol (=p-1(6),8-menthadien-2-ol)",Alcohols,41000,41000
,CARAWAY (Carum carvi L.),Spices & Condiments,"cis-carveol (= cis-p-1(6),8-menthadien-2-ol)",Alcohols,700,2000
,CARAWAY (Carum carvi L.),Spices & Condiments,"trans-carveol (=trans-p-1(6),8-menthadien-2-ol)",Alcohols,3500,4000
,CARAWAY (Carum carvi L.),Spices & Condiments,octanal (=caprylaldehyde),"Carbonyls, aldehydes",trace,203000
,CARAWAY (Carum carvi L.),Spices & Condiments,octanal (unkn.str.),"Carbonyls, aldehydes",800,800
,CARAWAY (Carum carvi L.),Spices & Condiments,nonanal (=pelargonaldehyde),"Carbonyls, aldehydes",trace,74000
,CARAWAY (Carum carvi L.),Spices & Condiments,nonanal (unkn.str.),"Carbonyls, aldehydes",200,200
,CARAWAY (Carum carvi L.),Spices & Condiments,(E)-2-decenal,"Carbonyls, aldehydes",130000,130000
,CARAWAY (Carum carvi L.),Spices & Condiments,(Z)-4-decenal,"Carbonyls, aldehydes",13000,13000
,CARAWAY (Carum carvi L.),Spices & Condiments,perillaldehyde,"Carbonyls, aldehydes",2000,2000
,CARAWAY (Carum carvi L.),Spices & Condiments,dihydrocarvone (=p-8-menthen-2-one),"Carbonyls, ketones",25000,25000
,CARAWAY (Carum carvi L.),Spices & Condiments,trans-dihydrocarvone,"Carbonyls, ketones",1000,6000
,CARAWAY (Carum carvi L.),Spices & Condiments,cis-dihydrocarvone,"Carbonyls, ketones",1900,2000
,CARAWAY (Carum carvi L.),Spices & Condiments,"carvone (=p-6,8-menthadien-2-one)","Carbonyls, ketones",433900,616000
,CARAWAY (Carum carvi L.),Spices & Condiments,(4R)-(-)-carvone,"Carbonyls, ketones",trace,trace
,CARAWAY (Carum carvi L.),Spices & Condiments,(4S)-(+)-carvone,"Carbonyls, ketones",295000,824000
,CARAWAY (Carum carvi L.),Spices & Condiments,camphor (=alcanfor),"Carbonyls, ketones",,
,CARAWAY (Carum carvi L.),Spices & Condiments,fenchone,"Carbonyls, ketones",,
,CARAWAY (Carum carvi L.),Spices & Condiments,thujone (=α-thujone),"Carbonyls, ketones",,
,CARAWAY (Carum carvi L.),Spices & Condiments,isothujone (=β-thujone),"Carbonyls, ketones",,
,CARAWAY (Carum carvi L.),Spices & Condiments,anethole (=1-methoxy-4-(1-propenyl)benzene),Phenols,,
,CARAWAY (Carum carvi L.),Spices & Condiments,"6-allyl-4-methoxy-1,3-benzodioxole (=myristicin)",Phenols,7000,7000
CARAWAY HERB,CARAWAY (Carum carvi L.),Spices & Condiments,(Z)-β-ocimene,Hydrocarbons,trace,2000
CARAWAY HERB,CARAWAY (Carum carvi L.),Spices & Condiments,(E)-β-ocimene,Hydrocarbons,11000,14000
CARAWAY HERB,CARAWAY (Carum carvi L.),Spices & Condiments,β-myrcene (=myrcene),Hydrocarbons,trace,trace
CARAWAY HERB,CARAWAY (Carum carvi L.),Spices & Condiments,terpinolene,Hydrocarbons,trace,trace
CARAWAY HERB,CARAWAY (Carum carvi L.),Spices & Condiments,limonene,Hydrocarbons,7000,436000
CARAWAY HERB,CARAWAY (Carum carvi L.),Spices & Condiments,β-elemene,Hydrocarbons,,
CARAWAY HERB,CARAWAY (Carum carvi L.),Spices & Condiments,γ-elemene,Hydrocarbons,1000,1000
CARAWAY HERB,CARAWAY (Carum carvi L.),Spices & Condiments,germacrene A,Hydrocarbons,0,7000
CARAWAY HERB,CARAWAY (Carum carvi L.),Spices & Condiments,germacrene B,Hydrocarbons,5000,20000
CARAWAY HERB,CARAWAY (Carum carvi L.),Spices & Condiments,germacrene D,Hydrocarbons,751000,808000
CARAWAY HERB,CARAWAY (Carum carvi L.),Spices & Condiments,α-humulene (=humulene),Hydrocarbons,8000,8000
CARAWAY HERB,CARAWAY (Carum carvi L.),Spices & Condiments,sabinene (=4(10)-thujene),Hydrocarbons,trace,trace
CARAWAY HERB,CARAWAY (Carum carvi L.),Spices & Condiments,δ-cadinene,Hydrocarbons,23000,30000
CARAWAY HERB,CARAWAY (Carum carvi L.),Spices & Condiments,"β-selinene (=4(14),11-selinadiene)",Hydrocarbons,0,5000
CARAWAY HERB,CARAWAY (Carum carvi L.),Spices & Condiments,β-caryophyllene,Hydrocarbons,60000,65000
CARAWAY HERB,CARAWAY (Carum carvi L.),Spices & Condiments,α-cubebene,Hydrocarbons,,
CARAWAY HERB,CARAWAY (Carum carvi L.),Spices & Condiments,"trans-carveol (=trans-p-1(6),8-menthadien-2-ol)",Alcohols,,
CARAWAY HERB,CARAWAY (Carum carvi L.),Spices & Condiments,octanal (=caprylaldehyde),"Carbonyls, aldehydes",7000,7000
CARAWAY HERB,CARAWAY (Carum carvi L.),Spices & Condiments,nonanal (=pelargonaldehyde),"Carbonyls, aldehydes",trace,trace
CARAWAY HERB,CARAWAY (Carum carvi L.),Spices & Condiments,"carvone (=p-6,8-menthadien-2-one)","Carbonyls, ketones",541000,616000
CARAWAY SEED,CARAWAY (Carum carvi L.),Spices & Condiments,(E)-β-ocimene,Hydrocarbons,1000,1000
CARAWAY SEED,CARAWAY (Carum carvi L.),Spices & Condiments,β-myrcene (=myrcene),Hydrocarbons,3000,6600
CARAWAY SEED,CARAWAY (Carum carvi L.),Spices & Condiments,α-phellandrene,Hydrocarbons,trace,trace
CARAWAY SEED,CARAWAY (Carum carvi L.),Spices & Condiments,β-phellandrene,Hydrocarbons,trace,300
CARAWAY SEED,CARAWAY (Carum carvi L.),Spices & Condiments,α-terpinene,Hydrocarbons,trace,trace
CARAWAY SEED,CARAWAY (Carum carvi L.),Spices & Condiments,γ-terpinene,Hydrocarbons,1000,1000
CARAWAY SEED,CARAWAY (Carum carvi L.),Spices & Condiments,terpinolene,Hydrocarbons,trace,trace
CARAWAY SEED,CARAWAY (Carum carvi L.),Spices & Condiments,limonene,Hydrocarbons,402000,538500
CARAWAY SEED,CARAWAY (Carum carvi L.),Spices & Condiments,(4R)-(+)-limonene,Hydrocarbons,,
CARAWAY SEED,CARAWAY (Carum carvi L.),Spices & Condiments,(4S)-(-)-limonene,Hydrocarbons,,
CARAWAY SEED,CARAWAY (Carum carvi L.),Spices & Condiments,germacrene D,Hydrocarbons,,
CARAWAY SEED,CARAWAY (Carum carvi L.),Spices & Condiments,α-pinene,Hydrocarbons,700,1400
CARAWAY SEED,CARAWAY (Carum carvi L.),Spices & Condiments,(1R)-α-pinene,Hydrocarbons,,
CARAWAY SEED,CARAWAY (Carum carvi L.),Spices & Condiments,(1S)-α-pinene,Hydrocarbons,,
CARAWAY SEED,CARAWAY (Carum carvi L.),Spices & Condiments,β-pinene,Hydrocarbons,trace,100
CARAWAY SEED,CARAWAY (Carum carvi L.),Spices & Condiments,(1R)-β-pinene,Hydrocarbons,,
CARAWAY SEED,CARAWAY (Carum carvi L.),Spices & Condiments,(1S)-β-pinene,Hydrocarbons,,
CARAWAY SEED,CARAWAY (Carum carvi L.),Spices & Condiments,camphene,Hydrocarbons,trace,trace
CARAWAY SEED,CARAWAY (Carum carvi L.),Spices & Condiments,α-thujene,Hydrocarbons,trace,trace
CARAWAY SEED,CARAWAY (Carum carvi L.),Spices & Condiments,sabinene (=4(10)-thujene),Hydrocarbons,1000,1000
CARAWAY SEED,CARAWAY (Carum carvi L.),Spices & Condiments,3-carene,Hydrocarbons,trace,trace
CARAWAY SEED,CARAWAY (Carum carvi L.),Spices & Condiments,β-caryophyllene,Hydrocarbons,2000,2000
CARAWAY SEED,CARAWAY (Carum carvi L.),Spices & Condiments,1-isopropyl-4-methylbenzene (=p-cymene),Hydrocarbons,trace,300
CARAWAY SEED,CARAWAY (Carum carvi L.),Spices & Condiments,linalool,Alcohols,1000,1600
CARAWAY SEED,CARAWAY (Carum carvi L.),Spices & Condiments,cis-β-terpineol,Alcohols,,
CARAWAY SEED,CARAWAY (Carum carvi L.),Spices & Condiments,4-terpineol (=terpinen-4-ol),Alcohols,trace,trace
CARAWAY SEED,CARAWAY (Carum carvi L.),Spices & Condiments,cis-p-2-menthen-1-ol,Alcohols,trace,trace
CARAWAY SEED,CARAWAY (Carum carvi L.),Spices & Condiments,dihydrocarveol,Alcohols,trace,12000
CARAWAY SEED,CARAWAY (Carum carvi L.),Spices & Condiments,isodihydrocarveol,Alcohols,trace,trace
CARAWAY SEED,CARAWAY (Carum carvi L.),Spices & Condiments,neodihydrocarveol,Alcohols,trace,trace
CARAWAY SEED,CARAWAY (Carum carvi L.),Spices & Condiments,neoisodihydrocarveol,Alcohols,trace,trace
CARAWAY SEED,CARAWAY (Carum carvi L.),Spices & Condiments,"cis-p-2,8-menthadien-1-ol",Alcohols,trace,trace
CARAWAY SEED,CARAWAY (Carum carvi L.),Spices & Condiments,"carveol (=p-1(6),8-menthadien-2-ol)",Alcohols,41000,41000
CARAWAY SEED,CARAWAY (Carum carvi L.),Spices & Condiments,"cis-carveol (= cis-p-1(6),8-menthadien-2-ol)",Alcohols,700,2000
CARAWAY SEED,CARAWAY (Carum carvi L.),Spices & Condiments,"trans-carveol (=trans-p-1(6),8-menthadien-2-ol)",Alcohols,3500,4000
CARAWAY SEED,CARAWAY (Carum carvi L.),Spices & Condiments,octanal (=caprylaldehyde),"Carbonyls, aldehydes",trace,trace
CARAWAY SEED,CARAWAY (Carum carvi L.),Spices & Condiments,octanal (unkn.str.),"Carbonyls, aldehydes",800,800
CARAWAY SEED,CARAWAY (Carum carvi L.),Spices & Condiments,nonanal (=pelargonaldehyde),"Carbonyls, aldehydes",trace,trace
CARAWAY SEED,CARAWAY (Carum carvi L.),Spices & Condiments,nonanal (unkn.str.),"Carbonyls, aldehydes",200,200
CARAWAY SEED,CARAWAY (Carum carvi L.),Spices & Condiments,perillaldehyde,"Carbonyls, aldehydes",2000,2000
CARAWAY SEED,CARAWAY (Carum carvi L.),Spices & Condiments,dihydrocarvone (=p-8-menthen-2-one),"Carbonyls, ketones",25000,25000
CARAWAY SEED,CARAWAY (Carum carvi L.),Spices & Condiments,trans-dihydrocarvone,"Carbonyls, ketones",1000,6000
CARAWAY SEED,CARAWAY (Carum carvi L.),Spices & Condiments,cis-dihydrocarvone,"Carbonyls, ketones",1900,2000
CARAWAY SEED,CARAWAY (Carum carvi L.),Spices & Condiments,"carvone (=p-6,8-menthadien-2-one)","Carbonyls, ketones",433900,599000
CARAWAY SEED,CARAWAY (Carum carvi L.),Spices & Condiments,(4R)-(-)-carvone,"Carbonyls, ketones",trace,trace
CARAWAY SEED,CARAWAY (Carum carvi L.),Spices & Condiments,(4S)-(+)-carvone,"Carbonyls, ketones",295000,824000
CARAWAY SEED,CARAWAY (Carum carvi L.),Spices & Condiments,camphor (=alcanfor),"Carbonyls, ketones",,
CARAWAY SEED,CARAWAY (Carum carvi L.),Spices & Condiments,fenchone,"Carbonyls, ketones",,
CARAWAY SEED,CARAWAY (Carum carvi L.),Spices & Condiments,thujone (=α-thujone),"Carbonyls, ketones",,
CARAWAY SEED,CARAWAY (Carum carvi L.),Spices & Condiments,isothujone (=β-thujone),"Carbonyls, ketones",,
CARAWAY SEED,CARAWAY (Carum carvi L.),Spices & Condiments,anethole (=1-methoxy-4-(1-propenyl)benzene),Phenols,,
CARAWAY SEED,CARAWAY (Carum carvi L.),Spices & Condiments,"6-allyl-4-methoxy-1,3-benzodioxole (=myristicin)",Phenols,7000,7000
CARAWAY ROOT,CARAWAY (Carum carvi L.),Spices & Condiments,(Z)-β-ocimene,Hydrocarbons,trace,4000
CARAWAY ROOT,CARAWAY (Carum carvi L.),Spices & Condiments,(E)-β-ocimene,Hydrocarbons,trace,3000
CARAWAY ROOT,CARAWAY (Carum carvi L.),Spices & Condiments,terpinolene,Hydrocarbons,trace,2000
CARAWAY ROOT,CARAWAY (Carum carvi L.),Spices & Condiments,limonene,Hydrocarbons,trace,4000
CARAWAY ROOT,CARAWAY (Carum carvi L.),Spices & Condiments,β-elemene,Hydrocarbons,,
CARAWAY ROOT,CARAWAY (Carum carvi L.),Spices & Condiments,γ-elemene,Hydrocarbons,8000,23000
CARAWAY ROOT,CARAWAY (Carum carvi L.),Spices & Condiments,germacrene B,Hydrocarbons,124000,472000
CARAWAY ROOT,CARAWAY (Carum carvi L.),Spices & Condiments,germacrene D,Hydrocarbons,100000,101000
CARAWAY ROOT,CARAWAY (Carum carvi L.),Spices & Condiments,α-humulene (=humulene),Hydrocarbons,2000,6000
CARAWAY ROOT,CARAWAY (Carum carvi L.),Spices & Condiments,α-pinene,Hydrocarbons,3000,6000
CARAWAY ROOT,CARAWAY (Carum carvi L.),Spices & Condiments,β-pinene,Hydrocarbons,2000,12000
CARAWAY ROOT,CARAWAY (Carum carvi L.),Spices & Condiments,δ-cadinene,Hydrocarbons,35000,39000
CARAWAY ROOT,CARAWAY (Carum carvi L.),Spices & Condiments,β-caryophyllene,Hydrocarbons,0,14000
CARAWAY ROOT,CARAWAY (Carum carvi L.),Spices & Condiments,1-isopropyl-4-methylbenzene (=p-cymene),Hydrocarbons,trace,trace
CARAWAY ROOT,CARAWAY (Carum carvi L.),Spices & Condiments,octanal (=caprylaldehyde),"Carbonyls, aldehydes",131000,203000
CARAWAY ROOT,CARAWAY (Carum carvi L.),Spices & Condiments,nonanal (=pelargonaldehyde),"Carbonyls, aldehydes",24000,74000
CARAWAY ROOT,CARAWAY (Carum carvi L.),Spices & Condiments,(E)-2-decenal,"Carbonyls, aldehydes",130000,130000
CARAWAY ROOT,CARAWAY (Carum carvi L.),Spices & Condiments,(Z)-4-decenal,"Carbonyls, aldehydes",13000,13000
