Product,Product Category,Product Group,Compound,Compound Group,Quantity Lower Bound,Quantity Upper Bound
,CELERY (Apium graveolens L.),Vegetables,"2,3-dimethylbutane",Hydrocarbons,,
,CELERY (Apium graveolens L.),Vegetables,pentane,Hydrocarbons,0.26,0.26
,CELERY (Apium graveolens L.),Vegetables,2-methylpentane (=isohexane),Hydrocarbons,,
,CELERY (Apium graveolens L.),Vegetables,3-methylpentane,Hydrocarbons,,
,CELERY (Apium graveolens L.),Vegetables,hexane,Hydrocarbons,,
,CELERY (Apium graveolens L.),Vegetables,3-ethyl-4-methylhexane,Hydrocarbons,9.5,9.5
,CELERY (Apium graveolens L.),Vegetables,octane,Hydrocarbons,,
,CELERY (Apium graveolens L.),Vegetables,octane (branched),Hydrocarbons,0.02,0.02
,CELERY (Apium graveolens L.),Vegetables,nonane,Hydrocarbons,,
,CELERY (Apium graveolens L.),Vegetables,nonane (branched),Hydrocarbons,,
,CELERY (Apium graveolens L.),Vegetables,"(E,Z)-1,3,5-undecatriene",Hydrocarbons,,
,CELERY (Apium graveolens L.),Vegetables,undecatriene (unkn.str.),Hydrocarbons,,
,CELERY (Apium graveolens L.),Vegetables,β-ocimene,Hydrocarbons,0.1,0.1
,CELERY (Apium graveolens L.),Vegetables,(Z)-β-ocimene,Hydrocarbons,trace,100
,CELERY (Apium graveolens L.),Vegetables,(E)-β-ocimene,Hydrocarbons,trace,200
,CELERY (Apium graveolens L.),Vegetables,allo-ocimene,Hydrocarbons,,
,CELERY (Apium graveolens L.),Vegetables,β-myrcene (=myrcene),Hydrocarbons,trace,20000
,CELERY (Apium graveolens L.),Vegetables,methylcyclopentane,Hydrocarbons,,
,CELERY (Apium graveolens L.),Vegetables,cyclohexane,Hydrocarbons,,
,CELERY (Apium graveolens L.),Vegetables,"pentyl-1,3-cyclohexadiene (unkn.str.)",Hydrocarbons,16000,50000
,CELERY (Apium graveolens L.),Vegetables,pentylcyclohexadiene (unkn.str.),Hydrocarbons,0.6,1200
,CELERY (Apium graveolens L.),Vegetables,dimethylcyclohexane (unkn.str.),Hydrocarbons,,
,CELERY (Apium graveolens L.),Vegetables,α-phellandrene,Hydrocarbons,trace,trace
,CELERY (Apium graveolens L.),Vegetables,β-phellandrene,Hydrocarbons,200,500
,CELERY (Apium graveolens L.),Vegetables,α-terpinene,Hydrocarbons,0.4,0.4
,CELERY (Apium graveolens L.),Vegetables,γ-terpinene,Hydrocarbons,0.1,0.4
,CELERY (Apium graveolens L.),Vegetables,terpinolene,Hydrocarbons,1.1,1.1
,CELERY (Apium graveolens L.),Vegetables,limonene,Hydrocarbons,0.35,851300
,CELERY (Apium graveolens L.),Vegetables,"p-1,3,8-menthatriene",Hydrocarbons,0.4,0.4
,CELERY (Apium graveolens L.),Vegetables,p-menthatriene (unkn.str.),Hydrocarbons,,
,CELERY (Apium graveolens L.),Vegetables,β-elemene,Hydrocarbons,trace,trace
,CELERY (Apium graveolens L.),Vegetables,ar-curcumene,Hydrocarbons,,
,CELERY (Apium graveolens L.),Vegetables,α-humulene (=humulene),Hydrocarbons,trace,trace
,CELERY (Apium graveolens L.),Vegetables,β-humulene,Hydrocarbons,,
,CELERY (Apium graveolens L.),Vegetables,α-pinene,Hydrocarbons,0.008,10500
,CELERY (Apium graveolens L.),Vegetables,β-pinene,Hydrocarbons,trace,14000
,CELERY (Apium graveolens L.),Vegetables,camphene,Hydrocarbons,trace,400
,CELERY (Apium graveolens L.),Vegetables,α-thujene,Hydrocarbons,,
,CELERY (Apium graveolens L.),Vegetables,sabinene (=4(10)-thujene),Hydrocarbons,trace,7600
,CELERY (Apium graveolens L.),Vegetables,3-carene,Hydrocarbons,trace,300
,CELERY (Apium graveolens L.),Vegetables,δ-cadinene,Hydrocarbons,,
,CELERY (Apium graveolens L.),Vegetables,"α-selinene (=5β,7α,10α-selina-3,11-diene)",Hydrocarbons,0.05,139000
,CELERY (Apium graveolens L.),Vegetables,"β-selinene (=4(14),11-selinadiene)",Hydrocarbons,0.04,121700
,CELERY (Apium graveolens L.),Vegetables,selinene (unkn.str.),Hydrocarbons,,
,CELERY (Apium graveolens L.),Vegetables,valencene,Hydrocarbons,0.09,0.09
,CELERY (Apium graveolens L.),Vegetables,β-caryophyllene,Hydrocarbons,0.08,14000
,CELERY (Apium graveolens L.),Vegetables,α-cedrene,Hydrocarbons,,
,CELERY (Apium graveolens L.),Vegetables,isopropylbenzene (=cumene),Hydrocarbons,,
,CELERY (Apium graveolens L.),Vegetables,pentylbenzene,Hydrocarbons,0.07,20000
,CELERY (Apium graveolens L.),Vegetables,1-isopropyl-4-methylbenzene (=p-cymene),Hydrocarbons,0.02,7400
,CELERY (Apium graveolens L.),Vegetables,"1-isopropenyl-4-methylbenzene (=α,p-dimethyl styrene, p-cymenene, dehydro-p-cymene)",Hydrocarbons,0.12,0.12
,CELERY (Apium graveolens L.),Vegetables,ethanol,Alcohols,0.39,0.39
,CELERY (Apium graveolens L.),Vegetables,3-methyl-1-butanol (=isoamyl alcohol),Alcohols,,
,CELERY (Apium graveolens L.),Vegetables,2-methyl-2-butanol (=tert-amyl alcohol),Alcohols,,
,CELERY (Apium graveolens L.),Vegetables,1-hexanol,Alcohols,0.2,0.2
,CELERY (Apium graveolens L.),Vegetables,(E)-2-hexen-1-ol,Alcohols,0.2,0.2
,CELERY (Apium graveolens L.),Vegetables,(Z)-3-hexen-1-ol (=leaf alcohol),Alcohols,4.5,4.5
,CELERY (Apium graveolens L.),Vegetables,1-heptanol,Alcohols,,
,CELERY (Apium graveolens L.),Vegetables,linalool,Alcohols,900,14800
,CELERY (Apium graveolens L.),Vegetables,α-terpineol,Alcohols,0.03,2.5
,CELERY (Apium graveolens L.),Vegetables,4-terpineol (=terpinen-4-ol),Alcohols,0.4,0.4
,CELERY (Apium graveolens L.),Vegetables,dihydrocarveol,Alcohols,0.2,0.2
,CELERY (Apium graveolens L.),Vegetables,"cis-p-2,8-menthadien-1-ol",Alcohols,0.08,0.6
,CELERY (Apium graveolens L.),Vegetables,"trans-p-2,8-menthadien-1-ol",Alcohols,0.09,0.6
,CELERY (Apium graveolens L.),Vegetables,"cis-isocarveol (=cis-p-1(7),8-menthadien-2-ol)",Alcohols,1.8,1.8
,CELERY (Apium graveolens L.),Vegetables,"trans-isocarveol (=trans-p-1(7),8- menthadien-2-ol)",Alcohols,0.4,0.4
,CELERY (Apium graveolens L.),Vegetables,"carveol (=p-1(6),8-menthadien-2-ol)",Alcohols,,
,CELERY (Apium graveolens L.),Vegetables,"cis-carveol (= cis-p-1(6),8-menthadien-2-ol)",Alcohols,0.04,1.6
,CELERY (Apium graveolens L.),Vegetables,"trans-carveol (=trans-p-1(6),8-menthadien-2-ol)",Alcohols,1.1,1.1
,CELERY (Apium graveolens L.),Vegetables,"p-8-menthene-1,2-diol",Alcohols,11,11
,CELERY (Apium graveolens L.),Vegetables,β-eudesmol,Alcohols,2000,4000
,CELERY (Apium graveolens L.),Vegetables,eudesmol (unkn.str.),Alcohols,2900,2900
,CELERY (Apium graveolens L.),Vegetables,formaldehyde (=methanal),"Carbonyls, aldehydes",,
,CELERY (Apium graveolens L.),Vegetables,acetaldehyde (=ethanal),"Carbonyls, aldehydes",0.21,0.21
,CELERY (Apium graveolens L.),Vegetables,propanal (=propionaldehyde),"Carbonyls, aldehydes",,
,CELERY (Apium graveolens L.),Vegetables,"2-methylpropanal (=isobutanal, isobutyraldehyde)","Carbonyls, aldehydes",,
,CELERY (Apium graveolens L.),Vegetables,"2-oxopropanal (=pyruvaldehyde, methyl glyoxal, acetylformaldehyde)","Carbonyls, aldehydes",,
,CELERY (Apium graveolens L.),Vegetables,2-butenal (=crotonaldehyde),"Carbonyls, aldehydes",0.04,0.04
,CELERY (Apium graveolens L.),Vegetables,"3-methylbutanal (=isopentanal, isovaleraldehyde)","Carbonyls, aldehydes",,
,CELERY (Apium graveolens L.),Vegetables,2-methyl-2-butenal,"Carbonyls, aldehydes",,
,CELERY (Apium graveolens L.),Vegetables,pentanal (=valeraldehyde),"Carbonyls, aldehydes",0.09,0.09
,CELERY (Apium graveolens L.),Vegetables,hexanal (=capronaldehyde),"Carbonyls, aldehydes",0.47,0.47
,CELERY (Apium graveolens L.),Vegetables,hexenal (unkn.str.),"Carbonyls, aldehydes",,
,CELERY (Apium graveolens L.),Vegetables,heptanal,"Carbonyls, aldehydes",0.009,0.009
,CELERY (Apium graveolens L.),Vegetables,octanal (=caprylaldehyde),"Carbonyls, aldehydes",,
,CELERY (Apium graveolens L.),Vegetables,nonanal (=pelargonaldehyde),"Carbonyls, aldehydes",0.004,0.004
,CELERY (Apium graveolens L.),Vegetables,decanal (=capraldehyde),"Carbonyls, aldehydes",,
,CELERY (Apium graveolens L.),Vegetables,undecanal,"Carbonyls, aldehydes",,
,CELERY (Apium graveolens L.),Vegetables,dodecanal,"Carbonyls, aldehydes",,
,CELERY (Apium graveolens L.),Vegetables,"citronellal (=3,7-dimethyl-6-octenal)","Carbonyls, aldehydes",,
,CELERY (Apium graveolens L.),Vegetables,neral (=β-citral),"Carbonyls, aldehydes",,
,CELERY (Apium graveolens L.),Vegetables,benzaldehyde,"Carbonyls, aldehydes",,
,CELERY (Apium graveolens L.),Vegetables,phenylacetaldehyde (=benzeneacetaldehyde),"Carbonyls, aldehydes",,
,CELERY (Apium graveolens L.),Vegetables,cinnamaldehyde (=3-phenyl-2-propenal),"Carbonyls, aldehydes",1500,1500
,CELERY (Apium graveolens L.),Vegetables,"acetone (=2-propanone, dimethyl ketone)","Carbonyls, ketones",,
,CELERY (Apium graveolens L.),Vegetables,2-butanone (=ethyl methyl ketone),"Carbonyls, ketones",,
,CELERY (Apium graveolens L.),Vegetables,"2,3-butanedione (=diacetyl)","Carbonyls, ketones",,
,CELERY (Apium graveolens L.),Vegetables,2-pentanone,"Carbonyls, ketones",,
,CELERY (Apium graveolens L.),Vegetables,4-isopropyl-2-cyclohexen-1-one (=cryptone),"Carbonyls, ketones",0.18,0.18
,CELERY (Apium graveolens L.),Vegetables,4-methylacetophenone,"Carbonyls, ketones",0.21,0.21
,CELERY (Apium graveolens L.),Vegetables,α-ionone,"Carbonyls, ketones",0.2,500
,CELERY (Apium graveolens L.),Vegetables,1-phenyl-1-pentanone (=valerophenone),"Carbonyls, ketones",0.1,4000
,CELERY (Apium graveolens L.),Vegetables,menthone,"Carbonyls, ketones",,
,CELERY (Apium graveolens L.),Vegetables,isomenthone,"Carbonyls, ketones",,
,CELERY (Apium graveolens L.),Vegetables,piperitone,"Carbonyls, ketones",,
,CELERY (Apium graveolens L.),Vegetables,isopulegone,"Carbonyls, ketones",1600,1600
,CELERY (Apium graveolens L.),Vegetables,trans-dihydrocarvone,"Carbonyls, ketones",,
,CELERY (Apium graveolens L.),Vegetables,cis-dihydrocarvone,"Carbonyls, ketones",,
,CELERY (Apium graveolens L.),Vegetables,"carvone (=p-6,8-menthadien-2-one)","Carbonyls, ketones",0.05,2000
,CELERY (Apium graveolens L.),Vegetables,acetic acid,Acids,0.2,0.2
,CELERY (Apium graveolens L.),Vegetables,2-methylpropanoic acid (=isobutyric acid),Acids,,
,CELERY (Apium graveolens L.),Vegetables,"2-oxopropanoic acid (=pyruvic acid, acetylformic acid)",Acids,,
,CELERY (Apium graveolens L.),Vegetables,(Z)-2-methyl-2-butenoic acid (=angelic acid),Acids,0.1,0.1
,CELERY (Apium graveolens L.),Vegetables,(E)-2-methyl-2-butenoic acid (=tiglic acid),Acids,0.1,0.1
,CELERY (Apium graveolens L.),Vegetables,pentanoic acid (=valeric acid),Acids,,
,CELERY (Apium graveolens L.),Vegetables,"(Z,Z)-9,12-octadecadienoic acid (=linoleic acid)",Acids,,
,CELERY (Apium graveolens L.),Vegetables,"7-methoxy-1,3-benzodioxole-5-carboxylic acid",Acids,,
,CELERY (Apium graveolens L.),Vegetables,(Z)-3-hexenyl acetate,Esters,0.04,0.04
,CELERY (Apium graveolens L.),Vegetables,decyl acetate,Esters,,
,CELERY (Apium graveolens L.),Vegetables,citronellyl acetate,Esters,,
,CELERY (Apium graveolens L.),Vegetables,geranyl acetate,Esters,400,400
,CELERY (Apium graveolens L.),Vegetables,neryl acetate,Esters,,
,CELERY (Apium graveolens L.),Vegetables,linalyl acetate,Esters,,
,CELERY (Apium graveolens L.),Vegetables,terpinyl acetate (unkn.str.),Esters,,
,CELERY (Apium graveolens L.),Vegetables,dihydrocarvyl acetate,Esters,0.1,0.1
,CELERY (Apium graveolens L.),Vegetables,"p-1(7),8-menthadien-2-yl acetate",Esters,0.4,0.4
,CELERY (Apium graveolens L.),Vegetables,carvyl acetate,Esters,0.14,0.14
,CELERY (Apium graveolens L.),Vegetables,trans-carvyl acetate,Esters,3.4,3.4
,CELERY (Apium graveolens L.),Vegetables,cis-carvyl acetate,Esters,0.4,0.4
,CELERY (Apium graveolens L.),Vegetables,pinocarvyl acetate,Esters,0.1,0.8
,CELERY (Apium graveolens L.),Vegetables,terpinyl propanoate (unkn.str.),Esters,,
,CELERY (Apium graveolens L.),Vegetables,(Z)-3-hexenyl 2-oxopropanoate (=(Z)-3-hexenyl pyruvate),Esters,,
,CELERY (Apium graveolens L.),Vegetables,geranyl butanoate,Esters,,
,CELERY (Apium graveolens L.),Vegetables,ethyl 3-methylbutanoate (=ethyl isovalerate),Esters,,
,CELERY (Apium graveolens L.),Vegetables,methyl hexadecanoate (=methyl palmitate),Esters,0.4,0.4
,CELERY (Apium graveolens L.),Vegetables,methyl octadecanoate (=methyl stearate),Esters,0.5,0.5
,CELERY (Apium graveolens L.),Vegetables,methyl 6-pentanoyl-1-cyclohexenecarboxylate (=methyl sedanonate),Esters,,
,CELERY (Apium graveolens L.),Vegetables,benzyl benzoate,Esters,,
,CELERY (Apium graveolens L.),Vegetables,"methyl 3,4-dihydroxycinnamate",Esters,0.1,3
,CELERY (Apium graveolens L.),Vegetables,"ethyl 3,4-dihydroxycinnamate",Esters,1.2,1.2
,CELERY (Apium graveolens L.),Vegetables,"4-hydroxydodecanoic acid lactone (=4-dodecanolide, γ-dodecalactone)",Lactones,,
,CELERY (Apium graveolens L.),Vegetables,ammonia,Bases,19600,19600
,CELERY (Apium graveolens L.),Vegetables,methylamine,Bases,6.4,6.4
,CELERY (Apium graveolens L.),Vegetables,pentylamine,Bases,0.8,0.8
,CELERY (Apium graveolens L.),Vegetables,dimethylamine,Bases,5,5
,CELERY (Apium graveolens L.),Vegetables,aniline,Bases,0.7,0.7
,CELERY (Apium graveolens L.),Vegetables,N-methylaniline,Bases,0.5,0.5
,CELERY (Apium graveolens L.),Vegetables,methylaniline (unkn.str.) (=toluidine (unkn.str.)),Bases,1,1
,CELERY (Apium graveolens L.),Vegetables,benzylamine,Bases,3.4,3.4
,CELERY (Apium graveolens L.),Vegetables,N-methylphenethylamine,Bases,0.5,0.5
,CELERY (Apium graveolens L.),Vegetables,diphenylamine (=N-phenylaniline),Bases,52,52
,CELERY (Apium graveolens L.),Vegetables,pyrrolidine,Bases,0.4,0.4
,CELERY (Apium graveolens L.),Vegetables,pyridine,Bases,,
,CELERY (Apium graveolens L.),Vegetables,2-(sec-butyl)-3-methoxypyrazine,Bases,,
,CELERY (Apium graveolens L.),Vegetables,"dimethyl sulfide (=thiobismethane, methylthiomethane, methyl sulfide)",Sulfur compounds,,
,CELERY (Apium graveolens L.),Vegetables,3-methyl-2-thiophenecarbaldehyde,Sulfur compounds,,
,CELERY (Apium graveolens L.),Vegetables,thymol (=2-isopropyl-5-methylphenol),Phenols,1700,1700
,CELERY (Apium graveolens L.),Vegetables,2-methoxyphenol (=guaiacol),Phenols,,
,CELERY (Apium graveolens L.),Vegetables,2-methoxy-4-vinylphenol (=4-vinylguaiacol),Phenols,,
,CELERY (Apium graveolens L.),Vegetables,eugenol (=4-allyl-2-methoxyphenol),Phenols,,
,CELERY (Apium graveolens L.),Vegetables,"6-allyl-4-methoxy-1,3-benzodioxole (=myristicin)",Phenols,0.33,1800
,CELERY (Apium graveolens L.),Vegetables,"5-allyl-4,7-dimethoxy-1,3-benzodioxole (=apiole, parsley apiole)",Phenols,4.06,4.06
,CELERY (Apium graveolens L.),Vegetables,2-pentylfuran,Furans,0.11,0.11
,CELERY (Apium graveolens L.),Vegetables,"furfural (=2-formylfuran, 2-furancarbaldehyde, 2-furaldehyde)",Furans,,
,CELERY (Apium graveolens L.),Vegetables,"cis-limonene 1,2-oxide","(Ep)oxides, pyrans, coumarins",1.1,1.1
,CELERY (Apium graveolens L.),Vegetables,"trans-limonene 1,2-oxide","(Ep)oxides, pyrans, coumarins",0.1,0.8
,CELERY (Apium graveolens L.),Vegetables,β-caryophyllene oxide,"(Ep)oxides, pyrans, coumarins",3000,5500
,CELERY (Apium graveolens L.),Vegetables,7-hydroxycoumarin (=umbelliferone),"(Ep)oxides, pyrans, coumarins",,
,CELERY (Apium graveolens L.),Vegetables,seselin,"(Ep)oxides, pyrans, coumarins",,
,CELERY (Apium graveolens L.),Vegetables,7-hydroxy-8-(3-methyl-2-butenyl)-coumarin (=osthenol),"(Ep)oxides, pyrans, coumarins",,
,CELERY (Apium graveolens L.),Vegetables,7-hydroxy-8-methoxy-6-(3-methyl-2-butenyl)coumarin (=apigravin),"(Ep)oxides, pyrans, coumarins",,
,CELERY (Apium graveolens L.),Vegetables,psoralen (=furocoumarin),"(Ep)oxides, pyrans, coumarins",,
,CELERY (Apium graveolens L.),Vegetables,5-methoxypsoralen (=bergapten),"(Ep)oxides, pyrans, coumarins",0.33,1.45
,CELERY (Apium graveolens L.),Vegetables,8-methoxypsoralen (=xanthotoxin),"(Ep)oxides, pyrans, coumarins",0.37,1.83
,CELERY (Apium graveolens L.),Vegetables,5-isopentenoxypsoralen (=isoimperatorin),"(Ep)oxides, pyrans, coumarins",,
,CELERY (Apium graveolens L.),Vegetables,8-hydroxy-5-methoxypsoralen,"(Ep)oxides, pyrans, coumarins",,
,CELERY (Apium graveolens L.),Vegetables,"5,8-dimethoxypsoralen (=isopimpinellin)","(Ep)oxides, pyrans, coumarins",0,1.22
,CELERY (Apium graveolens L.),Vegetables,"6,7-dihydro-8-hydroxy-7-isopropenylpsoralen (=apiumetin)","(Ep)oxides, pyrans, coumarins",,
,CELERY (Apium graveolens L.),Vegetables,"6,7-dihydro-8-hydroxy-7-(1-hydroxy-1-methylethyl)psoralen (=rutaretin)","(Ep)oxides, pyrans, coumarins",,
,CELERY (Apium graveolens L.),Vegetables,3-butylhexahydrophthalide,Anhydrides and phthalides,0.04,0.04
,CELERY (Apium graveolens L.),Vegetables,butylhexahydrophthalide (unkn.str.),Anhydrides and phthalides,,
,CELERY (Apium graveolens L.),Vegetables,"3-butyl-3a,4,5,6-tetrahydro-phthalide (=sedanolide)",Anhydrides and phthalides,0.8,4.27
,CELERY (Apium graveolens L.),Vegetables,"cis-3-butyl-3a,4,5,6-tetrahydro-phthalide (=neocnidilide)",Anhydrides and phthalides,70,70
,CELERY (Apium graveolens L.),Vegetables,"trans-3-butyl-3a,4,5,6-tetrahydro-phthalide (=trans-sedanolide)",Anhydrides and phthalides,,
,CELERY (Apium graveolens L.),Vegetables,cnidilide,Anhydrides and phthalides,,
,CELERY (Apium graveolens L.),Vegetables,"3-butylidene-3a,4,5,6-tetrahydro-phthalide (=sedanonic anhydride)",Anhydrides and phthalides,4000,10000
,CELERY (Apium graveolens L.),Vegetables,"3a,4-dihydro-3-isobutylidene-phthalide",Anhydrides and phthalides,trace,0.7
,CELERY (Apium graveolens L.),Vegetables,"3a,4-dihydro-3-isopentylidene-phthalide",Anhydrides and phthalides,0.004,0.2
,CELERY (Apium graveolens L.),Vegetables,"3-butyl-4,5-dihydrophthalide (=sedanenolide, senkyunolide)",Anhydrides and phthalides,0.14,91000
,CELERY (Apium graveolens L.),Vegetables,"3-butylidene-4,5-dihydro-phthalide (=ligustilide)",Anhydrides and phthalides,1.2,45000
,CELERY (Apium graveolens L.),Vegetables,"(Z)-3-butylidene-4,5-dihydro-phthalide (=Z-ligustilide)",Anhydrides and phthalides,5,5
,CELERY (Apium graveolens L.),Vegetables,"(E)-3-butylidene-4,5-dihydro-phthalide (=E-ligustilide)",Anhydrides and phthalides,trace,trace
,CELERY (Apium graveolens L.),Vegetables,3-butylphthalide,Anhydrides and phthalides,1.5,40000
,CELERY (Apium graveolens L.),Vegetables,butylphthalide (unkn.str.),Anhydrides and phthalides,25600,25600
,CELERY (Apium graveolens L.),Vegetables,3-butylidenephthalide,Anhydrides and phthalides,0.7,3
,CELERY (Apium graveolens L.),Vegetables,(Z)-3-butylidenephthalide,Anhydrides and phthalides,trace,trace
,CELERY (Apium graveolens L.),Vegetables,(E)-3-butylidenephthalide,Anhydrides and phthalides,trace,trace
,CELERY (Apium graveolens L.),Vegetables,3-isobutylidenephthalide,Anhydrides and phthalides,0.001,0.2
,CELERY (Apium graveolens L.),Vegetables,3-isopentylidenephthalide,Anhydrides and phthalides,0.001,0.001
CELERY LEAVES and/or STALKS,CELERY (Apium graveolens L.),Vegetables,pentane,Hydrocarbons,0.26,0.26
CELERY LEAVES and/or STALKS,CELERY (Apium graveolens L.),Vegetables,2-methylpentane (=isohexane),Hydrocarbons,,
CELERY LEAVES and/or STALKS,CELERY (Apium graveolens L.),Vegetables,3-methylpentane,Hydrocarbons,,
CELERY LEAVES and/or STALKS,CELERY (Apium graveolens L.),Vegetables,hexane,Hydrocarbons,,
CELERY LEAVES and/or STALKS,CELERY (Apium graveolens L.),Vegetables,3-ethyl-4-methylhexane,Hydrocarbons,,
CELERY LEAVES and/or STALKS,CELERY (Apium graveolens L.),Vegetables,octane,Hydrocarbons,,
CELERY LEAVES and/or STALKS,CELERY (Apium graveolens L.),Vegetables,octane (branched),Hydrocarbons,0.02,0.02
CELERY LEAVES and/or STALKS,CELERY (Apium graveolens L.),Vegetables,nonane,Hydrocarbons,,
CELERY LEAVES and/or STALKS,CELERY (Apium graveolens L.),Vegetables,nonane (branched),Hydrocarbons,,
CELERY LEAVES and/or STALKS,CELERY (Apium graveolens L.),Vegetables,"(E,Z)-1,3,5-undecatriene",Hydrocarbons,,
CELERY LEAVES and/or STALKS,CELERY (Apium graveolens L.),Vegetables,undecatriene (unkn.str.),Hydrocarbons,,
CELERY LEAVES and/or STALKS,CELERY (Apium graveolens L.),Vegetables,(Z)-β-ocimene,Hydrocarbons,,
CELERY LEAVES and/or STALKS,CELERY (Apium graveolens L.),Vegetables,(E)-β-ocimene,Hydrocarbons,,
CELERY LEAVES and/or STALKS,CELERY (Apium graveolens L.),Vegetables,allo-ocimene,Hydrocarbons,,
CELERY LEAVES and/or STALKS,CELERY (Apium graveolens L.),Vegetables,β-myrcene (=myrcene),Hydrocarbons,4,4
CELERY LEAVES and/or STALKS,CELERY (Apium graveolens L.),Vegetables,methylcyclopentane,Hydrocarbons,,
CELERY LEAVES and/or STALKS,CELERY (Apium graveolens L.),Vegetables,cyclohexane,Hydrocarbons,,
CELERY LEAVES and/or STALKS,CELERY (Apium graveolens L.),Vegetables,pentylcyclohexadiene (unkn.str.),Hydrocarbons,,
CELERY LEAVES and/or STALKS,CELERY (Apium graveolens L.),Vegetables,dimethylcyclohexane (unkn.str.),Hydrocarbons,,
CELERY LEAVES and/or STALKS,CELERY (Apium graveolens L.),Vegetables,α-phellandrene,Hydrocarbons,,
CELERY LEAVES and/or STALKS,CELERY (Apium graveolens L.),Vegetables,β-phellandrene,Hydrocarbons,,
CELERY LEAVES and/or STALKS,CELERY (Apium graveolens L.),Vegetables,α-terpinene,Hydrocarbons,,
CELERY LEAVES and/or STALKS,CELERY (Apium graveolens L.),Vegetables,γ-terpinene,Hydrocarbons,0.4,0.4
CELERY LEAVES and/or STALKS,CELERY (Apium graveolens L.),Vegetables,terpinolene,Hydrocarbons,,
CELERY LEAVES and/or STALKS,CELERY (Apium graveolens L.),Vegetables,limonene,Hydrocarbons,0.35,214
CELERY LEAVES and/or STALKS,CELERY (Apium graveolens L.),Vegetables,"p-1,3,8-menthatriene",Hydrocarbons,0.4,0.4
CELERY LEAVES and/or STALKS,CELERY (Apium graveolens L.),Vegetables,p-menthatriene (unkn.str.),Hydrocarbons,,
CELERY LEAVES and/or STALKS,CELERY (Apium graveolens L.),Vegetables,β-elemene,Hydrocarbons,,
CELERY LEAVES and/or STALKS,CELERY (Apium graveolens L.),Vegetables,ar-curcumene,Hydrocarbons,,
CELERY LEAVES and/or STALKS,CELERY (Apium graveolens L.),Vegetables,α-humulene (=humulene),Hydrocarbons,,
CELERY LEAVES and/or STALKS,CELERY (Apium graveolens L.),Vegetables,β-humulene,Hydrocarbons,,
CELERY LEAVES and/or STALKS,CELERY (Apium graveolens L.),Vegetables,α-pinene,Hydrocarbons,1.1,1.1
CELERY LEAVES and/or STALKS,CELERY (Apium graveolens L.),Vegetables,β-pinene,Hydrocarbons,0.2,0.2
CELERY LEAVES and/or STALKS,CELERY (Apium graveolens L.),Vegetables,camphene,Hydrocarbons,,
CELERY LEAVES and/or STALKS,CELERY (Apium graveolens L.),Vegetables,α-thujene,Hydrocarbons,,
CELERY LEAVES and/or STALKS,CELERY (Apium graveolens L.),Vegetables,sabinene (=4(10)-thujene),Hydrocarbons,,
CELERY LEAVES and/or STALKS,CELERY (Apium graveolens L.),Vegetables,δ-cadinene,Hydrocarbons,,
CELERY LEAVES and/or STALKS,CELERY (Apium graveolens L.),Vegetables,"α-selinene (=5β,7α,10α-selina-3,11-diene)",Hydrocarbons,0.05,0.05
CELERY LEAVES and/or STALKS,CELERY (Apium graveolens L.),Vegetables,"β-selinene (=4(14),11-selinadiene)",Hydrocarbons,0.42,7.5
CELERY LEAVES and/or STALKS,CELERY (Apium graveolens L.),Vegetables,selinene (unkn.str.),Hydrocarbons,,
CELERY LEAVES and/or STALKS,CELERY (Apium graveolens L.),Vegetables,valencene,Hydrocarbons,0.09,0.09
CELERY LEAVES and/or STALKS,CELERY (Apium graveolens L.),Vegetables,β-caryophyllene,Hydrocarbons,3.8,3.8
CELERY LEAVES and/or STALKS,CELERY (Apium graveolens L.),Vegetables,α-cedrene,Hydrocarbons,,
CELERY LEAVES and/or STALKS,CELERY (Apium graveolens L.),Vegetables,isopropylbenzene (=cumene),Hydrocarbons,,
CELERY LEAVES and/or STALKS,CELERY (Apium graveolens L.),Vegetables,pentylbenzene,Hydrocarbons,0.07,0.07
CELERY LEAVES and/or STALKS,CELERY (Apium graveolens L.),Vegetables,1-isopropyl-4-methylbenzene (=p-cymene),Hydrocarbons,0.18,0.3
CELERY LEAVES and/or STALKS,CELERY (Apium graveolens L.),Vegetables,"1-isopropenyl-4-methylbenzene (=α,p-dimethyl styrene, p-cymenene, dehydro-p-cymene)",Hydrocarbons,0.12,0.12
CELERY LEAVES and/or STALKS,CELERY (Apium graveolens L.),Vegetables,ethanol,Alcohols,0.39,0.39
CELERY LEAVES and/or STALKS,CELERY (Apium graveolens L.),Vegetables,3-methyl-1-butanol (=isoamyl alcohol),Alcohols,,
CELERY LEAVES and/or STALKS,CELERY (Apium graveolens L.),Vegetables,2-methyl-2-butanol (=tert-amyl alcohol),Alcohols,,
CELERY LEAVES and/or STALKS,CELERY (Apium graveolens L.),Vegetables,1-hexanol,Alcohols,0.2,0.2
CELERY LEAVES and/or STALKS,CELERY (Apium graveolens L.),Vegetables,(E)-2-hexen-1-ol,Alcohols,0.2,0.2
CELERY LEAVES and/or STALKS,CELERY (Apium graveolens L.),Vegetables,(Z)-3-hexen-1-ol (=leaf alcohol),Alcohols,4.5,4.5
CELERY LEAVES and/or STALKS,CELERY (Apium graveolens L.),Vegetables,1-heptanol,Alcohols,,
CELERY LEAVES and/or STALKS,CELERY (Apium graveolens L.),Vegetables,linalool,Alcohols,,
CELERY LEAVES and/or STALKS,CELERY (Apium graveolens L.),Vegetables,α-terpineol,Alcohols,0.1,0.1
CELERY LEAVES and/or STALKS,CELERY (Apium graveolens L.),Vegetables,4-terpineol (=terpinen-4-ol),Alcohols,,
CELERY LEAVES and/or STALKS,CELERY (Apium graveolens L.),Vegetables,dihydrocarveol,Alcohols,0.2,0.2
CELERY LEAVES and/or STALKS,CELERY (Apium graveolens L.),Vegetables,"cis-p-2,8-menthadien-1-ol",Alcohols,0.6,0.6
CELERY LEAVES and/or STALKS,CELERY (Apium graveolens L.),Vegetables,"trans-p-2,8-menthadien-1-ol",Alcohols,0.6,0.6
CELERY LEAVES and/or STALKS,CELERY (Apium graveolens L.),Vegetables,"cis-isocarveol (=cis-p-1(7),8-menthadien-2-ol)",Alcohols,1.8,1.8
CELERY LEAVES and/or STALKS,CELERY (Apium graveolens L.),Vegetables,"trans-isocarveol (=trans-p-1(7),8- menthadien-2-ol)",Alcohols,0.4,0.4
CELERY LEAVES and/or STALKS,CELERY (Apium graveolens L.),Vegetables,"carveol (=p-1(6),8-menthadien-2-ol)",Alcohols,,
CELERY LEAVES and/or STALKS,CELERY (Apium graveolens L.),Vegetables,"cis-carveol (= cis-p-1(6),8-menthadien-2-ol)",Alcohols,1.6,1.6
CELERY LEAVES and/or STALKS,CELERY (Apium graveolens L.),Vegetables,"trans-carveol (=trans-p-1(6),8-menthadien-2-ol)",Alcohols,1.1,1.1
CELERY LEAVES and/or STALKS,CELERY (Apium graveolens L.),Vegetables,"p-8-menthene-1,2-diol",Alcohols,11,11
CELERY LEAVES and/or STALKS,CELERY (Apium graveolens L.),Vegetables,formaldehyde (=methanal),"Carbonyls, aldehydes",,
CELERY LEAVES and/or STALKS,CELERY (Apium graveolens L.),Vegetables,acetaldehyde (=ethanal),"Carbonyls, aldehydes",0.21,0.21
CELERY LEAVES and/or STALKS,CELERY (Apium graveolens L.),Vegetables,propanal (=propionaldehyde),"Carbonyls, aldehydes",,
CELERY LEAVES and/or STALKS,CELERY (Apium graveolens L.),Vegetables,2-butenal (=crotonaldehyde),"Carbonyls, aldehydes",0.04,0.04
CELERY LEAVES and/or STALKS,CELERY (Apium graveolens L.),Vegetables,2-methyl-2-butenal,"Carbonyls, aldehydes",,
CELERY LEAVES and/or STALKS,CELERY (Apium graveolens L.),Vegetables,pentanal (=valeraldehyde),"Carbonyls, aldehydes",0.09,0.09
CELERY LEAVES and/or STALKS,CELERY (Apium graveolens L.),Vegetables,hexanal (=capronaldehyde),"Carbonyls, aldehydes",0.47,0.47
CELERY LEAVES and/or STALKS,CELERY (Apium graveolens L.),Vegetables,heptanal,"Carbonyls, aldehydes",,
CELERY LEAVES and/or STALKS,CELERY (Apium graveolens L.),Vegetables,octanal (=caprylaldehyde),"Carbonyls, aldehydes",,
CELERY LEAVES and/or STALKS,CELERY (Apium graveolens L.),Vegetables,nonanal (=pelargonaldehyde),"Carbonyls, aldehydes",,
CELERY LEAVES and/or STALKS,CELERY (Apium graveolens L.),Vegetables,undecanal,"Carbonyls, aldehydes",,
CELERY LEAVES and/or STALKS,CELERY (Apium graveolens L.),Vegetables,dodecanal,"Carbonyls, aldehydes",,
CELERY LEAVES and/or STALKS,CELERY (Apium graveolens L.),Vegetables,"citronellal (=3,7-dimethyl-6-octenal)","Carbonyls, aldehydes",,
CELERY LEAVES and/or STALKS,CELERY (Apium graveolens L.),Vegetables,neral (=β-citral),"Carbonyls, aldehydes",,
CELERY LEAVES and/or STALKS,CELERY (Apium graveolens L.),Vegetables,benzaldehyde,"Carbonyls, aldehydes",,
CELERY LEAVES and/or STALKS,CELERY (Apium graveolens L.),Vegetables,phenylacetaldehyde (=benzeneacetaldehyde),"Carbonyls, aldehydes",,
CELERY LEAVES and/or STALKS,CELERY (Apium graveolens L.),Vegetables,"2,3-butanedione (=diacetyl)","Carbonyls, ketones",,
CELERY LEAVES and/or STALKS,CELERY (Apium graveolens L.),Vegetables,4-isopropyl-2-cyclohexen-1-one (=cryptone),"Carbonyls, ketones",0.18,0.18
CELERY LEAVES and/or STALKS,CELERY (Apium graveolens L.),Vegetables,4-methylacetophenone,"Carbonyls, ketones",0.21,0.21
CELERY LEAVES and/or STALKS,CELERY (Apium graveolens L.),Vegetables,α-ionone,"Carbonyls, ketones",0.2,0.2
CELERY LEAVES and/or STALKS,CELERY (Apium graveolens L.),Vegetables,1-phenyl-1-pentanone (=valerophenone),"Carbonyls, ketones",0.1,0.1
CELERY LEAVES and/or STALKS,CELERY (Apium graveolens L.),Vegetables,trans-dihydrocarvone,"Carbonyls, ketones",,
CELERY LEAVES and/or STALKS,CELERY (Apium graveolens L.),Vegetables,cis-dihydrocarvone,"Carbonyls, ketones",,
CELERY LEAVES and/or STALKS,CELERY (Apium graveolens L.),Vegetables,"carvone (=p-6,8-menthadien-2-one)","Carbonyls, ketones",0.05,1
CELERY LEAVES and/or STALKS,CELERY (Apium graveolens L.),Vegetables,acetic acid,Acids,0.2,0.2
CELERY LEAVES and/or STALKS,CELERY (Apium graveolens L.),Vegetables,2-methylpropanoic acid (=isobutyric acid),Acids,,
CELERY LEAVES and/or STALKS,CELERY (Apium graveolens L.),Vegetables,"2-oxopropanoic acid (=pyruvic acid, acetylformic acid)",Acids,,
CELERY LEAVES and/or STALKS,CELERY (Apium graveolens L.),Vegetables,(Z)-2-methyl-2-butenoic acid (=angelic acid),Acids,0.1,0.1
CELERY LEAVES and/or STALKS,CELERY (Apium graveolens L.),Vegetables,(E)-2-methyl-2-butenoic acid (=tiglic acid),Acids,0.1,0.1
CELERY LEAVES and/or STALKS,CELERY (Apium graveolens L.),Vegetables,pentanoic acid (=valeric acid),Acids,,
CELERY LEAVES and/or STALKS,CELERY (Apium graveolens L.),Vegetables,"(Z,Z)-9,12-octadecadienoic acid (=linoleic acid)",Acids,,
CELERY LEAVES and/or STALKS,CELERY (Apium graveolens L.),Vegetables,(Z)-3-hexenyl acetate,Esters,0.04,0.04
CELERY LEAVES and/or STALKS,CELERY (Apium graveolens L.),Vegetables,decyl acetate,Esters,,
CELERY LEAVES and/or STALKS,CELERY (Apium graveolens L.),Vegetables,citronellyl acetate,Esters,,
CELERY LEAVES and/or STALKS,CELERY (Apium graveolens L.),Vegetables,geranyl acetate,Esters,,
CELERY LEAVES and/or STALKS,CELERY (Apium graveolens L.),Vegetables,neryl acetate,Esters,,
CELERY LEAVES and/or STALKS,CELERY (Apium graveolens L.),Vegetables,linalyl acetate,Esters,,
CELERY LEAVES and/or STALKS,CELERY (Apium graveolens L.),Vegetables,terpinyl acetate (unkn.str.),Esters,,
CELERY LEAVES and/or STALKS,CELERY (Apium graveolens L.),Vegetables,dihydrocarvyl acetate,Esters,0.1,0.1
CELERY LEAVES and/or STALKS,CELERY (Apium graveolens L.),Vegetables,"p-1(7),8-menthadien-2-yl acetate",Esters,0.4,0.4
CELERY LEAVES and/or STALKS,CELERY (Apium graveolens L.),Vegetables,carvyl acetate,Esters,0.14,0.14
CELERY LEAVES and/or STALKS,CELERY (Apium graveolens L.),Vegetables,trans-carvyl acetate,Esters,3.4,3.4
CELERY LEAVES and/or STALKS,CELERY (Apium graveolens L.),Vegetables,cis-carvyl acetate,Esters,0.4,0.4
CELERY LEAVES and/or STALKS,CELERY (Apium graveolens L.),Vegetables,pinocarvyl acetate,Esters,0.1,0.8
CELERY LEAVES and/or STALKS,CELERY (Apium graveolens L.),Vegetables,terpinyl propanoate (unkn.str.),Esters,,
CELERY LEAVES and/or STALKS,CELERY (Apium graveolens L.),Vegetables,(Z)-3-hexenyl 2-oxopropanoate (=(Z)-3-hexenyl pyruvate),Esters,,
CELERY LEAVES and/or STALKS,CELERY (Apium graveolens L.),Vegetables,geranyl butanoate,Esters,,
CELERY LEAVES and/or STALKS,CELERY (Apium graveolens L.),Vegetables,ethyl 3-methylbutanoate (=ethyl isovalerate),Esters,,
CELERY LEAVES and/or STALKS,CELERY (Apium graveolens L.),Vegetables,methyl 6-pentanoyl-1-cyclohexenecarboxylate (=methyl sedanonate),Esters,,
CELERY LEAVES and/or STALKS,CELERY (Apium graveolens L.),Vegetables,benzyl benzoate,Esters,,
CELERY LEAVES and/or STALKS,CELERY (Apium graveolens L.),Vegetables,"4-hydroxydodecanoic acid lactone (=4-dodecanolide, γ-dodecalactone)",Lactones,,
CELERY LEAVES and/or STALKS,CELERY (Apium graveolens L.),Vegetables,ammonia,Bases,19600,19600
CELERY LEAVES and/or STALKS,CELERY (Apium graveolens L.),Vegetables,methylamine,Bases,6.4,6.4
CELERY LEAVES and/or STALKS,CELERY (Apium graveolens L.),Vegetables,pentylamine,Bases,0.8,0.8
CELERY LEAVES and/or STALKS,CELERY (Apium graveolens L.),Vegetables,dimethylamine,Bases,5,5
CELERY LEAVES and/or STALKS,CELERY (Apium graveolens L.),Vegetables,aniline,Bases,0.7,0.7
CELERY LEAVES and/or STALKS,CELERY (Apium graveolens L.),Vegetables,N-methylaniline,Bases,0.5,0.5
CELERY LEAVES and/or STALKS,CELERY (Apium graveolens L.),Vegetables,methylaniline (unkn.str.) (=toluidine (unkn.str.)),Bases,1,1
CELERY LEAVES and/or STALKS,CELERY (Apium graveolens L.),Vegetables,benzylamine,Bases,3.4,3.4
CELERY LEAVES and/or STALKS,CELERY (Apium graveolens L.),Vegetables,N-methylphenethylamine,Bases,0.5,0.5
CELERY LEAVES and/or STALKS,CELERY (Apium graveolens L.),Vegetables,diphenylamine (=N-phenylaniline),Bases,52,52
CELERY LEAVES and/or STALKS,CELERY (Apium graveolens L.),Vegetables,pyrrolidine,Bases,0.4,0.4
CELERY LEAVES and/or STALKS,CELERY (Apium graveolens L.),Vegetables,pyridine,Bases,,
CELERY LEAVES and/or STALKS,CELERY (Apium graveolens L.),Vegetables,2-(sec-butyl)-3-methoxypyrazine,Bases,,
CELERY LEAVES and/or STALKS,CELERY (Apium graveolens L.),Vegetables,"dimethyl sulfide (=thiobismethane, methylthiomethane, methyl sulfide)",Sulfur compounds,,
CELERY LEAVES and/or STALKS,CELERY (Apium graveolens L.),Vegetables,3-methyl-2-thiophenecarbaldehyde,Sulfur compounds,,
CELERY LEAVES and/or STALKS,CELERY (Apium graveolens L.),Vegetables,2-methoxyphenol (=guaiacol),Phenols,,
CELERY LEAVES and/or STALKS,CELERY (Apium graveolens L.),Vegetables,2-methoxy-4-vinylphenol (=4-vinylguaiacol),Phenols,,
CELERY LEAVES and/or STALKS,CELERY (Apium graveolens L.),Vegetables,"6-allyl-4-methoxy-1,3-benzodioxole (=myristicin)",Phenols,0.33,0.33
CELERY LEAVES and/or STALKS,CELERY (Apium graveolens L.),Vegetables,"5-allyl-4,7-dimethoxy-1,3-benzodioxole (=apiole, parsley apiole)",Phenols,4.06,4.06
CELERY LEAVES and/or STALKS,CELERY (Apium graveolens L.),Vegetables,2-pentylfuran,Furans,0.11,0.11
CELERY LEAVES and/or STALKS,CELERY (Apium graveolens L.),Vegetables,"furfural (=2-formylfuran, 2-furancarbaldehyde, 2-furaldehyde)",Furans,,
CELERY LEAVES and/or STALKS,CELERY (Apium graveolens L.),Vegetables,"cis-limonene 1,2-oxide","(Ep)oxides, pyrans, coumarins",1.1,1.1
CELERY LEAVES and/or STALKS,CELERY (Apium graveolens L.),Vegetables,"trans-limonene 1,2-oxide","(Ep)oxides, pyrans, coumarins",0.1,0.8
CELERY LEAVES and/or STALKS,CELERY (Apium graveolens L.),Vegetables,psoralen (=furocoumarin),"(Ep)oxides, pyrans, coumarins",,
CELERY LEAVES and/or STALKS,CELERY (Apium graveolens L.),Vegetables,5-methoxypsoralen (=bergapten),"(Ep)oxides, pyrans, coumarins",0.33,1.45
CELERY LEAVES and/or STALKS,CELERY (Apium graveolens L.),Vegetables,8-methoxypsoralen (=xanthotoxin),"(Ep)oxides, pyrans, coumarins",0.37,1.83
CELERY LEAVES and/or STALKS,CELERY (Apium graveolens L.),Vegetables,"5,8-dimethoxypsoralen (=isopimpinellin)","(Ep)oxides, pyrans, coumarins",0,1.22
CELERY LEAVES and/or STALKS,CELERY (Apium graveolens L.),Vegetables,3-butylhexahydrophthalide,Anhydrides and phthalides,0.04,0.04
CELERY LEAVES and/or STALKS,CELERY (Apium graveolens L.),Vegetables,butylhexahydrophthalide (unkn.str.),Anhydrides and phthalides,,
CELERY LEAVES and/or STALKS,CELERY (Apium graveolens L.),Vegetables,"3-butyl-3a,4,5,6-tetrahydro-phthalide (=sedanolide)",Anhydrides and phthalides,0.8,4.27
CELERY LEAVES and/or STALKS,CELERY (Apium graveolens L.),Vegetables,"cis-3-butyl-3a,4,5,6-tetrahydro-phthalide (=neocnidilide)",Anhydrides and phthalides,,
CELERY LEAVES and/or STALKS,CELERY (Apium graveolens L.),Vegetables,"trans-3-butyl-3a,4,5,6-tetrahydro-phthalide (=trans-sedanolide)",Anhydrides and phthalides,,
CELERY LEAVES and/or STALKS,CELERY (Apium graveolens L.),Vegetables,cnidilide,Anhydrides and phthalides,,
CELERY LEAVES and/or STALKS,CELERY (Apium graveolens L.),Vegetables,"3-butylidene-3a,4,5,6-tetrahydro-phthalide (=sedanonic anhydride)",Anhydrides and phthalides,,
CELERY LEAVES and/or STALKS,CELERY (Apium graveolens L.),Vegetables,"3a,4-dihydro-3-isobutylidene-phthalide",Anhydrides and phthalides,0.007,0.007
CELERY LEAVES and/or STALKS,CELERY (Apium graveolens L.),Vegetables,"3a,4-dihydro-3-isopentylidene-phthalide",Anhydrides and phthalides,0.004,0.004
CELERY LEAVES and/or STALKS,CELERY (Apium graveolens L.),Vegetables,"3-butyl-4,5-dihydrophthalide (=sedanenolide, senkyunolide)",Anhydrides and phthalides,0.14,0.14
CELERY LEAVES and/or STALKS,CELERY (Apium graveolens L.),Vegetables,"3-butylidene-4,5-dihydro-phthalide (=ligustilide)",Anhydrides and phthalides,,
CELERY LEAVES and/or STALKS,CELERY (Apium graveolens L.),Vegetables,"(Z)-3-butylidene-4,5-dihydro-phthalide (=Z-ligustilide)",Anhydrides and phthalides,,
CELERY LEAVES and/or STALKS,CELERY (Apium graveolens L.),Vegetables,"(E)-3-butylidene-4,5-dihydro-phthalide (=E-ligustilide)",Anhydrides and phthalides,,
CELERY LEAVES and/or STALKS,CELERY (Apium graveolens L.),Vegetables,3-butylphthalide,Anhydrides and phthalides,3,3.9
CELERY LEAVES and/or STALKS,CELERY (Apium graveolens L.),Vegetables,butylphthalide (unkn.str.),Anhydrides and phthalides,,
CELERY LEAVES and/or STALKS,CELERY (Apium graveolens L.),Vegetables,3-butylidenephthalide,Anhydrides and phthalides,,
CELERY LEAVES and/or STALKS,CELERY (Apium graveolens L.),Vegetables,(Z)-3-butylidenephthalide,Anhydrides and phthalides,,
CELERY LEAVES and/or STALKS,CELERY (Apium graveolens L.),Vegetables,(E)-3-butylidenephthalide,Anhydrides and phthalides,,
CELERY LEAVES and/or STALKS,CELERY (Apium graveolens L.),Vegetables,3-isobutylidenephthalide,Anhydrides and phthalides,0.001,0.001
CELERY LEAVES and/or STALKS,CELERY (Apium graveolens L.),Vegetables,3-isopentylidenephthalide,Anhydrides and phthalides,0.001,0.001
CELERY ROOT (Apium graveolens L. var. rapaceum),CELERY (Apium graveolens L.),Vegetables,"2,3-dimethylbutane",Hydrocarbons,,
CELERY ROOT (Apium graveolens L. var. rapaceum),CELERY (Apium graveolens L.),Vegetables,2-methylpentane (=isohexane),Hydrocarbons,,
CELERY ROOT (Apium graveolens L. var. rapaceum),CELERY (Apium graveolens L.),Vegetables,3-methylpentane,Hydrocarbons,,
CELERY ROOT (Apium graveolens L. var. rapaceum),CELERY (Apium graveolens L.),Vegetables,hexane,Hydrocarbons,,
CELERY ROOT (Apium graveolens L. var. rapaceum),CELERY (Apium graveolens L.),Vegetables,3-ethyl-4-methylhexane,Hydrocarbons,9.5,9.5
CELERY ROOT (Apium graveolens L. var. rapaceum),CELERY (Apium graveolens L.),Vegetables,nonane,Hydrocarbons,,
CELERY ROOT (Apium graveolens L. var. rapaceum),CELERY (Apium graveolens L.),Vegetables,"(E,Z)-1,3,5-undecatriene",Hydrocarbons,,
CELERY ROOT (Apium graveolens L. var. rapaceum),CELERY (Apium graveolens L.),Vegetables,β-ocimene,Hydrocarbons,0.1,0.1
CELERY ROOT (Apium graveolens L. var. rapaceum),CELERY (Apium graveolens L.),Vegetables,(Z)-β-ocimene,Hydrocarbons,5.3,5.3
CELERY ROOT (Apium graveolens L. var. rapaceum),CELERY (Apium graveolens L.),Vegetables,(E)-β-ocimene,Hydrocarbons,,
CELERY ROOT (Apium graveolens L. var. rapaceum),CELERY (Apium graveolens L.),Vegetables,allo-ocimene,Hydrocarbons,,
CELERY ROOT (Apium graveolens L. var. rapaceum),CELERY (Apium graveolens L.),Vegetables,β-myrcene (=myrcene),Hydrocarbons,trace,0.09
CELERY ROOT (Apium graveolens L. var. rapaceum),CELERY (Apium graveolens L.),Vegetables,methylcyclopentane,Hydrocarbons,,
CELERY ROOT (Apium graveolens L. var. rapaceum),CELERY (Apium graveolens L.),Vegetables,cyclohexane,Hydrocarbons,,
CELERY ROOT (Apium graveolens L. var. rapaceum),CELERY (Apium graveolens L.),Vegetables,pentylcyclohexadiene (unkn.str.),Hydrocarbons,0.6,0.6
CELERY ROOT (Apium graveolens L. var. rapaceum),CELERY (Apium graveolens L.),Vegetables,α-terpinene,Hydrocarbons,0.4,0.4
CELERY ROOT (Apium graveolens L. var. rapaceum),CELERY (Apium graveolens L.),Vegetables,γ-terpinene,Hydrocarbons,0.1,0.1
CELERY ROOT (Apium graveolens L. var. rapaceum),CELERY (Apium graveolens L.),Vegetables,terpinolene,Hydrocarbons,1.1,1.1
CELERY ROOT (Apium graveolens L. var. rapaceum),CELERY (Apium graveolens L.),Vegetables,limonene,Hydrocarbons,0.8,26.8
CELERY ROOT (Apium graveolens L. var. rapaceum),CELERY (Apium graveolens L.),Vegetables,β-elemene,Hydrocarbons,trace,trace
CELERY ROOT (Apium graveolens L. var. rapaceum),CELERY (Apium graveolens L.),Vegetables,α-humulene (=humulene),Hydrocarbons,trace,trace
CELERY ROOT (Apium graveolens L. var. rapaceum),CELERY (Apium graveolens L.),Vegetables,α-pinene,Hydrocarbons,0.008,0.7
CELERY ROOT (Apium graveolens L. var. rapaceum),CELERY (Apium graveolens L.),Vegetables,β-pinene,Hydrocarbons,0.3,13.9
CELERY ROOT (Apium graveolens L. var. rapaceum),CELERY (Apium graveolens L.),Vegetables,camphene,Hydrocarbons,trace,trace
CELERY ROOT (Apium graveolens L. var. rapaceum),CELERY (Apium graveolens L.),Vegetables,sabinene (=4(10)-thujene),Hydrocarbons,trace,trace
CELERY ROOT (Apium graveolens L. var. rapaceum),CELERY (Apium graveolens L.),Vegetables,"β-selinene (=4(14),11-selinadiene)",Hydrocarbons,0.04,0.4
CELERY ROOT (Apium graveolens L. var. rapaceum),CELERY (Apium graveolens L.),Vegetables,β-caryophyllene,Hydrocarbons,0.08,0.4
CELERY ROOT (Apium graveolens L. var. rapaceum),CELERY (Apium graveolens L.),Vegetables,pentylbenzene,Hydrocarbons,,
CELERY ROOT (Apium graveolens L. var. rapaceum),CELERY (Apium graveolens L.),Vegetables,1-isopropyl-4-methylbenzene (=p-cymene),Hydrocarbons,0.02,2.2
CELERY ROOT (Apium graveolens L. var. rapaceum),CELERY (Apium graveolens L.),Vegetables,2-methyl-2-butanol (=tert-amyl alcohol),Alcohols,,
CELERY ROOT (Apium graveolens L. var. rapaceum),CELERY (Apium graveolens L.),Vegetables,α-terpineol,Alcohols,0.03,2.5
CELERY ROOT (Apium graveolens L. var. rapaceum),CELERY (Apium graveolens L.),Vegetables,4-terpineol (=terpinen-4-ol),Alcohols,0.4,0.4
CELERY ROOT (Apium graveolens L. var. rapaceum),CELERY (Apium graveolens L.),Vegetables,"cis-p-2,8-menthadien-1-ol",Alcohols,0.08,0.08
CELERY ROOT (Apium graveolens L. var. rapaceum),CELERY (Apium graveolens L.),Vegetables,"trans-p-2,8-menthadien-1-ol",Alcohols,0.09,0.09
CELERY ROOT (Apium graveolens L. var. rapaceum),CELERY (Apium graveolens L.),Vegetables,"cis-carveol (= cis-p-1(6),8-menthadien-2-ol)",Alcohols,0.04,0.04
CELERY ROOT (Apium graveolens L. var. rapaceum),CELERY (Apium graveolens L.),Vegetables,formaldehyde (=methanal),"Carbonyls, aldehydes",,
CELERY ROOT (Apium graveolens L. var. rapaceum),CELERY (Apium graveolens L.),Vegetables,acetaldehyde (=ethanal),"Carbonyls, aldehydes",,
CELERY ROOT (Apium graveolens L. var. rapaceum),CELERY (Apium graveolens L.),Vegetables,propanal (=propionaldehyde),"Carbonyls, aldehydes",,
CELERY ROOT (Apium graveolens L. var. rapaceum),CELERY (Apium graveolens L.),Vegetables,"2-methylpropanal (=isobutanal, isobutyraldehyde)","Carbonyls, aldehydes",,
CELERY ROOT (Apium graveolens L. var. rapaceum),CELERY (Apium graveolens L.),Vegetables,"2-oxopropanal (=pyruvaldehyde, methyl glyoxal, acetylformaldehyde)","Carbonyls, aldehydes",,
CELERY ROOT (Apium graveolens L. var. rapaceum),CELERY (Apium graveolens L.),Vegetables,2-butenal (=crotonaldehyde),"Carbonyls, aldehydes",,
CELERY ROOT (Apium graveolens L. var. rapaceum),CELERY (Apium graveolens L.),Vegetables,"3-methylbutanal (=isopentanal, isovaleraldehyde)","Carbonyls, aldehydes",,
CELERY ROOT (Apium graveolens L. var. rapaceum),CELERY (Apium graveolens L.),Vegetables,2-methyl-2-butenal,"Carbonyls, aldehydes",,
CELERY ROOT (Apium graveolens L. var. rapaceum),CELERY (Apium graveolens L.),Vegetables,hexanal (=capronaldehyde),"Carbonyls, aldehydes",,
CELERY ROOT (Apium graveolens L. var. rapaceum),CELERY (Apium graveolens L.),Vegetables,hexenal (unkn.str.),"Carbonyls, aldehydes",,
CELERY ROOT (Apium graveolens L. var. rapaceum),CELERY (Apium graveolens L.),Vegetables,heptanal,"Carbonyls, aldehydes",0.009,0.009
CELERY ROOT (Apium graveolens L. var. rapaceum),CELERY (Apium graveolens L.),Vegetables,octanal (=caprylaldehyde),"Carbonyls, aldehydes",,
CELERY ROOT (Apium graveolens L. var. rapaceum),CELERY (Apium graveolens L.),Vegetables,nonanal (=pelargonaldehyde),"Carbonyls, aldehydes",0.004,0.004
CELERY ROOT (Apium graveolens L. var. rapaceum),CELERY (Apium graveolens L.),Vegetables,decanal (=capraldehyde),"Carbonyls, aldehydes",,
CELERY ROOT (Apium graveolens L. var. rapaceum),CELERY (Apium graveolens L.),Vegetables,dodecanal,"Carbonyls, aldehydes",,
CELERY ROOT (Apium graveolens L. var. rapaceum),CELERY (Apium graveolens L.),Vegetables,phenylacetaldehyde (=benzeneacetaldehyde),"Carbonyls, aldehydes",,
CELERY ROOT (Apium graveolens L. var. rapaceum),CELERY (Apium graveolens L.),Vegetables,"acetone (=2-propanone, dimethyl ketone)","Carbonyls, ketones",,
CELERY ROOT (Apium graveolens L. var. rapaceum),CELERY (Apium graveolens L.),Vegetables,2-butanone (=ethyl methyl ketone),"Carbonyls, ketones",,
CELERY ROOT (Apium graveolens L. var. rapaceum),CELERY (Apium graveolens L.),Vegetables,"2,3-butanedione (=diacetyl)","Carbonyls, ketones",,
CELERY ROOT (Apium graveolens L. var. rapaceum),CELERY (Apium graveolens L.),Vegetables,2-pentanone,"Carbonyls, ketones",,
CELERY ROOT (Apium graveolens L. var. rapaceum),CELERY (Apium graveolens L.),Vegetables,methyl hexadecanoate (=methyl palmitate),Esters,0.4,0.4
CELERY ROOT (Apium graveolens L. var. rapaceum),CELERY (Apium graveolens L.),Vegetables,methyl octadecanoate (=methyl stearate),Esters,0.5,0.5
CELERY ROOT (Apium graveolens L. var. rapaceum),CELERY (Apium graveolens L.),Vegetables,methyl 6-pentanoyl-1-cyclohexenecarboxylate (=methyl sedanonate),Esters,,
CELERY ROOT (Apium graveolens L. var. rapaceum),CELERY (Apium graveolens L.),Vegetables,"methyl 3,4-dihydroxycinnamate",Esters,0.1,3
CELERY ROOT (Apium graveolens L. var. rapaceum),CELERY (Apium graveolens L.),Vegetables,"ethyl 3,4-dihydroxycinnamate",Esters,1.2,1.2
CELERY ROOT (Apium graveolens L. var. rapaceum),CELERY (Apium graveolens L.),Vegetables,"4-hydroxydodecanoic acid lactone (=4-dodecanolide, γ-dodecalactone)",Lactones,,
CELERY ROOT (Apium graveolens L. var. rapaceum),CELERY (Apium graveolens L.),Vegetables,pyridine,Bases,,
CELERY ROOT (Apium graveolens L. var. rapaceum),CELERY (Apium graveolens L.),Vegetables,"dimethyl sulfide (=thiobismethane, methylthiomethane, methyl sulfide)",Sulfur compounds,,
CELERY ROOT (Apium graveolens L. var. rapaceum),CELERY (Apium graveolens L.),Vegetables,2-methoxy-4-vinylphenol (=4-vinylguaiacol),Phenols,,
CELERY ROOT (Apium graveolens L. var. rapaceum),CELERY (Apium graveolens L.),Vegetables,"furfural (=2-formylfuran, 2-furancarbaldehyde, 2-furaldehyde)",Furans,,
CELERY ROOT (Apium graveolens L. var. rapaceum),CELERY (Apium graveolens L.),Vegetables,3-butylhexahydrophthalide,Anhydrides and phthalides,,
CELERY ROOT (Apium graveolens L. var. rapaceum),CELERY (Apium graveolens L.),Vegetables,"3-butyl-3a,4,5,6-tetrahydro-phthalide (=sedanolide)",Anhydrides and phthalides,,
CELERY ROOT (Apium graveolens L. var. rapaceum),CELERY (Apium graveolens L.),Vegetables,"cis-3-butyl-3a,4,5,6-tetrahydro-phthalide (=neocnidilide)",Anhydrides and phthalides,70,70
CELERY ROOT (Apium graveolens L. var. rapaceum),CELERY (Apium graveolens L.),Vegetables,"trans-3-butyl-3a,4,5,6-tetrahydro-phthalide (=trans-sedanolide)",Anhydrides and phthalides,,
CELERY ROOT (Apium graveolens L. var. rapaceum),CELERY (Apium graveolens L.),Vegetables,"3a,4-dihydro-3-isobutylidene-phthalide",Anhydrides and phthalides,trace,trace
CELERY ROOT (Apium graveolens L. var. rapaceum),CELERY (Apium graveolens L.),Vegetables,"3-butyl-4,5-dihydrophthalide (=sedanenolide, senkyunolide)",Anhydrides and phthalides,4.5,30
CELERY ROOT (Apium graveolens L. var. rapaceum),CELERY (Apium graveolens L.),Vegetables,"3-butylidene-4,5-dihydro-phthalide (=ligustilide)",Anhydrides and phthalides,1.2,1.2
CELERY ROOT (Apium graveolens L. var. rapaceum),CELERY (Apium graveolens L.),Vegetables,"(Z)-3-butylidene-4,5-dihydro-phthalide (=Z-ligustilide)",Anhydrides and phthalides,5,5
CELERY ROOT (Apium graveolens L. var. rapaceum),CELERY (Apium graveolens L.),Vegetables,"(E)-3-butylidene-4,5-dihydro-phthalide (=E-ligustilide)",Anhydrides and phthalides,trace,trace
CELERY ROOT (Apium graveolens L. var. rapaceum),CELERY (Apium graveolens L.),Vegetables,3-butylphthalide,Anhydrides and phthalides,1.5,40
CELERY ROOT (Apium graveolens L. var. rapaceum),CELERY (Apium graveolens L.),Vegetables,3-butylidenephthalide,Anhydrides and phthalides,0.7,3
CELERY ROOT (Apium graveolens L. var. rapaceum),CELERY (Apium graveolens L.),Vegetables,(Z)-3-butylidenephthalide,Anhydrides and phthalides,trace,trace
CELERY ROOT (Apium graveolens L. var. rapaceum),CELERY (Apium graveolens L.),Vegetables,(E)-3-butylidenephthalide,Anhydrides and phthalides,trace,trace
CELERY ROOT (Apium graveolens L. var. rapaceum),CELERY (Apium graveolens L.),Vegetables,3-isobutylidenephthalide,Anhydrides and phthalides,0.2,0.2
CELERY SEED OIL,CELERY (Apium graveolens L.),Vegetables,(Z)-β-ocimene,Hydrocarbons,trace,100
CELERY SEED OIL,CELERY (Apium graveolens L.),Vegetables,(E)-β-ocimene,Hydrocarbons,trace,200
CELERY SEED OIL,CELERY (Apium graveolens L.),Vegetables,β-myrcene (=myrcene),Hydrocarbons,7900,20000
CELERY SEED OIL,CELERY (Apium graveolens L.),Vegetables,"pentyl-1,3-cyclohexadiene (unkn.str.)",Hydrocarbons,16000,50000
CELERY SEED OIL,CELERY (Apium graveolens L.),Vegetables,pentylcyclohexadiene (unkn.str.),Hydrocarbons,1200,1200
CELERY SEED OIL,CELERY (Apium graveolens L.),Vegetables,α-phellandrene,Hydrocarbons,trace,trace
CELERY SEED OIL,CELERY (Apium graveolens L.),Vegetables,β-phellandrene,Hydrocarbons,200,500
CELERY SEED OIL,CELERY (Apium graveolens L.),Vegetables,α-terpinene,Hydrocarbons,,
CELERY SEED OIL,CELERY (Apium graveolens L.),Vegetables,γ-terpinene,Hydrocarbons,,
CELERY SEED OIL,CELERY (Apium graveolens L.),Vegetables,terpinolene,Hydrocarbons,,
CELERY SEED OIL,CELERY (Apium graveolens L.),Vegetables,limonene,Hydrocarbons,689000,851300
CELERY SEED OIL,CELERY (Apium graveolens L.),Vegetables,α-pinene,Hydrocarbons,1000,10500
CELERY SEED OIL,CELERY (Apium graveolens L.),Vegetables,β-pinene,Hydrocarbons,trace,14000
CELERY SEED OIL,CELERY (Apium graveolens L.),Vegetables,camphene,Hydrocarbons,trace,400
CELERY SEED OIL,CELERY (Apium graveolens L.),Vegetables,sabinene (=4(10)-thujene),Hydrocarbons,300,7600
CELERY SEED OIL,CELERY (Apium graveolens L.),Vegetables,3-carene,Hydrocarbons,trace,300
CELERY SEED OIL,CELERY (Apium graveolens L.),Vegetables,"α-selinene (=5β,7α,10α-selina-3,11-diene)",Hydrocarbons,20500,139000
CELERY SEED OIL,CELERY (Apium graveolens L.),Vegetables,"β-selinene (=4(14),11-selinadiene)",Hydrocarbons,17000,121700
CELERY SEED OIL,CELERY (Apium graveolens L.),Vegetables,selinene (unkn.str.),Hydrocarbons,,
CELERY SEED OIL,CELERY (Apium graveolens L.),Vegetables,β-caryophyllene,Hydrocarbons,1000,14000
CELERY SEED OIL,CELERY (Apium graveolens L.),Vegetables,pentylbenzene,Hydrocarbons,200,20000
CELERY SEED OIL,CELERY (Apium graveolens L.),Vegetables,1-isopropyl-4-methylbenzene (=p-cymene),Hydrocarbons,1800,7400
CELERY SEED OIL,CELERY (Apium graveolens L.),Vegetables,linalool,Alcohols,900,14800
CELERY SEED OIL,CELERY (Apium graveolens L.),Vegetables,β-eudesmol,Alcohols,2000,4000
CELERY SEED OIL,CELERY (Apium graveolens L.),Vegetables,eudesmol (unkn.str.),Alcohols,2900,2900
CELERY SEED OIL,CELERY (Apium graveolens L.),Vegetables,cinnamaldehyde (=3-phenyl-2-propenal),"Carbonyls, aldehydes",1500,1500
CELERY SEED OIL,CELERY (Apium graveolens L.),Vegetables,α-ionone,"Carbonyls, ketones",500,500
CELERY SEED OIL,CELERY (Apium graveolens L.),Vegetables,1-phenyl-1-pentanone (=valerophenone),"Carbonyls, ketones",2000,4000
CELERY SEED OIL,CELERY (Apium graveolens L.),Vegetables,menthone,"Carbonyls, ketones",,
CELERY SEED OIL,CELERY (Apium graveolens L.),Vegetables,isomenthone,"Carbonyls, ketones",,
CELERY SEED OIL,CELERY (Apium graveolens L.),Vegetables,piperitone,"Carbonyls, ketones",,
CELERY SEED OIL,CELERY (Apium graveolens L.),Vegetables,isopulegone,"Carbonyls, ketones",1600,1600
CELERY SEED OIL,CELERY (Apium graveolens L.),Vegetables,"carvone (=p-6,8-menthadien-2-one)","Carbonyls, ketones",900,2000
CELERY SEED OIL,CELERY (Apium graveolens L.),Vegetables,"7-methoxy-1,3-benzodioxole-5-carboxylic acid",Acids,,
CELERY SEED OIL,CELERY (Apium graveolens L.),Vegetables,geranyl acetate,Esters,400,400
CELERY SEED OIL,CELERY (Apium graveolens L.),Vegetables,thymol (=2-isopropyl-5-methylphenol),Phenols,1700,1700
CELERY SEED OIL,CELERY (Apium graveolens L.),Vegetables,eugenol (=4-allyl-2-methoxyphenol),Phenols,,
CELERY SEED OIL,CELERY (Apium graveolens L.),Vegetables,"6-allyl-4-methoxy-1,3-benzodioxole (=myristicin)",Phenols,1800,1800
CELERY SEED OIL,CELERY (Apium graveolens L.),Vegetables,β-caryophyllene oxide,"(Ep)oxides, pyrans, coumarins",3000,5500
CELERY SEED OIL,CELERY (Apium graveolens L.),Vegetables,7-hydroxycoumarin (=umbelliferone),"(Ep)oxides, pyrans, coumarins",,
CELERY SEED OIL,CELERY (Apium graveolens L.),Vegetables,seselin,"(Ep)oxides, pyrans, coumarins",,
CELERY SEED OIL,CELERY (Apium graveolens L.),Vegetables,7-hydroxy-8-(3-methyl-2-butenyl)-coumarin (=osthenol),"(Ep)oxides, pyrans, coumarins",,
CELERY SEED OIL,CELERY (Apium graveolens L.),Vegetables,7-hydroxy-8-methoxy-6-(3-methyl-2-butenyl)coumarin (=apigravin),"(Ep)oxides, pyrans, coumarins",,
CELERY SEED OIL,CELERY (Apium graveolens L.),Vegetables,5-methoxypsoralen (=bergapten),"(Ep)oxides, pyrans, coumarins",,
CELERY SEED OIL,CELERY (Apium graveolens L.),Vegetables,5-isopentenoxypsoralen (=isoimperatorin),"(Ep)oxides, pyrans, coumarins",,
CELERY SEED OIL,CELERY (Apium graveolens L.),Vegetables,8-hydroxy-5-methoxypsoralen,"(Ep)oxides, pyrans, coumarins",,
CELERY SEED OIL,CELERY (Apium graveolens L.),Vegetables,"5,8-dimethoxypsoralen (=isopimpinellin)","(Ep)oxides, pyrans, coumarins",,
CELERY SEED OIL,CELERY (Apium graveolens L.),Vegetables,"6,7-dihydro-8-hydroxy-7-isopropenylpsoralen (=apiumetin)","(Ep)oxides, pyrans, coumarins",,
CELERY SEED OIL,CELERY (Apium graveolens L.),Vegetables,"6,7-dihydro-8-hydroxy-7-(1-hydroxy-1-methylethyl)psoralen (=rutaretin)","(Ep)oxides, pyrans, coumarins",,
CELERY SEED OIL,CELERY (Apium graveolens L.),Vegetables,"3-butyl-3a,4,5,6-tetrahydro-phthalide (=sedanolide)",Anhydrides and phthalides,,
CELERY SEED OIL,CELERY (Apium graveolens L.),Vegetables,"3-butylidene-3a,4,5,6-tetrahydro-phthalide (=sedanonic anhydride)",Anhydrides and phthalides,4000,10000
CELERY SEED OIL,CELERY (Apium graveolens L.),Vegetables,"3a,4-dihydro-3-isobutylidene-phthalide",Anhydrides and phthalides,0.7,0.7
CELERY SEED OIL,CELERY (Apium graveolens L.),Vegetables,"3a,4-dihydro-3-isopentylidene-phthalide",Anhydrides and phthalides,0.2,0.2
CELERY SEED OIL,CELERY (Apium graveolens L.),Vegetables,"3-butyl-4,5-dihydrophthalide (=sedanenolide, senkyunolide)",Anhydrides and phthalides,38000,91000
CELERY SEED OIL,CELERY (Apium graveolens L.),Vegetables,"3-butylidene-4,5-dihydro-phthalide (=ligustilide)",Anhydrides and phthalides,15000,45000
CELERY SEED OIL,CELERY (Apium graveolens L.),Vegetables,3-butylphthalide,Anhydrides and phthalides,9000,40000
CELERY SEED OIL,CELERY (Apium graveolens L.),Vegetables,butylphthalide (unkn.str.),Anhydrides and phthalides,25600,25600
CUCUMBER (Cucumis sativus L.),,Vegetables,(Z)-2-penten-1-ol,Alcohols,,
CUCUMBER (Cucumis sativus L.),,Vegetables,1-hexanol,Alcohols,,
CUCUMBER (Cucumis sativus L.),,Vegetables,(Z)-3-hexen-1-ol (=leaf alcohol),Alcohols,,
CUCUMBER (Cucumis sativus L.),,Vegetables,1-nonanol,Alcohols,,
CUCUMBER (Cucumis sativus L.),,Vegetables,(E)-2-nonen-1-ol,Alcohols,,
CUCUMBER (Cucumis sativus L.),,Vegetables,(Z)-3-nonen-1-ol,Alcohols,,
CUCUMBER (Cucumis sativus L.),,Vegetables,(Z)-6-nonen-1-ol,Alcohols,,
CUCUMBER (Cucumis sativus L.),,Vegetables,"(E,Z)-2,6-nonadien-1-ol",Alcohols,,
CUCUMBER (Cucumis sativus L.),,Vegetables,"(Z,Z)-3,6-nonadien-1-ol",Alcohols,,
CUCUMBER (Cucumis sativus L.),,Vegetables,acetaldehyde (=ethanal),"Carbonyls, aldehydes",0.2,2
CUCUMBER (Cucumis sativus L.),,Vegetables,propanal (=propionaldehyde),"Carbonyls, aldehydes",0.2,2
CUCUMBER (Cucumis sativus L.),,Vegetables,hexanal (=capronaldehyde),"Carbonyls, aldehydes",0.3,3
CUCUMBER (Cucumis sativus L.),,Vegetables,2-hexenal,"Carbonyls, aldehydes",,
CUCUMBER (Cucumis sativus L.),,Vegetables,(E)-2-hexenal (=leaf aldehyde),"Carbonyls, aldehydes",0.3,3
CUCUMBER (Cucumis sativus L.),,Vegetables,nonanal (=pelargonaldehyde),"Carbonyls, aldehydes",,
CUCUMBER (Cucumis sativus L.),,Vegetables,(Z)-2-nonenal,"Carbonyls, aldehydes",,
CUCUMBER (Cucumis sativus L.),,Vegetables,(E)-2-nonenal,"Carbonyls, aldehydes",0.2,4
CUCUMBER (Cucumis sativus L.),,Vegetables,(Z)-3-nonenal,"Carbonyls, aldehydes",,
CUCUMBER (Cucumis sativus L.),,Vegetables,6-nonenal,"Carbonyls, aldehydes",,
CUCUMBER (Cucumis sativus L.),,Vegetables,(Z)-6-nonenal,"Carbonyls, aldehydes",,
CUCUMBER (Cucumis sativus L.),,Vegetables,"2,6-nonadienal","Carbonyls, aldehydes",,
CUCUMBER (Cucumis sativus L.),,Vegetables,"(E,Z)-2,6-nonadienal","Carbonyls, aldehydes",0.6,6
CUCUMBER (Cucumis sativus L.),,Vegetables,"(Z,Z)-3,6-nonadienal","Carbonyls, aldehydes",,
CUCUMBER (Cucumis sativus L.),,Vegetables,decanal (=capraldehyde),"Carbonyls, aldehydes",,
CUCUMBER (Cucumis sativus L.),,Vegetables,undecanal,"Carbonyls, aldehydes",,
CUCUMBER (Cucumis sativus L.),,Vegetables,dodecanal,"Carbonyls, aldehydes",,
CUCUMBER (Cucumis sativus L.),,Vegetables,tridecanal,"Carbonyls, aldehydes",,
CUCUMBER (Cucumis sativus L.),,Vegetables,tetradecanal,"Carbonyls, aldehydes",,
CUCUMBER (Cucumis sativus L.),,Vegetables,pentadecanal,"Carbonyls, aldehydes",,
CUCUMBER (Cucumis sativus L.),,Vegetables,(Z)-8-pentadecenal,"Carbonyls, aldehydes",,
CUCUMBER (Cucumis sativus L.),,Vegetables,(Z)-7-hexadecenal,"Carbonyls, aldehydes",,
CUCUMBER (Cucumis sativus L.),,Vegetables,"(Z,Z)-7,10-hexadecadienal","Carbonyls, aldehydes",,
CUCUMBER (Cucumis sativus L.),,Vegetables,"(Z,Z,Z)-7,10,13-hexadecatrienal","Carbonyls, aldehydes",,
CUCUMBER (Cucumis sativus L.),,Vegetables,(Z)-8-heptadecenal,"Carbonyls, aldehydes",,
CUCUMBER (Cucumis sativus L.),,Vegetables,"(Z,Z)-8,11-heptadecadienal","Carbonyls, aldehydes",,
CUCUMBER (Cucumis sativus L.),,Vegetables,"(Z,Z,Z)-8,11,14-heptadecatrienal","Carbonyls, aldehydes",,
CUCUMBER (Cucumis sativus L.),,Vegetables,"acetone (=2-propanone, dimethyl ketone)","Carbonyls, ketones",,
CUCUMBER (Cucumis sativus L.),,Vegetables,9-oxononanoic acid,Acids,,
CUCUMBER (Cucumis sativus L.),,Vegetables,dodecanoic acid (=lauric acid),Acids,,
CUCUMBER (Cucumis sativus L.),,Vegetables,tetradecanoic acid (=myristic acid),Acids,,
CUCUMBER (Cucumis sativus L.),,Vegetables,hexadecanoic acid (=palmitic acid),Acids,,
CUCUMBER (Cucumis sativus L.),,Vegetables,octadecanoic acid (=stearic acid),Acids,,
CUCUMBER (Cucumis sativus L.),,Vegetables,9-octadecenoic acid,Acids,,
CUCUMBER (Cucumis sativus L.),,Vegetables,"9,12-octadecadienoic acid",Acids,,
CUCUMBER (Cucumis sativus L.),,Vegetables,"9,12,15-octadecatrienoic acid",Acids,,
CUCUMBER (Cucumis sativus L.),,Vegetables,2-isopropyl-3-methoxypyrazine,Bases,,
CUCUMBER (Cucumis sativus L.),,Vegetables,2-(sec-butyl)-3-methoxypyrazine,Bases,,
CUCUMBER (Cucumis sativus L.),,Vegetables,dimethyl sulfoxide (=methylsulfinylmethane),Sulfur compounds,0.07,0.12
CUCUMBER (Cucumis sativus L.),,Vegetables,2-pentylfuran,Furans,,
LETTUCE (Lactuca sativa L.),,Vegetables,1-hexanol,Alcohols,<1,<1
LETTUCE (Lactuca sativa L.),,Vegetables,(E)-2-hexen-1-ol,Alcohols,1,10
LETTUCE (Lactuca sativa L.),,Vegetables,(Z)-3-hexen-1-ol (=leaf alcohol),Alcohols,<1,<1
LETTUCE (Lactuca sativa L.),,Vegetables,hexanal (=capronaldehyde),"Carbonyls, aldehydes",<1,<1
LETTUCE (Lactuca sativa L.),,Vegetables,(E)-2-hexenal (=leaf aldehyde),"Carbonyls, aldehydes",<1,2
LETTUCE (Lactuca sativa L.),,Vegetables,"3,4-dihydroxycinnamic acid (=caffeic acid)",Acids,6,6
LETTUCE (Lactuca sativa L.),,Vegetables,ammonia,Bases,10260,10260
LETTUCE (Lactuca sativa L.),,Vegetables,methylamine,Bases,37.5,37.5
LETTUCE (Lactuca sativa L.),,Vegetables,ethylamine,Bases,3.3,3.3
LETTUCE (Lactuca sativa L.),,Vegetables,isopropylamine,Bases,,
LETTUCE (Lactuca sativa L.),,Vegetables,pentylamine,Bases,3,3
LETTUCE (Lactuca sativa L.),,Vegetables,dimethylamine,Bases,7.2,7.2
LETTUCE (Lactuca sativa L.),,Vegetables,diethylamine,Bases,,
LETTUCE (Lactuca sativa L.),,Vegetables,aniline,Bases,0.6,0.6
LETTUCE (Lactuca sativa L.),,Vegetables,benzylamine,Bases,11.5,11.5
LETTUCE (Lactuca sativa L.),,Vegetables,N-benzylmethylamine,Bases,10,10
LETTUCE (Lactuca sativa L.),,Vegetables,N-methylphenethylamine,Bases,0.4,0.4
LETTUCE (Lactuca sativa L.),,Vegetables,2-isopropyl-3-methoxypyrazine,Bases,,
LETTUCE (Lactuca sativa L.),,Vegetables,2-isobutyl-3-methoxypyrazine,Bases,,
LETTUCE (Lactuca sativa L.),,Vegetables,2-(sec-butyl)-3-methoxypyrazine,Bases,,
,ALLIUM SPECIES,Vegetables,1-propene (=propylene),Hydrocarbons,3.2,3.2
,ALLIUM SPECIES,Vegetables,octane,Hydrocarbons,,
,ALLIUM SPECIES,Vegetables,1-octene,Hydrocarbons,,
,ALLIUM SPECIES,Vegetables,2-octene,Hydrocarbons,,
,ALLIUM SPECIES,Vegetables,nonane,Hydrocarbons,,
,ALLIUM SPECIES,Vegetables,1-nonene,Hydrocarbons,,
,ALLIUM SPECIES,Vegetables,decane,Hydrocarbons,,
,ALLIUM SPECIES,Vegetables,1-decene,Hydrocarbons,,
,ALLIUM SPECIES,Vegetables,undecane,Hydrocarbons,,
,ALLIUM SPECIES,Vegetables,1-undecene,Hydrocarbons,,
,ALLIUM SPECIES,Vegetables,dodecane,Hydrocarbons,0.4,0.4
,ALLIUM SPECIES,Vegetables,1-dodecene,Hydrocarbons,,
,ALLIUM SPECIES,Vegetables,tridecane,Hydrocarbons,0.3,0.3
,ALLIUM SPECIES,Vegetables,1-tridecene,Hydrocarbons,,
,ALLIUM SPECIES,Vegetables,tetradecane,Hydrocarbons,1.5,1.5
,ALLIUM SPECIES,Vegetables,1-tetradecene,Hydrocarbons,,
,ALLIUM SPECIES,Vegetables,pentadecane,Hydrocarbons,4,4
,ALLIUM SPECIES,Vegetables,1-pentadecene,Hydrocarbons,,
,ALLIUM SPECIES,Vegetables,hexadecane,Hydrocarbons,2.4,2.4
,ALLIUM SPECIES,Vegetables,1-hexadecene,Hydrocarbons,,
,ALLIUM SPECIES,Vegetables,heptadecane,Hydrocarbons,3,3
,ALLIUM SPECIES,Vegetables,1-heptadecene,Hydrocarbons,,
,ALLIUM SPECIES,Vegetables,octadecane,Hydrocarbons,0.3,0.3
,ALLIUM SPECIES,Vegetables,1-octadecene,Hydrocarbons,,
,ALLIUM SPECIES,Vegetables,nonadecane,Hydrocarbons,5.9,5.9
,ALLIUM SPECIES,Vegetables,eicosane,Hydrocarbons,6.7,6.7
,ALLIUM SPECIES,Vegetables,heneicosane,Hydrocarbons,7.8,7.8
,ALLIUM SPECIES,Vegetables,docosane,Hydrocarbons,8.2,8.2
,ALLIUM SPECIES,Vegetables,tricosane,Hydrocarbons,8.4,8.4
,ALLIUM SPECIES,Vegetables,tetracosane,Hydrocarbons,3.7,3.7
,ALLIUM SPECIES,Vegetables,pentacosane,Hydrocarbons,3.5,3.5
,ALLIUM SPECIES,Vegetables,limonene,Hydrocarbons,,
,ALLIUM SPECIES,Vegetables,benzene,Hydrocarbons,,
,ALLIUM SPECIES,Vegetables,methylbenzene (=toluene),Hydrocarbons,,
,ALLIUM SPECIES,Vegetables,ethylbenzene (=α-methyltoluene),Hydrocarbons,,
,ALLIUM SPECIES,Vegetables,vinylbenzene (=styrene),Hydrocarbons,,
,ALLIUM SPECIES,Vegetables,propylbenzene,Hydrocarbons,,
,ALLIUM SPECIES,Vegetables,butylbenzene,Hydrocarbons,,
,ALLIUM SPECIES,Vegetables,pentylbenzene,Hydrocarbons,,
,ALLIUM SPECIES,Vegetables,hexylbenzene,Hydrocarbons,,
,ALLIUM SPECIES,Vegetables,heptylbenzene,Hydrocarbons,,
,ALLIUM SPECIES,Vegetables,dimethylbenzene (unkn.str.) (=xylene (unkn.str.)),Hydrocarbons,,
,ALLIUM SPECIES,Vegetables,ethyl-methylbenzene (unkn.str.),Hydrocarbons,,
,ALLIUM SPECIES,Vegetables,methyl-propenylbenzene (unkn.str.),Hydrocarbons,,
,ALLIUM SPECIES,Vegetables,trimethylbenzene (unkn.str.),Hydrocarbons,,
,ALLIUM SPECIES,Vegetables,1-methylnaphthalene,Hydrocarbons,,
,ALLIUM SPECIES,Vegetables,2-methylnaphthalene,Hydrocarbons,,
,ALLIUM SPECIES,Vegetables,methanol,Alcohols,,
,ALLIUM SPECIES,Vegetables,ethanol,Alcohols,,
,ALLIUM SPECIES,Vegetables,1-propanol (=propyl alcohol),Alcohols,,
,ALLIUM SPECIES,Vegetables,2-propanol (=isopropyl alcohol),Alcohols,,
,ALLIUM SPECIES,Vegetables,2-propen-1-ol (=allyl alcohol),Alcohols,43.6,91.3
,ALLIUM SPECIES,Vegetables,2-methyl-1-propanol (=isobutanol),Alcohols,,
,ALLIUM SPECIES,Vegetables,1-butanol,Alcohols,0.08,0.08
,ALLIUM SPECIES,Vegetables,3-methyl-1-butanol (=isoamyl alcohol),Alcohols,,
,ALLIUM SPECIES,Vegetables,1-pentanol (=amyl alcohol),Alcohols,,
,ALLIUM SPECIES,Vegetables,2-methyl-1-pentanol,Alcohols,,
,ALLIUM SPECIES,Vegetables,3-methyl-1-pentanol,Alcohols,,
,ALLIUM SPECIES,Vegetables,1-hexanol,Alcohols,0,1
,ALLIUM SPECIES,Vegetables,(E)-2-hexen-1-ol,Alcohols,0,1
,ALLIUM SPECIES,Vegetables,(Z)-2-hexen-1-ol,Alcohols,<0.04,<0.04
,ALLIUM SPECIES,Vegetables,(Z)-3-hexen-1-ol (=leaf alcohol),Alcohols,0,5
,ALLIUM SPECIES,Vegetables,(E)-3-hexen-1-ol,Alcohols,,
,ALLIUM SPECIES,Vegetables,1-octanol,Alcohols,0.08,1.8
,ALLIUM SPECIES,Vegetables,1-octen-3-ol,Alcohols,0.08,0.08
,ALLIUM SPECIES,Vegetables,1-nonanol,Alcohols,0.16,0.16
,ALLIUM SPECIES,Vegetables,1-decanol,Alcohols,<0.04,<0.04
,ALLIUM SPECIES,Vegetables,1-undecanol,Alcohols,<0.04,<0.04
,ALLIUM SPECIES,Vegetables,2-undecanol,Alcohols,1.9,1.9
,ALLIUM SPECIES,Vegetables,1-dodecanol,Alcohols,<0.04,<0.04
,ALLIUM SPECIES,Vegetables,1-tridecanol,Alcohols,<0.04,<0.04
,ALLIUM SPECIES,Vegetables,2-tridecanol,Alcohols,6.4,6.4
,ALLIUM SPECIES,Vegetables,1-tetradecanol,Alcohols,<0.04,<0.04
,ALLIUM SPECIES,Vegetables,geraniol,Alcohols,0.24,0.24
,ALLIUM SPECIES,Vegetables,nerol,Alcohols,0.16,0.16
,ALLIUM SPECIES,Vegetables,linalool,Alcohols,0.7,0.7
,ALLIUM SPECIES,Vegetables,benzyl alcohol (=benzenemethanol),Alcohols,,
,ALLIUM SPECIES,Vegetables,1-phenylethanol (=α-methylbenzyl alcohol),Alcohols,,
,ALLIUM SPECIES,Vegetables,2-phenylethanol (=phenethyl alcohol),Alcohols,,
,ALLIUM SPECIES,Vegetables,α-terpineol,Alcohols,<0.04,<0.04
,ALLIUM SPECIES,Vegetables,α-cadinol,Alcohols,0.6,0.6
,ALLIUM SPECIES,Vegetables,formaldehyde (=methanal),"Carbonyls, aldehydes",,
,ALLIUM SPECIES,Vegetables,acetaldehyde (=ethanal),"Carbonyls, aldehydes",,
,ALLIUM SPECIES,Vegetables,propanal (=propionaldehyde),"Carbonyls, aldehydes",,
,ALLIUM SPECIES,Vegetables,butanal (=butyraldehyde),"Carbonyls, aldehydes",,
,ALLIUM SPECIES,Vegetables,2-methylbutanal (=α-methylbutanal),"Carbonyls, aldehydes",,
,ALLIUM SPECIES,Vegetables,"3-methylbutanal (=isopentanal, isovaleraldehyde)","Carbonyls, aldehydes",,
,ALLIUM SPECIES,Vegetables,(E)-2-methyl-2-butenal (=tiglicaldehyde),"Carbonyls, aldehydes",0.015,0.015
,ALLIUM SPECIES,Vegetables,pentanal (=valeraldehyde),"Carbonyls, aldehydes",,
,ALLIUM SPECIES,Vegetables,2-methylpentanal,"Carbonyls, aldehydes",,
,ALLIUM SPECIES,Vegetables,2-methyl-2-pentenal,"Carbonyls, aldehydes",0.03,1.4
,ALLIUM SPECIES,Vegetables,methylpentenal (unkn.str.),"Carbonyls, aldehydes",,
,ALLIUM SPECIES,Vegetables,hexanal (=capronaldehyde),"Carbonyls, aldehydes",0.5,30
,ALLIUM SPECIES,Vegetables,2-hexenal,"Carbonyls, aldehydes",,
,ALLIUM SPECIES,Vegetables,(E)-2-hexenal (=leaf aldehyde),"Carbonyls, aldehydes",10,30
,ALLIUM SPECIES,Vegetables,heptanal,"Carbonyls, aldehydes",0.06,0.06
,ALLIUM SPECIES,Vegetables,decanal (=capraldehyde),"Carbonyls, aldehydes",0.6,0.6
,ALLIUM SPECIES,Vegetables,dodecanal,"Carbonyls, aldehydes",1.8,1.8
,ALLIUM SPECIES,Vegetables,tridecanal,"Carbonyls, aldehydes",3,3
,ALLIUM SPECIES,Vegetables,tetradecanal,"Carbonyls, aldehydes",4.5,4.5
,ALLIUM SPECIES,Vegetables,benzaldehyde,"Carbonyls, aldehydes",,
,ALLIUM SPECIES,Vegetables,2-methylbenzaldehyde (=o-tolualdehyde),"Carbonyls, aldehydes",0.6,0.6
,ALLIUM SPECIES,Vegetables,vanillin (=4-hydroxy-3-methoxybenzaldehyde),"Carbonyls, aldehydes",,
,ALLIUM SPECIES,Vegetables,"acetone (=2-propanone, dimethyl ketone)","Carbonyls, ketones",,
,ALLIUM SPECIES,Vegetables,"1-hydroxy-2-propanone (=acetol, pyruvic alcohol)","Carbonyls, ketones",,
,ALLIUM SPECIES,Vegetables,2-butanone (=ethyl methyl ketone),"Carbonyls, ketones",,
,ALLIUM SPECIES,Vegetables,3-hydroxy-2-butanone (=acetoin),"Carbonyls, ketones",,
,ALLIUM SPECIES,Vegetables,3-pentanone,"Carbonyls, ketones",,
,ALLIUM SPECIES,Vegetables,1-penten-3-one,"Carbonyls, ketones",,
,ALLIUM SPECIES,Vegetables,2-heptanone,"Carbonyls, ketones",,
,ALLIUM SPECIES,Vegetables,2-octanone,"Carbonyls, ketones",,
,ALLIUM SPECIES,Vegetables,2-nonanone,"Carbonyls, ketones",,
,ALLIUM SPECIES,Vegetables,2-decanone,"Carbonyls, ketones",,
,ALLIUM SPECIES,Vegetables,2-undecanone,"Carbonyls, ketones",0.08,2.5
,ALLIUM SPECIES,Vegetables,2-tridecanone,"Carbonyls, ketones",0.08,4.3
,ALLIUM SPECIES,Vegetables,2-pentadecanone,"Carbonyls, ketones",9.3,9.3
,ALLIUM SPECIES,Vegetables,cyclopentanone,"Carbonyls, ketones",,
,ALLIUM SPECIES,Vegetables,2-cyclopenten-1-one,"Carbonyls, ketones",,
,ALLIUM SPECIES,Vegetables,3-methyl-2-cyclopenten-1-one,"Carbonyls, ketones",,
,ALLIUM SPECIES,Vegetables,"2,3-dimethyl-2-cyclopenten-1-one","Carbonyls, ketones",,
,ALLIUM SPECIES,Vegetables,"3-methyl-1,2-cyclopentanedione (=cyclotene)","Carbonyls, ketones",,
,ALLIUM SPECIES,Vegetables,acetophenone (=1-phenylethanone),"Carbonyls, ketones",,
,ALLIUM SPECIES,Vegetables,hydroxyacetophenone (unkn.str.),"Carbonyls, ketones",,
,ALLIUM SPECIES,Vegetables,"2,4-dihydroxyacetophenone","Carbonyls, ketones",,
,ALLIUM SPECIES,Vegetables,acetic acid,Acids,,
,ALLIUM SPECIES,Vegetables,propanoic acid (=propionic acid),Acids,,
,ALLIUM SPECIES,Vegetables,"2-oxopropanoic acid (=pyruvic acid, acetylformic acid)",Acids,,
,ALLIUM SPECIES,Vegetables,butanoic acid (=butyric acid),Acids,,
,ALLIUM SPECIES,Vegetables,pentanoic acid (=valeric acid),Acids,,
,ALLIUM SPECIES,Vegetables,hexanoic acid (=caproic acid),Acids,,
,ALLIUM SPECIES,Vegetables,ethyl formate,Esters,,
,ALLIUM SPECIES,Vegetables,ethyl acetate,Esters,,
,ALLIUM SPECIES,Vegetables,3-ethylphenyl acetate,Esters,,
,ALLIUM SPECIES,Vegetables,ethyl propanoate,Esters,,
,ALLIUM SPECIES,Vegetables,ethyl butanoate,Esters,,
,ALLIUM SPECIES,Vegetables,"ethyl 4-oxopentanoate (=ethyl levulate, ethyl levulinate)",Esters,,
,ALLIUM SPECIES,Vegetables,methyl dodecanoate (=methyl laurate),Esters,1.3,1.3
,ALLIUM SPECIES,Vegetables,methyl tetradecanoate (=methyl myristate),Esters,3.2,3.2
,ALLIUM SPECIES,Vegetables,methyl hexadecanoate (=methyl palmitate),Esters,2.3,2.3
,ALLIUM SPECIES,Vegetables,methyl octadecanoate (=methyl stearate),Esters,2.2,2.2
,ALLIUM SPECIES,Vegetables,methyl (Z)-9-octadecenoate (=methyl oleate),Esters,0.08,2.6
,ALLIUM SPECIES,Vegetables,"methyl 9,12-octadecadienoate",Esters,0.6,0.6
,ALLIUM SPECIES,Vegetables,"ethyl 9,12-octadecadienoate",Esters,,
,ALLIUM SPECIES,Vegetables,"methyl 9,12,15-octadecatrienoate",Esters,,
,ALLIUM SPECIES,Vegetables,"ethyl 9,12,15-octadecatrienoate",Esters,,
,ALLIUM SPECIES,Vegetables,dimethyl phthalate,Esters,,
,ALLIUM SPECIES,Vegetables,"4-hydroxybutanoic acid lactone (=dihydro-2(3H)-furanone, 4-butanolide, γ-butyrolactone)",Lactones,,
,ALLIUM SPECIES,Vegetables,trimethylamine,Bases,,
,ALLIUM SPECIES,Vegetables,aniline,Bases,2.5,4.4
,ALLIUM SPECIES,Vegetables,diphenylamine (=N-phenylaniline),Bases,23,23
,ALLIUM SPECIES,Vegetables,2-pyrrolecarbaldehyde (=2-formylpyrrole),Bases,,
,ALLIUM SPECIES,Vegetables,5-methyl-2-pyrrolecarbaldehyde (=2-formyl-5-methylpyrrole),Bases,,
,ALLIUM SPECIES,Vegetables,"1-ethyl-2-pyrrolecarbaldehyde (=1-ethyl-2-formylpyrrole, 1-ethylpyrrole-2-aldehyde)",Bases,,
,ALLIUM SPECIES,Vegetables,2-acetylpyrrole (=methyl 2-pyrrolyl ketone),Bases,,
,ALLIUM SPECIES,Vegetables,indole,Bases,,
,ALLIUM SPECIES,Vegetables,pyridine,Bases,,
,ALLIUM SPECIES,Vegetables,2-methylpyridine (=α-picoline),Bases,,
,ALLIUM SPECIES,Vegetables,ethylpyridine (unkn.str.),Bases,,
,ALLIUM SPECIES,Vegetables,2-isopropyl-3-methoxypyrazine,Bases,,
,ALLIUM SPECIES,Vegetables,methanethiol (=methyl mercaptan),Sulfur compounds,2.44,316
,ALLIUM SPECIES,Vegetables,1-propanethiol (=propyl mercaptan),Sulfur compounds,0.3,20.5
,ALLIUM SPECIES,Vegetables,2-propanethiol (=isopropyl mercaptan),Sulfur compounds,44.7,44.7
,ALLIUM SPECIES,Vegetables,propenethiol (unkn.str.),Sulfur compounds,,
,ALLIUM SPECIES,Vegetables,"2-propene-1-thiol (=allyl mercaptan, allylthiol)",Sulfur compounds,0.5,3880
,ALLIUM SPECIES,Vegetables,1-pentanethiol (=pentyl mercaptan),Sulfur compounds,,
,ALLIUM SPECIES,Vegetables,"1,2-cyclopentanedithiol",Sulfur compounds,,
,ALLIUM SPECIES,Vegetables,hydrogen sulfide,Sulfur compounds,,
,ALLIUM SPECIES,Vegetables,sulfur dioxide,Sulfur compounds,,
,ALLIUM SPECIES,Vegetables,"1,2-propylene sulfide (=2-methylthiirane, 1,2-epithiopropane)",Sulfur compounds,0.83,0.83
,ALLIUM SPECIES,Vegetables,"dimethyl sulfide (=thiobismethane, methylthiomethane, methyl sulfide)",Sulfur compounds,0.2,0.3
,ALLIUM SPECIES,Vegetables,methyl propyl sulfide (=1-(methylthio)propane),Sulfur compounds,,
,ALLIUM SPECIES,Vegetables,methyl 1-propenyl sulfide (=1-(methylthio)-1-propene),Sulfur compounds,,
,ALLIUM SPECIES,Vegetables,allyl methyl sulfide (=1-(methylthio)-2-propene),Sulfur compounds,1.7,12
,ALLIUM SPECIES,Vegetables,1-propenyl propyl sulfide,Sulfur compounds,,
,ALLIUM SPECIES,Vegetables,allyl propyl sulfide,Sulfur compounds,,
,ALLIUM SPECIES,Vegetables,bis(1-propenyl) sulfide,Sulfur compounds,,
,ALLIUM SPECIES,Vegetables,"diallyl sulfide (=thioallyl ether, 1-(allylthio)-2-propene)",Sulfur compounds,1.8,73
,ALLIUM SPECIES,Vegetables,carbon disulfide,Sulfur compounds,,
,ALLIUM SPECIES,Vegetables,dimethyl disulfide (=methyldithiomethane),Sulfur compounds,0.03,25.5
,ALLIUM SPECIES,Vegetables,methyl propyl disulfide,Sulfur compounds,0.5,11
,ALLIUM SPECIES,Vegetables,isopropyl methyl disulfide,Sulfur compounds,,
,ALLIUM SPECIES,Vegetables,methyl 1-propenyl disulfide,Sulfur compounds,,
,ALLIUM SPECIES,Vegetables,methyl (E)-1-propenyl disulfide,Sulfur compounds,0.3,1.6
,ALLIUM SPECIES,Vegetables,methyl (Z)-1-propenyl disulfide,Sulfur compounds,0.2,0.2
,ALLIUM SPECIES,Vegetables,allyl methyl disulfide,Sulfur compounds,4.2,72.4
,ALLIUM SPECIES,Vegetables,ethyl propyl disulfide,Sulfur compounds,,
,ALLIUM SPECIES,Vegetables,ethyl isopropyl disulfide,Sulfur compounds,,
,ALLIUM SPECIES,Vegetables,dipropyl disulfide,Sulfur compounds,3.1,19.9
,ALLIUM SPECIES,Vegetables,isopropyl propyl disulfide,Sulfur compounds,,
,ALLIUM SPECIES,Vegetables,1-propenyl propyl disulfide,Sulfur compounds,,
,ALLIUM SPECIES,Vegetables,(Z)-1-propenyl propyl disulfide,Sulfur compounds,0.6,9.7
,ALLIUM SPECIES,Vegetables,(E)-1-propenyl propyl disulfide,Sulfur compounds,1.4,3.1
,ALLIUM SPECIES,Vegetables,allyl propyl disulfide,Sulfur compounds,7.2,7.2
,ALLIUM SPECIES,Vegetables,isopropyl 1-propenyl disulfide,Sulfur compounds,,
,ALLIUM SPECIES,Vegetables,allyl isopropyl disulfide,Sulfur compounds,,
,ALLIUM SPECIES,Vegetables,bis(1-propenyl) disulfide,Sulfur compounds,,
,ALLIUM SPECIES,Vegetables,"(E,E)-bis(1-propenyl) disulfide",Sulfur compounds,,
,ALLIUM SPECIES,Vegetables,allyl 1-propenyl disulfide,Sulfur compounds,,
,ALLIUM SPECIES,Vegetables,diallyl disulfide,Sulfur compounds,2.1,679
,ALLIUM SPECIES,Vegetables,butyl propyl disulfide,Sulfur compounds,,
,ALLIUM SPECIES,Vegetables,butyl isopropyl disulfide,Sulfur compounds,,
,ALLIUM SPECIES,Vegetables,hydrogen pentyl disulfide (=1-pentanesulfenothioic acid),Sulfur compounds,,
,ALLIUM SPECIES,Vegetables,methyl pentyl disulfide,Sulfur compounds,8.7,8.7
,ALLIUM SPECIES,Vegetables,"dimethyl trisulfide (=2,3,4-trithiapentane, methyltrithiomethane)",Sulfur compounds,1.4,31
,ALLIUM SPECIES,Vegetables,methyl propyl trisulfide,Sulfur compounds,1.9,20.4
,ALLIUM SPECIES,Vegetables,dipropyl trisulfide,Sulfur compounds,0.9,23.8
,ALLIUM SPECIES,Vegetables,isopropyl propyl trisulfide,Sulfur compounds,,
,ALLIUM SPECIES,Vegetables,1-propenyl propyl trisulfide,Sulfur compounds,,
,ALLIUM SPECIES,Vegetables,(Z)-1-propenyl propyl trisulfide,Sulfur compounds,,
,ALLIUM SPECIES,Vegetables,(E)-1-propenyl propyl trisufide,Sulfur compounds,,
,ALLIUM SPECIES,Vegetables,allyl propyl trisulfide,Sulfur compounds,,
,ALLIUM SPECIES,Vegetables,propenyl propyl trisulfide (unkn.str.),Sulfur compounds,,
,ALLIUM SPECIES,Vegetables,diisopropyl trisulfide,Sulfur compounds,,
,ALLIUM SPECIES,Vegetables,methyl 1-propenyl trisulfide,Sulfur compounds,,
,ALLIUM SPECIES,Vegetables,methyl (Z)-1-propenyl trisulfide,Sulfur compounds,,
,ALLIUM SPECIES,Vegetables,methyl (E)-1-propenyl trisulfide,Sulfur compounds,,
,ALLIUM SPECIES,Vegetables,allyl methyl trisulfide,Sulfur compounds,1.6,160
,ALLIUM SPECIES,Vegetables,bis(1-propenyl) trisulfide,Sulfur compounds,,
,ALLIUM SPECIES,Vegetables,diallyl trisulfide,Sulfur compounds,11.1,697
,ALLIUM SPECIES,Vegetables,dimethyl tetrasulfide (=methyltetrathiomethane),Sulfur compounds,2.8,2.8
,ALLIUM SPECIES,Vegetables,methyl propyl tetrasulfide (=methyltetrathiopropane),Sulfur compounds,3.5,6.7
,ALLIUM SPECIES,Vegetables,methyl 1-propenyl tetrasulfide,Sulfur compounds,,
,ALLIUM SPECIES,Vegetables,dipropyl tetrasulfide,Sulfur compounds,,
,ALLIUM SPECIES,Vegetables,(Z)-1-propenyl propyl tetrasulfide,Sulfur compounds,,
,ALLIUM SPECIES,Vegetables,(E)-1-propenyl propyl tetrasulfide,Sulfur compounds,,
,ALLIUM SPECIES,Vegetables,bis(1-propenyl) tetrasulfide,Sulfur compounds,,
,ALLIUM SPECIES,Vegetables,diallyl tetrasulfide,Sulfur compounds,,
,ALLIUM SPECIES,Vegetables,dimethyl pentasulfide,Sulfur compounds,,
,ALLIUM SPECIES,Vegetables,methyl propyl pentasulfide,Sulfur compounds,,
,ALLIUM SPECIES,Vegetables,"4-methyl-2,3,5-trithiahexane",Sulfur compounds,,
,ALLIUM SPECIES,Vegetables,"4-ethyl-2,3,5-trithiahexane",Sulfur compounds,,
,ALLIUM SPECIES,Vegetables,"3-ethyl-2,4,5-trithiaheptane",Sulfur compounds,,
,ALLIUM SPECIES,Vegetables,"3-ethyl-2,4,5-trithiaoctane",Sulfur compounds,,
,ALLIUM SPECIES,Vegetables,"4-ethyl-2,3,5-trithiaoctane",Sulfur compounds,,
,ALLIUM SPECIES,Vegetables,"6-ethyl-4,5,7-trithiadecane",Sulfur compounds,,
,ALLIUM SPECIES,Vegetables,"4-ethyl-2,3,5-trithia-6-octene",Sulfur compounds,,
,ALLIUM SPECIES,Vegetables,"6-ethyl-4,5,7-trithiadec-2-ene",Sulfur compounds,,
,ALLIUM SPECIES,Vegetables,"(E)-5-ethyl-4,6,7-trithia-2-decene 4-oxide",Sulfur compounds,,
,ALLIUM SPECIES,Vegetables,"6-ethyl-4,5,7-trithia-2,8-decadiene",Sulfur compounds,,
,ALLIUM SPECIES,Vegetables,"(E,E)-6-ethyl-4,5,7-trithia-2,8-decadiene 7-oxide",Sulfur compounds,,
,ALLIUM SPECIES,Vegetables,(Z)-ajoene,Sulfur compounds,,
,ALLIUM SPECIES,Vegetables,(E)-ajoene,Sulfur compounds,,
,ALLIUM SPECIES,Vegetables,"(E,Z)-1-propenyl 1-(1-propenyldithio)propyl sulfoxide",Sulfur compounds,,
,ALLIUM SPECIES,Vegetables,"5-ethyl-2,3,4,6-tetrathiaheptane",Sulfur compounds,,
,ALLIUM SPECIES,Vegetables,"4-ethyl-2,3,5,6-tetrathiaheptane",Sulfur compounds,,
,ALLIUM SPECIES,Vegetables,"4-ethyl-2,3,5,6-tetrathianonane",Sulfur compounds,,
,ALLIUM SPECIES,Vegetables,"3-ethyl-2,4,5,6-tetrathianonane",Sulfur compounds,,
,ALLIUM SPECIES,Vegetables,"6-ethyl-4,5,7,8-tetrathiaundecane",Sulfur compounds,,
,ALLIUM SPECIES,Vegetables,"4-ethyl-2,3,5,6-tetrathia-7-nonene",Sulfur compounds,,
,ALLIUM SPECIES,Vegetables,"(E)-6-ethyl-4,5,7,8-tetrathia-2-undecene",Sulfur compounds,,
,ALLIUM SPECIES,Vegetables,"(Z)-6-ethyl-4,5,7,8-tetrathia-2-undecene",Sulfur compounds,,
,ALLIUM SPECIES,Vegetables,"4-ethyl-2,3,5,6,7-pentathiaoctane",Sulfur compounds,,
,ALLIUM SPECIES,Vegetables,propanethial S-oxide,Sulfur compounds,,
,ALLIUM SPECIES,Vegetables,S-methyl acetothioate (=methanethiol acetate),Sulfur compounds,,
,ALLIUM SPECIES,Vegetables,S-propyl acetothioate,Sulfur compounds,,
,ALLIUM SPECIES,Vegetables,methyl propanedithioate,Sulfur compounds,,
,ALLIUM SPECIES,Vegetables,propyl propanedithioate,Sulfur compounds,,
,ALLIUM SPECIES,Vegetables,1-propenyl propanedithioate,Sulfur compounds,,
,ALLIUM SPECIES,Vegetables,1-propenesulfenic acid,Sulfur compounds,,
,ALLIUM SPECIES,Vegetables,methyl methanesulfinothioate,Sulfur compounds,,
,ALLIUM SPECIES,Vegetables,propyl methanesulfinothioate,Sulfur compounds,,
,ALLIUM SPECIES,Vegetables,(S)-(Z)-1-propenyl methanesulfinothioate,Sulfur compounds,,
,ALLIUM SPECIES,Vegetables,(S)-(E)-1-propenyl methanesulfinothioate,Sulfur compounds,,
,ALLIUM SPECIES,Vegetables,S-propyl propanesulfinothioate,Sulfur compounds,,
,ALLIUM SPECIES,Vegetables,(S)-(Z)-1-propenyl propanesulfinothioate,Sulfur compounds,,
,ALLIUM SPECIES,Vegetables,(S)-(E)-1-propenyl propanesulfinothioate,Sulfur compounds,,
,ALLIUM SPECIES,Vegetables,allicin,Sulfur compounds,,
,ALLIUM SPECIES,Vegetables,methyl methanesulfonothioate,Sulfur compounds,,
,ALLIUM SPECIES,Vegetables,propyl methanesulfonothioate,Sulfur compounds,,
,ALLIUM SPECIES,Vegetables,propyl propanesulfonothioate,Sulfur compounds,0.5,0.5
,ALLIUM SPECIES,Vegetables,dimethyl sulfoxide (=methylsulfinylmethane),Sulfur compounds,trace,0.25
,ALLIUM SPECIES,Vegetables,thiocyanic acid,Sulfur compounds,,
,ALLIUM SPECIES,Vegetables,isobutyl isothiocyanate,Sulfur compounds,14.9,14.9
,ALLIUM SPECIES,Vegetables,3-methyl-2-cyclopentene-1-thione,Sulfur compounds,1.21,1.21
,ALLIUM SPECIES,Vegetables,"2,5-dimethyltetrahydrothiophene",Sulfur compounds,0.42,0.42
,ALLIUM SPECIES,Vegetables,2-methylthiophene,Sulfur compounds,,
,ALLIUM SPECIES,Vegetables,3-methylthiophene,Sulfur compounds,,
,ALLIUM SPECIES,Vegetables,"2,4-dimethylthiophene",Sulfur compounds,,
,ALLIUM SPECIES,Vegetables,"2,5-dimethylthiophene",Sulfur compounds,,
,ALLIUM SPECIES,Vegetables,"3,4-dimethylthiophene",Sulfur compounds,,
,ALLIUM SPECIES,Vegetables,dimethylthiophene (unkn.str.),Sulfur compounds,,
,ALLIUM SPECIES,Vegetables,"5,7-diethyl-1,2,3,4,6-pentathiepane",Sulfur compounds,,
,ALLIUM SPECIES,Vegetables,"7-ethyl-5-pentyl-1,2,3,4,6-pentathiepane",Sulfur compounds,,
,ALLIUM SPECIES,Vegetables,"2,4-dimethyl-3-(methyldithio)-thiophene",Sulfur compounds,,
,ALLIUM SPECIES,Vegetables,"3,4-dimethyl-2-(methyldithio)-thiophene",Sulfur compounds,,
,ALLIUM SPECIES,Vegetables,"3,4-dimethyl-2-(propyldithio)-thiophene",Sulfur compounds,,
,ALLIUM SPECIES,Vegetables,"3,4-dimethyl-2(3H)-dihydro-thiophenone",Sulfur compounds,,
,ALLIUM SPECIES,Vegetables,"3,4-dimethyldihydrothiophene-2,5-dione",Sulfur compounds,,
,ALLIUM SPECIES,Vegetables,"3,5-diethyl-1,2,4-trithiolane",Sulfur compounds,13,13
,ALLIUM SPECIES,Vegetables,"cis-3,5-diethyl-1,2,4-trithiolane",Sulfur compounds,5.9,5.9
,ALLIUM SPECIES,Vegetables,"trans-3,5-diethyl-1,2,4-trithiolane",Sulfur compounds,6,6
,ALLIUM SPECIES,Vegetables,"cis-3-ethyl-5-methyl-1,2,4-trithiolane",Sulfur compounds,2.4,2.4
,ALLIUM SPECIES,Vegetables,"trans-3-ethyl-5-methyl-1,2,4-trithiolane",Sulfur compounds,1.6,1.6
,ALLIUM SPECIES,Vegetables,"1,3-dithiane",Sulfur compounds,1.1,1.1
,ALLIUM SPECIES,Vegetables,"4-ethyl-6-pentyl-1,2,3,5-tetrathiane",Sulfur compounds,,
,ALLIUM SPECIES,Vegetables,4-methyl-5-vinylthiazole,Sulfur compounds,0.34,0.34
,ALLIUM SPECIES,Vegetables,benzothiazole,Sulfur compounds,,
,ALLIUM SPECIES,Vegetables,cycloalliin,Sulfur compounds,,
,ALLIUM SPECIES,Vegetables,"5,6-dimethyl-2,3,7-trithia-bicyclo[2.2.1]heptane",Sulfur compounds,,
,ALLIUM SPECIES,Vegetables,"phenylacetonitrile (=benzyl cyanide, benzeneacetonitrile)",Nitriles and amides,,
,ALLIUM SPECIES,Vegetables,phenol (=hydroxybenzene),Phenols,,
,ALLIUM SPECIES,Vegetables,methylphenol (unkn.str.) (=cresol (unkn.str.)),Phenols,,
,ALLIUM SPECIES,Vegetables,2-nonylphenol,Phenols,,
,ALLIUM SPECIES,Vegetables,3-nonylphenol,Phenols,,
,ALLIUM SPECIES,Vegetables,4-nonylphenol,Phenols,,
,ALLIUM SPECIES,Vegetables,dimethylphenol (unkn.str.),Phenols,,
,ALLIUM SPECIES,Vegetables,thymol (=2-isopropyl-5-methylphenol),Phenols,,
,ALLIUM SPECIES,Vegetables,2-methoxyphenol (=guaiacol),Phenols,,
,ALLIUM SPECIES,Vegetables,"1,2-dimethoxybenzene (=veratrole)",Phenols,,
,ALLIUM SPECIES,Vegetables,butylfuran (unkn.str.),Furans,,
,ALLIUM SPECIES,Vegetables,"2,4-dimethylfuran",Furans,8.8,8.8
,ALLIUM SPECIES,Vegetables,"2,5-dimethylfuran",Furans,,
,ALLIUM SPECIES,Vegetables,dimethylfuran (unkn.str.),Furans,,
,ALLIUM SPECIES,Vegetables,"5-methyl-2,2'-methylenebisfuran (=(2-furyl)-(5-methylfuryl-2)-methane)",Furans,,
,ALLIUM SPECIES,Vegetables,"2,3-dihydrobenzofuran (=coumaran)",Furans,,
,ALLIUM SPECIES,Vegetables,methylbenzofuran (unkn.str.),Furans,,
,ALLIUM SPECIES,Vegetables,dimethylbenzofuran (unkn.str.),Furans,,
,ALLIUM SPECIES,Vegetables,"furfural (=2-formylfuran, 2-furancarbaldehyde, 2-furaldehyde)",Furans,,
,ALLIUM SPECIES,Vegetables,5-methylfurfural,Furans,,
,ALLIUM SPECIES,Vegetables,5-(hydroxymethyl)furfural,Furans,,
,ALLIUM SPECIES,Vegetables,2-methyldihydro-3(2H)-furanone,Furans,,
,ALLIUM SPECIES,Vegetables,"2(5H)-furanone (=crotonolactone, 2-buten-4-olide, 4-hydroxy-2-butenoic acid lactone)",Furans,,
,ALLIUM SPECIES,Vegetables,2(3H)-furanone (=4-hydroxy-3-butenoic acid lactone),Furans,,
,ALLIUM SPECIES,Vegetables,4-methyl-2(5H)-furanone,Furans,,
,ALLIUM SPECIES,Vegetables,"5-methyl-2(5H)-furanone (=β-angelica lactone, 4-methyl-2-butenolide)",Furans,,
,ALLIUM SPECIES,Vegetables,5-methylene-2(5H)-furanone,Furans,,
,ALLIUM SPECIES,Vegetables,"3,4-dimethyl-2(5H)-furanone",Furans,,
,ALLIUM SPECIES,Vegetables,"3,5-dimethyl-2(5H)-furanone",Furans,,
,ALLIUM SPECIES,Vegetables,2-hexyl-5-methyl-3(2H)-furanone,Furans,9.2,9.2
,ALLIUM SPECIES,Vegetables,5-methyl-2-octyl-3(2H)-furanone,Furans,6.9,6.9
,ALLIUM SPECIES,Vegetables,"2-acetylfuran (=2-furyl methyl ketone, 1-(2-furyl)ethanone)",Furans,,
,ALLIUM SPECIES,Vegetables,2-(hydroxyacetyl)furan (=2-furyl hydroxymethyl ketone),Furans,,
,ALLIUM SPECIES,Vegetables,2-acetyl-5-methylfuran,Furans,,
,ALLIUM SPECIES,Vegetables,2-(2-oxopropyl)furan (=2-acetonylfuran),Furans,,
,ALLIUM SPECIES,Vegetables,2-propanoylfuran,Furans,,
,ALLIUM SPECIES,Vegetables,2-acetonyl-5-methylfuran (=1-(5-methyl-2-furyl)-2-propanone),Furans,,
,ALLIUM SPECIES,Vegetables,2-methyl-5-propanoylfuran,Furans,,
,ALLIUM SPECIES,Vegetables,"1-(5-methyl-2-furyl)-1,2-propanedione",Furans,,
,ALLIUM SPECIES,Vegetables,"furfuryl alcohol (=(2-furyl)-methanol, 2-furanmethanol)",Furans,,
,ALLIUM SPECIES,Vegetables,furfuryl formate,Furans,,
,ALLIUM SPECIES,Vegetables,furfuryl acetate (=2-furanmethanol acetate),Furans,,
,ALLIUM SPECIES,Vegetables,"2,4,6-trimethyl-1,3,5-trioxane (=paraldehyde)","(Ep)oxides, pyrans, coumarins",,
ONION (Allium cepa L.),ALLIUM SPECIES,Vegetables,1-propene (=propylene),Hydrocarbons,,
ONION (Allium cepa L.),ALLIUM SPECIES,Vegetables,methanol,Alcohols,,
ONION (Allium cepa L.),ALLIUM SPECIES,Vegetables,ethanol,Alcohols,,
ONION (Allium cepa L.),ALLIUM SPECIES,Vegetables,1-propanol (=propyl alcohol),Alcohols,,
ONION (Allium cepa L.),ALLIUM SPECIES,Vegetables,2-propanol (=isopropyl alcohol),Alcohols,,
ONION (Allium cepa L.),ALLIUM SPECIES,Vegetables,acetaldehyde (=ethanal),"Carbonyls, aldehydes",,
ONION (Allium cepa L.),ALLIUM SPECIES,Vegetables,propanal (=propionaldehyde),"Carbonyls, aldehydes",,
ONION (Allium cepa L.),ALLIUM SPECIES,Vegetables,butanal (=butyraldehyde),"Carbonyls, aldehydes",,
ONION (Allium cepa L.),ALLIUM SPECIES,Vegetables,2-methylbutanal (=α-methylbutanal),"Carbonyls, aldehydes",,
ONION (Allium cepa L.),ALLIUM SPECIES,Vegetables,(E)-2-methyl-2-butenal (=tiglicaldehyde),"Carbonyls, aldehydes",0.015,0.015
ONION (Allium cepa L.),ALLIUM SPECIES,Vegetables,2-methylpentanal,"Carbonyls, aldehydes",,
ONION (Allium cepa L.),ALLIUM SPECIES,Vegetables,2-methyl-2-pentenal,"Carbonyls, aldehydes",0.03,1.4
ONION (Allium cepa L.),ALLIUM SPECIES,Vegetables,decanal (=capraldehyde),"Carbonyls, aldehydes",,
ONION (Allium cepa L.),ALLIUM SPECIES,Vegetables,"acetone (=2-propanone, dimethyl ketone)","Carbonyls, ketones",,
ONION (Allium cepa L.),ALLIUM SPECIES,Vegetables,2-butanone (=ethyl methyl ketone),"Carbonyls, ketones",,
ONION (Allium cepa L.),ALLIUM SPECIES,Vegetables,2-tridecanone,"Carbonyls, ketones",,
ONION (Allium cepa L.),ALLIUM SPECIES,Vegetables,"2-oxopropanoic acid (=pyruvic acid, acetylformic acid)",Acids,,
ONION (Allium cepa L.),ALLIUM SPECIES,Vegetables,ethyl butanoate,Esters,,
ONION (Allium cepa L.),ALLIUM SPECIES,Vegetables,diphenylamine (=N-phenylaniline),Bases,23,23
ONION (Allium cepa L.),ALLIUM SPECIES,Vegetables,2-isopropyl-3-methoxypyrazine,Bases,,
ONION (Allium cepa L.),ALLIUM SPECIES,Vegetables,methanethiol (=methyl mercaptan),Sulfur compounds,2.44,2.44
ONION (Allium cepa L.),ALLIUM SPECIES,Vegetables,1-propanethiol (=propyl mercaptan),Sulfur compounds,0.3,3.25
ONION (Allium cepa L.),ALLIUM SPECIES,Vegetables,2-propanethiol (=isopropyl mercaptan),Sulfur compounds,,
ONION (Allium cepa L.),ALLIUM SPECIES,Vegetables,"2-propene-1-thiol (=allyl mercaptan, allylthiol)",Sulfur compounds,0.5,1.75
ONION (Allium cepa L.),ALLIUM SPECIES,Vegetables,hydrogen sulfide,Sulfur compounds,,
ONION (Allium cepa L.),ALLIUM SPECIES,Vegetables,sulfur dioxide,Sulfur compounds,,
ONION (Allium cepa L.),ALLIUM SPECIES,Vegetables,"1,2-propylene sulfide (=2-methylthiirane, 1,2-epithiopropane)",Sulfur compounds,,
ONION (Allium cepa L.),ALLIUM SPECIES,Vegetables,"dimethyl sulfide (=thiobismethane, methylthiomethane, methyl sulfide)",Sulfur compounds,0.2,0.3
ONION (Allium cepa L.),ALLIUM SPECIES,Vegetables,methyl propyl sulfide (=1-(methylthio)propane),Sulfur compounds,,
ONION (Allium cepa L.),ALLIUM SPECIES,Vegetables,methyl 1-propenyl sulfide (=1-(methylthio)-1-propene),Sulfur compounds,,
ONION (Allium cepa L.),ALLIUM SPECIES,Vegetables,allyl methyl sulfide (=1-(methylthio)-2-propene),Sulfur compounds,,
ONION (Allium cepa L.),ALLIUM SPECIES,Vegetables,1-propenyl propyl sulfide,Sulfur compounds,,
ONION (Allium cepa L.),ALLIUM SPECIES,Vegetables,allyl propyl sulfide,Sulfur compounds,,
ONION (Allium cepa L.),ALLIUM SPECIES,Vegetables,bis(1-propenyl) sulfide,Sulfur compounds,,
ONION (Allium cepa L.),ALLIUM SPECIES,Vegetables,"diallyl sulfide (=thioallyl ether, 1-(allylthio)-2-propene)",Sulfur compounds,,
ONION (Allium cepa L.),ALLIUM SPECIES,Vegetables,carbon disulfide,Sulfur compounds,,
ONION (Allium cepa L.),ALLIUM SPECIES,Vegetables,dimethyl disulfide (=methyldithiomethane),Sulfur compounds,0.03,1.7
ONION (Allium cepa L.),ALLIUM SPECIES,Vegetables,methyl propyl disulfide,Sulfur compounds,0.5,11
ONION (Allium cepa L.),ALLIUM SPECIES,Vegetables,isopropyl methyl disulfide,Sulfur compounds,,
ONION (Allium cepa L.),ALLIUM SPECIES,Vegetables,methyl 1-propenyl disulfide,Sulfur compounds,,
ONION (Allium cepa L.),ALLIUM SPECIES,Vegetables,methyl (E)-1-propenyl disulfide,Sulfur compounds,0.3,1.6
ONION (Allium cepa L.),ALLIUM SPECIES,Vegetables,methyl (Z)-1-propenyl disulfide,Sulfur compounds,0.2,0.2
ONION (Allium cepa L.),ALLIUM SPECIES,Vegetables,allyl methyl disulfide,Sulfur compounds,,
ONION (Allium cepa L.),ALLIUM SPECIES,Vegetables,ethyl propyl disulfide,Sulfur compounds,,
ONION (Allium cepa L.),ALLIUM SPECIES,Vegetables,ethyl isopropyl disulfide,Sulfur compounds,,
ONION (Allium cepa L.),ALLIUM SPECIES,Vegetables,dipropyl disulfide,Sulfur compounds,3.1,19.9
ONION (Allium cepa L.),ALLIUM SPECIES,Vegetables,isopropyl propyl disulfide,Sulfur compounds,,
ONION (Allium cepa L.),ALLIUM SPECIES,Vegetables,1-propenyl propyl disulfide,Sulfur compounds,,
ONION (Allium cepa L.),ALLIUM SPECIES,Vegetables,(Z)-1-propenyl propyl disulfide,Sulfur compounds,0.6,9.7
ONION (Allium cepa L.),ALLIUM SPECIES,Vegetables,(E)-1-propenyl propyl disulfide,Sulfur compounds,1.4,3.1
ONION (Allium cepa L.),ALLIUM SPECIES,Vegetables,allyl propyl disulfide,Sulfur compounds,,
ONION (Allium cepa L.),ALLIUM SPECIES,Vegetables,bis(1-propenyl) disulfide,Sulfur compounds,,
ONION (Allium cepa L.),ALLIUM SPECIES,Vegetables,allyl 1-propenyl disulfide,Sulfur compounds,,
ONION (Allium cepa L.),ALLIUM SPECIES,Vegetables,diallyl disulfide,Sulfur compounds,,
ONION (Allium cepa L.),ALLIUM SPECIES,Vegetables,butyl propyl disulfide,Sulfur compounds,,
ONION (Allium cepa L.),ALLIUM SPECIES,Vegetables,butyl isopropyl disulfide,Sulfur compounds,,
ONION (Allium cepa L.),ALLIUM SPECIES,Vegetables,"dimethyl trisulfide (=2,3,4-trithiapentane, methyltrithiomethane)",Sulfur compounds,2.4,2.4
ONION (Allium cepa L.),ALLIUM SPECIES,Vegetables,methyl propyl trisulfide,Sulfur compounds,1.9,20.4
ONION (Allium cepa L.),ALLIUM SPECIES,Vegetables,dipropyl trisulfide,Sulfur compounds,2.7,23.8
ONION (Allium cepa L.),ALLIUM SPECIES,Vegetables,isopropyl propyl trisulfide,Sulfur compounds,,
ONION (Allium cepa L.),ALLIUM SPECIES,Vegetables,1-propenyl propyl trisulfide,Sulfur compounds,,
ONION (Allium cepa L.),ALLIUM SPECIES,Vegetables,(Z)-1-propenyl propyl trisulfide,Sulfur compounds,,
ONION (Allium cepa L.),ALLIUM SPECIES,Vegetables,(E)-1-propenyl propyl trisufide,Sulfur compounds,,
ONION (Allium cepa L.),ALLIUM SPECIES,Vegetables,allyl propyl trisulfide,Sulfur compounds,,
ONION (Allium cepa L.),ALLIUM SPECIES,Vegetables,diisopropyl trisulfide,Sulfur compounds,,
ONION (Allium cepa L.),ALLIUM SPECIES,Vegetables,methyl (Z)-1-propenyl trisulfide,Sulfur compounds,,
ONION (Allium cepa L.),ALLIUM SPECIES,Vegetables,methyl (E)-1-propenyl trisulfide,Sulfur compounds,,
ONION (Allium cepa L.),ALLIUM SPECIES,Vegetables,allyl methyl trisulfide,Sulfur compounds,,
ONION (Allium cepa L.),ALLIUM SPECIES,Vegetables,bis(1-propenyl) trisulfide,Sulfur compounds,,
ONION (Allium cepa L.),ALLIUM SPECIES,Vegetables,diallyl trisulfide,Sulfur compounds,,
ONION (Allium cepa L.),ALLIUM SPECIES,Vegetables,dimethyl tetrasulfide (=methyltetrathiomethane),Sulfur compounds,,
ONION (Allium cepa L.),ALLIUM SPECIES,Vegetables,methyl propyl tetrasulfide (=methyltetrathiopropane),Sulfur compounds,3.5,6.7
ONION (Allium cepa L.),ALLIUM SPECIES,Vegetables,methyl 1-propenyl tetrasulfide,Sulfur compounds,,
ONION (Allium cepa L.),ALLIUM SPECIES,Vegetables,dipropyl tetrasulfide,Sulfur compounds,,
ONION (Allium cepa L.),ALLIUM SPECIES,Vegetables,(Z)-1-propenyl propyl tetrasulfide,Sulfur compounds,,
ONION (Allium cepa L.),ALLIUM SPECIES,Vegetables,(E)-1-propenyl propyl tetrasulfide,Sulfur compounds,,
ONION (Allium cepa L.),ALLIUM SPECIES,Vegetables,bis(1-propenyl) tetrasulfide,Sulfur compounds,,
ONION (Allium cepa L.),ALLIUM SPECIES,Vegetables,dimethyl pentasulfide,Sulfur compounds,,
ONION (Allium cepa L.),ALLIUM SPECIES,Vegetables,methyl propyl pentasulfide,Sulfur compounds,,
ONION (Allium cepa L.),ALLIUM SPECIES,Vegetables,"(E)-5-ethyl-4,6,7-trithia-2-decene 4-oxide",Sulfur compounds,,
ONION (Allium cepa L.),ALLIUM SPECIES,Vegetables,"(E,E)-6-ethyl-4,5,7-trithia-2,8-decadiene 7-oxide",Sulfur compounds,,
ONION (Allium cepa L.),ALLIUM SPECIES,Vegetables,"(E,Z)-1-propenyl 1-(1-propenyldithio)propyl sulfoxide",Sulfur compounds,,
ONION (Allium cepa L.),ALLIUM SPECIES,Vegetables,propanethial S-oxide,Sulfur compounds,,
ONION (Allium cepa L.),ALLIUM SPECIES,Vegetables,S-methyl acetothioate (=methanethiol acetate),Sulfur compounds,,
ONION (Allium cepa L.),ALLIUM SPECIES,Vegetables,S-propyl acetothioate,Sulfur compounds,,
ONION (Allium cepa L.),ALLIUM SPECIES,Vegetables,1-propenesulfenic acid,Sulfur compounds,,
ONION (Allium cepa L.),ALLIUM SPECIES,Vegetables,methyl methanesulfinothioate,Sulfur compounds,,
ONION (Allium cepa L.),ALLIUM SPECIES,Vegetables,propyl methanesulfinothioate,Sulfur compounds,,
ONION (Allium cepa L.),ALLIUM SPECIES,Vegetables,(S)-(Z)-1-propenyl methanesulfinothioate,Sulfur compounds,,
ONION (Allium cepa L.),ALLIUM SPECIES,Vegetables,(S)-(E)-1-propenyl methanesulfinothioate,Sulfur compounds,,
ONION (Allium cepa L.),ALLIUM SPECIES,Vegetables,S-propyl propanesulfinothioate,Sulfur compounds,,
ONION (Allium cepa L.),ALLIUM SPECIES,Vegetables,(S)-(Z)-1-propenyl propanesulfinothioate,Sulfur compounds,,
ONION (Allium cepa L.),ALLIUM SPECIES,Vegetables,(S)-(E)-1-propenyl propanesulfinothioate,Sulfur compounds,,
ONION (Allium cepa L.),ALLIUM SPECIES,Vegetables,methyl methanesulfonothioate,Sulfur compounds,,
ONION (Allium cepa L.),ALLIUM SPECIES,Vegetables,propyl methanesulfonothioate,Sulfur compounds,,
ONION (Allium cepa L.),ALLIUM SPECIES,Vegetables,propyl propanesulfonothioate,Sulfur compounds,0.5,0.5
ONION (Allium cepa L.),ALLIUM SPECIES,Vegetables,dimethyl sulfoxide (=methylsulfinylmethane),Sulfur compounds,trace,0.25
ONION (Allium cepa L.),ALLIUM SPECIES,Vegetables,thiocyanic acid,Sulfur compounds,,
ONION (Allium cepa L.),ALLIUM SPECIES,Vegetables,"2,4-dimethylthiophene",Sulfur compounds,,
ONION (Allium cepa L.),ALLIUM SPECIES,Vegetables,"2,5-dimethylthiophene",Sulfur compounds,,
ONION (Allium cepa L.),ALLIUM SPECIES,Vegetables,"3,4-dimethylthiophene",Sulfur compounds,,
ONION (Allium cepa L.),ALLIUM SPECIES,Vegetables,dimethylthiophene (unkn.str.),Sulfur compounds,,
ONION (Allium cepa L.),ALLIUM SPECIES,Vegetables,"3,4-dimethyl-2(3H)-dihydro-thiophenone",Sulfur compounds,,
ONION (Allium cepa L.),ALLIUM SPECIES,Vegetables,"3,4-dimethyldihydrothiophene-2,5-dione",Sulfur compounds,,
ONION (Allium cepa L.),ALLIUM SPECIES,Vegetables,"cis-3,5-diethyl-1,2,4-trithiolane",Sulfur compounds,,
ONION (Allium cepa L.),ALLIUM SPECIES,Vegetables,"trans-3,5-diethyl-1,2,4-trithiolane",Sulfur compounds,,
ONION (Allium cepa L.),ALLIUM SPECIES,Vegetables,cycloalliin,Sulfur compounds,,
ONION (Allium cepa L.),ALLIUM SPECIES,Vegetables,dimethylfuran (unkn.str.),Furans,,
ONION (Allium cepa L.),ALLIUM SPECIES,Vegetables,2-hexyl-5-methyl-3(2H)-furanone,Furans,,
GARLIC (Allium sativum L.),ALLIUM SPECIES,Vegetables,1-propene (=propylene),Hydrocarbons,3.2,3.2
GARLIC (Allium sativum L.),ALLIUM SPECIES,Vegetables,ethanol,Alcohols,,
GARLIC (Allium sativum L.),ALLIUM SPECIES,Vegetables,2-propen-1-ol (=allyl alcohol),Alcohols,43.6,91.3
GARLIC (Allium sativum L.),ALLIUM SPECIES,Vegetables,1-hexanol,Alcohols,,
GARLIC (Allium sativum L.),ALLIUM SPECIES,Vegetables,acetaldehyde (=ethanal),"Carbonyls, aldehydes",,
GARLIC (Allium sativum L.),ALLIUM SPECIES,Vegetables,propanal (=propionaldehyde),"Carbonyls, aldehydes",,
GARLIC (Allium sativum L.),ALLIUM SPECIES,Vegetables,2-methylbenzaldehyde (=o-tolualdehyde),"Carbonyls, aldehydes",0.6,0.6
GARLIC (Allium sativum L.),ALLIUM SPECIES,Vegetables,"acetone (=2-propanone, dimethyl ketone)","Carbonyls, ketones",,
GARLIC (Allium sativum L.),ALLIUM SPECIES,Vegetables,acetic acid,Acids,,
GARLIC (Allium sativum L.),ALLIUM SPECIES,Vegetables,trimethylamine,Bases,,
GARLIC (Allium sativum L.),ALLIUM SPECIES,Vegetables,aniline,Bases,2.5,4.4
GARLIC (Allium sativum L.),ALLIUM SPECIES,Vegetables,methanethiol (=methyl mercaptan),Sulfur compounds,316,316
GARLIC (Allium sativum L.),ALLIUM SPECIES,Vegetables,1-propanethiol (=propyl mercaptan),Sulfur compounds,20.5,20.5
GARLIC (Allium sativum L.),ALLIUM SPECIES,Vegetables,2-propanethiol (=isopropyl mercaptan),Sulfur compounds,44.7,44.7
GARLIC (Allium sativum L.),ALLIUM SPECIES,Vegetables,"2-propene-1-thiol (=allyl mercaptan, allylthiol)",Sulfur compounds,5.44,3880
GARLIC (Allium sativum L.),ALLIUM SPECIES,Vegetables,"1,2-cyclopentanedithiol",Sulfur compounds,,
GARLIC (Allium sativum L.),ALLIUM SPECIES,Vegetables,"1,2-propylene sulfide (=2-methylthiirane, 1,2-epithiopropane)",Sulfur compounds,0.83,0.83
GARLIC (Allium sativum L.),ALLIUM SPECIES,Vegetables,"dimethyl sulfide (=thiobismethane, methylthiomethane, methyl sulfide)",Sulfur compounds,,
GARLIC (Allium sativum L.),ALLIUM SPECIES,Vegetables,allyl methyl sulfide (=1-(methylthio)-2-propene),Sulfur compounds,1.7,12
GARLIC (Allium sativum L.),ALLIUM SPECIES,Vegetables,1-propenyl propyl sulfide,Sulfur compounds,,
GARLIC (Allium sativum L.),ALLIUM SPECIES,Vegetables,"diallyl sulfide (=thioallyl ether, 1-(allylthio)-2-propene)",Sulfur compounds,4.3,73
GARLIC (Allium sativum L.),ALLIUM SPECIES,Vegetables,dimethyl disulfide (=methyldithiomethane),Sulfur compounds,1.1,1.1
GARLIC (Allium sativum L.),ALLIUM SPECIES,Vegetables,methyl propyl disulfide,Sulfur compounds,0.56,0.56
GARLIC (Allium sativum L.),ALLIUM SPECIES,Vegetables,methyl (E)-1-propenyl disulfide,Sulfur compounds,0.88,0.88
GARLIC (Allium sativum L.),ALLIUM SPECIES,Vegetables,methyl (Z)-1-propenyl disulfide,Sulfur compounds,,
GARLIC (Allium sativum L.),ALLIUM SPECIES,Vegetables,allyl methyl disulfide,Sulfur compounds,4.2,72.4
GARLIC (Allium sativum L.),ALLIUM SPECIES,Vegetables,dipropyl disulfide,Sulfur compounds,,
GARLIC (Allium sativum L.),ALLIUM SPECIES,Vegetables,(Z)-1-propenyl propyl disulfide,Sulfur compounds,,
GARLIC (Allium sativum L.),ALLIUM SPECIES,Vegetables,allyl propyl disulfide,Sulfur compounds,7.2,7.2
GARLIC (Allium sativum L.),ALLIUM SPECIES,Vegetables,diallyl disulfide,Sulfur compounds,38.4,679
GARLIC (Allium sativum L.),ALLIUM SPECIES,Vegetables,"dimethyl trisulfide (=2,3,4-trithiapentane, methyltrithiomethane)",Sulfur compounds,1.4,31
GARLIC (Allium sativum L.),ALLIUM SPECIES,Vegetables,allyl methyl trisulfide,Sulfur compounds,29,160
GARLIC (Allium sativum L.),ALLIUM SPECIES,Vegetables,diallyl trisulfide,Sulfur compounds,11.1,697
GARLIC (Allium sativum L.),ALLIUM SPECIES,Vegetables,diallyl tetrasulfide,Sulfur compounds,,
GARLIC (Allium sativum L.),ALLIUM SPECIES,Vegetables,(Z)-ajoene,Sulfur compounds,,
GARLIC (Allium sativum L.),ALLIUM SPECIES,Vegetables,(E)-ajoene,Sulfur compounds,,
GARLIC (Allium sativum L.),ALLIUM SPECIES,Vegetables,allicin,Sulfur compounds,,
GARLIC (Allium sativum L.),ALLIUM SPECIES,Vegetables,isobutyl isothiocyanate,Sulfur compounds,14.9,14.9
GARLIC (Allium sativum L.),ALLIUM SPECIES,Vegetables,3-methyl-2-cyclopentene-1-thione,Sulfur compounds,1.21,1.21
GARLIC (Allium sativum L.),ALLIUM SPECIES,Vegetables,"2,5-dimethyltetrahydrothiophene",Sulfur compounds,0.42,0.42
GARLIC (Allium sativum L.),ALLIUM SPECIES,Vegetables,dimethylthiophene (unkn.str.),Sulfur compounds,,
GARLIC (Allium sativum L.),ALLIUM SPECIES,Vegetables,"3,4-dimethyldihydrothiophene-2,5-dione",Sulfur compounds,,
GARLIC (Allium sativum L.),ALLIUM SPECIES,Vegetables,"3,5-diethyl-1,2,4-trithiolane",Sulfur compounds,13,13
GARLIC (Allium sativum L.),ALLIUM SPECIES,Vegetables,"1,3-dithiane",Sulfur compounds,1.1,1.1
GARLIC (Allium sativum L.),ALLIUM SPECIES,Vegetables,4-methyl-5-vinylthiazole,Sulfur compounds,0.34,0.34
GARLIC (Allium sativum L.),ALLIUM SPECIES,Vegetables,"2,4-dimethylfuran",Furans,8.8,8.8
SHALLOT (Allium cepa L. aggregatum),ALLIUM SPECIES,Vegetables,2-methyl-2-pentenal,"Carbonyls, aldehydes",,
SHALLOT (Allium cepa L. aggregatum),ALLIUM SPECIES,Vegetables,hexanal (=capronaldehyde),"Carbonyls, aldehydes",,
SHALLOT (Allium cepa L. aggregatum),ALLIUM SPECIES,Vegetables,2-undecanone,"Carbonyls, ketones",,
SHALLOT (Allium cepa L. aggregatum),ALLIUM SPECIES,Vegetables,2-tridecanone,"Carbonyls, ketones",,
SHALLOT (Allium cepa L. aggregatum),ALLIUM SPECIES,Vegetables,methanethiol (=methyl mercaptan),Sulfur compounds,,
SHALLOT (Allium cepa L. aggregatum),ALLIUM SPECIES,Vegetables,1-propanethiol (=propyl mercaptan),Sulfur compounds,,
SHALLOT (Allium cepa L. aggregatum),ALLIUM SPECIES,Vegetables,propenethiol (unkn.str.),Sulfur compounds,,
SHALLOT (Allium cepa L. aggregatum),ALLIUM SPECIES,Vegetables,methyl 1-propenyl sulfide (=1-(methylthio)-1-propene),Sulfur compounds,,
SHALLOT (Allium cepa L. aggregatum),ALLIUM SPECIES,Vegetables,1-propenyl propyl sulfide,Sulfur compounds,,
SHALLOT (Allium cepa L. aggregatum),ALLIUM SPECIES,Vegetables,dimethyl disulfide (=methyldithiomethane),Sulfur compounds,,
SHALLOT (Allium cepa L. aggregatum),ALLIUM SPECIES,Vegetables,methyl propyl disulfide,Sulfur compounds,,
SHALLOT (Allium cepa L. aggregatum),ALLIUM SPECIES,Vegetables,methyl (E)-1-propenyl disulfide,Sulfur compounds,,
SHALLOT (Allium cepa L. aggregatum),ALLIUM SPECIES,Vegetables,methyl (Z)-1-propenyl disulfide,Sulfur compounds,,
SHALLOT (Allium cepa L. aggregatum),ALLIUM SPECIES,Vegetables,dipropyl disulfide,Sulfur compounds,,
SHALLOT (Allium cepa L. aggregatum),ALLIUM SPECIES,Vegetables,(Z)-1-propenyl propyl disulfide,Sulfur compounds,,
SHALLOT (Allium cepa L. aggregatum),ALLIUM SPECIES,Vegetables,(E)-1-propenyl propyl disulfide,Sulfur compounds,,
SHALLOT (Allium cepa L. aggregatum),ALLIUM SPECIES,Vegetables,"dimethyl trisulfide (=2,3,4-trithiapentane, methyltrithiomethane)",Sulfur compounds,,
SHALLOT (Allium cepa L. aggregatum),ALLIUM SPECIES,Vegetables,methyl propyl trisulfide,Sulfur compounds,,
SHALLOT (Allium cepa L. aggregatum),ALLIUM SPECIES,Vegetables,dipropyl trisulfide,Sulfur compounds,,
SHALLOT (Allium cepa L. aggregatum),ALLIUM SPECIES,Vegetables,(Z)-1-propenyl propyl trisulfide,Sulfur compounds,,
SHALLOT (Allium cepa L. aggregatum),ALLIUM SPECIES,Vegetables,(E)-1-propenyl propyl trisufide,Sulfur compounds,,
SHALLOT (Allium cepa L. aggregatum),ALLIUM SPECIES,Vegetables,propenyl propyl trisulfide (unkn.str.),Sulfur compounds,,
SHALLOT (Allium cepa L. aggregatum),ALLIUM SPECIES,Vegetables,methyl 1-propenyl trisulfide,Sulfur compounds,,
SHALLOT (Allium cepa L. aggregatum),ALLIUM SPECIES,Vegetables,dimethyl tetrasulfide (=methyltetrathiomethane),Sulfur compounds,,
SHALLOT (Allium cepa L. aggregatum),ALLIUM SPECIES,Vegetables,"3-ethyl-2,4,5-trithiaheptane",Sulfur compounds,,
SHALLOT (Allium cepa L. aggregatum),ALLIUM SPECIES,Vegetables,methyl propanedithioate,Sulfur compounds,,
SHALLOT (Allium cepa L. aggregatum),ALLIUM SPECIES,Vegetables,propyl propanedithioate,Sulfur compounds,,
SHALLOT (Allium cepa L. aggregatum),ALLIUM SPECIES,Vegetables,1-propenyl propanedithioate,Sulfur compounds,,
SHALLOT (Allium cepa L. aggregatum),ALLIUM SPECIES,Vegetables,"2,4-dimethylthiophene",Sulfur compounds,,
SHALLOT (Allium cepa L. aggregatum),ALLIUM SPECIES,Vegetables,"2,5-dimethylthiophene",Sulfur compounds,,
SHALLOT (Allium cepa L. aggregatum),ALLIUM SPECIES,Vegetables,"3,4-dimethylthiophene",Sulfur compounds,,
SHALLOT (Allium cepa L. aggregatum),ALLIUM SPECIES,Vegetables,"2,5-dimethylfuran",Furans,,
SHALLOT (Allium cepa L. aggregatum),ALLIUM SPECIES,Vegetables,2-hexyl-5-methyl-3(2H)-furanone,Furans,,
SHALLOT (Allium cepa L. aggregatum),ALLIUM SPECIES,Vegetables,5-methyl-2-octyl-3(2H)-furanone,Furans,,
ONION (roasted) (Allium cepa L.),ALLIUM SPECIES,Vegetables,octane,Hydrocarbons,,
ONION (roasted) (Allium cepa L.),ALLIUM SPECIES,Vegetables,1-octene,Hydrocarbons,,
ONION (roasted) (Allium cepa L.),ALLIUM SPECIES,Vegetables,2-octene,Hydrocarbons,,
ONION (roasted) (Allium cepa L.),ALLIUM SPECIES,Vegetables,nonane,Hydrocarbons,,
ONION (roasted) (Allium cepa L.),ALLIUM SPECIES,Vegetables,1-nonene,Hydrocarbons,,
ONION (roasted) (Allium cepa L.),ALLIUM SPECIES,Vegetables,decane,Hydrocarbons,,
ONION (roasted) (Allium cepa L.),ALLIUM SPECIES,Vegetables,1-decene,Hydrocarbons,,
ONION (roasted) (Allium cepa L.),ALLIUM SPECIES,Vegetables,undecane,Hydrocarbons,,
ONION (roasted) (Allium cepa L.),ALLIUM SPECIES,Vegetables,1-undecene,Hydrocarbons,,
ONION (roasted) (Allium cepa L.),ALLIUM SPECIES,Vegetables,dodecane,Hydrocarbons,,
ONION (roasted) (Allium cepa L.),ALLIUM SPECIES,Vegetables,1-dodecene,Hydrocarbons,,
ONION (roasted) (Allium cepa L.),ALLIUM SPECIES,Vegetables,tridecane,Hydrocarbons,,
ONION (roasted) (Allium cepa L.),ALLIUM SPECIES,Vegetables,1-tridecene,Hydrocarbons,,
ONION (roasted) (Allium cepa L.),ALLIUM SPECIES,Vegetables,tetradecane,Hydrocarbons,,
ONION (roasted) (Allium cepa L.),ALLIUM SPECIES,Vegetables,1-tetradecene,Hydrocarbons,,
ONION (roasted) (Allium cepa L.),ALLIUM SPECIES,Vegetables,pentadecane,Hydrocarbons,,
ONION (roasted) (Allium cepa L.),ALLIUM SPECIES,Vegetables,1-pentadecene,Hydrocarbons,,
ONION (roasted) (Allium cepa L.),ALLIUM SPECIES,Vegetables,hexadecane,Hydrocarbons,,
ONION (roasted) (Allium cepa L.),ALLIUM SPECIES,Vegetables,1-hexadecene,Hydrocarbons,,
ONION (roasted) (Allium cepa L.),ALLIUM SPECIES,Vegetables,heptadecane,Hydrocarbons,,
ONION (roasted) (Allium cepa L.),ALLIUM SPECIES,Vegetables,1-heptadecene,Hydrocarbons,,
ONION (roasted) (Allium cepa L.),ALLIUM SPECIES,Vegetables,octadecane,Hydrocarbons,,
ONION (roasted) (Allium cepa L.),ALLIUM SPECIES,Vegetables,1-octadecene,Hydrocarbons,,
ONION (roasted) (Allium cepa L.),ALLIUM SPECIES,Vegetables,limonene,Hydrocarbons,,
ONION (roasted) (Allium cepa L.),ALLIUM SPECIES,Vegetables,benzene,Hydrocarbons,,
ONION (roasted) (Allium cepa L.),ALLIUM SPECIES,Vegetables,ethylbenzene (=α-methyltoluene),Hydrocarbons,,
ONION (roasted) (Allium cepa L.),ALLIUM SPECIES,Vegetables,vinylbenzene (=styrene),Hydrocarbons,,
ONION (roasted) (Allium cepa L.),ALLIUM SPECIES,Vegetables,propylbenzene,Hydrocarbons,,
ONION (roasted) (Allium cepa L.),ALLIUM SPECIES,Vegetables,butylbenzene,Hydrocarbons,,
ONION (roasted) (Allium cepa L.),ALLIUM SPECIES,Vegetables,pentylbenzene,Hydrocarbons,,
ONION (roasted) (Allium cepa L.),ALLIUM SPECIES,Vegetables,hexylbenzene,Hydrocarbons,,
ONION (roasted) (Allium cepa L.),ALLIUM SPECIES,Vegetables,heptylbenzene,Hydrocarbons,,
ONION (roasted) (Allium cepa L.),ALLIUM SPECIES,Vegetables,dimethylbenzene (unkn.str.) (=xylene (unkn.str.)),Hydrocarbons,,
ONION (roasted) (Allium cepa L.),ALLIUM SPECIES,Vegetables,ethyl-methylbenzene (unkn.str.),Hydrocarbons,,
ONION (roasted) (Allium cepa L.),ALLIUM SPECIES,Vegetables,methyl-propenylbenzene (unkn.str.),Hydrocarbons,,
ONION (roasted) (Allium cepa L.),ALLIUM SPECIES,Vegetables,trimethylbenzene (unkn.str.),Hydrocarbons,,
ONION (roasted) (Allium cepa L.),ALLIUM SPECIES,Vegetables,1-methylnaphthalene,Hydrocarbons,,
ONION (roasted) (Allium cepa L.),ALLIUM SPECIES,Vegetables,2-methylnaphthalene,Hydrocarbons,,
ONION (roasted) (Allium cepa L.),ALLIUM SPECIES,Vegetables,ethanol,Alcohols,,
ONION (roasted) (Allium cepa L.),ALLIUM SPECIES,Vegetables,acetaldehyde (=ethanal),"Carbonyls, aldehydes",,
ONION (roasted) (Allium cepa L.),ALLIUM SPECIES,Vegetables,propanal (=propionaldehyde),"Carbonyls, aldehydes",,
ONION (roasted) (Allium cepa L.),ALLIUM SPECIES,Vegetables,2-methyl-2-pentenal,"Carbonyls, aldehydes",,
ONION (roasted) (Allium cepa L.),ALLIUM SPECIES,Vegetables,hexanal (=capronaldehyde),"Carbonyls, aldehydes",,
ONION (roasted) (Allium cepa L.),ALLIUM SPECIES,Vegetables,benzaldehyde,"Carbonyls, aldehydes",,
ONION (roasted) (Allium cepa L.),ALLIUM SPECIES,Vegetables,"acetone (=2-propanone, dimethyl ketone)","Carbonyls, ketones",,
ONION (roasted) (Allium cepa L.),ALLIUM SPECIES,Vegetables,"1-hydroxy-2-propanone (=acetol, pyruvic alcohol)","Carbonyls, ketones",,
ONION (roasted) (Allium cepa L.),ALLIUM SPECIES,Vegetables,2-heptanone,"Carbonyls, ketones",,
ONION (roasted) (Allium cepa L.),ALLIUM SPECIES,Vegetables,2-nonanone,"Carbonyls, ketones",,
ONION (roasted) (Allium cepa L.),ALLIUM SPECIES,Vegetables,2-undecanone,"Carbonyls, ketones",,
ONION (roasted) (Allium cepa L.),ALLIUM SPECIES,Vegetables,2-tridecanone,"Carbonyls, ketones",,
ONION (roasted) (Allium cepa L.),ALLIUM SPECIES,Vegetables,cyclopentanone,"Carbonyls, ketones",,
ONION (roasted) (Allium cepa L.),ALLIUM SPECIES,Vegetables,2-cyclopenten-1-one,"Carbonyls, ketones",,
ONION (roasted) (Allium cepa L.),ALLIUM SPECIES,Vegetables,3-methyl-2-cyclopenten-1-one,"Carbonyls, ketones",,
ONION (roasted) (Allium cepa L.),ALLIUM SPECIES,Vegetables,"2,3-dimethyl-2-cyclopenten-1-one","Carbonyls, ketones",,
ONION (roasted) (Allium cepa L.),ALLIUM SPECIES,Vegetables,"3-methyl-1,2-cyclopentanedione (=cyclotene)","Carbonyls, ketones",,
ONION (roasted) (Allium cepa L.),ALLIUM SPECIES,Vegetables,acetophenone (=1-phenylethanone),"Carbonyls, ketones",,
ONION (roasted) (Allium cepa L.),ALLIUM SPECIES,Vegetables,hydroxyacetophenone (unkn.str.),"Carbonyls, ketones",,
ONION (roasted) (Allium cepa L.),ALLIUM SPECIES,Vegetables,acetic acid,Acids,,
ONION (roasted) (Allium cepa L.),ALLIUM SPECIES,Vegetables,propanoic acid (=propionic acid),Acids,,
ONION (roasted) (Allium cepa L.),ALLIUM SPECIES,Vegetables,butanoic acid (=butyric acid),Acids,,
ONION (roasted) (Allium cepa L.),ALLIUM SPECIES,Vegetables,pentanoic acid (=valeric acid),Acids,,
ONION (roasted) (Allium cepa L.),ALLIUM SPECIES,Vegetables,hexanoic acid (=caproic acid),Acids,,
ONION (roasted) (Allium cepa L.),ALLIUM SPECIES,Vegetables,ethyl formate,Esters,,
ONION (roasted) (Allium cepa L.),ALLIUM SPECIES,Vegetables,ethyl acetate,Esters,,
ONION (roasted) (Allium cepa L.),ALLIUM SPECIES,Vegetables,ethyl propanoate,Esters,,
ONION (roasted) (Allium cepa L.),ALLIUM SPECIES,Vegetables,ethyl butanoate,Esters,,
ONION (roasted) (Allium cepa L.),ALLIUM SPECIES,Vegetables,"ethyl 4-oxopentanoate (=ethyl levulate, ethyl levulinate)",Esters,,
ONION (roasted) (Allium cepa L.),ALLIUM SPECIES,Vegetables,dimethyl phthalate,Esters,,
ONION (roasted) (Allium cepa L.),ALLIUM SPECIES,Vegetables,"4-hydroxybutanoic acid lactone (=dihydro-2(3H)-furanone, 4-butanolide, γ-butyrolactone)",Lactones,,
ONION (roasted) (Allium cepa L.),ALLIUM SPECIES,Vegetables,2-pyrrolecarbaldehyde (=2-formylpyrrole),Bases,,
ONION (roasted) (Allium cepa L.),ALLIUM SPECIES,Vegetables,5-methyl-2-pyrrolecarbaldehyde (=2-formyl-5-methylpyrrole),Bases,,
ONION (roasted) (Allium cepa L.),ALLIUM SPECIES,Vegetables,"1-ethyl-2-pyrrolecarbaldehyde (=1-ethyl-2-formylpyrrole, 1-ethylpyrrole-2-aldehyde)",Bases,,
ONION (roasted) (Allium cepa L.),ALLIUM SPECIES,Vegetables,2-acetylpyrrole (=methyl 2-pyrrolyl ketone),Bases,,
ONION (roasted) (Allium cepa L.),ALLIUM SPECIES,Vegetables,pyridine,Bases,,
ONION (roasted) (Allium cepa L.),ALLIUM SPECIES,Vegetables,2-methylpyridine (=α-picoline),Bases,,
ONION (roasted) (Allium cepa L.),ALLIUM SPECIES,Vegetables,ethylpyridine (unkn.str.),Bases,,
ONION (roasted) (Allium cepa L.),ALLIUM SPECIES,Vegetables,1-propanethiol (=propyl mercaptan),Sulfur compounds,,
ONION (roasted) (Allium cepa L.),ALLIUM SPECIES,Vegetables,methyl propyl disulfide,Sulfur compounds,,
ONION (roasted) (Allium cepa L.),ALLIUM SPECIES,Vegetables,methyl 1-propenyl disulfide,Sulfur compounds,,
ONION (roasted) (Allium cepa L.),ALLIUM SPECIES,Vegetables,dipropyl disulfide,Sulfur compounds,,
ONION (roasted) (Allium cepa L.),ALLIUM SPECIES,Vegetables,1-propenyl propyl disulfide,Sulfur compounds,,
ONION (roasted) (Allium cepa L.),ALLIUM SPECIES,Vegetables,"dimethyl trisulfide (=2,3,4-trithiapentane, methyltrithiomethane)",Sulfur compounds,,
ONION (roasted) (Allium cepa L.),ALLIUM SPECIES,Vegetables,methyl propyl trisulfide,Sulfur compounds,,
ONION (roasted) (Allium cepa L.),ALLIUM SPECIES,Vegetables,dipropyl trisulfide,Sulfur compounds,,
ONION (roasted) (Allium cepa L.),ALLIUM SPECIES,Vegetables,1-propenyl propyl trisulfide,Sulfur compounds,,
ONION (roasted) (Allium cepa L.),ALLIUM SPECIES,Vegetables,methyl 1-propenyl trisulfide,Sulfur compounds,,
ONION (roasted) (Allium cepa L.),ALLIUM SPECIES,Vegetables,dimethylthiophene (unkn.str.),Sulfur compounds,,
ONION (roasted) (Allium cepa L.),ALLIUM SPECIES,Vegetables,"3,4-dimethyl-2(3H)-dihydro-thiophenone",Sulfur compounds,,
ONION (roasted) (Allium cepa L.),ALLIUM SPECIES,Vegetables,"phenylacetonitrile (=benzyl cyanide, benzeneacetonitrile)",Nitriles and amides,,
ONION (roasted) (Allium cepa L.),ALLIUM SPECIES,Vegetables,phenol (=hydroxybenzene),Phenols,,
ONION (roasted) (Allium cepa L.),ALLIUM SPECIES,Vegetables,methylphenol (unkn.str.) (=cresol (unkn.str.)),Phenols,,
ONION (roasted) (Allium cepa L.),ALLIUM SPECIES,Vegetables,dimethylphenol (unkn.str.),Phenols,,
ONION (roasted) (Allium cepa L.),ALLIUM SPECIES,Vegetables,2-methoxyphenol (=guaiacol),Phenols,,
ONION (roasted) (Allium cepa L.),ALLIUM SPECIES,Vegetables,butylfuran (unkn.str.),Furans,,
ONION (roasted) (Allium cepa L.),ALLIUM SPECIES,Vegetables,"5-methyl-2,2'-methylenebisfuran (=(2-furyl)-(5-methylfuryl-2)-methane)",Furans,,
ONION (roasted) (Allium cepa L.),ALLIUM SPECIES,Vegetables,methylbenzofuran (unkn.str.),Furans,,
ONION (roasted) (Allium cepa L.),ALLIUM SPECIES,Vegetables,dimethylbenzofuran (unkn.str.),Furans,,
ONION (roasted) (Allium cepa L.),ALLIUM SPECIES,Vegetables,"furfural (=2-formylfuran, 2-furancarbaldehyde, 2-furaldehyde)",Furans,,
ONION (roasted) (Allium cepa L.),ALLIUM SPECIES,Vegetables,5-methylfurfural,Furans,,
ONION (roasted) (Allium cepa L.),ALLIUM SPECIES,Vegetables,5-(hydroxymethyl)furfural,Furans,,
ONION (roasted) (Allium cepa L.),ALLIUM SPECIES,Vegetables,2-methyldihydro-3(2H)-furanone,Furans,,
ONION (roasted) (Allium cepa L.),ALLIUM SPECIES,Vegetables,"2(5H)-furanone (=crotonolactone, 2-buten-4-olide, 4-hydroxy-2-butenoic acid lactone)",Furans,,
ONION (roasted) (Allium cepa L.),ALLIUM SPECIES,Vegetables,2(3H)-furanone (=4-hydroxy-3-butenoic acid lactone),Furans,,
ONION (roasted) (Allium cepa L.),ALLIUM SPECIES,Vegetables,4-methyl-2(5H)-furanone,Furans,,
ONION (roasted) (Allium cepa L.),ALLIUM SPECIES,Vegetables,"5-methyl-2(5H)-furanone (=β-angelica lactone, 4-methyl-2-butenolide)",Furans,,
ONION (roasted) (Allium cepa L.),ALLIUM SPECIES,Vegetables,5-methylene-2(5H)-furanone,Furans,,
ONION (roasted) (Allium cepa L.),ALLIUM SPECIES,Vegetables,"3,4-dimethyl-2(5H)-furanone",Furans,,
ONION (roasted) (Allium cepa L.),ALLIUM SPECIES,Vegetables,"3,5-dimethyl-2(5H)-furanone",Furans,,
ONION (roasted) (Allium cepa L.),ALLIUM SPECIES,Vegetables,"2-acetylfuran (=2-furyl methyl ketone, 1-(2-furyl)ethanone)",Furans,,
ONION (roasted) (Allium cepa L.),ALLIUM SPECIES,Vegetables,2-(hydroxyacetyl)furan (=2-furyl hydroxymethyl ketone),Furans,,
ONION (roasted) (Allium cepa L.),ALLIUM SPECIES,Vegetables,2-acetyl-5-methylfuran,Furans,,
ONION (roasted) (Allium cepa L.),ALLIUM SPECIES,Vegetables,2-(2-oxopropyl)furan (=2-acetonylfuran),Furans,,
ONION (roasted) (Allium cepa L.),ALLIUM SPECIES,Vegetables,2-acetonyl-5-methylfuran (=1-(5-methyl-2-furyl)-2-propanone),Furans,,
ONION (roasted) (Allium cepa L.),ALLIUM SPECIES,Vegetables,2-methyl-5-propanoylfuran,Furans,,
ONION (roasted) (Allium cepa L.),ALLIUM SPECIES,Vegetables,"1-(5-methyl-2-furyl)-1,2-propanedione",Furans,,
ONION (roasted) (Allium cepa L.),ALLIUM SPECIES,Vegetables,"furfuryl alcohol (=(2-furyl)-methanol, 2-furanmethanol)",Furans,,
ONION (roasted) (Allium cepa L.),ALLIUM SPECIES,Vegetables,furfuryl formate,Furans,,
ONION (roasted) (Allium cepa L.),ALLIUM SPECIES,Vegetables,furfuryl acetate (=2-furanmethanol acetate),Furans,,
ONION (roasted) (Allium cepa L.),ALLIUM SPECIES,Vegetables,"2,4,6-trimethyl-1,3,5-trioxane (=paraldehyde)","(Ep)oxides, pyrans, coumarins",,
LEEK (raw) (Allium porrum L.),ALLIUM SPECIES,Vegetables,benzene,Hydrocarbons,,
LEEK (raw) (Allium porrum L.),ALLIUM SPECIES,Vegetables,methylbenzene (=toluene),Hydrocarbons,,
LEEK (raw) (Allium porrum L.),ALLIUM SPECIES,Vegetables,ethanol,Alcohols,,
LEEK (raw) (Allium porrum L.),ALLIUM SPECIES,Vegetables,1-propanol (=propyl alcohol),Alcohols,,
LEEK (raw) (Allium porrum L.),ALLIUM SPECIES,Vegetables,2-methyl-1-propanol (=isobutanol),Alcohols,,
LEEK (raw) (Allium porrum L.),ALLIUM SPECIES,Vegetables,1-butanol,Alcohols,,
LEEK (raw) (Allium porrum L.),ALLIUM SPECIES,Vegetables,3-methyl-1-butanol (=isoamyl alcohol),Alcohols,,
LEEK (raw) (Allium porrum L.),ALLIUM SPECIES,Vegetables,1-pentanol (=amyl alcohol),Alcohols,,
LEEK (raw) (Allium porrum L.),ALLIUM SPECIES,Vegetables,2-methyl-1-pentanol,Alcohols,,
LEEK (raw) (Allium porrum L.),ALLIUM SPECIES,Vegetables,3-methyl-1-pentanol,Alcohols,,
LEEK (raw) (Allium porrum L.),ALLIUM SPECIES,Vegetables,1-hexanol,Alcohols,0,1
LEEK (raw) (Allium porrum L.),ALLIUM SPECIES,Vegetables,(E)-2-hexen-1-ol,Alcohols,0,1
LEEK (raw) (Allium porrum L.),ALLIUM SPECIES,Vegetables,(Z)-3-hexen-1-ol (=leaf alcohol),Alcohols,0,5
LEEK (raw) (Allium porrum L.),ALLIUM SPECIES,Vegetables,(E)-3-hexen-1-ol,Alcohols,,
LEEK (raw) (Allium porrum L.),ALLIUM SPECIES,Vegetables,benzyl alcohol (=benzenemethanol),Alcohols,,
LEEK (raw) (Allium porrum L.),ALLIUM SPECIES,Vegetables,2-phenylethanol (=phenethyl alcohol),Alcohols,,
LEEK (raw) (Allium porrum L.),ALLIUM SPECIES,Vegetables,propanal (=propionaldehyde),"Carbonyls, aldehydes",,
LEEK (raw) (Allium porrum L.),ALLIUM SPECIES,Vegetables,2-methyl-2-pentenal,"Carbonyls, aldehydes",,
LEEK (raw) (Allium porrum L.),ALLIUM SPECIES,Vegetables,hexanal (=capronaldehyde),"Carbonyls, aldehydes",10,30
LEEK (raw) (Allium porrum L.),ALLIUM SPECIES,Vegetables,(E)-2-hexenal (=leaf aldehyde),"Carbonyls, aldehydes",10,30
LEEK (raw) (Allium porrum L.),ALLIUM SPECIES,Vegetables,benzaldehyde,"Carbonyls, aldehydes",,
LEEK (raw) (Allium porrum L.),ALLIUM SPECIES,Vegetables,3-hydroxy-2-butanone (=acetoin),"Carbonyls, ketones",,
LEEK (raw) (Allium porrum L.),ALLIUM SPECIES,Vegetables,2-undecanone,"Carbonyls, ketones",,
LEEK (raw) (Allium porrum L.),ALLIUM SPECIES,Vegetables,2-tridecanone,"Carbonyls, ketones",,
LEEK (raw) (Allium porrum L.),ALLIUM SPECIES,Vegetables,ethyl acetate,Esters,,
LEEK (raw) (Allium porrum L.),ALLIUM SPECIES,Vegetables,ethyl butanoate,Esters,,
LEEK (raw) (Allium porrum L.),ALLIUM SPECIES,Vegetables,methanethiol (=methyl mercaptan),Sulfur compounds,,
LEEK (raw) (Allium porrum L.),ALLIUM SPECIES,Vegetables,1-propanethiol (=propyl mercaptan),Sulfur compounds,,
LEEK (raw) (Allium porrum L.),ALLIUM SPECIES,Vegetables,dimethyl disulfide (=methyldithiomethane),Sulfur compounds,,
LEEK (raw) (Allium porrum L.),ALLIUM SPECIES,Vegetables,methyl propyl disulfide,Sulfur compounds,,
LEEK (raw) (Allium porrum L.),ALLIUM SPECIES,Vegetables,methyl 1-propenyl disulfide,Sulfur compounds,,
LEEK (raw) (Allium porrum L.),ALLIUM SPECIES,Vegetables,dipropyl disulfide,Sulfur compounds,,
LEEK (raw) (Allium porrum L.),ALLIUM SPECIES,Vegetables,1-propenyl propyl disulfide,Sulfur compounds,,
LEEK (raw) (Allium porrum L.),ALLIUM SPECIES,Vegetables,allyl propyl disulfide,Sulfur compounds,,
LEEK (raw) (Allium porrum L.),ALLIUM SPECIES,Vegetables,isopropyl 1-propenyl disulfide,Sulfur compounds,,
LEEK (raw) (Allium porrum L.),ALLIUM SPECIES,Vegetables,allyl isopropyl disulfide,Sulfur compounds,,
LEEK (raw) (Allium porrum L.),ALLIUM SPECIES,Vegetables,"dimethyl trisulfide (=2,3,4-trithiapentane, methyltrithiomethane)",Sulfur compounds,,
LEEK (raw) (Allium porrum L.),ALLIUM SPECIES,Vegetables,methyl propyl trisulfide,Sulfur compounds,,
LEEK (raw) (Allium porrum L.),ALLIUM SPECIES,Vegetables,dipropyl trisulfide,Sulfur compounds,,
LEEK (raw) (Allium porrum L.),ALLIUM SPECIES,Vegetables,propenyl propyl trisulfide (unkn.str.),Sulfur compounds,,
LEEK (raw) (Allium porrum L.),ALLIUM SPECIES,Vegetables,"3,4-dimethylthiophene",Sulfur compounds,,
LEEK (raw) (Allium porrum L.),ALLIUM SPECIES,Vegetables,"3,4-dimethyl-2(3H)-dihydro-thiophenone",Sulfur compounds,,
LEEK (raw) (Allium porrum L.),ALLIUM SPECIES,Vegetables,"1,2-dimethoxybenzene (=veratrole)",Phenols,,
LEEK (raw) (Allium porrum L.),ALLIUM SPECIES,Vegetables,2-hexyl-5-methyl-3(2H)-furanone,Furans,,
LEEK (raw) (Allium porrum L.),ALLIUM SPECIES,Vegetables,5-methyl-2-octyl-3(2H)-furanone,Furans,,
LEEK (heated) (Allium porrum L.),ALLIUM SPECIES,Vegetables,ethanol,Alcohols,,
LEEK (heated) (Allium porrum L.),ALLIUM SPECIES,Vegetables,1-propanol (=propyl alcohol),Alcohols,,
LEEK (heated) (Allium porrum L.),ALLIUM SPECIES,Vegetables,2-propen-1-ol (=allyl alcohol),Alcohols,,
LEEK (heated) (Allium porrum L.),ALLIUM SPECIES,Vegetables,2-methyl-1-propanol (=isobutanol),Alcohols,,
LEEK (heated) (Allium porrum L.),ALLIUM SPECIES,Vegetables,1-butanol,Alcohols,,
LEEK (heated) (Allium porrum L.),ALLIUM SPECIES,Vegetables,3-methyl-1-butanol (=isoamyl alcohol),Alcohols,,
LEEK (heated) (Allium porrum L.),ALLIUM SPECIES,Vegetables,1-pentanol (=amyl alcohol),Alcohols,,
LEEK (heated) (Allium porrum L.),ALLIUM SPECIES,Vegetables,2-methyl-1-pentanol,Alcohols,,
LEEK (heated) (Allium porrum L.),ALLIUM SPECIES,Vegetables,1-hexanol,Alcohols,,
LEEK (heated) (Allium porrum L.),ALLIUM SPECIES,Vegetables,(E)-3-hexen-1-ol,Alcohols,,
LEEK (heated) (Allium porrum L.),ALLIUM SPECIES,Vegetables,1-octanol,Alcohols,,
LEEK (heated) (Allium porrum L.),ALLIUM SPECIES,Vegetables,1-nonanol,Alcohols,,
LEEK (heated) (Allium porrum L.),ALLIUM SPECIES,Vegetables,benzyl alcohol (=benzenemethanol),Alcohols,,
LEEK (heated) (Allium porrum L.),ALLIUM SPECIES,Vegetables,2-phenylethanol (=phenethyl alcohol),Alcohols,,
LEEK (heated) (Allium porrum L.),ALLIUM SPECIES,Vegetables,formaldehyde (=methanal),"Carbonyls, aldehydes",,
LEEK (heated) (Allium porrum L.),ALLIUM SPECIES,Vegetables,acetaldehyde (=ethanal),"Carbonyls, aldehydes",,
LEEK (heated) (Allium porrum L.),ALLIUM SPECIES,Vegetables,propanal (=propionaldehyde),"Carbonyls, aldehydes",,
LEEK (heated) (Allium porrum L.),ALLIUM SPECIES,Vegetables,2-methylbutanal (=α-methylbutanal),"Carbonyls, aldehydes",,
LEEK (heated) (Allium porrum L.),ALLIUM SPECIES,Vegetables,"3-methylbutanal (=isopentanal, isovaleraldehyde)","Carbonyls, aldehydes",,
LEEK (heated) (Allium porrum L.),ALLIUM SPECIES,Vegetables,pentanal (=valeraldehyde),"Carbonyls, aldehydes",,
LEEK (heated) (Allium porrum L.),ALLIUM SPECIES,Vegetables,2-methylpentanal,"Carbonyls, aldehydes",,
LEEK (heated) (Allium porrum L.),ALLIUM SPECIES,Vegetables,2-methyl-2-pentenal,"Carbonyls, aldehydes",,
LEEK (heated) (Allium porrum L.),ALLIUM SPECIES,Vegetables,hexanal (=capronaldehyde),"Carbonyls, aldehydes",,
LEEK (heated) (Allium porrum L.),ALLIUM SPECIES,Vegetables,heptanal,"Carbonyls, aldehydes",,
LEEK (heated) (Allium porrum L.),ALLIUM SPECIES,Vegetables,benzaldehyde,"Carbonyls, aldehydes",,
LEEK (heated) (Allium porrum L.),ALLIUM SPECIES,Vegetables,2-butanone (=ethyl methyl ketone),"Carbonyls, ketones",,
LEEK (heated) (Allium porrum L.),ALLIUM SPECIES,Vegetables,3-hydroxy-2-butanone (=acetoin),"Carbonyls, ketones",,
LEEK (heated) (Allium porrum L.),ALLIUM SPECIES,Vegetables,2-heptanone,"Carbonyls, ketones",,
LEEK (heated) (Allium porrum L.),ALLIUM SPECIES,Vegetables,2-octanone,"Carbonyls, ketones",,
LEEK (heated) (Allium porrum L.),ALLIUM SPECIES,Vegetables,2-nonanone,"Carbonyls, ketones",,
LEEK (heated) (Allium porrum L.),ALLIUM SPECIES,Vegetables,2-decanone,"Carbonyls, ketones",,
LEEK (heated) (Allium porrum L.),ALLIUM SPECIES,Vegetables,2-tridecanone,"Carbonyls, ketones",,
LEEK (heated) (Allium porrum L.),ALLIUM SPECIES,Vegetables,2-pentadecanone,"Carbonyls, ketones",,
LEEK (heated) (Allium porrum L.),ALLIUM SPECIES,Vegetables,ethyl acetate,Esters,,
LEEK (heated) (Allium porrum L.),ALLIUM SPECIES,Vegetables,pyridine,Bases,,
LEEK (heated) (Allium porrum L.),ALLIUM SPECIES,Vegetables,methanethiol (=methyl mercaptan),Sulfur compounds,,
LEEK (heated) (Allium porrum L.),ALLIUM SPECIES,Vegetables,1-propanethiol (=propyl mercaptan),Sulfur compounds,,
LEEK (heated) (Allium porrum L.),ALLIUM SPECIES,Vegetables,allyl methyl sulfide (=1-(methylthio)-2-propene),Sulfur compounds,,
LEEK (heated) (Allium porrum L.),ALLIUM SPECIES,Vegetables,allyl propyl sulfide,Sulfur compounds,,
LEEK (heated) (Allium porrum L.),ALLIUM SPECIES,Vegetables,dimethyl disulfide (=methyldithiomethane),Sulfur compounds,,
LEEK (heated) (Allium porrum L.),ALLIUM SPECIES,Vegetables,methyl propyl disulfide,Sulfur compounds,,
LEEK (heated) (Allium porrum L.),ALLIUM SPECIES,Vegetables,methyl 1-propenyl disulfide,Sulfur compounds,,
LEEK (heated) (Allium porrum L.),ALLIUM SPECIES,Vegetables,allyl methyl disulfide,Sulfur compounds,,
LEEK (heated) (Allium porrum L.),ALLIUM SPECIES,Vegetables,dipropyl disulfide,Sulfur compounds,,
LEEK (heated) (Allium porrum L.),ALLIUM SPECIES,Vegetables,"dimethyl trisulfide (=2,3,4-trithiapentane, methyltrithiomethane)",Sulfur compounds,,
LEEK (heated) (Allium porrum L.),ALLIUM SPECIES,Vegetables,methyl propyl trisulfide,Sulfur compounds,,
LEEK (heated) (Allium porrum L.),ALLIUM SPECIES,Vegetables,1-propenyl propyl trisulfide,Sulfur compounds,,
LEEK (heated) (Allium porrum L.),ALLIUM SPECIES,Vegetables,allyl propyl trisulfide,Sulfur compounds,,
LEEK (heated) (Allium porrum L.),ALLIUM SPECIES,Vegetables,2-methylthiophene,Sulfur compounds,,
LEEK (heated) (Allium porrum L.),ALLIUM SPECIES,Vegetables,3-methylthiophene,Sulfur compounds,,
LEEK (heated) (Allium porrum L.),ALLIUM SPECIES,Vegetables,"3,4-dimethylthiophene",Sulfur compounds,,
LEEK (heated) (Allium porrum L.),ALLIUM SPECIES,Vegetables,dimethylthiophene (unkn.str.),Sulfur compounds,,
LEEK (heated) (Allium porrum L.),ALLIUM SPECIES,Vegetables,"3,4-dimethyl-2(3H)-dihydro-thiophenone",Sulfur compounds,,
LEEK (heated) (Allium porrum L.),ALLIUM SPECIES,Vegetables,benzothiazole,Sulfur compounds,,
LEEK (heated) (Allium porrum L.),ALLIUM SPECIES,Vegetables,"1,2-dimethoxybenzene (=veratrole)",Phenols,,
LEEK (heated) (Allium porrum L.),ALLIUM SPECIES,Vegetables,"furfural (=2-formylfuran, 2-furancarbaldehyde, 2-furaldehyde)",Furans,,
LEEK (heated) (Allium porrum L.),ALLIUM SPECIES,Vegetables,2-hexyl-5-methyl-3(2H)-furanone,Furans,,
LEEK (heated) (Allium porrum L.),ALLIUM SPECIES,Vegetables,2-propanoylfuran,Furans,,
LEEK (heated) (Allium porrum L.),ALLIUM SPECIES,Vegetables,"furfuryl alcohol (=(2-furyl)-methanol, 2-furanmethanol)",Furans,,
CHIVE (Allium schoenoprasum L.),ALLIUM SPECIES,Vegetables,2-undecanol,Alcohols,,
CHIVE (Allium schoenoprasum L.),ALLIUM SPECIES,Vegetables,2-tridecanol,Alcohols,,
CHIVE (Allium schoenoprasum L.),ALLIUM SPECIES,Vegetables,linalool,Alcohols,,
CHIVE (Allium schoenoprasum L.),ALLIUM SPECIES,Vegetables,1-phenylethanol (=α-methylbenzyl alcohol),Alcohols,,
CHIVE (Allium schoenoprasum L.),ALLIUM SPECIES,Vegetables,2-phenylethanol (=phenethyl alcohol),Alcohols,,
CHIVE (Allium schoenoprasum L.),ALLIUM SPECIES,Vegetables,2-methyl-2-pentenal,"Carbonyls, aldehydes",,
CHIVE (Allium schoenoprasum L.),ALLIUM SPECIES,Vegetables,methylpentenal (unkn.str.),"Carbonyls, aldehydes",,
CHIVE (Allium schoenoprasum L.),ALLIUM SPECIES,Vegetables,hexanal (=capronaldehyde),"Carbonyls, aldehydes",,
CHIVE (Allium schoenoprasum L.),ALLIUM SPECIES,Vegetables,2-hexenal,"Carbonyls, aldehydes",,
CHIVE (Allium schoenoprasum L.),ALLIUM SPECIES,Vegetables,decanal (=capraldehyde),"Carbonyls, aldehydes",,
CHIVE (Allium schoenoprasum L.),ALLIUM SPECIES,Vegetables,vanillin (=4-hydroxy-3-methoxybenzaldehyde),"Carbonyls, aldehydes",,
CHIVE (Allium schoenoprasum L.),ALLIUM SPECIES,Vegetables,3-pentanone,"Carbonyls, ketones",,
CHIVE (Allium schoenoprasum L.),ALLIUM SPECIES,Vegetables,1-penten-3-one,"Carbonyls, ketones",,
CHIVE (Allium schoenoprasum L.),ALLIUM SPECIES,Vegetables,2-undecanone,"Carbonyls, ketones",,
CHIVE (Allium schoenoprasum L.),ALLIUM SPECIES,Vegetables,2-tridecanone,"Carbonyls, ketones",,
CHIVE (Allium schoenoprasum L.),ALLIUM SPECIES,Vegetables,"2,4-dihydroxyacetophenone","Carbonyls, ketones",,
CHIVE (Allium schoenoprasum L.),ALLIUM SPECIES,Vegetables,ethyl acetate,Esters,,
CHIVE (Allium schoenoprasum L.),ALLIUM SPECIES,Vegetables,3-ethylphenyl acetate,Esters,,
CHIVE (Allium schoenoprasum L.),ALLIUM SPECIES,Vegetables,methyl tetradecanoate (=methyl myristate),Esters,,
CHIVE (Allium schoenoprasum L.),ALLIUM SPECIES,Vegetables,methyl hexadecanoate (=methyl palmitate),Esters,,
CHIVE (Allium schoenoprasum L.),ALLIUM SPECIES,Vegetables,methyl octadecanoate (=methyl stearate),Esters,,
CHIVE (Allium schoenoprasum L.),ALLIUM SPECIES,Vegetables,methyl (Z)-9-octadecenoate (=methyl oleate),Esters,,
CHIVE (Allium schoenoprasum L.),ALLIUM SPECIES,Vegetables,"methyl 9,12-octadecadienoate",Esters,,
CHIVE (Allium schoenoprasum L.),ALLIUM SPECIES,Vegetables,1-propanethiol (=propyl mercaptan),Sulfur compounds,,
CHIVE (Allium schoenoprasum L.),ALLIUM SPECIES,Vegetables,1-pentanethiol (=pentyl mercaptan),Sulfur compounds,,
CHIVE (Allium schoenoprasum L.),ALLIUM SPECIES,Vegetables,"1,2-propylene sulfide (=2-methylthiirane, 1,2-epithiopropane)",Sulfur compounds,,
CHIVE (Allium schoenoprasum L.),ALLIUM SPECIES,Vegetables,methyl propyl sulfide (=1-(methylthio)propane),Sulfur compounds,,
CHIVE (Allium schoenoprasum L.),ALLIUM SPECIES,Vegetables,dimethyl disulfide (=methyldithiomethane),Sulfur compounds,,
CHIVE (Allium schoenoprasum L.),ALLIUM SPECIES,Vegetables,methyl propyl disulfide,Sulfur compounds,,
CHIVE (Allium schoenoprasum L.),ALLIUM SPECIES,Vegetables,allyl methyl disulfide,Sulfur compounds,,
CHIVE (Allium schoenoprasum L.),ALLIUM SPECIES,Vegetables,dipropyl disulfide,Sulfur compounds,,
CHIVE (Allium schoenoprasum L.),ALLIUM SPECIES,Vegetables,(E)-1-propenyl propyl disulfide,Sulfur compounds,,
CHIVE (Allium schoenoprasum L.),ALLIUM SPECIES,Vegetables,allyl propyl disulfide,Sulfur compounds,,
CHIVE (Allium schoenoprasum L.),ALLIUM SPECIES,Vegetables,diallyl disulfide,Sulfur compounds,,
CHIVE (Allium schoenoprasum L.),ALLIUM SPECIES,Vegetables,hydrogen pentyl disulfide (=1-pentanesulfenothioic acid),Sulfur compounds,,
CHIVE (Allium schoenoprasum L.),ALLIUM SPECIES,Vegetables,methyl pentyl disulfide,Sulfur compounds,,
CHIVE (Allium schoenoprasum L.),ALLIUM SPECIES,Vegetables,methyl propyl trisulfide,Sulfur compounds,,
CHIVE (Allium schoenoprasum L.),ALLIUM SPECIES,Vegetables,dipropyl trisulfide,Sulfur compounds,,
CHIVE (Allium schoenoprasum L.),ALLIUM SPECIES,Vegetables,allyl methyl trisulfide,Sulfur compounds,,
CHIVE (Allium schoenoprasum L.),ALLIUM SPECIES,Vegetables,S-propyl acetothioate,Sulfur compounds,,
CHIVE (Allium schoenoprasum L.),ALLIUM SPECIES,Vegetables,"cis-3,5-diethyl-1,2,4-trithiolane",Sulfur compounds,,
CHIVE (Allium schoenoprasum L.),ALLIUM SPECIES,Vegetables,"trans-3,5-diethyl-1,2,4-trithiolane",Sulfur compounds,,
CHIVE (Allium schoenoprasum L.),ALLIUM SPECIES,Vegetables,2-nonylphenol,Phenols,,
CHIVE (Allium schoenoprasum L.),ALLIUM SPECIES,Vegetables,3-nonylphenol,Phenols,,
CHIVE (Allium schoenoprasum L.),ALLIUM SPECIES,Vegetables,4-nonylphenol,Phenols,,
CHIVE (Allium schoenoprasum L.),ALLIUM SPECIES,Vegetables,thymol (=2-isopropyl-5-methylphenol),Phenols,,
CHIVE (Allium schoenoprasum L.),ALLIUM SPECIES,Vegetables,2-methoxyphenol (=guaiacol),Phenols,,
CHIVE (Allium schoenoprasum L.),ALLIUM SPECIES,Vegetables,"2,3-dihydrobenzofuran (=coumaran)",Furans,,
NIRA (Allium tuberosum Rottl.),ALLIUM SPECIES,Vegetables,hexadecane,Hydrocarbons,,
NIRA (Allium tuberosum Rottl.),ALLIUM SPECIES,Vegetables,1-butanol,Alcohols,0.08,0.08
NIRA (Allium tuberosum Rottl.),ALLIUM SPECIES,Vegetables,1-hexanol,Alcohols,<0.04,<0.04
NIRA (Allium tuberosum Rottl.),ALLIUM SPECIES,Vegetables,(E)-2-hexen-1-ol,Alcohols,0.2,0.2
NIRA (Allium tuberosum Rottl.),ALLIUM SPECIES,Vegetables,(Z)-2-hexen-1-ol,Alcohols,<0.04,<0.04
NIRA (Allium tuberosum Rottl.),ALLIUM SPECIES,Vegetables,(Z)-3-hexen-1-ol (=leaf alcohol),Alcohols,0.6,0.6
NIRA (Allium tuberosum Rottl.),ALLIUM SPECIES,Vegetables,1-octanol,Alcohols,0.08,0.08
NIRA (Allium tuberosum Rottl.),ALLIUM SPECIES,Vegetables,1-octen-3-ol,Alcohols,0.08,0.08
NIRA (Allium tuberosum Rottl.),ALLIUM SPECIES,Vegetables,1-nonanol,Alcohols,0.16,0.16
NIRA (Allium tuberosum Rottl.),ALLIUM SPECIES,Vegetables,1-decanol,Alcohols,<0.04,<0.04
NIRA (Allium tuberosum Rottl.),ALLIUM SPECIES,Vegetables,1-undecanol,Alcohols,<0.04,<0.04
NIRA (Allium tuberosum Rottl.),ALLIUM SPECIES,Vegetables,1-dodecanol,Alcohols,<0.04,<0.04
NIRA (Allium tuberosum Rottl.),ALLIUM SPECIES,Vegetables,1-tridecanol,Alcohols,<0.04,<0.04
NIRA (Allium tuberosum Rottl.),ALLIUM SPECIES,Vegetables,1-tetradecanol,Alcohols,<0.04,<0.04
NIRA (Allium tuberosum Rottl.),ALLIUM SPECIES,Vegetables,geraniol,Alcohols,0.24,0.24
NIRA (Allium tuberosum Rottl.),ALLIUM SPECIES,Vegetables,nerol,Alcohols,0.16,0.16
NIRA (Allium tuberosum Rottl.),ALLIUM SPECIES,Vegetables,linalool,Alcohols,0.7,0.7
NIRA (Allium tuberosum Rottl.),ALLIUM SPECIES,Vegetables,α-terpineol,Alcohols,<0.04,<0.04
NIRA (Allium tuberosum Rottl.),ALLIUM SPECIES,Vegetables,α-cadinol,Alcohols,0.6,0.6
NIRA (Allium tuberosum Rottl.),ALLIUM SPECIES,Vegetables,2-undecanone,"Carbonyls, ketones",0.08,0.08
NIRA (Allium tuberosum Rottl.),ALLIUM SPECIES,Vegetables,2-tridecanone,"Carbonyls, ketones",0.08,0.08
NIRA (Allium tuberosum Rottl.),ALLIUM SPECIES,Vegetables,methyl (Z)-9-octadecenoate (=methyl oleate),Esters,0.08,0.08
NIRA (Allium tuberosum Rottl.),ALLIUM SPECIES,Vegetables,"methyl 9,12-octadecadienoate",Esters,0.6,0.6
NIRA (Allium tuberosum Rottl.),ALLIUM SPECIES,Vegetables,"ethyl 9,12-octadecadienoate",Esters,,
NIRA (Allium tuberosum Rottl.),ALLIUM SPECIES,Vegetables,"methyl 9,12,15-octadecatrienoate",Esters,,
NIRA (Allium tuberosum Rottl.),ALLIUM SPECIES,Vegetables,"ethyl 9,12,15-octadecatrienoate",Esters,,
NIRA (Allium tuberosum Rottl.),ALLIUM SPECIES,Vegetables,indole,Bases,,
NIRA (Allium tuberosum Rottl.),ALLIUM SPECIES,Vegetables,"diallyl sulfide (=thioallyl ether, 1-(allylthio)-2-propene)",Sulfur compounds,1.8,1.8
NIRA (Allium tuberosum Rottl.),ALLIUM SPECIES,Vegetables,dimethyl disulfide (=methyldithiomethane),Sulfur compounds,25.5,25.5
NIRA (Allium tuberosum Rottl.),ALLIUM SPECIES,Vegetables,allyl methyl disulfide,Sulfur compounds,6.2,6.2
NIRA (Allium tuberosum Rottl.),ALLIUM SPECIES,Vegetables,diallyl disulfide,Sulfur compounds,2.1,2.1
NIRA (Allium tuberosum Rottl.),ALLIUM SPECIES,Vegetables,"dimethyl trisulfide (=2,3,4-trithiapentane, methyltrithiomethane)",Sulfur compounds,12.8,12.8
NIRA (Allium tuberosum Rottl.),ALLIUM SPECIES,Vegetables,allyl methyl trisulfide,Sulfur compounds,7.6,7.6
NIRA (Allium tuberosum Rottl.),ALLIUM SPECIES,Vegetables,dimethyl tetrasulfide (=methyltetrathiomethane),Sulfur compounds,2.8,2.8
NOBIRU (Allium grayi Regal),ALLIUM SPECIES,Vegetables,dodecane,Hydrocarbons,0.4,0.4
NOBIRU (Allium grayi Regal),ALLIUM SPECIES,Vegetables,tridecane,Hydrocarbons,0.3,0.3
NOBIRU (Allium grayi Regal),ALLIUM SPECIES,Vegetables,tetradecane,Hydrocarbons,1.5,1.5
NOBIRU (Allium grayi Regal),ALLIUM SPECIES,Vegetables,pentadecane,Hydrocarbons,4,4
NOBIRU (Allium grayi Regal),ALLIUM SPECIES,Vegetables,hexadecane,Hydrocarbons,2.4,2.4
NOBIRU (Allium grayi Regal),ALLIUM SPECIES,Vegetables,heptadecane,Hydrocarbons,3,3
NOBIRU (Allium grayi Regal),ALLIUM SPECIES,Vegetables,octadecane,Hydrocarbons,0.3,0.3
NOBIRU (Allium grayi Regal),ALLIUM SPECIES,Vegetables,nonadecane,Hydrocarbons,5.9,5.9
NOBIRU (Allium grayi Regal),ALLIUM SPECIES,Vegetables,eicosane,Hydrocarbons,6.7,6.7
NOBIRU (Allium grayi Regal),ALLIUM SPECIES,Vegetables,heneicosane,Hydrocarbons,7.8,7.8
NOBIRU (Allium grayi Regal),ALLIUM SPECIES,Vegetables,docosane,Hydrocarbons,8.2,8.2
NOBIRU (Allium grayi Regal),ALLIUM SPECIES,Vegetables,tricosane,Hydrocarbons,8.4,8.4
NOBIRU (Allium grayi Regal),ALLIUM SPECIES,Vegetables,tetracosane,Hydrocarbons,3.7,3.7
NOBIRU (Allium grayi Regal),ALLIUM SPECIES,Vegetables,pentacosane,Hydrocarbons,3.5,3.5
NOBIRU (Allium grayi Regal),ALLIUM SPECIES,Vegetables,1-hexanol,Alcohols,0.06,0.06
NOBIRU (Allium grayi Regal),ALLIUM SPECIES,Vegetables,(Z)-3-hexen-1-ol (=leaf alcohol),Alcohols,1,1
NOBIRU (Allium grayi Regal),ALLIUM SPECIES,Vegetables,1-octanol,Alcohols,1.8,1.8
NOBIRU (Allium grayi Regal),ALLIUM SPECIES,Vegetables,2-undecanol,Alcohols,1.9,1.9
NOBIRU (Allium grayi Regal),ALLIUM SPECIES,Vegetables,2-tridecanol,Alcohols,6.4,6.4
NOBIRU (Allium grayi Regal),ALLIUM SPECIES,Vegetables,hexanal (=capronaldehyde),"Carbonyls, aldehydes",0.5,0.5
NOBIRU (Allium grayi Regal),ALLIUM SPECIES,Vegetables,heptanal,"Carbonyls, aldehydes",0.06,0.06
NOBIRU (Allium grayi Regal),ALLIUM SPECIES,Vegetables,decanal (=capraldehyde),"Carbonyls, aldehydes",0.6,0.6
NOBIRU (Allium grayi Regal),ALLIUM SPECIES,Vegetables,dodecanal,"Carbonyls, aldehydes",1.8,1.8
NOBIRU (Allium grayi Regal),ALLIUM SPECIES,Vegetables,tridecanal,"Carbonyls, aldehydes",3,3
NOBIRU (Allium grayi Regal),ALLIUM SPECIES,Vegetables,tetradecanal,"Carbonyls, aldehydes",4.5,4.5
NOBIRU (Allium grayi Regal),ALLIUM SPECIES,Vegetables,2-undecanone,"Carbonyls, ketones",2.5,2.5
NOBIRU (Allium grayi Regal),ALLIUM SPECIES,Vegetables,2-tridecanone,"Carbonyls, ketones",4.3,4.3
NOBIRU (Allium grayi Regal),ALLIUM SPECIES,Vegetables,2-pentadecanone,"Carbonyls, ketones",9.3,9.3
NOBIRU (Allium grayi Regal),ALLIUM SPECIES,Vegetables,methyl dodecanoate (=methyl laurate),Esters,1.3,1.3
NOBIRU (Allium grayi Regal),ALLIUM SPECIES,Vegetables,methyl tetradecanoate (=methyl myristate),Esters,3.2,3.2
NOBIRU (Allium grayi Regal),ALLIUM SPECIES,Vegetables,methyl hexadecanoate (=methyl palmitate),Esters,2.3,2.3
NOBIRU (Allium grayi Regal),ALLIUM SPECIES,Vegetables,methyl octadecanoate (=methyl stearate),Esters,2.2,2.2
NOBIRU (Allium grayi Regal),ALLIUM SPECIES,Vegetables,methyl (Z)-9-octadecenoate (=methyl oleate),Esters,2.6,2.6
NOBIRU (Allium grayi Regal),ALLIUM SPECIES,Vegetables,methyl propyl disulfide,Sulfur compounds,1,1
NOBIRU (Allium grayi Regal),ALLIUM SPECIES,Vegetables,allyl methyl disulfide,Sulfur compounds,4.6,4.6
NOBIRU (Allium grayi Regal),ALLIUM SPECIES,Vegetables,dipropyl disulfide,Sulfur compounds,19,19
NOBIRU (Allium grayi Regal),ALLIUM SPECIES,Vegetables,methyl pentyl disulfide,Sulfur compounds,8.7,8.7
NOBIRU (Allium grayi Regal),ALLIUM SPECIES,Vegetables,methyl propyl trisulfide,Sulfur compounds,2,2
NOBIRU (Allium grayi Regal),ALLIUM SPECIES,Vegetables,dipropyl trisulfide,Sulfur compounds,0.9,0.9
NOBIRU (Allium grayi Regal),ALLIUM SPECIES,Vegetables,allyl methyl trisulfide,Sulfur compounds,1.6,1.6
NOBIRU (Allium grayi Regal),ALLIUM SPECIES,Vegetables,"cis-3,5-diethyl-1,2,4-trithiolane",Sulfur compounds,5.9,5.9
NOBIRU (Allium grayi Regal),ALLIUM SPECIES,Vegetables,"trans-3,5-diethyl-1,2,4-trithiolane",Sulfur compounds,6,6
NOBIRU (Allium grayi Regal),ALLIUM SPECIES,Vegetables,"cis-3-ethyl-5-methyl-1,2,4-trithiolane",Sulfur compounds,2.4,2.4
NOBIRU (Allium grayi Regal),ALLIUM SPECIES,Vegetables,"trans-3-ethyl-5-methyl-1,2,4-trithiolane",Sulfur compounds,1.6,1.6
NOBIRU (Allium grayi Regal),ALLIUM SPECIES,Vegetables,2-hexyl-5-methyl-3(2H)-furanone,Furans,9.2,9.2
NOBIRU (Allium grayi Regal),ALLIUM SPECIES,Vegetables,5-methyl-2-octyl-3(2H)-furanone,Furans,6.9,6.9
PEAS (Pisum sativum L.),,Vegetables,undecane,Hydrocarbons,,
PEAS (Pisum sativum L.),,Vegetables,dodecane,Hydrocarbons,0.01,0.01
PEAS (Pisum sativum L.),,Vegetables,tridecane,Hydrocarbons,,
PEAS (Pisum sativum L.),,Vegetables,tetradecane,Hydrocarbons,,
PEAS (Pisum sativum L.),,Vegetables,pentadecane,Hydrocarbons,,
PEAS (Pisum sativum L.),,Vegetables,benzene,Hydrocarbons,0.003,0.003
PEAS (Pisum sativum L.),,Vegetables,methylbenzene (=toluene),Hydrocarbons,0.009,0.009
PEAS (Pisum sativum L.),,Vegetables,ethylbenzene (=α-methyltoluene),Hydrocarbons,0.004,0.004
PEAS (Pisum sativum L.),,Vegetables,vinylbenzene (=styrene),Hydrocarbons,0.001,0.001
PEAS (Pisum sativum L.),,Vegetables,"1,2-dimethylbenzene (=o-xylene)",Hydrocarbons,0.002,0.002
PEAS (Pisum sativum L.),,Vegetables,diethylbenzene (unkn.str.),Hydrocarbons,,
PEAS (Pisum sativum L.),,Vegetables,ethyl-dimethylbenzene (unkn.str.),Hydrocarbons,,
PEAS (Pisum sativum L.),,Vegetables,biphenyl,Hydrocarbons,,
PEAS (Pisum sativum L.),,Vegetables,methylindan (unkn.str.),Hydrocarbons,,
PEAS (Pisum sativum L.),,Vegetables,methylindene (unkn.str.),Hydrocarbons,,
PEAS (Pisum sativum L.),,Vegetables,dimethylindan (unkn.str.),Hydrocarbons,,
PEAS (Pisum sativum L.),,Vegetables,naphthalene,Hydrocarbons,0.005,0.005
PEAS (Pisum sativum L.),,Vegetables,1-methylnaphthalene,Hydrocarbons,,
PEAS (Pisum sativum L.),,Vegetables,2-methylnaphthalene,Hydrocarbons,,
PEAS (Pisum sativum L.),,Vegetables,methylnaphthalene (unkn.str.),Hydrocarbons,0.005,0.005
PEAS (Pisum sativum L.),,Vegetables,dimethylnaphthalene (unkn.str.),Hydrocarbons,,
PEAS (Pisum sativum L.),,Vegetables,methanol,Alcohols,1,1
PEAS (Pisum sativum L.),,Vegetables,ethanol,Alcohols,1.4,1.4
PEAS (Pisum sativum L.),,Vegetables,1-propanol (=propyl alcohol),Alcohols,0.4,0.4
PEAS (Pisum sativum L.),,Vegetables,2-propanol (=isopropyl alcohol),Alcohols,0.14,0.14
PEAS (Pisum sativum L.),,Vegetables,2-methyl-1-propanol (=isobutanol),Alcohols,0.04,0.04
PEAS (Pisum sativum L.),,Vegetables,1-butanol,Alcohols,0.04,0.04
PEAS (Pisum sativum L.),,Vegetables,2-butanol (=sec-butanol),Alcohols,0.02,0.02
PEAS (Pisum sativum L.),,Vegetables,2-methyl-1-butanol (=active amyl alcohol),Alcohols,,
PEAS (Pisum sativum L.),,Vegetables,3-methyl-1-butanol (=isoamyl alcohol),Alcohols,,
PEAS (Pisum sativum L.),,Vegetables,2-methyl-2-butanol (=tert-amyl alcohol),Alcohols,,
PEAS (Pisum sativum L.),,Vegetables,1-pentanol (=amyl alcohol),Alcohols,0.0005,0.01
PEAS (Pisum sativum L.),,Vegetables,3-pentanol,Alcohols,,
PEAS (Pisum sativum L.),,Vegetables,(Z)-2-penten-1-ol,Alcohols,0.005,0.005
PEAS (Pisum sativum L.),,Vegetables,(E)-2-penten-1-ol,Alcohols,,
PEAS (Pisum sativum L.),,Vegetables,1-penten-3-ol,Alcohols,,
PEAS (Pisum sativum L.),,Vegetables,4-methyl-2-pentanol,Alcohols,,
PEAS (Pisum sativum L.),,Vegetables,1-hexanol,Alcohols,0.01,0.12
PEAS (Pisum sativum L.),,Vegetables,(E)-2-hexen-1-ol,Alcohols,,
PEAS (Pisum sativum L.),,Vegetables,(Z)-3-hexen-1-ol (=leaf alcohol),Alcohols,0.14,0.14
PEAS (Pisum sativum L.),,Vegetables,(E)-3-hexen-1-ol,Alcohols,,
PEAS (Pisum sativum L.),,Vegetables,1-heptanol,Alcohols,,
PEAS (Pisum sativum L.),,Vegetables,2-heptanol,Alcohols,,
PEAS (Pisum sativum L.),,Vegetables,(E)-2-hepten-1-ol,Alcohols,,
PEAS (Pisum sativum L.),,Vegetables,(Z)-3-hepten-1-ol,Alcohols,,
PEAS (Pisum sativum L.),,Vegetables,1-octanol,Alcohols,,
PEAS (Pisum sativum L.),,Vegetables,2-octanol,Alcohols,,
PEAS (Pisum sativum L.),,Vegetables,3-octanol,Alcohols,,
PEAS (Pisum sativum L.),,Vegetables,(E)-2-octen-1-ol,Alcohols,,
PEAS (Pisum sativum L.),,Vegetables,3-octen-1-ol,Alcohols,,
PEAS (Pisum sativum L.),,Vegetables,1-octen-3-ol,Alcohols,,
PEAS (Pisum sativum L.),,Vegetables,1-nonanol,Alcohols,,
PEAS (Pisum sativum L.),,Vegetables,(Z)-3-nonen-1-ol,Alcohols,,
PEAS (Pisum sativum L.),,Vegetables,linalool,Alcohols,,
PEAS (Pisum sativum L.),,Vegetables,α-terpineol,Alcohols,,
PEAS (Pisum sativum L.),,Vegetables,acetaldehyde (=ethanal),"Carbonyls, aldehydes",0.56,400
PEAS (Pisum sativum L.),,Vegetables,propanal (=propionaldehyde),"Carbonyls, aldehydes",0,0.17
PEAS (Pisum sativum L.),,Vegetables,"2-methylpropanal (=isobutanal, isobutyraldehyde)","Carbonyls, aldehydes",0.02,0.02
PEAS (Pisum sativum L.),,Vegetables,butanal (=butyraldehyde),"Carbonyls, aldehydes",0.06,0.13
PEAS (Pisum sativum L.),,Vegetables,2-methylbutanal (=α-methylbutanal),"Carbonyls, aldehydes",,
PEAS (Pisum sativum L.),,Vegetables,"3-methylbutanal (=isopentanal, isovaleraldehyde)","Carbonyls, aldehydes",,
PEAS (Pisum sativum L.),,Vegetables,methylbutanal (unkn.str.),"Carbonyls, aldehydes",0.03,0.03
PEAS (Pisum sativum L.),,Vegetables,pentanal (=valeraldehyde),"Carbonyls, aldehydes",0,0.44
PEAS (Pisum sativum L.),,Vegetables,2-pentenal,"Carbonyls, aldehydes",,
PEAS (Pisum sativum L.),,Vegetables,(E)-2-pentenal,"Carbonyls, aldehydes",,
PEAS (Pisum sativum L.),,Vegetables,(Z)-2-pentenal,"Carbonyls, aldehydes",,
PEAS (Pisum sativum L.),,Vegetables,hexanal (=capronaldehyde),"Carbonyls, aldehydes",0.03,0.03
PEAS (Pisum sativum L.),,Vegetables,2-hexenal,"Carbonyls, aldehydes",,
PEAS (Pisum sativum L.),,Vegetables,(E)-2-hexenal (=leaf aldehyde),"Carbonyls, aldehydes",,
PEAS (Pisum sativum L.),,Vegetables,"(E,E)-2,4-hexadienal","Carbonyls, aldehydes",,
PEAS (Pisum sativum L.),,Vegetables,heptanal,"Carbonyls, aldehydes",,
PEAS (Pisum sativum L.),,Vegetables,2-heptenal,"Carbonyls, aldehydes",,
PEAS (Pisum sativum L.),,Vegetables,(E)-2-heptenal,"Carbonyls, aldehydes",,
PEAS (Pisum sativum L.),,Vegetables,"2,4-heptadienal","Carbonyls, aldehydes",,
PEAS (Pisum sativum L.),,Vegetables,"(E,Z)-2,4-heptadienal","Carbonyls, aldehydes",,
PEAS (Pisum sativum L.),,Vegetables,"(E,E)-2,4-heptadienal","Carbonyls, aldehydes",,
PEAS (Pisum sativum L.),,Vegetables,octanal (=caprylaldehyde),"Carbonyls, aldehydes",,
PEAS (Pisum sativum L.),,Vegetables,2-octenal,"Carbonyls, aldehydes",,
PEAS (Pisum sativum L.),,Vegetables,(E)-2-octenal,"Carbonyls, aldehydes",,
PEAS (Pisum sativum L.),,Vegetables,nonanal (=pelargonaldehyde),"Carbonyls, aldehydes",,
PEAS (Pisum sativum L.),,Vegetables,2-nonenal,"Carbonyls, aldehydes",,
PEAS (Pisum sativum L.),,Vegetables,(E)-2-nonenal,"Carbonyls, aldehydes",,
PEAS (Pisum sativum L.),,Vegetables,"2,4-nonadienal","Carbonyls, aldehydes",,
PEAS (Pisum sativum L.),,Vegetables,"(E,E)-2,4-nonadienal","Carbonyls, aldehydes",,
PEAS (Pisum sativum L.),,Vegetables,"(E,Z)-2,4-nonadienal","Carbonyls, aldehydes",,
PEAS (Pisum sativum L.),,Vegetables,"(E,Z)-2,6-nonadienal","Carbonyls, aldehydes",,
PEAS (Pisum sativum L.),,Vegetables,"2,4-decadienal","Carbonyls, aldehydes",,
PEAS (Pisum sativum L.),,Vegetables,"(E,Z)-2,4-decadienal","Carbonyls, aldehydes",,
PEAS (Pisum sativum L.),,Vegetables,"(E,E)-2,4-decadienal","Carbonyls, aldehydes",,
PEAS (Pisum sativum L.),,Vegetables,benzaldehyde,"Carbonyls, aldehydes",0.002,0.002
PEAS (Pisum sativum L.),,Vegetables,phenylacetaldehyde (=benzeneacetaldehyde),"Carbonyls, aldehydes",,
PEAS (Pisum sativum L.),,Vegetables,β-cyclocitral,"Carbonyls, aldehydes",,
PEAS (Pisum sativum L.),,Vegetables,"acetone (=2-propanone, dimethyl ketone)","Carbonyls, ketones",0.12,0.35
PEAS (Pisum sativum L.),,Vegetables,2-butanone (=ethyl methyl ketone),"Carbonyls, ketones",0.03,0.03
PEAS (Pisum sativum L.),,Vegetables,3-hydroxy-2-butanone (=acetoin),"Carbonyls, ketones",,
PEAS (Pisum sativum L.),,Vegetables,"2,3-butanedione (=diacetyl)","Carbonyls, ketones",0.61,0.61
PEAS (Pisum sativum L.),,Vegetables,2-pentanone,"Carbonyls, ketones",0.02,0.02
PEAS (Pisum sativum L.),,Vegetables,3-pentanone,"Carbonyls, ketones",,
PEAS (Pisum sativum L.),,Vegetables,1-penten-3-one,"Carbonyls, ketones",,
PEAS (Pisum sativum L.),,Vegetables,"2,3-pentanedione (=acetylpropionyl)","Carbonyls, ketones",,
PEAS (Pisum sativum L.),,Vegetables,6-methyl-2-heptanone,"Carbonyls, ketones",,
PEAS (Pisum sativum L.),,Vegetables,2-octanone,"Carbonyls, ketones",,
PEAS (Pisum sativum L.),,Vegetables,3-octanone,"Carbonyls, ketones",,
PEAS (Pisum sativum L.),,Vegetables,(E)-3-octen-2-one,"Carbonyls, ketones",,
PEAS (Pisum sativum L.),,Vegetables,1-octen-3-one,"Carbonyls, ketones",,
PEAS (Pisum sativum L.),,Vegetables,"(E,Z)-3,5-octadien-2-one","Carbonyls, ketones",,
PEAS (Pisum sativum L.),,Vegetables,"(E,E)-3,5-octadien-2-one","Carbonyls, ketones",,
PEAS (Pisum sativum L.),,Vegetables,2-nonanone,"Carbonyls, ketones",,
PEAS (Pisum sativum L.),,Vegetables,2-undecanone,"Carbonyls, ketones",,
PEAS (Pisum sativum L.),,Vegetables,"3,5,5-trimethyl-2-cyclohexen-1-one (=isophorone)","Carbonyls, ketones",,
PEAS (Pisum sativum L.),,Vegetables,acetophenone (=1-phenylethanone),"Carbonyls, ketones",0.02,0.02
PEAS (Pisum sativum L.),,Vegetables,2-methylacetophenone,"Carbonyls, ketones",,
PEAS (Pisum sativum L.),,Vegetables,α-ionone,"Carbonyls, ketones",,
PEAS (Pisum sativum L.),,Vegetables,(E)-β-ionone,"Carbonyls, ketones",,
PEAS (Pisum sativum L.),,Vegetables,formic acid,Acids,0.33,0.46
PEAS (Pisum sativum L.),,Vegetables,acetic acid,Acids,0.024,0.029
PEAS (Pisum sativum L.),,Vegetables,3-methylbutanoic acid (=isovaleric acid),Acids,0.06,0.067
PEAS (Pisum sativum L.),,Vegetables,methyl formate,Esters,,
PEAS (Pisum sativum L.),,Vegetables,ethyl formate,Esters,,
PEAS (Pisum sativum L.),,Vegetables,ethyl acetate,Esters,,
PEAS (Pisum sativum L.),,Vegetables,hexyl acetate,Esters,,
PEAS (Pisum sativum L.),,Vegetables,hexenyl acetate (unkn.str.),Esters,,
PEAS (Pisum sativum L.),,Vegetables,ethyl propanoate,Esters,,
PEAS (Pisum sativum L.),,Vegetables,ethyl 2-hydroxypropanoate (=ethyl lactate),Esters,,
PEAS (Pisum sativum L.),,Vegetables,methyl 2-methylbutanoate,Esters,,
PEAS (Pisum sativum L.),,Vegetables,ethyl 2-methylbutanoate,Esters,,
PEAS (Pisum sativum L.),,Vegetables,methyl 3-methylbutanoate (=methyl isovalerate),Esters,,
PEAS (Pisum sativum L.),,Vegetables,ethyl 3-methylbutanoate (=ethyl isovalerate),Esters,,
PEAS (Pisum sativum L.),,Vegetables,ethyl pentanoate,Esters,,
PEAS (Pisum sativum L.),,Vegetables,ethyl hexanoate (=ethyl caproate),Esters,,
PEAS (Pisum sativum L.),,Vegetables,propyl hexanoate,Esters,,
PEAS (Pisum sativum L.),,Vegetables,methyl 2-hexenoate,Esters,,
PEAS (Pisum sativum L.),,Vegetables,methyl heptanoate,Esters,,
PEAS (Pisum sativum L.),,Vegetables,ethyl heptanoate,Esters,,
PEAS (Pisum sativum L.),,Vegetables,methyl octanoate,Esters,,
PEAS (Pisum sativum L.),,Vegetables,ethyl octanoate (=ethyl caprylate),Esters,,
PEAS (Pisum sativum L.),,Vegetables,methyl benzoate,Esters,,
PEAS (Pisum sativum L.),,Vegetables,ethyl benzoate,Esters,,
PEAS (Pisum sativum L.),,Vegetables,butyl benzoate,Esters,,
PEAS (Pisum sativum L.),,Vegetables,ethyl phenylacetate,Esters,,
PEAS (Pisum sativum L.),,Vegetables,ethyl cinnamate,Esters,,
PEAS (Pisum sativum L.),,Vegetables,"4-hydroxyhexanoic acid lactone (=γ-hexalactone, γ-caprolactone, 4-hexanolide)",Lactones,,
PEAS (Pisum sativum L.),,Vegetables,methylpyridine (unkn.str.) (=picoline (unkn.str.)),Bases,,
PEAS (Pisum sativum L.),,Vegetables,2-isopropyl-3-methoxypyrazine,Bases,1E-005,1E-005
PEAS (Pisum sativum L.),,Vegetables,2-isobutyl-3-methoxypyrazine,Bases,,
PEAS (Pisum sativum L.),,Vegetables,2-(sec-butyl)-3-methoxypyrazine,Bases,,
PEAS (Pisum sativum L.),,Vegetables,methanethiol (=methyl mercaptan),Sulfur compounds,,
PEAS (Pisum sativum L.),,Vegetables,"dimethyl sulfide (=thiobismethane, methylthiomethane, methyl sulfide)",Sulfur compounds,0.002,0.002
PEAS (Pisum sativum L.),,Vegetables,carbon disulfide,Sulfur compounds,0.001,0.001
PEAS (Pisum sativum L.),,Vegetables,dimethyl disulfide (=methyldithiomethane),Sulfur compounds,,
PEAS (Pisum sativum L.),,Vegetables,"dimethyl trisulfide (=2,3,4-trithiapentane, methyltrithiomethane)",Sulfur compounds,,
PEAS (Pisum sativum L.),,Vegetables,benzothiophene,Sulfur compounds,,
PEAS (Pisum sativum L.),,Vegetables,methylbenzothiophene (unkn.str.),Sulfur compounds,,
PEAS (Pisum sativum L.),,Vegetables,ethylbenzothiophene (unkn.str.),Sulfur compounds,,
PEAS (Pisum sativum L.),,Vegetables,dimethylbenzothiophene (unkn.str.),Sulfur compounds,,
PEAS (Pisum sativum L.),,Vegetables,"1,1-dimethoxyethane (=acetaldehyde dimethyl acetal)",Acetals,,
PEAS (Pisum sativum L.),,Vegetables,"1,1-diethoxyethane (=acetal, acetaldehyde diethyl acetal)",Acetals,,
PEAS (Pisum sativum L.),,Vegetables,"1,8-cineole (=eucalyptol)",Ethers,,
PEAS (Pisum sativum L.),,Vegetables,trichloromethane (=chloroform),Halogens,0.02,0.02
PEAS (Pisum sativum L.),,Vegetables,dichlorobenzene (unkn.str.),Halogens,0.01,0.01
PEAS (Pisum sativum L.),,Vegetables,trichlorobenzene (unkn.str.),Halogens,0.002,0.002
PEAS (Pisum sativum L.),,Vegetables,"acetonitrile (=ethanenitrile, methyl cyanide)",Nitriles and amides,0.05,0.05
PEAS (Pisum sativum L.),,Vegetables,"phenylacetonitrile (=benzyl cyanide, benzeneacetonitrile)",Nitriles and amides,,
PEAS (Pisum sativum L.),,Vegetables,"1,2-dimethoxybenzene (=veratrole)",Phenols,,
,POTATO (Solanum tuberosum L.),Vegetables,2-methylpentane (=isohexane),Hydrocarbons,,
,POTATO (Solanum tuberosum L.),Vegetables,2-methyl-1-pentene,Hydrocarbons,,
,POTATO (Solanum tuberosum L.),Vegetables,3-ethylhexane,Hydrocarbons,,
,POTATO (Solanum tuberosum L.),Vegetables,"3,5,5-trimethyl-1-hexene",Hydrocarbons,,
,POTATO (Solanum tuberosum L.),Vegetables,heptane,Hydrocarbons,,
,POTATO (Solanum tuberosum L.),Vegetables,3-methylheptane,Hydrocarbons,,
,POTATO (Solanum tuberosum L.),Vegetables,4-propylheptane,Hydrocarbons,,
,POTATO (Solanum tuberosum L.),Vegetables,"2,4-dimethylheptane",Hydrocarbons,,
,POTATO (Solanum tuberosum L.),Vegetables,octane,Hydrocarbons,,
,POTATO (Solanum tuberosum L.),Vegetables,3-methyloctane,Hydrocarbons,,
,POTATO (Solanum tuberosum L.),Vegetables,"2,3-dimethyloctane",Hydrocarbons,,
,POTATO (Solanum tuberosum L.),Vegetables,"2,5-dimethyloctane",Hydrocarbons,,
,POTATO (Solanum tuberosum L.),Vegetables,"2,6-dimethyloctane",Hydrocarbons,,
,POTATO (Solanum tuberosum L.),Vegetables,3-methyl-4-nonene,Hydrocarbons,,
,POTATO (Solanum tuberosum L.),Vegetables,4-ethyl-3-octene,Hydrocarbons,,
,POTATO (Solanum tuberosum L.),Vegetables,nonane,Hydrocarbons,,
,POTATO (Solanum tuberosum L.),Vegetables,3-nonyne,Hydrocarbons,,
,POTATO (Solanum tuberosum L.),Vegetables,3-methylnonane,Hydrocarbons,,
,POTATO (Solanum tuberosum L.),Vegetables,4-methylnonane,Hydrocarbons,,
,POTATO (Solanum tuberosum L.),Vegetables,decane,Hydrocarbons,,
,POTATO (Solanum tuberosum L.),Vegetables,1-decene,Hydrocarbons,,
,POTATO (Solanum tuberosum L.),Vegetables,4-decyne,Hydrocarbons,,
,POTATO (Solanum tuberosum L.),Vegetables,3-methyldecane,Hydrocarbons,,
,POTATO (Solanum tuberosum L.),Vegetables,5-ethyl-5-methyldecane,Hydrocarbons,,
,POTATO (Solanum tuberosum L.),Vegetables,undecane,Hydrocarbons,,
,POTATO (Solanum tuberosum L.),Vegetables,"2,6,9-trimethylundecane",Hydrocarbons,,
,POTATO (Solanum tuberosum L.),Vegetables,"2,6,10-trimethylundecane",Hydrocarbons,,
,POTATO (Solanum tuberosum L.),Vegetables,dodecane,Hydrocarbons,,
,POTATO (Solanum tuberosum L.),Vegetables,1-dodecene,Hydrocarbons,,
,POTATO (Solanum tuberosum L.),Vegetables,"4,6-dipropyldodecane",Hydrocarbons,,
,POTATO (Solanum tuberosum L.),Vegetables,4-octyldodecylcyclopentane (=1-cyclopentyl-4-octyl-dodecane),Hydrocarbons,,
,POTATO (Solanum tuberosum L.),Vegetables,tridecane,Hydrocarbons,,
,POTATO (Solanum tuberosum L.),Vegetables,6-tridecene,Hydrocarbons,,
,POTATO (Solanum tuberosum L.),Vegetables,tetradecane,Hydrocarbons,,
,POTATO (Solanum tuberosum L.),Vegetables,1-tetradecene,Hydrocarbons,,
,POTATO (Solanum tuberosum L.),Vegetables,2-methyltetradecane,Hydrocarbons,,
,POTATO (Solanum tuberosum L.),Vegetables,pentadecane,Hydrocarbons,,
,POTATO (Solanum tuberosum L.),Vegetables,"2,4,6,10-tetramethylpentadecane",Hydrocarbons,,
,POTATO (Solanum tuberosum L.),Vegetables,"2,6,10,14-tetramethylpentadecane (=pristane)",Hydrocarbons,,
,POTATO (Solanum tuberosum L.),Vegetables,hexadecane,Hydrocarbons,,
,POTATO (Solanum tuberosum L.),Vegetables,"5,7-dimethylhexadecane",Hydrocarbons,,
,POTATO (Solanum tuberosum L.),Vegetables,"7,9-dimethylhexadecane",Hydrocarbons,,
,POTATO (Solanum tuberosum L.),Vegetables,"2,6,10,14-tetramethylhexadecane",Hydrocarbons,,
,POTATO (Solanum tuberosum L.),Vegetables,"2,6,11,15-tetramethylhexadecane",Hydrocarbons,,
,POTATO (Solanum tuberosum L.),Vegetables,heptadecane,Hydrocarbons,,
,POTATO (Solanum tuberosum L.),Vegetables,9-octylheptadecane,Hydrocarbons,,
,POTATO (Solanum tuberosum L.),Vegetables,octadecane,Hydrocarbons,,
,POTATO (Solanum tuberosum L.),Vegetables,1-octadecene,Hydrocarbons,,
,POTATO (Solanum tuberosum L.),Vegetables,nonadecane,Hydrocarbons,,
,POTATO (Solanum tuberosum L.),Vegetables,3-methyleicosane,Hydrocarbons,,
,POTATO (Solanum tuberosum L.),Vegetables,β-myrcene (=myrcene),Hydrocarbons,,
,POTATO (Solanum tuberosum L.),Vegetables,farnesene (unkn.str.),Hydrocarbons,,
,POTATO (Solanum tuberosum L.),Vegetables,methylcyclopentane,Hydrocarbons,,
,POTATO (Solanum tuberosum L.),Vegetables,"trans-1,3-dimethylcyclopentane",Hydrocarbons,,
,POTATO (Solanum tuberosum L.),Vegetables,propylcyclohexane,Hydrocarbons,,
,POTATO (Solanum tuberosum L.),Vegetables,butylcyclohexane,Hydrocarbons,,
,POTATO (Solanum tuberosum L.),Vegetables,isobutylcyclohexane,Hydrocarbons,,
,POTATO (Solanum tuberosum L.),Vegetables,octylcyclohexane,Hydrocarbons,,
,POTATO (Solanum tuberosum L.),Vegetables,nonylcyclohexane,Hydrocarbons,,
,POTATO (Solanum tuberosum L.),Vegetables,1-butylcyclohexene (unkn.str.),Hydrocarbons,,
,POTATO (Solanum tuberosum L.),Vegetables,diethylcyclohexane (unkn.str.),Hydrocarbons,,
,POTATO (Solanum tuberosum L.),Vegetables,"1,4-dimethyl-4-vinylcyclohexene",Hydrocarbons,,
,POTATO (Solanum tuberosum L.),Vegetables,cyclododecane,Hydrocarbons,,
,POTATO (Solanum tuberosum L.),Vegetables,β-phellandrene,Hydrocarbons,,
,POTATO (Solanum tuberosum L.),Vegetables,limonene,Hydrocarbons,,
,POTATO (Solanum tuberosum L.),Vegetables,γ-humulene,Hydrocarbons,,
,POTATO (Solanum tuberosum L.),Vegetables,α-pinene,Hydrocarbons,,
,POTATO (Solanum tuberosum L.),Vegetables,β-pinene,Hydrocarbons,,
,POTATO (Solanum tuberosum L.),Vegetables,3-carene,Hydrocarbons,,
,POTATO (Solanum tuberosum L.),Vegetables,α-copaene (=copaene),Hydrocarbons,,
,POTATO (Solanum tuberosum L.),Vegetables,benzene,Hydrocarbons,,
,POTATO (Solanum tuberosum L.),Vegetables,methylbenzene (=toluene),Hydrocarbons,,
,POTATO (Solanum tuberosum L.),Vegetables,ethylbenzene (=α-methyltoluene),Hydrocarbons,,
,POTATO (Solanum tuberosum L.),Vegetables,propylbenzene,Hydrocarbons,,
,POTATO (Solanum tuberosum L.),Vegetables,isopropylbenzene (=cumene),Hydrocarbons,,
,POTATO (Solanum tuberosum L.),Vegetables,allylbenzene,Hydrocarbons,,
,POTATO (Solanum tuberosum L.),Vegetables,butylbenzene,Hydrocarbons,,
,POTATO (Solanum tuberosum L.),Vegetables,isobutylbenzene,Hydrocarbons,,
,POTATO (Solanum tuberosum L.),Vegetables,(sec-butyl)benzene,Hydrocarbons,,
,POTATO (Solanum tuberosum L.),Vegetables,(tert-butyl)benzene,Hydrocarbons,,
,POTATO (Solanum tuberosum L.),Vegetables,(2-methylallyl)benzene,Hydrocarbons,,
,POTATO (Solanum tuberosum L.),Vegetables,"(1,1-dimethylpropyl)benzene",Hydrocarbons,,
,POTATO (Solanum tuberosum L.),Vegetables,pentylbenzene,Hydrocarbons,,
,POTATO (Solanum tuberosum L.),Vegetables,hexylbenzene,Hydrocarbons,,
,POTATO (Solanum tuberosum L.),Vegetables,heptylbenzene,Hydrocarbons,,
,POTATO (Solanum tuberosum L.),Vegetables,octylbenzene,Hydrocarbons,,
,POTATO (Solanum tuberosum L.),Vegetables,nonylbenzene,Hydrocarbons,,
,POTATO (Solanum tuberosum L.),Vegetables,decylbenzene,Hydrocarbons,,
,POTATO (Solanum tuberosum L.),Vegetables,(1-methyldecyl)benzene,Hydrocarbons,,
,POTATO (Solanum tuberosum L.),Vegetables,(1-ethylnonyl)benzene,Hydrocarbons,,
,POTATO (Solanum tuberosum L.),Vegetables,(1-propyloctyl)benzene,Hydrocarbons,,
,POTATO (Solanum tuberosum L.),Vegetables,(1-butylheptyl)benzene,Hydrocarbons,,
,POTATO (Solanum tuberosum L.),Vegetables,(1-pentylheptyl)benzene,Hydrocarbons,,
,POTATO (Solanum tuberosum L.),Vegetables,"1,2-dimethylbenzene (=o-xylene)",Hydrocarbons,,
,POTATO (Solanum tuberosum L.),Vegetables,"1,3-dimethylbenzene (=m-xylene)",Hydrocarbons,,
,POTATO (Solanum tuberosum L.),Vegetables,"1,4-dimethylbenzene (=p-xylene)",Hydrocarbons,,
,POTATO (Solanum tuberosum L.),Vegetables,dimethylbenzene (unkn.str.) (=xylene (unkn.str.)),Hydrocarbons,,
,POTATO (Solanum tuberosum L.),Vegetables,1-ethyl-2-methylbenzene (=o-ethyltoluene),Hydrocarbons,,
,POTATO (Solanum tuberosum L.),Vegetables,1-ethyl-4-methylbenzene (=p-ethyltoluene),Hydrocarbons,,
,POTATO (Solanum tuberosum L.),Vegetables,1-isopropyl-2-methylbenzene (=o-cymene),Hydrocarbons,,
,POTATO (Solanum tuberosum L.),Vegetables,1-ethyl-3-vinylbenzene,Hydrocarbons,,
,POTATO (Solanum tuberosum L.),Vegetables,"1,2,3-trimethylbenzene (=hemimellitene)",Hydrocarbons,,
,POTATO (Solanum tuberosum L.),Vegetables,"1,3,5-trimethylbenzene (=mesitylene)",Hydrocarbons,,
,POTATO (Solanum tuberosum L.),Vegetables,"1-ethyl-2,3-dimethylbenzene",Hydrocarbons,,
,POTATO (Solanum tuberosum L.),Vegetables,"1-ethyl-2,4-dimethylbenzene",Hydrocarbons,,
,POTATO (Solanum tuberosum L.),Vegetables,"1,2-dimethyl-4-vinylbenzene",Hydrocarbons,,
,POTATO (Solanum tuberosum L.),Vegetables,"1,2,3,5-tetramethylbenzene",Hydrocarbons,,
,POTATO (Solanum tuberosum L.),Vegetables,"1,2,4,5-tetramethylbenzene",Hydrocarbons,,
,POTATO (Solanum tuberosum L.),Vegetables,hexamethylbenzene,Hydrocarbons,,
,POTATO (Solanum tuberosum L.),Vegetables,biphenyl,Hydrocarbons,,
,POTATO (Solanum tuberosum L.),Vegetables,diphenylmethane,Hydrocarbons,,
,POTATO (Solanum tuberosum L.),Vegetables,1-methylindan,Hydrocarbons,,
,POTATO (Solanum tuberosum L.),Vegetables,"4,5,7-trimethylindan",Hydrocarbons,,
,POTATO (Solanum tuberosum L.),Vegetables,decahydronaphthalene (=decalin),Hydrocarbons,,
,POTATO (Solanum tuberosum L.),Vegetables,"1,2,3,4-tetrahydro-1,4,6-trimethylnaphthalene",Hydrocarbons,,
,POTATO (Solanum tuberosum L.),Vegetables,naphthalene,Hydrocarbons,,
,POTATO (Solanum tuberosum L.),Vegetables,2-methylnaphthalene,Hydrocarbons,,
,POTATO (Solanum tuberosum L.),Vegetables,2-isopropylnaphthalene,Hydrocarbons,,
,POTATO (Solanum tuberosum L.),Vegetables,"1,2-dimethylnaphthalene",Hydrocarbons,,
,POTATO (Solanum tuberosum L.),Vegetables,"1,3-dimethylnaphthalene",Hydrocarbons,,
,POTATO (Solanum tuberosum L.),Vegetables,"2,7-dimethylnaphthalene",Hydrocarbons,,
,POTATO (Solanum tuberosum L.),Vegetables,"1,3,8-trimethylnaphthalene",Hydrocarbons,,
,POTATO (Solanum tuberosum L.),Vegetables,"1,4,5-trimethylnaphthalene",Hydrocarbons,,
,POTATO (Solanum tuberosum L.),Vegetables,"tricyclo[3.3.1.1(3,7)]decane",Hydrocarbons,,
,POTATO (Solanum tuberosum L.),Vegetables,methanol,Alcohols,,
,POTATO (Solanum tuberosum L.),Vegetables,ethanol,Alcohols,,
,POTATO (Solanum tuberosum L.),Vegetables,2-tetradecyloxyethanol,Alcohols,,
,POTATO (Solanum tuberosum L.),Vegetables,1-butanol,Alcohols,,
,POTATO (Solanum tuberosum L.),Vegetables,2-butanol (=sec-butanol),Alcohols,,
,POTATO (Solanum tuberosum L.),Vegetables,"2-buten-1-ol (=crotyl alcohol, crotonyl alcohol)",Alcohols,,
,POTATO (Solanum tuberosum L.),Vegetables,2-methyl-1-butanol (=active amyl alcohol),Alcohols,,
,POTATO (Solanum tuberosum L.),Vegetables,3-methyl-1-butanol (=isoamyl alcohol),Alcohols,0.002,0.002
,POTATO (Solanum tuberosum L.),Vegetables,1-pentanol (=amyl alcohol),Alcohols,0.0039,0.13
,POTATO (Solanum tuberosum L.),Vegetables,3-pentanol,Alcohols,,
,POTATO (Solanum tuberosum L.),Vegetables,(Z)-2-penten-1-ol,Alcohols,,
,POTATO (Solanum tuberosum L.),Vegetables,3-penten-2-ol,Alcohols,,
,POTATO (Solanum tuberosum L.),Vegetables,1-penten-3-ol,Alcohols,,
,POTATO (Solanum tuberosum L.),Vegetables,3-methyl-1-pentanol,Alcohols,,
,POTATO (Solanum tuberosum L.),Vegetables,4-methyl-1-pentanol,Alcohols,,
,POTATO (Solanum tuberosum L.),Vegetables,2-methyl-2-pentanol,Alcohols,,
,POTATO (Solanum tuberosum L.),Vegetables,4-methyl-4-penten-1-ol,Alcohols,,
,POTATO (Solanum tuberosum L.),Vegetables,2-methyl-3-penten-2-ol,Alcohols,,
,POTATO (Solanum tuberosum L.),Vegetables,2-methyl-1-penten-3-ol,Alcohols,,
,POTATO (Solanum tuberosum L.),Vegetables,"2,4-dimethyl-3-pentanol",Alcohols,,
,POTATO (Solanum tuberosum L.),Vegetables,1-hexanol,Alcohols,0.003,0.012
,POTATO (Solanum tuberosum L.),Vegetables,2-hexanol,Alcohols,,
,POTATO (Solanum tuberosum L.),Vegetables,hexanol (unkn.str.),Alcohols,,
,POTATO (Solanum tuberosum L.),Vegetables,2-hexen-1-ol,Alcohols,,
,POTATO (Solanum tuberosum L.),Vegetables,(Z)-2-hexen-1-ol,Alcohols,,
,POTATO (Solanum tuberosum L.),Vegetables,1-hexen-3-ol,Alcohols,,
,POTATO (Solanum tuberosum L.),Vegetables,1-heptanol,Alcohols,,
,POTATO (Solanum tuberosum L.),Vegetables,2-heptanol,Alcohols,,
,POTATO (Solanum tuberosum L.),Vegetables,3-heptanol,Alcohols,,
,POTATO (Solanum tuberosum L.),Vegetables,4-heptanol,Alcohols,,
,POTATO (Solanum tuberosum L.),Vegetables,heptanol (unkn.str.),Alcohols,,
,POTATO (Solanum tuberosum L.),Vegetables,1-octanol,Alcohols,0.0003,0.0003
,POTATO (Solanum tuberosum L.),Vegetables,3-octanol,Alcohols,,
,POTATO (Solanum tuberosum L.),Vegetables,4-octanol,Alcohols,,
,POTATO (Solanum tuberosum L.),Vegetables,2-octen-1-ol,Alcohols,0.0007,0.0007
,POTATO (Solanum tuberosum L.),Vegetables,(E)-2-octen-1-ol,Alcohols,,
,POTATO (Solanum tuberosum L.),Vegetables,1-octen-3-ol,Alcohols,0.0036,0.0036
,POTATO (Solanum tuberosum L.),Vegetables,2-isobutyl-1-octanol,Alcohols,,
,POTATO (Solanum tuberosum L.),Vegetables,"3,6-dimethyl-3-octanol",Alcohols,,
,POTATO (Solanum tuberosum L.),Vegetables,1-nonanol,Alcohols,,
,POTATO (Solanum tuberosum L.),Vegetables,(Z)-3-nonen-1-ol,Alcohols,,
,POTATO (Solanum tuberosum L.),Vegetables,3-decanol,Alcohols,,
,POTATO (Solanum tuberosum L.),Vegetables,1-dodecanol,Alcohols,,
,POTATO (Solanum tuberosum L.),Vegetables,1-hexadecanol (=cetanol),Alcohols,,
,POTATO (Solanum tuberosum L.),Vegetables,geraniol,Alcohols,,
,POTATO (Solanum tuberosum L.),Vegetables,nerol,Alcohols,,
,POTATO (Solanum tuberosum L.),Vegetables,linalool,Alcohols,,
,POTATO (Solanum tuberosum L.),Vegetables,"3,7,11-trimethyl-1-dodecanol (=hexahydrofarnesol)",Alcohols,,
,POTATO (Solanum tuberosum L.),Vegetables,cyclohexanol,Alcohols,,
,POTATO (Solanum tuberosum L.),Vegetables,benzyl alcohol (=benzenemethanol),Alcohols,,
,POTATO (Solanum tuberosum L.),Vegetables,trimethylbenzyl alcohol (unkn.str.),Alcohols,,
,POTATO (Solanum tuberosum L.),Vegetables,4-isopropyl-3-methoxybenzyl alcohol,Alcohols,,
,POTATO (Solanum tuberosum L.),Vegetables,2-phenylethanol (=phenethyl alcohol),Alcohols,,
,POTATO (Solanum tuberosum L.),Vegetables,α-terpineol,Alcohols,,
,POTATO (Solanum tuberosum L.),Vegetables,acetaldehyde (=ethanal),"Carbonyls, aldehydes",,
,POTATO (Solanum tuberosum L.),Vegetables,propanal (=propionaldehyde),"Carbonyls, aldehydes",,
,POTATO (Solanum tuberosum L.),Vegetables,2-propenal (=acrolein),"Carbonyls, aldehydes",,
,POTATO (Solanum tuberosum L.),Vegetables,"2-methylpropanal (=isobutanal, isobutyraldehyde)","Carbonyls, aldehydes",,
,POTATO (Solanum tuberosum L.),Vegetables,2-methyl-2-propenal (=methacrolein),"Carbonyls, aldehydes",,
,POTATO (Solanum tuberosum L.),Vegetables,butanal (=butyraldehyde),"Carbonyls, aldehydes",,
,POTATO (Solanum tuberosum L.),Vegetables,2-butenal (=crotonaldehyde),"Carbonyls, aldehydes",,
,POTATO (Solanum tuberosum L.),Vegetables,2-methylbutanal (=α-methylbutanal),"Carbonyls, aldehydes",,
,POTATO (Solanum tuberosum L.),Vegetables,"3-methylbutanal (=isopentanal, isovaleraldehyde)","Carbonyls, aldehydes",,
,POTATO (Solanum tuberosum L.),Vegetables,isopropylketene,"Carbonyls, aldehydes",,
,POTATO (Solanum tuberosum L.),Vegetables,2-methyl-2-butenal,"Carbonyls, aldehydes",,
,POTATO (Solanum tuberosum L.),Vegetables,3-methyl-2-butenal,"Carbonyls, aldehydes",,
,POTATO (Solanum tuberosum L.),Vegetables,2-ethylbutanal,"Carbonyls, aldehydes",,
,POTATO (Solanum tuberosum L.),Vegetables,pentanal (=valeraldehyde),"Carbonyls, aldehydes",,
,POTATO (Solanum tuberosum L.),Vegetables,2-pentenal,"Carbonyls, aldehydes",,
,POTATO (Solanum tuberosum L.),Vegetables,(E)-2-pentenal,"Carbonyls, aldehydes",0.0004,0.0004
,POTATO (Solanum tuberosum L.),Vegetables,2-methyl-2-pentenal,"Carbonyls, aldehydes",,
,POTATO (Solanum tuberosum L.),Vegetables,hexanal (=capronaldehyde),"Carbonyls, aldehydes",0.06,0.06
,POTATO (Solanum tuberosum L.),Vegetables,(E)-2-hexenal (=leaf aldehyde),"Carbonyls, aldehydes",0.00045,0.02
,POTATO (Solanum tuberosum L.),Vegetables,(E)-3-hexenal,"Carbonyls, aldehydes",,
,POTATO (Solanum tuberosum L.),Vegetables,2-ethylhexanal,"Carbonyls, aldehydes",,
,POTATO (Solanum tuberosum L.),Vegetables,2-ethyl-2-hexenal,"Carbonyls, aldehydes",,
,POTATO (Solanum tuberosum L.),Vegetables,heptanal,"Carbonyls, aldehydes",0.0041,0.04
,POTATO (Solanum tuberosum L.),Vegetables,(E)-2-heptenal,"Carbonyls, aldehydes",0.0025,0.0025
,POTATO (Solanum tuberosum L.),Vegetables,(Z)-4-heptenal,"Carbonyls, aldehydes",0.0002,0.0002
,POTATO (Solanum tuberosum L.),Vegetables,"2,4-heptadienal","Carbonyls, aldehydes",,
,POTATO (Solanum tuberosum L.),Vegetables,"(E,Z)-2,4-heptadienal","Carbonyls, aldehydes",,
,POTATO (Solanum tuberosum L.),Vegetables,"(E,E)-2,4-heptadienal","Carbonyls, aldehydes",0.001,0.001
,POTATO (Solanum tuberosum L.),Vegetables,octanal (=caprylaldehyde),"Carbonyls, aldehydes",0.0023,0.0023
,POTATO (Solanum tuberosum L.),Vegetables,(Z)-2-octenal,"Carbonyls, aldehydes",,
,POTATO (Solanum tuberosum L.),Vegetables,(E)-2-octenal,"Carbonyls, aldehydes",0.0015,0.0015
,POTATO (Solanum tuberosum L.),Vegetables,nonanal (=pelargonaldehyde),"Carbonyls, aldehydes",0.0081,0.0081
,POTATO (Solanum tuberosum L.),Vegetables,(E)-2-nonenal,"Carbonyls, aldehydes",0.0003,0.0003
,POTATO (Solanum tuberosum L.),Vegetables,"(E,E)-2,4-nonadienal","Carbonyls, aldehydes",0.0003,0.0003
,POTATO (Solanum tuberosum L.),Vegetables,"(E,Z)-2,4-nonadienal","Carbonyls, aldehydes",,
,POTATO (Solanum tuberosum L.),Vegetables,"(E,Z)-2,6-nonadienal","Carbonyls, aldehydes",0.00015,0.00015
,POTATO (Solanum tuberosum L.),Vegetables,decanal (=capraldehyde),"Carbonyls, aldehydes",0.0034,0.0034
,POTATO (Solanum tuberosum L.),Vegetables,2-decenal,"Carbonyls, aldehydes",,
,POTATO (Solanum tuberosum L.),Vegetables,(E)-2-decenal,"Carbonyls, aldehydes",,
,POTATO (Solanum tuberosum L.),Vegetables,(Z)-4-decenal,"Carbonyls, aldehydes",,
,POTATO (Solanum tuberosum L.),Vegetables,"2,4-decadienal","Carbonyls, aldehydes",,
,POTATO (Solanum tuberosum L.),Vegetables,"(E,Z)-2,4-decadienal","Carbonyls, aldehydes",0.002,0.006
,POTATO (Solanum tuberosum L.),Vegetables,"(E,E)-2,4-decadienal","Carbonyls, aldehydes",0.0003,0.025
,POTATO (Solanum tuberosum L.),Vegetables,"(Z,E)-2,4-decadienal","Carbonyls, aldehydes",,
,POTATO (Solanum tuberosum L.),Vegetables,undecanal,"Carbonyls, aldehydes",,
,POTATO (Solanum tuberosum L.),Vegetables,hexadecanal,"Carbonyls, aldehydes",,
,POTATO (Solanum tuberosum L.),Vegetables,octadecanal,"Carbonyls, aldehydes",,
,POTATO (Solanum tuberosum L.),Vegetables,benzaldehyde,"Carbonyls, aldehydes",0.0052,0.0052
,POTATO (Solanum tuberosum L.),Vegetables,2-methylbenzaldehyde (=o-tolualdehyde),"Carbonyls, aldehydes",,
,POTATO (Solanum tuberosum L.),Vegetables,4-methylbenzaldehyde (=p-tolualdehyde),"Carbonyls, aldehydes",,
,POTATO (Solanum tuberosum L.),Vegetables,ethylbenzaldehyde (unkn.str.),"Carbonyls, aldehydes",0.00035,0.00035
,POTATO (Solanum tuberosum L.),Vegetables,2-hydroxybenzaldehyde (=salicylaldehyde),"Carbonyls, aldehydes",,
,POTATO (Solanum tuberosum L.),Vegetables,3-hydroxybenzaldehyde (=m-hydroxybenzaldehyde),"Carbonyls, aldehydes",,
,POTATO (Solanum tuberosum L.),Vegetables,4-hydroxybenzaldehyde (=4-formylphenol),"Carbonyls, aldehydes",,
,POTATO (Solanum tuberosum L.),Vegetables,"2,5-dimethylbenzaldehyde","Carbonyls, aldehydes",,
,POTATO (Solanum tuberosum L.),Vegetables,"1,4-benzenedicarbaldehyde (=terephthalaldehyde)","Carbonyls, aldehydes",,
,POTATO (Solanum tuberosum L.),Vegetables,phenylacetaldehyde (=benzeneacetaldehyde),"Carbonyls, aldehydes",0.0019,0.0019
,POTATO (Solanum tuberosum L.),Vegetables,4-methoxycinnamaldehyde,"Carbonyls, aldehydes",,
,POTATO (Solanum tuberosum L.),Vegetables,4-methyl-2-phenyl-2-pentenal,"Carbonyls, aldehydes",,
,POTATO (Solanum tuberosum L.),Vegetables,5-methyl-2-phenylhexanal,"Carbonyls, aldehydes",,
,POTATO (Solanum tuberosum L.),Vegetables,5-methyl-2-phenyl-2-hexenal,"Carbonyls, aldehydes",,
,POTATO (Solanum tuberosum L.),Vegetables,"acetone (=2-propanone, dimethyl ketone)","Carbonyls, ketones",,
,POTATO (Solanum tuberosum L.),Vegetables,2-butanone (=ethyl methyl ketone),"Carbonyls, ketones",,
,POTATO (Solanum tuberosum L.),Vegetables,3-methyl-2-butanone,"Carbonyls, ketones",,
,POTATO (Solanum tuberosum L.),Vegetables,3-hydroxy-2-butanone (=acetoin),"Carbonyls, ketones",0.0003,0.0003
,POTATO (Solanum tuberosum L.),Vegetables,"2,3-butanedione (=diacetyl)","Carbonyls, ketones",,
,POTATO (Solanum tuberosum L.),Vegetables,4-methyl-2-pentanone,"Carbonyls, ketones",,
,POTATO (Solanum tuberosum L.),Vegetables,4-methyl-3-penten-2-one (=mesityl oxide),"Carbonyls, ketones",,
,POTATO (Solanum tuberosum L.),Vegetables,dimethyl-3-penten-2-one (unkn.str.),"Carbonyls, ketones",,
,POTATO (Solanum tuberosum L.),Vegetables,5-methoxy-2-pentanone,"Carbonyls, ketones",,
,POTATO (Solanum tuberosum L.),Vegetables,"2,3-pentanedione (=acetylpropionyl)","Carbonyls, ketones",0.0003,0.0003
,POTATO (Solanum tuberosum L.),Vegetables,2-hexanone,"Carbonyls, ketones",,
,POTATO (Solanum tuberosum L.),Vegetables,3-hexanone,"Carbonyls, ketones",,
,POTATO (Solanum tuberosum L.),Vegetables,2-heptanone,"Carbonyls, ketones",,
,POTATO (Solanum tuberosum L.),Vegetables,4-heptanone,"Carbonyls, ketones",,
,POTATO (Solanum tuberosum L.),Vegetables,6-methyl-3-heptanone,"Carbonyls, ketones",,
,POTATO (Solanum tuberosum L.),Vegetables,2-methyl-4-heptanone,"Carbonyls, ketones",,
,POTATO (Solanum tuberosum L.),Vegetables,6-methyl-5-hepten-2-one,"Carbonyls, ketones",,
,POTATO (Solanum tuberosum L.),Vegetables,"2,6-dimethyl-4-heptanone","Carbonyls, ketones",,
,POTATO (Solanum tuberosum L.),Vegetables,3-octanone,"Carbonyls, ketones",,
,POTATO (Solanum tuberosum L.),Vegetables,3-octen-2-one,"Carbonyls, ketones",,
,POTATO (Solanum tuberosum L.),Vegetables,1-octen-3-one,"Carbonyls, ketones",0.0003,0.0003
,POTATO (Solanum tuberosum L.),Vegetables,"(E,E)-3,5-octadien-2-one","Carbonyls, ketones",0.0005,0.0005
,POTATO (Solanum tuberosum L.),Vegetables,"1,5-octadien-3-one","Carbonyls, ketones",trace,trace
,POTATO (Solanum tuberosum L.),Vegetables,2-nonanone,"Carbonyls, ketones",,
,POTATO (Solanum tuberosum L.),Vegetables,(E)-2-nonen-4-one,"Carbonyls, ketones",,
,POTATO (Solanum tuberosum L.),Vegetables,3-methyl-6-nonen-2-one,"Carbonyls, ketones",,
,POTATO (Solanum tuberosum L.),Vegetables,2-decanone,"Carbonyls, ketones",,
,POTATO (Solanum tuberosum L.),Vegetables,4-decanone,"Carbonyls, ketones",,
,POTATO (Solanum tuberosum L.),Vegetables,4-decen-3-one,"Carbonyls, ketones",,
,POTATO (Solanum tuberosum L.),Vegetables,5-decen-4-one,"Carbonyls, ketones",,
,POTATO (Solanum tuberosum L.),Vegetables,2-undecanone,"Carbonyls, ketones",0.0002,0.0002
,POTATO (Solanum tuberosum L.),Vegetables,5-undecanone,"Carbonyls, ketones",,
,POTATO (Solanum tuberosum L.),Vegetables,2-dodecanone,"Carbonyls, ketones",,
,POTATO (Solanum tuberosum L.),Vegetables,2-pentadecanone,"Carbonyls, ketones",,
,POTATO (Solanum tuberosum L.),Vegetables,cyclopentanone,"Carbonyls, ketones",,
,POTATO (Solanum tuberosum L.),Vegetables,2-methylcyclopentanone,"Carbonyls, ketones",,
,POTATO (Solanum tuberosum L.),Vegetables,"2,5-dimethyl-2-cyclopenten-1-one","Carbonyls, ketones",,
,POTATO (Solanum tuberosum L.),Vegetables,cyclohexanone,"Carbonyls, ketones",,
,POTATO (Solanum tuberosum L.),Vegetables,2-methylcyclohexanone,"Carbonyls, ketones",,
,POTATO (Solanum tuberosum L.),Vegetables,"2-acetyl-3,3-dimethyl-1-cyclohexanone","Carbonyls, ketones",,
,POTATO (Solanum tuberosum L.),Vegetables,acetophenone (=1-phenylethanone),"Carbonyls, ketones",,
,POTATO (Solanum tuberosum L.),Vegetables,4-methylacetophenone,"Carbonyls, ketones",,
,POTATO (Solanum tuberosum L.),Vegetables,"1-phenylpropane-1,2-dione","Carbonyls, ketones",,
,POTATO (Solanum tuberosum L.),Vegetables,1-phenyl-1-pentanone (=valerophenone),"Carbonyls, ketones",,
,POTATO (Solanum tuberosum L.),Vegetables,acetic acid,Acids,,
,POTATO (Solanum tuberosum L.),Vegetables,propanoic acid (=propionic acid),Acids,,
,POTATO (Solanum tuberosum L.),Vegetables,2-methylpropanoic acid (=isobutyric acid),Acids,,
,POTATO (Solanum tuberosum L.),Vegetables,butanoic acid (=butyric acid),Acids,,
,POTATO (Solanum tuberosum L.),Vegetables,2-methylbutanoic acid,Acids,,
,POTATO (Solanum tuberosum L.),Vegetables,3-methylbutanoic acid (=isovaleric acid),Acids,,
,POTATO (Solanum tuberosum L.),Vegetables,pentanoic acid (=valeric acid),Acids,,
,POTATO (Solanum tuberosum L.),Vegetables,2-methylpentanoic acid,Acids,,
,POTATO (Solanum tuberosum L.),Vegetables,3-methylpentanoic acid,Acids,,
,POTATO (Solanum tuberosum L.),Vegetables,4-methylpentanoic acid (=isocaproic acid),Acids,,
,POTATO (Solanum tuberosum L.),Vegetables,hexanoic acid (=caproic acid),Acids,0.0004,0.0004
,POTATO (Solanum tuberosum L.),Vegetables,2-methylhexanoic acid,Acids,,
,POTATO (Solanum tuberosum L.),Vegetables,heptanoic acid (=enanthic acid),Acids,,
,POTATO (Solanum tuberosum L.),Vegetables,octanoic acid (=caprylic acid),Acids,,
,POTATO (Solanum tuberosum L.),Vegetables,nonanoic acid (=pelargonic acid),Acids,,
,POTATO (Solanum tuberosum L.),Vegetables,benzoic acid,Acids,trace,0.3
,POTATO (Solanum tuberosum L.),Vegetables,4-methylbenzoic acid (=p-toluic acid),Acids,,
,POTATO (Solanum tuberosum L.),Vegetables,phenylacetic acid,Acids,,
,POTATO (Solanum tuberosum L.),Vegetables,2-phenyl-2-butenoic acid,Acids,,
,POTATO (Solanum tuberosum L.),Vegetables,ethyl acetate,Esters,,
,POTATO (Solanum tuberosum L.),Vegetables,butyl acetate,Esters,,
,POTATO (Solanum tuberosum L.),Vegetables,"sec-butyl acetate (=2-butyl acetate, 1-methylpropyl acetate)",Esters,,
,POTATO (Solanum tuberosum L.),Vegetables,2-methylbutyl acetate,Esters,,
,POTATO (Solanum tuberosum L.),Vegetables,pentyl acetate (=amyl acetate),Esters,,
,POTATO (Solanum tuberosum L.),Vegetables,1-hepten-2-yl acetate,Esters,,
,POTATO (Solanum tuberosum L.),Vegetables,methyl 2-methylpropanoate (=methyl isobutyrate),Esters,,
,POTATO (Solanum tuberosum L.),Vegetables,"2,2,4-trimethyl-1,3-pentanediol bis(2-methylpropanoate)",Esters,,
,POTATO (Solanum tuberosum L.),Vegetables,methyl 2-methylbutanoate,Esters,,
,POTATO (Solanum tuberosum L.),Vegetables,methyl pentanoate,Esters,,
,POTATO (Solanum tuberosum L.),Vegetables,2-methylbutyl pentanoate,Esters,,
,POTATO (Solanum tuberosum L.),Vegetables,methyl 2-methylpentanoate,Esters,,
,POTATO (Solanum tuberosum L.),Vegetables,methyl hexanoate,Esters,,
,POTATO (Solanum tuberosum L.),Vegetables,allyl hexanoate,Esters,,
,POTATO (Solanum tuberosum L.),Vegetables,methyl octanoate,Esters,,
,POTATO (Solanum tuberosum L.),Vegetables,methyl nonanoate,Esters,,
,POTATO (Solanum tuberosum L.),Vegetables,methyl hexadecanoate (=methyl palmitate),Esters,,
,POTATO (Solanum tuberosum L.),Vegetables,diisobutyl hexanedioate (=(di-)isobutyl adipate),Esters,,
,POTATO (Solanum tuberosum L.),Vegetables,methyl 2-hydroxybenzoate (=methyl salicylate),Esters,,
,POTATO (Solanum tuberosum L.),Vegetables,diethyl phthalate,Esters,,
,POTATO (Solanum tuberosum L.),Vegetables,diisobutyl phthalate,Esters,,
,POTATO (Solanum tuberosum L.),Vegetables,diisobutyl isophthalate,Esters,,
,POTATO (Solanum tuberosum L.),Vegetables,"4-hydroxybutanoic acid lactone (=dihydro-2(3H)-furanone, 4-butanolide, γ-butyrolactone)",Lactones,,
,POTATO (Solanum tuberosum L.),Vegetables,"4-hydroxyhexanoic acid lactone (=γ-hexalactone, γ-caprolactone, 4-hexanolide)",Lactones,,
,POTATO (Solanum tuberosum L.),Vegetables,cis-4-hydroxy-3-methyldecanoic acid lactone,Lactones,,
,POTATO (Solanum tuberosum L.),Vegetables,methylamine,Bases,,
,POTATO (Solanum tuberosum L.),Vegetables,propylamine,Bases,,
,POTATO (Solanum tuberosum L.),Vegetables,isobutylamine,Bases,,
,POTATO (Solanum tuberosum L.),Vegetables,2-pentanamine,Bases,,
,POTATO (Solanum tuberosum L.),Vegetables,diethylamine,Bases,,
,POTATO (Solanum tuberosum L.),Vegetables,cyclohexylamine,Bases,,
,POTATO (Solanum tuberosum L.),Vegetables,diphenylamine (=N-phenylaniline),Bases,,
,POTATO (Solanum tuberosum L.),Vegetables,2-isopropylbenzimidazole,Bases,,
,POTATO (Solanum tuberosum L.),Vegetables,pyrrole,Bases,,
,POTATO (Solanum tuberosum L.),Vegetables,1-methyl-2-pyrrolecarbaldehyde (=2-formyl-1-methylpyrrole),Bases,,
,POTATO (Solanum tuberosum L.),Vegetables,2-acetylpyrrole (=methyl 2-pyrrolyl ketone),Bases,,
,POTATO (Solanum tuberosum L.),Vegetables,indole,Bases,,
,POTATO (Solanum tuberosum L.),Vegetables,pyridine,Bases,,
,POTATO (Solanum tuberosum L.),Vegetables,2-ethylpyridine,Bases,,
,POTATO (Solanum tuberosum L.),Vegetables,2-butylpyridine,Bases,,
,POTATO (Solanum tuberosum L.),Vegetables,2-heptylpyridine,Bases,,
,POTATO (Solanum tuberosum L.),Vegetables,5-butyl-2-methylpyridine,Bases,,
,POTATO (Solanum tuberosum L.),Vegetables,2-pentyl-6-propylpyridine,Bases,,
,POTATO (Solanum tuberosum L.),Vegetables,2-aminopyridine,Bases,,
,POTATO (Solanum tuberosum L.),Vegetables,2-acetylpyridine,Bases,,
,POTATO (Solanum tuberosum L.),Vegetables,4-pyridoxic acid lactone,Bases,,
,POTATO (Solanum tuberosum L.),Vegetables,pyrazine,Bases,,
,POTATO (Solanum tuberosum L.),Vegetables,methylpyrazine,Bases,,
,POTATO (Solanum tuberosum L.),Vegetables,ethylpyrazine,Bases,,
,POTATO (Solanum tuberosum L.),Vegetables,vinylpyrazine,Bases,,
,POTATO (Solanum tuberosum L.),Vegetables,isopentylpyrazine,Bases,,
,POTATO (Solanum tuberosum L.),Vegetables,"2,3-dimethylpyrazine",Bases,,
,POTATO (Solanum tuberosum L.),Vegetables,"2,5-dimethylpyrazine",Bases,,
,POTATO (Solanum tuberosum L.),Vegetables,"2,6-dimethylpyrazine",Bases,,
,POTATO (Solanum tuberosum L.),Vegetables,2-ethyl-3-methylpyrazine,Bases,,
,POTATO (Solanum tuberosum L.),Vegetables,2-ethyl-5-methylpyrazine,Bases,,
,POTATO (Solanum tuberosum L.),Vegetables,2-ethyl-6-methylpyrazine,Bases,,
,POTATO (Solanum tuberosum L.),Vegetables,2-methyl-3-vinylpyrazine,Bases,,
,POTATO (Solanum tuberosum L.),Vegetables,2-methyl-5-vinylpyrazine,Bases,,
,POTATO (Solanum tuberosum L.),Vegetables,2-methyl-6-vinylpyrazine,Bases,,
,POTATO (Solanum tuberosum L.),Vegetables,2-methyl-6-(1-propenyl)pyrazine,Bases,,
,POTATO (Solanum tuberosum L.),Vegetables,2-butyl-3-methylpyrazine,Bases,,
,POTATO (Solanum tuberosum L.),Vegetables,2-butyl-6-methylpyrazine,Bases,,
,POTATO (Solanum tuberosum L.),Vegetables,2-isobutyl-3-methylpyrazine,Bases,,
,POTATO (Solanum tuberosum L.),Vegetables,2-isobutyl-5-methylpyrazine,Bases,,
,POTATO (Solanum tuberosum L.),Vegetables,2-methyl-5-pentylpyrazine,Bases,,
,POTATO (Solanum tuberosum L.),Vegetables,pentyl-methylpyrazine (unkn.str.),Bases,,
,POTATO (Solanum tuberosum L.),Vegetables,2-isopentyl-3-methylpyrazine,Bases,,
,POTATO (Solanum tuberosum L.),Vegetables,"2,3-diethylpyrazine",Bases,,
,POTATO (Solanum tuberosum L.),Vegetables,"2,5-diethylpyrazine",Bases,,
,POTATO (Solanum tuberosum L.),Vegetables,2-ethyl-6-vinylpyrazine,Bases,,
,POTATO (Solanum tuberosum L.),Vegetables,ethyl-vinylpyrazine (unkn.str.),Bases,,
,POTATO (Solanum tuberosum L.),Vegetables,2-ethyl-6-propylpyrazine,Bases,,
,POTATO (Solanum tuberosum L.),Vegetables,trimethylpyrazine,Bases,,
,POTATO (Solanum tuberosum L.),Vegetables,"5-ethyl-2,3-dimethylpyrazine",Bases,,
,POTATO (Solanum tuberosum L.),Vegetables,"3-ethyl-2,5-dimethylpyrazine",Bases,,
,POTATO (Solanum tuberosum L.),Vegetables,"2-ethyl-3,5-dimethylpyrazine",Bases,,
,POTATO (Solanum tuberosum L.),Vegetables,dimethyl-vinylpyrazine (unkn.str.),Bases,,
,POTATO (Solanum tuberosum L.),Vegetables,dimethyl-propylpyrazine (unkn.str.),Bases,,
,POTATO (Solanum tuberosum L.),Vegetables,"2-butyl-3,5-dimethylpyrazine",Bases,,
,POTATO (Solanum tuberosum L.),Vegetables,"3-butyl-2,5-dimethylpyrazine",Bases,,
,POTATO (Solanum tuberosum L.),Vegetables,"5-butyl-2,3-dimethylpyrazine",Bases,,
,POTATO (Solanum tuberosum L.),Vegetables,"3-isobutyl-2,5-dimethylpyrazine",Bases,,
,POTATO (Solanum tuberosum L.),Vegetables,isobutyl-dimethylpyrazine (unkn.str.),Bases,,
,POTATO (Solanum tuberosum L.),Vegetables,"3-isopentyl-2,5-dimethylpyrazine",Bases,,
,POTATO (Solanum tuberosum L.),Vegetables,isopentyl-dimethylpyrazine (unkn.str.),Bases,,
,POTATO (Solanum tuberosum L.),Vegetables,"2,3-diethyl-5-methylpyrazine",Bases,,
,POTATO (Solanum tuberosum L.),Vegetables,"2,5-diethyl-3-methylpyrazine",Bases,,
,POTATO (Solanum tuberosum L.),Vegetables,"3,5-diethyl-2-methylpyrazine",Bases,,
,POTATO (Solanum tuberosum L.),Vegetables,ethyl-isobutyl-methylpyrazine (unkn.str.),Bases,,
,POTATO (Solanum tuberosum L.),Vegetables,triethylpyrazine,Bases,,
,POTATO (Solanum tuberosum L.),Vegetables,diethyl-propylpyrazine (unkn.str.),Bases,,
,POTATO (Solanum tuberosum L.),Vegetables,tetramethylpyrazine,Bases,,
,POTATO (Solanum tuberosum L.),Vegetables,ethyl-trimethylpyrazine,Bases,,
,POTATO (Solanum tuberosum L.),Vegetables,trimethyl-pentylpyrazine,Bases,,
,POTATO (Solanum tuberosum L.),Vegetables,ethyl-dimethyl-vinylpyrazine (unkn.str.),Bases,,
,POTATO (Solanum tuberosum L.),Vegetables,2-isopropyl-3-methoxypyrazine,Bases,trace,0.0001
,POTATO (Solanum tuberosum L.),Vegetables,2-isobutyl-3-methoxypyrazine,Bases,,
,POTATO (Solanum tuberosum L.),Vegetables,2-acetyl-3-methylpyrazine,Bases,,
,POTATO (Solanum tuberosum L.),Vegetables,"6,7-dihydro-2-methyl-5H-cyclopentapyrazine",Bases,,
,POTATO (Solanum tuberosum L.),Vegetables,"6,7-dihydro-5-methyl-5H-cyclopentapyrazine",Bases,,
,POTATO (Solanum tuberosum L.),Vegetables,"6,7-dihydro-3,5-dimethyl-5H-cyclopentapyrazine",Bases,,
,POTATO (Solanum tuberosum L.),Vegetables,"5-hydroxy-2,3,6-trimethyl-5H-cyclopentapyrazine",Bases,,
,POTATO (Solanum tuberosum L.),Vegetables,"1,2,3,4,7,8-hexahydro-5,7-dimethylquinoxaline",Bases,,
,POTATO (Solanum tuberosum L.),Vegetables,methanethiol (=methyl mercaptan),Sulfur compounds,,
,POTATO (Solanum tuberosum L.),Vegetables,ethanethiol (=ethyl mercaptan),Sulfur compounds,,
,POTATO (Solanum tuberosum L.),Vegetables,2-ethyl-1-hexanethiol,Sulfur compounds,,
,POTATO (Solanum tuberosum L.),Vegetables,hydrogen sulfide,Sulfur compounds,,
,POTATO (Solanum tuberosum L.),Vegetables,"dimethyl sulfide (=thiobismethane, methylthiomethane, methyl sulfide)",Sulfur compounds,,
,POTATO (Solanum tuberosum L.),Vegetables,methyl pentyl sulfide,Sulfur compounds,,
,POTATO (Solanum tuberosum L.),Vegetables,5-ethylfurfuryl methyl sulfide,Sulfur compounds,,
,POTATO (Solanum tuberosum L.),Vegetables,dimethyl disulfide (=methyldithiomethane),Sulfur compounds,,
,POTATO (Solanum tuberosum L.),Vegetables,methyl propyl disulfide,Sulfur compounds,,
,POTATO (Solanum tuberosum L.),Vegetables,diisopropyl disulfide,Sulfur compounds,,
,POTATO (Solanum tuberosum L.),Vegetables,diisobutyl disulfide,Sulfur compounds,,
,POTATO (Solanum tuberosum L.),Vegetables,dibutyl disulfide,Sulfur compounds,,
,POTATO (Solanum tuberosum L.),Vegetables,"dimethyl trisulfide (=2,3,4-trithiapentane, methyltrithiomethane)",Sulfur compounds,,
,POTATO (Solanum tuberosum L.),Vegetables,methyl propyl trisulfide,Sulfur compounds,,
,POTATO (Solanum tuberosum L.),Vegetables,dimethyl tetrasulfide (=methyltetrathiomethane),Sulfur compounds,,
,POTATO (Solanum tuberosum L.),Vegetables,3-(methylthio)propanal (=methional),Sulfur compounds,,
,POTATO (Solanum tuberosum L.),Vegetables,3-(methylthio)butanal,Sulfur compounds,,
,POTATO (Solanum tuberosum L.),Vegetables,3-(methylthio)heptanal,Sulfur compounds,,
,POTATO (Solanum tuberosum L.),Vegetables,methyl propanethioate,Sulfur compounds,,
,POTATO (Solanum tuberosum L.),Vegetables,thiophene,Sulfur compounds,,
,POTATO (Solanum tuberosum L.),Vegetables,2-propylthiophene,Sulfur compounds,,
,POTATO (Solanum tuberosum L.),Vegetables,2-butylthiophene,Sulfur compounds,,
,POTATO (Solanum tuberosum L.),Vegetables,butylthiophene (unkn.str.),Sulfur compounds,,
,POTATO (Solanum tuberosum L.),Vegetables,2-pentylthiophene,Sulfur compounds,,
,POTATO (Solanum tuberosum L.),Vegetables,2-heptylthiophene,Sulfur compounds,,
,POTATO (Solanum tuberosum L.),Vegetables,"2,4-dimethylthiophene",Sulfur compounds,,
,POTATO (Solanum tuberosum L.),Vegetables,2-butyl-5-ethylthiophene,Sulfur compounds,,
,POTATO (Solanum tuberosum L.),Vegetables,2-ethyl-5-pentylthiophene,Sulfur compounds,,
,POTATO (Solanum tuberosum L.),Vegetables,"2,5-diisopropylthiophene",Sulfur compounds,,
,POTATO (Solanum tuberosum L.),Vegetables,"2,5-di-sec-butylthiophene",Sulfur compounds,,
,POTATO (Solanum tuberosum L.),Vegetables,2-thiophenecarbaldehyde (=2-formylthiophene),Sulfur compounds,,
,POTATO (Solanum tuberosum L.),Vegetables,5-methyl-2-thiophenecarbaldehyde,Sulfur compounds,,
,POTATO (Solanum tuberosum L.),Vegetables,2-acetylthiophene,Sulfur compounds,,
,POTATO (Solanum tuberosum L.),Vegetables,2-acetyl-5-propylthiophene,Sulfur compounds,,
,POTATO (Solanum tuberosum L.),Vegetables,5-ethyl-2-propanoylthiophene,Sulfur compounds,,
,POTATO (Solanum tuberosum L.),Vegetables,2-ethyl-5-pentanoylthiophene,Sulfur compounds,,
,POTATO (Solanum tuberosum L.),Vegetables,"3,5-dimethyl-1,2,4-trithiolane",Sulfur compounds,,
,POTATO (Solanum tuberosum L.),Vegetables,2-propylthiazole,Sulfur compounds,,
,POTATO (Solanum tuberosum L.),Vegetables,2-nonylthiazole,Sulfur compounds,,
,POTATO (Solanum tuberosum L.),Vegetables,2-isopropyl-4-methylthiazole,Sulfur compounds,,
,POTATO (Solanum tuberosum L.),Vegetables,2-isopropyl-5-methylthiazole,Sulfur compounds,,
,POTATO (Solanum tuberosum L.),Vegetables,dipropylthiazole (unkn.str.),Sulfur compounds,,
,POTATO (Solanum tuberosum L.),Vegetables,2-butyl-4-propylthiazole,Sulfur compounds,,
,POTATO (Solanum tuberosum L.),Vegetables,2-pentyl-5-propylthiazole,Sulfur compounds,,
,POTATO (Solanum tuberosum L.),Vegetables,"2,4,5-trimethylthiazole",Sulfur compounds,,
,POTATO (Solanum tuberosum L.),Vegetables,"4-ethyl-2,5-dimethylthiazole",Sulfur compounds,,
,POTATO (Solanum tuberosum L.),Vegetables,"2-ethyl-4,5-dimethylthiazole",Sulfur compounds,,
,POTATO (Solanum tuberosum L.),Vegetables,ethyl-dimethylthiazole (unkn.str.),Sulfur compounds,,
,POTATO (Solanum tuberosum L.),Vegetables,"4,5-dimethyl-2-propylthiazole",Sulfur compounds,,
,POTATO (Solanum tuberosum L.),Vegetables,"2-isopropyl-4,5-dimethylthiazole",Sulfur compounds,,
,POTATO (Solanum tuberosum L.),Vegetables,"4-butyl-2,5-dimethylthiazole",Sulfur compounds,,
,POTATO (Solanum tuberosum L.),Vegetables,"2-butyl-4,5-dimethylthiazole",Sulfur compounds,,
,POTATO (Solanum tuberosum L.),Vegetables,"5-butyl-2,4-dimethylthiazole",Sulfur compounds,,
,POTATO (Solanum tuberosum L.),Vegetables,"2-isobutyl-4,5-dimethylthiazole",Sulfur compounds,,
,POTATO (Solanum tuberosum L.),Vegetables,"2,4-dimethyl-5-pentylthiazole",Sulfur compounds,,
,POTATO (Solanum tuberosum L.),Vegetables,"4,5-dimethyl-2-pentylthiazole",Sulfur compounds,,
,POTATO (Solanum tuberosum L.),Vegetables,"2-hexyl-4,5-dimethylthiazole",Sulfur compounds,,
,POTATO (Solanum tuberosum L.),Vegetables,"2-heptyl-4,5-dimethylthiazole",Sulfur compounds,,
,POTATO (Solanum tuberosum L.),Vegetables,"4,5-dimethyl-2-octylthiazole",Sulfur compounds,,
,POTATO (Solanum tuberosum L.),Vegetables,"2,5-diethyl-4-methylthiazole",Sulfur compounds,,
,POTATO (Solanum tuberosum L.),Vegetables,"2,4-diethyl-5-propylthiazole",Sulfur compounds,,
,POTATO (Solanum tuberosum L.),Vegetables,"4-ethyl-2,5-dipropylthiazole",Sulfur compounds,,
,POTATO (Solanum tuberosum L.),Vegetables,4-ethyl-2-isopropyl-5-methylthiazole,Sulfur compounds,,
,POTATO (Solanum tuberosum L.),Vegetables,5-ethyl-2-isopropyl-4-methylthiazole,Sulfur compounds,,
,POTATO (Solanum tuberosum L.),Vegetables,2-butyl-5-ethyl-4-methylthiazole,Sulfur compounds,,
,POTATO (Solanum tuberosum L.),Vegetables,2-butyl-5-methyl-4-propylthiazole,Sulfur compounds,,
,POTATO (Solanum tuberosum L.),Vegetables,4-ethyl-2-heptyl-5-methylthiazole,Sulfur compounds,,
,POTATO (Solanum tuberosum L.),Vegetables,5-ethyl-2-hexyl-4-methylthiazole,Sulfur compounds,,
,POTATO (Solanum tuberosum L.),Vegetables,5-ethyl-4-methyl-2-octylthiazole,Sulfur compounds,,
,POTATO (Solanum tuberosum L.),Vegetables,benzothiazole,Sulfur compounds,,
,POTATO (Solanum tuberosum L.),Vegetables,2-propylbenzothiazole,Sulfur compounds,,
,POTATO (Solanum tuberosum L.),Vegetables,2-butylbenzothiazole,Sulfur compounds,,
,POTATO (Solanum tuberosum L.),Vegetables,2-pentylbenzothiazole,Sulfur compounds,,
,POTATO (Solanum tuberosum L.),Vegetables,2-isopentylbenzothiazole,Sulfur compounds,,
,POTATO (Solanum tuberosum L.),Vegetables,2-hexylbenzothiazole,Sulfur compounds,,
,POTATO (Solanum tuberosum L.),Vegetables,2-heptylbenzothiazole,Sulfur compounds,,
,POTATO (Solanum tuberosum L.),Vegetables,2-octylbenzothiazole,Sulfur compounds,,
,POTATO (Solanum tuberosum L.),Vegetables,2-nonylbenzothiazole,Sulfur compounds,,
,POTATO (Solanum tuberosum L.),Vegetables,2-acetylthiazole,Sulfur compounds,,
,POTATO (Solanum tuberosum L.),Vegetables,"1,1-diethoxyethane (=acetal, acetaldehyde diethyl acetal)",Acetals,,
,POTATO (Solanum tuberosum L.),Vegetables,1-ethoxy-1-propoxyethane,Acetals,,
,POTATO (Solanum tuberosum L.),Vegetables,"1,1-diethoxy-3-methylbutane",Acetals,,
,POTATO (Solanum tuberosum L.),Vegetables,"benzaldehyde, diethyl acetal",Acetals,,
,POTATO (Solanum tuberosum L.),Vegetables,dimethyl ether,Ethers,,
,POTATO (Solanum tuberosum L.),Vegetables,methyl nonyl ether,Ethers,,
,POTATO (Solanum tuberosum L.),Vegetables,diethyl ether,Ethers,,
,POTATO (Solanum tuberosum L.),Vegetables,ethyl isopropyl ether,Ethers,,
,POTATO (Solanum tuberosum L.),Vegetables,ethyl pentyl ether,Ethers,,
,POTATO (Solanum tuberosum L.),Vegetables,diethylene glycol diethyl ether,Ethers,,
,POTATO (Solanum tuberosum L.),Vegetables,"2,2'-oxybisethanol (=diethylene glycol)",Ethers,,
,POTATO (Solanum tuberosum L.),Vegetables,trichloromethane (=chloroform),Halogens,,
,POTATO (Solanum tuberosum L.),Vegetables,"1,1,1-trichloroethane (=methylchloroform)",Halogens,,
,POTATO (Solanum tuberosum L.),Vegetables,tetrachloroethene (=tetrachloroethylene),Halogens,,
,POTATO (Solanum tuberosum L.),Vegetables,2-chloropropane,Halogens,,
,POTATO (Solanum tuberosum L.),Vegetables,1-chloro-2-methylbutane,Halogens,,
,POTATO (Solanum tuberosum L.),Vegetables,1-chloroheptane,Halogens,,
,POTATO (Solanum tuberosum L.),Vegetables,"1,1-dichloroheptane",Halogens,,
,POTATO (Solanum tuberosum L.),Vegetables,1-chlorohexadecane,Halogens,,
,POTATO (Solanum tuberosum L.),Vegetables,2-chlorobiphenyl,Halogens,,
,POTATO (Solanum tuberosum L.),Vegetables,2-bromo-5-ethylnonane,Halogens,,
,POTATO (Solanum tuberosum L.),Vegetables,1-iodooctadecane,Halogens,,
,POTATO (Solanum tuberosum L.),Vegetables,trichloroacetic acid,Halogens,,
,POTATO (Solanum tuberosum L.),Vegetables,o-chloroaniline,Halogens,,
,POTATO (Solanum tuberosum L.),Vegetables,p-chloroaniline,Halogens,,
,POTATO (Solanum tuberosum L.),Vegetables,4-chloro-3-methylphenol,Halogens,,
,POTATO (Solanum tuberosum L.),Vegetables,hexanenitrile,Nitriles and amides,,
,POTATO (Solanum tuberosum L.),Vegetables,heptanenitrile,Nitriles and amides,,
,POTATO (Solanum tuberosum L.),Vegetables,nonanenitrile,Nitriles and amides,,
,POTATO (Solanum tuberosum L.),Vegetables,benzonitrile,Nitriles and amides,,
,POTATO (Solanum tuberosum L.),Vegetables,"N,N-diethylformamide",Nitriles and amides,,
,POTATO (Solanum tuberosum L.),Vegetables,"N,N-dibutylformamide",Nitriles and amides,,
,POTATO (Solanum tuberosum L.),Vegetables,"N,N-diethylacetamide",Nitriles and amides,,
,POTATO (Solanum tuberosum L.),Vegetables,"N,N-dibutylacetamide",Nitriles and amides,,
,POTATO (Solanum tuberosum L.),Vegetables,3-methylbutanamide (=isovaleramide),Nitriles and amides,,
,POTATO (Solanum tuberosum L.),Vegetables,2-methyl-5-nitroaniline,Nitriles and amides,,
,POTATO (Solanum tuberosum L.),Vegetables,phenol (=hydroxybenzene),Phenols,,
,POTATO (Solanum tuberosum L.),Vegetables,4-isopropylphenol,Phenols,,
,POTATO (Solanum tuberosum L.),Vegetables,carvacrol (=5-isopropyl-2-methylphenol),Phenols,,
,POTATO (Solanum tuberosum L.),Vegetables,"2,6-di-tert-butyl-4-methyl-phenol (=B.H.T.)",Phenols,,
,POTATO (Solanum tuberosum L.),Vegetables,2-naphthol,Phenols,,
,POTATO (Solanum tuberosum L.),Vegetables,naphthol (unkn.str.),Phenols,,
,POTATO (Solanum tuberosum L.),Vegetables,"2-methoxy-1,3,5-trimethylbenzene",Phenols,,
,POTATO (Solanum tuberosum L.),Vegetables,2-butyltetrahydrofuran,Furans,,
,POTATO (Solanum tuberosum L.),Vegetables,"2,5-dimethyltetrahydrofuran",Furans,,
,POTATO (Solanum tuberosum L.),Vegetables,furan,Furans,,
,POTATO (Solanum tuberosum L.),Vegetables,2-propylfuran,Furans,,
,POTATO (Solanum tuberosum L.),Vegetables,2-allylfuran,Furans,,
,POTATO (Solanum tuberosum L.),Vegetables,2-butylfuran,Furans,,
,POTATO (Solanum tuberosum L.),Vegetables,2-pentylfuran,Furans,0.0031,0.0031
,POTATO (Solanum tuberosum L.),Vegetables,(E)-2-(2-pentenyl)furan,Furans,,
,POTATO (Solanum tuberosum L.),Vegetables,2-hexylfuran,Furans,,
,POTATO (Solanum tuberosum L.),Vegetables,2-heptylfuran,Furans,,
,POTATO (Solanum tuberosum L.),Vegetables,2-octylfuran,Furans,,
,POTATO (Solanum tuberosum L.),Vegetables,"furfural (=2-formylfuran, 2-furancarbaldehyde, 2-furaldehyde)",Furans,0.004,0.004
,POTATO (Solanum tuberosum L.),Vegetables,5-methylfurfural,Furans,,
,POTATO (Solanum tuberosum L.),Vegetables,(Z)-6-(2-furyl)-4-hexenal,Furans,,
,POTATO (Solanum tuberosum L.),Vegetables,(E)-6-(2-furyl)-4-hexenal,Furans,,
,POTATO (Solanum tuberosum L.),Vegetables,2-methyldihydro-3(2H)-furanone,Furans,,
,POTATO (Solanum tuberosum L.),Vegetables,"2-acetylfuran (=2-furyl methyl ketone, 1-(2-furyl)ethanone)",Furans,,
,POTATO (Solanum tuberosum L.),Vegetables,2-acetyl-5-methylfuran,Furans,,
,POTATO (Solanum tuberosum L.),Vegetables,2-(2-oxopropyl)furan (=2-acetonylfuran),Furans,,
,POTATO (Solanum tuberosum L.),Vegetables,2-propanoylfuran,Furans,,
,POTATO (Solanum tuberosum L.),Vegetables,2-hexanoylfuran,Furans,,
,POTATO (Solanum tuberosum L.),Vegetables,"7-(2-furyl)-2,3-heptanedione",Furans,,
,POTATO (Solanum tuberosum L.),Vegetables,"furfuryl alcohol (=(2-furyl)-methanol, 2-furanmethanol)",Furans,,
,POTATO (Solanum tuberosum L.),Vegetables,methyl 2-furancarboxylate,Furans,,
,POTATO (Solanum tuberosum L.),Vegetables,"3,4-dihydro-2H-pyran-2-carbaldehyde","(Ep)oxides, pyrans, coumarins",,
,POTATO (Solanum tuberosum L.),Vegetables,"2-propyl-1,3-dioxolane","(Ep)oxides, pyrans, coumarins",,
,POTATO (Solanum tuberosum L.),Vegetables,"2,4,6-trimethyl-1,3,5-trioxane (=paraldehyde)","(Ep)oxides, pyrans, coumarins",,
,POTATO (Solanum tuberosum L.),Vegetables,"2-methyl-1,3,6-trioxocane","(Ep)oxides, pyrans, coumarins",,
,POTATO (Solanum tuberosum L.),Vegetables,"2,4-dimethyloxazole",Oxazol(in)es,,
,POTATO (Solanum tuberosum L.),Vegetables,4-ethyl-2-methyloxazole,Oxazol(in)es,,
,POTATO (Solanum tuberosum L.),Vegetables,4-butyl-2-methyloxazole,Oxazol(in)es,,
,POTATO (Solanum tuberosum L.),Vegetables,2-methyl-4-pentyloxazole,Oxazol(in)es,,
,POTATO (Solanum tuberosum L.),Vegetables,4-methyl-2-pentyloxazole,Oxazol(in)es,,
,POTATO (Solanum tuberosum L.),Vegetables,methyl-pentyloxazole (unkn.str.),Oxazol(in)es,,
,POTATO (Solanum tuberosum L.),Vegetables,trimethyloxazole,Oxazol(in)es,,
,POTATO (Solanum tuberosum L.),Vegetables,"5-ethyl-2,4-dimethyloxazole",Oxazol(in)es,,
,POTATO (Solanum tuberosum L.),Vegetables,"4-ethyl-2,5-dimethyloxazole",Oxazol(in)es,,
,POTATO (Solanum tuberosum L.),Vegetables,"2-ethyl-4,5-dimethyloxazole",Oxazol(in)es,,
,POTATO (Solanum tuberosum L.),Vegetables,"2,4-dimethyl-5-propyloxazole",Oxazol(in)es,,
,POTATO (Solanum tuberosum L.),Vegetables,"2-isopropyl-4,5-dimethyloxazole",Oxazol(in)es,,
,POTATO (Solanum tuberosum L.),Vegetables,"2-isobutyl-4,5-dimethyloxazole",Oxazol(in)es,,
,POTATO (Solanum tuberosum L.),Vegetables,"2-butyl-4,5-dimethyloxazole",Oxazol(in)es,,
,POTATO (Solanum tuberosum L.),Vegetables,"4-butyl-2,5-dimethyloxazole",Oxazol(in)es,,
,POTATO (Solanum tuberosum L.),Vegetables,"5-butyl-2,4-dimethyloxazole",Oxazol(in)es,,
,POTATO (Solanum tuberosum L.),Vegetables,"4,5-dimethyl-2-pentyloxazole",Oxazol(in)es,,
,POTATO (Solanum tuberosum L.),Vegetables,"2,4-diethyl-5-propyloxazole",Oxazol(in)es,,
,POTATO (Solanum tuberosum L.),Vegetables,"2-butyl-4,5-diethyloxazole",Oxazol(in)es,,
,POTATO (Solanum tuberosum L.),Vegetables,2-ethyl-4-methyl-5-propyloxazole,Oxazol(in)es,,
,POTATO (Solanum tuberosum L.),Vegetables,4-ethyl-2-methyl-5-propyloxazole,Oxazol(in)es,,
,POTATO (Solanum tuberosum L.),Vegetables,5-ethyl-2-isopropyl-4-methyl-oxazole,Oxazol(in)es,,
,POTATO (Solanum tuberosum L.),Vegetables,4-ethyl-2-isobutyl-5-methyl-oxazole,Oxazol(in)es,,
,POTATO (Solanum tuberosum L.),Vegetables,2-butyl-5-methyl-4-propyloxazole,Oxazol(in)es,,
,POTATO (Solanum tuberosum L.),Vegetables,5-ethyl-4-methyl-2-pentyloxazole,Oxazol(in)es,,
,POTATO (Solanum tuberosum L.),Vegetables,"2-hexyl-4,5-dimethyloxazole",Oxazol(in)es,,
,POTATO (Solanum tuberosum L.),Vegetables,"4,5-diethyl-2-pentyloxazole",Oxazol(in)es,,
,POTATO (Solanum tuberosum L.),Vegetables,5-ethyl-2-hexyl-4-methyloxazole,Oxazol(in)es,,
,POTATO (Solanum tuberosum L.),Vegetables,"2-pentyl-4,5-dipropyloxazole",Oxazol(in)es,,
,POTATO (Solanum tuberosum L.),Vegetables,"5-acetyl-2,4-dimethyloxazole",Oxazol(in)es,,
,POTATO (Solanum tuberosum L.),Vegetables,phthalic anhydride,Anhydrides and phthalides,,
POTATO (raw),POTATO (Solanum tuberosum L.),Vegetables,"1,2,3-trimethylbenzene (=hemimellitene)",Hydrocarbons,,
POTATO (raw),POTATO (Solanum tuberosum L.),Vegetables,"1,3,5-trimethylbenzene (=mesitylene)",Hydrocarbons,,
POTATO (raw),POTATO (Solanum tuberosum L.),Vegetables,"1,2,3,5-tetramethylbenzene",Hydrocarbons,,
POTATO (raw),POTATO (Solanum tuberosum L.),Vegetables,biphenyl,Hydrocarbons,,
POTATO (raw),POTATO (Solanum tuberosum L.),Vegetables,naphthalene,Hydrocarbons,,
POTATO (raw),POTATO (Solanum tuberosum L.),Vegetables,2-methylnaphthalene,Hydrocarbons,,
POTATO (raw),POTATO (Solanum tuberosum L.),Vegetables,methanol,Alcohols,,
POTATO (raw),POTATO (Solanum tuberosum L.),Vegetables,ethanol,Alcohols,,
POTATO (raw),POTATO (Solanum tuberosum L.),Vegetables,1-butanol,Alcohols,,
POTATO (raw),POTATO (Solanum tuberosum L.),Vegetables,2-methyl-1-butanol (=active amyl alcohol),Alcohols,,
POTATO (raw),POTATO (Solanum tuberosum L.),Vegetables,3-methyl-1-butanol (=isoamyl alcohol),Alcohols,,
POTATO (raw),POTATO (Solanum tuberosum L.),Vegetables,1-pentanol (=amyl alcohol),Alcohols,0.08,0.13
POTATO (raw),POTATO (Solanum tuberosum L.),Vegetables,4-methyl-1-pentanol,Alcohols,,
POTATO (raw),POTATO (Solanum tuberosum L.),Vegetables,1-hexanol,Alcohols,0.003,0.012
POTATO (raw),POTATO (Solanum tuberosum L.),Vegetables,hexanol (unkn.str.),Alcohols,,
POTATO (raw),POTATO (Solanum tuberosum L.),Vegetables,1-heptanol,Alcohols,,
POTATO (raw),POTATO (Solanum tuberosum L.),Vegetables,heptanol (unkn.str.),Alcohols,,
POTATO (raw),POTATO (Solanum tuberosum L.),Vegetables,1-octanol,Alcohols,,
POTATO (raw),POTATO (Solanum tuberosum L.),Vegetables,3-octanol,Alcohols,,
POTATO (raw),POTATO (Solanum tuberosum L.),Vegetables,(E)-2-octen-1-ol,Alcohols,,
POTATO (raw),POTATO (Solanum tuberosum L.),Vegetables,1-octen-3-ol,Alcohols,,
POTATO (raw),POTATO (Solanum tuberosum L.),Vegetables,(Z)-3-nonen-1-ol,Alcohols,,
POTATO (raw),POTATO (Solanum tuberosum L.),Vegetables,geraniol,Alcohols,,
POTATO (raw),POTATO (Solanum tuberosum L.),Vegetables,nerol,Alcohols,,
POTATO (raw),POTATO (Solanum tuberosum L.),Vegetables,α-terpineol,Alcohols,,
POTATO (raw),POTATO (Solanum tuberosum L.),Vegetables,acetaldehyde (=ethanal),"Carbonyls, aldehydes",,
POTATO (raw),POTATO (Solanum tuberosum L.),Vegetables,"2-methylpropanal (=isobutanal, isobutyraldehyde)","Carbonyls, aldehydes",,
POTATO (raw),POTATO (Solanum tuberosum L.),Vegetables,2-butenal (=crotonaldehyde),"Carbonyls, aldehydes",,
POTATO (raw),POTATO (Solanum tuberosum L.),Vegetables,2-methylbutanal (=α-methylbutanal),"Carbonyls, aldehydes",,
POTATO (raw),POTATO (Solanum tuberosum L.),Vegetables,"3-methylbutanal (=isopentanal, isovaleraldehyde)","Carbonyls, aldehydes",,
POTATO (raw),POTATO (Solanum tuberosum L.),Vegetables,pentanal (=valeraldehyde),"Carbonyls, aldehydes",,
POTATO (raw),POTATO (Solanum tuberosum L.),Vegetables,hexanal (=capronaldehyde),"Carbonyls, aldehydes",,
POTATO (raw),POTATO (Solanum tuberosum L.),Vegetables,(E)-2-hexenal (=leaf aldehyde),"Carbonyls, aldehydes",0.01,0.02
POTATO (raw),POTATO (Solanum tuberosum L.),Vegetables,heptanal,"Carbonyls, aldehydes",0.02,0.04
POTATO (raw),POTATO (Solanum tuberosum L.),Vegetables,"(E,Z)-2,4-heptadienal","Carbonyls, aldehydes",,
POTATO (raw),POTATO (Solanum tuberosum L.),Vegetables,"(E,E)-2,4-heptadienal","Carbonyls, aldehydes",,
POTATO (raw),POTATO (Solanum tuberosum L.),Vegetables,octanal (=caprylaldehyde),"Carbonyls, aldehydes",,
POTATO (raw),POTATO (Solanum tuberosum L.),Vegetables,(Z)-2-octenal,"Carbonyls, aldehydes",,
POTATO (raw),POTATO (Solanum tuberosum L.),Vegetables,(E)-2-octenal,"Carbonyls, aldehydes",,
POTATO (raw),POTATO (Solanum tuberosum L.),Vegetables,(E)-2-nonenal,"Carbonyls, aldehydes",,
POTATO (raw),POTATO (Solanum tuberosum L.),Vegetables,"(E,E)-2,4-nonadienal","Carbonyls, aldehydes",,
POTATO (raw),POTATO (Solanum tuberosum L.),Vegetables,"(E,Z)-2,4-nonadienal","Carbonyls, aldehydes",,
POTATO (raw),POTATO (Solanum tuberosum L.),Vegetables,"(E,Z)-2,4-decadienal","Carbonyls, aldehydes",0.002,0.006
POTATO (raw),POTATO (Solanum tuberosum L.),Vegetables,"(E,E)-2,4-decadienal","Carbonyls, aldehydes",0.01,0.025
POTATO (raw),POTATO (Solanum tuberosum L.),Vegetables,benzaldehyde,"Carbonyls, aldehydes",,
POTATO (raw),POTATO (Solanum tuberosum L.),Vegetables,"acetone (=2-propanone, dimethyl ketone)","Carbonyls, ketones",,
POTATO (raw),POTATO (Solanum tuberosum L.),Vegetables,2-hexanone,"Carbonyls, ketones",,
POTATO (raw),POTATO (Solanum tuberosum L.),Vegetables,1-octen-3-one,"Carbonyls, ketones",,
POTATO (raw),POTATO (Solanum tuberosum L.),Vegetables,benzoic acid,Acids,trace,0.3
POTATO (raw),POTATO (Solanum tuberosum L.),Vegetables,methylamine,Bases,,
POTATO (raw),POTATO (Solanum tuberosum L.),Vegetables,propylamine,Bases,,
POTATO (raw),POTATO (Solanum tuberosum L.),Vegetables,isobutylamine,Bases,,
POTATO (raw),POTATO (Solanum tuberosum L.),Vegetables,diethylamine,Bases,,
POTATO (raw),POTATO (Solanum tuberosum L.),Vegetables,2-isopropyl-3-methoxypyrazine,Bases,0.0001,0.0001
POTATO (raw),POTATO (Solanum tuberosum L.),Vegetables,2-isobutyl-3-methoxypyrazine,Bases,,
POTATO (raw),POTATO (Solanum tuberosum L.),Vegetables,2-pentylfuran,Furans,,
POTATO (baked),POTATO (Solanum tuberosum L.),Vegetables,"3,5,5-trimethyl-1-hexene",Hydrocarbons,,
POTATO (baked),POTATO (Solanum tuberosum L.),Vegetables,"2,4-dimethylheptane",Hydrocarbons,,
POTATO (baked),POTATO (Solanum tuberosum L.),Vegetables,3-methyl-4-nonene,Hydrocarbons,,
POTATO (baked),POTATO (Solanum tuberosum L.),Vegetables,4-ethyl-3-octene,Hydrocarbons,,
POTATO (baked),POTATO (Solanum tuberosum L.),Vegetables,"2,6,9-trimethylundecane",Hydrocarbons,,
POTATO (baked),POTATO (Solanum tuberosum L.),Vegetables,"2,6,10-trimethylundecane",Hydrocarbons,,
POTATO (baked),POTATO (Solanum tuberosum L.),Vegetables,"4,6-dipropyldodecane",Hydrocarbons,,
POTATO (baked),POTATO (Solanum tuberosum L.),Vegetables,4-octyldodecylcyclopentane (=1-cyclopentyl-4-octyl-dodecane),Hydrocarbons,,
POTATO (baked),POTATO (Solanum tuberosum L.),Vegetables,2-methyltetradecane,Hydrocarbons,,
POTATO (baked),POTATO (Solanum tuberosum L.),Vegetables,"2,6,10,14-tetramethylpentadecane (=pristane)",Hydrocarbons,,
POTATO (baked),POTATO (Solanum tuberosum L.),Vegetables,"5,7-dimethylhexadecane",Hydrocarbons,,
POTATO (baked),POTATO (Solanum tuberosum L.),Vegetables,"7,9-dimethylhexadecane",Hydrocarbons,,
POTATO (baked),POTATO (Solanum tuberosum L.),Vegetables,"2,6,11,15-tetramethylhexadecane",Hydrocarbons,,
POTATO (baked),POTATO (Solanum tuberosum L.),Vegetables,9-octylheptadecane,Hydrocarbons,,
POTATO (baked),POTATO (Solanum tuberosum L.),Vegetables,1-octadecene,Hydrocarbons,,
POTATO (baked),POTATO (Solanum tuberosum L.),Vegetables,3-methyleicosane,Hydrocarbons,,
POTATO (baked),POTATO (Solanum tuberosum L.),Vegetables,β-myrcene (=myrcene),Hydrocarbons,,
POTATO (baked),POTATO (Solanum tuberosum L.),Vegetables,farnesene (unkn.str.),Hydrocarbons,,
POTATO (baked),POTATO (Solanum tuberosum L.),Vegetables,methylcyclopentane,Hydrocarbons,,
POTATO (baked),POTATO (Solanum tuberosum L.),Vegetables,"1,4-dimethyl-4-vinylcyclohexene",Hydrocarbons,,
POTATO (baked),POTATO (Solanum tuberosum L.),Vegetables,cyclododecane,Hydrocarbons,,
POTATO (baked),POTATO (Solanum tuberosum L.),Vegetables,β-phellandrene,Hydrocarbons,,
POTATO (baked),POTATO (Solanum tuberosum L.),Vegetables,limonene,Hydrocarbons,,
POTATO (baked),POTATO (Solanum tuberosum L.),Vegetables,γ-humulene,Hydrocarbons,,
POTATO (baked),POTATO (Solanum tuberosum L.),Vegetables,β-pinene,Hydrocarbons,,
POTATO (baked),POTATO (Solanum tuberosum L.),Vegetables,3-carene,Hydrocarbons,,
POTATO (baked),POTATO (Solanum tuberosum L.),Vegetables,benzene,Hydrocarbons,,
POTATO (baked),POTATO (Solanum tuberosum L.),Vegetables,methylbenzene (=toluene),Hydrocarbons,,
POTATO (baked),POTATO (Solanum tuberosum L.),Vegetables,isopropylbenzene (=cumene),Hydrocarbons,,
POTATO (baked),POTATO (Solanum tuberosum L.),Vegetables,(sec-butyl)benzene,Hydrocarbons,,
POTATO (baked),POTATO (Solanum tuberosum L.),Vegetables,(tert-butyl)benzene,Hydrocarbons,,
POTATO (baked),POTATO (Solanum tuberosum L.),Vegetables,nonylbenzene,Hydrocarbons,,
POTATO (baked),POTATO (Solanum tuberosum L.),Vegetables,"1,2-dimethylbenzene (=o-xylene)",Hydrocarbons,,
POTATO (baked),POTATO (Solanum tuberosum L.),Vegetables,"1,3-dimethylbenzene (=m-xylene)",Hydrocarbons,,
POTATO (baked),POTATO (Solanum tuberosum L.),Vegetables,"1,4-dimethylbenzene (=p-xylene)",Hydrocarbons,,
POTATO (baked),POTATO (Solanum tuberosum L.),Vegetables,1-ethyl-4-methylbenzene (=p-ethyltoluene),Hydrocarbons,,
POTATO (baked),POTATO (Solanum tuberosum L.),Vegetables,1-isopropyl-2-methylbenzene (=o-cymene),Hydrocarbons,,
POTATO (baked),POTATO (Solanum tuberosum L.),Vegetables,1-ethyl-3-vinylbenzene,Hydrocarbons,,
POTATO (baked),POTATO (Solanum tuberosum L.),Vegetables,"1,2,3-trimethylbenzene (=hemimellitene)",Hydrocarbons,,
POTATO (baked),POTATO (Solanum tuberosum L.),Vegetables,"1,3,5-trimethylbenzene (=mesitylene)",Hydrocarbons,,
POTATO (baked),POTATO (Solanum tuberosum L.),Vegetables,"1,2-dimethyl-4-vinylbenzene",Hydrocarbons,,
POTATO (baked),POTATO (Solanum tuberosum L.),Vegetables,"1,2,3,5-tetramethylbenzene",Hydrocarbons,,
POTATO (baked),POTATO (Solanum tuberosum L.),Vegetables,hexamethylbenzene,Hydrocarbons,,
POTATO (baked),POTATO (Solanum tuberosum L.),Vegetables,biphenyl,Hydrocarbons,,
POTATO (baked),POTATO (Solanum tuberosum L.),Vegetables,diphenylmethane,Hydrocarbons,,
POTATO (baked),POTATO (Solanum tuberosum L.),Vegetables,1-methylindan,Hydrocarbons,,
POTATO (baked),POTATO (Solanum tuberosum L.),Vegetables,"4,5,7-trimethylindan",Hydrocarbons,,
POTATO (baked),POTATO (Solanum tuberosum L.),Vegetables,"1,2,3,4-tetrahydro-1,4,6-trimethylnaphthalene",Hydrocarbons,,
POTATO (baked),POTATO (Solanum tuberosum L.),Vegetables,2-isopropylnaphthalene,Hydrocarbons,,
POTATO (baked),POTATO (Solanum tuberosum L.),Vegetables,"1,2-dimethylnaphthalene",Hydrocarbons,,
POTATO (baked),POTATO (Solanum tuberosum L.),Vegetables,"1,3-dimethylnaphthalene",Hydrocarbons,,
POTATO (baked),POTATO (Solanum tuberosum L.),Vegetables,"2,7-dimethylnaphthalene",Hydrocarbons,,
POTATO (baked),POTATO (Solanum tuberosum L.),Vegetables,"1,3,8-trimethylnaphthalene",Hydrocarbons,,
POTATO (baked),POTATO (Solanum tuberosum L.),Vegetables,"1,4,5-trimethylnaphthalene",Hydrocarbons,,
POTATO (baked),POTATO (Solanum tuberosum L.),Vegetables,methanol,Alcohols,,
POTATO (baked),POTATO (Solanum tuberosum L.),Vegetables,ethanol,Alcohols,,
POTATO (baked),POTATO (Solanum tuberosum L.),Vegetables,2-tetradecyloxyethanol,Alcohols,,
POTATO (baked),POTATO (Solanum tuberosum L.),Vegetables,2-butanol (=sec-butanol),Alcohols,,
POTATO (baked),POTATO (Solanum tuberosum L.),Vegetables,(Z)-2-penten-1-ol,Alcohols,,
POTATO (baked),POTATO (Solanum tuberosum L.),Vegetables,3-methyl-1-pentanol,Alcohols,,
POTATO (baked),POTATO (Solanum tuberosum L.),Vegetables,2-methyl-2-pentanol,Alcohols,,
POTATO (baked),POTATO (Solanum tuberosum L.),Vegetables,4-methyl-4-penten-1-ol,Alcohols,,
POTATO (baked),POTATO (Solanum tuberosum L.),Vegetables,2-methyl-3-penten-2-ol,Alcohols,,
POTATO (baked),POTATO (Solanum tuberosum L.),Vegetables,2-methyl-1-penten-3-ol,Alcohols,,
POTATO (baked),POTATO (Solanum tuberosum L.),Vegetables,"2,4-dimethyl-3-pentanol",Alcohols,,
POTATO (baked),POTATO (Solanum tuberosum L.),Vegetables,1-heptanol,Alcohols,,
POTATO (baked),POTATO (Solanum tuberosum L.),Vegetables,1-octen-3-ol,Alcohols,,
POTATO (baked),POTATO (Solanum tuberosum L.),Vegetables,2-isobutyl-1-octanol,Alcohols,,
POTATO (baked),POTATO (Solanum tuberosum L.),Vegetables,"3,6-dimethyl-3-octanol",Alcohols,,
POTATO (baked),POTATO (Solanum tuberosum L.),Vegetables,1-dodecanol,Alcohols,,
POTATO (baked),POTATO (Solanum tuberosum L.),Vegetables,1-hexadecanol (=cetanol),Alcohols,,
POTATO (baked),POTATO (Solanum tuberosum L.),Vegetables,"3,7,11-trimethyl-1-dodecanol (=hexahydrofarnesol)",Alcohols,,
POTATO (baked),POTATO (Solanum tuberosum L.),Vegetables,cyclohexanol,Alcohols,,
POTATO (baked),POTATO (Solanum tuberosum L.),Vegetables,benzyl alcohol (=benzenemethanol),Alcohols,,
POTATO (baked),POTATO (Solanum tuberosum L.),Vegetables,trimethylbenzyl alcohol (unkn.str.),Alcohols,,
POTATO (baked),POTATO (Solanum tuberosum L.),Vegetables,4-isopropyl-3-methoxybenzyl alcohol,Alcohols,,
POTATO (baked),POTATO (Solanum tuberosum L.),Vegetables,"2-methylpropanal (=isobutanal, isobutyraldehyde)","Carbonyls, aldehydes",,
POTATO (baked),POTATO (Solanum tuberosum L.),Vegetables,2-methyl-2-propenal (=methacrolein),"Carbonyls, aldehydes",,
POTATO (baked),POTATO (Solanum tuberosum L.),Vegetables,2-methylbutanal (=α-methylbutanal),"Carbonyls, aldehydes",,
POTATO (baked),POTATO (Solanum tuberosum L.),Vegetables,"3-methylbutanal (=isopentanal, isovaleraldehyde)","Carbonyls, aldehydes",,
POTATO (baked),POTATO (Solanum tuberosum L.),Vegetables,isopropylketene,"Carbonyls, aldehydes",,
POTATO (baked),POTATO (Solanum tuberosum L.),Vegetables,2-methyl-2-butenal,"Carbonyls, aldehydes",,
POTATO (baked),POTATO (Solanum tuberosum L.),Vegetables,3-methyl-2-butenal,"Carbonyls, aldehydes",,
POTATO (baked),POTATO (Solanum tuberosum L.),Vegetables,pentanal (=valeraldehyde),"Carbonyls, aldehydes",,
POTATO (baked),POTATO (Solanum tuberosum L.),Vegetables,2-pentenal,"Carbonyls, aldehydes",,
POTATO (baked),POTATO (Solanum tuberosum L.),Vegetables,hexanal (=capronaldehyde),"Carbonyls, aldehydes",,
POTATO (baked),POTATO (Solanum tuberosum L.),Vegetables,(E)-2-hexenal (=leaf aldehyde),"Carbonyls, aldehydes",,
POTATO (baked),POTATO (Solanum tuberosum L.),Vegetables,(E)-3-hexenal,"Carbonyls, aldehydes",,
POTATO (baked),POTATO (Solanum tuberosum L.),Vegetables,2-ethylhexanal,"Carbonyls, aldehydes",,
POTATO (baked),POTATO (Solanum tuberosum L.),Vegetables,heptanal,"Carbonyls, aldehydes",,
POTATO (baked),POTATO (Solanum tuberosum L.),Vegetables,(E)-2-heptenal,"Carbonyls, aldehydes",,
POTATO (baked),POTATO (Solanum tuberosum L.),Vegetables,"(E,E)-2,4-heptadienal","Carbonyls, aldehydes",,
POTATO (baked),POTATO (Solanum tuberosum L.),Vegetables,(E)-2-octenal,"Carbonyls, aldehydes",,
POTATO (baked),POTATO (Solanum tuberosum L.),Vegetables,nonanal (=pelargonaldehyde),"Carbonyls, aldehydes",,
POTATO (baked),POTATO (Solanum tuberosum L.),Vegetables,(E)-2-nonenal,"Carbonyls, aldehydes",,
POTATO (baked),POTATO (Solanum tuberosum L.),Vegetables,"(E,E)-2,4-nonadienal","Carbonyls, aldehydes",,
POTATO (baked),POTATO (Solanum tuberosum L.),Vegetables,decanal (=capraldehyde),"Carbonyls, aldehydes",,
POTATO (baked),POTATO (Solanum tuberosum L.),Vegetables,(E)-2-decenal,"Carbonyls, aldehydes",,
POTATO (baked),POTATO (Solanum tuberosum L.),Vegetables,"(E,Z)-2,4-decadienal","Carbonyls, aldehydes",,
POTATO (baked),POTATO (Solanum tuberosum L.),Vegetables,"(E,E)-2,4-decadienal","Carbonyls, aldehydes",,
POTATO (baked),POTATO (Solanum tuberosum L.),Vegetables,undecanal,"Carbonyls, aldehydes",,
POTATO (baked),POTATO (Solanum tuberosum L.),Vegetables,hexadecanal,"Carbonyls, aldehydes",,
POTATO (baked),POTATO (Solanum tuberosum L.),Vegetables,octadecanal,"Carbonyls, aldehydes",,
POTATO (baked),POTATO (Solanum tuberosum L.),Vegetables,benzaldehyde,"Carbonyls, aldehydes",,
POTATO (baked),POTATO (Solanum tuberosum L.),Vegetables,ethylbenzaldehyde (unkn.str.),"Carbonyls, aldehydes",,
POTATO (baked),POTATO (Solanum tuberosum L.),Vegetables,2-hydroxybenzaldehyde (=salicylaldehyde),"Carbonyls, aldehydes",,
POTATO (baked),POTATO (Solanum tuberosum L.),Vegetables,"2,5-dimethylbenzaldehyde","Carbonyls, aldehydes",,
POTATO (baked),POTATO (Solanum tuberosum L.),Vegetables,phenylacetaldehyde (=benzeneacetaldehyde),"Carbonyls, aldehydes",,
POTATO (baked),POTATO (Solanum tuberosum L.),Vegetables,4-methoxycinnamaldehyde,"Carbonyls, aldehydes",,
POTATO (baked),POTATO (Solanum tuberosum L.),Vegetables,4-methyl-2-phenyl-2-pentenal,"Carbonyls, aldehydes",,
POTATO (baked),POTATO (Solanum tuberosum L.),Vegetables,5-methyl-2-phenylhexanal,"Carbonyls, aldehydes",,
POTATO (baked),POTATO (Solanum tuberosum L.),Vegetables,"acetone (=2-propanone, dimethyl ketone)","Carbonyls, ketones",,
POTATO (baked),POTATO (Solanum tuberosum L.),Vegetables,4-methyl-2-pentanone,"Carbonyls, ketones",,
POTATO (baked),POTATO (Solanum tuberosum L.),Vegetables,4-methyl-3-penten-2-one (=mesityl oxide),"Carbonyls, ketones",,
POTATO (baked),POTATO (Solanum tuberosum L.),Vegetables,dimethyl-3-penten-2-one (unkn.str.),"Carbonyls, ketones",,
POTATO (baked),POTATO (Solanum tuberosum L.),Vegetables,5-methoxy-2-pentanone,"Carbonyls, ketones",,
POTATO (baked),POTATO (Solanum tuberosum L.),Vegetables,2-hexanone,"Carbonyls, ketones",,
POTATO (baked),POTATO (Solanum tuberosum L.),Vegetables,2-heptanone,"Carbonyls, ketones",,
POTATO (baked),POTATO (Solanum tuberosum L.),Vegetables,4-heptanone,"Carbonyls, ketones",,
POTATO (baked),POTATO (Solanum tuberosum L.),Vegetables,2-methyl-4-heptanone,"Carbonyls, ketones",,
POTATO (baked),POTATO (Solanum tuberosum L.),Vegetables,6-methyl-5-hepten-2-one,"Carbonyls, ketones",,
POTATO (baked),POTATO (Solanum tuberosum L.),Vegetables,"2,6-dimethyl-4-heptanone","Carbonyls, ketones",,
POTATO (baked),POTATO (Solanum tuberosum L.),Vegetables,3-octen-2-one,"Carbonyls, ketones",,
POTATO (baked),POTATO (Solanum tuberosum L.),Vegetables,4-decanone,"Carbonyls, ketones",,
POTATO (baked),POTATO (Solanum tuberosum L.),Vegetables,cyclopentanone,"Carbonyls, ketones",,
POTATO (baked),POTATO (Solanum tuberosum L.),Vegetables,"2,5-dimethyl-2-cyclopenten-1-one","Carbonyls, ketones",,
POTATO (baked),POTATO (Solanum tuberosum L.),Vegetables,"2-acetyl-3,3-dimethyl-1-cyclohexanone","Carbonyls, ketones",,
POTATO (baked),POTATO (Solanum tuberosum L.),Vegetables,4-methylacetophenone,"Carbonyls, ketones",,
POTATO (baked),POTATO (Solanum tuberosum L.),Vegetables,"1-phenylpropane-1,2-dione","Carbonyls, ketones",,
POTATO (baked),POTATO (Solanum tuberosum L.),Vegetables,acetic acid,Acids,,
POTATO (baked),POTATO (Solanum tuberosum L.),Vegetables,propanoic acid (=propionic acid),Acids,,
POTATO (baked),POTATO (Solanum tuberosum L.),Vegetables,2-methylpropanoic acid (=isobutyric acid),Acids,,
POTATO (baked),POTATO (Solanum tuberosum L.),Vegetables,butanoic acid (=butyric acid),Acids,,
POTATO (baked),POTATO (Solanum tuberosum L.),Vegetables,3-methylbutanoic acid (=isovaleric acid),Acids,,
POTATO (baked),POTATO (Solanum tuberosum L.),Vegetables,pentanoic acid (=valeric acid),Acids,,
POTATO (baked),POTATO (Solanum tuberosum L.),Vegetables,2-methylpentanoic acid,Acids,,
POTATO (baked),POTATO (Solanum tuberosum L.),Vegetables,3-methylpentanoic acid,Acids,,
POTATO (baked),POTATO (Solanum tuberosum L.),Vegetables,4-methylpentanoic acid (=isocaproic acid),Acids,,
POTATO (baked),POTATO (Solanum tuberosum L.),Vegetables,hexanoic acid (=caproic acid),Acids,,
POTATO (baked),POTATO (Solanum tuberosum L.),Vegetables,2-methylhexanoic acid,Acids,,
POTATO (baked),POTATO (Solanum tuberosum L.),Vegetables,heptanoic acid (=enanthic acid),Acids,,
POTATO (baked),POTATO (Solanum tuberosum L.),Vegetables,2-phenyl-2-butenoic acid,Acids,,
POTATO (baked),POTATO (Solanum tuberosum L.),Vegetables,ethyl acetate,Esters,,
POTATO (baked),POTATO (Solanum tuberosum L.),Vegetables,butyl acetate,Esters,,
POTATO (baked),POTATO (Solanum tuberosum L.),Vegetables,"sec-butyl acetate (=2-butyl acetate, 1-methylpropyl acetate)",Esters,,
POTATO (baked),POTATO (Solanum tuberosum L.),Vegetables,2-methylbutyl acetate,Esters,,
POTATO (baked),POTATO (Solanum tuberosum L.),Vegetables,pentyl acetate (=amyl acetate),Esters,,
POTATO (baked),POTATO (Solanum tuberosum L.),Vegetables,1-hepten-2-yl acetate,Esters,,
POTATO (baked),POTATO (Solanum tuberosum L.),Vegetables,methyl 2-methylbutanoate,Esters,,
POTATO (baked),POTATO (Solanum tuberosum L.),Vegetables,methyl pentanoate,Esters,,
POTATO (baked),POTATO (Solanum tuberosum L.),Vegetables,2-methylbutyl pentanoate,Esters,,
POTATO (baked),POTATO (Solanum tuberosum L.),Vegetables,methyl 2-methylpentanoate,Esters,,
POTATO (baked),POTATO (Solanum tuberosum L.),Vegetables,methyl hexanoate,Esters,,
POTATO (baked),POTATO (Solanum tuberosum L.),Vegetables,allyl hexanoate,Esters,,
POTATO (baked),POTATO (Solanum tuberosum L.),Vegetables,methyl octanoate,Esters,,
POTATO (baked),POTATO (Solanum tuberosum L.),Vegetables,methyl nonanoate,Esters,,
POTATO (baked),POTATO (Solanum tuberosum L.),Vegetables,diethyl phthalate,Esters,,
POTATO (baked),POTATO (Solanum tuberosum L.),Vegetables,diisobutyl phthalate,Esters,,
POTATO (baked),POTATO (Solanum tuberosum L.),Vegetables,diisobutyl isophthalate,Esters,,
POTATO (baked),POTATO (Solanum tuberosum L.),Vegetables,2-pentanamine,Bases,,
POTATO (baked),POTATO (Solanum tuberosum L.),Vegetables,diphenylamine (=N-phenylaniline),Bases,,
POTATO (baked),POTATO (Solanum tuberosum L.),Vegetables,2-isopropylbenzimidazole,Bases,,
POTATO (baked),POTATO (Solanum tuberosum L.),Vegetables,1-methyl-2-pyrrolecarbaldehyde (=2-formyl-1-methylpyrrole),Bases,,
POTATO (baked),POTATO (Solanum tuberosum L.),Vegetables,2-acetylpyrrole (=methyl 2-pyrrolyl ketone),Bases,,
POTATO (baked),POTATO (Solanum tuberosum L.),Vegetables,pyridine,Bases,,
POTATO (baked),POTATO (Solanum tuberosum L.),Vegetables,2-aminopyridine,Bases,,
POTATO (baked),POTATO (Solanum tuberosum L.),Vegetables,2-acetylpyridine,Bases,,
POTATO (baked),POTATO (Solanum tuberosum L.),Vegetables,4-pyridoxic acid lactone,Bases,,
POTATO (baked),POTATO (Solanum tuberosum L.),Vegetables,methylpyrazine,Bases,,
POTATO (baked),POTATO (Solanum tuberosum L.),Vegetables,ethylpyrazine,Bases,,
POTATO (baked),POTATO (Solanum tuberosum L.),Vegetables,isopentylpyrazine,Bases,,
POTATO (baked),POTATO (Solanum tuberosum L.),Vegetables,"2,3-dimethylpyrazine",Bases,,
POTATO (baked),POTATO (Solanum tuberosum L.),Vegetables,"2,5-dimethylpyrazine",Bases,,
POTATO (baked),POTATO (Solanum tuberosum L.),Vegetables,"2,6-dimethylpyrazine",Bases,,
POTATO (baked),POTATO (Solanum tuberosum L.),Vegetables,2-ethyl-3-methylpyrazine,Bases,,
POTATO (baked),POTATO (Solanum tuberosum L.),Vegetables,2-ethyl-5-methylpyrazine,Bases,,
POTATO (baked),POTATO (Solanum tuberosum L.),Vegetables,2-ethyl-6-methylpyrazine,Bases,,
POTATO (baked),POTATO (Solanum tuberosum L.),Vegetables,2-methyl-5-vinylpyrazine,Bases,,
POTATO (baked),POTATO (Solanum tuberosum L.),Vegetables,2-butyl-3-methylpyrazine,Bases,,
POTATO (baked),POTATO (Solanum tuberosum L.),Vegetables,2-butyl-6-methylpyrazine,Bases,,
POTATO (baked),POTATO (Solanum tuberosum L.),Vegetables,2-isobutyl-3-methylpyrazine,Bases,,
POTATO (baked),POTATO (Solanum tuberosum L.),Vegetables,2-isobutyl-5-methylpyrazine,Bases,,
POTATO (baked),POTATO (Solanum tuberosum L.),Vegetables,pentyl-methylpyrazine (unkn.str.),Bases,,
POTATO (baked),POTATO (Solanum tuberosum L.),Vegetables,"2,3-diethylpyrazine",Bases,,
POTATO (baked),POTATO (Solanum tuberosum L.),Vegetables,2-ethyl-6-vinylpyrazine,Bases,,
POTATO (baked),POTATO (Solanum tuberosum L.),Vegetables,ethyl-vinylpyrazine (unkn.str.),Bases,,
POTATO (baked),POTATO (Solanum tuberosum L.),Vegetables,2-ethyl-6-propylpyrazine,Bases,,
POTATO (baked),POTATO (Solanum tuberosum L.),Vegetables,trimethylpyrazine,Bases,,
POTATO (baked),POTATO (Solanum tuberosum L.),Vegetables,"3-ethyl-2,5-dimethylpyrazine",Bases,,
POTATO (baked),POTATO (Solanum tuberosum L.),Vegetables,"2-ethyl-3,5-dimethylpyrazine",Bases,,
POTATO (baked),POTATO (Solanum tuberosum L.),Vegetables,dimethyl-vinylpyrazine (unkn.str.),Bases,,
POTATO (baked),POTATO (Solanum tuberosum L.),Vegetables,dimethyl-propylpyrazine (unkn.str.),Bases,,
POTATO (baked),POTATO (Solanum tuberosum L.),Vegetables,"2-butyl-3,5-dimethylpyrazine",Bases,,
POTATO (baked),POTATO (Solanum tuberosum L.),Vegetables,"3-butyl-2,5-dimethylpyrazine",Bases,,
POTATO (baked),POTATO (Solanum tuberosum L.),Vegetables,"5-butyl-2,3-dimethylpyrazine",Bases,,
POTATO (baked),POTATO (Solanum tuberosum L.),Vegetables,"3-isobutyl-2,5-dimethylpyrazine",Bases,,
POTATO (baked),POTATO (Solanum tuberosum L.),Vegetables,isobutyl-dimethylpyrazine (unkn.str.),Bases,,
POTATO (baked),POTATO (Solanum tuberosum L.),Vegetables,"3-isopentyl-2,5-dimethylpyrazine",Bases,,
POTATO (baked),POTATO (Solanum tuberosum L.),Vegetables,isopentyl-dimethylpyrazine (unkn.str.),Bases,,
POTATO (baked),POTATO (Solanum tuberosum L.),Vegetables,"2,3-diethyl-5-methylpyrazine",Bases,,
POTATO (baked),POTATO (Solanum tuberosum L.),Vegetables,"2,5-diethyl-3-methylpyrazine",Bases,,
POTATO (baked),POTATO (Solanum tuberosum L.),Vegetables,"3,5-diethyl-2-methylpyrazine",Bases,,
POTATO (baked),POTATO (Solanum tuberosum L.),Vegetables,ethyl-isobutyl-methylpyrazine (unkn.str.),Bases,,
POTATO (baked),POTATO (Solanum tuberosum L.),Vegetables,diethyl-propylpyrazine (unkn.str.),Bases,,
POTATO (baked),POTATO (Solanum tuberosum L.),Vegetables,ethyl-trimethylpyrazine,Bases,,
POTATO (baked),POTATO (Solanum tuberosum L.),Vegetables,ethyl-dimethyl-vinylpyrazine (unkn.str.),Bases,,
POTATO (baked),POTATO (Solanum tuberosum L.),Vegetables,2-isopropyl-3-methoxypyrazine,Bases,,
POTATO (baked),POTATO (Solanum tuberosum L.),Vegetables,"6,7-dihydro-2-methyl-5H-cyclopentapyrazine",Bases,,
POTATO (baked),POTATO (Solanum tuberosum L.),Vegetables,"6,7-dihydro-5-methyl-5H-cyclopentapyrazine",Bases,,
POTATO (baked),POTATO (Solanum tuberosum L.),Vegetables,"6,7-dihydro-3,5-dimethyl-5H-cyclopentapyrazine",Bases,,
POTATO (baked),POTATO (Solanum tuberosum L.),Vegetables,"5-hydroxy-2,3,6-trimethyl-5H-cyclopentapyrazine",Bases,,
POTATO (baked),POTATO (Solanum tuberosum L.),Vegetables,"1,2,3,4,7,8-hexahydro-5,7-dimethylquinoxaline",Bases,,
POTATO (baked),POTATO (Solanum tuberosum L.),Vegetables,2-ethyl-1-hexanethiol,Sulfur compounds,,
POTATO (baked),POTATO (Solanum tuberosum L.),Vegetables,3-(methylthio)propanal (=methional),Sulfur compounds,,
POTATO (baked),POTATO (Solanum tuberosum L.),Vegetables,thiophene,Sulfur compounds,,
POTATO (baked),POTATO (Solanum tuberosum L.),Vegetables,2-butyl-5-ethylthiophene,Sulfur compounds,,
POTATO (baked),POTATO (Solanum tuberosum L.),Vegetables,2-thiophenecarbaldehyde (=2-formylthiophene),Sulfur compounds,,
POTATO (baked),POTATO (Solanum tuberosum L.),Vegetables,"4-ethyl-2,5-dimethylthiazole",Sulfur compounds,,
POTATO (baked),POTATO (Solanum tuberosum L.),Vegetables,"4-butyl-2,5-dimethylthiazole",Sulfur compounds,,
POTATO (baked),POTATO (Solanum tuberosum L.),Vegetables,"2,5-diethyl-4-methylthiazole",Sulfur compounds,,
POTATO (baked),POTATO (Solanum tuberosum L.),Vegetables,"1,1-diethoxyethane (=acetal, acetaldehyde diethyl acetal)",Acetals,,
POTATO (baked),POTATO (Solanum tuberosum L.),Vegetables,1-ethoxy-1-propoxyethane,Acetals,,
POTATO (baked),POTATO (Solanum tuberosum L.),Vegetables,"1,1-diethoxy-3-methylbutane",Acetals,,
POTATO (baked),POTATO (Solanum tuberosum L.),Vegetables,dimethyl ether,Ethers,,
POTATO (baked),POTATO (Solanum tuberosum L.),Vegetables,methyl nonyl ether,Ethers,,
POTATO (baked),POTATO (Solanum tuberosum L.),Vegetables,ethyl isopropyl ether,Ethers,,
POTATO (baked),POTATO (Solanum tuberosum L.),Vegetables,ethyl pentyl ether,Ethers,,
POTATO (baked),POTATO (Solanum tuberosum L.),Vegetables,diethylene glycol diethyl ether,Ethers,,
POTATO (baked),POTATO (Solanum tuberosum L.),Vegetables,trichloromethane (=chloroform),Halogens,,
POTATO (baked),POTATO (Solanum tuberosum L.),Vegetables,"1,1,1-trichloroethane (=methylchloroform)",Halogens,,
POTATO (baked),POTATO (Solanum tuberosum L.),Vegetables,tetrachloroethene (=tetrachloroethylene),Halogens,,
POTATO (baked),POTATO (Solanum tuberosum L.),Vegetables,2-chloropropane,Halogens,,
POTATO (baked),POTATO (Solanum tuberosum L.),Vegetables,1-chloro-2-methylbutane,Halogens,,
POTATO (baked),POTATO (Solanum tuberosum L.),Vegetables,1-chloroheptane,Halogens,,
POTATO (baked),POTATO (Solanum tuberosum L.),Vegetables,"1,1-dichloroheptane",Halogens,,
POTATO (baked),POTATO (Solanum tuberosum L.),Vegetables,1-chlorohexadecane,Halogens,,
POTATO (baked),POTATO (Solanum tuberosum L.),Vegetables,2-chlorobiphenyl,Halogens,,
POTATO (baked),POTATO (Solanum tuberosum L.),Vegetables,2-bromo-5-ethylnonane,Halogens,,
POTATO (baked),POTATO (Solanum tuberosum L.),Vegetables,1-iodooctadecane,Halogens,,
POTATO (baked),POTATO (Solanum tuberosum L.),Vegetables,trichloroacetic acid,Halogens,,
POTATO (baked),POTATO (Solanum tuberosum L.),Vegetables,o-chloroaniline,Halogens,,
POTATO (baked),POTATO (Solanum tuberosum L.),Vegetables,p-chloroaniline,Halogens,,
POTATO (baked),POTATO (Solanum tuberosum L.),Vegetables,benzonitrile,Nitriles and amides,,
POTATO (baked),POTATO (Solanum tuberosum L.),Vegetables,"N,N-diethylformamide",Nitriles and amides,,
POTATO (baked),POTATO (Solanum tuberosum L.),Vegetables,"N,N-diethylacetamide",Nitriles and amides,,
POTATO (baked),POTATO (Solanum tuberosum L.),Vegetables,2-methyl-5-nitroaniline,Nitriles and amides,,
POTATO (baked),POTATO (Solanum tuberosum L.),Vegetables,naphthol (unkn.str.),Phenols,,
POTATO (baked),POTATO (Solanum tuberosum L.),Vegetables,"2,5-dimethyltetrahydrofuran",Furans,,
POTATO (baked),POTATO (Solanum tuberosum L.),Vegetables,2-pentylfuran,Furans,,
POTATO (baked),POTATO (Solanum tuberosum L.),Vegetables,(E)-2-(2-pentenyl)furan,Furans,,
POTATO (baked),POTATO (Solanum tuberosum L.),Vegetables,"furfural (=2-formylfuran, 2-furancarbaldehyde, 2-furaldehyde)",Furans,,
POTATO (baked),POTATO (Solanum tuberosum L.),Vegetables,5-methylfurfural,Furans,,
POTATO (baked),POTATO (Solanum tuberosum L.),Vegetables,2-methyldihydro-3(2H)-furanone,Furans,,
POTATO (baked),POTATO (Solanum tuberosum L.),Vegetables,"2-acetylfuran (=2-furyl methyl ketone, 1-(2-furyl)ethanone)",Furans,,
POTATO (baked),POTATO (Solanum tuberosum L.),Vegetables,2-propanoylfuran,Furans,,
POTATO (baked),POTATO (Solanum tuberosum L.),Vegetables,methyl 2-furancarboxylate,Furans,,
POTATO (baked),POTATO (Solanum tuberosum L.),Vegetables,"2-propyl-1,3-dioxolane","(Ep)oxides, pyrans, coumarins",,
POTATO (baked),POTATO (Solanum tuberosum L.),Vegetables,"2,4,6-trimethyl-1,3,5-trioxane (=paraldehyde)","(Ep)oxides, pyrans, coumarins",,
POTATO (baked),POTATO (Solanum tuberosum L.),Vegetables,trimethyloxazole,Oxazol(in)es,,
POTATO (baked),POTATO (Solanum tuberosum L.),Vegetables,"5-acetyl-2,4-dimethyloxazole",Oxazol(in)es,,
POTATO (baked),POTATO (Solanum tuberosum L.),Vegetables,phthalic anhydride,Anhydrides and phthalides,,
POTATO (French fried),POTATO (Solanum tuberosum L.),Vegetables,2-methylpentane (=isohexane),Hydrocarbons,,
POTATO (French fried),POTATO (Solanum tuberosum L.),Vegetables,2-methyl-1-pentene,Hydrocarbons,,
POTATO (French fried),POTATO (Solanum tuberosum L.),Vegetables,3-ethylhexane,Hydrocarbons,,
POTATO (French fried),POTATO (Solanum tuberosum L.),Vegetables,heptane,Hydrocarbons,,
POTATO (French fried),POTATO (Solanum tuberosum L.),Vegetables,3-methylheptane,Hydrocarbons,,
POTATO (French fried),POTATO (Solanum tuberosum L.),Vegetables,4-propylheptane,Hydrocarbons,,
POTATO (French fried),POTATO (Solanum tuberosum L.),Vegetables,octane,Hydrocarbons,,
POTATO (French fried),POTATO (Solanum tuberosum L.),Vegetables,3-methyloctane,Hydrocarbons,,
POTATO (French fried),POTATO (Solanum tuberosum L.),Vegetables,"2,3-dimethyloctane",Hydrocarbons,,
POTATO (French fried),POTATO (Solanum tuberosum L.),Vegetables,"2,5-dimethyloctane",Hydrocarbons,,
POTATO (French fried),POTATO (Solanum tuberosum L.),Vegetables,"2,6-dimethyloctane",Hydrocarbons,,
POTATO (French fried),POTATO (Solanum tuberosum L.),Vegetables,nonane,Hydrocarbons,,
POTATO (French fried),POTATO (Solanum tuberosum L.),Vegetables,3-nonyne,Hydrocarbons,,
POTATO (French fried),POTATO (Solanum tuberosum L.),Vegetables,3-methylnonane,Hydrocarbons,,
POTATO (French fried),POTATO (Solanum tuberosum L.),Vegetables,4-methylnonane,Hydrocarbons,,
POTATO (French fried),POTATO (Solanum tuberosum L.),Vegetables,decane,Hydrocarbons,,
POTATO (French fried),POTATO (Solanum tuberosum L.),Vegetables,1-decene,Hydrocarbons,,
POTATO (French fried),POTATO (Solanum tuberosum L.),Vegetables,4-decyne,Hydrocarbons,,
POTATO (French fried),POTATO (Solanum tuberosum L.),Vegetables,3-methyldecane,Hydrocarbons,,
POTATO (French fried),POTATO (Solanum tuberosum L.),Vegetables,5-ethyl-5-methyldecane,Hydrocarbons,,
POTATO (French fried),POTATO (Solanum tuberosum L.),Vegetables,undecane,Hydrocarbons,,
POTATO (French fried),POTATO (Solanum tuberosum L.),Vegetables,dodecane,Hydrocarbons,,
POTATO (French fried),POTATO (Solanum tuberosum L.),Vegetables,1-dodecene,Hydrocarbons,,
POTATO (French fried),POTATO (Solanum tuberosum L.),Vegetables,tridecane,Hydrocarbons,,
POTATO (French fried),POTATO (Solanum tuberosum L.),Vegetables,6-tridecene,Hydrocarbons,,
POTATO (French fried),POTATO (Solanum tuberosum L.),Vegetables,tetradecane,Hydrocarbons,,
POTATO (French fried),POTATO (Solanum tuberosum L.),Vegetables,1-tetradecene,Hydrocarbons,,
POTATO (French fried),POTATO (Solanum tuberosum L.),Vegetables,pentadecane,Hydrocarbons,,
POTATO (French fried),POTATO (Solanum tuberosum L.),Vegetables,"2,4,6,10-tetramethylpentadecane",Hydrocarbons,,
POTATO (French fried),POTATO (Solanum tuberosum L.),Vegetables,hexadecane,Hydrocarbons,,
POTATO (French fried),POTATO (Solanum tuberosum L.),Vegetables,"2,6,10,14-tetramethylhexadecane",Hydrocarbons,,
POTATO (French fried),POTATO (Solanum tuberosum L.),Vegetables,heptadecane,Hydrocarbons,,
POTATO (French fried),POTATO (Solanum tuberosum L.),Vegetables,octadecane,Hydrocarbons,,
POTATO (French fried),POTATO (Solanum tuberosum L.),Vegetables,nonadecane,Hydrocarbons,,
POTATO (French fried),POTATO (Solanum tuberosum L.),Vegetables,methylcyclopentane,Hydrocarbons,,
POTATO (French fried),POTATO (Solanum tuberosum L.),Vegetables,"trans-1,3-dimethylcyclopentane",Hydrocarbons,,
POTATO (French fried),POTATO (Solanum tuberosum L.),Vegetables,propylcyclohexane,Hydrocarbons,,
POTATO (French fried),POTATO (Solanum tuberosum L.),Vegetables,butylcyclohexane,Hydrocarbons,,
POTATO (French fried),POTATO (Solanum tuberosum L.),Vegetables,isobutylcyclohexane,Hydrocarbons,,
POTATO (French fried),POTATO (Solanum tuberosum L.),Vegetables,octylcyclohexane,Hydrocarbons,,
POTATO (French fried),POTATO (Solanum tuberosum L.),Vegetables,nonylcyclohexane,Hydrocarbons,,
POTATO (French fried),POTATO (Solanum tuberosum L.),Vegetables,1-butylcyclohexene (unkn.str.),Hydrocarbons,,
POTATO (French fried),POTATO (Solanum tuberosum L.),Vegetables,diethylcyclohexane (unkn.str.),Hydrocarbons,,
POTATO (French fried),POTATO (Solanum tuberosum L.),Vegetables,limonene,Hydrocarbons,,
POTATO (French fried),POTATO (Solanum tuberosum L.),Vegetables,α-copaene (=copaene),Hydrocarbons,,
POTATO (French fried),POTATO (Solanum tuberosum L.),Vegetables,benzene,Hydrocarbons,,
POTATO (French fried),POTATO (Solanum tuberosum L.),Vegetables,methylbenzene (=toluene),Hydrocarbons,,
POTATO (French fried),POTATO (Solanum tuberosum L.),Vegetables,ethylbenzene (=α-methyltoluene),Hydrocarbons,,
POTATO (French fried),POTATO (Solanum tuberosum L.),Vegetables,propylbenzene,Hydrocarbons,,
POTATO (French fried),POTATO (Solanum tuberosum L.),Vegetables,allylbenzene,Hydrocarbons,,
POTATO (French fried),POTATO (Solanum tuberosum L.),Vegetables,butylbenzene,Hydrocarbons,,
POTATO (French fried),POTATO (Solanum tuberosum L.),Vegetables,isobutylbenzene,Hydrocarbons,,
POTATO (French fried),POTATO (Solanum tuberosum L.),Vegetables,(2-methylallyl)benzene,Hydrocarbons,,
POTATO (French fried),POTATO (Solanum tuberosum L.),Vegetables,"(1,1-dimethylpropyl)benzene",Hydrocarbons,,
POTATO (French fried),POTATO (Solanum tuberosum L.),Vegetables,pentylbenzene,Hydrocarbons,,
POTATO (French fried),POTATO (Solanum tuberosum L.),Vegetables,hexylbenzene,Hydrocarbons,,
POTATO (French fried),POTATO (Solanum tuberosum L.),Vegetables,heptylbenzene,Hydrocarbons,,
POTATO (French fried),POTATO (Solanum tuberosum L.),Vegetables,octylbenzene,Hydrocarbons,,
POTATO (French fried),POTATO (Solanum tuberosum L.),Vegetables,nonylbenzene,Hydrocarbons,,
POTATO (French fried),POTATO (Solanum tuberosum L.),Vegetables,decylbenzene,Hydrocarbons,,
POTATO (French fried),POTATO (Solanum tuberosum L.),Vegetables,(1-methyldecyl)benzene,Hydrocarbons,,
POTATO (French fried),POTATO (Solanum tuberosum L.),Vegetables,(1-ethylnonyl)benzene,Hydrocarbons,,
POTATO (French fried),POTATO (Solanum tuberosum L.),Vegetables,(1-propyloctyl)benzene,Hydrocarbons,,
POTATO (French fried),POTATO (Solanum tuberosum L.),Vegetables,(1-butylheptyl)benzene,Hydrocarbons,,
POTATO (French fried),POTATO (Solanum tuberosum L.),Vegetables,(1-pentylheptyl)benzene,Hydrocarbons,,
POTATO (French fried),POTATO (Solanum tuberosum L.),Vegetables,1-ethyl-2-methylbenzene (=o-ethyltoluene),Hydrocarbons,,
POTATO (French fried),POTATO (Solanum tuberosum L.),Vegetables,"1-ethyl-2,3-dimethylbenzene",Hydrocarbons,,
POTATO (French fried),POTATO (Solanum tuberosum L.),Vegetables,"1-ethyl-2,4-dimethylbenzene",Hydrocarbons,,
POTATO (French fried),POTATO (Solanum tuberosum L.),Vegetables,"1,2,4,5-tetramethylbenzene",Hydrocarbons,,
POTATO (French fried),POTATO (Solanum tuberosum L.),Vegetables,decahydronaphthalene (=decalin),Hydrocarbons,,
POTATO (French fried),POTATO (Solanum tuberosum L.),Vegetables,2-methylnaphthalene,Hydrocarbons,,
POTATO (French fried),POTATO (Solanum tuberosum L.),Vegetables,"tricyclo[3.3.1.1(3,7)]decane",Hydrocarbons,,
POTATO (French fried),POTATO (Solanum tuberosum L.),Vegetables,ethanol,Alcohols,,
POTATO (French fried),POTATO (Solanum tuberosum L.),Vegetables,1-butanol,Alcohols,,
POTATO (French fried),POTATO (Solanum tuberosum L.),Vegetables,2-methyl-1-butanol (=active amyl alcohol),Alcohols,,
POTATO (French fried),POTATO (Solanum tuberosum L.),Vegetables,3-methyl-1-butanol (=isoamyl alcohol),Alcohols,,
POTATO (French fried),POTATO (Solanum tuberosum L.),Vegetables,1-pentanol (=amyl alcohol),Alcohols,,
POTATO (French fried),POTATO (Solanum tuberosum L.),Vegetables,3-pentanol,Alcohols,,
POTATO (French fried),POTATO (Solanum tuberosum L.),Vegetables,(Z)-2-penten-1-ol,Alcohols,,
POTATO (French fried),POTATO (Solanum tuberosum L.),Vegetables,3-penten-2-ol,Alcohols,,
POTATO (French fried),POTATO (Solanum tuberosum L.),Vegetables,1-penten-3-ol,Alcohols,,
POTATO (French fried),POTATO (Solanum tuberosum L.),Vegetables,1-hexanol,Alcohols,,
POTATO (French fried),POTATO (Solanum tuberosum L.),Vegetables,2-hexanol,Alcohols,,
POTATO (French fried),POTATO (Solanum tuberosum L.),Vegetables,(Z)-2-hexen-1-ol,Alcohols,,
POTATO (French fried),POTATO (Solanum tuberosum L.),Vegetables,1-hexen-3-ol,Alcohols,,
POTATO (French fried),POTATO (Solanum tuberosum L.),Vegetables,1-heptanol,Alcohols,,
POTATO (French fried),POTATO (Solanum tuberosum L.),Vegetables,2-heptanol,Alcohols,,
POTATO (French fried),POTATO (Solanum tuberosum L.),Vegetables,3-heptanol,Alcohols,,
POTATO (French fried),POTATO (Solanum tuberosum L.),Vegetables,4-heptanol,Alcohols,,
POTATO (French fried),POTATO (Solanum tuberosum L.),Vegetables,4-octanol,Alcohols,,
POTATO (French fried),POTATO (Solanum tuberosum L.),Vegetables,1-nonanol,Alcohols,,
POTATO (French fried),POTATO (Solanum tuberosum L.),Vegetables,3-decanol,Alcohols,,
POTATO (French fried),POTATO (Solanum tuberosum L.),Vegetables,benzyl alcohol (=benzenemethanol),Alcohols,,
POTATO (French fried),POTATO (Solanum tuberosum L.),Vegetables,"2-methylpropanal (=isobutanal, isobutyraldehyde)","Carbonyls, aldehydes",,
POTATO (French fried),POTATO (Solanum tuberosum L.),Vegetables,butanal (=butyraldehyde),"Carbonyls, aldehydes",,
POTATO (French fried),POTATO (Solanum tuberosum L.),Vegetables,2-methylbutanal (=α-methylbutanal),"Carbonyls, aldehydes",,
POTATO (French fried),POTATO (Solanum tuberosum L.),Vegetables,"3-methylbutanal (=isopentanal, isovaleraldehyde)","Carbonyls, aldehydes",,
POTATO (French fried),POTATO (Solanum tuberosum L.),Vegetables,2-methyl-2-butenal,"Carbonyls, aldehydes",,
POTATO (French fried),POTATO (Solanum tuberosum L.),Vegetables,2-ethylbutanal,"Carbonyls, aldehydes",,
POTATO (French fried),POTATO (Solanum tuberosum L.),Vegetables,pentanal (=valeraldehyde),"Carbonyls, aldehydes",,
POTATO (French fried),POTATO (Solanum tuberosum L.),Vegetables,2-pentenal,"Carbonyls, aldehydes",,
POTATO (French fried),POTATO (Solanum tuberosum L.),Vegetables,2-methyl-2-pentenal,"Carbonyls, aldehydes",,
POTATO (French fried),POTATO (Solanum tuberosum L.),Vegetables,hexanal (=capronaldehyde),"Carbonyls, aldehydes",,
POTATO (French fried),POTATO (Solanum tuberosum L.),Vegetables,2-ethylhexanal,"Carbonyls, aldehydes",,
POTATO (French fried),POTATO (Solanum tuberosum L.),Vegetables,2-ethyl-2-hexenal,"Carbonyls, aldehydes",,
POTATO (French fried),POTATO (Solanum tuberosum L.),Vegetables,heptanal,"Carbonyls, aldehydes",,
POTATO (French fried),POTATO (Solanum tuberosum L.),Vegetables,(Z)-4-heptenal,"Carbonyls, aldehydes",,
POTATO (French fried),POTATO (Solanum tuberosum L.),Vegetables,octanal (=caprylaldehyde),"Carbonyls, aldehydes",,
POTATO (French fried),POTATO (Solanum tuberosum L.),Vegetables,nonanal (=pelargonaldehyde),"Carbonyls, aldehydes",,
POTATO (French fried),POTATO (Solanum tuberosum L.),Vegetables,decanal (=capraldehyde),"Carbonyls, aldehydes",,
POTATO (French fried),POTATO (Solanum tuberosum L.),Vegetables,2-decenal,"Carbonyls, aldehydes",,
POTATO (French fried),POTATO (Solanum tuberosum L.),Vegetables,(Z)-4-decenal,"Carbonyls, aldehydes",,
POTATO (French fried),POTATO (Solanum tuberosum L.),Vegetables,"2,4-decadienal","Carbonyls, aldehydes",,
POTATO (French fried),POTATO (Solanum tuberosum L.),Vegetables,"(E,E)-2,4-decadienal","Carbonyls, aldehydes",,
POTATO (French fried),POTATO (Solanum tuberosum L.),Vegetables,"(Z,E)-2,4-decadienal","Carbonyls, aldehydes",,
POTATO (French fried),POTATO (Solanum tuberosum L.),Vegetables,benzaldehyde,"Carbonyls, aldehydes",,
POTATO (French fried),POTATO (Solanum tuberosum L.),Vegetables,2-methylbenzaldehyde (=o-tolualdehyde),"Carbonyls, aldehydes",,
POTATO (French fried),POTATO (Solanum tuberosum L.),Vegetables,4-methylbenzaldehyde (=p-tolualdehyde),"Carbonyls, aldehydes",,
POTATO (French fried),POTATO (Solanum tuberosum L.),Vegetables,ethylbenzaldehyde (unkn.str.),"Carbonyls, aldehydes",,
POTATO (French fried),POTATO (Solanum tuberosum L.),Vegetables,3-hydroxybenzaldehyde (=m-hydroxybenzaldehyde),"Carbonyls, aldehydes",,
POTATO (French fried),POTATO (Solanum tuberosum L.),Vegetables,4-hydroxybenzaldehyde (=4-formylphenol),"Carbonyls, aldehydes",,
POTATO (French fried),POTATO (Solanum tuberosum L.),Vegetables,"1,4-benzenedicarbaldehyde (=terephthalaldehyde)","Carbonyls, aldehydes",,
POTATO (French fried),POTATO (Solanum tuberosum L.),Vegetables,phenylacetaldehyde (=benzeneacetaldehyde),"Carbonyls, aldehydes",,
POTATO (French fried),POTATO (Solanum tuberosum L.),Vegetables,4-methyl-2-phenyl-2-pentenal,"Carbonyls, aldehydes",,
POTATO (French fried),POTATO (Solanum tuberosum L.),Vegetables,5-methyl-2-phenyl-2-hexenal,"Carbonyls, aldehydes",,
POTATO (French fried),POTATO (Solanum tuberosum L.),Vegetables,2-butanone (=ethyl methyl ketone),"Carbonyls, ketones",,
POTATO (French fried),POTATO (Solanum tuberosum L.),Vegetables,3-hydroxy-2-butanone (=acetoin),"Carbonyls, ketones",,
POTATO (French fried),POTATO (Solanum tuberosum L.),Vegetables,"2,3-butanedione (=diacetyl)","Carbonyls, ketones",,
POTATO (French fried),POTATO (Solanum tuberosum L.),Vegetables,"2,3-pentanedione (=acetylpropionyl)","Carbonyls, ketones",,
POTATO (French fried),POTATO (Solanum tuberosum L.),Vegetables,3-hexanone,"Carbonyls, ketones",,
POTATO (French fried),POTATO (Solanum tuberosum L.),Vegetables,2-heptanone,"Carbonyls, ketones",,
POTATO (French fried),POTATO (Solanum tuberosum L.),Vegetables,6-methyl-3-heptanone,"Carbonyls, ketones",,
POTATO (French fried),POTATO (Solanum tuberosum L.),Vegetables,3-octanone,"Carbonyls, ketones",,
POTATO (French fried),POTATO (Solanum tuberosum L.),Vegetables,3-octen-2-one,"Carbonyls, ketones",,
POTATO (French fried),POTATO (Solanum tuberosum L.),Vegetables,2-nonanone,"Carbonyls, ketones",,
POTATO (French fried),POTATO (Solanum tuberosum L.),Vegetables,3-methyl-6-nonen-2-one,"Carbonyls, ketones",,
POTATO (French fried),POTATO (Solanum tuberosum L.),Vegetables,2-decanone,"Carbonyls, ketones",,
POTATO (French fried),POTATO (Solanum tuberosum L.),Vegetables,4-decen-3-one,"Carbonyls, ketones",,
POTATO (French fried),POTATO (Solanum tuberosum L.),Vegetables,5-decen-4-one,"Carbonyls, ketones",,
POTATO (French fried),POTATO (Solanum tuberosum L.),Vegetables,2-undecanone,"Carbonyls, ketones",,
POTATO (French fried),POTATO (Solanum tuberosum L.),Vegetables,5-undecanone,"Carbonyls, ketones",,
POTATO (French fried),POTATO (Solanum tuberosum L.),Vegetables,2-dodecanone,"Carbonyls, ketones",,
POTATO (French fried),POTATO (Solanum tuberosum L.),Vegetables,2-pentadecanone,"Carbonyls, ketones",,
POTATO (French fried),POTATO (Solanum tuberosum L.),Vegetables,cyclopentanone,"Carbonyls, ketones",,
POTATO (French fried),POTATO (Solanum tuberosum L.),Vegetables,2-methylcyclopentanone,"Carbonyls, ketones",,
POTATO (French fried),POTATO (Solanum tuberosum L.),Vegetables,cyclohexanone,"Carbonyls, ketones",,
POTATO (French fried),POTATO (Solanum tuberosum L.),Vegetables,2-methylcyclohexanone,"Carbonyls, ketones",,
POTATO (French fried),POTATO (Solanum tuberosum L.),Vegetables,acetophenone (=1-phenylethanone),"Carbonyls, ketones",,
POTATO (French fried),POTATO (Solanum tuberosum L.),Vegetables,1-phenyl-1-pentanone (=valerophenone),"Carbonyls, ketones",,
POTATO (French fried),POTATO (Solanum tuberosum L.),Vegetables,acetic acid,Acids,,
POTATO (French fried),POTATO (Solanum tuberosum L.),Vegetables,2-methylpropanoic acid (=isobutyric acid),Acids,,
POTATO (French fried),POTATO (Solanum tuberosum L.),Vegetables,2-methylbutanoic acid,Acids,,
POTATO (French fried),POTATO (Solanum tuberosum L.),Vegetables,3-methylbutanoic acid (=isovaleric acid),Acids,,
POTATO (French fried),POTATO (Solanum tuberosum L.),Vegetables,pentanoic acid (=valeric acid),Acids,,
POTATO (French fried),POTATO (Solanum tuberosum L.),Vegetables,hexanoic acid (=caproic acid),Acids,,
POTATO (French fried),POTATO (Solanum tuberosum L.),Vegetables,octanoic acid (=caprylic acid),Acids,,
POTATO (French fried),POTATO (Solanum tuberosum L.),Vegetables,nonanoic acid (=pelargonic acid),Acids,,
POTATO (French fried),POTATO (Solanum tuberosum L.),Vegetables,benzoic acid,Acids,,
POTATO (French fried),POTATO (Solanum tuberosum L.),Vegetables,4-methylbenzoic acid (=p-toluic acid),Acids,,
POTATO (French fried),POTATO (Solanum tuberosum L.),Vegetables,ethyl acetate,Esters,,
POTATO (French fried),POTATO (Solanum tuberosum L.),Vegetables,pentyl acetate (=amyl acetate),Esters,,
POTATO (French fried),POTATO (Solanum tuberosum L.),Vegetables,methyl 2-methylpropanoate (=methyl isobutyrate),Esters,,
POTATO (French fried),POTATO (Solanum tuberosum L.),Vegetables,"2,2,4-trimethyl-1,3-pentanediol bis(2-methylpropanoate)",Esters,,
POTATO (French fried),POTATO (Solanum tuberosum L.),Vegetables,methyl hexadecanoate (=methyl palmitate),Esters,,
POTATO (French fried),POTATO (Solanum tuberosum L.),Vegetables,diisobutyl hexanedioate (=(di-)isobutyl adipate),Esters,,
POTATO (French fried),POTATO (Solanum tuberosum L.),Vegetables,diethyl phthalate,Esters,,
POTATO (French fried),POTATO (Solanum tuberosum L.),Vegetables,"4-hydroxybutanoic acid lactone (=dihydro-2(3H)-furanone, 4-butanolide, γ-butyrolactone)",Lactones,,
POTATO (French fried),POTATO (Solanum tuberosum L.),Vegetables,"4-hydroxyhexanoic acid lactone (=γ-hexalactone, γ-caprolactone, 4-hexanolide)",Lactones,,
POTATO (French fried),POTATO (Solanum tuberosum L.),Vegetables,cis-4-hydroxy-3-methyldecanoic acid lactone,Lactones,,
POTATO (French fried),POTATO (Solanum tuberosum L.),Vegetables,cyclohexylamine,Bases,,
POTATO (French fried),POTATO (Solanum tuberosum L.),Vegetables,pyrrole,Bases,,
POTATO (French fried),POTATO (Solanum tuberosum L.),Vegetables,2-acetylpyrrole (=methyl 2-pyrrolyl ketone),Bases,,
POTATO (French fried),POTATO (Solanum tuberosum L.),Vegetables,indole,Bases,,
POTATO (French fried),POTATO (Solanum tuberosum L.),Vegetables,pyridine,Bases,,
POTATO (French fried),POTATO (Solanum tuberosum L.),Vegetables,2-ethylpyridine,Bases,,
POTATO (French fried),POTATO (Solanum tuberosum L.),Vegetables,2-butylpyridine,Bases,,
POTATO (French fried),POTATO (Solanum tuberosum L.),Vegetables,2-heptylpyridine,Bases,,
POTATO (French fried),POTATO (Solanum tuberosum L.),Vegetables,5-butyl-2-methylpyridine,Bases,,
POTATO (French fried),POTATO (Solanum tuberosum L.),Vegetables,2-pentyl-6-propylpyridine,Bases,,
POTATO (French fried),POTATO (Solanum tuberosum L.),Vegetables,2-acetylpyridine,Bases,,
POTATO (French fried),POTATO (Solanum tuberosum L.),Vegetables,pyrazine,Bases,,
POTATO (French fried),POTATO (Solanum tuberosum L.),Vegetables,methylpyrazine,Bases,,
POTATO (French fried),POTATO (Solanum tuberosum L.),Vegetables,ethylpyrazine,Bases,,
POTATO (French fried),POTATO (Solanum tuberosum L.),Vegetables,vinylpyrazine,Bases,,
POTATO (French fried),POTATO (Solanum tuberosum L.),Vegetables,"2,3-dimethylpyrazine",Bases,,
POTATO (French fried),POTATO (Solanum tuberosum L.),Vegetables,"2,5-dimethylpyrazine",Bases,,
POTATO (French fried),POTATO (Solanum tuberosum L.),Vegetables,"2,6-dimethylpyrazine",Bases,,
POTATO (French fried),POTATO (Solanum tuberosum L.),Vegetables,2-ethyl-5-methylpyrazine,Bases,,
POTATO (French fried),POTATO (Solanum tuberosum L.),Vegetables,2-methyl-3-vinylpyrazine,Bases,,
POTATO (French fried),POTATO (Solanum tuberosum L.),Vegetables,2-methyl-5-vinylpyrazine,Bases,,
POTATO (French fried),POTATO (Solanum tuberosum L.),Vegetables,2-methyl-6-vinylpyrazine,Bases,,
POTATO (French fried),POTATO (Solanum tuberosum L.),Vegetables,2-methyl-6-(1-propenyl)pyrazine,Bases,,
POTATO (French fried),POTATO (Solanum tuberosum L.),Vegetables,2-isobutyl-3-methylpyrazine,Bases,,
POTATO (French fried),POTATO (Solanum tuberosum L.),Vegetables,2-methyl-5-pentylpyrazine,Bases,,
POTATO (French fried),POTATO (Solanum tuberosum L.),Vegetables,2-isopentyl-3-methylpyrazine,Bases,,
POTATO (French fried),POTATO (Solanum tuberosum L.),Vegetables,"2,5-diethylpyrazine",Bases,,
POTATO (French fried),POTATO (Solanum tuberosum L.),Vegetables,trimethylpyrazine,Bases,,
POTATO (French fried),POTATO (Solanum tuberosum L.),Vegetables,"5-ethyl-2,3-dimethylpyrazine",Bases,,
POTATO (French fried),POTATO (Solanum tuberosum L.),Vegetables,"3-ethyl-2,5-dimethylpyrazine",Bases,,
POTATO (French fried),POTATO (Solanum tuberosum L.),Vegetables,"2-butyl-3,5-dimethylpyrazine",Bases,,
POTATO (French fried),POTATO (Solanum tuberosum L.),Vegetables,"5-butyl-2,3-dimethylpyrazine",Bases,,
POTATO (French fried),POTATO (Solanum tuberosum L.),Vegetables,"3-isopentyl-2,5-dimethylpyrazine",Bases,,
POTATO (French fried),POTATO (Solanum tuberosum L.),Vegetables,"2,3-diethyl-5-methylpyrazine",Bases,,
POTATO (French fried),POTATO (Solanum tuberosum L.),Vegetables,"2,5-diethyl-3-methylpyrazine",Bases,,
POTATO (French fried),POTATO (Solanum tuberosum L.),Vegetables,"3,5-diethyl-2-methylpyrazine",Bases,,
POTATO (French fried),POTATO (Solanum tuberosum L.),Vegetables,triethylpyrazine,Bases,,
POTATO (French fried),POTATO (Solanum tuberosum L.),Vegetables,tetramethylpyrazine,Bases,,
POTATO (French fried),POTATO (Solanum tuberosum L.),Vegetables,ethyl-trimethylpyrazine,Bases,,
POTATO (French fried),POTATO (Solanum tuberosum L.),Vegetables,trimethyl-pentylpyrazine,Bases,,
POTATO (French fried),POTATO (Solanum tuberosum L.),Vegetables,2-acetyl-3-methylpyrazine,Bases,,
POTATO (French fried),POTATO (Solanum tuberosum L.),Vegetables,"6,7-dihydro-2-methyl-5H-cyclopentapyrazine",Bases,,
POTATO (French fried),POTATO (Solanum tuberosum L.),Vegetables,methyl pentyl sulfide,Sulfur compounds,,
POTATO (French fried),POTATO (Solanum tuberosum L.),Vegetables,5-ethylfurfuryl methyl sulfide,Sulfur compounds,,
POTATO (French fried),POTATO (Solanum tuberosum L.),Vegetables,dimethyl disulfide (=methyldithiomethane),Sulfur compounds,,
POTATO (French fried),POTATO (Solanum tuberosum L.),Vegetables,methyl propyl disulfide,Sulfur compounds,,
POTATO (French fried),POTATO (Solanum tuberosum L.),Vegetables,diisopropyl disulfide,Sulfur compounds,,
POTATO (French fried),POTATO (Solanum tuberosum L.),Vegetables,diisobutyl disulfide,Sulfur compounds,,
POTATO (French fried),POTATO (Solanum tuberosum L.),Vegetables,dibutyl disulfide,Sulfur compounds,,
POTATO (French fried),POTATO (Solanum tuberosum L.),Vegetables,"dimethyl trisulfide (=2,3,4-trithiapentane, methyltrithiomethane)",Sulfur compounds,,
POTATO (French fried),POTATO (Solanum tuberosum L.),Vegetables,methyl propyl trisulfide,Sulfur compounds,,
POTATO (French fried),POTATO (Solanum tuberosum L.),Vegetables,dimethyl tetrasulfide (=methyltetrathiomethane),Sulfur compounds,,
POTATO (French fried),POTATO (Solanum tuberosum L.),Vegetables,3-(methylthio)propanal (=methional),Sulfur compounds,,
POTATO (French fried),POTATO (Solanum tuberosum L.),Vegetables,3-(methylthio)butanal,Sulfur compounds,,
POTATO (French fried),POTATO (Solanum tuberosum L.),Vegetables,3-(methylthio)heptanal,Sulfur compounds,,
POTATO (French fried),POTATO (Solanum tuberosum L.),Vegetables,methyl propanethioate,Sulfur compounds,,
POTATO (French fried),POTATO (Solanum tuberosum L.),Vegetables,2-propylthiophene,Sulfur compounds,,
POTATO (French fried),POTATO (Solanum tuberosum L.),Vegetables,2-butylthiophene,Sulfur compounds,,
POTATO (French fried),POTATO (Solanum tuberosum L.),Vegetables,butylthiophene (unkn.str.),Sulfur compounds,,
POTATO (French fried),POTATO (Solanum tuberosum L.),Vegetables,2-pentylthiophene,Sulfur compounds,,
POTATO (French fried),POTATO (Solanum tuberosum L.),Vegetables,2-heptylthiophene,Sulfur compounds,,
POTATO (French fried),POTATO (Solanum tuberosum L.),Vegetables,"2,4-dimethylthiophene",Sulfur compounds,,
POTATO (French fried),POTATO (Solanum tuberosum L.),Vegetables,2-ethyl-5-pentylthiophene,Sulfur compounds,,
POTATO (French fried),POTATO (Solanum tuberosum L.),Vegetables,"2,5-diisopropylthiophene",Sulfur compounds,,
POTATO (French fried),POTATO (Solanum tuberosum L.),Vegetables,"2,5-di-sec-butylthiophene",Sulfur compounds,,
POTATO (French fried),POTATO (Solanum tuberosum L.),Vegetables,5-methyl-2-thiophenecarbaldehyde,Sulfur compounds,,
POTATO (French fried),POTATO (Solanum tuberosum L.),Vegetables,2-acetylthiophene,Sulfur compounds,,
POTATO (French fried),POTATO (Solanum tuberosum L.),Vegetables,2-acetyl-5-propylthiophene,Sulfur compounds,,
POTATO (French fried),POTATO (Solanum tuberosum L.),Vegetables,5-ethyl-2-propanoylthiophene,Sulfur compounds,,
POTATO (French fried),POTATO (Solanum tuberosum L.),Vegetables,2-ethyl-5-pentanoylthiophene,Sulfur compounds,,
POTATO (French fried),POTATO (Solanum tuberosum L.),Vegetables,2-propylthiazole,Sulfur compounds,,
POTATO (French fried),POTATO (Solanum tuberosum L.),Vegetables,2-nonylthiazole,Sulfur compounds,,
POTATO (French fried),POTATO (Solanum tuberosum L.),Vegetables,2-isopropyl-4-methylthiazole,Sulfur compounds,,
POTATO (French fried),POTATO (Solanum tuberosum L.),Vegetables,2-isopropyl-5-methylthiazole,Sulfur compounds,,
POTATO (French fried),POTATO (Solanum tuberosum L.),Vegetables,2-butyl-4-propylthiazole,Sulfur compounds,,
POTATO (French fried),POTATO (Solanum tuberosum L.),Vegetables,2-pentyl-5-propylthiazole,Sulfur compounds,,
POTATO (French fried),POTATO (Solanum tuberosum L.),Vegetables,"2,4,5-trimethylthiazole",Sulfur compounds,,
POTATO (French fried),POTATO (Solanum tuberosum L.),Vegetables,"2-ethyl-4,5-dimethylthiazole",Sulfur compounds,,
POTATO (French fried),POTATO (Solanum tuberosum L.),Vegetables,"4,5-dimethyl-2-propylthiazole",Sulfur compounds,,
POTATO (French fried),POTATO (Solanum tuberosum L.),Vegetables,"2-isopropyl-4,5-dimethylthiazole",Sulfur compounds,,
POTATO (French fried),POTATO (Solanum tuberosum L.),Vegetables,"2-butyl-4,5-dimethylthiazole",Sulfur compounds,,
POTATO (French fried),POTATO (Solanum tuberosum L.),Vegetables,"5-butyl-2,4-dimethylthiazole",Sulfur compounds,,
POTATO (French fried),POTATO (Solanum tuberosum L.),Vegetables,"2-isobutyl-4,5-dimethylthiazole",Sulfur compounds,,
POTATO (French fried),POTATO (Solanum tuberosum L.),Vegetables,"2,4-dimethyl-5-pentylthiazole",Sulfur compounds,,
POTATO (French fried),POTATO (Solanum tuberosum L.),Vegetables,"4,5-dimethyl-2-pentylthiazole",Sulfur compounds,,
POTATO (French fried),POTATO (Solanum tuberosum L.),Vegetables,"2-hexyl-4,5-dimethylthiazole",Sulfur compounds,,
POTATO (French fried),POTATO (Solanum tuberosum L.),Vegetables,"2-heptyl-4,5-dimethylthiazole",Sulfur compounds,,
POTATO (French fried),POTATO (Solanum tuberosum L.),Vegetables,"4,5-dimethyl-2-octylthiazole",Sulfur compounds,,
POTATO (French fried),POTATO (Solanum tuberosum L.),Vegetables,"2,4-diethyl-5-propylthiazole",Sulfur compounds,,
POTATO (French fried),POTATO (Solanum tuberosum L.),Vegetables,"4-ethyl-2,5-dipropylthiazole",Sulfur compounds,,
POTATO (French fried),POTATO (Solanum tuberosum L.),Vegetables,4-ethyl-2-isopropyl-5-methylthiazole,Sulfur compounds,,
POTATO (French fried),POTATO (Solanum tuberosum L.),Vegetables,2-butyl-5-ethyl-4-methylthiazole,Sulfur compounds,,
POTATO (French fried),POTATO (Solanum tuberosum L.),Vegetables,2-butyl-5-methyl-4-propylthiazole,Sulfur compounds,,
POTATO (French fried),POTATO (Solanum tuberosum L.),Vegetables,4-ethyl-2-heptyl-5-methylthiazole,Sulfur compounds,,
POTATO (French fried),POTATO (Solanum tuberosum L.),Vegetables,5-ethyl-2-hexyl-4-methylthiazole,Sulfur compounds,,
POTATO (French fried),POTATO (Solanum tuberosum L.),Vegetables,5-ethyl-4-methyl-2-octylthiazole,Sulfur compounds,,
POTATO (French fried),POTATO (Solanum tuberosum L.),Vegetables,benzothiazole,Sulfur compounds,,
POTATO (French fried),POTATO (Solanum tuberosum L.),Vegetables,2-propylbenzothiazole,Sulfur compounds,,
POTATO (French fried),POTATO (Solanum tuberosum L.),Vegetables,2-butylbenzothiazole,Sulfur compounds,,
POTATO (French fried),POTATO (Solanum tuberosum L.),Vegetables,2-pentylbenzothiazole,Sulfur compounds,,
POTATO (French fried),POTATO (Solanum tuberosum L.),Vegetables,2-isopentylbenzothiazole,Sulfur compounds,,
POTATO (French fried),POTATO (Solanum tuberosum L.),Vegetables,2-hexylbenzothiazole,Sulfur compounds,,
POTATO (French fried),POTATO (Solanum tuberosum L.),Vegetables,2-heptylbenzothiazole,Sulfur compounds,,
POTATO (French fried),POTATO (Solanum tuberosum L.),Vegetables,2-octylbenzothiazole,Sulfur compounds,,
POTATO (French fried),POTATO (Solanum tuberosum L.),Vegetables,2-nonylbenzothiazole,Sulfur compounds,,
POTATO (French fried),POTATO (Solanum tuberosum L.),Vegetables,ethyl isopropyl ether,Ethers,,
POTATO (French fried),POTATO (Solanum tuberosum L.),Vegetables,"2,2'-oxybisethanol (=diethylene glycol)",Ethers,,
POTATO (French fried),POTATO (Solanum tuberosum L.),Vegetables,4-chloro-3-methylphenol,Halogens,,
POTATO (French fried),POTATO (Solanum tuberosum L.),Vegetables,hexanenitrile,Nitriles and amides,,
POTATO (French fried),POTATO (Solanum tuberosum L.),Vegetables,heptanenitrile,Nitriles and amides,,
POTATO (French fried),POTATO (Solanum tuberosum L.),Vegetables,nonanenitrile,Nitriles and amides,,
POTATO (French fried),POTATO (Solanum tuberosum L.),Vegetables,"N,N-dibutylformamide",Nitriles and amides,,
POTATO (French fried),POTATO (Solanum tuberosum L.),Vegetables,"N,N-diethylacetamide",Nitriles and amides,,
POTATO (French fried),POTATO (Solanum tuberosum L.),Vegetables,"N,N-dibutylacetamide",Nitriles and amides,,
POTATO (French fried),POTATO (Solanum tuberosum L.),Vegetables,3-methylbutanamide (=isovaleramide),Nitriles and amides,,
POTATO (French fried),POTATO (Solanum tuberosum L.),Vegetables,phenol (=hydroxybenzene),Phenols,,
POTATO (French fried),POTATO (Solanum tuberosum L.),Vegetables,4-isopropylphenol,Phenols,,
POTATO (French fried),POTATO (Solanum tuberosum L.),Vegetables,carvacrol (=5-isopropyl-2-methylphenol),Phenols,,
POTATO (French fried),POTATO (Solanum tuberosum L.),Vegetables,"2,6-di-tert-butyl-4-methyl-phenol (=B.H.T.)",Phenols,,
POTATO (French fried),POTATO (Solanum tuberosum L.),Vegetables,2-naphthol,Phenols,,
POTATO (French fried),POTATO (Solanum tuberosum L.),Vegetables,2-butyltetrahydrofuran,Furans,,
POTATO (French fried),POTATO (Solanum tuberosum L.),Vegetables,2-propylfuran,Furans,,
POTATO (French fried),POTATO (Solanum tuberosum L.),Vegetables,2-allylfuran,Furans,,
POTATO (French fried),POTATO (Solanum tuberosum L.),Vegetables,2-butylfuran,Furans,,
POTATO (French fried),POTATO (Solanum tuberosum L.),Vegetables,2-pentylfuran,Furans,,
POTATO (French fried),POTATO (Solanum tuberosum L.),Vegetables,2-hexylfuran,Furans,,
POTATO (French fried),POTATO (Solanum tuberosum L.),Vegetables,2-heptylfuran,Furans,,
POTATO (French fried),POTATO (Solanum tuberosum L.),Vegetables,2-octylfuran,Furans,,
POTATO (French fried),POTATO (Solanum tuberosum L.),Vegetables,"furfural (=2-formylfuran, 2-furancarbaldehyde, 2-furaldehyde)",Furans,,
POTATO (French fried),POTATO (Solanum tuberosum L.),Vegetables,5-methylfurfural,Furans,,
POTATO (French fried),POTATO (Solanum tuberosum L.),Vegetables,(Z)-6-(2-furyl)-4-hexenal,Furans,,
POTATO (French fried),POTATO (Solanum tuberosum L.),Vegetables,(E)-6-(2-furyl)-4-hexenal,Furans,,
POTATO (French fried),POTATO (Solanum tuberosum L.),Vegetables,2-methyldihydro-3(2H)-furanone,Furans,,
POTATO (French fried),POTATO (Solanum tuberosum L.),Vegetables,"2-acetylfuran (=2-furyl methyl ketone, 1-(2-furyl)ethanone)",Furans,,
POTATO (French fried),POTATO (Solanum tuberosum L.),Vegetables,2-acetyl-5-methylfuran,Furans,,
POTATO (French fried),POTATO (Solanum tuberosum L.),Vegetables,2-propanoylfuran,Furans,,
POTATO (French fried),POTATO (Solanum tuberosum L.),Vegetables,2-hexanoylfuran,Furans,,
POTATO (French fried),POTATO (Solanum tuberosum L.),Vegetables,"7-(2-furyl)-2,3-heptanedione",Furans,,
POTATO (French fried),POTATO (Solanum tuberosum L.),Vegetables,"furfuryl alcohol (=(2-furyl)-methanol, 2-furanmethanol)",Furans,,
POTATO (French fried),POTATO (Solanum tuberosum L.),Vegetables,"3,4-dihydro-2H-pyran-2-carbaldehyde","(Ep)oxides, pyrans, coumarins",,
POTATO (French fried),POTATO (Solanum tuberosum L.),Vegetables,"2-methyl-1,3,6-trioxocane","(Ep)oxides, pyrans, coumarins",,
POTATO (French fried),POTATO (Solanum tuberosum L.),Vegetables,"2,4-dimethyloxazole",Oxazol(in)es,,
POTATO (French fried),POTATO (Solanum tuberosum L.),Vegetables,4-ethyl-2-methyloxazole,Oxazol(in)es,,
POTATO (French fried),POTATO (Solanum tuberosum L.),Vegetables,4-butyl-2-methyloxazole,Oxazol(in)es,,
POTATO (French fried),POTATO (Solanum tuberosum L.),Vegetables,2-methyl-4-pentyloxazole,Oxazol(in)es,,
POTATO (French fried),POTATO (Solanum tuberosum L.),Vegetables,4-methyl-2-pentyloxazole,Oxazol(in)es,,
POTATO (French fried),POTATO (Solanum tuberosum L.),Vegetables,methyl-pentyloxazole (unkn.str.),Oxazol(in)es,,
POTATO (French fried),POTATO (Solanum tuberosum L.),Vegetables,trimethyloxazole,Oxazol(in)es,,
POTATO (French fried),POTATO (Solanum tuberosum L.),Vegetables,"5-ethyl-2,4-dimethyloxazole",Oxazol(in)es,,
POTATO (French fried),POTATO (Solanum tuberosum L.),Vegetables,"4-ethyl-2,5-dimethyloxazole",Oxazol(in)es,,
POTATO (French fried),POTATO (Solanum tuberosum L.),Vegetables,"2-ethyl-4,5-dimethyloxazole",Oxazol(in)es,,
POTATO (French fried),POTATO (Solanum tuberosum L.),Vegetables,"2,4-dimethyl-5-propyloxazole",Oxazol(in)es,,
POTATO (French fried),POTATO (Solanum tuberosum L.),Vegetables,"2-isopropyl-4,5-dimethyloxazole",Oxazol(in)es,,
POTATO (French fried),POTATO (Solanum tuberosum L.),Vegetables,"2-isobutyl-4,5-dimethyloxazole",Oxazol(in)es,,
POTATO (French fried),POTATO (Solanum tuberosum L.),Vegetables,"2-butyl-4,5-dimethyloxazole",Oxazol(in)es,,
POTATO (French fried),POTATO (Solanum tuberosum L.),Vegetables,"4-butyl-2,5-dimethyloxazole",Oxazol(in)es,,
POTATO (French fried),POTATO (Solanum tuberosum L.),Vegetables,"5-butyl-2,4-dimethyloxazole",Oxazol(in)es,,
POTATO (French fried),POTATO (Solanum tuberosum L.),Vegetables,"4,5-dimethyl-2-pentyloxazole",Oxazol(in)es,,
POTATO (French fried),POTATO (Solanum tuberosum L.),Vegetables,"2,4-diethyl-5-propyloxazole",Oxazol(in)es,,
POTATO (French fried),POTATO (Solanum tuberosum L.),Vegetables,"2-butyl-4,5-diethyloxazole",Oxazol(in)es,,
POTATO (French fried),POTATO (Solanum tuberosum L.),Vegetables,2-ethyl-4-methyl-5-propyloxazole,Oxazol(in)es,,
POTATO (French fried),POTATO (Solanum tuberosum L.),Vegetables,4-ethyl-2-methyl-5-propyloxazole,Oxazol(in)es,,
POTATO (French fried),POTATO (Solanum tuberosum L.),Vegetables,5-ethyl-2-isopropyl-4-methyl-oxazole,Oxazol(in)es,,
POTATO (French fried),POTATO (Solanum tuberosum L.),Vegetables,4-ethyl-2-isobutyl-5-methyl-oxazole,Oxazol(in)es,,
POTATO (French fried),POTATO (Solanum tuberosum L.),Vegetables,2-butyl-5-methyl-4-propyloxazole,Oxazol(in)es,,
POTATO (French fried),POTATO (Solanum tuberosum L.),Vegetables,5-ethyl-4-methyl-2-pentyloxazole,Oxazol(in)es,,
POTATO (French fried),POTATO (Solanum tuberosum L.),Vegetables,"2-hexyl-4,5-dimethyloxazole",Oxazol(in)es,,
POTATO (French fried),POTATO (Solanum tuberosum L.),Vegetables,"4,5-diethyl-2-pentyloxazole",Oxazol(in)es,,
POTATO (French fried),POTATO (Solanum tuberosum L.),Vegetables,5-ethyl-2-hexyl-4-methyloxazole,Oxazol(in)es,,
POTATO (French fried),POTATO (Solanum tuberosum L.),Vegetables,"2-pentyl-4,5-dipropyloxazole",Oxazol(in)es,,
POTATO (cooked or boiled),POTATO (Solanum tuberosum L.),Vegetables,limonene,Hydrocarbons,,
POTATO (cooked or boiled),POTATO (Solanum tuberosum L.),Vegetables,α-pinene,Hydrocarbons,,
POTATO (cooked or boiled),POTATO (Solanum tuberosum L.),Vegetables,β-pinene,Hydrocarbons,,
POTATO (cooked or boiled),POTATO (Solanum tuberosum L.),Vegetables,3-carene,Hydrocarbons,,
POTATO (cooked or boiled),POTATO (Solanum tuberosum L.),Vegetables,benzene,Hydrocarbons,,
POTATO (cooked or boiled),POTATO (Solanum tuberosum L.),Vegetables,methylbenzene (=toluene),Hydrocarbons,,
POTATO (cooked or boiled),POTATO (Solanum tuberosum L.),Vegetables,"1,2-dimethylbenzene (=o-xylene)",Hydrocarbons,,
POTATO (cooked or boiled),POTATO (Solanum tuberosum L.),Vegetables,"1,3-dimethylbenzene (=m-xylene)",Hydrocarbons,,
POTATO (cooked or boiled),POTATO (Solanum tuberosum L.),Vegetables,"1,4-dimethylbenzene (=p-xylene)",Hydrocarbons,,
POTATO (cooked or boiled),POTATO (Solanum tuberosum L.),Vegetables,dimethylbenzene (unkn.str.) (=xylene (unkn.str.)),Hydrocarbons,,
POTATO (cooked or boiled),POTATO (Solanum tuberosum L.),Vegetables,"1,2,3-trimethylbenzene (=hemimellitene)",Hydrocarbons,,
POTATO (cooked or boiled),POTATO (Solanum tuberosum L.),Vegetables,"1,3,5-trimethylbenzene (=mesitylene)",Hydrocarbons,,
POTATO (cooked or boiled),POTATO (Solanum tuberosum L.),Vegetables,"1,2,3,5-tetramethylbenzene",Hydrocarbons,,
POTATO (cooked or boiled),POTATO (Solanum tuberosum L.),Vegetables,methanol,Alcohols,,
POTATO (cooked or boiled),POTATO (Solanum tuberosum L.),Vegetables,"2-buten-1-ol (=crotyl alcohol, crotonyl alcohol)",Alcohols,,
POTATO (cooked or boiled),POTATO (Solanum tuberosum L.),Vegetables,2-methyl-1-butanol (=active amyl alcohol),Alcohols,,
POTATO (cooked or boiled),POTATO (Solanum tuberosum L.),Vegetables,3-methyl-1-butanol (=isoamyl alcohol),Alcohols,0.002,0.002
POTATO (cooked or boiled),POTATO (Solanum tuberosum L.),Vegetables,1-pentanol (=amyl alcohol),Alcohols,0.0039,0.0039
POTATO (cooked or boiled),POTATO (Solanum tuberosum L.),Vegetables,1-hexanol,Alcohols,0.004,0.004
POTATO (cooked or boiled),POTATO (Solanum tuberosum L.),Vegetables,2-hexen-1-ol,Alcohols,,
POTATO (cooked or boiled),POTATO (Solanum tuberosum L.),Vegetables,2-heptanol,Alcohols,,
POTATO (cooked or boiled),POTATO (Solanum tuberosum L.),Vegetables,1-octanol,Alcohols,0.0003,0.0003
POTATO (cooked or boiled),POTATO (Solanum tuberosum L.),Vegetables,2-octen-1-ol,Alcohols,0.0007,0.0007
POTATO (cooked or boiled),POTATO (Solanum tuberosum L.),Vegetables,1-octen-3-ol,Alcohols,0.0036,0.0036
POTATO (cooked or boiled),POTATO (Solanum tuberosum L.),Vegetables,linalool,Alcohols,,
POTATO (cooked or boiled),POTATO (Solanum tuberosum L.),Vegetables,benzyl alcohol (=benzenemethanol),Alcohols,,
POTATO (cooked or boiled),POTATO (Solanum tuberosum L.),Vegetables,2-phenylethanol (=phenethyl alcohol),Alcohols,,
POTATO (cooked or boiled),POTATO (Solanum tuberosum L.),Vegetables,acetaldehyde (=ethanal),"Carbonyls, aldehydes",,
POTATO (cooked or boiled),POTATO (Solanum tuberosum L.),Vegetables,propanal (=propionaldehyde),"Carbonyls, aldehydes",,
POTATO (cooked or boiled),POTATO (Solanum tuberosum L.),Vegetables,2-propenal (=acrolein),"Carbonyls, aldehydes",,
POTATO (cooked or boiled),POTATO (Solanum tuberosum L.),Vegetables,"2-methylpropanal (=isobutanal, isobutyraldehyde)","Carbonyls, aldehydes",,
POTATO (cooked or boiled),POTATO (Solanum tuberosum L.),Vegetables,2-methyl-2-propenal (=methacrolein),"Carbonyls, aldehydes",,
POTATO (cooked or boiled),POTATO (Solanum tuberosum L.),Vegetables,butanal (=butyraldehyde),"Carbonyls, aldehydes",,
POTATO (cooked or boiled),POTATO (Solanum tuberosum L.),Vegetables,2-methylbutanal (=α-methylbutanal),"Carbonyls, aldehydes",,
POTATO (cooked or boiled),POTATO (Solanum tuberosum L.),Vegetables,"3-methylbutanal (=isopentanal, isovaleraldehyde)","Carbonyls, aldehydes",,
POTATO (cooked or boiled),POTATO (Solanum tuberosum L.),Vegetables,pentanal (=valeraldehyde),"Carbonyls, aldehydes",,
POTATO (cooked or boiled),POTATO (Solanum tuberosum L.),Vegetables,2-pentenal,"Carbonyls, aldehydes",,
POTATO (cooked or boiled),POTATO (Solanum tuberosum L.),Vegetables,(E)-2-pentenal,"Carbonyls, aldehydes",0.0004,0.0004
POTATO (cooked or boiled),POTATO (Solanum tuberosum L.),Vegetables,hexanal (=capronaldehyde),"Carbonyls, aldehydes",0.06,0.06
POTATO (cooked or boiled),POTATO (Solanum tuberosum L.),Vegetables,(E)-2-hexenal (=leaf aldehyde),"Carbonyls, aldehydes",0.00045,0.00045
POTATO (cooked or boiled),POTATO (Solanum tuberosum L.),Vegetables,heptanal,"Carbonyls, aldehydes",0.0041,0.0041
POTATO (cooked or boiled),POTATO (Solanum tuberosum L.),Vegetables,(E)-2-heptenal,"Carbonyls, aldehydes",0.0025,0.0025
POTATO (cooked or boiled),POTATO (Solanum tuberosum L.),Vegetables,(Z)-4-heptenal,"Carbonyls, aldehydes",0.0002,0.0002
POTATO (cooked or boiled),POTATO (Solanum tuberosum L.),Vegetables,"2,4-heptadienal","Carbonyls, aldehydes",,
POTATO (cooked or boiled),POTATO (Solanum tuberosum L.),Vegetables,"(E,E)-2,4-heptadienal","Carbonyls, aldehydes",0.001,0.001
POTATO (cooked or boiled),POTATO (Solanum tuberosum L.),Vegetables,octanal (=caprylaldehyde),"Carbonyls, aldehydes",0.0023,0.0023
POTATO (cooked or boiled),POTATO (Solanum tuberosum L.),Vegetables,(E)-2-octenal,"Carbonyls, aldehydes",0.0015,0.0015
POTATO (cooked or boiled),POTATO (Solanum tuberosum L.),Vegetables,nonanal (=pelargonaldehyde),"Carbonyls, aldehydes",0.0081,0.0081
POTATO (cooked or boiled),POTATO (Solanum tuberosum L.),Vegetables,(E)-2-nonenal,"Carbonyls, aldehydes",0.0003,0.0003
POTATO (cooked or boiled),POTATO (Solanum tuberosum L.),Vegetables,"(E,E)-2,4-nonadienal","Carbonyls, aldehydes",0.0003,0.0003
POTATO (cooked or boiled),POTATO (Solanum tuberosum L.),Vegetables,"(E,Z)-2,6-nonadienal","Carbonyls, aldehydes",0.00015,0.00015
POTATO (cooked or boiled),POTATO (Solanum tuberosum L.),Vegetables,decanal (=capraldehyde),"Carbonyls, aldehydes",0.0034,0.0034
POTATO (cooked or boiled),POTATO (Solanum tuberosum L.),Vegetables,"(E,E)-2,4-decadienal","Carbonyls, aldehydes",0.0003,0.0003
POTATO (cooked or boiled),POTATO (Solanum tuberosum L.),Vegetables,benzaldehyde,"Carbonyls, aldehydes",0.0052,0.0052
POTATO (cooked or boiled),POTATO (Solanum tuberosum L.),Vegetables,ethylbenzaldehyde (unkn.str.),"Carbonyls, aldehydes",0.00035,0.00035
POTATO (cooked or boiled),POTATO (Solanum tuberosum L.),Vegetables,phenylacetaldehyde (=benzeneacetaldehyde),"Carbonyls, aldehydes",0.0019,0.0019
POTATO (cooked or boiled),POTATO (Solanum tuberosum L.),Vegetables,"acetone (=2-propanone, dimethyl ketone)","Carbonyls, ketones",,
POTATO (cooked or boiled),POTATO (Solanum tuberosum L.),Vegetables,3-methyl-2-butanone,"Carbonyls, ketones",,
POTATO (cooked or boiled),POTATO (Solanum tuberosum L.),Vegetables,3-hydroxy-2-butanone (=acetoin),"Carbonyls, ketones",0.0003,0.0003
POTATO (cooked or boiled),POTATO (Solanum tuberosum L.),Vegetables,"2,3-butanedione (=diacetyl)","Carbonyls, ketones",,
POTATO (cooked or boiled),POTATO (Solanum tuberosum L.),Vegetables,"2,3-pentanedione (=acetylpropionyl)","Carbonyls, ketones",0.0003,0.0003
POTATO (cooked or boiled),POTATO (Solanum tuberosum L.),Vegetables,2-heptanone,"Carbonyls, ketones",,
POTATO (cooked or boiled),POTATO (Solanum tuberosum L.),Vegetables,1-octen-3-one,"Carbonyls, ketones",0.0003,0.0003
POTATO (cooked or boiled),POTATO (Solanum tuberosum L.),Vegetables,"(E,E)-3,5-octadien-2-one","Carbonyls, ketones",0.0005,0.0005
POTATO (cooked or boiled),POTATO (Solanum tuberosum L.),Vegetables,"1,5-octadien-3-one","Carbonyls, ketones",trace,trace
POTATO (cooked or boiled),POTATO (Solanum tuberosum L.),Vegetables,(E)-2-nonen-4-one,"Carbonyls, ketones",,
POTATO (cooked or boiled),POTATO (Solanum tuberosum L.),Vegetables,2-decanone,"Carbonyls, ketones",,
POTATO (cooked or boiled),POTATO (Solanum tuberosum L.),Vegetables,2-undecanone,"Carbonyls, ketones",0.0002,0.0002
POTATO (cooked or boiled),POTATO (Solanum tuberosum L.),Vegetables,acetic acid,Acids,,
POTATO (cooked or boiled),POTATO (Solanum tuberosum L.),Vegetables,hexanoic acid (=caproic acid),Acids,0.0004,0.0004
POTATO (cooked or boiled),POTATO (Solanum tuberosum L.),Vegetables,phenylacetic acid,Acids,,
POTATO (cooked or boiled),POTATO (Solanum tuberosum L.),Vegetables,methyl 2-hydroxybenzoate (=methyl salicylate),Esters,,
POTATO (cooked or boiled),POTATO (Solanum tuberosum L.),Vegetables,pyridine,Bases,,
POTATO (cooked or boiled),POTATO (Solanum tuberosum L.),Vegetables,2-isopropyl-3-methoxypyrazine,Bases,trace,trace
POTATO (cooked or boiled),POTATO (Solanum tuberosum L.),Vegetables,methanethiol (=methyl mercaptan),Sulfur compounds,,
POTATO (cooked or boiled),POTATO (Solanum tuberosum L.),Vegetables,ethanethiol (=ethyl mercaptan),Sulfur compounds,,
POTATO (cooked or boiled),POTATO (Solanum tuberosum L.),Vegetables,hydrogen sulfide,Sulfur compounds,,
POTATO (cooked or boiled),POTATO (Solanum tuberosum L.),Vegetables,"dimethyl sulfide (=thiobismethane, methylthiomethane, methyl sulfide)",Sulfur compounds,,
POTATO (cooked or boiled),POTATO (Solanum tuberosum L.),Vegetables,dimethyl disulfide (=methyldithiomethane),Sulfur compounds,,
POTATO (cooked or boiled),POTATO (Solanum tuberosum L.),Vegetables,3-(methylthio)propanal (=methional),Sulfur compounds,,
POTATO (cooked or boiled),POTATO (Solanum tuberosum L.),Vegetables,"3,5-dimethyl-1,2,4-trithiolane",Sulfur compounds,,
POTATO (cooked or boiled),POTATO (Solanum tuberosum L.),Vegetables,dipropylthiazole (unkn.str.),Sulfur compounds,,
POTATO (cooked or boiled),POTATO (Solanum tuberosum L.),Vegetables,"2,4,5-trimethylthiazole",Sulfur compounds,,
POTATO (cooked or boiled),POTATO (Solanum tuberosum L.),Vegetables,ethyl-dimethylthiazole (unkn.str.),Sulfur compounds,,
POTATO (cooked or boiled),POTATO (Solanum tuberosum L.),Vegetables,"2-isopropyl-4,5-dimethylthiazole",Sulfur compounds,,
POTATO (cooked or boiled),POTATO (Solanum tuberosum L.),Vegetables,"2-isobutyl-4,5-dimethylthiazole",Sulfur compounds,,
POTATO (cooked or boiled),POTATO (Solanum tuberosum L.),Vegetables,5-ethyl-2-isopropyl-4-methylthiazole,Sulfur compounds,,
POTATO (cooked or boiled),POTATO (Solanum tuberosum L.),Vegetables,benzothiazole,Sulfur compounds,,
POTATO (cooked or boiled),POTATO (Solanum tuberosum L.),Vegetables,2-acetylthiazole,Sulfur compounds,,
POTATO (cooked or boiled),POTATO (Solanum tuberosum L.),Vegetables,"benzaldehyde, diethyl acetal",Acetals,,
POTATO (cooked or boiled),POTATO (Solanum tuberosum L.),Vegetables,diethyl ether,Ethers,,
POTATO (cooked or boiled),POTATO (Solanum tuberosum L.),Vegetables,"2-methoxy-1,3,5-trimethylbenzene",Phenols,,
POTATO (cooked or boiled),POTATO (Solanum tuberosum L.),Vegetables,furan,Furans,,
POTATO (cooked or boiled),POTATO (Solanum tuberosum L.),Vegetables,2-pentylfuran,Furans,0.0031,0.0031
POTATO (cooked or boiled),POTATO (Solanum tuberosum L.),Vegetables,"furfural (=2-formylfuran, 2-furancarbaldehyde, 2-furaldehyde)",Furans,0.004,0.004
POTATO (cooked or boiled),POTATO (Solanum tuberosum L.),Vegetables,"2-acetylfuran (=2-furyl methyl ketone, 1-(2-furyl)ethanone)",Furans,,
POTATO (cooked or boiled),POTATO (Solanum tuberosum L.),Vegetables,2-(2-oxopropyl)furan (=2-acetonylfuran),Furans,,
,CAPSICUM SPECIES,Vegetables,octane,Hydrocarbons,,
,CAPSICUM SPECIES,Vegetables,pentadecane,Hydrocarbons,,
,CAPSICUM SPECIES,Vegetables,hexadecane,Hydrocarbons,,
,CAPSICUM SPECIES,Vegetables,heptadecane,Hydrocarbons,,
,CAPSICUM SPECIES,Vegetables,(E)-β-ocimene,Hydrocarbons,0.2,0.9
,CAPSICUM SPECIES,Vegetables,β-myrcene (=myrcene),Hydrocarbons,,
,CAPSICUM SPECIES,Vegetables,α-phellandrene,Hydrocarbons,,
,CAPSICUM SPECIES,Vegetables,γ-terpinene,Hydrocarbons,,
,CAPSICUM SPECIES,Vegetables,terpinolene,Hydrocarbons,,
,CAPSICUM SPECIES,Vegetables,limonene,Hydrocarbons,0.2,0.2
,CAPSICUM SPECIES,Vegetables,α-pinene,Hydrocarbons,,
,CAPSICUM SPECIES,Vegetables,β-pinene,Hydrocarbons,,
,CAPSICUM SPECIES,Vegetables,camphene,Hydrocarbons,,
,CAPSICUM SPECIES,Vegetables,α-thujene,Hydrocarbons,,
,CAPSICUM SPECIES,Vegetables,sabinene (=4(10)-thujene),Hydrocarbons,,
,CAPSICUM SPECIES,Vegetables,3-carene,Hydrocarbons,,
,CAPSICUM SPECIES,Vegetables,β-caryophyllene,Hydrocarbons,,
,CAPSICUM SPECIES,Vegetables,α-copaene (=copaene),Hydrocarbons,,
,CAPSICUM SPECIES,Vegetables,methylbenzene (=toluene),Hydrocarbons,,
,CAPSICUM SPECIES,Vegetables,vinylbenzene (=styrene),Hydrocarbons,,
,CAPSICUM SPECIES,Vegetables,"1,4-dimethylbenzene (=p-xylene)",Hydrocarbons,0.006,0.006
,CAPSICUM SPECIES,Vegetables,dimethylbenzene (unkn.str.) (=xylene (unkn.str.)),Hydrocarbons,,
,CAPSICUM SPECIES,Vegetables,ethyl-methylbenzene (unkn.str.),Hydrocarbons,,
,CAPSICUM SPECIES,Vegetables,1-isopropyl-4-methylbenzene (=p-cymene),Hydrocarbons,,
,CAPSICUM SPECIES,Vegetables,diethylbenzene (unkn.str.),Hydrocarbons,,
,CAPSICUM SPECIES,Vegetables,trimethylbenzene (unkn.str.),Hydrocarbons,,
,CAPSICUM SPECIES,Vegetables,triethylbenzene (unkn.str.),Hydrocarbons,,
,CAPSICUM SPECIES,Vegetables,biphenyl,Hydrocarbons,0.06,0.06
,CAPSICUM SPECIES,Vegetables,naphthalene,Hydrocarbons,0.003,0.06
,CAPSICUM SPECIES,Vegetables,1-methylnaphthalene,Hydrocarbons,0.04,0.04
,CAPSICUM SPECIES,Vegetables,2-methylnaphthalene,Hydrocarbons,0.08,0.08
,CAPSICUM SPECIES,Vegetables,dimethylnaphthalene (unkn.str.),Hydrocarbons,,
,CAPSICUM SPECIES,Vegetables,acenaphthene,Hydrocarbons,,
,CAPSICUM SPECIES,Vegetables,2-methyl-1-butanol (=active amyl alcohol),Alcohols,,
,CAPSICUM SPECIES,Vegetables,3-methyl-1-butanol (=isoamyl alcohol),Alcohols,,
,CAPSICUM SPECIES,Vegetables,2-methyl-2-butanol (=tert-amyl alcohol),Alcohols,,
,CAPSICUM SPECIES,Vegetables,"2,3-butanediol (=2,3-butylene glycol)",Alcohols,,
,CAPSICUM SPECIES,Vegetables,1-pentanol (=amyl alcohol),Alcohols,,
,CAPSICUM SPECIES,Vegetables,4-methyl-1-pentanol,Alcohols,,
,CAPSICUM SPECIES,Vegetables,2-methyl-2-pentanol,Alcohols,,
,CAPSICUM SPECIES,Vegetables,3-methyl-2-pentanol,Alcohols,,
,CAPSICUM SPECIES,Vegetables,3-methyl-3-pentanol,Alcohols,,
,CAPSICUM SPECIES,Vegetables,1-hexanol,Alcohols,0.01,0.01
,CAPSICUM SPECIES,Vegetables,2-hexanol,Alcohols,,
,CAPSICUM SPECIES,Vegetables,3-hexanol,Alcohols,,
,CAPSICUM SPECIES,Vegetables,(E)-2-hexen-1-ol,Alcohols,0.02,0.02
,CAPSICUM SPECIES,Vegetables,(Z)-3-hexen-1-ol (=leaf alcohol),Alcohols,0.3,0.3
,CAPSICUM SPECIES,Vegetables,linalool,Alcohols,0.06,0.2
,CAPSICUM SPECIES,Vegetables,cyclopentanol,Alcohols,,
,CAPSICUM SPECIES,Vegetables,α-terpineol,Alcohols,,
,CAPSICUM SPECIES,Vegetables,4-terpineol (=terpinen-4-ol),Alcohols,,
,CAPSICUM SPECIES,Vegetables,2-methylbutanal (=α-methylbutanal),"Carbonyls, aldehydes",,
,CAPSICUM SPECIES,Vegetables,"3-methylbutanal (=isopentanal, isovaleraldehyde)","Carbonyls, aldehydes",,
,CAPSICUM SPECIES,Vegetables,hexanal (=capronaldehyde),"Carbonyls, aldehydes",0.006,0.01
,CAPSICUM SPECIES,Vegetables,(E)-2-hexenal (=leaf aldehyde),"Carbonyls, aldehydes",0.004,0.006
,CAPSICUM SPECIES,Vegetables,(Z)-3-hexenal,"Carbonyls, aldehydes",0.003,0.003
,CAPSICUM SPECIES,Vegetables,(E)-2-heptenal,"Carbonyls, aldehydes",0.005,0.005
,CAPSICUM SPECIES,Vegetables,"(E,Z)-2,6-nonadienal","Carbonyls, aldehydes",0.06,0.1
,CAPSICUM SPECIES,Vegetables,"(E,Z)-2,4-decadienal","Carbonyls, aldehydes",0.004,0.01
,CAPSICUM SPECIES,Vegetables,"(E,E)-2,4-decadienal","Carbonyls, aldehydes",0.01,0.04
,CAPSICUM SPECIES,Vegetables,benzaldehyde,"Carbonyls, aldehydes",0.02,0.2
,CAPSICUM SPECIES,Vegetables,phenylacetaldehyde (=benzeneacetaldehyde),"Carbonyls, aldehydes",0.01,0.01
,CAPSICUM SPECIES,Vegetables,2-butanone (=ethyl methyl ketone),"Carbonyls, ketones",,
,CAPSICUM SPECIES,Vegetables,4-methyl-3-penten-2-one (=mesityl oxide),"Carbonyls, ketones",,
,CAPSICUM SPECIES,Vegetables,2-hexanone,"Carbonyls, ketones",,
,CAPSICUM SPECIES,Vegetables,2-heptanone,"Carbonyls, ketones",0.04,0.04
,CAPSICUM SPECIES,Vegetables,(E)-3-hepten-2-one,"Carbonyls, ketones",0.006,0.05
,CAPSICUM SPECIES,Vegetables,2-octanone,"Carbonyls, ketones",,
,CAPSICUM SPECIES,Vegetables,1-nonen-4-one,"Carbonyls, ketones",0.004,0.04
,CAPSICUM SPECIES,Vegetables,2-nonen-4-one,"Carbonyls, ketones",0.3,0.3
,CAPSICUM SPECIES,Vegetables,(E)-2-nonen-4-one,"Carbonyls, ketones",0.01,0.01
,CAPSICUM SPECIES,Vegetables,"(E,E)-2,5-nonadien-4-one","Carbonyls, ketones",,
,CAPSICUM SPECIES,Vegetables,2-undecanone,"Carbonyls, ketones",,
,CAPSICUM SPECIES,Vegetables,"(E)-6,10-dimethyl-5,9-undecadien-2-one (=geranylacetone)","Carbonyls, ketones",,
,CAPSICUM SPECIES,Vegetables,cyclohexanone,"Carbonyls, ketones",,
,CAPSICUM SPECIES,Vegetables,4-methylacetophenone,"Carbonyls, ketones",,
,CAPSICUM SPECIES,Vegetables,(E)-β-ionone,"Carbonyls, ketones",,
,CAPSICUM SPECIES,Vegetables,"carvone (=p-6,8-menthadien-2-one)","Carbonyls, ketones",,
,CAPSICUM SPECIES,Vegetables,camphor (=alcanfor),"Carbonyls, ketones",,
,CAPSICUM SPECIES,Vegetables,thujone (=α-thujone),"Carbonyls, ketones",,
,CAPSICUM SPECIES,Vegetables,isothujone (=β-thujone),"Carbonyls, ketones",,
,CAPSICUM SPECIES,Vegetables,acetic acid,Acids,,
,CAPSICUM SPECIES,Vegetables,2-methylpropanoic acid (=isobutyric acid),Acids,,
,CAPSICUM SPECIES,Vegetables,butanoic acid (=butyric acid),Acids,,
,CAPSICUM SPECIES,Vegetables,2-methylbutanoic acid,Acids,,
,CAPSICUM SPECIES,Vegetables,3-methylbutanoic acid (=isovaleric acid),Acids,,
,CAPSICUM SPECIES,Vegetables,pentanoic acid (=valeric acid),Acids,,
,CAPSICUM SPECIES,Vegetables,4-methylpentanoic acid (=isocaproic acid),Acids,,
,CAPSICUM SPECIES,Vegetables,hexanoic acid (=caproic acid),Acids,,
,CAPSICUM SPECIES,Vegetables,heptanoic acid (=enanthic acid),Acids,,
,CAPSICUM SPECIES,Vegetables,octanoic acid (=caprylic acid),Acids,,
,CAPSICUM SPECIES,Vegetables,2-octenoic acid,Acids,,
,CAPSICUM SPECIES,Vegetables,7-methyloctanoic acid,Acids,,
,CAPSICUM SPECIES,Vegetables,nonanoic acid (=pelargonic acid),Acids,,
,CAPSICUM SPECIES,Vegetables,8-methylnonanoic acid,Acids,,
,CAPSICUM SPECIES,Vegetables,2-decenoic acid,Acids,,
,CAPSICUM SPECIES,Vegetables,ethyl acetate,Esters,0.03,0.03
,CAPSICUM SPECIES,Vegetables,phenethyl acetate,Esters,,
,CAPSICUM SPECIES,Vegetables,4-methylpentyl 2-methylpropanoate,Esters,,
,CAPSICUM SPECIES,Vegetables,4-methylpentyl 2-methylbutanoate,Esters,,
,CAPSICUM SPECIES,Vegetables,ethyl 3-methylbutanoate (=ethyl isovalerate),Esters,,
,CAPSICUM SPECIES,Vegetables,"isopentyl 3-methylbutanoate (=3-methylbutyl 3-methylbutanoate, isoamyl isovalerate)",Esters,,
,CAPSICUM SPECIES,Vegetables,3-methylpentyl 3-methylbutanoate,Esters,,
,CAPSICUM SPECIES,Vegetables,4-methylpentyl 3-methylbutanoate,Esters,,
,CAPSICUM SPECIES,Vegetables,hexyl 3-methylbutanoate (=hexyl isovalerate),Esters,,
,CAPSICUM SPECIES,Vegetables,(Z)-3-hexenyl 3-methylbutanoate,Esters,,
,CAPSICUM SPECIES,Vegetables,methyl pentanoate,Esters,,
,CAPSICUM SPECIES,Vegetables,4-methylpentyl pentanoate,Esters,,
,CAPSICUM SPECIES,Vegetables,hexyl pentanoate,Esters,,
,CAPSICUM SPECIES,Vegetables,(Z)-3-hexenyl pentanoate,Esters,,
,CAPSICUM SPECIES,Vegetables,4-methylpentyl 4-methylpentanoate,Esters,,
,CAPSICUM SPECIES,Vegetables,5-methylhexyl 4-methylpentanoate,Esters,,
,CAPSICUM SPECIES,Vegetables,heptyl 4-methylpentanoate,Esters,,
,CAPSICUM SPECIES,Vegetables,methyl hexanoate,Esters,,
,CAPSICUM SPECIES,Vegetables,4-methylpentyl hexanoate,Esters,,
,CAPSICUM SPECIES,Vegetables,hexyl hexanoate,Esters,,
,CAPSICUM SPECIES,Vegetables,(Z)-3-hexenyl hexanoate,Esters,,
,CAPSICUM SPECIES,Vegetables,methyl heptanoate,Esters,,
,CAPSICUM SPECIES,Vegetables,methyl octanoate,Esters,,
,CAPSICUM SPECIES,Vegetables,ethyl octanoate (=ethyl caprylate),Esters,,
,CAPSICUM SPECIES,Vegetables,methyl nonanoate,Esters,,
,CAPSICUM SPECIES,Vegetables,methyl 8-methylnonanoate,Esters,,
,CAPSICUM SPECIES,Vegetables,methyl 8-methyl-6-nonenoate,Esters,,
,CAPSICUM SPECIES,Vegetables,methyl decanoate,Esters,,
,CAPSICUM SPECIES,Vegetables,methyl dodecanoate (=methyl laurate),Esters,,
,CAPSICUM SPECIES,Vegetables,ethyl dodecanoate (=ethyl laurate),Esters,,
,CAPSICUM SPECIES,Vegetables,methyl tetradecanoate (=methyl myristate),Esters,,
,CAPSICUM SPECIES,Vegetables,ethyl tetradecanoate (=ethyl myristate),Esters,,
,CAPSICUM SPECIES,Vegetables,methyl hexadecanoate (=methyl palmitate),Esters,,
,CAPSICUM SPECIES,Vegetables,methyl octadecanoate (=methyl stearate),Esters,,
,CAPSICUM SPECIES,Vegetables,methyl 2-hydroxybenzoate (=methyl salicylate),Esters,0.2,0.2
,CAPSICUM SPECIES,Vegetables,ethyl 2-hydroxybenzoate (=ethyl salicylate),Esters,,
,CAPSICUM SPECIES,Vegetables,methyl phenylacetate,Esters,,
,CAPSICUM SPECIES,Vegetables,methyl 3-phenylpropanoate (=methyl hydrocinnamate),Esters,,
,CAPSICUM SPECIES,Vegetables,2-pentylpyridine,Bases,,
,CAPSICUM SPECIES,Vegetables,"2,3-dimethylpyrazine",Bases,,
,CAPSICUM SPECIES,Vegetables,2-ethyl-5-methylpyrazine,Bases,,
,CAPSICUM SPECIES,Vegetables,trimethylpyrazine,Bases,,
,CAPSICUM SPECIES,Vegetables,"5-ethyl-2,3-dimethylpyrazine",Bases,,
,CAPSICUM SPECIES,Vegetables,tetramethylpyrazine,Bases,,
,CAPSICUM SPECIES,Vegetables,2-isopropyl-3-methoxypyrazine,Bases,,
,CAPSICUM SPECIES,Vegetables,2-isobutyl-3-methoxypyrazine,Bases,0.09,0.12
,CAPSICUM SPECIES,Vegetables,2-(sec-butyl)-3-methoxypyrazine,Bases,,
,CAPSICUM SPECIES,Vegetables,"1,8-cineole (=eucalyptol)",Ethers,,
,CAPSICUM SPECIES,Vegetables,methoxynaphthalene (unkn.str.),Phenols,,
,CAPSICUM SPECIES,Vegetables,eugenol (=4-allyl-2-methoxyphenol),Phenols,,
,CAPSICUM SPECIES,Vegetables,2-ethylfuran,Furans,0.03,0.03
,CAPSICUM SPECIES,Vegetables,2-pentylfuran,Furans,0.02,0.05
,CAPSICUM SPECIES,Vegetables,"furfural (=2-formylfuran, 2-furancarbaldehyde, 2-furaldehyde)",Furans,0.005,0.005
,CAPSICUM SPECIES,Vegetables,5-methylfurfural,Furans,,
,CAPSICUM SPECIES,Vegetables,"2-acetylfuran (=2-furyl methyl ketone, 1-(2-furyl)ethanone)",Furans,,
"CAPSICUM ANNUUM (Bell pepper, sweet pepper)",CAPSICUM SPECIES,Vegetables,octane,Hydrocarbons,,
"CAPSICUM ANNUUM (Bell pepper, sweet pepper)",CAPSICUM SPECIES,Vegetables,hexadecane,Hydrocarbons,,
"CAPSICUM ANNUUM (Bell pepper, sweet pepper)",CAPSICUM SPECIES,Vegetables,heptadecane,Hydrocarbons,,
"CAPSICUM ANNUUM (Bell pepper, sweet pepper)",CAPSICUM SPECIES,Vegetables,(E)-β-ocimene,Hydrocarbons,0.2,0.9
"CAPSICUM ANNUUM (Bell pepper, sweet pepper)",CAPSICUM SPECIES,Vegetables,β-myrcene (=myrcene),Hydrocarbons,,
"CAPSICUM ANNUUM (Bell pepper, sweet pepper)",CAPSICUM SPECIES,Vegetables,α-phellandrene,Hydrocarbons,,
"CAPSICUM ANNUUM (Bell pepper, sweet pepper)",CAPSICUM SPECIES,Vegetables,γ-terpinene,Hydrocarbons,,
"CAPSICUM ANNUUM (Bell pepper, sweet pepper)",CAPSICUM SPECIES,Vegetables,terpinolene,Hydrocarbons,,
"CAPSICUM ANNUUM (Bell pepper, sweet pepper)",CAPSICUM SPECIES,Vegetables,limonene,Hydrocarbons,0.2,0.2
"CAPSICUM ANNUUM (Bell pepper, sweet pepper)",CAPSICUM SPECIES,Vegetables,α-pinene,Hydrocarbons,,
"CAPSICUM ANNUUM (Bell pepper, sweet pepper)",CAPSICUM SPECIES,Vegetables,β-pinene,Hydrocarbons,,
"CAPSICUM ANNUUM (Bell pepper, sweet pepper)",CAPSICUM SPECIES,Vegetables,camphene,Hydrocarbons,,
"CAPSICUM ANNUUM (Bell pepper, sweet pepper)",CAPSICUM SPECIES,Vegetables,α-thujene,Hydrocarbons,,
"CAPSICUM ANNUUM (Bell pepper, sweet pepper)",CAPSICUM SPECIES,Vegetables,sabinene (=4(10)-thujene),Hydrocarbons,,
"CAPSICUM ANNUUM (Bell pepper, sweet pepper)",CAPSICUM SPECIES,Vegetables,3-carene,Hydrocarbons,,
"CAPSICUM ANNUUM (Bell pepper, sweet pepper)",CAPSICUM SPECIES,Vegetables,β-caryophyllene,Hydrocarbons,,
"CAPSICUM ANNUUM (Bell pepper, sweet pepper)",CAPSICUM SPECIES,Vegetables,α-copaene (=copaene),Hydrocarbons,,
"CAPSICUM ANNUUM (Bell pepper, sweet pepper)",CAPSICUM SPECIES,Vegetables,methylbenzene (=toluene),Hydrocarbons,,
"CAPSICUM ANNUUM (Bell pepper, sweet pepper)",CAPSICUM SPECIES,Vegetables,vinylbenzene (=styrene),Hydrocarbons,,
"CAPSICUM ANNUUM (Bell pepper, sweet pepper)",CAPSICUM SPECIES,Vegetables,"1,4-dimethylbenzene (=p-xylene)",Hydrocarbons,0.006,0.006
"CAPSICUM ANNUUM (Bell pepper, sweet pepper)",CAPSICUM SPECIES,Vegetables,dimethylbenzene (unkn.str.) (=xylene (unkn.str.)),Hydrocarbons,,
"CAPSICUM ANNUUM (Bell pepper, sweet pepper)",CAPSICUM SPECIES,Vegetables,ethyl-methylbenzene (unkn.str.),Hydrocarbons,,
"CAPSICUM ANNUUM (Bell pepper, sweet pepper)",CAPSICUM SPECIES,Vegetables,1-isopropyl-4-methylbenzene (=p-cymene),Hydrocarbons,,
"CAPSICUM ANNUUM (Bell pepper, sweet pepper)",CAPSICUM SPECIES,Vegetables,diethylbenzene (unkn.str.),Hydrocarbons,,
"CAPSICUM ANNUUM (Bell pepper, sweet pepper)",CAPSICUM SPECIES,Vegetables,trimethylbenzene (unkn.str.),Hydrocarbons,,
"CAPSICUM ANNUUM (Bell pepper, sweet pepper)",CAPSICUM SPECIES,Vegetables,triethylbenzene (unkn.str.),Hydrocarbons,,
"CAPSICUM ANNUUM (Bell pepper, sweet pepper)",CAPSICUM SPECIES,Vegetables,biphenyl,Hydrocarbons,0.06,0.06
"CAPSICUM ANNUUM (Bell pepper, sweet pepper)",CAPSICUM SPECIES,Vegetables,naphthalene,Hydrocarbons,0.003,0.06
"CAPSICUM ANNUUM (Bell pepper, sweet pepper)",CAPSICUM SPECIES,Vegetables,1-methylnaphthalene,Hydrocarbons,0.04,0.04
"CAPSICUM ANNUUM (Bell pepper, sweet pepper)",CAPSICUM SPECIES,Vegetables,2-methylnaphthalene,Hydrocarbons,0.08,0.08
"CAPSICUM ANNUUM (Bell pepper, sweet pepper)",CAPSICUM SPECIES,Vegetables,dimethylnaphthalene (unkn.str.),Hydrocarbons,,
"CAPSICUM ANNUUM (Bell pepper, sweet pepper)",CAPSICUM SPECIES,Vegetables,acenaphthene,Hydrocarbons,,
"CAPSICUM ANNUUM (Bell pepper, sweet pepper)",CAPSICUM SPECIES,Vegetables,2-methyl-1-butanol (=active amyl alcohol),Alcohols,,
"CAPSICUM ANNUUM (Bell pepper, sweet pepper)",CAPSICUM SPECIES,Vegetables,2-methyl-2-butanol (=tert-amyl alcohol),Alcohols,,
"CAPSICUM ANNUUM (Bell pepper, sweet pepper)",CAPSICUM SPECIES,Vegetables,"2,3-butanediol (=2,3-butylene glycol)",Alcohols,,
"CAPSICUM ANNUUM (Bell pepper, sweet pepper)",CAPSICUM SPECIES,Vegetables,4-methyl-1-pentanol,Alcohols,,
"CAPSICUM ANNUUM (Bell pepper, sweet pepper)",CAPSICUM SPECIES,Vegetables,2-methyl-2-pentanol,Alcohols,,
"CAPSICUM ANNUUM (Bell pepper, sweet pepper)",CAPSICUM SPECIES,Vegetables,3-methyl-3-pentanol,Alcohols,,
"CAPSICUM ANNUUM (Bell pepper, sweet pepper)",CAPSICUM SPECIES,Vegetables,1-hexanol,Alcohols,0.01,0.01
"CAPSICUM ANNUUM (Bell pepper, sweet pepper)",CAPSICUM SPECIES,Vegetables,2-hexanol,Alcohols,,
"CAPSICUM ANNUUM (Bell pepper, sweet pepper)",CAPSICUM SPECIES,Vegetables,3-hexanol,Alcohols,,
"CAPSICUM ANNUUM (Bell pepper, sweet pepper)",CAPSICUM SPECIES,Vegetables,(E)-2-hexen-1-ol,Alcohols,0.02,0.02
"CAPSICUM ANNUUM (Bell pepper, sweet pepper)",CAPSICUM SPECIES,Vegetables,(Z)-3-hexen-1-ol (=leaf alcohol),Alcohols,0.3,0.3
"CAPSICUM ANNUUM (Bell pepper, sweet pepper)",CAPSICUM SPECIES,Vegetables,linalool,Alcohols,0.06,0.2
"CAPSICUM ANNUUM (Bell pepper, sweet pepper)",CAPSICUM SPECIES,Vegetables,α-terpineol,Alcohols,,
"CAPSICUM ANNUUM (Bell pepper, sweet pepper)",CAPSICUM SPECIES,Vegetables,4-terpineol (=terpinen-4-ol),Alcohols,,
"CAPSICUM ANNUUM (Bell pepper, sweet pepper)",CAPSICUM SPECIES,Vegetables,2-methylbutanal (=α-methylbutanal),"Carbonyls, aldehydes",,
"CAPSICUM ANNUUM (Bell pepper, sweet pepper)",CAPSICUM SPECIES,Vegetables,"3-methylbutanal (=isopentanal, isovaleraldehyde)","Carbonyls, aldehydes",,
"CAPSICUM ANNUUM (Bell pepper, sweet pepper)",CAPSICUM SPECIES,Vegetables,hexanal (=capronaldehyde),"Carbonyls, aldehydes",0.006,0.01
"CAPSICUM ANNUUM (Bell pepper, sweet pepper)",CAPSICUM SPECIES,Vegetables,(E)-2-hexenal (=leaf aldehyde),"Carbonyls, aldehydes",0.004,0.006
"CAPSICUM ANNUUM (Bell pepper, sweet pepper)",CAPSICUM SPECIES,Vegetables,(Z)-3-hexenal,"Carbonyls, aldehydes",0.003,0.003
"CAPSICUM ANNUUM (Bell pepper, sweet pepper)",CAPSICUM SPECIES,Vegetables,(E)-2-heptenal,"Carbonyls, aldehydes",0.005,0.005
"CAPSICUM ANNUUM (Bell pepper, sweet pepper)",CAPSICUM SPECIES,Vegetables,"(E,Z)-2,6-nonadienal","Carbonyls, aldehydes",0.06,0.1
"CAPSICUM ANNUUM (Bell pepper, sweet pepper)",CAPSICUM SPECIES,Vegetables,"(E,Z)-2,4-decadienal","Carbonyls, aldehydes",0.004,0.01
"CAPSICUM ANNUUM (Bell pepper, sweet pepper)",CAPSICUM SPECIES,Vegetables,"(E,E)-2,4-decadienal","Carbonyls, aldehydes",0.01,0.04
"CAPSICUM ANNUUM (Bell pepper, sweet pepper)",CAPSICUM SPECIES,Vegetables,benzaldehyde,"Carbonyls, aldehydes",0.02,0.2
"CAPSICUM ANNUUM (Bell pepper, sweet pepper)",CAPSICUM SPECIES,Vegetables,phenylacetaldehyde (=benzeneacetaldehyde),"Carbonyls, aldehydes",0.01,0.01
"CAPSICUM ANNUUM (Bell pepper, sweet pepper)",CAPSICUM SPECIES,Vegetables,2-butanone (=ethyl methyl ketone),"Carbonyls, ketones",,
"CAPSICUM ANNUUM (Bell pepper, sweet pepper)",CAPSICUM SPECIES,Vegetables,4-methyl-3-penten-2-one (=mesityl oxide),"Carbonyls, ketones",,
"CAPSICUM ANNUUM (Bell pepper, sweet pepper)",CAPSICUM SPECIES,Vegetables,2-hexanone,"Carbonyls, ketones",,
"CAPSICUM ANNUUM (Bell pepper, sweet pepper)",CAPSICUM SPECIES,Vegetables,2-heptanone,"Carbonyls, ketones",0.04,0.04
"CAPSICUM ANNUUM (Bell pepper, sweet pepper)",CAPSICUM SPECIES,Vegetables,(E)-3-hepten-2-one,"Carbonyls, ketones",0.006,0.05
"CAPSICUM ANNUUM (Bell pepper, sweet pepper)",CAPSICUM SPECIES,Vegetables,1-nonen-4-one,"Carbonyls, ketones",0.004,0.04
"CAPSICUM ANNUUM (Bell pepper, sweet pepper)",CAPSICUM SPECIES,Vegetables,2-nonen-4-one,"Carbonyls, ketones",0.3,0.3
"CAPSICUM ANNUUM (Bell pepper, sweet pepper)",CAPSICUM SPECIES,Vegetables,(E)-2-nonen-4-one,"Carbonyls, ketones",0.01,0.01
"CAPSICUM ANNUUM (Bell pepper, sweet pepper)",CAPSICUM SPECIES,Vegetables,"(E,E)-2,5-nonadien-4-one","Carbonyls, ketones",,
"CAPSICUM ANNUUM (Bell pepper, sweet pepper)",CAPSICUM SPECIES,Vegetables,cyclohexanone,"Carbonyls, ketones",,
"CAPSICUM ANNUUM (Bell pepper, sweet pepper)",CAPSICUM SPECIES,Vegetables,(E)-β-ionone,"Carbonyls, ketones",,
"CAPSICUM ANNUUM (Bell pepper, sweet pepper)",CAPSICUM SPECIES,Vegetables,2-methylpropanoic acid (=isobutyric acid),Acids,,
"CAPSICUM ANNUUM (Bell pepper, sweet pepper)",CAPSICUM SPECIES,Vegetables,2-methylbutanoic acid,Acids,,
"CAPSICUM ANNUUM (Bell pepper, sweet pepper)",CAPSICUM SPECIES,Vegetables,3-methylbutanoic acid (=isovaleric acid),Acids,,
"CAPSICUM ANNUUM (Bell pepper, sweet pepper)",CAPSICUM SPECIES,Vegetables,4-methylpentanoic acid (=isocaproic acid),Acids,,
"CAPSICUM ANNUUM (Bell pepper, sweet pepper)",CAPSICUM SPECIES,Vegetables,hexanoic acid (=caproic acid),Acids,,
"CAPSICUM ANNUUM (Bell pepper, sweet pepper)",CAPSICUM SPECIES,Vegetables,octanoic acid (=caprylic acid),Acids,,
"CAPSICUM ANNUUM (Bell pepper, sweet pepper)",CAPSICUM SPECIES,Vegetables,ethyl acetate,Esters,0.03,0.03
"CAPSICUM ANNUUM (Bell pepper, sweet pepper)",CAPSICUM SPECIES,Vegetables,4-methylpentyl 2-methylbutanoate,Esters,,
"CAPSICUM ANNUUM (Bell pepper, sweet pepper)",CAPSICUM SPECIES,Vegetables,ethyl 3-methylbutanoate (=ethyl isovalerate),Esters,,
"CAPSICUM ANNUUM (Bell pepper, sweet pepper)",CAPSICUM SPECIES,Vegetables,4-methylpentyl 3-methylbutanoate,Esters,,
"CAPSICUM ANNUUM (Bell pepper, sweet pepper)",CAPSICUM SPECIES,Vegetables,hexyl 3-methylbutanoate (=hexyl isovalerate),Esters,,
"CAPSICUM ANNUUM (Bell pepper, sweet pepper)",CAPSICUM SPECIES,Vegetables,(Z)-3-hexenyl 3-methylbutanoate,Esters,,
"CAPSICUM ANNUUM (Bell pepper, sweet pepper)",CAPSICUM SPECIES,Vegetables,methyl 2-hydroxybenzoate (=methyl salicylate),Esters,0.2,0.2
"CAPSICUM ANNUUM (Bell pepper, sweet pepper)",CAPSICUM SPECIES,Vegetables,2-pentylpyridine,Bases,,
"CAPSICUM ANNUUM (Bell pepper, sweet pepper)",CAPSICUM SPECIES,Vegetables,"2,3-dimethylpyrazine",Bases,,
"CAPSICUM ANNUUM (Bell pepper, sweet pepper)",CAPSICUM SPECIES,Vegetables,2-ethyl-5-methylpyrazine,Bases,,
"CAPSICUM ANNUUM (Bell pepper, sweet pepper)",CAPSICUM SPECIES,Vegetables,trimethylpyrazine,Bases,,
"CAPSICUM ANNUUM (Bell pepper, sweet pepper)",CAPSICUM SPECIES,Vegetables,"5-ethyl-2,3-dimethylpyrazine",Bases,,
"CAPSICUM ANNUUM (Bell pepper, sweet pepper)",CAPSICUM SPECIES,Vegetables,tetramethylpyrazine,Bases,,
"CAPSICUM ANNUUM (Bell pepper, sweet pepper)",CAPSICUM SPECIES,Vegetables,2-isopropyl-3-methoxypyrazine,Bases,,
"CAPSICUM ANNUUM (Bell pepper, sweet pepper)",CAPSICUM SPECIES,Vegetables,2-isobutyl-3-methoxypyrazine,Bases,0.09,0.12
"CAPSICUM ANNUUM (Bell pepper, sweet pepper)",CAPSICUM SPECIES,Vegetables,2-(sec-butyl)-3-methoxypyrazine,Bases,,
"CAPSICUM ANNUUM (Bell pepper, sweet pepper)",CAPSICUM SPECIES,Vegetables,methoxynaphthalene (unkn.str.),Phenols,,
"CAPSICUM ANNUUM (Bell pepper, sweet pepper)",CAPSICUM SPECIES,Vegetables,eugenol (=4-allyl-2-methoxyphenol),Phenols,,
"CAPSICUM ANNUUM (Bell pepper, sweet pepper)",CAPSICUM SPECIES,Vegetables,2-ethylfuran,Furans,0.03,0.03
"CAPSICUM ANNUUM (Bell pepper, sweet pepper)",CAPSICUM SPECIES,Vegetables,2-pentylfuran,Furans,0.02,0.05
"CAPSICUM ANNUUM (Bell pepper, sweet pepper)",CAPSICUM SPECIES,Vegetables,"furfural (=2-formylfuran, 2-furancarbaldehyde, 2-furaldehyde)",Furans,0.005,0.005
"CAPSICUM ANNUUM (Bell pepper, sweet pepper)",CAPSICUM SPECIES,Vegetables,5-methylfurfural,Furans,,
"CAPSICUM ANNUUM (Bell pepper, sweet pepper)",CAPSICUM SPECIES,Vegetables,"2-acetylfuran (=2-furyl methyl ketone, 1-(2-furyl)ethanone)",Furans,,
CAPSICUM FRUTESCENS,CAPSICUM SPECIES,Vegetables,pentadecane,Hydrocarbons,,
CAPSICUM FRUTESCENS,CAPSICUM SPECIES,Vegetables,hexadecane,Hydrocarbons,,
CAPSICUM FRUTESCENS,CAPSICUM SPECIES,Vegetables,heptadecane,Hydrocarbons,,
CAPSICUM FRUTESCENS,CAPSICUM SPECIES,Vegetables,β-myrcene (=myrcene),Hydrocarbons,,
CAPSICUM FRUTESCENS,CAPSICUM SPECIES,Vegetables,α-phellandrene,Hydrocarbons,,
CAPSICUM FRUTESCENS,CAPSICUM SPECIES,Vegetables,limonene,Hydrocarbons,,
CAPSICUM FRUTESCENS,CAPSICUM SPECIES,Vegetables,β-pinene,Hydrocarbons,,
CAPSICUM FRUTESCENS,CAPSICUM SPECIES,Vegetables,3-carene,Hydrocarbons,,
CAPSICUM FRUTESCENS,CAPSICUM SPECIES,Vegetables,β-caryophyllene,Hydrocarbons,,
CAPSICUM FRUTESCENS,CAPSICUM SPECIES,Vegetables,"1,4-dimethylbenzene (=p-xylene)",Hydrocarbons,,
CAPSICUM FRUTESCENS,CAPSICUM SPECIES,Vegetables,3-methyl-1-butanol (=isoamyl alcohol),Alcohols,,
CAPSICUM FRUTESCENS,CAPSICUM SPECIES,Vegetables,1-pentanol (=amyl alcohol),Alcohols,,
CAPSICUM FRUTESCENS,CAPSICUM SPECIES,Vegetables,4-methyl-1-pentanol,Alcohols,,
CAPSICUM FRUTESCENS,CAPSICUM SPECIES,Vegetables,3-methyl-2-pentanol,Alcohols,,
CAPSICUM FRUTESCENS,CAPSICUM SPECIES,Vegetables,1-hexanol,Alcohols,,
CAPSICUM FRUTESCENS,CAPSICUM SPECIES,Vegetables,2-hexanol,Alcohols,,
CAPSICUM FRUTESCENS,CAPSICUM SPECIES,Vegetables,(E)-2-hexen-1-ol,Alcohols,,
CAPSICUM FRUTESCENS,CAPSICUM SPECIES,Vegetables,(Z)-3-hexen-1-ol (=leaf alcohol),Alcohols,,
CAPSICUM FRUTESCENS,CAPSICUM SPECIES,Vegetables,linalool,Alcohols,,
CAPSICUM FRUTESCENS,CAPSICUM SPECIES,Vegetables,cyclopentanol,Alcohols,,
CAPSICUM FRUTESCENS,CAPSICUM SPECIES,Vegetables,4-terpineol (=terpinen-4-ol),Alcohols,,
CAPSICUM FRUTESCENS,CAPSICUM SPECIES,Vegetables,2-methylbutanal (=α-methylbutanal),"Carbonyls, aldehydes",,
CAPSICUM FRUTESCENS,CAPSICUM SPECIES,Vegetables,"3-methylbutanal (=isopentanal, isovaleraldehyde)","Carbonyls, aldehydes",,
CAPSICUM FRUTESCENS,CAPSICUM SPECIES,Vegetables,hexanal (=capronaldehyde),"Carbonyls, aldehydes",,
CAPSICUM FRUTESCENS,CAPSICUM SPECIES,Vegetables,benzaldehyde,"Carbonyls, aldehydes",,
CAPSICUM FRUTESCENS,CAPSICUM SPECIES,Vegetables,4-methyl-3-penten-2-one (=mesityl oxide),"Carbonyls, ketones",,
CAPSICUM FRUTESCENS,CAPSICUM SPECIES,Vegetables,2-heptanone,"Carbonyls, ketones",,
CAPSICUM FRUTESCENS,CAPSICUM SPECIES,Vegetables,2-octanone,"Carbonyls, ketones",,
CAPSICUM FRUTESCENS,CAPSICUM SPECIES,Vegetables,2-undecanone,"Carbonyls, ketones",,
CAPSICUM FRUTESCENS,CAPSICUM SPECIES,Vegetables,"(E)-6,10-dimethyl-5,9-undecadien-2-one (=geranylacetone)","Carbonyls, ketones",,
CAPSICUM FRUTESCENS,CAPSICUM SPECIES,Vegetables,4-methylacetophenone,"Carbonyls, ketones",,
CAPSICUM FRUTESCENS,CAPSICUM SPECIES,Vegetables,"carvone (=p-6,8-menthadien-2-one)","Carbonyls, ketones",,
CAPSICUM FRUTESCENS,CAPSICUM SPECIES,Vegetables,camphor (=alcanfor),"Carbonyls, ketones",,
CAPSICUM FRUTESCENS,CAPSICUM SPECIES,Vegetables,thujone (=α-thujone),"Carbonyls, ketones",,
CAPSICUM FRUTESCENS,CAPSICUM SPECIES,Vegetables,isothujone (=β-thujone),"Carbonyls, ketones",,
CAPSICUM FRUTESCENS,CAPSICUM SPECIES,Vegetables,acetic acid,Acids,,
CAPSICUM FRUTESCENS,CAPSICUM SPECIES,Vegetables,2-methylpropanoic acid (=isobutyric acid),Acids,,
CAPSICUM FRUTESCENS,CAPSICUM SPECIES,Vegetables,butanoic acid (=butyric acid),Acids,,
CAPSICUM FRUTESCENS,CAPSICUM SPECIES,Vegetables,2-methylbutanoic acid,Acids,,
CAPSICUM FRUTESCENS,CAPSICUM SPECIES,Vegetables,3-methylbutanoic acid (=isovaleric acid),Acids,,
CAPSICUM FRUTESCENS,CAPSICUM SPECIES,Vegetables,pentanoic acid (=valeric acid),Acids,,
CAPSICUM FRUTESCENS,CAPSICUM SPECIES,Vegetables,4-methylpentanoic acid (=isocaproic acid),Acids,,
CAPSICUM FRUTESCENS,CAPSICUM SPECIES,Vegetables,hexanoic acid (=caproic acid),Acids,,
CAPSICUM FRUTESCENS,CAPSICUM SPECIES,Vegetables,heptanoic acid (=enanthic acid),Acids,,
CAPSICUM FRUTESCENS,CAPSICUM SPECIES,Vegetables,octanoic acid (=caprylic acid),Acids,,
CAPSICUM FRUTESCENS,CAPSICUM SPECIES,Vegetables,2-octenoic acid,Acids,,
CAPSICUM FRUTESCENS,CAPSICUM SPECIES,Vegetables,7-methyloctanoic acid,Acids,,
CAPSICUM FRUTESCENS,CAPSICUM SPECIES,Vegetables,nonanoic acid (=pelargonic acid),Acids,,
CAPSICUM FRUTESCENS,CAPSICUM SPECIES,Vegetables,8-methylnonanoic acid,Acids,,
CAPSICUM FRUTESCENS,CAPSICUM SPECIES,Vegetables,2-decenoic acid,Acids,,
CAPSICUM FRUTESCENS,CAPSICUM SPECIES,Vegetables,ethyl acetate,Esters,,
CAPSICUM FRUTESCENS,CAPSICUM SPECIES,Vegetables,phenethyl acetate,Esters,,
CAPSICUM FRUTESCENS,CAPSICUM SPECIES,Vegetables,4-methylpentyl 2-methylpropanoate,Esters,,
CAPSICUM FRUTESCENS,CAPSICUM SPECIES,Vegetables,4-methylpentyl 2-methylbutanoate,Esters,,
CAPSICUM FRUTESCENS,CAPSICUM SPECIES,Vegetables,"isopentyl 3-methylbutanoate (=3-methylbutyl 3-methylbutanoate, isoamyl isovalerate)",Esters,,
CAPSICUM FRUTESCENS,CAPSICUM SPECIES,Vegetables,3-methylpentyl 3-methylbutanoate,Esters,,
CAPSICUM FRUTESCENS,CAPSICUM SPECIES,Vegetables,4-methylpentyl 3-methylbutanoate,Esters,,
CAPSICUM FRUTESCENS,CAPSICUM SPECIES,Vegetables,hexyl 3-methylbutanoate (=hexyl isovalerate),Esters,,
CAPSICUM FRUTESCENS,CAPSICUM SPECIES,Vegetables,(Z)-3-hexenyl 3-methylbutanoate,Esters,,
CAPSICUM FRUTESCENS,CAPSICUM SPECIES,Vegetables,methyl pentanoate,Esters,,
CAPSICUM FRUTESCENS,CAPSICUM SPECIES,Vegetables,4-methylpentyl pentanoate,Esters,,
CAPSICUM FRUTESCENS,CAPSICUM SPECIES,Vegetables,hexyl pentanoate,Esters,,
CAPSICUM FRUTESCENS,CAPSICUM SPECIES,Vegetables,(Z)-3-hexenyl pentanoate,Esters,,
CAPSICUM FRUTESCENS,CAPSICUM SPECIES,Vegetables,4-methylpentyl 4-methylpentanoate,Esters,,
CAPSICUM FRUTESCENS,CAPSICUM SPECIES,Vegetables,5-methylhexyl 4-methylpentanoate,Esters,,
CAPSICUM FRUTESCENS,CAPSICUM SPECIES,Vegetables,heptyl 4-methylpentanoate,Esters,,
CAPSICUM FRUTESCENS,CAPSICUM SPECIES,Vegetables,methyl hexanoate,Esters,,
CAPSICUM FRUTESCENS,CAPSICUM SPECIES,Vegetables,4-methylpentyl hexanoate,Esters,,
CAPSICUM FRUTESCENS,CAPSICUM SPECIES,Vegetables,hexyl hexanoate,Esters,,
CAPSICUM FRUTESCENS,CAPSICUM SPECIES,Vegetables,(Z)-3-hexenyl hexanoate,Esters,,
CAPSICUM FRUTESCENS,CAPSICUM SPECIES,Vegetables,methyl heptanoate,Esters,,
CAPSICUM FRUTESCENS,CAPSICUM SPECIES,Vegetables,methyl octanoate,Esters,,
CAPSICUM FRUTESCENS,CAPSICUM SPECIES,Vegetables,ethyl octanoate (=ethyl caprylate),Esters,,
CAPSICUM FRUTESCENS,CAPSICUM SPECIES,Vegetables,methyl nonanoate,Esters,,
CAPSICUM FRUTESCENS,CAPSICUM SPECIES,Vegetables,methyl 8-methylnonanoate,Esters,,
CAPSICUM FRUTESCENS,CAPSICUM SPECIES,Vegetables,methyl 8-methyl-6-nonenoate,Esters,,
CAPSICUM FRUTESCENS,CAPSICUM SPECIES,Vegetables,methyl decanoate,Esters,,
CAPSICUM FRUTESCENS,CAPSICUM SPECIES,Vegetables,methyl dodecanoate (=methyl laurate),Esters,,
CAPSICUM FRUTESCENS,CAPSICUM SPECIES,Vegetables,ethyl dodecanoate (=ethyl laurate),Esters,,
CAPSICUM FRUTESCENS,CAPSICUM SPECIES,Vegetables,methyl tetradecanoate (=methyl myristate),Esters,,
CAPSICUM FRUTESCENS,CAPSICUM SPECIES,Vegetables,ethyl tetradecanoate (=ethyl myristate),Esters,,
CAPSICUM FRUTESCENS,CAPSICUM SPECIES,Vegetables,methyl hexadecanoate (=methyl palmitate),Esters,,
CAPSICUM FRUTESCENS,CAPSICUM SPECIES,Vegetables,methyl octadecanoate (=methyl stearate),Esters,,
CAPSICUM FRUTESCENS,CAPSICUM SPECIES,Vegetables,methyl 2-hydroxybenzoate (=methyl salicylate),Esters,,
CAPSICUM FRUTESCENS,CAPSICUM SPECIES,Vegetables,ethyl 2-hydroxybenzoate (=ethyl salicylate),Esters,,
CAPSICUM FRUTESCENS,CAPSICUM SPECIES,Vegetables,methyl phenylacetate,Esters,,
CAPSICUM FRUTESCENS,CAPSICUM SPECIES,Vegetables,methyl 3-phenylpropanoate (=methyl hydrocinnamate),Esters,,
CAPSICUM FRUTESCENS,CAPSICUM SPECIES,Vegetables,2-isobutyl-3-methoxypyrazine,Bases,,
CAPSICUM FRUTESCENS,CAPSICUM SPECIES,Vegetables,"1,8-cineole (=eucalyptol)",Ethers,,
CAPSICUM FRUTESCENS,CAPSICUM SPECIES,Vegetables,2-pentylfuran,Furans,,
CAPSICUM FRUTESCENS,CAPSICUM SPECIES,Vegetables,5-methylfurfural,Furans,,
"RUTABAGA, SWEDE (Brass. napus var. napobrass. L.)",,Vegetables,2-aminoethanol (=ethanolamine),Alcohols,,
"RUTABAGA, SWEDE (Brass. napus var. napobrass. L.)",,Vegetables,2-propanol (=isopropyl alcohol),Alcohols,,
"RUTABAGA, SWEDE (Brass. napus var. napobrass. L.)",,Vegetables,2-methyl-1-propanol (=isobutanol),Alcohols,,
"RUTABAGA, SWEDE (Brass. napus var. napobrass. L.)",,Vegetables,2-phenylethanol (=phenethyl alcohol),Alcohols,,
"RUTABAGA, SWEDE (Brass. napus var. napobrass. L.)",,Vegetables,formaldehyde (=methanal),"Carbonyls, aldehydes",,
"RUTABAGA, SWEDE (Brass. napus var. napobrass. L.)",,Vegetables,acetaldehyde (=ethanal),"Carbonyls, aldehydes",,
"RUTABAGA, SWEDE (Brass. napus var. napobrass. L.)",,Vegetables,propanal (=propionaldehyde),"Carbonyls, aldehydes",,
"RUTABAGA, SWEDE (Brass. napus var. napobrass. L.)",,Vegetables,"2-oxopropanal (=pyruvaldehyde, methyl glyoxal, acetylformaldehyde)","Carbonyls, aldehydes",,
"RUTABAGA, SWEDE (Brass. napus var. napobrass. L.)",,Vegetables,butanal (=butyraldehyde),"Carbonyls, aldehydes",,
"RUTABAGA, SWEDE (Brass. napus var. napobrass. L.)",,Vegetables,"3-methylbutanal (=isopentanal, isovaleraldehyde)","Carbonyls, aldehydes",,
"RUTABAGA, SWEDE (Brass. napus var. napobrass. L.)",,Vegetables,hexanal (=capronaldehyde),"Carbonyls, aldehydes",,
"RUTABAGA, SWEDE (Brass. napus var. napobrass. L.)",,Vegetables,heptanal,"Carbonyls, aldehydes",,
"RUTABAGA, SWEDE (Brass. napus var. napobrass. L.)",,Vegetables,decanal (=capraldehyde),"Carbonyls, aldehydes",,
"RUTABAGA, SWEDE (Brass. napus var. napobrass. L.)",,Vegetables,dodecanal,"Carbonyls, aldehydes",,
"RUTABAGA, SWEDE (Brass. napus var. napobrass. L.)",,Vegetables,"acetone (=2-propanone, dimethyl ketone)","Carbonyls, ketones",,
"RUTABAGA, SWEDE (Brass. napus var. napobrass. L.)",,Vegetables,2-butanone (=ethyl methyl ketone),"Carbonyls, ketones",,
"RUTABAGA, SWEDE (Brass. napus var. napobrass. L.)",,Vegetables,"2,3-butanedione (=diacetyl)","Carbonyls, ketones",,
"RUTABAGA, SWEDE (Brass. napus var. napobrass. L.)",,Vegetables,2-hexanone,"Carbonyls, ketones",,
"RUTABAGA, SWEDE (Brass. napus var. napobrass. L.)",,Vegetables,2-heptanone,"Carbonyls, ketones",,
"RUTABAGA, SWEDE (Brass. napus var. napobrass. L.)",,Vegetables,"2-oxopropanoic acid (=pyruvic acid, acetylformic acid)",Acids,,
"RUTABAGA, SWEDE (Brass. napus var. napobrass. L.)",,Vegetables,benzyl acetate,Esters,,
"RUTABAGA, SWEDE (Brass. napus var. napobrass. L.)",,Vegetables,ammonia,Bases,,
"RUTABAGA, SWEDE (Brass. napus var. napobrass. L.)",,Vegetables,methylamine,Bases,,
"RUTABAGA, SWEDE (Brass. napus var. napobrass. L.)",,Vegetables,ethylamine,Bases,,
"RUTABAGA, SWEDE (Brass. napus var. napobrass. L.)",,Vegetables,propylamine,Bases,,
"RUTABAGA, SWEDE (Brass. napus var. napobrass. L.)",,Vegetables,butylamine,Bases,,
"RUTABAGA, SWEDE (Brass. napus var. napobrass. L.)",,Vegetables,pentylamine,Bases,,
"RUTABAGA, SWEDE (Brass. napus var. napobrass. L.)",,Vegetables,isopentylamine,Bases,,
"RUTABAGA, SWEDE (Brass. napus var. napobrass. L.)",,Vegetables,hexylamine,Bases,,
"RUTABAGA, SWEDE (Brass. napus var. napobrass. L.)",,Vegetables,dimethylamine,Bases,,
"RUTABAGA, SWEDE (Brass. napus var. napobrass. L.)",,Vegetables,"1,2-ethanediamine",Bases,,
"RUTABAGA, SWEDE (Brass. napus var. napobrass. L.)",,Vegetables,"1,4-butanediamine (=putrescine)",Bases,,
"RUTABAGA, SWEDE (Brass. napus var. napobrass. L.)",,Vegetables,"N,N-dimethyl-1,4-butanediamine",Bases,,
"RUTABAGA, SWEDE (Brass. napus var. napobrass. L.)",,Vegetables,"N,N'-dimethyl-1,4-butanediamine",Bases,,
"RUTABAGA, SWEDE (Brass. napus var. napobrass. L.)",,Vegetables,"1,5-pentanediamine (=cadaverine)",Bases,,
"RUTABAGA, SWEDE (Brass. napus var. napobrass. L.)",,Vegetables,histamine,Bases,,
"RUTABAGA, SWEDE (Brass. napus var. napobrass. L.)",,Vegetables,hydrogen sulfide,Sulfur compounds,,
"RUTABAGA, SWEDE (Brass. napus var. napobrass. L.)",,Vegetables,"dimethyl sulfide (=thiobismethane, methylthiomethane, methyl sulfide)",Sulfur compounds,,
"RUTABAGA, SWEDE (Brass. napus var. napobrass. L.)",,Vegetables,dimethyl disulfide (=methyldithiomethane),Sulfur compounds,,
"RUTABAGA, SWEDE (Brass. napus var. napobrass. L.)",,Vegetables,6-(methylthio)hexanenitrile (=5-methyl thiopentyl cyanide),Sulfur compounds,,
"RUTABAGA, SWEDE (Brass. napus var. napobrass. L.)",,Vegetables,ethyl isothiocyanate,Sulfur compounds,,
"RUTABAGA, SWEDE (Brass. napus var. napobrass. L.)",,Vegetables,3-butenyl isothiocyanate,Sulfur compounds,,
"RUTABAGA, SWEDE (Brass. napus var. napobrass. L.)",,Vegetables,pentyl isothiocyanate,Sulfur compounds,,
"RUTABAGA, SWEDE (Brass. napus var. napobrass. L.)",,Vegetables,4-pentenyl isothiocyanate,Sulfur compounds,,
"RUTABAGA, SWEDE (Brass. napus var. napobrass. L.)",,Vegetables,benzyl isothiocyanate,Sulfur compounds,,
"RUTABAGA, SWEDE (Brass. napus var. napobrass. L.)",,Vegetables,phenethyl isothiocyanate,Sulfur compounds,31,31
"RUTABAGA, SWEDE (Brass. napus var. napobrass. L.)",,Vegetables,"3-butenenitrile (=allyl cyanide, vinylacetonitrile)",Nitriles and amides,,
"RUTABAGA, SWEDE (Brass. napus var. napobrass. L.)",,Vegetables,3-methylbutanenitrile (=isobutyl cyanide),Nitriles and amides,,
"RUTABAGA, SWEDE (Brass. napus var. napobrass. L.)",,Vegetables,pentanenitrile,Nitriles and amides,,
"RUTABAGA, SWEDE (Brass. napus var. napobrass. L.)",,Vegetables,5-hexenenitrile,Nitriles and amides,,
"RUTABAGA, SWEDE (Brass. napus var. napobrass. L.)",,Vegetables,"phenylacetonitrile (=benzyl cyanide, benzeneacetonitrile)",Nitriles and amides,,
"RUTABAGA, SWEDE (Brass. napus var. napobrass. L.)",,Vegetables,"3-phenylpropanenitrile (=phenethyl cyanide, benzenepropanenitrile)",Nitriles and amides,,
SAUERKRAUT,,Vegetables,2-aminoethanol (=ethanolamine),Alcohols,,
SAUERKRAUT,,Vegetables,3-methyl-1-butanol (=isoamyl alcohol),Alcohols,,
SAUERKRAUT,,Vegetables,1-pentanol (=amyl alcohol),Alcohols,,
SAUERKRAUT,,Vegetables,1-hexanol,Alcohols,,
SAUERKRAUT,,Vegetables,(Z)-3-hexen-1-ol (=leaf alcohol),Alcohols,,
SAUERKRAUT,,Vegetables,benzaldehyde,"Carbonyls, aldehydes",,
SAUERKRAUT,,Vegetables,4-methyl-3-penten-2-one (=mesityl oxide),"Carbonyls, ketones",,
SAUERKRAUT,,Vegetables,acetophenone (=1-phenylethanone),"Carbonyls, ketones",,
SAUERKRAUT,,Vegetables,propanoic acid (=propionic acid),Acids,0.1,0.1
SAUERKRAUT,,Vegetables,butanoic acid (=butyric acid),Acids,0.1,0.1
SAUERKRAUT,,Vegetables,hexanoic acid (=caproic acid),Acids,1.4,1.4
SAUERKRAUT,,Vegetables,heptanoic acid (=enanthic acid),Acids,10.9,10.9
SAUERKRAUT,,Vegetables,octanoic acid (=caprylic acid),Acids,10,10
SAUERKRAUT,,Vegetables,"isopentyl acetate (=3-methylbutyl acetate, isoamyl acetate)",Esters,,
SAUERKRAUT,,Vegetables,hexyl acetate,Esters,,
SAUERKRAUT,,Vegetables,cyclohexyl acetate,Esters,,
SAUERKRAUT,,Vegetables,ethyl 2-hydroxypropanoate (=ethyl lactate),Esters,,
SAUERKRAUT,,Vegetables,ethyl butanoate,Esters,,
SAUERKRAUT,,Vegetables,"1,4-butanediamine (=putrescine)",Bases,20,20
SAUERKRAUT,,Vegetables,"1,5-pentanediamine (=cadaverine)",Bases,20,20
SAUERKRAUT,,Vegetables,2-(4-hydroxyphenyl)ethylamine (=tyramine),Bases,40,40
SAUERKRAUT,,Vegetables,histamine,Bases,100,200
SAUERKRAUT,,Vegetables,methanethiol (=methyl mercaptan),Sulfur compounds,,
SAUERKRAUT,,Vegetables,ethanethiol (=ethyl mercaptan),Sulfur compounds,,
SAUERKRAUT,,Vegetables,"dimethyl sulfide (=thiobismethane, methylthiomethane, methyl sulfide)",Sulfur compounds,,
SAUERKRAUT,,Vegetables,diethyl sulfide (=ethylthioethane),Sulfur compounds,,
SAUERKRAUT,,Vegetables,"dimethyl trisulfide (=2,3,4-trithiapentane, methyltrithiomethane)",Sulfur compounds,,
SAUERKRAUT,,Vegetables,allyl isothiocyanate (=allyl mustard oil),Sulfur compounds,,
SAUERKRAUT,,Vegetables,"1,1-diethoxyethane (=acetal, acetaldehyde diethyl acetal)",Acetals,,
SAUERKRAUT,,Vegetables,"furfural (=2-formylfuran, 2-furancarbaldehyde, 2-furaldehyde)",Furans,,
,TOMATO (Lycopersicon esculentum Mill.),Vegetables,ethene (=ethylene),Hydrocarbons,,
,TOMATO (Lycopersicon esculentum Mill.),Vegetables,triisobutylene,Hydrocarbons,,
,TOMATO (Lycopersicon esculentum Mill.),Vegetables,1-pentene,Hydrocarbons,,
,TOMATO (Lycopersicon esculentum Mill.),Vegetables,"1,5-hexadiene",Hydrocarbons,,
,TOMATO (Lycopersicon esculentum Mill.),Vegetables,"2,5-dimethyl-3-hexene",Hydrocarbons,,
,TOMATO (Lycopersicon esculentum Mill.),Vegetables,heptane,Hydrocarbons,,
,TOMATO (Lycopersicon esculentum Mill.),Vegetables,octane,Hydrocarbons,,
,TOMATO (Lycopersicon esculentum Mill.),Vegetables,"2,6-dimethyl-2,6-octadiene",Hydrocarbons,,
,TOMATO (Lycopersicon esculentum Mill.),Vegetables,nonane,Hydrocarbons,,
,TOMATO (Lycopersicon esculentum Mill.),Vegetables,decane,Hydrocarbons,,
,TOMATO (Lycopersicon esculentum Mill.),Vegetables,undecane,Hydrocarbons,,
,TOMATO (Lycopersicon esculentum Mill.),Vegetables,pentadecane,Hydrocarbons,,
,TOMATO (Lycopersicon esculentum Mill.),Vegetables,nonacosane,Hydrocarbons,,
,TOMATO (Lycopersicon esculentum Mill.),Vegetables,triacontane,Hydrocarbons,,
,TOMATO (Lycopersicon esculentum Mill.),Vegetables,hentriacontane,Hydrocarbons,,
,TOMATO (Lycopersicon esculentum Mill.),Vegetables,dotriacontane,Hydrocarbons,,
,TOMATO (Lycopersicon esculentum Mill.),Vegetables,(E)-β-ocimene,Hydrocarbons,,
,TOMATO (Lycopersicon esculentum Mill.),Vegetables,β-myrcene (=myrcene),Hydrocarbons,,
,TOMATO (Lycopersicon esculentum Mill.),Vegetables,α-phellandrene,Hydrocarbons,,
,TOMATO (Lycopersicon esculentum Mill.),Vegetables,β-phellandrene,Hydrocarbons,<0.005,<0.005
,TOMATO (Lycopersicon esculentum Mill.),Vegetables,γ-terpinene,Hydrocarbons,,
,TOMATO (Lycopersicon esculentum Mill.),Vegetables,terpinolene,Hydrocarbons,,
,TOMATO (Lycopersicon esculentum Mill.),Vegetables,limonene,Hydrocarbons,<0.005,<0.005
,TOMATO (Lycopersicon esculentum Mill.),Vegetables,(4R)-(+)-limonene,Hydrocarbons,6.5,6.5
,TOMATO (Lycopersicon esculentum Mill.),Vegetables,α-humulene (=humulene),Hydrocarbons,<0.005,<0.005
,TOMATO (Lycopersicon esculentum Mill.),Vegetables,α-pinene,Hydrocarbons,<0.005,0.016
,TOMATO (Lycopersicon esculentum Mill.),Vegetables,camphene,Hydrocarbons,,
,TOMATO (Lycopersicon esculentum Mill.),Vegetables,sabinene (=4(10)-thujene),Hydrocarbons,,
,TOMATO (Lycopersicon esculentum Mill.),Vegetables,2-carene,Hydrocarbons,0.033,0.033
,TOMATO (Lycopersicon esculentum Mill.),Vegetables,(+)-2-carene,Hydrocarbons,<0.005,<0.005
,TOMATO (Lycopersicon esculentum Mill.),Vegetables,3-carene,Hydrocarbons,0.054,0.054
,TOMATO (Lycopersicon esculentum Mill.),Vegetables,β-caryophyllene,Hydrocarbons,0.00024,0.005
,TOMATO (Lycopersicon esculentum Mill.),Vegetables,α-copaene (=copaene),Hydrocarbons,0.01,0.01
,TOMATO (Lycopersicon esculentum Mill.),Vegetables,benzene,Hydrocarbons,,
,TOMATO (Lycopersicon esculentum Mill.),Vegetables,methylbenzene (=toluene),Hydrocarbons,,
,TOMATO (Lycopersicon esculentum Mill.),Vegetables,ethylbenzene (=α-methyltoluene),Hydrocarbons,0.023,0.023
,TOMATO (Lycopersicon esculentum Mill.),Vegetables,vinylbenzene (=styrene),Hydrocarbons,,
,TOMATO (Lycopersicon esculentum Mill.),Vegetables,propylbenzene,Hydrocarbons,,
,TOMATO (Lycopersicon esculentum Mill.),Vegetables,isopropylbenzene (=cumene),Hydrocarbons,,
,TOMATO (Lycopersicon esculentum Mill.),Vegetables,butylbenzene,Hydrocarbons,,
,TOMATO (Lycopersicon esculentum Mill.),Vegetables,"1,2-dimethylbenzene (=o-xylene)",Hydrocarbons,,
,TOMATO (Lycopersicon esculentum Mill.),Vegetables,"1,3-dimethylbenzene (=m-xylene)",Hydrocarbons,,
,TOMATO (Lycopersicon esculentum Mill.),Vegetables,"1,4-dimethylbenzene (=p-xylene)",Hydrocarbons,,
,TOMATO (Lycopersicon esculentum Mill.),Vegetables,1-ethyl-4-methylbenzene (=p-ethyltoluene),Hydrocarbons,,
,TOMATO (Lycopersicon esculentum Mill.),Vegetables,1-isopropyl-3-methylbenzene (=m-cymene),Hydrocarbons,,
,TOMATO (Lycopersicon esculentum Mill.),Vegetables,1-isopropyl-4-methylbenzene (=p-cymene),Hydrocarbons,,
,TOMATO (Lycopersicon esculentum Mill.),Vegetables,isopropyl-methylbenzene (unkn.str.) (=cymene (unkn.str.)),Hydrocarbons,,
,TOMATO (Lycopersicon esculentum Mill.),Vegetables,diethylbenzene (unkn.str.),Hydrocarbons,,
,TOMATO (Lycopersicon esculentum Mill.),Vegetables,"1,2,3-trimethylbenzene (=hemimellitene)",Hydrocarbons,,
,TOMATO (Lycopersicon esculentum Mill.),Vegetables,"1,2,4-trimethylbenzene (=pseudocumene)",Hydrocarbons,,
,TOMATO (Lycopersicon esculentum Mill.),Vegetables,"1,3,5-trimethylbenzene (=mesitylene)",Hydrocarbons,,
,TOMATO (Lycopersicon esculentum Mill.),Vegetables,trimethylbenzene (unkn.str.),Hydrocarbons,,
,TOMATO (Lycopersicon esculentum Mill.),Vegetables,"1,2,4,5-tetramethylbenzene",Hydrocarbons,,
,TOMATO (Lycopersicon esculentum Mill.),Vegetables,biphenyl,Hydrocarbons,,
,TOMATO (Lycopersicon esculentum Mill.),Vegetables,"1,2-dihydronaphthalene",Hydrocarbons,,
,TOMATO (Lycopersicon esculentum Mill.),Vegetables,"1,2,3,4-tetrahydro-1,1,6-trimethylnaphthalene (=ionene)",Hydrocarbons,,
,TOMATO (Lycopersicon esculentum Mill.),Vegetables,"1,2-dihydro-1,1,6-trimethylnaphthalene (=3,4-dehydroionene)",Hydrocarbons,,
,TOMATO (Lycopersicon esculentum Mill.),Vegetables,naphthalene,Hydrocarbons,,
,TOMATO (Lycopersicon esculentum Mill.),Vegetables,methanol,Alcohols,2.7,560
,TOMATO (Lycopersicon esculentum Mill.),Vegetables,ethanol,Alcohols,8,68.7
,TOMATO (Lycopersicon esculentum Mill.),Vegetables,2-methoxyethanol (=ethylene glycol monomethyl ether),Alcohols,,
,TOMATO (Lycopersicon esculentum Mill.),Vegetables,2-ethoxyethanol (=ethylene glycol monoethyl ether),Alcohols,,
,TOMATO (Lycopersicon esculentum Mill.),Vegetables,"1,2-ethanediol (=ethylene glycol, glycol)",Alcohols,,
,TOMATO (Lycopersicon esculentum Mill.),Vegetables,1-propanol (=propyl alcohol),Alcohols,1.2,2.4
,TOMATO (Lycopersicon esculentum Mill.),Vegetables,2-propanol (=isopropyl alcohol),Alcohols,0.9,0.9
,TOMATO (Lycopersicon esculentum Mill.),Vegetables,2-propen-1-ol (=allyl alcohol),Alcohols,,
,TOMATO (Lycopersicon esculentum Mill.),Vegetables,2-methyl-1-propanol (=isobutanol),Alcohols,,
,TOMATO (Lycopersicon esculentum Mill.),Vegetables,2-methyl-2-propanol (=tert-butanol),Alcohols,,
,TOMATO (Lycopersicon esculentum Mill.),Vegetables,1-butanol,Alcohols,0.4,0.4
,TOMATO (Lycopersicon esculentum Mill.),Vegetables,2-butanol (=sec-butanol),Alcohols,,
,TOMATO (Lycopersicon esculentum Mill.),Vegetables,butenol (unkn.str.),Alcohols,,
,TOMATO (Lycopersicon esculentum Mill.),Vegetables,2-methyl-1-butanol (=active amyl alcohol),Alcohols,0.002,0.8
,TOMATO (Lycopersicon esculentum Mill.),Vegetables,3-methyl-1-butanol (=isoamyl alcohol),Alcohols,0.005,0.69
,TOMATO (Lycopersicon esculentum Mill.),Vegetables,3-methyl-2-buten-1-ol (=prenol),Alcohols,,
,TOMATO (Lycopersicon esculentum Mill.),Vegetables,2-methyl-3-buten-2-ol,Alcohols,,
,TOMATO (Lycopersicon esculentum Mill.),Vegetables,"2,3-butanediol (=2,3-butylene glycol)",Alcohols,,
,TOMATO (Lycopersicon esculentum Mill.),Vegetables,1-pentanol (=amyl alcohol),Alcohols,0,0.2
,TOMATO (Lycopersicon esculentum Mill.),Vegetables,2-pentanol,Alcohols,,
,TOMATO (Lycopersicon esculentum Mill.),Vegetables,3-pentanol,Alcohols,,
,TOMATO (Lycopersicon esculentum Mill.),Vegetables,(Z)-2-penten-1-ol,Alcohols,0.04,0.04
,TOMATO (Lycopersicon esculentum Mill.),Vegetables,(Z)-3-penten-1-ol,Alcohols,,
,TOMATO (Lycopersicon esculentum Mill.),Vegetables,1-penten-3-ol,Alcohols,0,0.2
,TOMATO (Lycopersicon esculentum Mill.),Vegetables,2-methyl-1-pentanol,Alcohols,,
,TOMATO (Lycopersicon esculentum Mill.),Vegetables,3-methyl-1-pentanol,Alcohols,,
,TOMATO (Lycopersicon esculentum Mill.),Vegetables,4-methyl-1-pentanol,Alcohols,,
,TOMATO (Lycopersicon esculentum Mill.),Vegetables,2-methyl-2-pentanol,Alcohols,,
,TOMATO (Lycopersicon esculentum Mill.),Vegetables,1-hexanol,Alcohols,0.0006,3
,TOMATO (Lycopersicon esculentum Mill.),Vegetables,2-hexanol,Alcohols,,
,TOMATO (Lycopersicon esculentum Mill.),Vegetables,(E)-2-hexen-1-ol,Alcohols,0.01,0.8
,TOMATO (Lycopersicon esculentum Mill.),Vegetables,(Z)-2-hexen-1-ol,Alcohols,,
,TOMATO (Lycopersicon esculentum Mill.),Vegetables,3-hexen-1-ol,Alcohols,0.01,3
,TOMATO (Lycopersicon esculentum Mill.),Vegetables,(Z)-3-hexen-1-ol (=leaf alcohol),Alcohols,0,3.056
,TOMATO (Lycopersicon esculentum Mill.),Vegetables,(E)-3-hexen-1-ol,Alcohols,,
,TOMATO (Lycopersicon esculentum Mill.),Vegetables,(Z)-4-hexen-1-ol,Alcohols,,
,TOMATO (Lycopersicon esculentum Mill.),Vegetables,hexenol (unkn.str.),Alcohols,,
,TOMATO (Lycopersicon esculentum Mill.),Vegetables,2-methyl-3-hexanol,Alcohols,2.5,2.5
,TOMATO (Lycopersicon esculentum Mill.),Vegetables,2-ethyl-1-hexanol,Alcohols,0.0023,0.0048
,TOMATO (Lycopersicon esculentum Mill.),Vegetables,1-heptanol,Alcohols,<0.0001,0.0069
,TOMATO (Lycopersicon esculentum Mill.),Vegetables,2-heptanol,Alcohols,,
,TOMATO (Lycopersicon esculentum Mill.),Vegetables,4-heptanol,Alcohols,,
,TOMATO (Lycopersicon esculentum Mill.),Vegetables,6-methyl-5-hepten-2-ol,Alcohols,0,0.06
,TOMATO (Lycopersicon esculentum Mill.),Vegetables,1-octanol,Alcohols,0.0044,0.011
,TOMATO (Lycopersicon esculentum Mill.),Vegetables,1-octen-3-ol,Alcohols,,
,TOMATO (Lycopersicon esculentum Mill.),Vegetables,2-butyl-1-octanol,Alcohols,,
,TOMATO (Lycopersicon esculentum Mill.),Vegetables,"3,7-dimethyl-1,5,7-octatrien-3-ol (=hotrienol)",Alcohols,,
,TOMATO (Lycopersicon esculentum Mill.),Vegetables,1-nonanol,Alcohols,,
,TOMATO (Lycopersicon esculentum Mill.),Vegetables,citronellol,Alcohols,,
,TOMATO (Lycopersicon esculentum Mill.),Vegetables,geraniol,Alcohols,0.049,0.049
,TOMATO (Lycopersicon esculentum Mill.),Vegetables,nerol,Alcohols,0.00086,0.048
,TOMATO (Lycopersicon esculentum Mill.),Vegetables,linalool,Alcohols,0.00011,0.11
,TOMATO (Lycopersicon esculentum Mill.),Vegetables,farnesol,Alcohols,,
,TOMATO (Lycopersicon esculentum Mill.),Vegetables,nerolidol,Alcohols,,
,TOMATO (Lycopersicon esculentum Mill.),Vegetables,2-methylcyclohexanol,Alcohols,,
,TOMATO (Lycopersicon esculentum Mill.),Vegetables,benzyl alcohol (=benzenemethanol),Alcohols,0.016,0.538
,TOMATO (Lycopersicon esculentum Mill.),Vegetables,"4-isopropylbenzyl alcohol (=cumic alcohol, p-cymen-7-ol)",Alcohols,,
,TOMATO (Lycopersicon esculentum Mill.),Vegetables,2-phenylethanol (=phenethyl alcohol),Alcohols,0.012,2
,TOMATO (Lycopersicon esculentum Mill.),Vegetables,"p-cymen-8-ol (=α,α,p-trimethyl-benzyl alcohol)",Alcohols,,
,TOMATO (Lycopersicon esculentum Mill.),Vegetables,α-terpineol,Alcohols,0.007,0.036
,TOMATO (Lycopersicon esculentum Mill.),Vegetables,β-terpineol,Alcohols,0.017,0.017
,TOMATO (Lycopersicon esculentum Mill.),Vegetables,4-terpineol (=terpinen-4-ol),Alcohols,,
,TOMATO (Lycopersicon esculentum Mill.),Vegetables,formaldehyde (=methanal),"Carbonyls, aldehydes",,
,TOMATO (Lycopersicon esculentum Mill.),Vegetables,acetaldehyde (=ethanal),"Carbonyls, aldehydes",0.015,9
,TOMATO (Lycopersicon esculentum Mill.),Vegetables,ethanedial (=glyoxal),"Carbonyls, aldehydes",,
,TOMATO (Lycopersicon esculentum Mill.),Vegetables,propanal (=propionaldehyde),"Carbonyls, aldehydes",1,1
,TOMATO (Lycopersicon esculentum Mill.),Vegetables,2-propenal (=acrolein),"Carbonyls, aldehydes",,
,TOMATO (Lycopersicon esculentum Mill.),Vegetables,"2-methylpropanal (=isobutanal, isobutyraldehyde)","Carbonyls, aldehydes",,
,TOMATO (Lycopersicon esculentum Mill.),Vegetables,"2-oxopropanal (=pyruvaldehyde, methyl glyoxal, acetylformaldehyde)","Carbonyls, aldehydes",,
,TOMATO (Lycopersicon esculentum Mill.),Vegetables,butanal (=butyraldehyde),"Carbonyls, aldehydes",,
,TOMATO (Lycopersicon esculentum Mill.),Vegetables,2-butenal (=crotonaldehyde),"Carbonyls, aldehydes",,
,TOMATO (Lycopersicon esculentum Mill.),Vegetables,2-methylbutanal (=α-methylbutanal),"Carbonyls, aldehydes",,
,TOMATO (Lycopersicon esculentum Mill.),Vegetables,"3-methylbutanal (=isopentanal, isovaleraldehyde)","Carbonyls, aldehydes",0.01,2
,TOMATO (Lycopersicon esculentum Mill.),Vegetables,2-methyl-2-butenal,"Carbonyls, aldehydes",<0.001,0.075
,TOMATO (Lycopersicon esculentum Mill.),Vegetables,(E)-2-methyl-2-butenal (=tiglicaldehyde),"Carbonyls, aldehydes",,
,TOMATO (Lycopersicon esculentum Mill.),Vegetables,pentanal (=valeraldehyde),"Carbonyls, aldehydes",0.005,0.6
,TOMATO (Lycopersicon esculentum Mill.),Vegetables,2-pentenal,"Carbonyls, aldehydes",,
,TOMATO (Lycopersicon esculentum Mill.),Vegetables,(E)-2-pentenal,"Carbonyls, aldehydes",0.06,0.3
,TOMATO (Lycopersicon esculentum Mill.),Vegetables,3-pentenal,"Carbonyls, aldehydes",,
,TOMATO (Lycopersicon esculentum Mill.),Vegetables,pentenal (unkn.str.),"Carbonyls, aldehydes",0.1,0.1
,TOMATO (Lycopersicon esculentum Mill.),Vegetables,2-methyl-4-pentenal,"Carbonyls, aldehydes",0.266,0.49
,TOMATO (Lycopersicon esculentum Mill.),Vegetables,methylpentenal (unkn.str.),"Carbonyls, aldehydes",,
,TOMATO (Lycopersicon esculentum Mill.),Vegetables,hexanal (=capronaldehyde),"Carbonyls, aldehydes",0.004,23
,TOMATO (Lycopersicon esculentum Mill.),Vegetables,2-hexenal,"Carbonyls, aldehydes",,
,TOMATO (Lycopersicon esculentum Mill.),Vegetables,(E)-2-hexenal (=leaf aldehyde),"Carbonyls, aldehydes",0,13
,TOMATO (Lycopersicon esculentum Mill.),Vegetables,(Z)-2-hexenal,"Carbonyls, aldehydes",,
,TOMATO (Lycopersicon esculentum Mill.),Vegetables,(Z)-3-hexenal,"Carbonyls, aldehydes",0,16
,TOMATO (Lycopersicon esculentum Mill.),Vegetables,hexenal (unkn.str.),"Carbonyls, aldehydes",0.008,0.008
,TOMATO (Lycopersicon esculentum Mill.),Vegetables,"2,4-hexadienal","Carbonyls, aldehydes",0.186,0.282
,TOMATO (Lycopersicon esculentum Mill.),Vegetables,"(E,E)-2,4-hexadienal","Carbonyls, aldehydes",0.166,0.166
,TOMATO (Lycopersicon esculentum Mill.),Vegetables,hexadienal (unkn.str.),"Carbonyls, aldehydes",0.01,0.01
,TOMATO (Lycopersicon esculentum Mill.),Vegetables,heptanal,"Carbonyls, aldehydes",,
,TOMATO (Lycopersicon esculentum Mill.),Vegetables,2-heptenal,"Carbonyls, aldehydes",,
,TOMATO (Lycopersicon esculentum Mill.),Vegetables,(E)-2-heptenal,"Carbonyls, aldehydes",0,0.08
,TOMATO (Lycopersicon esculentum Mill.),Vegetables,heptenal (unkn.str.),"Carbonyls, aldehydes",,
,TOMATO (Lycopersicon esculentum Mill.),Vegetables,"2,4-heptadienal","Carbonyls, aldehydes",0.005,0.05
,TOMATO (Lycopersicon esculentum Mill.),Vegetables,"(E,Z)-2,4-heptadienal","Carbonyls, aldehydes",,
,TOMATO (Lycopersicon esculentum Mill.),Vegetables,"(E,E)-2,4-heptadienal","Carbonyls, aldehydes",0.079,0.079
,TOMATO (Lycopersicon esculentum Mill.),Vegetables,heptadienal (unkn.str.),"Carbonyls, aldehydes",,
,TOMATO (Lycopersicon esculentum Mill.),Vegetables,octanal (=caprylaldehyde),"Carbonyls, aldehydes",0.0012,0.0054
,TOMATO (Lycopersicon esculentum Mill.),Vegetables,2-octenal,"Carbonyls, aldehydes",0.05,0.05
,TOMATO (Lycopersicon esculentum Mill.),Vegetables,(E)-2-octenal,"Carbonyls, aldehydes",0.013,0.015
,TOMATO (Lycopersicon esculentum Mill.),Vegetables,nonanal (=pelargonaldehyde),"Carbonyls, aldehydes",0.00041,0.047
,TOMATO (Lycopersicon esculentum Mill.),Vegetables,2-nonenal,"Carbonyls, aldehydes",,
,TOMATO (Lycopersicon esculentum Mill.),Vegetables,(E)-2-nonenal,"Carbonyls, aldehydes",,
,TOMATO (Lycopersicon esculentum Mill.),Vegetables,"(E,E)-2,4-nonadienal","Carbonyls, aldehydes",,
,TOMATO (Lycopersicon esculentum Mill.),Vegetables,decanal (=capraldehyde),"Carbonyls, aldehydes",0.00028,0.00043
,TOMATO (Lycopersicon esculentum Mill.),Vegetables,2-decenal,"Carbonyls, aldehydes",,
,TOMATO (Lycopersicon esculentum Mill.),Vegetables,(E)-2-decenal,"Carbonyls, aldehydes",,
,TOMATO (Lycopersicon esculentum Mill.),Vegetables,(Z)-4-decenal,"Carbonyls, aldehydes",0.00013,0.00099
,TOMATO (Lycopersicon esculentum Mill.),Vegetables,"2,4-decadienal","Carbonyls, aldehydes",0.01,0.01
,TOMATO (Lycopersicon esculentum Mill.),Vegetables,"(E,Z)-2,4-decadienal","Carbonyls, aldehydes",,
,TOMATO (Lycopersicon esculentum Mill.),Vegetables,"(E,E)-2,4-decadienal","Carbonyls, aldehydes",0.007,0.1
,TOMATO (Lycopersicon esculentum Mill.),Vegetables,decadienal (unkn.str.),"Carbonyls, aldehydes",,
,TOMATO (Lycopersicon esculentum Mill.),Vegetables,"citronellal (=3,7-dimethyl-6-octenal)","Carbonyls, aldehydes",,
,TOMATO (Lycopersicon esculentum Mill.),Vegetables,geranial (=α-citral),"Carbonyls, aldehydes",0,0.244
,TOMATO (Lycopersicon esculentum Mill.),Vegetables,neral (=β-citral),"Carbonyls, aldehydes",0,6
,TOMATO (Lycopersicon esculentum Mill.),Vegetables,farnesal,"Carbonyls, aldehydes",0.04,0.2
,TOMATO (Lycopersicon esculentum Mill.),Vegetables,benzaldehyde,"Carbonyls, aldehydes",0.008,1.2
,TOMATO (Lycopersicon esculentum Mill.),Vegetables,3-methylbenzaldehyde (=m-tolualdehyde),"Carbonyls, aldehydes",,
,TOMATO (Lycopersicon esculentum Mill.),Vegetables,4-methylbenzaldehyde (=p-tolualdehyde),"Carbonyls, aldehydes",,
,TOMATO (Lycopersicon esculentum Mill.),Vegetables,methylbenzaldehyde (unkn.str.) (=tolualdehyde (unkn.str.)),"Carbonyls, aldehydes",,
,TOMATO (Lycopersicon esculentum Mill.),Vegetables,2-hydroxybenzaldehyde (=salicylaldehyde),"Carbonyls, aldehydes",,
,TOMATO (Lycopersicon esculentum Mill.),Vegetables,4-hydroxybenzaldehyde (=4-formylphenol),"Carbonyls, aldehydes",,
,TOMATO (Lycopersicon esculentum Mill.),Vegetables,3-methoxybenzaldehyde,"Carbonyls, aldehydes",,
,TOMATO (Lycopersicon esculentum Mill.),Vegetables,4-methoxybenzaldehyde (=anisaldehyde),"Carbonyls, aldehydes",,
,TOMATO (Lycopersicon esculentum Mill.),Vegetables,"2,5-dimethylbenzaldehyde","Carbonyls, aldehydes",,
,TOMATO (Lycopersicon esculentum Mill.),Vegetables,"3,5-dimethylbenzaldehyde","Carbonyls, aldehydes",0.0018,0.008
,TOMATO (Lycopersicon esculentum Mill.),Vegetables,phenylacetaldehyde (=benzeneacetaldehyde),"Carbonyls, aldehydes",0.0009,0.1
,TOMATO (Lycopersicon esculentum Mill.),Vegetables,3-phenylpropanal (=dihydrocinnamaldehyde),"Carbonyls, aldehydes",,
,TOMATO (Lycopersicon esculentum Mill.),Vegetables,cinnamaldehyde (=3-phenyl-2-propenal),"Carbonyls, aldehydes",,
,TOMATO (Lycopersicon esculentum Mill.),Vegetables,(E)-cinnamaldehyde (=(E)-3-phenyl-2-propenal),"Carbonyls, aldehydes",,
,TOMATO (Lycopersicon esculentum Mill.),Vegetables,β-cyclocitral,"Carbonyls, aldehydes",0,0.006
,TOMATO (Lycopersicon esculentum Mill.),Vegetables,"acetone (=2-propanone, dimethyl ketone)","Carbonyls, ketones",0.6,16
,TOMATO (Lycopersicon esculentum Mill.),Vegetables,2-butanone (=ethyl methyl ketone),"Carbonyls, ketones",3,6
,TOMATO (Lycopersicon esculentum Mill.),Vegetables,3-buten-2-one,"Carbonyls, ketones",,
,TOMATO (Lycopersicon esculentum Mill.),Vegetables,3-hydroxy-2-butanone (=acetoin),"Carbonyls, ketones",0.1,0.3
,TOMATO (Lycopersicon esculentum Mill.),Vegetables,"2,3-butanedione (=diacetyl)","Carbonyls, ketones",0.5,0.5
,TOMATO (Lycopersicon esculentum Mill.),Vegetables,2-pentanone,"Carbonyls, ketones",trace,trace
,TOMATO (Lycopersicon esculentum Mill.),Vegetables,3-pentanone,"Carbonyls, ketones",,
,TOMATO (Lycopersicon esculentum Mill.),Vegetables,3-penten-2-one,"Carbonyls, ketones",,
,TOMATO (Lycopersicon esculentum Mill.),Vegetables,1-penten-3-one,"Carbonyls, ketones",0,0.8
,TOMATO (Lycopersicon esculentum Mill.),Vegetables,2-methyl-3-pentanone,"Carbonyls, ketones",,
,TOMATO (Lycopersicon esculentum Mill.),Vegetables,4-methyl-3-penten-2-one (=mesityl oxide),"Carbonyls, ketones",,
,TOMATO (Lycopersicon esculentum Mill.),Vegetables,"2,4-dimethyl-3-pentanone","Carbonyls, ketones",,
,TOMATO (Lycopersicon esculentum Mill.),Vegetables,4-hydroxy-4-methyl-2-pentanone (=diacetone alcohol),"Carbonyls, ketones",,
,TOMATO (Lycopersicon esculentum Mill.),Vegetables,"2,3-pentanedione (=acetylpropionyl)","Carbonyls, ketones",,
,TOMATO (Lycopersicon esculentum Mill.),Vegetables,2-hexanone,"Carbonyls, ketones",,
,TOMATO (Lycopersicon esculentum Mill.),Vegetables,5-methyl-2-hexanone,"Carbonyls, ketones",,
,TOMATO (Lycopersicon esculentum Mill.),Vegetables,2-heptanone,"Carbonyls, ketones",0.057,0.08
,TOMATO (Lycopersicon esculentum Mill.),Vegetables,4-methyl-3-heptanone,"Carbonyls, ketones",,
,TOMATO (Lycopersicon esculentum Mill.),Vegetables,5-methyl-3-heptanone,"Carbonyls, ketones",,
,TOMATO (Lycopersicon esculentum Mill.),Vegetables,6-methyl-5-hepten-2-one,"Carbonyls, ketones",0,1.4
,TOMATO (Lycopersicon esculentum Mill.),Vegetables,methylheptenone (unkn.str.),"Carbonyls, ketones",,
,TOMATO (Lycopersicon esculentum Mill.),Vegetables,"6-methyl-3,5-heptadien-2-one","Carbonyls, ketones",0.002,0.014
,TOMATO (Lycopersicon esculentum Mill.),Vegetables,"(E)-6-methyl-3,5-heptadien-2-one","Carbonyls, ketones",,
,TOMATO (Lycopersicon esculentum Mill.),Vegetables,"(Z)-6-methyl-3,5-heptadien-2-one","Carbonyls, ketones",,
,TOMATO (Lycopersicon esculentum Mill.),Vegetables,"2,3-heptanedione","Carbonyls, ketones",,
,TOMATO (Lycopersicon esculentum Mill.),Vegetables,2-octanone,"Carbonyls, ketones",,
,TOMATO (Lycopersicon esculentum Mill.),Vegetables,3-octanone,"Carbonyls, ketones",0.00074,0.0016
,TOMATO (Lycopersicon esculentum Mill.),Vegetables,1-octen-3-one,"Carbonyls, ketones",0.00048,0.005
,TOMATO (Lycopersicon esculentum Mill.),Vegetables,"(E,E)-3,5-octadien-2-one","Carbonyls, ketones",,
,TOMATO (Lycopersicon esculentum Mill.),Vegetables,2-nonanone,"Carbonyls, ketones",,
,TOMATO (Lycopersicon esculentum Mill.),Vegetables,(E)-2-nonen-4-one,"Carbonyls, ketones",,
,TOMATO (Lycopersicon esculentum Mill.),Vegetables,undecanone (unkn.str.),"Carbonyls, ketones",,
,TOMATO (Lycopersicon esculentum Mill.),Vegetables,"6,10-dimethyl-5,9-undecadien-2-one","Carbonyls, ketones",0.01,0.9
,TOMATO (Lycopersicon esculentum Mill.),Vegetables,"(Z)-6,10-dimethyl-5,9-undecadien-2-one (=nerylacetone)","Carbonyls, ketones",,
,TOMATO (Lycopersicon esculentum Mill.),Vegetables,"(E)-6,10-dimethyl-5,9-undecadien-2-one (=geranylacetone)","Carbonyls, ketones",0.00019,3.1
,TOMATO (Lycopersicon esculentum Mill.),Vegetables,"6,10-dimethyl-3,5,9-undecatrien-2-one (=ψ-ionone, pseudoionone)","Carbonyls, ketones",0,0.5
,TOMATO (Lycopersicon esculentum Mill.),Vegetables,"(E),(E)-6,10-dimethyl-3,5,9-undecatrien-2-one (=(E),(E)-pseudoionone)","Carbonyls, ketones",,
,TOMATO (Lycopersicon esculentum Mill.),Vegetables,"(E),(Z)-6,10-dimethyl-3,5,9-undecatrien-2-one (=(E),(Z)-pseudoionone)","Carbonyls, ketones",,
,TOMATO (Lycopersicon esculentum Mill.),Vegetables,"6,10,14-trimethyl-5,9,13-pentadecatrien-2-one (=farnesylacetone)","Carbonyls, ketones",0.01,1.8
,TOMATO (Lycopersicon esculentum Mill.),Vegetables,cyclopentanone,"Carbonyls, ketones",,
,TOMATO (Lycopersicon esculentum Mill.),Vegetables,2-cyclohexen-1-one,"Carbonyls, ketones",,
,TOMATO (Lycopersicon esculentum Mill.),Vegetables,2-methylcyclohexanone,"Carbonyls, ketones",,
,TOMATO (Lycopersicon esculentum Mill.),Vegetables,"2,2,6-trimethylcyclohexanone","Carbonyls, ketones",,
,TOMATO (Lycopersicon esculentum Mill.),Vegetables,"2,6,6-trimethyl-2-cyclohexen-1-one","Carbonyls, ketones",,
,TOMATO (Lycopersicon esculentum Mill.),Vegetables,"2-hydroxy-2,6,6-trimethylcyclohexanone","Carbonyls, ketones",,
,TOMATO (Lycopersicon esculentum Mill.),Vegetables,"2,6,6-trimethyl-2-cyclohexenecarbaldehyde (=α-cyclocitral)","Carbonyls, ketones",,
,TOMATO (Lycopersicon esculentum Mill.),Vegetables,acetophenone (=1-phenylethanone),"Carbonyls, ketones",,
,TOMATO (Lycopersicon esculentum Mill.),Vegetables,4-methylacetophenone,"Carbonyls, ketones",,
,TOMATO (Lycopersicon esculentum Mill.),Vegetables,methylacetophenone (unkn.str.),"Carbonyls, ketones",,
,TOMATO (Lycopersicon esculentum Mill.),Vegetables,2-hydroxyacetophenone,"Carbonyls, ketones",,
,TOMATO (Lycopersicon esculentum Mill.),Vegetables,4-hydroxyacetophenone,"Carbonyls, ketones",,
,TOMATO (Lycopersicon esculentum Mill.),Vegetables,4-methoxyacetophenone (=acetanisole),"Carbonyls, ketones",,
,TOMATO (Lycopersicon esculentum Mill.),Vegetables,1-phenyl-2-propanone,"Carbonyls, ketones",,
,TOMATO (Lycopersicon esculentum Mill.),Vegetables,β-damascenone (=(E)-β-damascenone),"Carbonyls, ketones",0.001,0.025
,TOMATO (Lycopersicon esculentum Mill.),Vegetables,"4-(2,6,6-trimethyl-1-cyclohexen-1-yl)-3-buten-2-one (=β-ionone)","Carbonyls, ketones",1.8E-005,0.4
,TOMATO (Lycopersicon esculentum Mill.),Vegetables,α-ionone,"Carbonyls, ketones",0,0.06
,TOMATO (Lycopersicon esculentum Mill.),Vegetables,(E)-β-ionone,"Carbonyls, ketones",0,0.2
,TOMATO (Lycopersicon esculentum Mill.),Vegetables,γ-ionone,"Carbonyls, ketones",0.01,0.02
,TOMATO (Lycopersicon esculentum Mill.),Vegetables,"5,6-epoxy-β-ionone (=epoxy-β-ionone)","Carbonyls, ketones",0.001,0.001
,TOMATO (Lycopersicon esculentum Mill.),Vegetables,1-phenyl-2-butanone,"Carbonyls, ketones",,
,TOMATO (Lycopersicon esculentum Mill.),Vegetables,4-methyl-4-phenyl-2-pentanone,"Carbonyls, ketones",,
,TOMATO (Lycopersicon esculentum Mill.),Vegetables,"carvone (=p-6,8-menthadien-2-one)","Carbonyls, ketones",,
,TOMATO (Lycopersicon esculentum Mill.),Vegetables,camphor (=alcanfor),"Carbonyls, ketones",9E-005,0.008
,TOMATO (Lycopersicon esculentum Mill.),Vegetables,acetic acid,Acids,,
,TOMATO (Lycopersicon esculentum Mill.),Vegetables,propanoic acid (=propionic acid),Acids,,
,TOMATO (Lycopersicon esculentum Mill.),Vegetables,2-methylpropanoic acid (=isobutyric acid),Acids,,
,TOMATO (Lycopersicon esculentum Mill.),Vegetables,butanoic acid (=butyric acid),Acids,,
,TOMATO (Lycopersicon esculentum Mill.),Vegetables,2-methylbutanoic acid,Acids,0.005,0.041
,TOMATO (Lycopersicon esculentum Mill.),Vegetables,3-methylbutanoic acid (=isovaleric acid),Acids,0.007,8
,TOMATO (Lycopersicon esculentum Mill.),Vegetables,pentanoic acid (=valeric acid),Acids,,
,TOMATO (Lycopersicon esculentum Mill.),Vegetables,4-methylpentanoic acid (=isocaproic acid),Acids,,
,TOMATO (Lycopersicon esculentum Mill.),Vegetables,hexanoic acid (=caproic acid),Acids,0.013,0.08
,TOMATO (Lycopersicon esculentum Mill.),Vegetables,4-hexenoic acid,Acids,,
,TOMATO (Lycopersicon esculentum Mill.),Vegetables,heptanoic acid (=enanthic acid),Acids,,
,TOMATO (Lycopersicon esculentum Mill.),Vegetables,octanoic acid (=caprylic acid),Acids,,
,TOMATO (Lycopersicon esculentum Mill.),Vegetables,nonanoic acid (=pelargonic acid),Acids,,
,TOMATO (Lycopersicon esculentum Mill.),Vegetables,tetradecanoic acid (=myristic acid),Acids,,
,TOMATO (Lycopersicon esculentum Mill.),Vegetables,pentadecanoic acid,Acids,,
,TOMATO (Lycopersicon esculentum Mill.),Vegetables,hexadecanoic acid (=palmitic acid),Acids,210,210
,TOMATO (Lycopersicon esculentum Mill.),Vegetables,octadecanoic acid (=stearic acid),Acids,,
,TOMATO (Lycopersicon esculentum Mill.),Vegetables,(Z)-9-octadecenoic acid (=oleic acid),Acids,,
,TOMATO (Lycopersicon esculentum Mill.),Vegetables,"(Z,Z)-9,12-octadecadienoic acid (=linoleic acid)",Acids,,
,TOMATO (Lycopersicon esculentum Mill.),Vegetables,"(Z,Z,Z)-9,12,15-octadecatrienoic acid (=linolenic acid)",Acids,,
,TOMATO (Lycopersicon esculentum Mill.),Vegetables,(E)-geranic acid,Acids,,
,TOMATO (Lycopersicon esculentum Mill.),Vegetables,oxalic acid (=ethanedioic acid),Acids,,
,TOMATO (Lycopersicon esculentum Mill.),Vegetables,succinic acid (=butanedioic acid),Acids,,
,TOMATO (Lycopersicon esculentum Mill.),Vegetables,fumaric acid (=(E)-butenedioic acid),Acids,,
,TOMATO (Lycopersicon esculentum Mill.),Vegetables,malic acid (=hydroxybutanedioic acid),Acids,800,2000
,TOMATO (Lycopersicon esculentum Mill.),Vegetables,citric acid,Acids,3500,8000
,TOMATO (Lycopersicon esculentum Mill.),Vegetables,benzoic acid,Acids,,
,TOMATO (Lycopersicon esculentum Mill.),Vegetables,2-hydroxybenzoic acid (=salicylic acid),Acids,,
,TOMATO (Lycopersicon esculentum Mill.),Vegetables,quinic acid,Acids,40,40
,TOMATO (Lycopersicon esculentum Mill.),Vegetables,phenylacetic acid,Acids,,
,TOMATO (Lycopersicon esculentum Mill.),Vegetables,cinnamic acid,Acids,,
,TOMATO (Lycopersicon esculentum Mill.),Vegetables,4-hydroxycinnamic acid (=p-coumaric acid),Acids,,
,TOMATO (Lycopersicon esculentum Mill.),Vegetables,propylene carbonate,Esters,,
,TOMATO (Lycopersicon esculentum Mill.),Vegetables,ethyl formate,Esters,,
,TOMATO (Lycopersicon esculentum Mill.),Vegetables,pentyl formate,Esters,,
,TOMATO (Lycopersicon esculentum Mill.),Vegetables,phenethyl formate,Esters,,
,TOMATO (Lycopersicon esculentum Mill.),Vegetables,methyl acetate,Esters,,
,TOMATO (Lycopersicon esculentum Mill.),Vegetables,ethyl acetate,Esters,3,6
,TOMATO (Lycopersicon esculentum Mill.),Vegetables,propyl acetate,Esters,0.6,0.6
,TOMATO (Lycopersicon esculentum Mill.),Vegetables,butyl acetate,Esters,,
,TOMATO (Lycopersicon esculentum Mill.),Vegetables,isobutyl acetate (=2-methylpropyl acetate),Esters,,
,TOMATO (Lycopersicon esculentum Mill.),Vegetables,2-methylbutyl acetate,Esters,,
,TOMATO (Lycopersicon esculentum Mill.),Vegetables,"triethyl 1,1,2-ethanetricarboxylate",Esters,,
,TOMATO (Lycopersicon esculentum Mill.),Vegetables,pentyl acetate (=amyl acetate),Esters,,
,TOMATO (Lycopersicon esculentum Mill.),Vegetables,"isopentyl acetate (=3-methylbutyl acetate, isoamyl acetate)",Esters,,
,TOMATO (Lycopersicon esculentum Mill.),Vegetables,hexyl acetate,Esters,0.009,0.074
,TOMATO (Lycopersicon esculentum Mill.),Vegetables,hexyl acetate (branched),Esters,,
,TOMATO (Lycopersicon esculentum Mill.),Vegetables,(E)-2-hexenyl acetate,Esters,0.015,0.015
,TOMATO (Lycopersicon esculentum Mill.),Vegetables,3-hexenyl acetate,Esters,,
,TOMATO (Lycopersicon esculentum Mill.),Vegetables,(Z)-3-hexenyl acetate,Esters,,
,TOMATO (Lycopersicon esculentum Mill.),Vegetables,(E)-3-hexenyl acetate,Esters,,
,TOMATO (Lycopersicon esculentum Mill.),Vegetables,citronellyl acetate,Esters,,
,TOMATO (Lycopersicon esculentum Mill.),Vegetables,linalyl acetate,Esters,2.3,2.3
,TOMATO (Lycopersicon esculentum Mill.),Vegetables,benzyl acetate,Esters,,
,TOMATO (Lycopersicon esculentum Mill.),Vegetables,phenethyl acetate,Esters,,
,TOMATO (Lycopersicon esculentum Mill.),Vegetables,ethyl propanoate,Esters,1.6,2.3
,TOMATO (Lycopersicon esculentum Mill.),Vegetables,isopentyl propanoate,Esters,,
,TOMATO (Lycopersicon esculentum Mill.),Vegetables,methyl butanoate,Esters,,
,TOMATO (Lycopersicon esculentum Mill.),Vegetables,sec-butyl butanoate,Esters,,
,TOMATO (Lycopersicon esculentum Mill.),Vegetables,"isopentyl butanoate (=3-methylbutyl butanoate, isoamyl butyrate)",Esters,0.2,0.2
,TOMATO (Lycopersicon esculentum Mill.),Vegetables,citronellyl butanoate,Esters,9,9
,TOMATO (Lycopersicon esculentum Mill.),Vegetables,geranyl butanoate,Esters,13,13
,TOMATO (Lycopersicon esculentum Mill.),Vegetables,isobutyl 3-methylbutanoate (=isobutyl isovalerate),Esters,,
,TOMATO (Lycopersicon esculentum Mill.),Vegetables,2-methylbutyl 3-methylbutanoate,Esters,,
,TOMATO (Lycopersicon esculentum Mill.),Vegetables,"isopentyl 3-methylbutanoate (=3-methylbutyl 3-methylbutanoate, isoamyl isovalerate)",Esters,,
,TOMATO (Lycopersicon esculentum Mill.),Vegetables,isobutyl pentanoate,Esters,,
,TOMATO (Lycopersicon esculentum Mill.),Vegetables,isopentyl pentanoate,Esters,,
,TOMATO (Lycopersicon esculentum Mill.),Vegetables,methyl hexanoate,Esters,,
,TOMATO (Lycopersicon esculentum Mill.),Vegetables,ethyl hexanoate (=ethyl caproate),Esters,,
,TOMATO (Lycopersicon esculentum Mill.),Vegetables,butyl hexanoate,Esters,,
,TOMATO (Lycopersicon esculentum Mill.),Vegetables,hexyl hexanoate,Esters,,
,TOMATO (Lycopersicon esculentum Mill.),Vegetables,methyl octanoate,Esters,,
,TOMATO (Lycopersicon esculentum Mill.),Vegetables,methyl tetradecanoate (=methyl myristate),Esters,,
,TOMATO (Lycopersicon esculentum Mill.),Vegetables,ethyl tetradecanoate (=ethyl myristate),Esters,,
,TOMATO (Lycopersicon esculentum Mill.),Vegetables,methyl pentadecanoate,Esters,,
,TOMATO (Lycopersicon esculentum Mill.),Vegetables,methyl hexadecanoate (=methyl palmitate),Esters,,
,TOMATO (Lycopersicon esculentum Mill.),Vegetables,ethyl hexadecanoate (=ethyl palmitate),Esters,,
,TOMATO (Lycopersicon esculentum Mill.),Vegetables,methyl octadecanoate (=methyl stearate),Esters,,
,TOMATO (Lycopersicon esculentum Mill.),Vegetables,methyl 9-octadecenoate,Esters,,
,TOMATO (Lycopersicon esculentum Mill.),Vegetables,"methyl 9,12-octadecadienoate",Esters,,
,TOMATO (Lycopersicon esculentum Mill.),Vegetables,"ethyl 9,12-octadecadienoate",Esters,,
,TOMATO (Lycopersicon esculentum Mill.),Vegetables,"methyl 9,12,15-octadecatrienoate",Esters,,
,TOMATO (Lycopersicon esculentum Mill.),Vegetables,"ethyl 9,12,15-octadecatrienoate",Esters,,
,TOMATO (Lycopersicon esculentum Mill.),Vegetables,methyl benzoate,Esters,,
,TOMATO (Lycopersicon esculentum Mill.),Vegetables,methyl 2-hydroxybenzoate (=methyl salicylate),Esters,0,27.6
,TOMATO (Lycopersicon esculentum Mill.),Vegetables,ethyl 2-hydroxybenzoate (=ethyl salicylate),Esters,,
,TOMATO (Lycopersicon esculentum Mill.),Vegetables,"4-hydroxybutanoic acid lactone (=dihydro-2(3H)-furanone, 4-butanolide, γ-butyrolactone)",Lactones,,
,TOMATO (Lycopersicon esculentum Mill.),Vegetables,4-hydroxy-2-methylbutanoic acid lactone (=3-methyl-tetrahydrofuran-2-one),Lactones,,
,TOMATO (Lycopersicon esculentum Mill.),Vegetables,"4-hydroxypentanoic acid lactone (=γ-valerolactone, 4-pentanolide)",Lactones,,
,TOMATO (Lycopersicon esculentum Mill.),Vegetables,4-hydroxy-3-methylpentanoic acid lactone,Lactones,,
,TOMATO (Lycopersicon esculentum Mill.),Vegetables,"4-hydroxyhexanoic acid lactone (=γ-hexalactone, γ-caprolactone, 4-hexanolide)",Lactones,,
,TOMATO (Lycopersicon esculentum Mill.),Vegetables,"5,6-dihydroxyhexanoic acid lactone (unkn.str.)",Lactones,,
,TOMATO (Lycopersicon esculentum Mill.),Vegetables,"4-hydroxyoctanoic acid lactone (=4-octanolide, γ-octalactone, 5-butyldihydro-2(3H)-furanone)",Lactones,,
,TOMATO (Lycopersicon esculentum Mill.),Vegetables,"5-hydroxyoctanoic acid lactone (=5-octanolide, δ-octalactone)",Lactones,,
,TOMATO (Lycopersicon esculentum Mill.),Vegetables,"4-hydroxynonanoic acid lactone (=4-nonanolide, γ-nonalactone)",Lactones,,
,TOMATO (Lycopersicon esculentum Mill.),Vegetables,dihydroactinidiolide,Lactones,,
,TOMATO (Lycopersicon esculentum Mill.),Vegetables,methylamine,Bases,<0.01,<0.01
,TOMATO (Lycopersicon esculentum Mill.),Vegetables,ethylamine,Bases,<0.01,<0.01
,TOMATO (Lycopersicon esculentum Mill.),Vegetables,propylamine,Bases,<0.01,<0.01
,TOMATO (Lycopersicon esculentum Mill.),Vegetables,butylamine,Bases,,
,TOMATO (Lycopersicon esculentum Mill.),Vegetables,isobutylamine,Bases,0.04,0.04
,TOMATO (Lycopersicon esculentum Mill.),Vegetables,pentylamine,Bases,,
,TOMATO (Lycopersicon esculentum Mill.),Vegetables,isopentylamine,Bases,0.14,0.14
,TOMATO (Lycopersicon esculentum Mill.),Vegetables,dimethylamine,Bases,<0.01,<0.01
,TOMATO (Lycopersicon esculentum Mill.),Vegetables,diethylamine,Bases,<0.01,<0.01
,TOMATO (Lycopersicon esculentum Mill.),Vegetables,trimethylamine,Bases,<0.01,<0.01
,TOMATO (Lycopersicon esculentum Mill.),Vegetables,N-ethyldimethylamine,Bases,<0.01,<0.01
,TOMATO (Lycopersicon esculentum Mill.),Vegetables,pyridine,Bases,,
,TOMATO (Lycopersicon esculentum Mill.),Vegetables,2-pyridinecarbaldehyde,Bases,,
,TOMATO (Lycopersicon esculentum Mill.),Vegetables,methylpyrazine,Bases,,
,TOMATO (Lycopersicon esculentum Mill.),Vegetables,"2,6-dimethylpyrazine",Bases,,
,TOMATO (Lycopersicon esculentum Mill.),Vegetables,2-ethyl-6-vinylpyrazine,Bases,,
,TOMATO (Lycopersicon esculentum Mill.),Vegetables,2-isopropyl-3-methoxypyrazine,Bases,,
,TOMATO (Lycopersicon esculentum Mill.),Vegetables,hydrogen sulfide,Sulfur compounds,,
,TOMATO (Lycopersicon esculentum Mill.),Vegetables,"dimethyl sulfide (=thiobismethane, methylthiomethane, methyl sulfide)",Sulfur compounds,0.2,10
,TOMATO (Lycopersicon esculentum Mill.),Vegetables,ethyl methyl sulfide (=methylthioethane),Sulfur compounds,,
,TOMATO (Lycopersicon esculentum Mill.),Vegetables,dimethyl disulfide (=methyldithiomethane),Sulfur compounds,,
,TOMATO (Lycopersicon esculentum Mill.),Vegetables,methyl propyl disulfide,Sulfur compounds,,
,TOMATO (Lycopersicon esculentum Mill.),Vegetables,"dimethyl trisulfide (=2,3,4-trithiapentane, methyltrithiomethane)",Sulfur compounds,,
,TOMATO (Lycopersicon esculentum Mill.),Vegetables,2-(methylthio)ethanol,Sulfur compounds,,
,TOMATO (Lycopersicon esculentum Mill.),Vegetables,3-(methylthio)-1-propanol (=methionol),Sulfur compounds,,
,TOMATO (Lycopersicon esculentum Mill.),Vegetables,5-(methylthio)-1-pentanol,Sulfur compounds,,
,TOMATO (Lycopersicon esculentum Mill.),Vegetables,(methylthio)acetaldehyde,Sulfur compounds,,
,TOMATO (Lycopersicon esculentum Mill.),Vegetables,3-(methylthio)propanal (=methional),Sulfur compounds,0.001,0.05
,TOMATO (Lycopersicon esculentum Mill.),Vegetables,3-Methylthiohexanal,Sulfur compounds,,
,TOMATO (Lycopersicon esculentum Mill.),Vegetables,1-(methylthio)octan-3-one,Sulfur compounds,,
,TOMATO (Lycopersicon esculentum Mill.),Vegetables,1-(methylthio)-3-pentanone,Sulfur compounds,,
,TOMATO (Lycopersicon esculentum Mill.),Vegetables,methyl methanesulfonothioate,Sulfur compounds,,
,TOMATO (Lycopersicon esculentum Mill.),Vegetables,dimethyl sulfoxide (=methylsulfinylmethane),Sulfur compounds,0.00014,0.11
,TOMATO (Lycopersicon esculentum Mill.),Vegetables,dimethyl sulfone (=methylsulfonylmethane),Sulfur compounds,trace,trace
,TOMATO (Lycopersicon esculentum Mill.),Vegetables,2-ethylthiophene,Sulfur compounds,0.01,0.031
,TOMATO (Lycopersicon esculentum Mill.),Vegetables,2-thiophenecarbaldehyde (=2-formylthiophene),Sulfur compounds,,
,TOMATO (Lycopersicon esculentum Mill.),Vegetables,3-thiophenecarbaldehyde,Sulfur compounds,,
,TOMATO (Lycopersicon esculentum Mill.),Vegetables,5-methyl-2-thiophenecarbaldehyde,Sulfur compounds,,
,TOMATO (Lycopersicon esculentum Mill.),Vegetables,2-acetylthiophene,Sulfur compounds,,
,TOMATO (Lycopersicon esculentum Mill.),Vegetables,2-thiophenecarboxylic acid,Sulfur compounds,,
,TOMATO (Lycopersicon esculentum Mill.),Vegetables,2-propylthiazole,Sulfur compounds,,
,TOMATO (Lycopersicon esculentum Mill.),Vegetables,2-isobutylthiazole,Sulfur compounds,0.00043,0.7
,TOMATO (Lycopersicon esculentum Mill.),Vegetables,2-sec-butylthiazole,Sulfur compounds,,
,TOMATO (Lycopersicon esculentum Mill.),Vegetables,2-isopropyl-4-methylthiazole,Sulfur compounds,,
,TOMATO (Lycopersicon esculentum Mill.),Vegetables,benzothiazole,Sulfur compounds,,
,TOMATO (Lycopersicon esculentum Mill.),Vegetables,2-methyl-2-thiazoline,Sulfur compounds,,
,TOMATO (Lycopersicon esculentum Mill.),Vegetables,1-ethoxy-1-(3-methylbutoxy)-ethane,Acetals,,
,TOMATO (Lycopersicon esculentum Mill.),Vegetables,1-ethoxy-1-pentoxyethane,Acetals,,
,TOMATO (Lycopersicon esculentum Mill.),Vegetables,"1,1-dipropoxyethane",Acetals,,
,TOMATO (Lycopersicon esculentum Mill.),Vegetables,diethylene glycol monomethyl ether,Ethers,,
,TOMATO (Lycopersicon esculentum Mill.),Vegetables,"2,2'-(ethylenedioxy)bisethanol (=triethylene glycol)",Ethers,,
,TOMATO (Lycopersicon esculentum Mill.),Vegetables,trichloromethane (=chloroform),Halogens,,
,TOMATO (Lycopersicon esculentum Mill.),Vegetables,"1,1,2-trichloroethene (=trichloroethylene)",Halogens,,
,TOMATO (Lycopersicon esculentum Mill.),Vegetables,"1,2-dichlorobenzene",Halogens,,
,TOMATO (Lycopersicon esculentum Mill.),Vegetables,"butanenitrile (=butyronitrile, propyl cyanide)",Nitriles and amides,,
,TOMATO (Lycopersicon esculentum Mill.),Vegetables,3-methylbutanenitrile (=isobutyl cyanide),Nitriles and amides,0.002,0.2
,TOMATO (Lycopersicon esculentum Mill.),Vegetables,pentanenitrile,Nitriles and amides,,
,TOMATO (Lycopersicon esculentum Mill.),Vegetables,benzonitrile,Nitriles and amides,,
,TOMATO (Lycopersicon esculentum Mill.),Vegetables,"phenylacetonitrile (=benzyl cyanide, benzeneacetonitrile)",Nitriles and amides,0.003,0.13
,TOMATO (Lycopersicon esculentum Mill.),Vegetables,3-methylbutanal oxime,Nitriles and amides,,
,TOMATO (Lycopersicon esculentum Mill.),Vegetables,2-methyl-1-nitropropane,Nitriles and amides,<0.005,<0.005
,TOMATO (Lycopersicon esculentum Mill.),Vegetables,3-methyl-1-nitrobutane,Nitriles and amides,0.002,0.3
,TOMATO (Lycopersicon esculentum Mill.),Vegetables,1-nitropentane,Nitriles and amides,,
,TOMATO (Lycopersicon esculentum Mill.),Vegetables,2-methyl-4-nitro-2-butanol,Nitriles and amides,,
,TOMATO (Lycopersicon esculentum Mill.),Vegetables,(2-nitroethyl)benzene,Nitriles and amides,0.017,0.19
,TOMATO (Lycopersicon esculentum Mill.),Vegetables,phenol (=hydroxybenzene),Phenols,,
,TOMATO (Lycopersicon esculentum Mill.),Vegetables,2-methylphenol (=o-cresol),Phenols,,
,TOMATO (Lycopersicon esculentum Mill.),Vegetables,4-methylphenol (=p-cresol),Phenols,,
,TOMATO (Lycopersicon esculentum Mill.),Vegetables,methylphenol (unkn.str.) (=cresol (unkn.str.)),Phenols,,
,TOMATO (Lycopersicon esculentum Mill.),Vegetables,4-ethylphenol,Phenols,,
,TOMATO (Lycopersicon esculentum Mill.),Vegetables,4-vinylphenol,Phenols,,
,TOMATO (Lycopersicon esculentum Mill.),Vegetables,"3,4-dimethylphenol",Phenols,,
,TOMATO (Lycopersicon esculentum Mill.),Vegetables,"3,5-dimethylphenol (=3,5-xylenol)",Phenols,,
,TOMATO (Lycopersicon esculentum Mill.),Vegetables,"2,3,5-trimethylphenol",Phenols,,
,TOMATO (Lycopersicon esculentum Mill.),Vegetables,"1-methoxy-4-methylbenzene (=4-methylanisole, 4-methoxy-toluene, p-cresyl methyl ether)",Phenols,,
,TOMATO (Lycopersicon esculentum Mill.),Vegetables,isopropyl-methoxybenzene (unkn.str.),Phenols,,
,TOMATO (Lycopersicon esculentum Mill.),Vegetables,2-methoxyphenol (=guaiacol),Phenols,0.008,2.028
,TOMATO (Lycopersicon esculentum Mill.),Vegetables,4-ethyl-2-methoxyphenol (=4-ethylguaiacol),Phenols,,
,TOMATO (Lycopersicon esculentum Mill.),Vegetables,2-methoxy-4-vinylphenol (=4-vinylguaiacol),Phenols,,
,TOMATO (Lycopersicon esculentum Mill.),Vegetables,eugenol (=4-allyl-2-methoxyphenol),Phenols,0.002,0.4
,TOMATO (Lycopersicon esculentum Mill.),Vegetables,isoeugenol (=2-methoxy-4-(1-propenyl)-phenol),Phenols,,
,TOMATO (Lycopersicon esculentum Mill.),Vegetables,linalool oxide (5),Furans,,
,TOMATO (Lycopersicon esculentum Mill.),Vegetables,"linalool oxide B (cis, 5-ring)",Furans,,
,TOMATO (Lycopersicon esculentum Mill.),Vegetables,"linalool oxide A (trans, 5-ring)",Furans,,
,TOMATO (Lycopersicon esculentum Mill.),Vegetables,"4-methyl-2,3-dihydrofuran",Furans,,
,TOMATO (Lycopersicon esculentum Mill.),Vegetables,2-methylfuran,Furans,0.061,0.061
,TOMATO (Lycopersicon esculentum Mill.),Vegetables,2-ethylfuran,Furans,,
,TOMATO (Lycopersicon esculentum Mill.),Vegetables,2-propylfuran,Furans,,
,TOMATO (Lycopersicon esculentum Mill.),Vegetables,2-butylfuran,Furans,,
,TOMATO (Lycopersicon esculentum Mill.),Vegetables,2-isobutenylfuran (unkn.str.),Furans,,
,TOMATO (Lycopersicon esculentum Mill.),Vegetables,2-pentylfuran,Furans,0.00056,0.013
,TOMATO (Lycopersicon esculentum Mill.),Vegetables,2-hexylfuran,Furans,,
,TOMATO (Lycopersicon esculentum Mill.),Vegetables,2-heptylfuran,Furans,,
,TOMATO (Lycopersicon esculentum Mill.),Vegetables,2-isopropyl-5-methylfuran,Furans,,
,TOMATO (Lycopersicon esculentum Mill.),Vegetables,2-methyl-5-propenylfuran,Furans,,
,TOMATO (Lycopersicon esculentum Mill.),Vegetables,2-isopropenyl-5-methylfuran,Furans,,
,TOMATO (Lycopersicon esculentum Mill.),Vegetables,2-methylbenzofuran,Furans,,
,TOMATO (Lycopersicon esculentum Mill.),Vegetables,"furfural (=2-formylfuran, 2-furancarbaldehyde, 2-furaldehyde)",Furans,0.027,0.21
,TOMATO (Lycopersicon esculentum Mill.),Vegetables,5-methylfurfural,Furans,,
,TOMATO (Lycopersicon esculentum Mill.),Vegetables,2-methyldihydro-3(2H)-furanone,Furans,,
,TOMATO (Lycopersicon esculentum Mill.),Vegetables,4-methyl-2(5H)-furanone,Furans,,
,TOMATO (Lycopersicon esculentum Mill.),Vegetables,"5-ethyl-2(5H)-furanone (=4-ethyl-2-butenolide, 2-hexen-4-olide)",Furans,0.074,0.074
,TOMATO (Lycopersicon esculentum Mill.),Vegetables,4-hydroxy-2-methyl-3(2H)-furanone,Furans,1.2,3.3
,TOMATO (Lycopersicon esculentum Mill.),Vegetables,"3,5-dimethyl-5-pentyl-2(5H)-furanone",Furans,,
,TOMATO (Lycopersicon esculentum Mill.),Vegetables,"4-hydroxy-2,5-dimethyl-3(2H)-furanone (=furaneol)",Furans,0.7,1
,TOMATO (Lycopersicon esculentum Mill.),Vegetables,"2-acetylfuran (=2-furyl methyl ketone, 1-(2-furyl)ethanone)",Furans,0.018,0.08
,TOMATO (Lycopersicon esculentum Mill.),Vegetables,acetylfuran (unkn.str.),Furans,,
,TOMATO (Lycopersicon esculentum Mill.),Vegetables,2-acetyl-5-methylfuran,Furans,,
,TOMATO (Lycopersicon esculentum Mill.),Vegetables,2-acetonyl-5-methylfuran (=1-(5-methyl-2-furyl)-2-propanone),Furans,,
,TOMATO (Lycopersicon esculentum Mill.),Vegetables,"furfuryl alcohol (=(2-furyl)-methanol, 2-furanmethanol)",Furans,,
,TOMATO (Lycopersicon esculentum Mill.),Vegetables,2-furancarboxylic acid (=2-furoic acid),Furans,,
,TOMATO (Lycopersicon esculentum Mill.),Vegetables,methyl 2-furancarboxylate,Furans,,
,TOMATO (Lycopersicon esculentum Mill.),Vegetables,"1,2-epoxyhexane","(Ep)oxides, pyrans, coumarins",,
,TOMATO (Lycopersicon esculentum Mill.),Vegetables,3-(3-ethyl-2-oxiranyl)-2-propenal,"(Ep)oxides, pyrans, coumarins",0.004,0.004
,TOMATO (Lycopersicon esculentum Mill.),Vegetables,"4,5-Epoxy-(E)-2-decenal","(Ep)oxides, pyrans, coumarins",0.03,0.03
,TOMATO (Lycopersicon esculentum Mill.),Vegetables,β-caryophyllene oxide,"(Ep)oxides, pyrans, coumarins",<0.005,<0.005
,TOMATO (Lycopersicon esculentum Mill.),Vegetables,"3,4-dihydro-2H-pyran","(Ep)oxides, pyrans, coumarins",,
,TOMATO (Lycopersicon esculentum Mill.),Vegetables,tetrahydro-2H-pyran-2-methanol,"(Ep)oxides, pyrans, coumarins",,
,TOMATO (Lycopersicon esculentum Mill.),Vegetables,linalool oxide (6),"(Ep)oxides, pyrans, coumarins",,
,TOMATO (Lycopersicon esculentum Mill.),Vegetables,cis-linalool oxide (unkn.str.),"(Ep)oxides, pyrans, coumarins",,
,TOMATO (Lycopersicon esculentum Mill.),Vegetables,trans-linalool oxide (unkn.str.),"(Ep)oxides, pyrans, coumarins",,
,TOMATO (Lycopersicon esculentum Mill.),Vegetables,"1,3,3-trimethyl-2,7-dioxa-bicyclo[2.2.1]heptane","(Ep)oxides, pyrans, coumarins",,
,TOMATO (Lycopersicon esculentum Mill.),Vegetables,"1,5-dimethyl-6,8-dioxa-bicyclo[3.2.1]octane","(Ep)oxides, pyrans, coumarins",,
,TOMATO (Lycopersicon esculentum Mill.),Vegetables,"2-methyl-1,3-dioxolane","(Ep)oxides, pyrans, coumarins",,
,TOMATO (Lycopersicon esculentum Mill.),Vegetables,"2,2,4-trimethyl-1,3-dioxolane","(Ep)oxides, pyrans, coumarins",,
,TOMATO (Lycopersicon esculentum Mill.),Vegetables,"1,4-dioxane","(Ep)oxides, pyrans, coumarins",,
,TOMATO (Lycopersicon esculentum Mill.),Vegetables,"2-methoxy-1,3-dioxolane","(Ep)oxides, pyrans, coumarins",,
,TOMATO (Lycopersicon esculentum Mill.),Vegetables,4-butyloxazole,Oxazol(in)es,,
,TOMATO (Lycopersicon esculentum Mill.),Vegetables,4-ethyl-5-pentyloxazole,Oxazol(in)es,,
,TOMATO (Lycopersicon esculentum Mill.),Vegetables,"4,5-dimethylisoxazole",Oxazol(in)es,,
,TOMATO (Lycopersicon esculentum Mill.),Vegetables,phthalide (=1(3H)-isobenzofuranone),Anhydrides and phthalides,,
TOMATO FRESH,TOMATO (Lycopersicon esculentum Mill.),Vegetables,ethene (=ethylene),Hydrocarbons,,
TOMATO FRESH,TOMATO (Lycopersicon esculentum Mill.),Vegetables,triisobutylene,Hydrocarbons,,
TOMATO FRESH,TOMATO (Lycopersicon esculentum Mill.),Vegetables,1-pentene,Hydrocarbons,,
TOMATO FRESH,TOMATO (Lycopersicon esculentum Mill.),Vegetables,"1,5-hexadiene",Hydrocarbons,,
TOMATO FRESH,TOMATO (Lycopersicon esculentum Mill.),Vegetables,"2,5-dimethyl-3-hexene",Hydrocarbons,,
TOMATO FRESH,TOMATO (Lycopersicon esculentum Mill.),Vegetables,heptane,Hydrocarbons,,
TOMATO FRESH,TOMATO (Lycopersicon esculentum Mill.),Vegetables,octane,Hydrocarbons,,
TOMATO FRESH,TOMATO (Lycopersicon esculentum Mill.),Vegetables,nonane,Hydrocarbons,,
TOMATO FRESH,TOMATO (Lycopersicon esculentum Mill.),Vegetables,decane,Hydrocarbons,,
TOMATO FRESH,TOMATO (Lycopersicon esculentum Mill.),Vegetables,undecane,Hydrocarbons,,
TOMATO FRESH,TOMATO (Lycopersicon esculentum Mill.),Vegetables,pentadecane,Hydrocarbons,,
TOMATO FRESH,TOMATO (Lycopersicon esculentum Mill.),Vegetables,nonacosane,Hydrocarbons,,
TOMATO FRESH,TOMATO (Lycopersicon esculentum Mill.),Vegetables,triacontane,Hydrocarbons,,
TOMATO FRESH,TOMATO (Lycopersicon esculentum Mill.),Vegetables,hentriacontane,Hydrocarbons,,
TOMATO FRESH,TOMATO (Lycopersicon esculentum Mill.),Vegetables,dotriacontane,Hydrocarbons,,
TOMATO FRESH,TOMATO (Lycopersicon esculentum Mill.),Vegetables,β-myrcene (=myrcene),Hydrocarbons,,
TOMATO FRESH,TOMATO (Lycopersicon esculentum Mill.),Vegetables,α-phellandrene,Hydrocarbons,,
TOMATO FRESH,TOMATO (Lycopersicon esculentum Mill.),Vegetables,β-phellandrene,Hydrocarbons,<0.005,<0.005
TOMATO FRESH,TOMATO (Lycopersicon esculentum Mill.),Vegetables,terpinolene,Hydrocarbons,,
TOMATO FRESH,TOMATO (Lycopersicon esculentum Mill.),Vegetables,limonene,Hydrocarbons,<0.005,<0.005
TOMATO FRESH,TOMATO (Lycopersicon esculentum Mill.),Vegetables,(4R)-(+)-limonene,Hydrocarbons,6.5,6.5
TOMATO FRESH,TOMATO (Lycopersicon esculentum Mill.),Vegetables,α-humulene (=humulene),Hydrocarbons,<0.005,<0.005
TOMATO FRESH,TOMATO (Lycopersicon esculentum Mill.),Vegetables,α-pinene,Hydrocarbons,<0.005,0.016
TOMATO FRESH,TOMATO (Lycopersicon esculentum Mill.),Vegetables,camphene,Hydrocarbons,,
TOMATO FRESH,TOMATO (Lycopersicon esculentum Mill.),Vegetables,sabinene (=4(10)-thujene),Hydrocarbons,,
TOMATO FRESH,TOMATO (Lycopersicon esculentum Mill.),Vegetables,2-carene,Hydrocarbons,0.033,0.033
TOMATO FRESH,TOMATO (Lycopersicon esculentum Mill.),Vegetables,(+)-2-carene,Hydrocarbons,<0.005,<0.005
TOMATO FRESH,TOMATO (Lycopersicon esculentum Mill.),Vegetables,3-carene,Hydrocarbons,0.054,0.054
TOMATO FRESH,TOMATO (Lycopersicon esculentum Mill.),Vegetables,β-caryophyllene,Hydrocarbons,0.00024,0.005
TOMATO FRESH,TOMATO (Lycopersicon esculentum Mill.),Vegetables,α-copaene (=copaene),Hydrocarbons,0.01,0.01
TOMATO FRESH,TOMATO (Lycopersicon esculentum Mill.),Vegetables,benzene,Hydrocarbons,,
TOMATO FRESH,TOMATO (Lycopersicon esculentum Mill.),Vegetables,methylbenzene (=toluene),Hydrocarbons,,
TOMATO FRESH,TOMATO (Lycopersicon esculentum Mill.),Vegetables,ethylbenzene (=α-methyltoluene),Hydrocarbons,,
TOMATO FRESH,TOMATO (Lycopersicon esculentum Mill.),Vegetables,vinylbenzene (=styrene),Hydrocarbons,,
TOMATO FRESH,TOMATO (Lycopersicon esculentum Mill.),Vegetables,propylbenzene,Hydrocarbons,,
TOMATO FRESH,TOMATO (Lycopersicon esculentum Mill.),Vegetables,isopropylbenzene (=cumene),Hydrocarbons,,
TOMATO FRESH,TOMATO (Lycopersicon esculentum Mill.),Vegetables,butylbenzene,Hydrocarbons,,
TOMATO FRESH,TOMATO (Lycopersicon esculentum Mill.),Vegetables,"1,2-dimethylbenzene (=o-xylene)",Hydrocarbons,,
TOMATO FRESH,TOMATO (Lycopersicon esculentum Mill.),Vegetables,"1,3-dimethylbenzene (=m-xylene)",Hydrocarbons,,
TOMATO FRESH,TOMATO (Lycopersicon esculentum Mill.),Vegetables,"1,4-dimethylbenzene (=p-xylene)",Hydrocarbons,,
TOMATO FRESH,TOMATO (Lycopersicon esculentum Mill.),Vegetables,1-isopropyl-4-methylbenzene (=p-cymene),Hydrocarbons,,
TOMATO FRESH,TOMATO (Lycopersicon esculentum Mill.),Vegetables,isopropyl-methylbenzene (unkn.str.) (=cymene (unkn.str.)),Hydrocarbons,,
TOMATO FRESH,TOMATO (Lycopersicon esculentum Mill.),Vegetables,"1,2,3-trimethylbenzene (=hemimellitene)",Hydrocarbons,,
TOMATO FRESH,TOMATO (Lycopersicon esculentum Mill.),Vegetables,"1,2,4-trimethylbenzene (=pseudocumene)",Hydrocarbons,,
TOMATO FRESH,TOMATO (Lycopersicon esculentum Mill.),Vegetables,"1,3,5-trimethylbenzene (=mesitylene)",Hydrocarbons,,
TOMATO FRESH,TOMATO (Lycopersicon esculentum Mill.),Vegetables,biphenyl,Hydrocarbons,,
TOMATO FRESH,TOMATO (Lycopersicon esculentum Mill.),Vegetables,naphthalene,Hydrocarbons,,
TOMATO FRESH,TOMATO (Lycopersicon esculentum Mill.),Vegetables,methanol,Alcohols,2.7,430
TOMATO FRESH,TOMATO (Lycopersicon esculentum Mill.),Vegetables,ethanol,Alcohols,8,65
TOMATO FRESH,TOMATO (Lycopersicon esculentum Mill.),Vegetables,1-propanol (=propyl alcohol),Alcohols,1.2,2.4
TOMATO FRESH,TOMATO (Lycopersicon esculentum Mill.),Vegetables,2-propanol (=isopropyl alcohol),Alcohols,0.9,0.9
TOMATO FRESH,TOMATO (Lycopersicon esculentum Mill.),Vegetables,2-propen-1-ol (=allyl alcohol),Alcohols,,
TOMATO FRESH,TOMATO (Lycopersicon esculentum Mill.),Vegetables,2-methyl-1-propanol (=isobutanol),Alcohols,,
TOMATO FRESH,TOMATO (Lycopersicon esculentum Mill.),Vegetables,2-methyl-2-propanol (=tert-butanol),Alcohols,,
TOMATO FRESH,TOMATO (Lycopersicon esculentum Mill.),Vegetables,1-butanol,Alcohols,0.4,0.4
TOMATO FRESH,TOMATO (Lycopersicon esculentum Mill.),Vegetables,2-butanol (=sec-butanol),Alcohols,,
TOMATO FRESH,TOMATO (Lycopersicon esculentum Mill.),Vegetables,butenol (unkn.str.),Alcohols,,
TOMATO FRESH,TOMATO (Lycopersicon esculentum Mill.),Vegetables,2-methyl-1-butanol (=active amyl alcohol),Alcohols,0.1,0.8
TOMATO FRESH,TOMATO (Lycopersicon esculentum Mill.),Vegetables,3-methyl-1-butanol (=isoamyl alcohol),Alcohols,0.07,0.69
TOMATO FRESH,TOMATO (Lycopersicon esculentum Mill.),Vegetables,3-methyl-2-buten-1-ol (=prenol),Alcohols,,
TOMATO FRESH,TOMATO (Lycopersicon esculentum Mill.),Vegetables,2-methyl-3-buten-2-ol,Alcohols,,
TOMATO FRESH,TOMATO (Lycopersicon esculentum Mill.),Vegetables,"2,3-butanediol (=2,3-butylene glycol)",Alcohols,,
TOMATO FRESH,TOMATO (Lycopersicon esculentum Mill.),Vegetables,1-pentanol (=amyl alcohol),Alcohols,0.014,0.2
TOMATO FRESH,TOMATO (Lycopersicon esculentum Mill.),Vegetables,2-pentanol,Alcohols,,
TOMATO FRESH,TOMATO (Lycopersicon esculentum Mill.),Vegetables,3-pentanol,Alcohols,,
TOMATO FRESH,TOMATO (Lycopersicon esculentum Mill.),Vegetables,(Z)-2-penten-1-ol,Alcohols,0.04,0.04
TOMATO FRESH,TOMATO (Lycopersicon esculentum Mill.),Vegetables,(Z)-3-penten-1-ol,Alcohols,,
TOMATO FRESH,TOMATO (Lycopersicon esculentum Mill.),Vegetables,1-penten-3-ol,Alcohols,0.03,0.2
TOMATO FRESH,TOMATO (Lycopersicon esculentum Mill.),Vegetables,2-methyl-1-pentanol,Alcohols,,
TOMATO FRESH,TOMATO (Lycopersicon esculentum Mill.),Vegetables,3-methyl-1-pentanol,Alcohols,,
TOMATO FRESH,TOMATO (Lycopersicon esculentum Mill.),Vegetables,4-methyl-1-pentanol,Alcohols,,
TOMATO FRESH,TOMATO (Lycopersicon esculentum Mill.),Vegetables,2-methyl-2-pentanol,Alcohols,,
TOMATO FRESH,TOMATO (Lycopersicon esculentum Mill.),Vegetables,1-hexanol,Alcohols,0.0006,3
TOMATO FRESH,TOMATO (Lycopersicon esculentum Mill.),Vegetables,2-hexanol,Alcohols,,
TOMATO FRESH,TOMATO (Lycopersicon esculentum Mill.),Vegetables,(E)-2-hexen-1-ol,Alcohols,0.01,0.8
TOMATO FRESH,TOMATO (Lycopersicon esculentum Mill.),Vegetables,(Z)-2-hexen-1-ol,Alcohols,,
TOMATO FRESH,TOMATO (Lycopersicon esculentum Mill.),Vegetables,3-hexen-1-ol,Alcohols,0.01,3
TOMATO FRESH,TOMATO (Lycopersicon esculentum Mill.),Vegetables,(Z)-3-hexen-1-ol (=leaf alcohol),Alcohols,0.0012,3.056
TOMATO FRESH,TOMATO (Lycopersicon esculentum Mill.),Vegetables,(E)-3-hexen-1-ol,Alcohols,,
TOMATO FRESH,TOMATO (Lycopersicon esculentum Mill.),Vegetables,(Z)-4-hexen-1-ol,Alcohols,,
TOMATO FRESH,TOMATO (Lycopersicon esculentum Mill.),Vegetables,hexenol (unkn.str.),Alcohols,,
TOMATO FRESH,TOMATO (Lycopersicon esculentum Mill.),Vegetables,2-methyl-3-hexanol,Alcohols,2.5,2.5
TOMATO FRESH,TOMATO (Lycopersicon esculentum Mill.),Vegetables,2-ethyl-1-hexanol,Alcohols,0.0023,0.0048
TOMATO FRESH,TOMATO (Lycopersicon esculentum Mill.),Vegetables,1-heptanol,Alcohols,<0.0001,0.0069
TOMATO FRESH,TOMATO (Lycopersicon esculentum Mill.),Vegetables,2-heptanol,Alcohols,,
TOMATO FRESH,TOMATO (Lycopersicon esculentum Mill.),Vegetables,4-heptanol,Alcohols,,
TOMATO FRESH,TOMATO (Lycopersicon esculentum Mill.),Vegetables,6-methyl-5-hepten-2-ol,Alcohols,0.00034,0.06
TOMATO FRESH,TOMATO (Lycopersicon esculentum Mill.),Vegetables,1-octanol,Alcohols,0.0044,0.011
TOMATO FRESH,TOMATO (Lycopersicon esculentum Mill.),Vegetables,1-octen-3-ol,Alcohols,,
TOMATO FRESH,TOMATO (Lycopersicon esculentum Mill.),Vegetables,citronellol,Alcohols,,
TOMATO FRESH,TOMATO (Lycopersicon esculentum Mill.),Vegetables,geraniol,Alcohols,0.049,0.049
TOMATO FRESH,TOMATO (Lycopersicon esculentum Mill.),Vegetables,nerol,Alcohols,0.00086,0.044
TOMATO FRESH,TOMATO (Lycopersicon esculentum Mill.),Vegetables,linalool,Alcohols,0.00011,0.055
TOMATO FRESH,TOMATO (Lycopersicon esculentum Mill.),Vegetables,nerolidol,Alcohols,,
TOMATO FRESH,TOMATO (Lycopersicon esculentum Mill.),Vegetables,benzyl alcohol (=benzenemethanol),Alcohols,0.016,0.538
TOMATO FRESH,TOMATO (Lycopersicon esculentum Mill.),Vegetables,2-phenylethanol (=phenethyl alcohol),Alcohols,0.012,1.9
TOMATO FRESH,TOMATO (Lycopersicon esculentum Mill.),Vegetables,"p-cymen-8-ol (=α,α,p-trimethyl-benzyl alcohol)",Alcohols,,
TOMATO FRESH,TOMATO (Lycopersicon esculentum Mill.),Vegetables,α-terpineol,Alcohols,0.007,0.007
TOMATO FRESH,TOMATO (Lycopersicon esculentum Mill.),Vegetables,β-terpineol,Alcohols,0.017,0.017
TOMATO FRESH,TOMATO (Lycopersicon esculentum Mill.),Vegetables,4-terpineol (=terpinen-4-ol),Alcohols,,
TOMATO FRESH,TOMATO (Lycopersicon esculentum Mill.),Vegetables,formaldehyde (=methanal),"Carbonyls, aldehydes",,
TOMATO FRESH,TOMATO (Lycopersicon esculentum Mill.),Vegetables,acetaldehyde (=ethanal),"Carbonyls, aldehydes",0.2,9
TOMATO FRESH,TOMATO (Lycopersicon esculentum Mill.),Vegetables,ethanedial (=glyoxal),"Carbonyls, aldehydes",,
TOMATO FRESH,TOMATO (Lycopersicon esculentum Mill.),Vegetables,propanal (=propionaldehyde),"Carbonyls, aldehydes",1,1
TOMATO FRESH,TOMATO (Lycopersicon esculentum Mill.),Vegetables,2-propenal (=acrolein),"Carbonyls, aldehydes",,
TOMATO FRESH,TOMATO (Lycopersicon esculentum Mill.),Vegetables,"2-methylpropanal (=isobutanal, isobutyraldehyde)","Carbonyls, aldehydes",,
TOMATO FRESH,TOMATO (Lycopersicon esculentum Mill.),Vegetables,"2-oxopropanal (=pyruvaldehyde, methyl glyoxal, acetylformaldehyde)","Carbonyls, aldehydes",,
TOMATO FRESH,TOMATO (Lycopersicon esculentum Mill.),Vegetables,butanal (=butyraldehyde),"Carbonyls, aldehydes",,
TOMATO FRESH,TOMATO (Lycopersicon esculentum Mill.),Vegetables,2-butenal (=crotonaldehyde),"Carbonyls, aldehydes",,
TOMATO FRESH,TOMATO (Lycopersicon esculentum Mill.),Vegetables,2-methylbutanal (=α-methylbutanal),"Carbonyls, aldehydes",,
TOMATO FRESH,TOMATO (Lycopersicon esculentum Mill.),Vegetables,"3-methylbutanal (=isopentanal, isovaleraldehyde)","Carbonyls, aldehydes",0.01,2
TOMATO FRESH,TOMATO (Lycopersicon esculentum Mill.),Vegetables,2-methyl-2-butenal,"Carbonyls, aldehydes",0.005,0.075
TOMATO FRESH,TOMATO (Lycopersicon esculentum Mill.),Vegetables,(E)-2-methyl-2-butenal (=tiglicaldehyde),"Carbonyls, aldehydes",,
TOMATO FRESH,TOMATO (Lycopersicon esculentum Mill.),Vegetables,pentanal (=valeraldehyde),"Carbonyls, aldehydes",0.005,0.6
TOMATO FRESH,TOMATO (Lycopersicon esculentum Mill.),Vegetables,2-pentenal,"Carbonyls, aldehydes",,
TOMATO FRESH,TOMATO (Lycopersicon esculentum Mill.),Vegetables,(E)-2-pentenal,"Carbonyls, aldehydes",0.06,0.3
TOMATO FRESH,TOMATO (Lycopersicon esculentum Mill.),Vegetables,3-pentenal,"Carbonyls, aldehydes",,
TOMATO FRESH,TOMATO (Lycopersicon esculentum Mill.),Vegetables,pentenal (unkn.str.),"Carbonyls, aldehydes",0.1,0.1
TOMATO FRESH,TOMATO (Lycopersicon esculentum Mill.),Vegetables,2-methyl-4-pentenal,"Carbonyls, aldehydes",0.266,0.49
TOMATO FRESH,TOMATO (Lycopersicon esculentum Mill.),Vegetables,methylpentenal (unkn.str.),"Carbonyls, aldehydes",,
TOMATO FRESH,TOMATO (Lycopersicon esculentum Mill.),Vegetables,hexanal (=capronaldehyde),"Carbonyls, aldehydes",0.01,23
TOMATO FRESH,TOMATO (Lycopersicon esculentum Mill.),Vegetables,2-hexenal,"Carbonyls, aldehydes",,
TOMATO FRESH,TOMATO (Lycopersicon esculentum Mill.),Vegetables,(E)-2-hexenal (=leaf aldehyde),"Carbonyls, aldehydes",0.007,13
TOMATO FRESH,TOMATO (Lycopersicon esculentum Mill.),Vegetables,(Z)-2-hexenal,"Carbonyls, aldehydes",,
TOMATO FRESH,TOMATO (Lycopersicon esculentum Mill.),Vegetables,(Z)-3-hexenal,"Carbonyls, aldehydes",0.1,16
TOMATO FRESH,TOMATO (Lycopersicon esculentum Mill.),Vegetables,hexenal (unkn.str.),"Carbonyls, aldehydes",,
TOMATO FRESH,TOMATO (Lycopersicon esculentum Mill.),Vegetables,"2,4-hexadienal","Carbonyls, aldehydes",0.186,0.282
TOMATO FRESH,TOMATO (Lycopersicon esculentum Mill.),Vegetables,"(E,E)-2,4-hexadienal","Carbonyls, aldehydes",0.166,0.166
TOMATO FRESH,TOMATO (Lycopersicon esculentum Mill.),Vegetables,hexadienal (unkn.str.),"Carbonyls, aldehydes",0.01,0.01
TOMATO FRESH,TOMATO (Lycopersicon esculentum Mill.),Vegetables,heptanal,"Carbonyls, aldehydes",,
TOMATO FRESH,TOMATO (Lycopersicon esculentum Mill.),Vegetables,2-heptenal,"Carbonyls, aldehydes",,
TOMATO FRESH,TOMATO (Lycopersicon esculentum Mill.),Vegetables,(E)-2-heptenal,"Carbonyls, aldehydes",0.01,0.08
TOMATO FRESH,TOMATO (Lycopersicon esculentum Mill.),Vegetables,heptenal (unkn.str.),"Carbonyls, aldehydes",,
TOMATO FRESH,TOMATO (Lycopersicon esculentum Mill.),Vegetables,"2,4-heptadienal","Carbonyls, aldehydes",0.005,0.05
TOMATO FRESH,TOMATO (Lycopersicon esculentum Mill.),Vegetables,"(E,Z)-2,4-heptadienal","Carbonyls, aldehydes",,
TOMATO FRESH,TOMATO (Lycopersicon esculentum Mill.),Vegetables,"(E,E)-2,4-heptadienal","Carbonyls, aldehydes",0.079,0.079
TOMATO FRESH,TOMATO (Lycopersicon esculentum Mill.),Vegetables,heptadienal (unkn.str.),"Carbonyls, aldehydes",,
TOMATO FRESH,TOMATO (Lycopersicon esculentum Mill.),Vegetables,octanal (=caprylaldehyde),"Carbonyls, aldehydes",0.0012,0.0054
TOMATO FRESH,TOMATO (Lycopersicon esculentum Mill.),Vegetables,2-octenal,"Carbonyls, aldehydes",0.05,0.05
TOMATO FRESH,TOMATO (Lycopersicon esculentum Mill.),Vegetables,(E)-2-octenal,"Carbonyls, aldehydes",0.013,0.015
TOMATO FRESH,TOMATO (Lycopersicon esculentum Mill.),Vegetables,nonanal (=pelargonaldehyde),"Carbonyls, aldehydes",0.00041,0.047
TOMATO FRESH,TOMATO (Lycopersicon esculentum Mill.),Vegetables,2-nonenal,"Carbonyls, aldehydes",,
TOMATO FRESH,TOMATO (Lycopersicon esculentum Mill.),Vegetables,(E)-2-nonenal,"Carbonyls, aldehydes",,
TOMATO FRESH,TOMATO (Lycopersicon esculentum Mill.),Vegetables,"(E,E)-2,4-nonadienal","Carbonyls, aldehydes",,
TOMATO FRESH,TOMATO (Lycopersicon esculentum Mill.),Vegetables,decanal (=capraldehyde),"Carbonyls, aldehydes",0.00028,0.00043
TOMATO FRESH,TOMATO (Lycopersicon esculentum Mill.),Vegetables,2-decenal,"Carbonyls, aldehydes",,
TOMATO FRESH,TOMATO (Lycopersicon esculentum Mill.),Vegetables,(Z)-4-decenal,"Carbonyls, aldehydes",0.00013,0.00099
TOMATO FRESH,TOMATO (Lycopersicon esculentum Mill.),Vegetables,"2,4-decadienal","Carbonyls, aldehydes",0.01,0.01
TOMATO FRESH,TOMATO (Lycopersicon esculentum Mill.),Vegetables,"(E,Z)-2,4-decadienal","Carbonyls, aldehydes",,
TOMATO FRESH,TOMATO (Lycopersicon esculentum Mill.),Vegetables,"(E,E)-2,4-decadienal","Carbonyls, aldehydes",0.007,0.1
TOMATO FRESH,TOMATO (Lycopersicon esculentum Mill.),Vegetables,decadienal (unkn.str.),"Carbonyls, aldehydes",,
TOMATO FRESH,TOMATO (Lycopersicon esculentum Mill.),Vegetables,"citronellal (=3,7-dimethyl-6-octenal)","Carbonyls, aldehydes",,
TOMATO FRESH,TOMATO (Lycopersicon esculentum Mill.),Vegetables,geranial (=α-citral),"Carbonyls, aldehydes",0,0.244
TOMATO FRESH,TOMATO (Lycopersicon esculentum Mill.),Vegetables,neral (=β-citral),"Carbonyls, aldehydes",0,6
TOMATO FRESH,TOMATO (Lycopersicon esculentum Mill.),Vegetables,farnesal,"Carbonyls, aldehydes",0.04,0.2
TOMATO FRESH,TOMATO (Lycopersicon esculentum Mill.),Vegetables,benzaldehyde,"Carbonyls, aldehydes",0.01,1.2
TOMATO FRESH,TOMATO (Lycopersicon esculentum Mill.),Vegetables,3-methylbenzaldehyde (=m-tolualdehyde),"Carbonyls, aldehydes",,
TOMATO FRESH,TOMATO (Lycopersicon esculentum Mill.),Vegetables,4-methylbenzaldehyde (=p-tolualdehyde),"Carbonyls, aldehydes",,
TOMATO FRESH,TOMATO (Lycopersicon esculentum Mill.),Vegetables,methylbenzaldehyde (unkn.str.) (=tolualdehyde (unkn.str.)),"Carbonyls, aldehydes",,
TOMATO FRESH,TOMATO (Lycopersicon esculentum Mill.),Vegetables,2-hydroxybenzaldehyde (=salicylaldehyde),"Carbonyls, aldehydes",,
TOMATO FRESH,TOMATO (Lycopersicon esculentum Mill.),Vegetables,4-hydroxybenzaldehyde (=4-formylphenol),"Carbonyls, aldehydes",,
TOMATO FRESH,TOMATO (Lycopersicon esculentum Mill.),Vegetables,3-methoxybenzaldehyde,"Carbonyls, aldehydes",,
TOMATO FRESH,TOMATO (Lycopersicon esculentum Mill.),Vegetables,4-methoxybenzaldehyde (=anisaldehyde),"Carbonyls, aldehydes",,
TOMATO FRESH,TOMATO (Lycopersicon esculentum Mill.),Vegetables,"3,5-dimethylbenzaldehyde","Carbonyls, aldehydes",0.0018,0.008
TOMATO FRESH,TOMATO (Lycopersicon esculentum Mill.),Vegetables,phenylacetaldehyde (=benzeneacetaldehyde),"Carbonyls, aldehydes",0.0009,0.1
TOMATO FRESH,TOMATO (Lycopersicon esculentum Mill.),Vegetables,3-phenylpropanal (=dihydrocinnamaldehyde),"Carbonyls, aldehydes",,
TOMATO FRESH,TOMATO (Lycopersicon esculentum Mill.),Vegetables,cinnamaldehyde (=3-phenyl-2-propenal),"Carbonyls, aldehydes",,
TOMATO FRESH,TOMATO (Lycopersicon esculentum Mill.),Vegetables,(E)-cinnamaldehyde (=(E)-3-phenyl-2-propenal),"Carbonyls, aldehydes",,
TOMATO FRESH,TOMATO (Lycopersicon esculentum Mill.),Vegetables,β-cyclocitral,"Carbonyls, aldehydes",0,0.005
TOMATO FRESH,TOMATO (Lycopersicon esculentum Mill.),Vegetables,"acetone (=2-propanone, dimethyl ketone)","Carbonyls, ketones",0.6,16
TOMATO FRESH,TOMATO (Lycopersicon esculentum Mill.),Vegetables,2-butanone (=ethyl methyl ketone),"Carbonyls, ketones",3,6
TOMATO FRESH,TOMATO (Lycopersicon esculentum Mill.),Vegetables,3-hydroxy-2-butanone (=acetoin),"Carbonyls, ketones",,
TOMATO FRESH,TOMATO (Lycopersicon esculentum Mill.),Vegetables,"2,3-butanedione (=diacetyl)","Carbonyls, ketones",0.5,0.5
TOMATO FRESH,TOMATO (Lycopersicon esculentum Mill.),Vegetables,2-pentanone,"Carbonyls, ketones",trace,trace
TOMATO FRESH,TOMATO (Lycopersicon esculentum Mill.),Vegetables,3-pentanone,"Carbonyls, ketones",,
TOMATO FRESH,TOMATO (Lycopersicon esculentum Mill.),Vegetables,3-penten-2-one,"Carbonyls, ketones",,
TOMATO FRESH,TOMATO (Lycopersicon esculentum Mill.),Vegetables,1-penten-3-one,"Carbonyls, ketones",0.019,0.8
TOMATO FRESH,TOMATO (Lycopersicon esculentum Mill.),Vegetables,2-methyl-3-pentanone,"Carbonyls, ketones",,
TOMATO FRESH,TOMATO (Lycopersicon esculentum Mill.),Vegetables,4-methyl-3-penten-2-one (=mesityl oxide),"Carbonyls, ketones",,
TOMATO FRESH,TOMATO (Lycopersicon esculentum Mill.),Vegetables,"2,4-dimethyl-3-pentanone","Carbonyls, ketones",,
TOMATO FRESH,TOMATO (Lycopersicon esculentum Mill.),Vegetables,4-hydroxy-4-methyl-2-pentanone (=diacetone alcohol),"Carbonyls, ketones",,
TOMATO FRESH,TOMATO (Lycopersicon esculentum Mill.),Vegetables,"2,3-pentanedione (=acetylpropionyl)","Carbonyls, ketones",,
TOMATO FRESH,TOMATO (Lycopersicon esculentum Mill.),Vegetables,2-hexanone,"Carbonyls, ketones",,
TOMATO FRESH,TOMATO (Lycopersicon esculentum Mill.),Vegetables,2-heptanone,"Carbonyls, ketones",0.057,0.057
TOMATO FRESH,TOMATO (Lycopersicon esculentum Mill.),Vegetables,4-methyl-3-heptanone,"Carbonyls, ketones",,
TOMATO FRESH,TOMATO (Lycopersicon esculentum Mill.),Vegetables,6-methyl-5-hepten-2-one,"Carbonyls, ketones",0,1.4
TOMATO FRESH,TOMATO (Lycopersicon esculentum Mill.),Vegetables,methylheptenone (unkn.str.),"Carbonyls, ketones",,
TOMATO FRESH,TOMATO (Lycopersicon esculentum Mill.),Vegetables,"6-methyl-3,5-heptadien-2-one","Carbonyls, ketones",,
TOMATO FRESH,TOMATO (Lycopersicon esculentum Mill.),Vegetables,"2,3-heptanedione","Carbonyls, ketones",,
TOMATO FRESH,TOMATO (Lycopersicon esculentum Mill.),Vegetables,3-octanone,"Carbonyls, ketones",0.00074,0.0016
TOMATO FRESH,TOMATO (Lycopersicon esculentum Mill.),Vegetables,1-octen-3-one,"Carbonyls, ketones",0.00048,0.005
TOMATO FRESH,TOMATO (Lycopersicon esculentum Mill.),Vegetables,"(E,E)-3,5-octadien-2-one","Carbonyls, ketones",,
TOMATO FRESH,TOMATO (Lycopersicon esculentum Mill.),Vegetables,2-nonanone,"Carbonyls, ketones",,
TOMATO FRESH,TOMATO (Lycopersicon esculentum Mill.),Vegetables,(E)-2-nonen-4-one,"Carbonyls, ketones",,
TOMATO FRESH,TOMATO (Lycopersicon esculentum Mill.),Vegetables,undecanone (unkn.str.),"Carbonyls, ketones",,
TOMATO FRESH,TOMATO (Lycopersicon esculentum Mill.),Vegetables,"6,10-dimethyl-5,9-undecadien-2-one","Carbonyls, ketones",0.01,0.9
TOMATO FRESH,TOMATO (Lycopersicon esculentum Mill.),Vegetables,"(E)-6,10-dimethyl-5,9-undecadien-2-one (=geranylacetone)","Carbonyls, ketones",0.00019,3.1
TOMATO FRESH,TOMATO (Lycopersicon esculentum Mill.),Vegetables,"6,10-dimethyl-3,5,9-undecatrien-2-one (=ψ-ionone, pseudoionone)","Carbonyls, ketones",0.0009,0.5
TOMATO FRESH,TOMATO (Lycopersicon esculentum Mill.),Vegetables,"6,10,14-trimethyl-5,9,13-pentadecatrien-2-one (=farnesylacetone)","Carbonyls, ketones",0.01,1.8
TOMATO FRESH,TOMATO (Lycopersicon esculentum Mill.),Vegetables,cyclopentanone,"Carbonyls, ketones",,
TOMATO FRESH,TOMATO (Lycopersicon esculentum Mill.),Vegetables,"2-hydroxy-2,6,6-trimethylcyclohexanone","Carbonyls, ketones",,
TOMATO FRESH,TOMATO (Lycopersicon esculentum Mill.),Vegetables,acetophenone (=1-phenylethanone),"Carbonyls, ketones",,
TOMATO FRESH,TOMATO (Lycopersicon esculentum Mill.),Vegetables,4-methylacetophenone,"Carbonyls, ketones",,
TOMATO FRESH,TOMATO (Lycopersicon esculentum Mill.),Vegetables,methylacetophenone (unkn.str.),"Carbonyls, ketones",,
TOMATO FRESH,TOMATO (Lycopersicon esculentum Mill.),Vegetables,2-hydroxyacetophenone,"Carbonyls, ketones",,
TOMATO FRESH,TOMATO (Lycopersicon esculentum Mill.),Vegetables,4-hydroxyacetophenone,"Carbonyls, ketones",,
TOMATO FRESH,TOMATO (Lycopersicon esculentum Mill.),Vegetables,4-methoxyacetophenone (=acetanisole),"Carbonyls, ketones",,
TOMATO FRESH,TOMATO (Lycopersicon esculentum Mill.),Vegetables,β-damascenone (=(E)-β-damascenone),"Carbonyls, ketones",0.001,0.003
TOMATO FRESH,TOMATO (Lycopersicon esculentum Mill.),Vegetables,"4-(2,6,6-trimethyl-1-cyclohexen-1-yl)-3-buten-2-one (=β-ionone)","Carbonyls, ketones",1.8E-005,0.4
TOMATO FRESH,TOMATO (Lycopersicon esculentum Mill.),Vegetables,α-ionone,"Carbonyls, ketones",0,0.06
TOMATO FRESH,TOMATO (Lycopersicon esculentum Mill.),Vegetables,(E)-β-ionone,"Carbonyls, ketones",0.001,0.2
TOMATO FRESH,TOMATO (Lycopersicon esculentum Mill.),Vegetables,γ-ionone,"Carbonyls, ketones",0.01,0.02
TOMATO FRESH,TOMATO (Lycopersicon esculentum Mill.),Vegetables,"5,6-epoxy-β-ionone (=epoxy-β-ionone)","Carbonyls, ketones",0.001,0.001
TOMATO FRESH,TOMATO (Lycopersicon esculentum Mill.),Vegetables,4-methyl-4-phenyl-2-pentanone,"Carbonyls, ketones",,
TOMATO FRESH,TOMATO (Lycopersicon esculentum Mill.),Vegetables,camphor (=alcanfor),"Carbonyls, ketones",9E-005,0.008
TOMATO FRESH,TOMATO (Lycopersicon esculentum Mill.),Vegetables,acetic acid,Acids,,
TOMATO FRESH,TOMATO (Lycopersicon esculentum Mill.),Vegetables,propanoic acid (=propionic acid),Acids,,
TOMATO FRESH,TOMATO (Lycopersicon esculentum Mill.),Vegetables,2-methylpropanoic acid (=isobutyric acid),Acids,,
TOMATO FRESH,TOMATO (Lycopersicon esculentum Mill.),Vegetables,butanoic acid (=butyric acid),Acids,,
TOMATO FRESH,TOMATO (Lycopersicon esculentum Mill.),Vegetables,2-methylbutanoic acid,Acids,0.005,0.017
TOMATO FRESH,TOMATO (Lycopersicon esculentum Mill.),Vegetables,3-methylbutanoic acid (=isovaleric acid),Acids,0.007,0.2
TOMATO FRESH,TOMATO (Lycopersicon esculentum Mill.),Vegetables,pentanoic acid (=valeric acid),Acids,,
TOMATO FRESH,TOMATO (Lycopersicon esculentum Mill.),Vegetables,4-methylpentanoic acid (=isocaproic acid),Acids,,
TOMATO FRESH,TOMATO (Lycopersicon esculentum Mill.),Vegetables,hexanoic acid (=caproic acid),Acids,0.039,0.039
TOMATO FRESH,TOMATO (Lycopersicon esculentum Mill.),Vegetables,4-hexenoic acid,Acids,,
TOMATO FRESH,TOMATO (Lycopersicon esculentum Mill.),Vegetables,heptanoic acid (=enanthic acid),Acids,,
TOMATO FRESH,TOMATO (Lycopersicon esculentum Mill.),Vegetables,octanoic acid (=caprylic acid),Acids,,
TOMATO FRESH,TOMATO (Lycopersicon esculentum Mill.),Vegetables,nonanoic acid (=pelargonic acid),Acids,,
TOMATO FRESH,TOMATO (Lycopersicon esculentum Mill.),Vegetables,tetradecanoic acid (=myristic acid),Acids,,
TOMATO FRESH,TOMATO (Lycopersicon esculentum Mill.),Vegetables,pentadecanoic acid,Acids,,
TOMATO FRESH,TOMATO (Lycopersicon esculentum Mill.),Vegetables,hexadecanoic acid (=palmitic acid),Acids,210,210
TOMATO FRESH,TOMATO (Lycopersicon esculentum Mill.),Vegetables,octadecanoic acid (=stearic acid),Acids,,
TOMATO FRESH,TOMATO (Lycopersicon esculentum Mill.),Vegetables,(Z)-9-octadecenoic acid (=oleic acid),Acids,,
TOMATO FRESH,TOMATO (Lycopersicon esculentum Mill.),Vegetables,"(Z,Z)-9,12-octadecadienoic acid (=linoleic acid)",Acids,,
TOMATO FRESH,TOMATO (Lycopersicon esculentum Mill.),Vegetables,"(Z,Z,Z)-9,12,15-octadecatrienoic acid (=linolenic acid)",Acids,,
TOMATO FRESH,TOMATO (Lycopersicon esculentum Mill.),Vegetables,(E)-geranic acid,Acids,,
TOMATO FRESH,TOMATO (Lycopersicon esculentum Mill.),Vegetables,oxalic acid (=ethanedioic acid),Acids,,
TOMATO FRESH,TOMATO (Lycopersicon esculentum Mill.),Vegetables,succinic acid (=butanedioic acid),Acids,,
TOMATO FRESH,TOMATO (Lycopersicon esculentum Mill.),Vegetables,fumaric acid (=(E)-butenedioic acid),Acids,,
TOMATO FRESH,TOMATO (Lycopersicon esculentum Mill.),Vegetables,malic acid (=hydroxybutanedioic acid),Acids,800,2000
TOMATO FRESH,TOMATO (Lycopersicon esculentum Mill.),Vegetables,citric acid,Acids,3500,8000
TOMATO FRESH,TOMATO (Lycopersicon esculentum Mill.),Vegetables,benzoic acid,Acids,,
TOMATO FRESH,TOMATO (Lycopersicon esculentum Mill.),Vegetables,2-hydroxybenzoic acid (=salicylic acid),Acids,,
TOMATO FRESH,TOMATO (Lycopersicon esculentum Mill.),Vegetables,quinic acid,Acids,40,40
TOMATO FRESH,TOMATO (Lycopersicon esculentum Mill.),Vegetables,phenylacetic acid,Acids,,
TOMATO FRESH,TOMATO (Lycopersicon esculentum Mill.),Vegetables,cinnamic acid,Acids,,
TOMATO FRESH,TOMATO (Lycopersicon esculentum Mill.),Vegetables,4-hydroxycinnamic acid (=p-coumaric acid),Acids,,
TOMATO FRESH,TOMATO (Lycopersicon esculentum Mill.),Vegetables,ethyl formate,Esters,,
TOMATO FRESH,TOMATO (Lycopersicon esculentum Mill.),Vegetables,pentyl formate,Esters,,
TOMATO FRESH,TOMATO (Lycopersicon esculentum Mill.),Vegetables,phenethyl formate,Esters,,
TOMATO FRESH,TOMATO (Lycopersicon esculentum Mill.),Vegetables,methyl acetate,Esters,,
TOMATO FRESH,TOMATO (Lycopersicon esculentum Mill.),Vegetables,ethyl acetate,Esters,3,6
TOMATO FRESH,TOMATO (Lycopersicon esculentum Mill.),Vegetables,propyl acetate,Esters,0.6,0.6
TOMATO FRESH,TOMATO (Lycopersicon esculentum Mill.),Vegetables,butyl acetate,Esters,,
TOMATO FRESH,TOMATO (Lycopersicon esculentum Mill.),Vegetables,isobutyl acetate (=2-methylpropyl acetate),Esters,,
TOMATO FRESH,TOMATO (Lycopersicon esculentum Mill.),Vegetables,2-methylbutyl acetate,Esters,,
TOMATO FRESH,TOMATO (Lycopersicon esculentum Mill.),Vegetables,pentyl acetate (=amyl acetate),Esters,,
TOMATO FRESH,TOMATO (Lycopersicon esculentum Mill.),Vegetables,"isopentyl acetate (=3-methylbutyl acetate, isoamyl acetate)",Esters,,
TOMATO FRESH,TOMATO (Lycopersicon esculentum Mill.),Vegetables,hexyl acetate,Esters,0.074,0.074
TOMATO FRESH,TOMATO (Lycopersicon esculentum Mill.),Vegetables,hexyl acetate (branched),Esters,,
TOMATO FRESH,TOMATO (Lycopersicon esculentum Mill.),Vegetables,(E)-2-hexenyl acetate,Esters,0.015,0.015
TOMATO FRESH,TOMATO (Lycopersicon esculentum Mill.),Vegetables,3-hexenyl acetate,Esters,,
TOMATO FRESH,TOMATO (Lycopersicon esculentum Mill.),Vegetables,(Z)-3-hexenyl acetate,Esters,,
TOMATO FRESH,TOMATO (Lycopersicon esculentum Mill.),Vegetables,(E)-3-hexenyl acetate,Esters,,
TOMATO FRESH,TOMATO (Lycopersicon esculentum Mill.),Vegetables,linalyl acetate,Esters,2.3,2.3
TOMATO FRESH,TOMATO (Lycopersicon esculentum Mill.),Vegetables,benzyl acetate,Esters,,
TOMATO FRESH,TOMATO (Lycopersicon esculentum Mill.),Vegetables,phenethyl acetate,Esters,,
TOMATO FRESH,TOMATO (Lycopersicon esculentum Mill.),Vegetables,ethyl propanoate,Esters,1.6,2.3
TOMATO FRESH,TOMATO (Lycopersicon esculentum Mill.),Vegetables,isopentyl propanoate,Esters,,
TOMATO FRESH,TOMATO (Lycopersicon esculentum Mill.),Vegetables,methyl butanoate,Esters,,
TOMATO FRESH,TOMATO (Lycopersicon esculentum Mill.),Vegetables,sec-butyl butanoate,Esters,,
TOMATO FRESH,TOMATO (Lycopersicon esculentum Mill.),Vegetables,"isopentyl butanoate (=3-methylbutyl butanoate, isoamyl butyrate)",Esters,0.2,0.2
TOMATO FRESH,TOMATO (Lycopersicon esculentum Mill.),Vegetables,citronellyl butanoate,Esters,9,9
TOMATO FRESH,TOMATO (Lycopersicon esculentum Mill.),Vegetables,geranyl butanoate,Esters,13,13
TOMATO FRESH,TOMATO (Lycopersicon esculentum Mill.),Vegetables,isobutyl 3-methylbutanoate (=isobutyl isovalerate),Esters,,
TOMATO FRESH,TOMATO (Lycopersicon esculentum Mill.),Vegetables,2-methylbutyl 3-methylbutanoate,Esters,,
TOMATO FRESH,TOMATO (Lycopersicon esculentum Mill.),Vegetables,"isopentyl 3-methylbutanoate (=3-methylbutyl 3-methylbutanoate, isoamyl isovalerate)",Esters,,
TOMATO FRESH,TOMATO (Lycopersicon esculentum Mill.),Vegetables,isobutyl pentanoate,Esters,,
TOMATO FRESH,TOMATO (Lycopersicon esculentum Mill.),Vegetables,isopentyl pentanoate,Esters,,
TOMATO FRESH,TOMATO (Lycopersicon esculentum Mill.),Vegetables,methyl hexanoate,Esters,,
TOMATO FRESH,TOMATO (Lycopersicon esculentum Mill.),Vegetables,ethyl hexanoate (=ethyl caproate),Esters,,
TOMATO FRESH,TOMATO (Lycopersicon esculentum Mill.),Vegetables,butyl hexanoate,Esters,,
TOMATO FRESH,TOMATO (Lycopersicon esculentum Mill.),Vegetables,hexyl hexanoate,Esters,,
TOMATO FRESH,TOMATO (Lycopersicon esculentum Mill.),Vegetables,methyl octanoate,Esters,,
TOMATO FRESH,TOMATO (Lycopersicon esculentum Mill.),Vegetables,methyl tetradecanoate (=methyl myristate),Esters,,
TOMATO FRESH,TOMATO (Lycopersicon esculentum Mill.),Vegetables,ethyl tetradecanoate (=ethyl myristate),Esters,,
TOMATO FRESH,TOMATO (Lycopersicon esculentum Mill.),Vegetables,methyl pentadecanoate,Esters,,
TOMATO FRESH,TOMATO (Lycopersicon esculentum Mill.),Vegetables,methyl hexadecanoate (=methyl palmitate),Esters,,
TOMATO FRESH,TOMATO (Lycopersicon esculentum Mill.),Vegetables,ethyl hexadecanoate (=ethyl palmitate),Esters,,
TOMATO FRESH,TOMATO (Lycopersicon esculentum Mill.),Vegetables,methyl octadecanoate (=methyl stearate),Esters,,
TOMATO FRESH,TOMATO (Lycopersicon esculentum Mill.),Vegetables,methyl 9-octadecenoate,Esters,,
TOMATO FRESH,TOMATO (Lycopersicon esculentum Mill.),Vegetables,"methyl 9,12-octadecadienoate",Esters,,
TOMATO FRESH,TOMATO (Lycopersicon esculentum Mill.),Vegetables,"ethyl 9,12-octadecadienoate",Esters,,
TOMATO FRESH,TOMATO (Lycopersicon esculentum Mill.),Vegetables,"methyl 9,12,15-octadecatrienoate",Esters,,
TOMATO FRESH,TOMATO (Lycopersicon esculentum Mill.),Vegetables,"ethyl 9,12,15-octadecatrienoate",Esters,,
TOMATO FRESH,TOMATO (Lycopersicon esculentum Mill.),Vegetables,methyl benzoate,Esters,,
TOMATO FRESH,TOMATO (Lycopersicon esculentum Mill.),Vegetables,methyl 2-hydroxybenzoate (=methyl salicylate),Esters,0.0034,27.6
TOMATO FRESH,TOMATO (Lycopersicon esculentum Mill.),Vegetables,ethyl 2-hydroxybenzoate (=ethyl salicylate),Esters,,
TOMATO FRESH,TOMATO (Lycopersicon esculentum Mill.),Vegetables,"4-hydroxybutanoic acid lactone (=dihydro-2(3H)-furanone, 4-butanolide, γ-butyrolactone)",Lactones,,
TOMATO FRESH,TOMATO (Lycopersicon esculentum Mill.),Vegetables,4-hydroxy-2-methylbutanoic acid lactone (=3-methyl-tetrahydrofuran-2-one),Lactones,,
TOMATO FRESH,TOMATO (Lycopersicon esculentum Mill.),Vegetables,"4-hydroxypentanoic acid lactone (=γ-valerolactone, 4-pentanolide)",Lactones,,
TOMATO FRESH,TOMATO (Lycopersicon esculentum Mill.),Vegetables,4-hydroxy-3-methylpentanoic acid lactone,Lactones,,
TOMATO FRESH,TOMATO (Lycopersicon esculentum Mill.),Vegetables,"4-hydroxyhexanoic acid lactone (=γ-hexalactone, γ-caprolactone, 4-hexanolide)",Lactones,,
TOMATO FRESH,TOMATO (Lycopersicon esculentum Mill.),Vegetables,"5,6-dihydroxyhexanoic acid lactone (unkn.str.)",Lactones,,
TOMATO FRESH,TOMATO (Lycopersicon esculentum Mill.),Vegetables,"4-hydroxyoctanoic acid lactone (=4-octanolide, γ-octalactone, 5-butyldihydro-2(3H)-furanone)",Lactones,,
TOMATO FRESH,TOMATO (Lycopersicon esculentum Mill.),Vegetables,"4-hydroxynonanoic acid lactone (=4-nonanolide, γ-nonalactone)",Lactones,,
TOMATO FRESH,TOMATO (Lycopersicon esculentum Mill.),Vegetables,dihydroactinidiolide,Lactones,,
TOMATO FRESH,TOMATO (Lycopersicon esculentum Mill.),Vegetables,methylamine,Bases,<0.01,<0.01
TOMATO FRESH,TOMATO (Lycopersicon esculentum Mill.),Vegetables,ethylamine,Bases,<0.01,<0.01
TOMATO FRESH,TOMATO (Lycopersicon esculentum Mill.),Vegetables,propylamine,Bases,<0.01,<0.01
TOMATO FRESH,TOMATO (Lycopersicon esculentum Mill.),Vegetables,butylamine,Bases,,
TOMATO FRESH,TOMATO (Lycopersicon esculentum Mill.),Vegetables,isobutylamine,Bases,0.04,0.04
TOMATO FRESH,TOMATO (Lycopersicon esculentum Mill.),Vegetables,pentylamine,Bases,,
TOMATO FRESH,TOMATO (Lycopersicon esculentum Mill.),Vegetables,isopentylamine,Bases,0.14,0.14
TOMATO FRESH,TOMATO (Lycopersicon esculentum Mill.),Vegetables,dimethylamine,Bases,<0.01,<0.01
TOMATO FRESH,TOMATO (Lycopersicon esculentum Mill.),Vegetables,diethylamine,Bases,<0.01,<0.01
TOMATO FRESH,TOMATO (Lycopersicon esculentum Mill.),Vegetables,trimethylamine,Bases,<0.01,<0.01
TOMATO FRESH,TOMATO (Lycopersicon esculentum Mill.),Vegetables,N-ethyldimethylamine,Bases,<0.01,<0.01
TOMATO FRESH,TOMATO (Lycopersicon esculentum Mill.),Vegetables,pyridine,Bases,,
TOMATO FRESH,TOMATO (Lycopersicon esculentum Mill.),Vegetables,2-pyridinecarbaldehyde,Bases,,
TOMATO FRESH,TOMATO (Lycopersicon esculentum Mill.),Vegetables,methylpyrazine,Bases,,
TOMATO FRESH,TOMATO (Lycopersicon esculentum Mill.),Vegetables,"2,6-dimethylpyrazine",Bases,,
TOMATO FRESH,TOMATO (Lycopersicon esculentum Mill.),Vegetables,2-isopropyl-3-methoxypyrazine,Bases,,
TOMATO FRESH,TOMATO (Lycopersicon esculentum Mill.),Vegetables,hydrogen sulfide,Sulfur compounds,,
TOMATO FRESH,TOMATO (Lycopersicon esculentum Mill.),Vegetables,"dimethyl sulfide (=thiobismethane, methylthiomethane, methyl sulfide)",Sulfur compounds,0.2,8
TOMATO FRESH,TOMATO (Lycopersicon esculentum Mill.),Vegetables,ethyl methyl sulfide (=methylthioethane),Sulfur compounds,,
TOMATO FRESH,TOMATO (Lycopersicon esculentum Mill.),Vegetables,dimethyl disulfide (=methyldithiomethane),Sulfur compounds,,
TOMATO FRESH,TOMATO (Lycopersicon esculentum Mill.),Vegetables,methyl propyl disulfide,Sulfur compounds,,
TOMATO FRESH,TOMATO (Lycopersicon esculentum Mill.),Vegetables,"dimethyl trisulfide (=2,3,4-trithiapentane, methyltrithiomethane)",Sulfur compounds,,
TOMATO FRESH,TOMATO (Lycopersicon esculentum Mill.),Vegetables,2-(methylthio)ethanol,Sulfur compounds,,
TOMATO FRESH,TOMATO (Lycopersicon esculentum Mill.),Vegetables,3-(methylthio)-1-propanol (=methionol),Sulfur compounds,,
TOMATO FRESH,TOMATO (Lycopersicon esculentum Mill.),Vegetables,5-(methylthio)-1-pentanol,Sulfur compounds,,
TOMATO FRESH,TOMATO (Lycopersicon esculentum Mill.),Vegetables,(methylthio)acetaldehyde,Sulfur compounds,,
TOMATO FRESH,TOMATO (Lycopersicon esculentum Mill.),Vegetables,3-(methylthio)propanal (=methional),Sulfur compounds,0.05,0.05
TOMATO FRESH,TOMATO (Lycopersicon esculentum Mill.),Vegetables,methyl methanesulfonothioate,Sulfur compounds,,
TOMATO FRESH,TOMATO (Lycopersicon esculentum Mill.),Vegetables,dimethyl sulfoxide (=methylsulfinylmethane),Sulfur compounds,0.00014,0.11
TOMATO FRESH,TOMATO (Lycopersicon esculentum Mill.),Vegetables,dimethyl sulfone (=methylsulfonylmethane),Sulfur compounds,trace,trace
TOMATO FRESH,TOMATO (Lycopersicon esculentum Mill.),Vegetables,2-ethylthiophene,Sulfur compounds,0.01,0.01
TOMATO FRESH,TOMATO (Lycopersicon esculentum Mill.),Vegetables,2-thiophenecarbaldehyde (=2-formylthiophene),Sulfur compounds,,
TOMATO FRESH,TOMATO (Lycopersicon esculentum Mill.),Vegetables,3-thiophenecarbaldehyde,Sulfur compounds,,
TOMATO FRESH,TOMATO (Lycopersicon esculentum Mill.),Vegetables,5-methyl-2-thiophenecarbaldehyde,Sulfur compounds,,
TOMATO FRESH,TOMATO (Lycopersicon esculentum Mill.),Vegetables,2-acetylthiophene,Sulfur compounds,,
TOMATO FRESH,TOMATO (Lycopersicon esculentum Mill.),Vegetables,2-thiophenecarboxylic acid,Sulfur compounds,,
TOMATO FRESH,TOMATO (Lycopersicon esculentum Mill.),Vegetables,2-propylthiazole,Sulfur compounds,,
TOMATO FRESH,TOMATO (Lycopersicon esculentum Mill.),Vegetables,2-isobutylthiazole,Sulfur compounds,0.00043,0.7
TOMATO FRESH,TOMATO (Lycopersicon esculentum Mill.),Vegetables,2-sec-butylthiazole,Sulfur compounds,,
TOMATO FRESH,TOMATO (Lycopersicon esculentum Mill.),Vegetables,2-isopropyl-4-methylthiazole,Sulfur compounds,,
TOMATO FRESH,TOMATO (Lycopersicon esculentum Mill.),Vegetables,benzothiazole,Sulfur compounds,,
TOMATO FRESH,TOMATO (Lycopersicon esculentum Mill.),Vegetables,1-ethoxy-1-(3-methylbutoxy)-ethane,Acetals,,
TOMATO FRESH,TOMATO (Lycopersicon esculentum Mill.),Vegetables,1-ethoxy-1-pentoxyethane,Acetals,,
TOMATO FRESH,TOMATO (Lycopersicon esculentum Mill.),Vegetables,"1,1-dipropoxyethane",Acetals,,
TOMATO FRESH,TOMATO (Lycopersicon esculentum Mill.),Vegetables,trichloromethane (=chloroform),Halogens,,
TOMATO FRESH,TOMATO (Lycopersicon esculentum Mill.),Vegetables,"1,1,2-trichloroethene (=trichloroethylene)",Halogens,,
TOMATO FRESH,TOMATO (Lycopersicon esculentum Mill.),Vegetables,"1,2-dichlorobenzene",Halogens,,
TOMATO FRESH,TOMATO (Lycopersicon esculentum Mill.),Vegetables,"butanenitrile (=butyronitrile, propyl cyanide)",Nitriles and amides,,
TOMATO FRESH,TOMATO (Lycopersicon esculentum Mill.),Vegetables,3-methylbutanenitrile (=isobutyl cyanide),Nitriles and amides,0.005,0.2
TOMATO FRESH,TOMATO (Lycopersicon esculentum Mill.),Vegetables,pentanenitrile,Nitriles and amides,,
TOMATO FRESH,TOMATO (Lycopersicon esculentum Mill.),Vegetables,benzonitrile,Nitriles and amides,,
TOMATO FRESH,TOMATO (Lycopersicon esculentum Mill.),Vegetables,"phenylacetonitrile (=benzyl cyanide, benzeneacetonitrile)",Nitriles and amides,0.003,0.01
TOMATO FRESH,TOMATO (Lycopersicon esculentum Mill.),Vegetables,3-methylbutanal oxime,Nitriles and amides,,
TOMATO FRESH,TOMATO (Lycopersicon esculentum Mill.),Vegetables,2-methyl-1-nitropropane,Nitriles and amides,<0.005,<0.005
TOMATO FRESH,TOMATO (Lycopersicon esculentum Mill.),Vegetables,3-methyl-1-nitrobutane,Nitriles and amides,0.006,0.3
TOMATO FRESH,TOMATO (Lycopersicon esculentum Mill.),Vegetables,2-methyl-4-nitro-2-butanol,Nitriles and amides,,
TOMATO FRESH,TOMATO (Lycopersicon esculentum Mill.),Vegetables,(2-nitroethyl)benzene,Nitriles and amides,0.017,0.19
TOMATO FRESH,TOMATO (Lycopersicon esculentum Mill.),Vegetables,phenol (=hydroxybenzene),Phenols,,
TOMATO FRESH,TOMATO (Lycopersicon esculentum Mill.),Vegetables,2-methylphenol (=o-cresol),Phenols,,
TOMATO FRESH,TOMATO (Lycopersicon esculentum Mill.),Vegetables,4-methylphenol (=p-cresol),Phenols,,
TOMATO FRESH,TOMATO (Lycopersicon esculentum Mill.),Vegetables,methylphenol (unkn.str.) (=cresol (unkn.str.)),Phenols,,
TOMATO FRESH,TOMATO (Lycopersicon esculentum Mill.),Vegetables,4-ethylphenol,Phenols,,
TOMATO FRESH,TOMATO (Lycopersicon esculentum Mill.),Vegetables,4-vinylphenol,Phenols,,
TOMATO FRESH,TOMATO (Lycopersicon esculentum Mill.),Vegetables,"3,4-dimethylphenol",Phenols,,
TOMATO FRESH,TOMATO (Lycopersicon esculentum Mill.),Vegetables,"1-methoxy-4-methylbenzene (=4-methylanisole, 4-methoxy-toluene, p-cresyl methyl ether)",Phenols,,
TOMATO FRESH,TOMATO (Lycopersicon esculentum Mill.),Vegetables,isopropyl-methoxybenzene (unkn.str.),Phenols,,
TOMATO FRESH,TOMATO (Lycopersicon esculentum Mill.),Vegetables,2-methoxyphenol (=guaiacol),Phenols,0.008,2.028
TOMATO FRESH,TOMATO (Lycopersicon esculentum Mill.),Vegetables,4-ethyl-2-methoxyphenol (=4-ethylguaiacol),Phenols,,
TOMATO FRESH,TOMATO (Lycopersicon esculentum Mill.),Vegetables,2-methoxy-4-vinylphenol (=4-vinylguaiacol),Phenols,,
TOMATO FRESH,TOMATO (Lycopersicon esculentum Mill.),Vegetables,eugenol (=4-allyl-2-methoxyphenol),Phenols,0.002,0.38
TOMATO FRESH,TOMATO (Lycopersicon esculentum Mill.),Vegetables,isoeugenol (=2-methoxy-4-(1-propenyl)-phenol),Phenols,,
TOMATO FRESH,TOMATO (Lycopersicon esculentum Mill.),Vegetables,linalool oxide (5),Furans,,
TOMATO FRESH,TOMATO (Lycopersicon esculentum Mill.),Vegetables,"linalool oxide B (cis, 5-ring)",Furans,,
TOMATO FRESH,TOMATO (Lycopersicon esculentum Mill.),Vegetables,"linalool oxide A (trans, 5-ring)",Furans,,
TOMATO FRESH,TOMATO (Lycopersicon esculentum Mill.),Vegetables,"4-methyl-2,3-dihydrofuran",Furans,,
TOMATO FRESH,TOMATO (Lycopersicon esculentum Mill.),Vegetables,2-methylfuran,Furans,,
TOMATO FRESH,TOMATO (Lycopersicon esculentum Mill.),Vegetables,2-ethylfuran,Furans,,
TOMATO FRESH,TOMATO (Lycopersicon esculentum Mill.),Vegetables,2-propylfuran,Furans,,
TOMATO FRESH,TOMATO (Lycopersicon esculentum Mill.),Vegetables,2-isobutenylfuran (unkn.str.),Furans,,
TOMATO FRESH,TOMATO (Lycopersicon esculentum Mill.),Vegetables,2-pentylfuran,Furans,0.00056,0.00075
TOMATO FRESH,TOMATO (Lycopersicon esculentum Mill.),Vegetables,2-hexylfuran,Furans,,
TOMATO FRESH,TOMATO (Lycopersicon esculentum Mill.),Vegetables,2-heptylfuran,Furans,,
TOMATO FRESH,TOMATO (Lycopersicon esculentum Mill.),Vegetables,2-isopropyl-5-methylfuran,Furans,,
TOMATO FRESH,TOMATO (Lycopersicon esculentum Mill.),Vegetables,2-methyl-5-propenylfuran,Furans,,
TOMATO FRESH,TOMATO (Lycopersicon esculentum Mill.),Vegetables,2-isopropenyl-5-methylfuran,Furans,,
TOMATO FRESH,TOMATO (Lycopersicon esculentum Mill.),Vegetables,"furfural (=2-formylfuran, 2-furancarbaldehyde, 2-furaldehyde)",Furans,,
TOMATO FRESH,TOMATO (Lycopersicon esculentum Mill.),Vegetables,5-methylfurfural,Furans,,
TOMATO FRESH,TOMATO (Lycopersicon esculentum Mill.),Vegetables,2-methyldihydro-3(2H)-furanone,Furans,,
TOMATO FRESH,TOMATO (Lycopersicon esculentum Mill.),Vegetables,4-methyl-2(5H)-furanone,Furans,,
TOMATO FRESH,TOMATO (Lycopersicon esculentum Mill.),Vegetables,"5-ethyl-2(5H)-furanone (=4-ethyl-2-butenolide, 2-hexen-4-olide)",Furans,0.074,0.074
TOMATO FRESH,TOMATO (Lycopersicon esculentum Mill.),Vegetables,4-hydroxy-2-methyl-3(2H)-furanone,Furans,1.2,1.2
TOMATO FRESH,TOMATO (Lycopersicon esculentum Mill.),Vegetables,"3,5-dimethyl-5-pentyl-2(5H)-furanone",Furans,,
TOMATO FRESH,TOMATO (Lycopersicon esculentum Mill.),Vegetables,"4-hydroxy-2,5-dimethyl-3(2H)-furanone (=furaneol)",Furans,0.7,0.7
TOMATO FRESH,TOMATO (Lycopersicon esculentum Mill.),Vegetables,"2-acetylfuran (=2-furyl methyl ketone, 1-(2-furyl)ethanone)",Furans,,
TOMATO FRESH,TOMATO (Lycopersicon esculentum Mill.),Vegetables,acetylfuran (unkn.str.),Furans,,
TOMATO FRESH,TOMATO (Lycopersicon esculentum Mill.),Vegetables,2-acetyl-5-methylfuran,Furans,,
TOMATO FRESH,TOMATO (Lycopersicon esculentum Mill.),Vegetables,2-acetonyl-5-methylfuran (=1-(5-methyl-2-furyl)-2-propanone),Furans,,
TOMATO FRESH,TOMATO (Lycopersicon esculentum Mill.),Vegetables,"furfuryl alcohol (=(2-furyl)-methanol, 2-furanmethanol)",Furans,,
TOMATO FRESH,TOMATO (Lycopersicon esculentum Mill.),Vegetables,2-furancarboxylic acid (=2-furoic acid),Furans,,
TOMATO FRESH,TOMATO (Lycopersicon esculentum Mill.),Vegetables,methyl 2-furancarboxylate,Furans,,
TOMATO FRESH,TOMATO (Lycopersicon esculentum Mill.),Vegetables,3-(3-ethyl-2-oxiranyl)-2-propenal,"(Ep)oxides, pyrans, coumarins",0.004,0.004
TOMATO FRESH,TOMATO (Lycopersicon esculentum Mill.),Vegetables,"4,5-Epoxy-(E)-2-decenal","(Ep)oxides, pyrans, coumarins",0.03,0.03
TOMATO FRESH,TOMATO (Lycopersicon esculentum Mill.),Vegetables,β-caryophyllene oxide,"(Ep)oxides, pyrans, coumarins",<0.005,<0.005
TOMATO FRESH,TOMATO (Lycopersicon esculentum Mill.),Vegetables,linalool oxide (6),"(Ep)oxides, pyrans, coumarins",,
TOMATO FRESH,TOMATO (Lycopersicon esculentum Mill.),Vegetables,cis-linalool oxide (unkn.str.),"(Ep)oxides, pyrans, coumarins",,
TOMATO FRESH,TOMATO (Lycopersicon esculentum Mill.),Vegetables,trans-linalool oxide (unkn.str.),"(Ep)oxides, pyrans, coumarins",,
TOMATO FRESH,TOMATO (Lycopersicon esculentum Mill.),Vegetables,"1,3,3-trimethyl-2,7-dioxa-bicyclo[2.2.1]heptane","(Ep)oxides, pyrans, coumarins",,
TOMATO FRESH,TOMATO (Lycopersicon esculentum Mill.),Vegetables,"1,5-dimethyl-6,8-dioxa-bicyclo[3.2.1]octane","(Ep)oxides, pyrans, coumarins",,
TOMATO FRESH,TOMATO (Lycopersicon esculentum Mill.),Vegetables,"2,2,4-trimethyl-1,3-dioxolane","(Ep)oxides, pyrans, coumarins",,
TOMATO FRESH,TOMATO (Lycopersicon esculentum Mill.),Vegetables,"1,4-dioxane","(Ep)oxides, pyrans, coumarins",,
TOMATO FRESH,TOMATO (Lycopersicon esculentum Mill.),Vegetables,4-butyloxazole,Oxazol(in)es,,
TOMATO FRESH,TOMATO (Lycopersicon esculentum Mill.),Vegetables,4-ethyl-5-pentyloxazole,Oxazol(in)es,,
TOMATO FRESH,TOMATO (Lycopersicon esculentum Mill.),Vegetables,"4,5-dimethylisoxazole",Oxazol(in)es,,
TOMATO FRESH,TOMATO (Lycopersicon esculentum Mill.),Vegetables,phthalide (=1(3H)-isobenzofuranone),Anhydrides and phthalides,,
TOMATO PASTE,TOMATO (Lycopersicon esculentum Mill.),Vegetables,(E)-β-ocimene,Hydrocarbons,,
TOMATO PASTE,TOMATO (Lycopersicon esculentum Mill.),Vegetables,limonene,Hydrocarbons,,
TOMATO PASTE,TOMATO (Lycopersicon esculentum Mill.),Vegetables,methylbenzene (=toluene),Hydrocarbons,,
TOMATO PASTE,TOMATO (Lycopersicon esculentum Mill.),Vegetables,ethylbenzene (=α-methyltoluene),Hydrocarbons,,
TOMATO PASTE,TOMATO (Lycopersicon esculentum Mill.),Vegetables,vinylbenzene (=styrene),Hydrocarbons,,
TOMATO PASTE,TOMATO (Lycopersicon esculentum Mill.),Vegetables,propylbenzene,Hydrocarbons,,
TOMATO PASTE,TOMATO (Lycopersicon esculentum Mill.),Vegetables,"1,2-dimethylbenzene (=o-xylene)",Hydrocarbons,,
TOMATO PASTE,TOMATO (Lycopersicon esculentum Mill.),Vegetables,"1,3-dimethylbenzene (=m-xylene)",Hydrocarbons,,
TOMATO PASTE,TOMATO (Lycopersicon esculentum Mill.),Vegetables,"1,4-dimethylbenzene (=p-xylene)",Hydrocarbons,,
TOMATO PASTE,TOMATO (Lycopersicon esculentum Mill.),Vegetables,1-ethyl-4-methylbenzene (=p-ethyltoluene),Hydrocarbons,,
TOMATO PASTE,TOMATO (Lycopersicon esculentum Mill.),Vegetables,1-isopropyl-4-methylbenzene (=p-cymene),Hydrocarbons,,
TOMATO PASTE,TOMATO (Lycopersicon esculentum Mill.),Vegetables,diethylbenzene (unkn.str.),Hydrocarbons,,
TOMATO PASTE,TOMATO (Lycopersicon esculentum Mill.),Vegetables,trimethylbenzene (unkn.str.),Hydrocarbons,,
TOMATO PASTE,TOMATO (Lycopersicon esculentum Mill.),Vegetables,"1,2,3,4-tetrahydro-1,1,6-trimethylnaphthalene (=ionene)",Hydrocarbons,,
TOMATO PASTE,TOMATO (Lycopersicon esculentum Mill.),Vegetables,"1,2-dihydro-1,1,6-trimethylnaphthalene (=3,4-dehydroionene)",Hydrocarbons,,
TOMATO PASTE,TOMATO (Lycopersicon esculentum Mill.),Vegetables,ethanol,Alcohols,,
TOMATO PASTE,TOMATO (Lycopersicon esculentum Mill.),Vegetables,2-methyl-1-butanol (=active amyl alcohol),Alcohols,0.002,0.02
TOMATO PASTE,TOMATO (Lycopersicon esculentum Mill.),Vegetables,3-methyl-1-butanol (=isoamyl alcohol),Alcohols,0.005,0.147
TOMATO PASTE,TOMATO (Lycopersicon esculentum Mill.),Vegetables,1-pentanol (=amyl alcohol),Alcohols,0,0.05
TOMATO PASTE,TOMATO (Lycopersicon esculentum Mill.),Vegetables,1-penten-3-ol,Alcohols,0,0.005
TOMATO PASTE,TOMATO (Lycopersicon esculentum Mill.),Vegetables,1-hexanol,Alcohols,,
TOMATO PASTE,TOMATO (Lycopersicon esculentum Mill.),Vegetables,(E)-2-hexen-1-ol,Alcohols,,
TOMATO PASTE,TOMATO (Lycopersicon esculentum Mill.),Vegetables,(Z)-3-hexen-1-ol (=leaf alcohol),Alcohols,0,0.015
TOMATO PASTE,TOMATO (Lycopersicon esculentum Mill.),Vegetables,4-heptanol,Alcohols,,
TOMATO PASTE,TOMATO (Lycopersicon esculentum Mill.),Vegetables,6-methyl-5-hepten-2-ol,Alcohols,0,0.015
TOMATO PASTE,TOMATO (Lycopersicon esculentum Mill.),Vegetables,1-octen-3-ol,Alcohols,,
TOMATO PASTE,TOMATO (Lycopersicon esculentum Mill.),Vegetables,"3,7-dimethyl-1,5,7-octatrien-3-ol (=hotrienol)",Alcohols,,
TOMATO PASTE,TOMATO (Lycopersicon esculentum Mill.),Vegetables,geraniol,Alcohols,,
TOMATO PASTE,TOMATO (Lycopersicon esculentum Mill.),Vegetables,nerol,Alcohols,0.015,0.015
TOMATO PASTE,TOMATO (Lycopersicon esculentum Mill.),Vegetables,linalool,Alcohols,0.016,0.082
TOMATO PASTE,TOMATO (Lycopersicon esculentum Mill.),Vegetables,benzyl alcohol (=benzenemethanol),Alcohols,0.037,0.037
TOMATO PASTE,TOMATO (Lycopersicon esculentum Mill.),Vegetables,2-phenylethanol (=phenethyl alcohol),Alcohols,0.5,2
TOMATO PASTE,TOMATO (Lycopersicon esculentum Mill.),Vegetables,α-terpineol,Alcohols,0.036,0.036
TOMATO PASTE,TOMATO (Lycopersicon esculentum Mill.),Vegetables,acetaldehyde (=ethanal),"Carbonyls, aldehydes",0.015,0.015
TOMATO PASTE,TOMATO (Lycopersicon esculentum Mill.),Vegetables,2-methylbutanal (=α-methylbutanal),"Carbonyls, aldehydes",,
TOMATO PASTE,TOMATO (Lycopersicon esculentum Mill.),Vegetables,"3-methylbutanal (=isopentanal, isovaleraldehyde)","Carbonyls, aldehydes",0.01,0.74
TOMATO PASTE,TOMATO (Lycopersicon esculentum Mill.),Vegetables,2-methyl-2-butenal,"Carbonyls, aldehydes",<0.001,<0.001
TOMATO PASTE,TOMATO (Lycopersicon esculentum Mill.),Vegetables,(E)-2-pentenal,"Carbonyls, aldehydes",,
TOMATO PASTE,TOMATO (Lycopersicon esculentum Mill.),Vegetables,hexanal (=capronaldehyde),"Carbonyls, aldehydes",0.004,0.014
TOMATO PASTE,TOMATO (Lycopersicon esculentum Mill.),Vegetables,(E)-2-hexenal (=leaf aldehyde),"Carbonyls, aldehydes",0,0.005
TOMATO PASTE,TOMATO (Lycopersicon esculentum Mill.),Vegetables,(Z)-3-hexenal,"Carbonyls, aldehydes",0,0.006
TOMATO PASTE,TOMATO (Lycopersicon esculentum Mill.),Vegetables,hexenal (unkn.str.),"Carbonyls, aldehydes",0.008,0.008
TOMATO PASTE,TOMATO (Lycopersicon esculentum Mill.),Vegetables,(E)-2-heptenal,"Carbonyls, aldehydes",0,0.004
TOMATO PASTE,TOMATO (Lycopersicon esculentum Mill.),Vegetables,(E)-2-octenal,"Carbonyls, aldehydes",,
TOMATO PASTE,TOMATO (Lycopersicon esculentum Mill.),Vegetables,nonanal (=pelargonaldehyde),"Carbonyls, aldehydes",,
TOMATO PASTE,TOMATO (Lycopersicon esculentum Mill.),Vegetables,(E)-2-nonenal,"Carbonyls, aldehydes",,
TOMATO PASTE,TOMATO (Lycopersicon esculentum Mill.),Vegetables,decanal (=capraldehyde),"Carbonyls, aldehydes",,
TOMATO PASTE,TOMATO (Lycopersicon esculentum Mill.),Vegetables,"2,4-decadienal","Carbonyls, aldehydes",,
TOMATO PASTE,TOMATO (Lycopersicon esculentum Mill.),Vegetables,geranial (=α-citral),"Carbonyls, aldehydes",0.003,0.02
TOMATO PASTE,TOMATO (Lycopersicon esculentum Mill.),Vegetables,neral (=β-citral),"Carbonyls, aldehydes",<0.0005,0.024
TOMATO PASTE,TOMATO (Lycopersicon esculentum Mill.),Vegetables,benzaldehyde,"Carbonyls, aldehydes",0.008,0.022
TOMATO PASTE,TOMATO (Lycopersicon esculentum Mill.),Vegetables,4-methylbenzaldehyde (=p-tolualdehyde),"Carbonyls, aldehydes",,
TOMATO PASTE,TOMATO (Lycopersicon esculentum Mill.),Vegetables,methylbenzaldehyde (unkn.str.) (=tolualdehyde (unkn.str.)),"Carbonyls, aldehydes",,
TOMATO PASTE,TOMATO (Lycopersicon esculentum Mill.),Vegetables,4-methoxybenzaldehyde (=anisaldehyde),"Carbonyls, aldehydes",,
TOMATO PASTE,TOMATO (Lycopersicon esculentum Mill.),Vegetables,"2,5-dimethylbenzaldehyde","Carbonyls, aldehydes",,
TOMATO PASTE,TOMATO (Lycopersicon esculentum Mill.),Vegetables,phenylacetaldehyde (=benzeneacetaldehyde),"Carbonyls, aldehydes",0.005,0.04
TOMATO PASTE,TOMATO (Lycopersicon esculentum Mill.),Vegetables,β-cyclocitral,"Carbonyls, aldehydes",0.002,0.006
TOMATO PASTE,TOMATO (Lycopersicon esculentum Mill.),Vegetables,3-hydroxy-2-butanone (=acetoin),"Carbonyls, ketones",0.1,0.3
TOMATO PASTE,TOMATO (Lycopersicon esculentum Mill.),Vegetables,1-penten-3-one,"Carbonyls, ketones",0,0.008
TOMATO PASTE,TOMATO (Lycopersicon esculentum Mill.),Vegetables,2-heptanone,"Carbonyls, ketones",0.07,0.07
TOMATO PASTE,TOMATO (Lycopersicon esculentum Mill.),Vegetables,6-methyl-5-hepten-2-one,"Carbonyls, ketones",0.05,1.03
TOMATO PASTE,TOMATO (Lycopersicon esculentum Mill.),Vegetables,"6-methyl-3,5-heptadien-2-one","Carbonyls, ketones",0.002,0.014
TOMATO PASTE,TOMATO (Lycopersicon esculentum Mill.),Vegetables,"(E)-6-methyl-3,5-heptadien-2-one","Carbonyls, ketones",,
TOMATO PASTE,TOMATO (Lycopersicon esculentum Mill.),Vegetables,"(Z)-6-methyl-3,5-heptadien-2-one","Carbonyls, ketones",,
TOMATO PASTE,TOMATO (Lycopersicon esculentum Mill.),Vegetables,1-octen-3-one,"Carbonyls, ketones",,
TOMATO PASTE,TOMATO (Lycopersicon esculentum Mill.),Vegetables,"(E)-6,10-dimethyl-5,9-undecadien-2-one (=geranylacetone)","Carbonyls, ketones",0.006,0.03
TOMATO PASTE,TOMATO (Lycopersicon esculentum Mill.),Vegetables,"6,10-dimethyl-3,5,9-undecatrien-2-one (=ψ-ionone, pseudoionone)","Carbonyls, ketones",0,0.006
TOMATO PASTE,TOMATO (Lycopersicon esculentum Mill.),Vegetables,"(E),(E)-6,10-dimethyl-3,5,9-undecatrien-2-one (=(E),(E)-pseudoionone)","Carbonyls, ketones",,
TOMATO PASTE,TOMATO (Lycopersicon esculentum Mill.),Vegetables,"(E),(Z)-6,10-dimethyl-3,5,9-undecatrien-2-one (=(E),(Z)-pseudoionone)","Carbonyls, ketones",,
TOMATO PASTE,TOMATO (Lycopersicon esculentum Mill.),Vegetables,"2,2,6-trimethylcyclohexanone","Carbonyls, ketones",,
TOMATO PASTE,TOMATO (Lycopersicon esculentum Mill.),Vegetables,"2,6,6-trimethyl-2-cyclohexen-1-one","Carbonyls, ketones",,
TOMATO PASTE,TOMATO (Lycopersicon esculentum Mill.),Vegetables,"2,6,6-trimethyl-2-cyclohexenecarbaldehyde (=α-cyclocitral)","Carbonyls, ketones",,
TOMATO PASTE,TOMATO (Lycopersicon esculentum Mill.),Vegetables,acetophenone (=1-phenylethanone),"Carbonyls, ketones",,
TOMATO PASTE,TOMATO (Lycopersicon esculentum Mill.),Vegetables,1-phenyl-2-propanone,"Carbonyls, ketones",,
TOMATO PASTE,TOMATO (Lycopersicon esculentum Mill.),Vegetables,β-damascenone (=(E)-β-damascenone),"Carbonyls, ketones",0.002,0.025
TOMATO PASTE,TOMATO (Lycopersicon esculentum Mill.),Vegetables,"4-(2,6,6-trimethyl-1-cyclohexen-1-yl)-3-buten-2-one (=β-ionone)","Carbonyls, ketones",0.002,0.03
TOMATO PASTE,TOMATO (Lycopersicon esculentum Mill.),Vegetables,α-ionone,"Carbonyls, ketones",,
TOMATO PASTE,TOMATO (Lycopersicon esculentum Mill.),Vegetables,(E)-β-ionone,"Carbonyls, ketones",0,0.004
TOMATO PASTE,TOMATO (Lycopersicon esculentum Mill.),Vegetables,"5,6-epoxy-β-ionone (=epoxy-β-ionone)","Carbonyls, ketones",,
TOMATO PASTE,TOMATO (Lycopersicon esculentum Mill.),Vegetables,1-phenyl-2-butanone,"Carbonyls, ketones",,
TOMATO PASTE,TOMATO (Lycopersicon esculentum Mill.),Vegetables,"carvone (=p-6,8-menthadien-2-one)","Carbonyls, ketones",,
TOMATO PASTE,TOMATO (Lycopersicon esculentum Mill.),Vegetables,2-methylbutanoic acid,Acids,0.041,0.041
TOMATO PASTE,TOMATO (Lycopersicon esculentum Mill.),Vegetables,3-methylbutanoic acid (=isovaleric acid),Acids,0.8,8
TOMATO PASTE,TOMATO (Lycopersicon esculentum Mill.),Vegetables,hexanoic acid (=caproic acid),Acids,0.013,0.08
TOMATO PASTE,TOMATO (Lycopersicon esculentum Mill.),Vegetables,hexyl acetate,Esters,0.009,0.009
TOMATO PASTE,TOMATO (Lycopersicon esculentum Mill.),Vegetables,linalyl acetate,Esters,,
TOMATO PASTE,TOMATO (Lycopersicon esculentum Mill.),Vegetables,methyl 2-hydroxybenzoate (=methyl salicylate),Esters,0,0.008
TOMATO PASTE,TOMATO (Lycopersicon esculentum Mill.),Vegetables,"4-hydroxybutanoic acid lactone (=dihydro-2(3H)-furanone, 4-butanolide, γ-butyrolactone)",Lactones,,
TOMATO PASTE,TOMATO (Lycopersicon esculentum Mill.),Vegetables,"dimethyl sulfide (=thiobismethane, methylthiomethane, methyl sulfide)",Sulfur compounds,0.8,10
TOMATO PASTE,TOMATO (Lycopersicon esculentum Mill.),Vegetables,"dimethyl trisulfide (=2,3,4-trithiapentane, methyltrithiomethane)",Sulfur compounds,,
TOMATO PASTE,TOMATO (Lycopersicon esculentum Mill.),Vegetables,2-(methylthio)ethanol,Sulfur compounds,,
TOMATO PASTE,TOMATO (Lycopersicon esculentum Mill.),Vegetables,(methylthio)acetaldehyde,Sulfur compounds,,
TOMATO PASTE,TOMATO (Lycopersicon esculentum Mill.),Vegetables,3-(methylthio)propanal (=methional),Sulfur compounds,0.001,0.004
TOMATO PASTE,TOMATO (Lycopersicon esculentum Mill.),Vegetables,3-Methylthiohexanal,Sulfur compounds,,
TOMATO PASTE,TOMATO (Lycopersicon esculentum Mill.),Vegetables,1-(methylthio)octan-3-one,Sulfur compounds,,
TOMATO PASTE,TOMATO (Lycopersicon esculentum Mill.),Vegetables,1-(methylthio)-3-pentanone,Sulfur compounds,,
TOMATO PASTE,TOMATO (Lycopersicon esculentum Mill.),Vegetables,2-ethylthiophene,Sulfur compounds,0.031,0.031
TOMATO PASTE,TOMATO (Lycopersicon esculentum Mill.),Vegetables,2-isobutylthiazole,Sulfur compounds,0.003,0.023
TOMATO PASTE,TOMATO (Lycopersicon esculentum Mill.),Vegetables,3-methylbutanenitrile (=isobutyl cyanide),Nitriles and amides,0.002,0.02
TOMATO PASTE,TOMATO (Lycopersicon esculentum Mill.),Vegetables,benzonitrile,Nitriles and amides,,
TOMATO PASTE,TOMATO (Lycopersicon esculentum Mill.),Vegetables,"phenylacetonitrile (=benzyl cyanide, benzeneacetonitrile)",Nitriles and amides,0.014,0.13
TOMATO PASTE,TOMATO (Lycopersicon esculentum Mill.),Vegetables,2-methyl-1-nitropropane,Nitriles and amides,,
TOMATO PASTE,TOMATO (Lycopersicon esculentum Mill.),Vegetables,3-methyl-1-nitrobutane,Nitriles and amides,0.002,0.012
TOMATO PASTE,TOMATO (Lycopersicon esculentum Mill.),Vegetables,(2-nitroethyl)benzene,Nitriles and amides,0.044,0.099
TOMATO PASTE,TOMATO (Lycopersicon esculentum Mill.),Vegetables,2-methoxyphenol (=guaiacol),Phenols,,
TOMATO PASTE,TOMATO (Lycopersicon esculentum Mill.),Vegetables,2-methoxy-4-vinylphenol (=4-vinylguaiacol),Phenols,,
TOMATO PASTE,TOMATO (Lycopersicon esculentum Mill.),Vegetables,eugenol (=4-allyl-2-methoxyphenol),Phenols,0.02,0.4
TOMATO PASTE,TOMATO (Lycopersicon esculentum Mill.),Vegetables,linalool oxide (5),Furans,,
TOMATO PASTE,TOMATO (Lycopersicon esculentum Mill.),Vegetables,2-butylfuran,Furans,,
TOMATO PASTE,TOMATO (Lycopersicon esculentum Mill.),Vegetables,2-pentylfuran,Furans,0.003,0.013
TOMATO PASTE,TOMATO (Lycopersicon esculentum Mill.),Vegetables,2-isopropyl-5-methylfuran,Furans,,
TOMATO PASTE,TOMATO (Lycopersicon esculentum Mill.),Vegetables,"furfural (=2-formylfuran, 2-furancarbaldehyde, 2-furaldehyde)",Furans,0.027,0.21
TOMATO PASTE,TOMATO (Lycopersicon esculentum Mill.),Vegetables,5-methylfurfural,Furans,,
TOMATO PASTE,TOMATO (Lycopersicon esculentum Mill.),Vegetables,2-methyldihydro-3(2H)-furanone,Furans,,
TOMATO PASTE,TOMATO (Lycopersicon esculentum Mill.),Vegetables,4-hydroxy-2-methyl-3(2H)-furanone,Furans,3.3,3.3
TOMATO PASTE,TOMATO (Lycopersicon esculentum Mill.),Vegetables,"4-hydroxy-2,5-dimethyl-3(2H)-furanone (=furaneol)",Furans,1,1
TOMATO PASTE,TOMATO (Lycopersicon esculentum Mill.),Vegetables,"2-acetylfuran (=2-furyl methyl ketone, 1-(2-furyl)ethanone)",Furans,0.018,0.08
TOMATO PASTE,TOMATO (Lycopersicon esculentum Mill.),Vegetables,2-acetyl-5-methylfuran,Furans,,
TOMATO PASTE,TOMATO (Lycopersicon esculentum Mill.),Vegetables,"furfuryl alcohol (=(2-furyl)-methanol, 2-furanmethanol)",Furans,,
TOMATO JUICE,TOMATO (Lycopersicon esculentum Mill.),Vegetables,"2,6-dimethyl-2,6-octadiene",Hydrocarbons,,
TOMATO JUICE,TOMATO (Lycopersicon esculentum Mill.),Vegetables,α-phellandrene,Hydrocarbons,,
TOMATO JUICE,TOMATO (Lycopersicon esculentum Mill.),Vegetables,γ-terpinene,Hydrocarbons,,
TOMATO JUICE,TOMATO (Lycopersicon esculentum Mill.),Vegetables,methylbenzene (=toluene),Hydrocarbons,,
TOMATO JUICE,TOMATO (Lycopersicon esculentum Mill.),Vegetables,ethylbenzene (=α-methyltoluene),Hydrocarbons,0.023,0.023
TOMATO JUICE,TOMATO (Lycopersicon esculentum Mill.),Vegetables,vinylbenzene (=styrene),Hydrocarbons,,
TOMATO JUICE,TOMATO (Lycopersicon esculentum Mill.),Vegetables,propylbenzene,Hydrocarbons,,
TOMATO JUICE,TOMATO (Lycopersicon esculentum Mill.),Vegetables,butylbenzene,Hydrocarbons,,
TOMATO JUICE,TOMATO (Lycopersicon esculentum Mill.),Vegetables,"1,2-dimethylbenzene (=o-xylene)",Hydrocarbons,,
TOMATO JUICE,TOMATO (Lycopersicon esculentum Mill.),Vegetables,"1,3-dimethylbenzene (=m-xylene)",Hydrocarbons,,
TOMATO JUICE,TOMATO (Lycopersicon esculentum Mill.),Vegetables,"1,4-dimethylbenzene (=p-xylene)",Hydrocarbons,,
TOMATO JUICE,TOMATO (Lycopersicon esculentum Mill.),Vegetables,1-isopropyl-3-methylbenzene (=m-cymene),Hydrocarbons,,
TOMATO JUICE,TOMATO (Lycopersicon esculentum Mill.),Vegetables,1-isopropyl-4-methylbenzene (=p-cymene),Hydrocarbons,,
TOMATO JUICE,TOMATO (Lycopersicon esculentum Mill.),Vegetables,"1,2,4,5-tetramethylbenzene",Hydrocarbons,,
TOMATO JUICE,TOMATO (Lycopersicon esculentum Mill.),Vegetables,"1,2-dihydronaphthalene",Hydrocarbons,,
TOMATO JUICE,TOMATO (Lycopersicon esculentum Mill.),Vegetables,naphthalene,Hydrocarbons,,
TOMATO JUICE,TOMATO (Lycopersicon esculentum Mill.),Vegetables,methanol,Alcohols,160,560
TOMATO JUICE,TOMATO (Lycopersicon esculentum Mill.),Vegetables,ethanol,Alcohols,47.7,68.7
TOMATO JUICE,TOMATO (Lycopersicon esculentum Mill.),Vegetables,2-methoxyethanol (=ethylene glycol monomethyl ether),Alcohols,,
TOMATO JUICE,TOMATO (Lycopersicon esculentum Mill.),Vegetables,2-ethoxyethanol (=ethylene glycol monoethyl ether),Alcohols,,
TOMATO JUICE,TOMATO (Lycopersicon esculentum Mill.),Vegetables,"1,2-ethanediol (=ethylene glycol, glycol)",Alcohols,,
TOMATO JUICE,TOMATO (Lycopersicon esculentum Mill.),Vegetables,1-propanol (=propyl alcohol),Alcohols,,
TOMATO JUICE,TOMATO (Lycopersicon esculentum Mill.),Vegetables,2-methyl-1-propanol (=isobutanol),Alcohols,,
TOMATO JUICE,TOMATO (Lycopersicon esculentum Mill.),Vegetables,1-butanol,Alcohols,,
TOMATO JUICE,TOMATO (Lycopersicon esculentum Mill.),Vegetables,2-methyl-1-butanol (=active amyl alcohol),Alcohols,,
TOMATO JUICE,TOMATO (Lycopersicon esculentum Mill.),Vegetables,3-methyl-1-butanol (=isoamyl alcohol),Alcohols,0.16,0.16
TOMATO JUICE,TOMATO (Lycopersicon esculentum Mill.),Vegetables,1-pentanol (=amyl alcohol),Alcohols,,
TOMATO JUICE,TOMATO (Lycopersicon esculentum Mill.),Vegetables,(Z)-2-penten-1-ol,Alcohols,,
TOMATO JUICE,TOMATO (Lycopersicon esculentum Mill.),Vegetables,1-penten-3-ol,Alcohols,,
TOMATO JUICE,TOMATO (Lycopersicon esculentum Mill.),Vegetables,2-methyl-2-pentanol,Alcohols,,
TOMATO JUICE,TOMATO (Lycopersicon esculentum Mill.),Vegetables,1-hexanol,Alcohols,0.049,0.049
TOMATO JUICE,TOMATO (Lycopersicon esculentum Mill.),Vegetables,(E)-2-hexen-1-ol,Alcohols,,
TOMATO JUICE,TOMATO (Lycopersicon esculentum Mill.),Vegetables,(Z)-3-hexen-1-ol (=leaf alcohol),Alcohols,0.055,0.055
TOMATO JUICE,TOMATO (Lycopersicon esculentum Mill.),Vegetables,(E)-3-hexen-1-ol,Alcohols,,
TOMATO JUICE,TOMATO (Lycopersicon esculentum Mill.),Vegetables,1-heptanol,Alcohols,,
TOMATO JUICE,TOMATO (Lycopersicon esculentum Mill.),Vegetables,4-heptanol,Alcohols,,
TOMATO JUICE,TOMATO (Lycopersicon esculentum Mill.),Vegetables,6-methyl-5-hepten-2-ol,Alcohols,,
TOMATO JUICE,TOMATO (Lycopersicon esculentum Mill.),Vegetables,1-octanol,Alcohols,,
TOMATO JUICE,TOMATO (Lycopersicon esculentum Mill.),Vegetables,1-octen-3-ol,Alcohols,,
TOMATO JUICE,TOMATO (Lycopersicon esculentum Mill.),Vegetables,2-butyl-1-octanol,Alcohols,,
TOMATO JUICE,TOMATO (Lycopersicon esculentum Mill.),Vegetables,1-nonanol,Alcohols,,
TOMATO JUICE,TOMATO (Lycopersicon esculentum Mill.),Vegetables,citronellol,Alcohols,,
TOMATO JUICE,TOMATO (Lycopersicon esculentum Mill.),Vegetables,geraniol,Alcohols,,
TOMATO JUICE,TOMATO (Lycopersicon esculentum Mill.),Vegetables,nerol,Alcohols,0.048,0.048
TOMATO JUICE,TOMATO (Lycopersicon esculentum Mill.),Vegetables,linalool,Alcohols,0.11,0.11
TOMATO JUICE,TOMATO (Lycopersicon esculentum Mill.),Vegetables,farnesol,Alcohols,,
TOMATO JUICE,TOMATO (Lycopersicon esculentum Mill.),Vegetables,nerolidol,Alcohols,,
TOMATO JUICE,TOMATO (Lycopersicon esculentum Mill.),Vegetables,2-methylcyclohexanol,Alcohols,,
TOMATO JUICE,TOMATO (Lycopersicon esculentum Mill.),Vegetables,benzyl alcohol (=benzenemethanol),Alcohols,0.064,0.064
TOMATO JUICE,TOMATO (Lycopersicon esculentum Mill.),Vegetables,"4-isopropylbenzyl alcohol (=cumic alcohol, p-cymen-7-ol)",Alcohols,,
TOMATO JUICE,TOMATO (Lycopersicon esculentum Mill.),Vegetables,2-phenylethanol (=phenethyl alcohol),Alcohols,,
TOMATO JUICE,TOMATO (Lycopersicon esculentum Mill.),Vegetables,α-terpineol,Alcohols,,
TOMATO JUICE,TOMATO (Lycopersicon esculentum Mill.),Vegetables,4-terpineol (=terpinen-4-ol),Alcohols,,
TOMATO JUICE,TOMATO (Lycopersicon esculentum Mill.),Vegetables,acetaldehyde (=ethanal),"Carbonyls, aldehydes",0.138,1.09
TOMATO JUICE,TOMATO (Lycopersicon esculentum Mill.),Vegetables,"3-methylbutanal (=isopentanal, isovaleraldehyde)","Carbonyls, aldehydes",0.46,1.36
TOMATO JUICE,TOMATO (Lycopersicon esculentum Mill.),Vegetables,pentanal (=valeraldehyde),"Carbonyls, aldehydes",,
TOMATO JUICE,TOMATO (Lycopersicon esculentum Mill.),Vegetables,hexanal (=capronaldehyde),"Carbonyls, aldehydes",1.37,4.34
TOMATO JUICE,TOMATO (Lycopersicon esculentum Mill.),Vegetables,(E)-2-hexenal (=leaf aldehyde),"Carbonyls, aldehydes",,
TOMATO JUICE,TOMATO (Lycopersicon esculentum Mill.),Vegetables,(Z)-3-hexenal,"Carbonyls, aldehydes",0.019,0.019
TOMATO JUICE,TOMATO (Lycopersicon esculentum Mill.),Vegetables,hexenal (unkn.str.),"Carbonyls, aldehydes",,
TOMATO JUICE,TOMATO (Lycopersicon esculentum Mill.),Vegetables,"2,4-hexadienal","Carbonyls, aldehydes",,
TOMATO JUICE,TOMATO (Lycopersicon esculentum Mill.),Vegetables,heptanal,"Carbonyls, aldehydes",,
TOMATO JUICE,TOMATO (Lycopersicon esculentum Mill.),Vegetables,(E)-2-heptenal,"Carbonyls, aldehydes",,
TOMATO JUICE,TOMATO (Lycopersicon esculentum Mill.),Vegetables,heptenal (unkn.str.),"Carbonyls, aldehydes",,
TOMATO JUICE,TOMATO (Lycopersicon esculentum Mill.),Vegetables,octanal (=caprylaldehyde),"Carbonyls, aldehydes",,
TOMATO JUICE,TOMATO (Lycopersicon esculentum Mill.),Vegetables,2-octenal,"Carbonyls, aldehydes",,
TOMATO JUICE,TOMATO (Lycopersicon esculentum Mill.),Vegetables,(E)-2-octenal,"Carbonyls, aldehydes",,
TOMATO JUICE,TOMATO (Lycopersicon esculentum Mill.),Vegetables,nonanal (=pelargonaldehyde),"Carbonyls, aldehydes",,
TOMATO JUICE,TOMATO (Lycopersicon esculentum Mill.),Vegetables,(E)-2-decenal,"Carbonyls, aldehydes",,
TOMATO JUICE,TOMATO (Lycopersicon esculentum Mill.),Vegetables,"2,4-decadienal","Carbonyls, aldehydes",,
TOMATO JUICE,TOMATO (Lycopersicon esculentum Mill.),Vegetables,geranial (=α-citral),"Carbonyls, aldehydes",0.02,0.02
TOMATO JUICE,TOMATO (Lycopersicon esculentum Mill.),Vegetables,neral (=β-citral),"Carbonyls, aldehydes",0.044,0.044
TOMATO JUICE,TOMATO (Lycopersicon esculentum Mill.),Vegetables,benzaldehyde,"Carbonyls, aldehydes",,
TOMATO JUICE,TOMATO (Lycopersicon esculentum Mill.),Vegetables,4-methylbenzaldehyde (=p-tolualdehyde),"Carbonyls, aldehydes",,
TOMATO JUICE,TOMATO (Lycopersicon esculentum Mill.),Vegetables,2-hydroxybenzaldehyde (=salicylaldehyde),"Carbonyls, aldehydes",,
TOMATO JUICE,TOMATO (Lycopersicon esculentum Mill.),Vegetables,4-methoxybenzaldehyde (=anisaldehyde),"Carbonyls, aldehydes",,
TOMATO JUICE,TOMATO (Lycopersicon esculentum Mill.),Vegetables,phenylacetaldehyde (=benzeneacetaldehyde),"Carbonyls, aldehydes",,
TOMATO JUICE,TOMATO (Lycopersicon esculentum Mill.),Vegetables,β-cyclocitral,"Carbonyls, aldehydes",,
TOMATO JUICE,TOMATO (Lycopersicon esculentum Mill.),Vegetables,"acetone (=2-propanone, dimethyl ketone)","Carbonyls, ketones",1.22,5.17
TOMATO JUICE,TOMATO (Lycopersicon esculentum Mill.),Vegetables,3-buten-2-one,"Carbonyls, ketones",,
TOMATO JUICE,TOMATO (Lycopersicon esculentum Mill.),Vegetables,3-hydroxy-2-butanone (=acetoin),"Carbonyls, ketones",,
TOMATO JUICE,TOMATO (Lycopersicon esculentum Mill.),Vegetables,3-pentanone,"Carbonyls, ketones",,
TOMATO JUICE,TOMATO (Lycopersicon esculentum Mill.),Vegetables,3-penten-2-one,"Carbonyls, ketones",,
TOMATO JUICE,TOMATO (Lycopersicon esculentum Mill.),Vegetables,1-penten-3-one,"Carbonyls, ketones",,
TOMATO JUICE,TOMATO (Lycopersicon esculentum Mill.),Vegetables,5-methyl-2-hexanone,"Carbonyls, ketones",,
TOMATO JUICE,TOMATO (Lycopersicon esculentum Mill.),Vegetables,2-heptanone,"Carbonyls, ketones",0.08,0.08
TOMATO JUICE,TOMATO (Lycopersicon esculentum Mill.),Vegetables,5-methyl-3-heptanone,"Carbonyls, ketones",,
TOMATO JUICE,TOMATO (Lycopersicon esculentum Mill.),Vegetables,6-methyl-5-hepten-2-one,"Carbonyls, ketones",0.495,0.495
TOMATO JUICE,TOMATO (Lycopersicon esculentum Mill.),Vegetables,2-octanone,"Carbonyls, ketones",,
TOMATO JUICE,TOMATO (Lycopersicon esculentum Mill.),Vegetables,"6,10-dimethyl-5,9-undecadien-2-one","Carbonyls, ketones",,
TOMATO JUICE,TOMATO (Lycopersicon esculentum Mill.),Vegetables,"(Z)-6,10-dimethyl-5,9-undecadien-2-one (=nerylacetone)","Carbonyls, ketones",,
TOMATO JUICE,TOMATO (Lycopersicon esculentum Mill.),Vegetables,"(E)-6,10-dimethyl-5,9-undecadien-2-one (=geranylacetone)","Carbonyls, ketones",,
TOMATO JUICE,TOMATO (Lycopersicon esculentum Mill.),Vegetables,"6,10-dimethyl-3,5,9-undecatrien-2-one (=ψ-ionone, pseudoionone)","Carbonyls, ketones",,
TOMATO JUICE,TOMATO (Lycopersicon esculentum Mill.),Vegetables,cyclopentanone,"Carbonyls, ketones",,
TOMATO JUICE,TOMATO (Lycopersicon esculentum Mill.),Vegetables,2-cyclohexen-1-one,"Carbonyls, ketones",,
TOMATO JUICE,TOMATO (Lycopersicon esculentum Mill.),Vegetables,2-methylcyclohexanone,"Carbonyls, ketones",,
TOMATO JUICE,TOMATO (Lycopersicon esculentum Mill.),Vegetables,2-hydroxyacetophenone,"Carbonyls, ketones",,
TOMATO JUICE,TOMATO (Lycopersicon esculentum Mill.),Vegetables,"4-(2,6,6-trimethyl-1-cyclohexen-1-yl)-3-buten-2-one (=β-ionone)","Carbonyls, ketones",,
TOMATO JUICE,TOMATO (Lycopersicon esculentum Mill.),Vegetables,α-ionone,"Carbonyls, ketones",,
TOMATO JUICE,TOMATO (Lycopersicon esculentum Mill.),Vegetables,1-phenyl-2-butanone,"Carbonyls, ketones",,
TOMATO JUICE,TOMATO (Lycopersicon esculentum Mill.),Vegetables,"carvone (=p-6,8-menthadien-2-one)","Carbonyls, ketones",,
TOMATO JUICE,TOMATO (Lycopersicon esculentum Mill.),Vegetables,acetic acid,Acids,,
TOMATO JUICE,TOMATO (Lycopersicon esculentum Mill.),Vegetables,propanoic acid (=propionic acid),Acids,,
TOMATO JUICE,TOMATO (Lycopersicon esculentum Mill.),Vegetables,2-methylbutanoic acid,Acids,0.015,0.015
TOMATO JUICE,TOMATO (Lycopersicon esculentum Mill.),Vegetables,3-methylbutanoic acid (=isovaleric acid),Acids,,
TOMATO JUICE,TOMATO (Lycopersicon esculentum Mill.),Vegetables,hexanoic acid (=caproic acid),Acids,0.024,0.024
TOMATO JUICE,TOMATO (Lycopersicon esculentum Mill.),Vegetables,octanoic acid (=caprylic acid),Acids,,
TOMATO JUICE,TOMATO (Lycopersicon esculentum Mill.),Vegetables,nonanoic acid (=pelargonic acid),Acids,,
TOMATO JUICE,TOMATO (Lycopersicon esculentum Mill.),Vegetables,propylene carbonate,Esters,,
TOMATO JUICE,TOMATO (Lycopersicon esculentum Mill.),Vegetables,butyl acetate,Esters,,
TOMATO JUICE,TOMATO (Lycopersicon esculentum Mill.),Vegetables,"triethyl 1,1,2-ethanetricarboxylate",Esters,,
TOMATO JUICE,TOMATO (Lycopersicon esculentum Mill.),Vegetables,hexyl acetate,Esters,0.061,0.061
TOMATO JUICE,TOMATO (Lycopersicon esculentum Mill.),Vegetables,citronellyl acetate,Esters,,
TOMATO JUICE,TOMATO (Lycopersicon esculentum Mill.),Vegetables,linalyl acetate,Esters,,
TOMATO JUICE,TOMATO (Lycopersicon esculentum Mill.),Vegetables,methyl 2-hydroxybenzoate (=methyl salicylate),Esters,,
TOMATO JUICE,TOMATO (Lycopersicon esculentum Mill.),Vegetables,"5-hydroxyoctanoic acid lactone (=5-octanolide, δ-octalactone)",Lactones,,
TOMATO JUICE,TOMATO (Lycopersicon esculentum Mill.),Vegetables,2-ethyl-6-vinylpyrazine,Bases,,
TOMATO JUICE,TOMATO (Lycopersicon esculentum Mill.),Vegetables,"dimethyl sulfide (=thiobismethane, methylthiomethane, methyl sulfide)",Sulfur compounds,1.36,7.26
TOMATO JUICE,TOMATO (Lycopersicon esculentum Mill.),Vegetables,dimethyl disulfide (=methyldithiomethane),Sulfur compounds,,
TOMATO JUICE,TOMATO (Lycopersicon esculentum Mill.),Vegetables,2-ethylthiophene,Sulfur compounds,0.029,0.029
TOMATO JUICE,TOMATO (Lycopersicon esculentum Mill.),Vegetables,2-isobutylthiazole,Sulfur compounds,0.058,0.058
TOMATO JUICE,TOMATO (Lycopersicon esculentum Mill.),Vegetables,2-methyl-2-thiazoline,Sulfur compounds,,
TOMATO JUICE,TOMATO (Lycopersicon esculentum Mill.),Vegetables,diethylene glycol monomethyl ether,Ethers,,
TOMATO JUICE,TOMATO (Lycopersicon esculentum Mill.),Vegetables,"2,2'-(ethylenedioxy)bisethanol (=triethylene glycol)",Ethers,,
TOMATO JUICE,TOMATO (Lycopersicon esculentum Mill.),Vegetables,1-nitropentane,Nitriles and amides,,
TOMATO JUICE,TOMATO (Lycopersicon esculentum Mill.),Vegetables,phenol (=hydroxybenzene),Phenols,,
TOMATO JUICE,TOMATO (Lycopersicon esculentum Mill.),Vegetables,4-vinylphenol,Phenols,,
TOMATO JUICE,TOMATO (Lycopersicon esculentum Mill.),Vegetables,"3,5-dimethylphenol (=3,5-xylenol)",Phenols,,
TOMATO JUICE,TOMATO (Lycopersicon esculentum Mill.),Vegetables,"2,3,5-trimethylphenol",Phenols,,
TOMATO JUICE,TOMATO (Lycopersicon esculentum Mill.),Vegetables,isopropyl-methoxybenzene (unkn.str.),Phenols,,
TOMATO JUICE,TOMATO (Lycopersicon esculentum Mill.),Vegetables,2-methoxyphenol (=guaiacol),Phenols,,
TOMATO JUICE,TOMATO (Lycopersicon esculentum Mill.),Vegetables,eugenol (=4-allyl-2-methoxyphenol),Phenols,0.333,0.333
TOMATO JUICE,TOMATO (Lycopersicon esculentum Mill.),Vegetables,2-methylfuran,Furans,0.061,0.061
TOMATO JUICE,TOMATO (Lycopersicon esculentum Mill.),Vegetables,2-ethylfuran,Furans,,
TOMATO JUICE,TOMATO (Lycopersicon esculentum Mill.),Vegetables,2-methylbenzofuran,Furans,,
TOMATO JUICE,TOMATO (Lycopersicon esculentum Mill.),Vegetables,"furfural (=2-formylfuran, 2-furancarbaldehyde, 2-furaldehyde)",Furans,0.046,0.046
TOMATO JUICE,TOMATO (Lycopersicon esculentum Mill.),Vegetables,5-methylfurfural,Furans,,
TOMATO JUICE,TOMATO (Lycopersicon esculentum Mill.),Vegetables,"2-acetylfuran (=2-furyl methyl ketone, 1-(2-furyl)ethanone)",Furans,,
TOMATO JUICE,TOMATO (Lycopersicon esculentum Mill.),Vegetables,2-acetyl-5-methylfuran,Furans,,
TOMATO JUICE,TOMATO (Lycopersicon esculentum Mill.),Vegetables,"furfuryl alcohol (=(2-furyl)-methanol, 2-furanmethanol)",Furans,,
TOMATO JUICE,TOMATO (Lycopersicon esculentum Mill.),Vegetables,"1,2-epoxyhexane","(Ep)oxides, pyrans, coumarins",,
TOMATO JUICE,TOMATO (Lycopersicon esculentum Mill.),Vegetables,"3,4-dihydro-2H-pyran","(Ep)oxides, pyrans, coumarins",,
TOMATO JUICE,TOMATO (Lycopersicon esculentum Mill.),Vegetables,tetrahydro-2H-pyran-2-methanol,"(Ep)oxides, pyrans, coumarins",,
TOMATO JUICE,TOMATO (Lycopersicon esculentum Mill.),Vegetables,"2-methyl-1,3-dioxolane","(Ep)oxides, pyrans, coumarins",,
TOMATO JUICE,TOMATO (Lycopersicon esculentum Mill.),Vegetables,"2-methoxy-1,3-dioxolane","(Ep)oxides, pyrans, coumarins",,
