Product,Product Category,Product Group,Compound,Compound Group,Quantity Lower Bound,Quantity Upper Bound
,CHINESE QUINCE (Pseudocydonia sinensis Schneid),Fruits,pentadecane,Hydrocarbons,,
,CHINESE QUINCE (Pseudocydonia sinensis Schneid),Fruits,hexadecane,Hydrocarbons,,
,CHINESE QUINCE (Pseudocydonia sinensis Schneid),Fruits,octadecane,Hydrocarbons,,
,CHINESE QUINCE (Pseudocydonia sinensis Schneid),Fruits,"(E,E)-α-farnesene (=α-farnesene)",Hydrocarbons,3.07,3.07
,CHINESE QUINCE (Pseudocydonia sinensis Schneid),Fruits,cyclodecene,Hydrocarbons,,
,CHINESE QUINCE (Pseudocydonia sinensis Schneid),Fruits,limonene,Hydrocarbons,0.02,0.02
,CHINESE QUINCE (Pseudocydonia sinensis Schneid),Fruits,α-elemene,Hydrocarbons,,
,CHINESE QUINCE (Pseudocydonia sinensis Schneid),Fruits,δ-cadinene,Hydrocarbons,,
,CHINESE QUINCE (Pseudocydonia sinensis Schneid),Fruits,α-muurolene,Hydrocarbons,,
,CHINESE QUINCE (Pseudocydonia sinensis Schneid),Fruits,trans-caryophyllene,Hydrocarbons,,
,CHINESE QUINCE (Pseudocydonia sinensis Schneid),Fruits,α-copaene (=copaene),Hydrocarbons,,
,CHINESE QUINCE (Pseudocydonia sinensis Schneid),Fruits,alloaromadendrene,Hydrocarbons,,
,CHINESE QUINCE (Pseudocydonia sinensis Schneid),Fruits,α-gurjunene,Hydrocarbons,,
,CHINESE QUINCE (Pseudocydonia sinensis Schneid),Fruits,methylbenzene (=toluene),Hydrocarbons,,
,CHINESE QUINCE (Pseudocydonia sinensis Schneid),Fruits,ethylbenzene (=α-methyltoluene),Hydrocarbons,,
,CHINESE QUINCE (Pseudocydonia sinensis Schneid),Fruits,"1,4-dimethylbenzene (=p-xylene)",Hydrocarbons,,
,CHINESE QUINCE (Pseudocydonia sinensis Schneid),Fruits,ethanol,Alcohols,,
,CHINESE QUINCE (Pseudocydonia sinensis Schneid),Fruits,2-ethoxyethanol (=ethylene glycol monoethyl ether),Alcohols,,
,CHINESE QUINCE (Pseudocydonia sinensis Schneid),Fruits,1-propanol (=propyl alcohol),Alcohols,0.02,0.02
,CHINESE QUINCE (Pseudocydonia sinensis Schneid),Fruits,2-methyl-1-propanol (=isobutanol),Alcohols,0.66,0.66
,CHINESE QUINCE (Pseudocydonia sinensis Schneid),Fruits,1-butanol,Alcohols,0.05,0.05
,CHINESE QUINCE (Pseudocydonia sinensis Schneid),Fruits,2-butanol (=sec-butanol),Alcohols,,
,CHINESE QUINCE (Pseudocydonia sinensis Schneid),Fruits,3-methyl-1-butanol (=isoamyl alcohol),Alcohols,0.06,0.06
,CHINESE QUINCE (Pseudocydonia sinensis Schneid),Fruits,1-pentanol (=amyl alcohol),Alcohols,0.02,0.02
,CHINESE QUINCE (Pseudocydonia sinensis Schneid),Fruits,2-pentanol,Alcohols,,
,CHINESE QUINCE (Pseudocydonia sinensis Schneid),Fruits,1-penten-3-ol,Alcohols,0.01,0.01
,CHINESE QUINCE (Pseudocydonia sinensis Schneid),Fruits,3-methyl-3-pentanol,Alcohols,,
,CHINESE QUINCE (Pseudocydonia sinensis Schneid),Fruits,1-hexanol,Alcohols,0.38,1.03
,CHINESE QUINCE (Pseudocydonia sinensis Schneid),Fruits,(E)-2-hexen-1-ol,Alcohols,0.03,0.46
,CHINESE QUINCE (Pseudocydonia sinensis Schneid),Fruits,(Z)-3-hexen-1-ol (=leaf alcohol),Alcohols,0.22,1.25
,CHINESE QUINCE (Pseudocydonia sinensis Schneid),Fruits,2-heptanol,Alcohols,,
,CHINESE QUINCE (Pseudocydonia sinensis Schneid),Fruits,1-octanol,Alcohols,0.06,0.06
,CHINESE QUINCE (Pseudocydonia sinensis Schneid),Fruits,(E)-2-decen-1-ol,Alcohols,,
,CHINESE QUINCE (Pseudocydonia sinensis Schneid),Fruits,linalool,Alcohols,,
,CHINESE QUINCE (Pseudocydonia sinensis Schneid),Fruits,cyclopentanol,Alcohols,0.01,0.01
,CHINESE QUINCE (Pseudocydonia sinensis Schneid),Fruits,benzyl alcohol (=benzenemethanol),Alcohols,0.03,0.03
,CHINESE QUINCE (Pseudocydonia sinensis Schneid),Fruits,2-phenylethanol (=phenethyl alcohol),Alcohols,0.01,0.01
,CHINESE QUINCE (Pseudocydonia sinensis Schneid),Fruits,α-terpineol,Alcohols,,
,CHINESE QUINCE (Pseudocydonia sinensis Schneid),Fruits,4-terpineol (=terpinen-4-ol),Alcohols,,
,CHINESE QUINCE (Pseudocydonia sinensis Schneid),Fruits,dihydro-β-ionol,Alcohols,trace,trace
,CHINESE QUINCE (Pseudocydonia sinensis Schneid),Fruits,propanal (=propionaldehyde),"Carbonyls, aldehydes",,
,CHINESE QUINCE (Pseudocydonia sinensis Schneid),Fruits,butanal (=butyraldehyde),"Carbonyls, aldehydes",,
,CHINESE QUINCE (Pseudocydonia sinensis Schneid),Fruits,2-butenal (=crotonaldehyde),"Carbonyls, aldehydes",,
,CHINESE QUINCE (Pseudocydonia sinensis Schneid),Fruits,2-methylbutanal (=α-methylbutanal),"Carbonyls, aldehydes",,
,CHINESE QUINCE (Pseudocydonia sinensis Schneid),Fruits,"3-methylbutanal (=isopentanal, isovaleraldehyde)","Carbonyls, aldehydes",,
,CHINESE QUINCE (Pseudocydonia sinensis Schneid),Fruits,(E)-2-methyl-2-butenal (=tiglicaldehyde),"Carbonyls, aldehydes",,
,CHINESE QUINCE (Pseudocydonia sinensis Schneid),Fruits,hexanal (=capronaldehyde),"Carbonyls, aldehydes",0.06,0.06
,CHINESE QUINCE (Pseudocydonia sinensis Schneid),Fruits,(E)-2-hexenal (=leaf aldehyde),"Carbonyls, aldehydes",0.03,0.07
,CHINESE QUINCE (Pseudocydonia sinensis Schneid),Fruits,(Z)-3-hexenal,"Carbonyls, aldehydes",,
,CHINESE QUINCE (Pseudocydonia sinensis Schneid),Fruits,"(E,E)-2,4-hexadienal","Carbonyls, aldehydes",,
,CHINESE QUINCE (Pseudocydonia sinensis Schneid),Fruits,heptanal,"Carbonyls, aldehydes",0.03,0.03
,CHINESE QUINCE (Pseudocydonia sinensis Schneid),Fruits,(E)-2-heptenal,"Carbonyls, aldehydes",,
,CHINESE QUINCE (Pseudocydonia sinensis Schneid),Fruits,nonanal (=pelargonaldehyde),"Carbonyls, aldehydes",0.03,0.03
,CHINESE QUINCE (Pseudocydonia sinensis Schneid),Fruits,"(E,E)-2,4-decadienal","Carbonyls, aldehydes",0.02,0.02
,CHINESE QUINCE (Pseudocydonia sinensis Schneid),Fruits,geranial (=α-citral),"Carbonyls, aldehydes",,
,CHINESE QUINCE (Pseudocydonia sinensis Schneid),Fruits,neral (=β-citral),"Carbonyls, aldehydes",,
,CHINESE QUINCE (Pseudocydonia sinensis Schneid),Fruits,benzaldehyde,"Carbonyls, aldehydes",0.01,0.01
,CHINESE QUINCE (Pseudocydonia sinensis Schneid),Fruits,2-hydroxybenzaldehyde (=salicylaldehyde),"Carbonyls, aldehydes",,
,CHINESE QUINCE (Pseudocydonia sinensis Schneid),Fruits,4-hydroxybenzaldehyde (=4-formylphenol),"Carbonyls, aldehydes",,
,CHINESE QUINCE (Pseudocydonia sinensis Schneid),Fruits,"2,4-dihydroxy-3,6-dimethyl-benzaldehyde","Carbonyls, aldehydes",,
,CHINESE QUINCE (Pseudocydonia sinensis Schneid),Fruits,"2,4-dihydroxy-5,6-dimethyl-benzaldehyde","Carbonyls, aldehydes",,
,CHINESE QUINCE (Pseudocydonia sinensis Schneid),Fruits,"acetone (=2-propanone, dimethyl ketone)","Carbonyls, ketones",0.18,0.18
,CHINESE QUINCE (Pseudocydonia sinensis Schneid),Fruits,2-butanone (=ethyl methyl ketone),"Carbonyls, ketones",,
,CHINESE QUINCE (Pseudocydonia sinensis Schneid),Fruits,3-hydroxy-2-butanone (=acetoin),"Carbonyls, ketones",0.12,0.12
,CHINESE QUINCE (Pseudocydonia sinensis Schneid),Fruits,4-methyl-2-pentanone,"Carbonyls, ketones",0.02,0.02
,CHINESE QUINCE (Pseudocydonia sinensis Schneid),Fruits,"2,4-dimethyl-3-pentanone","Carbonyls, ketones",trace,trace
,CHINESE QUINCE (Pseudocydonia sinensis Schneid),Fruits,4-hydroxy-4-methyl-2-pentanone (=diacetone alcohol),"Carbonyls, ketones",0.03,0.03
,CHINESE QUINCE (Pseudocydonia sinensis Schneid),Fruits,2-heptanone,"Carbonyls, ketones",,
,CHINESE QUINCE (Pseudocydonia sinensis Schneid),Fruits,6-methyl-5-hepten-2-one,"Carbonyls, ketones",,
,CHINESE QUINCE (Pseudocydonia sinensis Schneid),Fruits,cyclopentanone,"Carbonyls, ketones",,
,CHINESE QUINCE (Pseudocydonia sinensis Schneid),Fruits,α-ionone,"Carbonyls, ketones",trace,trace
,CHINESE QUINCE (Pseudocydonia sinensis Schneid),Fruits,(E)-β-ionone,"Carbonyls, ketones",0.01,0.02
,CHINESE QUINCE (Pseudocydonia sinensis Schneid),Fruits,3-hydroxy-β-ionone,"Carbonyls, ketones",,
,CHINESE QUINCE (Pseudocydonia sinensis Schneid),Fruits,"carvone (=p-6,8-menthadien-2-one)","Carbonyls, ketones",trace,trace
,CHINESE QUINCE (Pseudocydonia sinensis Schneid),Fruits,acetic acid,Acids,0.19,0.33
,CHINESE QUINCE (Pseudocydonia sinensis Schneid),Fruits,propanoic acid (=propionic acid),Acids,,
,CHINESE QUINCE (Pseudocydonia sinensis Schneid),Fruits,2-methylpropanoic acid (=isobutyric acid),Acids,0.49,0.49
,CHINESE QUINCE (Pseudocydonia sinensis Schneid),Fruits,butanoic acid (=butyric acid),Acids,,
,CHINESE QUINCE (Pseudocydonia sinensis Schneid),Fruits,(E)-2-butenoic acid,Acids,,
,CHINESE QUINCE (Pseudocydonia sinensis Schneid),Fruits,2-methylbutanoic acid,Acids,0.04,0.04
,CHINESE QUINCE (Pseudocydonia sinensis Schneid),Fruits,3-methylbutanoic acid (=isovaleric acid),Acids,,
,CHINESE QUINCE (Pseudocydonia sinensis Schneid),Fruits,2-hydroxybutanoic acid,Acids,,
,CHINESE QUINCE (Pseudocydonia sinensis Schneid),Fruits,pentanoic acid (=valeric acid),Acids,,
,CHINESE QUINCE (Pseudocydonia sinensis Schneid),Fruits,4-oxopentanoic acid (=levulinic acid),Acids,,
,CHINESE QUINCE (Pseudocydonia sinensis Schneid),Fruits,hexanoic acid (=caproic acid),Acids,0.02,0.02
,CHINESE QUINCE (Pseudocydonia sinensis Schneid),Fruits,5-hexenoic acid,Acids,,
,CHINESE QUINCE (Pseudocydonia sinensis Schneid),Fruits,heptanoic acid (=enanthic acid),Acids,,
,CHINESE QUINCE (Pseudocydonia sinensis Schneid),Fruits,octanoic acid (=caprylic acid),Acids,0.02,0.02
,CHINESE QUINCE (Pseudocydonia sinensis Schneid),Fruits,octenoic acid (unkn.str.),Acids,,
,CHINESE QUINCE (Pseudocydonia sinensis Schneid),Fruits,nonanoic acid (=pelargonic acid),Acids,,
,CHINESE QUINCE (Pseudocydonia sinensis Schneid),Fruits,decanoic acid (=capric acid),Acids,,
,CHINESE QUINCE (Pseudocydonia sinensis Schneid),Fruits,decenoic acid (unkn.str.),Acids,,
,CHINESE QUINCE (Pseudocydonia sinensis Schneid),Fruits,tetradecanoic acid (=myristic acid),Acids,,
,CHINESE QUINCE (Pseudocydonia sinensis Schneid),Fruits,hexadecanoic acid (=palmitic acid),Acids,,
,CHINESE QUINCE (Pseudocydonia sinensis Schneid),Fruits,octadecanoic acid (=stearic acid),Acids,,
,CHINESE QUINCE (Pseudocydonia sinensis Schneid),Fruits,succinic acid (=butanedioic acid),Acids,,
,CHINESE QUINCE (Pseudocydonia sinensis Schneid),Fruits,pentanedioic acid (=glutaric acid),Acids,,
,CHINESE QUINCE (Pseudocydonia sinensis Schneid),Fruits,benzoic acid,Acids,,
,CHINESE QUINCE (Pseudocydonia sinensis Schneid),Fruits,phenylacetic acid,Acids,,
,CHINESE QUINCE (Pseudocydonia sinensis Schneid),Fruits,ethyl formate,Esters,,
,CHINESE QUINCE (Pseudocydonia sinensis Schneid),Fruits,ethyl acetate,Esters,0.04,0.04
,CHINESE QUINCE (Pseudocydonia sinensis Schneid),Fruits,hexyl acetate,Esters,0.02,0.22
,CHINESE QUINCE (Pseudocydonia sinensis Schneid),Fruits,(E)-2-hexenyl acetate,Esters,0.1,0.1
,CHINESE QUINCE (Pseudocydonia sinensis Schneid),Fruits,(Z)-3-hexenyl acetate,Esters,0.03,0.43
,CHINESE QUINCE (Pseudocydonia sinensis Schneid),Fruits,5-hexenyl acetate,Esters,,
,CHINESE QUINCE (Pseudocydonia sinensis Schneid),Fruits,benzyl acetate,Esters,,
,CHINESE QUINCE (Pseudocydonia sinensis Schneid),Fruits,ethyl propanoate,Esters,,
,CHINESE QUINCE (Pseudocydonia sinensis Schneid),Fruits,ethyl 2-methylpropanoate (=ethyl isobutyrate),Esters,0.02,0.05
,CHINESE QUINCE (Pseudocydonia sinensis Schneid),Fruits,isobutyl 2-methylpropanoate (=isobutyl isobutyrate),Esters,0.02,0.02
,CHINESE QUINCE (Pseudocydonia sinensis Schneid),Fruits,hexyl 2-methylpropanoate (=hexyl isobutyrate),Esters,0.06,0.06
,CHINESE QUINCE (Pseudocydonia sinensis Schneid),Fruits,(Z)-3-hexenyl 2-methylpropanoate,Esters,0.13,0.13
,CHINESE QUINCE (Pseudocydonia sinensis Schneid),Fruits,ethyl butanoate,Esters,0.02,0.03
,CHINESE QUINCE (Pseudocydonia sinensis Schneid),Fruits,isobutyl butanoate,Esters,trace,trace
,CHINESE QUINCE (Pseudocydonia sinensis Schneid),Fruits,hexyl butanoate,Esters,0.13,0.13
,CHINESE QUINCE (Pseudocydonia sinensis Schneid),Fruits,(Z)-3-hexenyl butanoate,Esters,0.06,0.06
,CHINESE QUINCE (Pseudocydonia sinensis Schneid),Fruits,5-hexenyl butanoate,Esters,0.1,0.1
,CHINESE QUINCE (Pseudocydonia sinensis Schneid),Fruits,ethyl 2-butenoate (=ethyl crotonate),Esters,0.02,0.02
,CHINESE QUINCE (Pseudocydonia sinensis Schneid),Fruits,ethyl 2-methylbutanoate,Esters,0.02,0.02
,CHINESE QUINCE (Pseudocydonia sinensis Schneid),Fruits,ethyl 3-methylbutanoate (=ethyl isovalerate),Esters,,
,CHINESE QUINCE (Pseudocydonia sinensis Schneid),Fruits,ethyl 3-hydroxybutanoate,Esters,0.09,0.09
,CHINESE QUINCE (Pseudocydonia sinensis Schneid),Fruits,hexyl pentanoate,Esters,,
,CHINESE QUINCE (Pseudocydonia sinensis Schneid),Fruits,ethyl 3-methylpentanoate,Esters,,
,CHINESE QUINCE (Pseudocydonia sinensis Schneid),Fruits,methyl hexanoate,Esters,,
,CHINESE QUINCE (Pseudocydonia sinensis Schneid),Fruits,ethyl hexanoate (=ethyl caproate),Esters,0.02,0.02
,CHINESE QUINCE (Pseudocydonia sinensis Schneid),Fruits,isobutyl hexanoate,Esters,0.14,0.14
,CHINESE QUINCE (Pseudocydonia sinensis Schneid),Fruits,pentyl hexanoate,Esters,,
,CHINESE QUINCE (Pseudocydonia sinensis Schneid),Fruits,hexyl hexanoate,Esters,0.66,0.66
,CHINESE QUINCE (Pseudocydonia sinensis Schneid),Fruits,5-hexenyl hexanoate,Esters,0.35,0.35
,CHINESE QUINCE (Pseudocydonia sinensis Schneid),Fruits,ethyl 3-hexenoate,Esters,0.01,0.01
,CHINESE QUINCE (Pseudocydonia sinensis Schneid),Fruits,ethyl (Z)-4-hexenoate,Esters,0.02,0.02
,CHINESE QUINCE (Pseudocydonia sinensis Schneid),Fruits,ethyl 5-hexenoate,Esters,0.1,0.1
,CHINESE QUINCE (Pseudocydonia sinensis Schneid),Fruits,isobutyl 5-hexenoate,Esters,0.1,0.1
,CHINESE QUINCE (Pseudocydonia sinensis Schneid),Fruits,hexyl 5-hexenoate,Esters,0.35,0.35
,CHINESE QUINCE (Pseudocydonia sinensis Schneid),Fruits,(Z)-3-hexenyl 5-hexenoate,Esters,0.02,0.02
,CHINESE QUINCE (Pseudocydonia sinensis Schneid),Fruits,5-hexenyl 5-hexenoate,Esters,0.22,0.22
,CHINESE QUINCE (Pseudocydonia sinensis Schneid),Fruits,isobutyl heptanoate,Esters,0.06,0.06
,CHINESE QUINCE (Pseudocydonia sinensis Schneid),Fruits,ethyl octanoate (=ethyl caprylate),Esters,0.88,0.88
,CHINESE QUINCE (Pseudocydonia sinensis Schneid),Fruits,propyl octanoate,Esters,0.11,0.11
,CHINESE QUINCE (Pseudocydonia sinensis Schneid),Fruits,butyl octanoate,Esters,0.55,0.55
,CHINESE QUINCE (Pseudocydonia sinensis Schneid),Fruits,isobutyl octanoate,Esters,2.04,2.04
,CHINESE QUINCE (Pseudocydonia sinensis Schneid),Fruits,sec-butyl octanoate,Esters,0.06,0.06
,CHINESE QUINCE (Pseudocydonia sinensis Schneid),Fruits,pentyl octanoate,Esters,0.05,0.05
,CHINESE QUINCE (Pseudocydonia sinensis Schneid),Fruits,hexyl octanoate,Esters,0.1,0.1
,CHINESE QUINCE (Pseudocydonia sinensis Schneid),Fruits,5-hexenyl octanoate,Esters,0.06,0.06
,CHINESE QUINCE (Pseudocydonia sinensis Schneid),Fruits,ethyl 2-octenoate,Esters,,
,CHINESE QUINCE (Pseudocydonia sinensis Schneid),Fruits,ethyl 3-octenoate,Esters,,
,CHINESE QUINCE (Pseudocydonia sinensis Schneid),Fruits,ethyl 5-octenoate,Esters,0.1,0.1
,CHINESE QUINCE (Pseudocydonia sinensis Schneid),Fruits,butyl 5-octenoate,Esters,0.06,0.06
,CHINESE QUINCE (Pseudocydonia sinensis Schneid),Fruits,isobutyl 5-octenoate,Esters,0.22,0.22
,CHINESE QUINCE (Pseudocydonia sinensis Schneid),Fruits,ethyl 7-octenoate,Esters,0.28,0.28
,CHINESE QUINCE (Pseudocydonia sinensis Schneid),Fruits,propyl 7-octenoate,Esters,0.06,0.06
,CHINESE QUINCE (Pseudocydonia sinensis Schneid),Fruits,butyl 7-octenoate,Esters,0.55,0.55
,CHINESE QUINCE (Pseudocydonia sinensis Schneid),Fruits,isobutyl 7-octenoate,Esters,0.81,0.81
,CHINESE QUINCE (Pseudocydonia sinensis Schneid),Fruits,hexyl 7-octenoate,Esters,0.02,0.02
,CHINESE QUINCE (Pseudocydonia sinensis Schneid),Fruits,5-hexenyl 7-octenoate,Esters,0.02,0.02
,CHINESE QUINCE (Pseudocydonia sinensis Schneid),Fruits,ethyl nonanoate,Esters,0.05,0.05
,CHINESE QUINCE (Pseudocydonia sinensis Schneid),Fruits,ethyl decanoate (=ethyl caprate),Esters,0.1,0.1
,CHINESE QUINCE (Pseudocydonia sinensis Schneid),Fruits,ethyl 9-decenoate,Esters,0.14,0.14
,CHINESE QUINCE (Pseudocydonia sinensis Schneid),Fruits,sec-butyl 9-decenoate,Esters,0.13,0.13
,CHINESE QUINCE (Pseudocydonia sinensis Schneid),Fruits,isobutyl 9-decenoate,Esters,0.02,0.02
,CHINESE QUINCE (Pseudocydonia sinensis Schneid),Fruits,ethyl decenoate (unkn.str.),Esters,,
,CHINESE QUINCE (Pseudocydonia sinensis Schneid),Fruits,ethyl dodecanoate (=ethyl laurate),Esters,0.02,0.02
,CHINESE QUINCE (Pseudocydonia sinensis Schneid),Fruits,ethyl 2-dodecenoate,Esters,,
,CHINESE QUINCE (Pseudocydonia sinensis Schneid),Fruits,ethyl dodecenoate (unkn.str.),Esters,,
,CHINESE QUINCE (Pseudocydonia sinensis Schneid),Fruits,ethyl tetradecenoate (unkn.str.),Esters,,
,CHINESE QUINCE (Pseudocydonia sinensis Schneid),Fruits,ethyl tetradecadienoate (unkn.str.),Esters,,
,CHINESE QUINCE (Pseudocydonia sinensis Schneid),Fruits,ethyl hexadecanoate (=ethyl palmitate),Esters,,
,CHINESE QUINCE (Pseudocydonia sinensis Schneid),Fruits,ethyl (Z)-9-hexadecenoate (=ethyl palmitoleate),Esters,,
,CHINESE QUINCE (Pseudocydonia sinensis Schneid),Fruits,ethyl 7-hexadecynoate (=ethyl palmitolate),Esters,,
,CHINESE QUINCE (Pseudocydonia sinensis Schneid),Fruits,"methyl (Z,Z)-9,12-octadecadienoate (=methyl linoleate)",Esters,,
,CHINESE QUINCE (Pseudocydonia sinensis Schneid),Fruits,diethyl succinate (=diethyl butanedioate),Esters,0.01,0.01
,CHINESE QUINCE (Pseudocydonia sinensis Schneid),Fruits,ethyl benzoate,Esters,0.01,0.01
,CHINESE QUINCE (Pseudocydonia sinensis Schneid),Fruits,ethyl phenylacetate,Esters,0.01,0.01
,CHINESE QUINCE (Pseudocydonia sinensis Schneid),Fruits,"4-hydroxybutanoic acid lactone (=dihydro-2(3H)-furanone, 4-butanolide, γ-butyrolactone)",Lactones,0.01,0.01
,CHINESE QUINCE (Pseudocydonia sinensis Schneid),Fruits,"4-hydroxyhexanoic acid lactone (=γ-hexalactone, γ-caprolactone, 4-hexanolide)",Lactones,0.01,0.01
,CHINESE QUINCE (Pseudocydonia sinensis Schneid),Fruits,"4-hydroxydecanoic acid lactone (=4-decanolide, γ-decalactone)",Lactones,,
,CHINESE QUINCE (Pseudocydonia sinensis Schneid),Fruits,dihydroactinidiolide,Lactones,,
,CHINESE QUINCE (Pseudocydonia sinensis Schneid),Fruits,piperidine,Bases,,
,CHINESE QUINCE (Pseudocydonia sinensis Schneid),Fruits,dimethyl sulfone (=methylsulfonylmethane),Sulfur compounds,,
,CHINESE QUINCE (Pseudocydonia sinensis Schneid),Fruits,3-hydroxy-5-methyl-2-thiophene-carboxylic acid,Sulfur compounds,,
,CHINESE QUINCE (Pseudocydonia sinensis Schneid),Fruits,thiazole,Sulfur compounds,,
,CHINESE QUINCE (Pseudocydonia sinensis Schneid),Fruits,benzothiazole,Sulfur compounds,,
,CHINESE QUINCE (Pseudocydonia sinensis Schneid),Fruits,"1,1-diethoxyethane (=acetal, acetaldehyde diethyl acetal)",Acetals,0.13,0.13
,CHINESE QUINCE (Pseudocydonia sinensis Schneid),Fruits,"1,1-diethoxyhexane",Acetals,,
,CHINESE QUINCE (Pseudocydonia sinensis Schneid),Fruits,"(Z)-1,1-diethoxyhexene (unkn.str.)",Acetals,0.02,0.02
,CHINESE QUINCE (Pseudocydonia sinensis Schneid),Fruits,"(E)-1,1-diethoxyhexene (unkn.str.)",Acetals,trace,trace
,CHINESE QUINCE (Pseudocydonia sinensis Schneid),Fruits,methyl propyl ether,Ethers,,
,CHINESE QUINCE (Pseudocydonia sinensis Schneid),Fruits,"phenylacetonitrile (=benzyl cyanide, benzeneacetonitrile)",Nitriles and amides,,
,CHINESE QUINCE (Pseudocydonia sinensis Schneid),Fruits,phenol (=hydroxybenzene),Phenols,,
,CHINESE QUINCE (Pseudocydonia sinensis Schneid),Fruits,2-methylphenol (=o-cresol),Phenols,,
,CHINESE QUINCE (Pseudocydonia sinensis Schneid),Fruits,2-methoxyphenol (=guaiacol),Phenols,,
,CHINESE QUINCE (Pseudocydonia sinensis Schneid),Fruits,2-methoxy-4-vinylphenol (=4-vinylguaiacol),Phenols,,
,CHINESE QUINCE (Pseudocydonia sinensis Schneid),Fruits,eugenol (=4-allyl-2-methoxyphenol),Phenols,,
,CHINESE QUINCE (Pseudocydonia sinensis Schneid),Fruits,isoeugenol (=2-methoxy-4-(1-propenyl)-phenol),Phenols,,
,CHINESE QUINCE (Pseudocydonia sinensis Schneid),Fruits,"1,2-dimethoxybenzene (=veratrole)",Phenols,,
,CHINESE QUINCE (Pseudocydonia sinensis Schneid),Fruits,"methyleugenol (=4-allyl-1,2-dimethoxybenzene)",Phenols,0.01,0.06
,CHINESE QUINCE (Pseudocydonia sinensis Schneid),Fruits,"linalool oxide B (cis, 5-ring)",Furans,0.04,0.04
,CHINESE QUINCE (Pseudocydonia sinensis Schneid),Fruits,"linalool oxide A (trans, 5-ring)",Furans,0.01,0.01
,CHINESE QUINCE (Pseudocydonia sinensis Schneid),Fruits,2-isopropylfuran,Furans,,
,CHINESE QUINCE (Pseudocydonia sinensis Schneid),Fruits,"4,7-dimethylbenzofuran",Furans,,
,CHINESE QUINCE (Pseudocydonia sinensis Schneid),Fruits,"furfural (=2-formylfuran, 2-furancarbaldehyde, 2-furaldehyde)",Furans,,
,CHINESE QUINCE (Pseudocydonia sinensis Schneid),Fruits,5-methylfurfural,Furans,,
,CHINESE QUINCE (Pseudocydonia sinensis Schneid),Fruits,"2-acetylfuran (=2-furyl methyl ketone, 1-(2-furyl)ethanone)",Furans,,
,CHINESE QUINCE (Pseudocydonia sinensis Schneid),Fruits,2-furancarboxylic acid (=2-furoic acid),Furans,,
,CHINESE QUINCE (Pseudocydonia sinensis Schneid),Fruits,theaspirane B (=cis-theaspirane),"(Ep)oxides, pyrans, coumarins",trace,trace
,CHINESE QUINCE (Pseudocydonia sinensis Schneid),Fruits,theaspirane A (=trans-theaspirane),"(Ep)oxides, pyrans, coumarins",0.03,0.03
CHINESE QUINCE FRUIT,CHINESE QUINCE (Pseudocydonia sinensis Schneid),Fruits,pentadecane,Hydrocarbons,,
CHINESE QUINCE FRUIT,CHINESE QUINCE (Pseudocydonia sinensis Schneid),Fruits,hexadecane,Hydrocarbons,,
CHINESE QUINCE FRUIT,CHINESE QUINCE (Pseudocydonia sinensis Schneid),Fruits,octadecane,Hydrocarbons,,
CHINESE QUINCE FRUIT,CHINESE QUINCE (Pseudocydonia sinensis Schneid),Fruits,"(E,E)-α-farnesene (=α-farnesene)",Hydrocarbons,,
CHINESE QUINCE FRUIT,CHINESE QUINCE (Pseudocydonia sinensis Schneid),Fruits,cyclodecene,Hydrocarbons,,
CHINESE QUINCE FRUIT,CHINESE QUINCE (Pseudocydonia sinensis Schneid),Fruits,α-elemene,Hydrocarbons,,
CHINESE QUINCE FRUIT,CHINESE QUINCE (Pseudocydonia sinensis Schneid),Fruits,δ-cadinene,Hydrocarbons,,
CHINESE QUINCE FRUIT,CHINESE QUINCE (Pseudocydonia sinensis Schneid),Fruits,α-muurolene,Hydrocarbons,,
CHINESE QUINCE FRUIT,CHINESE QUINCE (Pseudocydonia sinensis Schneid),Fruits,trans-caryophyllene,Hydrocarbons,,
CHINESE QUINCE FRUIT,CHINESE QUINCE (Pseudocydonia sinensis Schneid),Fruits,α-copaene (=copaene),Hydrocarbons,,
CHINESE QUINCE FRUIT,CHINESE QUINCE (Pseudocydonia sinensis Schneid),Fruits,alloaromadendrene,Hydrocarbons,,
CHINESE QUINCE FRUIT,CHINESE QUINCE (Pseudocydonia sinensis Schneid),Fruits,α-gurjunene,Hydrocarbons,,
CHINESE QUINCE FRUIT,CHINESE QUINCE (Pseudocydonia sinensis Schneid),Fruits,methylbenzene (=toluene),Hydrocarbons,,
CHINESE QUINCE FRUIT,CHINESE QUINCE (Pseudocydonia sinensis Schneid),Fruits,ethylbenzene (=α-methyltoluene),Hydrocarbons,,
CHINESE QUINCE FRUIT,CHINESE QUINCE (Pseudocydonia sinensis Schneid),Fruits,"1,4-dimethylbenzene (=p-xylene)",Hydrocarbons,,
CHINESE QUINCE FRUIT,CHINESE QUINCE (Pseudocydonia sinensis Schneid),Fruits,ethanol,Alcohols,,
CHINESE QUINCE FRUIT,CHINESE QUINCE (Pseudocydonia sinensis Schneid),Fruits,2-ethoxyethanol (=ethylene glycol monoethyl ether),Alcohols,,
CHINESE QUINCE FRUIT,CHINESE QUINCE (Pseudocydonia sinensis Schneid),Fruits,1-propanol (=propyl alcohol),Alcohols,,
CHINESE QUINCE FRUIT,CHINESE QUINCE (Pseudocydonia sinensis Schneid),Fruits,2-methyl-1-propanol (=isobutanol),Alcohols,,
CHINESE QUINCE FRUIT,CHINESE QUINCE (Pseudocydonia sinensis Schneid),Fruits,1-butanol,Alcohols,,
CHINESE QUINCE FRUIT,CHINESE QUINCE (Pseudocydonia sinensis Schneid),Fruits,2-butanol (=sec-butanol),Alcohols,,
CHINESE QUINCE FRUIT,CHINESE QUINCE (Pseudocydonia sinensis Schneid),Fruits,3-methyl-1-butanol (=isoamyl alcohol),Alcohols,,
CHINESE QUINCE FRUIT,CHINESE QUINCE (Pseudocydonia sinensis Schneid),Fruits,1-pentanol (=amyl alcohol),Alcohols,,
CHINESE QUINCE FRUIT,CHINESE QUINCE (Pseudocydonia sinensis Schneid),Fruits,2-pentanol,Alcohols,,
CHINESE QUINCE FRUIT,CHINESE QUINCE (Pseudocydonia sinensis Schneid),Fruits,3-methyl-3-pentanol,Alcohols,,
CHINESE QUINCE FRUIT,CHINESE QUINCE (Pseudocydonia sinensis Schneid),Fruits,1-hexanol,Alcohols,,
CHINESE QUINCE FRUIT,CHINESE QUINCE (Pseudocydonia sinensis Schneid),Fruits,(E)-2-hexen-1-ol,Alcohols,,
CHINESE QUINCE FRUIT,CHINESE QUINCE (Pseudocydonia sinensis Schneid),Fruits,(Z)-3-hexen-1-ol (=leaf alcohol),Alcohols,,
CHINESE QUINCE FRUIT,CHINESE QUINCE (Pseudocydonia sinensis Schneid),Fruits,2-heptanol,Alcohols,,
CHINESE QUINCE FRUIT,CHINESE QUINCE (Pseudocydonia sinensis Schneid),Fruits,1-octanol,Alcohols,,
CHINESE QUINCE FRUIT,CHINESE QUINCE (Pseudocydonia sinensis Schneid),Fruits,(E)-2-decen-1-ol,Alcohols,,
CHINESE QUINCE FRUIT,CHINESE QUINCE (Pseudocydonia sinensis Schneid),Fruits,linalool,Alcohols,,
CHINESE QUINCE FRUIT,CHINESE QUINCE (Pseudocydonia sinensis Schneid),Fruits,benzyl alcohol (=benzenemethanol),Alcohols,,
CHINESE QUINCE FRUIT,CHINESE QUINCE (Pseudocydonia sinensis Schneid),Fruits,2-phenylethanol (=phenethyl alcohol),Alcohols,,
CHINESE QUINCE FRUIT,CHINESE QUINCE (Pseudocydonia sinensis Schneid),Fruits,α-terpineol,Alcohols,,
CHINESE QUINCE FRUIT,CHINESE QUINCE (Pseudocydonia sinensis Schneid),Fruits,4-terpineol (=terpinen-4-ol),Alcohols,,
CHINESE QUINCE FRUIT,CHINESE QUINCE (Pseudocydonia sinensis Schneid),Fruits,propanal (=propionaldehyde),"Carbonyls, aldehydes",,
CHINESE QUINCE FRUIT,CHINESE QUINCE (Pseudocydonia sinensis Schneid),Fruits,butanal (=butyraldehyde),"Carbonyls, aldehydes",,
CHINESE QUINCE FRUIT,CHINESE QUINCE (Pseudocydonia sinensis Schneid),Fruits,2-butenal (=crotonaldehyde),"Carbonyls, aldehydes",,
CHINESE QUINCE FRUIT,CHINESE QUINCE (Pseudocydonia sinensis Schneid),Fruits,2-methylbutanal (=α-methylbutanal),"Carbonyls, aldehydes",,
CHINESE QUINCE FRUIT,CHINESE QUINCE (Pseudocydonia sinensis Schneid),Fruits,"3-methylbutanal (=isopentanal, isovaleraldehyde)","Carbonyls, aldehydes",,
CHINESE QUINCE FRUIT,CHINESE QUINCE (Pseudocydonia sinensis Schneid),Fruits,(E)-2-methyl-2-butenal (=tiglicaldehyde),"Carbonyls, aldehydes",,
CHINESE QUINCE FRUIT,CHINESE QUINCE (Pseudocydonia sinensis Schneid),Fruits,hexanal (=capronaldehyde),"Carbonyls, aldehydes",,
CHINESE QUINCE FRUIT,CHINESE QUINCE (Pseudocydonia sinensis Schneid),Fruits,(E)-2-hexenal (=leaf aldehyde),"Carbonyls, aldehydes",,
CHINESE QUINCE FRUIT,CHINESE QUINCE (Pseudocydonia sinensis Schneid),Fruits,(Z)-3-hexenal,"Carbonyls, aldehydes",,
CHINESE QUINCE FRUIT,CHINESE QUINCE (Pseudocydonia sinensis Schneid),Fruits,"(E,E)-2,4-hexadienal","Carbonyls, aldehydes",,
CHINESE QUINCE FRUIT,CHINESE QUINCE (Pseudocydonia sinensis Schneid),Fruits,heptanal,"Carbonyls, aldehydes",,
CHINESE QUINCE FRUIT,CHINESE QUINCE (Pseudocydonia sinensis Schneid),Fruits,(E)-2-heptenal,"Carbonyls, aldehydes",,
CHINESE QUINCE FRUIT,CHINESE QUINCE (Pseudocydonia sinensis Schneid),Fruits,geranial (=α-citral),"Carbonyls, aldehydes",,
CHINESE QUINCE FRUIT,CHINESE QUINCE (Pseudocydonia sinensis Schneid),Fruits,neral (=β-citral),"Carbonyls, aldehydes",,
CHINESE QUINCE FRUIT,CHINESE QUINCE (Pseudocydonia sinensis Schneid),Fruits,benzaldehyde,"Carbonyls, aldehydes",,
CHINESE QUINCE FRUIT,CHINESE QUINCE (Pseudocydonia sinensis Schneid),Fruits,2-hydroxybenzaldehyde (=salicylaldehyde),"Carbonyls, aldehydes",,
CHINESE QUINCE FRUIT,CHINESE QUINCE (Pseudocydonia sinensis Schneid),Fruits,4-hydroxybenzaldehyde (=4-formylphenol),"Carbonyls, aldehydes",,
CHINESE QUINCE FRUIT,CHINESE QUINCE (Pseudocydonia sinensis Schneid),Fruits,"2,4-dihydroxy-3,6-dimethyl-benzaldehyde","Carbonyls, aldehydes",,
CHINESE QUINCE FRUIT,CHINESE QUINCE (Pseudocydonia sinensis Schneid),Fruits,"2,4-dihydroxy-5,6-dimethyl-benzaldehyde","Carbonyls, aldehydes",,
CHINESE QUINCE FRUIT,CHINESE QUINCE (Pseudocydonia sinensis Schneid),Fruits,2-butanone (=ethyl methyl ketone),"Carbonyls, ketones",,
CHINESE QUINCE FRUIT,CHINESE QUINCE (Pseudocydonia sinensis Schneid),Fruits,3-hydroxy-2-butanone (=acetoin),"Carbonyls, ketones",,
CHINESE QUINCE FRUIT,CHINESE QUINCE (Pseudocydonia sinensis Schneid),Fruits,2-heptanone,"Carbonyls, ketones",,
CHINESE QUINCE FRUIT,CHINESE QUINCE (Pseudocydonia sinensis Schneid),Fruits,6-methyl-5-hepten-2-one,"Carbonyls, ketones",,
CHINESE QUINCE FRUIT,CHINESE QUINCE (Pseudocydonia sinensis Schneid),Fruits,cyclopentanone,"Carbonyls, ketones",,
CHINESE QUINCE FRUIT,CHINESE QUINCE (Pseudocydonia sinensis Schneid),Fruits,(E)-β-ionone,"Carbonyls, ketones",,
CHINESE QUINCE FRUIT,CHINESE QUINCE (Pseudocydonia sinensis Schneid),Fruits,3-hydroxy-β-ionone,"Carbonyls, ketones",,
CHINESE QUINCE FRUIT,CHINESE QUINCE (Pseudocydonia sinensis Schneid),Fruits,acetic acid,Acids,,
CHINESE QUINCE FRUIT,CHINESE QUINCE (Pseudocydonia sinensis Schneid),Fruits,propanoic acid (=propionic acid),Acids,,
CHINESE QUINCE FRUIT,CHINESE QUINCE (Pseudocydonia sinensis Schneid),Fruits,2-methylpropanoic acid (=isobutyric acid),Acids,,
CHINESE QUINCE FRUIT,CHINESE QUINCE (Pseudocydonia sinensis Schneid),Fruits,butanoic acid (=butyric acid),Acids,,
CHINESE QUINCE FRUIT,CHINESE QUINCE (Pseudocydonia sinensis Schneid),Fruits,(E)-2-butenoic acid,Acids,,
CHINESE QUINCE FRUIT,CHINESE QUINCE (Pseudocydonia sinensis Schneid),Fruits,2-methylbutanoic acid,Acids,,
CHINESE QUINCE FRUIT,CHINESE QUINCE (Pseudocydonia sinensis Schneid),Fruits,3-methylbutanoic acid (=isovaleric acid),Acids,,
CHINESE QUINCE FRUIT,CHINESE QUINCE (Pseudocydonia sinensis Schneid),Fruits,2-hydroxybutanoic acid,Acids,,
CHINESE QUINCE FRUIT,CHINESE QUINCE (Pseudocydonia sinensis Schneid),Fruits,pentanoic acid (=valeric acid),Acids,,
CHINESE QUINCE FRUIT,CHINESE QUINCE (Pseudocydonia sinensis Schneid),Fruits,4-oxopentanoic acid (=levulinic acid),Acids,,
CHINESE QUINCE FRUIT,CHINESE QUINCE (Pseudocydonia sinensis Schneid),Fruits,hexanoic acid (=caproic acid),Acids,,
CHINESE QUINCE FRUIT,CHINESE QUINCE (Pseudocydonia sinensis Schneid),Fruits,5-hexenoic acid,Acids,,
CHINESE QUINCE FRUIT,CHINESE QUINCE (Pseudocydonia sinensis Schneid),Fruits,heptanoic acid (=enanthic acid),Acids,,
CHINESE QUINCE FRUIT,CHINESE QUINCE (Pseudocydonia sinensis Schneid),Fruits,octanoic acid (=caprylic acid),Acids,,
CHINESE QUINCE FRUIT,CHINESE QUINCE (Pseudocydonia sinensis Schneid),Fruits,octenoic acid (unkn.str.),Acids,,
CHINESE QUINCE FRUIT,CHINESE QUINCE (Pseudocydonia sinensis Schneid),Fruits,nonanoic acid (=pelargonic acid),Acids,,
CHINESE QUINCE FRUIT,CHINESE QUINCE (Pseudocydonia sinensis Schneid),Fruits,decanoic acid (=capric acid),Acids,,
CHINESE QUINCE FRUIT,CHINESE QUINCE (Pseudocydonia sinensis Schneid),Fruits,decenoic acid (unkn.str.),Acids,,
CHINESE QUINCE FRUIT,CHINESE QUINCE (Pseudocydonia sinensis Schneid),Fruits,tetradecanoic acid (=myristic acid),Acids,,
CHINESE QUINCE FRUIT,CHINESE QUINCE (Pseudocydonia sinensis Schneid),Fruits,hexadecanoic acid (=palmitic acid),Acids,,
CHINESE QUINCE FRUIT,CHINESE QUINCE (Pseudocydonia sinensis Schneid),Fruits,octadecanoic acid (=stearic acid),Acids,,
CHINESE QUINCE FRUIT,CHINESE QUINCE (Pseudocydonia sinensis Schneid),Fruits,succinic acid (=butanedioic acid),Acids,,
CHINESE QUINCE FRUIT,CHINESE QUINCE (Pseudocydonia sinensis Schneid),Fruits,pentanedioic acid (=glutaric acid),Acids,,
CHINESE QUINCE FRUIT,CHINESE QUINCE (Pseudocydonia sinensis Schneid),Fruits,benzoic acid,Acids,,
CHINESE QUINCE FRUIT,CHINESE QUINCE (Pseudocydonia sinensis Schneid),Fruits,phenylacetic acid,Acids,,
CHINESE QUINCE FRUIT,CHINESE QUINCE (Pseudocydonia sinensis Schneid),Fruits,ethyl formate,Esters,,
CHINESE QUINCE FRUIT,CHINESE QUINCE (Pseudocydonia sinensis Schneid),Fruits,ethyl acetate,Esters,,
CHINESE QUINCE FRUIT,CHINESE QUINCE (Pseudocydonia sinensis Schneid),Fruits,benzyl acetate,Esters,,
CHINESE QUINCE FRUIT,CHINESE QUINCE (Pseudocydonia sinensis Schneid),Fruits,ethyl propanoate,Esters,,
CHINESE QUINCE FRUIT,CHINESE QUINCE (Pseudocydonia sinensis Schneid),Fruits,ethyl 2-methylpropanoate (=ethyl isobutyrate),Esters,,
CHINESE QUINCE FRUIT,CHINESE QUINCE (Pseudocydonia sinensis Schneid),Fruits,isobutyl 2-methylpropanoate (=isobutyl isobutyrate),Esters,,
CHINESE QUINCE FRUIT,CHINESE QUINCE (Pseudocydonia sinensis Schneid),Fruits,ethyl butanoate,Esters,,
CHINESE QUINCE FRUIT,CHINESE QUINCE (Pseudocydonia sinensis Schneid),Fruits,ethyl 2-butenoate (=ethyl crotonate),Esters,,
CHINESE QUINCE FRUIT,CHINESE QUINCE (Pseudocydonia sinensis Schneid),Fruits,ethyl 2-methylbutanoate,Esters,,
CHINESE QUINCE FRUIT,CHINESE QUINCE (Pseudocydonia sinensis Schneid),Fruits,ethyl 3-methylbutanoate (=ethyl isovalerate),Esters,,
CHINESE QUINCE FRUIT,CHINESE QUINCE (Pseudocydonia sinensis Schneid),Fruits,ethyl 3-methylpentanoate,Esters,,
CHINESE QUINCE FRUIT,CHINESE QUINCE (Pseudocydonia sinensis Schneid),Fruits,methyl hexanoate,Esters,,
CHINESE QUINCE FRUIT,CHINESE QUINCE (Pseudocydonia sinensis Schneid),Fruits,ethyl 3-hexenoate,Esters,,
CHINESE QUINCE FRUIT,CHINESE QUINCE (Pseudocydonia sinensis Schneid),Fruits,ethyl octanoate (=ethyl caprylate),Esters,,
CHINESE QUINCE FRUIT,CHINESE QUINCE (Pseudocydonia sinensis Schneid),Fruits,ethyl 2-octenoate,Esters,,
CHINESE QUINCE FRUIT,CHINESE QUINCE (Pseudocydonia sinensis Schneid),Fruits,ethyl 3-octenoate,Esters,,
CHINESE QUINCE FRUIT,CHINESE QUINCE (Pseudocydonia sinensis Schneid),Fruits,ethyl decanoate (=ethyl caprate),Esters,,
CHINESE QUINCE FRUIT,CHINESE QUINCE (Pseudocydonia sinensis Schneid),Fruits,ethyl decenoate (unkn.str.),Esters,,
CHINESE QUINCE FRUIT,CHINESE QUINCE (Pseudocydonia sinensis Schneid),Fruits,ethyl dodecanoate (=ethyl laurate),Esters,,
CHINESE QUINCE FRUIT,CHINESE QUINCE (Pseudocydonia sinensis Schneid),Fruits,ethyl 2-dodecenoate,Esters,,
CHINESE QUINCE FRUIT,CHINESE QUINCE (Pseudocydonia sinensis Schneid),Fruits,ethyl dodecenoate (unkn.str.),Esters,,
CHINESE QUINCE FRUIT,CHINESE QUINCE (Pseudocydonia sinensis Schneid),Fruits,ethyl tetradecenoate (unkn.str.),Esters,,
CHINESE QUINCE FRUIT,CHINESE QUINCE (Pseudocydonia sinensis Schneid),Fruits,ethyl tetradecadienoate (unkn.str.),Esters,,
CHINESE QUINCE FRUIT,CHINESE QUINCE (Pseudocydonia sinensis Schneid),Fruits,ethyl hexadecanoate (=ethyl palmitate),Esters,,
CHINESE QUINCE FRUIT,CHINESE QUINCE (Pseudocydonia sinensis Schneid),Fruits,ethyl (Z)-9-hexadecenoate (=ethyl palmitoleate),Esters,,
CHINESE QUINCE FRUIT,CHINESE QUINCE (Pseudocydonia sinensis Schneid),Fruits,ethyl 7-hexadecynoate (=ethyl palmitolate),Esters,,
CHINESE QUINCE FRUIT,CHINESE QUINCE (Pseudocydonia sinensis Schneid),Fruits,"methyl (Z,Z)-9,12-octadecadienoate (=methyl linoleate)",Esters,,
CHINESE QUINCE FRUIT,CHINESE QUINCE (Pseudocydonia sinensis Schneid),Fruits,"4-hydroxyhexanoic acid lactone (=γ-hexalactone, γ-caprolactone, 4-hexanolide)",Lactones,,
CHINESE QUINCE FRUIT,CHINESE QUINCE (Pseudocydonia sinensis Schneid),Fruits,"4-hydroxydecanoic acid lactone (=4-decanolide, γ-decalactone)",Lactones,,
CHINESE QUINCE FRUIT,CHINESE QUINCE (Pseudocydonia sinensis Schneid),Fruits,dihydroactinidiolide,Lactones,,
CHINESE QUINCE FRUIT,CHINESE QUINCE (Pseudocydonia sinensis Schneid),Fruits,piperidine,Bases,,
CHINESE QUINCE FRUIT,CHINESE QUINCE (Pseudocydonia sinensis Schneid),Fruits,dimethyl sulfone (=methylsulfonylmethane),Sulfur compounds,,
CHINESE QUINCE FRUIT,CHINESE QUINCE (Pseudocydonia sinensis Schneid),Fruits,3-hydroxy-5-methyl-2-thiophene-carboxylic acid,Sulfur compounds,,
CHINESE QUINCE FRUIT,CHINESE QUINCE (Pseudocydonia sinensis Schneid),Fruits,thiazole,Sulfur compounds,,
CHINESE QUINCE FRUIT,CHINESE QUINCE (Pseudocydonia sinensis Schneid),Fruits,benzothiazole,Sulfur compounds,,
CHINESE QUINCE FRUIT,CHINESE QUINCE (Pseudocydonia sinensis Schneid),Fruits,"1,1-diethoxyethane (=acetal, acetaldehyde diethyl acetal)",Acetals,,
CHINESE QUINCE FRUIT,CHINESE QUINCE (Pseudocydonia sinensis Schneid),Fruits,methyl propyl ether,Ethers,,
CHINESE QUINCE FRUIT,CHINESE QUINCE (Pseudocydonia sinensis Schneid),Fruits,"phenylacetonitrile (=benzyl cyanide, benzeneacetonitrile)",Nitriles and amides,,
CHINESE QUINCE FRUIT,CHINESE QUINCE (Pseudocydonia sinensis Schneid),Fruits,phenol (=hydroxybenzene),Phenols,,
CHINESE QUINCE FRUIT,CHINESE QUINCE (Pseudocydonia sinensis Schneid),Fruits,2-methylphenol (=o-cresol),Phenols,,
CHINESE QUINCE FRUIT,CHINESE QUINCE (Pseudocydonia sinensis Schneid),Fruits,2-methoxyphenol (=guaiacol),Phenols,,
CHINESE QUINCE FRUIT,CHINESE QUINCE (Pseudocydonia sinensis Schneid),Fruits,2-methoxy-4-vinylphenol (=4-vinylguaiacol),Phenols,,
CHINESE QUINCE FRUIT,CHINESE QUINCE (Pseudocydonia sinensis Schneid),Fruits,eugenol (=4-allyl-2-methoxyphenol),Phenols,,
CHINESE QUINCE FRUIT,CHINESE QUINCE (Pseudocydonia sinensis Schneid),Fruits,isoeugenol (=2-methoxy-4-(1-propenyl)-phenol),Phenols,,
CHINESE QUINCE FRUIT,CHINESE QUINCE (Pseudocydonia sinensis Schneid),Fruits,"1,2-dimethoxybenzene (=veratrole)",Phenols,,
CHINESE QUINCE FRUIT,CHINESE QUINCE (Pseudocydonia sinensis Schneid),Fruits,"linalool oxide B (cis, 5-ring)",Furans,,
CHINESE QUINCE FRUIT,CHINESE QUINCE (Pseudocydonia sinensis Schneid),Fruits,"linalool oxide A (trans, 5-ring)",Furans,,
CHINESE QUINCE FRUIT,CHINESE QUINCE (Pseudocydonia sinensis Schneid),Fruits,2-isopropylfuran,Furans,,
CHINESE QUINCE FRUIT,CHINESE QUINCE (Pseudocydonia sinensis Schneid),Fruits,"4,7-dimethylbenzofuran",Furans,,
CHINESE QUINCE FRUIT,CHINESE QUINCE (Pseudocydonia sinensis Schneid),Fruits,"furfural (=2-formylfuran, 2-furancarbaldehyde, 2-furaldehyde)",Furans,,
CHINESE QUINCE FRUIT,CHINESE QUINCE (Pseudocydonia sinensis Schneid),Fruits,5-methylfurfural,Furans,,
CHINESE QUINCE FRUIT,CHINESE QUINCE (Pseudocydonia sinensis Schneid),Fruits,"2-acetylfuran (=2-furyl methyl ketone, 1-(2-furyl)ethanone)",Furans,,
CHINESE QUINCE FRUIT,CHINESE QUINCE (Pseudocydonia sinensis Schneid),Fruits,2-furancarboxylic acid (=2-furoic acid),Furans,,
CHINESE QUINCE PEEL,CHINESE QUINCE (Pseudocydonia sinensis Schneid),Fruits,"(E,E)-α-farnesene (=α-farnesene)",Hydrocarbons,3.07,3.07
CHINESE QUINCE PEEL,CHINESE QUINCE (Pseudocydonia sinensis Schneid),Fruits,limonene,Hydrocarbons,0.02,0.02
CHINESE QUINCE PEEL,CHINESE QUINCE (Pseudocydonia sinensis Schneid),Fruits,1-hexanol,Alcohols,0.38,0.38
CHINESE QUINCE PEEL,CHINESE QUINCE (Pseudocydonia sinensis Schneid),Fruits,(E)-2-hexen-1-ol,Alcohols,0.03,0.03
CHINESE QUINCE PEEL,CHINESE QUINCE (Pseudocydonia sinensis Schneid),Fruits,(Z)-3-hexen-1-ol (=leaf alcohol),Alcohols,0.22,0.22
CHINESE QUINCE PEEL,CHINESE QUINCE (Pseudocydonia sinensis Schneid),Fruits,1-octanol,Alcohols,0.06,0.06
CHINESE QUINCE PEEL,CHINESE QUINCE (Pseudocydonia sinensis Schneid),Fruits,dihydro-β-ionol,Alcohols,trace,trace
CHINESE QUINCE PEEL,CHINESE QUINCE (Pseudocydonia sinensis Schneid),Fruits,hexanal (=capronaldehyde),"Carbonyls, aldehydes",0.06,0.06
CHINESE QUINCE PEEL,CHINESE QUINCE (Pseudocydonia sinensis Schneid),Fruits,(E)-2-hexenal (=leaf aldehyde),"Carbonyls, aldehydes",0.03,0.03
CHINESE QUINCE PEEL,CHINESE QUINCE (Pseudocydonia sinensis Schneid),Fruits,heptanal,"Carbonyls, aldehydes",0.03,0.03
CHINESE QUINCE PEEL,CHINESE QUINCE (Pseudocydonia sinensis Schneid),Fruits,(E)-2-heptenal,"Carbonyls, aldehydes",,
CHINESE QUINCE PEEL,CHINESE QUINCE (Pseudocydonia sinensis Schneid),Fruits,nonanal (=pelargonaldehyde),"Carbonyls, aldehydes",0.03,0.03
CHINESE QUINCE PEEL,CHINESE QUINCE (Pseudocydonia sinensis Schneid),Fruits,"(E,E)-2,4-decadienal","Carbonyls, aldehydes",0.02,0.02
CHINESE QUINCE PEEL,CHINESE QUINCE (Pseudocydonia sinensis Schneid),Fruits,4-methyl-2-pentanone,"Carbonyls, ketones",0.02,0.02
CHINESE QUINCE PEEL,CHINESE QUINCE (Pseudocydonia sinensis Schneid),Fruits,4-hydroxy-4-methyl-2-pentanone (=diacetone alcohol),"Carbonyls, ketones",0.03,0.03
CHINESE QUINCE PEEL,CHINESE QUINCE (Pseudocydonia sinensis Schneid),Fruits,α-ionone,"Carbonyls, ketones",trace,trace
CHINESE QUINCE PEEL,CHINESE QUINCE (Pseudocydonia sinensis Schneid),Fruits,(E)-β-ionone,"Carbonyls, ketones",0.02,0.02
CHINESE QUINCE PEEL,CHINESE QUINCE (Pseudocydonia sinensis Schneid),Fruits,acetic acid,Acids,0.19,0.19
CHINESE QUINCE PEEL,CHINESE QUINCE (Pseudocydonia sinensis Schneid),Fruits,hexanoic acid (=caproic acid),Acids,0.02,0.02
CHINESE QUINCE PEEL,CHINESE QUINCE (Pseudocydonia sinensis Schneid),Fruits,octanoic acid (=caprylic acid),Acids,0.02,0.02
CHINESE QUINCE PEEL,CHINESE QUINCE (Pseudocydonia sinensis Schneid),Fruits,hexyl acetate,Esters,0.22,0.22
CHINESE QUINCE PEEL,CHINESE QUINCE (Pseudocydonia sinensis Schneid),Fruits,(E)-2-hexenyl acetate,Esters,0.1,0.1
CHINESE QUINCE PEEL,CHINESE QUINCE (Pseudocydonia sinensis Schneid),Fruits,(Z)-3-hexenyl acetate,Esters,0.43,0.43
CHINESE QUINCE PEEL,CHINESE QUINCE (Pseudocydonia sinensis Schneid),Fruits,5-hexenyl acetate,Esters,,
CHINESE QUINCE PEEL,CHINESE QUINCE (Pseudocydonia sinensis Schneid),Fruits,ethyl 2-methylpropanoate (=ethyl isobutyrate),Esters,0.05,0.05
CHINESE QUINCE PEEL,CHINESE QUINCE (Pseudocydonia sinensis Schneid),Fruits,isobutyl 2-methylpropanoate (=isobutyl isobutyrate),Esters,0.02,0.02
CHINESE QUINCE PEEL,CHINESE QUINCE (Pseudocydonia sinensis Schneid),Fruits,hexyl 2-methylpropanoate (=hexyl isobutyrate),Esters,0.06,0.06
CHINESE QUINCE PEEL,CHINESE QUINCE (Pseudocydonia sinensis Schneid),Fruits,(Z)-3-hexenyl 2-methylpropanoate,Esters,0.13,0.13
CHINESE QUINCE PEEL,CHINESE QUINCE (Pseudocydonia sinensis Schneid),Fruits,ethyl butanoate,Esters,0.02,0.02
CHINESE QUINCE PEEL,CHINESE QUINCE (Pseudocydonia sinensis Schneid),Fruits,isobutyl butanoate,Esters,trace,trace
CHINESE QUINCE PEEL,CHINESE QUINCE (Pseudocydonia sinensis Schneid),Fruits,hexyl butanoate,Esters,0.13,0.13
CHINESE QUINCE PEEL,CHINESE QUINCE (Pseudocydonia sinensis Schneid),Fruits,(Z)-3-hexenyl butanoate,Esters,0.06,0.06
CHINESE QUINCE PEEL,CHINESE QUINCE (Pseudocydonia sinensis Schneid),Fruits,5-hexenyl butanoate,Esters,0.1,0.1
CHINESE QUINCE PEEL,CHINESE QUINCE (Pseudocydonia sinensis Schneid),Fruits,ethyl 2-methylbutanoate,Esters,0.02,0.02
CHINESE QUINCE PEEL,CHINESE QUINCE (Pseudocydonia sinensis Schneid),Fruits,hexyl pentanoate,Esters,,
CHINESE QUINCE PEEL,CHINESE QUINCE (Pseudocydonia sinensis Schneid),Fruits,ethyl hexanoate (=ethyl caproate),Esters,,
CHINESE QUINCE PEEL,CHINESE QUINCE (Pseudocydonia sinensis Schneid),Fruits,isobutyl hexanoate,Esters,0.14,0.14
CHINESE QUINCE PEEL,CHINESE QUINCE (Pseudocydonia sinensis Schneid),Fruits,pentyl hexanoate,Esters,,
CHINESE QUINCE PEEL,CHINESE QUINCE (Pseudocydonia sinensis Schneid),Fruits,hexyl hexanoate,Esters,0.66,0.66
CHINESE QUINCE PEEL,CHINESE QUINCE (Pseudocydonia sinensis Schneid),Fruits,5-hexenyl hexanoate,Esters,0.35,0.35
CHINESE QUINCE PEEL,CHINESE QUINCE (Pseudocydonia sinensis Schneid),Fruits,ethyl (Z)-4-hexenoate,Esters,0.02,0.02
CHINESE QUINCE PEEL,CHINESE QUINCE (Pseudocydonia sinensis Schneid),Fruits,ethyl 5-hexenoate,Esters,0.1,0.1
CHINESE QUINCE PEEL,CHINESE QUINCE (Pseudocydonia sinensis Schneid),Fruits,isobutyl 5-hexenoate,Esters,0.1,0.1
CHINESE QUINCE PEEL,CHINESE QUINCE (Pseudocydonia sinensis Schneid),Fruits,hexyl 5-hexenoate,Esters,0.35,0.35
CHINESE QUINCE PEEL,CHINESE QUINCE (Pseudocydonia sinensis Schneid),Fruits,(Z)-3-hexenyl 5-hexenoate,Esters,0.02,0.02
CHINESE QUINCE PEEL,CHINESE QUINCE (Pseudocydonia sinensis Schneid),Fruits,5-hexenyl 5-hexenoate,Esters,0.22,0.22
CHINESE QUINCE PEEL,CHINESE QUINCE (Pseudocydonia sinensis Schneid),Fruits,isobutyl heptanoate,Esters,0.06,0.06
CHINESE QUINCE PEEL,CHINESE QUINCE (Pseudocydonia sinensis Schneid),Fruits,ethyl octanoate (=ethyl caprylate),Esters,0.88,0.88
CHINESE QUINCE PEEL,CHINESE QUINCE (Pseudocydonia sinensis Schneid),Fruits,propyl octanoate,Esters,0.11,0.11
CHINESE QUINCE PEEL,CHINESE QUINCE (Pseudocydonia sinensis Schneid),Fruits,butyl octanoate,Esters,0.55,0.55
CHINESE QUINCE PEEL,CHINESE QUINCE (Pseudocydonia sinensis Schneid),Fruits,isobutyl octanoate,Esters,2.04,2.04
CHINESE QUINCE PEEL,CHINESE QUINCE (Pseudocydonia sinensis Schneid),Fruits,sec-butyl octanoate,Esters,0.06,0.06
CHINESE QUINCE PEEL,CHINESE QUINCE (Pseudocydonia sinensis Schneid),Fruits,pentyl octanoate,Esters,0.05,0.05
CHINESE QUINCE PEEL,CHINESE QUINCE (Pseudocydonia sinensis Schneid),Fruits,hexyl octanoate,Esters,0.1,0.1
CHINESE QUINCE PEEL,CHINESE QUINCE (Pseudocydonia sinensis Schneid),Fruits,5-hexenyl octanoate,Esters,0.06,0.06
CHINESE QUINCE PEEL,CHINESE QUINCE (Pseudocydonia sinensis Schneid),Fruits,ethyl 5-octenoate,Esters,0.1,0.1
CHINESE QUINCE PEEL,CHINESE QUINCE (Pseudocydonia sinensis Schneid),Fruits,butyl 5-octenoate,Esters,0.06,0.06
CHINESE QUINCE PEEL,CHINESE QUINCE (Pseudocydonia sinensis Schneid),Fruits,isobutyl 5-octenoate,Esters,0.22,0.22
CHINESE QUINCE PEEL,CHINESE QUINCE (Pseudocydonia sinensis Schneid),Fruits,ethyl 7-octenoate,Esters,0.28,0.28
CHINESE QUINCE PEEL,CHINESE QUINCE (Pseudocydonia sinensis Schneid),Fruits,propyl 7-octenoate,Esters,0.06,0.06
CHINESE QUINCE PEEL,CHINESE QUINCE (Pseudocydonia sinensis Schneid),Fruits,butyl 7-octenoate,Esters,0.55,0.55
CHINESE QUINCE PEEL,CHINESE QUINCE (Pseudocydonia sinensis Schneid),Fruits,isobutyl 7-octenoate,Esters,0.81,0.81
CHINESE QUINCE PEEL,CHINESE QUINCE (Pseudocydonia sinensis Schneid),Fruits,hexyl 7-octenoate,Esters,0.02,0.02
CHINESE QUINCE PEEL,CHINESE QUINCE (Pseudocydonia sinensis Schneid),Fruits,5-hexenyl 7-octenoate,Esters,0.02,0.02
CHINESE QUINCE PEEL,CHINESE QUINCE (Pseudocydonia sinensis Schneid),Fruits,ethyl nonanoate,Esters,0.05,0.05
CHINESE QUINCE PEEL,CHINESE QUINCE (Pseudocydonia sinensis Schneid),Fruits,ethyl decanoate (=ethyl caprate),Esters,0.1,0.1
CHINESE QUINCE PEEL,CHINESE QUINCE (Pseudocydonia sinensis Schneid),Fruits,ethyl 9-decenoate,Esters,0.14,0.14
CHINESE QUINCE PEEL,CHINESE QUINCE (Pseudocydonia sinensis Schneid),Fruits,sec-butyl 9-decenoate,Esters,0.13,0.13
CHINESE QUINCE PEEL,CHINESE QUINCE (Pseudocydonia sinensis Schneid),Fruits,isobutyl 9-decenoate,Esters,0.02,0.02
CHINESE QUINCE PEEL,CHINESE QUINCE (Pseudocydonia sinensis Schneid),Fruits,ethyl dodecanoate (=ethyl laurate),Esters,0.02,0.02
CHINESE QUINCE PEEL,CHINESE QUINCE (Pseudocydonia sinensis Schneid),Fruits,"1,1-diethoxyethane (=acetal, acetaldehyde diethyl acetal)",Acetals,0.13,0.13
CHINESE QUINCE PEEL,CHINESE QUINCE (Pseudocydonia sinensis Schneid),Fruits,"1,1-diethoxyhexane",Acetals,,
CHINESE QUINCE PEEL,CHINESE QUINCE (Pseudocydonia sinensis Schneid),Fruits,"(Z)-1,1-diethoxyhexene (unkn.str.)",Acetals,0.02,0.02
CHINESE QUINCE PEEL,CHINESE QUINCE (Pseudocydonia sinensis Schneid),Fruits,"(E)-1,1-diethoxyhexene (unkn.str.)",Acetals,trace,trace
CHINESE QUINCE PEEL,CHINESE QUINCE (Pseudocydonia sinensis Schneid),Fruits,"methyleugenol (=4-allyl-1,2-dimethoxybenzene)",Phenols,0.06,0.06
CHINESE QUINCE PEEL,CHINESE QUINCE (Pseudocydonia sinensis Schneid),Fruits,theaspirane B (=cis-theaspirane),"(Ep)oxides, pyrans, coumarins",trace,trace
CHINESE QUINCE PEEL,CHINESE QUINCE (Pseudocydonia sinensis Schneid),Fruits,theaspirane A (=trans-theaspirane),"(Ep)oxides, pyrans, coumarins",0.03,0.03
CHINESE QUINCE FLESH,CHINESE QUINCE (Pseudocydonia sinensis Schneid),Fruits,1-propanol (=propyl alcohol),Alcohols,0.02,0.02
CHINESE QUINCE FLESH,CHINESE QUINCE (Pseudocydonia sinensis Schneid),Fruits,2-methyl-1-propanol (=isobutanol),Alcohols,0.66,0.66
CHINESE QUINCE FLESH,CHINESE QUINCE (Pseudocydonia sinensis Schneid),Fruits,1-butanol,Alcohols,0.05,0.05
CHINESE QUINCE FLESH,CHINESE QUINCE (Pseudocydonia sinensis Schneid),Fruits,3-methyl-1-butanol (=isoamyl alcohol),Alcohols,0.06,0.06
CHINESE QUINCE FLESH,CHINESE QUINCE (Pseudocydonia sinensis Schneid),Fruits,1-pentanol (=amyl alcohol),Alcohols,0.02,0.02
CHINESE QUINCE FLESH,CHINESE QUINCE (Pseudocydonia sinensis Schneid),Fruits,1-penten-3-ol,Alcohols,0.01,0.01
CHINESE QUINCE FLESH,CHINESE QUINCE (Pseudocydonia sinensis Schneid),Fruits,1-hexanol,Alcohols,1.03,1.03
CHINESE QUINCE FLESH,CHINESE QUINCE (Pseudocydonia sinensis Schneid),Fruits,(E)-2-hexen-1-ol,Alcohols,0.46,0.46
CHINESE QUINCE FLESH,CHINESE QUINCE (Pseudocydonia sinensis Schneid),Fruits,(Z)-3-hexen-1-ol (=leaf alcohol),Alcohols,1.25,1.25
CHINESE QUINCE FLESH,CHINESE QUINCE (Pseudocydonia sinensis Schneid),Fruits,cyclopentanol,Alcohols,0.01,0.01
CHINESE QUINCE FLESH,CHINESE QUINCE (Pseudocydonia sinensis Schneid),Fruits,benzyl alcohol (=benzenemethanol),Alcohols,0.03,0.03
CHINESE QUINCE FLESH,CHINESE QUINCE (Pseudocydonia sinensis Schneid),Fruits,2-phenylethanol (=phenethyl alcohol),Alcohols,0.01,0.01
CHINESE QUINCE FLESH,CHINESE QUINCE (Pseudocydonia sinensis Schneid),Fruits,(E)-2-hexenal (=leaf aldehyde),"Carbonyls, aldehydes",0.07,0.07
CHINESE QUINCE FLESH,CHINESE QUINCE (Pseudocydonia sinensis Schneid),Fruits,benzaldehyde,"Carbonyls, aldehydes",0.01,0.01
CHINESE QUINCE FLESH,CHINESE QUINCE (Pseudocydonia sinensis Schneid),Fruits,"acetone (=2-propanone, dimethyl ketone)","Carbonyls, ketones",0.18,0.18
CHINESE QUINCE FLESH,CHINESE QUINCE (Pseudocydonia sinensis Schneid),Fruits,3-hydroxy-2-butanone (=acetoin),"Carbonyls, ketones",0.12,0.12
CHINESE QUINCE FLESH,CHINESE QUINCE (Pseudocydonia sinensis Schneid),Fruits,"2,4-dimethyl-3-pentanone","Carbonyls, ketones",trace,trace
CHINESE QUINCE FLESH,CHINESE QUINCE (Pseudocydonia sinensis Schneid),Fruits,(E)-β-ionone,"Carbonyls, ketones",0.01,0.01
CHINESE QUINCE FLESH,CHINESE QUINCE (Pseudocydonia sinensis Schneid),Fruits,"carvone (=p-6,8-menthadien-2-one)","Carbonyls, ketones",trace,trace
CHINESE QUINCE FLESH,CHINESE QUINCE (Pseudocydonia sinensis Schneid),Fruits,acetic acid,Acids,0.33,0.33
CHINESE QUINCE FLESH,CHINESE QUINCE (Pseudocydonia sinensis Schneid),Fruits,2-methylpropanoic acid (=isobutyric acid),Acids,0.49,0.49
CHINESE QUINCE FLESH,CHINESE QUINCE (Pseudocydonia sinensis Schneid),Fruits,2-methylbutanoic acid,Acids,0.04,0.04
CHINESE QUINCE FLESH,CHINESE QUINCE (Pseudocydonia sinensis Schneid),Fruits,ethyl acetate,Esters,0.04,0.04
CHINESE QUINCE FLESH,CHINESE QUINCE (Pseudocydonia sinensis Schneid),Fruits,hexyl acetate,Esters,0.02,0.02
CHINESE QUINCE FLESH,CHINESE QUINCE (Pseudocydonia sinensis Schneid),Fruits,(Z)-3-hexenyl acetate,Esters,0.03,0.03
CHINESE QUINCE FLESH,CHINESE QUINCE (Pseudocydonia sinensis Schneid),Fruits,ethyl 2-methylpropanoate (=ethyl isobutyrate),Esters,0.02,0.02
CHINESE QUINCE FLESH,CHINESE QUINCE (Pseudocydonia sinensis Schneid),Fruits,ethyl butanoate,Esters,0.03,0.03
CHINESE QUINCE FLESH,CHINESE QUINCE (Pseudocydonia sinensis Schneid),Fruits,ethyl 2-butenoate (=ethyl crotonate),Esters,0.02,0.02
CHINESE QUINCE FLESH,CHINESE QUINCE (Pseudocydonia sinensis Schneid),Fruits,ethyl 3-hydroxybutanoate,Esters,0.09,0.09
CHINESE QUINCE FLESH,CHINESE QUINCE (Pseudocydonia sinensis Schneid),Fruits,ethyl hexanoate (=ethyl caproate),Esters,0.02,0.02
CHINESE QUINCE FLESH,CHINESE QUINCE (Pseudocydonia sinensis Schneid),Fruits,ethyl 3-hexenoate,Esters,0.01,0.01
CHINESE QUINCE FLESH,CHINESE QUINCE (Pseudocydonia sinensis Schneid),Fruits,diethyl succinate (=diethyl butanedioate),Esters,0.01,0.01
CHINESE QUINCE FLESH,CHINESE QUINCE (Pseudocydonia sinensis Schneid),Fruits,ethyl benzoate,Esters,0.01,0.01
CHINESE QUINCE FLESH,CHINESE QUINCE (Pseudocydonia sinensis Schneid),Fruits,ethyl phenylacetate,Esters,0.01,0.01
CHINESE QUINCE FLESH,CHINESE QUINCE (Pseudocydonia sinensis Schneid),Fruits,"4-hydroxybutanoic acid lactone (=dihydro-2(3H)-furanone, 4-butanolide, γ-butyrolactone)",Lactones,0.01,0.01
CHINESE QUINCE FLESH,CHINESE QUINCE (Pseudocydonia sinensis Schneid),Fruits,"4-hydroxyhexanoic acid lactone (=γ-hexalactone, γ-caprolactone, 4-hexanolide)",Lactones,0.01,0.01
CHINESE QUINCE FLESH,CHINESE QUINCE (Pseudocydonia sinensis Schneid),Fruits,"methyleugenol (=4-allyl-1,2-dimethoxybenzene)",Phenols,0.01,0.01
CHINESE QUINCE FLESH,CHINESE QUINCE (Pseudocydonia sinensis Schneid),Fruits,"linalool oxide B (cis, 5-ring)",Furans,0.04,0.04
CHINESE QUINCE FLESH,CHINESE QUINCE (Pseudocydonia sinensis Schneid),Fruits,"linalool oxide A (trans, 5-ring)",Furans,0.01,0.01
DWARF QUINCE (Chaenomeles japonica),,Fruits,1-butanol,Alcohols,,
DWARF QUINCE (Chaenomeles japonica),,Fruits,3-methyl-1-butanol (=isoamyl alcohol),Alcohols,,
DWARF QUINCE (Chaenomeles japonica),,Fruits,1-pentanol (=amyl alcohol),Alcohols,,
DWARF QUINCE (Chaenomeles japonica),,Fruits,2-hexen-1-ol,Alcohols,,
DWARF QUINCE (Chaenomeles japonica),,Fruits,3-hexen-1-ol,Alcohols,,
DWARF QUINCE (Chaenomeles japonica),,Fruits,2-ethyl-1-hexanol,Alcohols,,
DWARF QUINCE (Chaenomeles japonica),,Fruits,geraniol,Alcohols,,
DWARF QUINCE (Chaenomeles japonica),,Fruits,nerol,Alcohols,,
DWARF QUINCE (Chaenomeles japonica),,Fruits,linalool,Alcohols,,
DWARF QUINCE (Chaenomeles japonica),,Fruits,cyclopentanol,Alcohols,,
DWARF QUINCE (Chaenomeles japonica),,Fruits,α-terpineol,Alcohols,,
DWARF QUINCE (Chaenomeles japonica),,Fruits,isopropyl formate,Esters,,
DWARF QUINCE (Chaenomeles japonica),,Fruits,ethyl acetate,Esters,,
DWARF QUINCE (Chaenomeles japonica),,Fruits,cyclohexyl acetate,Esters,,
DWARF QUINCE (Chaenomeles japonica),,Fruits,benzyl acetate,Esters,,
DWARF QUINCE (Chaenomeles japonica),,Fruits,ethyl 2-methylbutanoate,Esters,,
DWARF QUINCE (Chaenomeles japonica),,Fruits,ethyl 3-methylbutanoate (=ethyl isovalerate),Esters,,
DWARF QUINCE (Chaenomeles japonica),,Fruits,ethyl 2-methyl-2-butenoate,Esters,,
DWARF QUINCE (Chaenomeles japonica),,Fruits,isobutyl octanoate,Esters,,
DWARF QUINCE (Chaenomeles japonica),,Fruits,2-methylphenol (=o-cresol),Phenols,,
PAWPAW (Asimina triloba Dunal.),,Fruits,methylcyclohexane,Hydrocarbons,0.095,0.095
PAWPAW (Asimina triloba Dunal.),,Fruits,limonene,Hydrocarbons,0.036,0.036
PAWPAW (Asimina triloba Dunal.),,Fruits,methylbenzene (=toluene),Hydrocarbons,0.024,0.024
PAWPAW (Asimina triloba Dunal.),,Fruits,ethylbenzene (=α-methyltoluene),Hydrocarbons,,
PAWPAW (Asimina triloba Dunal.),,Fruits,vinylbenzene (=styrene),Hydrocarbons,,
PAWPAW (Asimina triloba Dunal.),,Fruits,(Z)-3-hexen-1-ol (=leaf alcohol),Alcohols,0.012,0.012
PAWPAW (Asimina triloba Dunal.),,Fruits,2-ethyl-1-hexanol,Alcohols,,
PAWPAW (Asimina triloba Dunal.),,Fruits,1-dodecanol,Alcohols,,
PAWPAW (Asimina triloba Dunal.),,Fruits,1-tetradecanol,Alcohols,,
PAWPAW (Asimina triloba Dunal.),,Fruits,1-hexadecanol (=cetanol),Alcohols,,
PAWPAW (Asimina triloba Dunal.),,Fruits,citronellol,Alcohols,0.024,0.024
PAWPAW (Asimina triloba Dunal.),,Fruits,geraniol,Alcohols,,
PAWPAW (Asimina triloba Dunal.),,Fruits,"(E,E)-farnesol",Alcohols,,
PAWPAW (Asimina triloba Dunal.),,Fruits,phenylacetaldehyde (=benzeneacetaldehyde),"Carbonyls, aldehydes",,
PAWPAW (Asimina triloba Dunal.),,Fruits,3-hydroxy-2-butanone (=acetoin),"Carbonyls, ketones",0.23,0.23
PAWPAW (Asimina triloba Dunal.),,Fruits,octanoic acid (=caprylic acid),Acids,,
PAWPAW (Asimina triloba Dunal.),,Fruits,decanoic acid (=capric acid),Acids,0.095,0.095
PAWPAW (Asimina triloba Dunal.),,Fruits,dodecanoic acid (=lauric acid),Acids,0.024,0.024
PAWPAW (Asimina triloba Dunal.),,Fruits,tetradecanoic acid (=myristic acid),Acids,0.06,0.06
PAWPAW (Asimina triloba Dunal.),,Fruits,hexadecanoic acid (=palmitic acid),Acids,,
PAWPAW (Asimina triloba Dunal.),,Fruits,ethyl acetate,Esters,0.14,0.14
PAWPAW (Asimina triloba Dunal.),,Fruits,"1-methyl-2-oxopropyl acetate (=acetoin acetate, 3-acetoxy-2-butanone)",Esters,0.024,0.024
PAWPAW (Asimina triloba Dunal.),,Fruits,"(E,E)-farnesyl acetate",Esters,trace,trace
PAWPAW (Asimina triloba Dunal.),,Fruits,methyl butanoate,Esters,0.12,0.12
PAWPAW (Asimina triloba Dunal.),,Fruits,ethyl butanoate,Esters,7.1,7.1
PAWPAW (Asimina triloba Dunal.),,Fruits,propyl butanoate,Esters,0.024,0.024
PAWPAW (Asimina triloba Dunal.),,Fruits,"2,3-butanediol monobutanoate",Esters,0.44,0.44
PAWPAW (Asimina triloba Dunal.),,Fruits,1-methyl-2-oxopropyl butanoate (=acetoin butanoate),Esters,1.19,1.19
PAWPAW (Asimina triloba Dunal.),,Fruits,"(E,E)-farnesyl butanoate",Esters,trace,trace
PAWPAW (Asimina triloba Dunal.),,Fruits,ethyl (E)-2-butenoate (=ethyl (E)-crotonate),Esters,0.095,0.095
PAWPAW (Asimina triloba Dunal.),,Fruits,butyl (E)-2-butenoate (=butyl (E)-crotonate),Esters,0.024,0.024
PAWPAW (Asimina triloba Dunal.),,Fruits,methyl hexanoate,Esters,5.3,5.3
PAWPAW (Asimina triloba Dunal.),,Fruits,ethyl hexanoate (=ethyl caproate),Esters,62.9,62.9
PAWPAW (Asimina triloba Dunal.),,Fruits,propyl hexanoate,Esters,0.17,0.17
PAWPAW (Asimina triloba Dunal.),,Fruits,"2,3-butanediol monohexanoate",Esters,1.6,1.6
PAWPAW (Asimina triloba Dunal.),,Fruits,1-methyl-2-oxopropyl hexanoate (=acetoin hexanoate),Esters,,
PAWPAW (Asimina triloba Dunal.),,Fruits,geranyl hexanoate,Esters,0.036,0.036
PAWPAW (Asimina triloba Dunal.),,Fruits,"(E,E)-farnesyl hexanoate",Esters,0.06,0.06
PAWPAW (Asimina triloba Dunal.),,Fruits,ethyl (E)-2-hexenoate,Esters,,
PAWPAW (Asimina triloba Dunal.),,Fruits,ethyl (Z)-4-hexenoate,Esters,0.06,0.06
PAWPAW (Asimina triloba Dunal.),,Fruits,"ethyl 2,4-hexadienoate",Esters,0.024,0.024
PAWPAW (Asimina triloba Dunal.),,Fruits,"ethyl (E,E)-2,4-hexadienoate (=ethyl sorbate)",Esters,trace,trace
PAWPAW (Asimina triloba Dunal.),,Fruits,ethyl 3-hydroxyhexanoate,Esters,0.08,0.08
PAWPAW (Asimina triloba Dunal.),,Fruits,methyl octanoate,Esters,6.2,6.2
PAWPAW (Asimina triloba Dunal.),,Fruits,ethyl octanoate (=ethyl caprylate),Esters,24.6,24.6
PAWPAW (Asimina triloba Dunal.),,Fruits,butyl octanoate,Esters,0.048,0.048
PAWPAW (Asimina triloba Dunal.),,Fruits,"2,3-butanediol monooctanoate",Esters,0.47,0.47
PAWPAW (Asimina triloba Dunal.),,Fruits,1-methyl-2-oxopropyl octanoate (=acetoin octanoate),Esters,0.74,0.74
PAWPAW (Asimina triloba Dunal.),,Fruits,hexyl octanoate,Esters,trace,trace
PAWPAW (Asimina triloba Dunal.),,Fruits,geranyl octanoate,Esters,0.012,0.012
PAWPAW (Asimina triloba Dunal.),,Fruits,"(E,E)-farnesyl octanoate",Esters,0.036,0.036
PAWPAW (Asimina triloba Dunal.),,Fruits,methyl (E)-2-octenoate,Esters,0.036,0.036
PAWPAW (Asimina triloba Dunal.),,Fruits,ethyl (E)-2-octenoate,Esters,,
PAWPAW (Asimina triloba Dunal.),,Fruits,methyl (Z)-4-octenoate,Esters,0.2,0.2
PAWPAW (Asimina triloba Dunal.),,Fruits,ethyl (Z)-4-octenoate,Esters,0.72,0.72
PAWPAW (Asimina triloba Dunal.),,Fruits,methyl decanoate,Esters,0.11,0.11
PAWPAW (Asimina triloba Dunal.),,Fruits,ethyl decanoate (=ethyl caprate),Esters,1.9,1.9
PAWPAW (Asimina triloba Dunal.),,Fruits,methyl dodecanoate (=methyl laurate),Esters,0.06,0.06
PAWPAW (Asimina triloba Dunal.),,Fruits,ethyl dodecanoate (=ethyl laurate),Esters,0.3,0.3
PAWPAW (Asimina triloba Dunal.),,Fruits,"methyl (E,E)-farnesate",Esters,0.048,0.048
PAWPAW (Asimina triloba Dunal.),,Fruits,methyl tetradecanoate (=methyl myristate),Esters,,
PAWPAW (Asimina triloba Dunal.),,Fruits,ethyl tetradecanoate (=ethyl myristate),Esters,0.22,0.22
PAWPAW (Asimina triloba Dunal.),,Fruits,ethyl hexadecanoate (=ethyl palmitate),Esters,0.06,0.06
PAWPAW (Asimina triloba Dunal.),,Fruits,methyl geranate,Esters,0.22,0.22
PAWPAW (Asimina triloba Dunal.),,Fruits,diethyl phthalate,Esters,,
PAWPAW (Asimina triloba Dunal.),,Fruits,dibutyl phthalate,Esters,0.036,0.036
PAWPAW (Asimina triloba Dunal.),,Fruits,"4-hydroxyhexanoic acid lactone (=γ-hexalactone, γ-caprolactone, 4-hexanolide)",Lactones,0.012,0.012
PAWPAW (Asimina triloba Dunal.),,Fruits,"4-hydroxyoctanoic acid lactone (=4-octanolide, γ-octalactone, 5-butyldihydro-2(3H)-furanone)",Lactones,0.024,0.024
PAWPAW (Asimina triloba Dunal.),,Fruits,ethyl nicotinate,Bases,0.036,0.036
MAMMEE APPLE (Mammea americana L.),,Fruits,geraniol,Alcohols,,
MAMMEE APPLE (Mammea americana L.),,Fruits,linalool,Alcohols,,
MAMMEE APPLE (Mammea americana L.),,Fruits,(E)-farnesol,Alcohols,,
MAMMEE APPLE (Mammea americana L.),,Fruits,nerolidol,Alcohols,,
MAMMEE APPLE (Mammea americana L.),,Fruits,4-terpineol (=terpinen-4-ol),Alcohols,,
MAMMEE APPLE (Mammea americana L.),,Fruits,(E)-β-ionone,"Carbonyls, ketones",,
MAMMEE APPLE (Mammea americana L.),,Fruits,2-methylbutanoic acid,Acids,,
MAMMEE APPLE (Mammea americana L.),,Fruits,phenol (=hydroxybenzene),Phenols,,
MAMMEE APPLE (Mammea americana L.),,Fruits,"linalool oxide B (cis, 5-ring)",Furans,,
MAMMEE APPLE (Mammea americana L.),,Fruits,"linalool oxide A (trans, 5-ring)",Furans,,
"CERIMAN, PINANONA (Monstera deliciosa Liebm.)",,Fruits,nonane,Hydrocarbons,,
"CERIMAN, PINANONA (Monstera deliciosa Liebm.)",,Fruits,decane,Hydrocarbons,,
"CERIMAN, PINANONA (Monstera deliciosa Liebm.)",,Fruits,undecane,Hydrocarbons,,
"CERIMAN, PINANONA (Monstera deliciosa Liebm.)",,Fruits,dodecane,Hydrocarbons,,
"CERIMAN, PINANONA (Monstera deliciosa Liebm.)",,Fruits,tridecane,Hydrocarbons,,
"CERIMAN, PINANONA (Monstera deliciosa Liebm.)",,Fruits,tetradecane,Hydrocarbons,,
"CERIMAN, PINANONA (Monstera deliciosa Liebm.)",,Fruits,pentadecane,Hydrocarbons,,
"CERIMAN, PINANONA (Monstera deliciosa Liebm.)",,Fruits,hexadecane,Hydrocarbons,,
"CERIMAN, PINANONA (Monstera deliciosa Liebm.)",,Fruits,heptadecane,Hydrocarbons,,
"CERIMAN, PINANONA (Monstera deliciosa Liebm.)",,Fruits,octadecane,Hydrocarbons,,
"CERIMAN, PINANONA (Monstera deliciosa Liebm.)",,Fruits,nonadecane,Hydrocarbons,,
"CERIMAN, PINANONA (Monstera deliciosa Liebm.)",,Fruits,eicosane,Hydrocarbons,,
"CERIMAN, PINANONA (Monstera deliciosa Liebm.)",,Fruits,heneicosane,Hydrocarbons,,
"CERIMAN, PINANONA (Monstera deliciosa Liebm.)",,Fruits,β-myrcene (=myrcene),Hydrocarbons,,
"CERIMAN, PINANONA (Monstera deliciosa Liebm.)",,Fruits,β-phellandrene,Hydrocarbons,,
"CERIMAN, PINANONA (Monstera deliciosa Liebm.)",,Fruits,limonene,Hydrocarbons,,
"CERIMAN, PINANONA (Monstera deliciosa Liebm.)",,Fruits,germacrene D,Hydrocarbons,,
"CERIMAN, PINANONA (Monstera deliciosa Liebm.)",,Fruits,3-methyl-1-butanol (=isoamyl alcohol),Alcohols,,
"CERIMAN, PINANONA (Monstera deliciosa Liebm.)",,Fruits,linalool,Alcohols,,
"CERIMAN, PINANONA (Monstera deliciosa Liebm.)",,Fruits,2-phenylethanol (=phenethyl alcohol),Alcohols,,
"CERIMAN, PINANONA (Monstera deliciosa Liebm.)",,Fruits,2-hexenal,"Carbonyls, aldehydes",,
"CERIMAN, PINANONA (Monstera deliciosa Liebm.)",,Fruits,vanillin (=4-hydroxy-3-methoxybenzaldehyde),"Carbonyls, aldehydes",,
"CERIMAN, PINANONA (Monstera deliciosa Liebm.)",,Fruits,2-heptanone,"Carbonyls, ketones",,
"CERIMAN, PINANONA (Monstera deliciosa Liebm.)",,Fruits,propyl acetate,Esters,,
"CERIMAN, PINANONA (Monstera deliciosa Liebm.)",,Fruits,butyl acetate,Esters,,
"CERIMAN, PINANONA (Monstera deliciosa Liebm.)",,Fruits,isobutyl acetate (=2-methylpropyl acetate),Esters,,
"CERIMAN, PINANONA (Monstera deliciosa Liebm.)",,Fruits,"isopentyl acetate (=3-methylbutyl acetate, isoamyl acetate)",Esters,,
"CERIMAN, PINANONA (Monstera deliciosa Liebm.)",,Fruits,phenethyl acetate,Esters,,
"CERIMAN, PINANONA (Monstera deliciosa Liebm.)",,Fruits,ethyl propanoate,Esters,,
"CERIMAN, PINANONA (Monstera deliciosa Liebm.)",,Fruits,ethyl 2-methylpropanoate (=ethyl isobutyrate),Esters,,
"CERIMAN, PINANONA (Monstera deliciosa Liebm.)",,Fruits,methyl butanoate,Esters,,
"CERIMAN, PINANONA (Monstera deliciosa Liebm.)",,Fruits,ethyl butanoate,Esters,,
"CERIMAN, PINANONA (Monstera deliciosa Liebm.)",,Fruits,propyl butanoate,Esters,,
"CERIMAN, PINANONA (Monstera deliciosa Liebm.)",,Fruits,butyl butanoate,Esters,,
"CERIMAN, PINANONA (Monstera deliciosa Liebm.)",,Fruits,ethyl 2-butenoate (=ethyl crotonate),Esters,,
"CERIMAN, PINANONA (Monstera deliciosa Liebm.)",,Fruits,methyl methylbutanoate (unkn.str.),Esters,,
"CERIMAN, PINANONA (Monstera deliciosa Liebm.)",,Fruits,ethyl methylbutanoate (unkn.str.),Esters,,
"CERIMAN, PINANONA (Monstera deliciosa Liebm.)",,Fruits,ethyl (E)-2-methyl-2-butenoate (=ethyl tiglate),Esters,,
"CERIMAN, PINANONA (Monstera deliciosa Liebm.)",,Fruits,ethyl 3-hydroxybutanoate,Esters,,
"CERIMAN, PINANONA (Monstera deliciosa Liebm.)",,Fruits,ethyl pentanoate,Esters,,
"CERIMAN, PINANONA (Monstera deliciosa Liebm.)",,Fruits,methyl hexanoate,Esters,,
"CERIMAN, PINANONA (Monstera deliciosa Liebm.)",,Fruits,ethyl hexanoate (=ethyl caproate),Esters,,
"CERIMAN, PINANONA (Monstera deliciosa Liebm.)",,Fruits,propyl hexanoate,Esters,,
"CERIMAN, PINANONA (Monstera deliciosa Liebm.)",,Fruits,butyl hexanoate,Esters,,
"CERIMAN, PINANONA (Monstera deliciosa Liebm.)",,Fruits,ethyl 3-hexenoate,Esters,,
"CERIMAN, PINANONA (Monstera deliciosa Liebm.)",,Fruits,"ethyl (E,E)-2,4-hexadienoate (=ethyl sorbate)",Esters,,
"CERIMAN, PINANONA (Monstera deliciosa Liebm.)",,Fruits,ethyl 3-hydroxyhexanoate,Esters,,
"CERIMAN, PINANONA (Monstera deliciosa Liebm.)",,Fruits,ethyl heptanoate,Esters,,
"CERIMAN, PINANONA (Monstera deliciosa Liebm.)",,Fruits,methyl octanoate,Esters,,
"CERIMAN, PINANONA (Monstera deliciosa Liebm.)",,Fruits,ethyl octanoate (=ethyl caprylate),Esters,,
"CERIMAN, PINANONA (Monstera deliciosa Liebm.)",,Fruits,propyl octanoate,Esters,,
"CERIMAN, PINANONA (Monstera deliciosa Liebm.)",,Fruits,ethyl octenoate (unkn.str.),Esters,,
"CERIMAN, PINANONA (Monstera deliciosa Liebm.)",,Fruits,ethyl nonanoate,Esters,,
"CERIMAN, PINANONA (Monstera deliciosa Liebm.)",,Fruits,ethyl decanoate (=ethyl caprate),Esters,,
"CERIMAN, PINANONA (Monstera deliciosa Liebm.)",,Fruits,ethyl undecanoate,Esters,,
"CERIMAN, PINANONA (Monstera deliciosa Liebm.)",,Fruits,ethyl dodecanoate (=ethyl laurate),Esters,,
"CERIMAN, PINANONA (Monstera deliciosa Liebm.)",,Fruits,ethyl tridecanoate,Esters,,
"CERIMAN, PINANONA (Monstera deliciosa Liebm.)",,Fruits,ethyl tetradecanoate (=ethyl myristate),Esters,,
"CERIMAN, PINANONA (Monstera deliciosa Liebm.)",,Fruits,ethyl pentadecanoate,Esters,,
"CERIMAN, PINANONA (Monstera deliciosa Liebm.)",,Fruits,methyl hexadecanoate (=methyl palmitate),Esters,,
"CERIMAN, PINANONA (Monstera deliciosa Liebm.)",,Fruits,ethyl hexadecanoate (=ethyl palmitate),Esters,,
"CERIMAN, PINANONA (Monstera deliciosa Liebm.)",,Fruits,methyl benzoate,Esters,,
"CERIMAN, PINANONA (Monstera deliciosa Liebm.)",,Fruits,ethyl benzoate,Esters,,
"CERIMAN, PINANONA (Monstera deliciosa Liebm.)",,Fruits,methyl phenylacetate,Esters,,
"CERIMAN, PINANONA (Monstera deliciosa Liebm.)",,Fruits,ethyl phenylacetate,Esters,,
"CERIMAN, PINANONA (Monstera deliciosa Liebm.)",,Fruits,"4-hydroxybutanoic acid lactone (=dihydro-2(3H)-furanone, 4-butanolide, γ-butyrolactone)",Lactones,,
"CERIMAN, PINANONA (Monstera deliciosa Liebm.)",,Fruits,"4-hydroxyhexanoic acid lactone (=γ-hexalactone, γ-caprolactone, 4-hexanolide)",Lactones,,
"CERIMAN, PINANONA (Monstera deliciosa Liebm.)",,Fruits,"4-hydroxyoctanoic acid lactone (=4-octanolide, γ-octalactone, 5-butyldihydro-2(3H)-furanone)",Lactones,,
"CERIMAN, PINANONA (Monstera deliciosa Liebm.)",,Fruits,"5-hydroxyoctanoic acid lactone (=5-octanolide, δ-octalactone)",Lactones,,
"CERIMAN, PINANONA (Monstera deliciosa Liebm.)",,Fruits,"4-hydroxydecanoic acid lactone (=4-decanolide, γ-decalactone)",Lactones,,
"CERIMAN, PINANONA (Monstera deliciosa Liebm.)",,Fruits,"5-hydroxydecanoic acid lactone (=5-decanolide, δ-decalactone)",Lactones,,
"CERIMAN, PINANONA (Monstera deliciosa Liebm.)",,Fruits,"5-hydroxyundecanoic acid lactone (=5-undecanolide, δ-undecalactone)",Lactones,,
"CERIMAN, PINANONA (Monstera deliciosa Liebm.)",,Fruits,ethyl 3-(methylthio)propanoate,Sulfur compounds,,
"CERIMAN, PINANONA (Monstera deliciosa Liebm.)",,Fruits,"linalool oxide B (cis, 5-ring)",Furans,,
MONODORA TENUIFOLIA,,Fruits,(Z)-β-ocimene,Hydrocarbons,,
MONODORA TENUIFOLIA,,Fruits,β-myrcene (=myrcene),Hydrocarbons,,
MONODORA TENUIFOLIA,,Fruits,"(E,E)-α-farnesene (=α-farnesene)",Hydrocarbons,,
MONODORA TENUIFOLIA,,Fruits,(E)-β-farnesene,Hydrocarbons,,
MONODORA TENUIFOLIA,,Fruits,α-terpinene,Hydrocarbons,,
MONODORA TENUIFOLIA,,Fruits,γ-terpinene,Hydrocarbons,,
MONODORA TENUIFOLIA,,Fruits,terpinolene,Hydrocarbons,,
MONODORA TENUIFOLIA,,Fruits,limonene,Hydrocarbons,,
MONODORA TENUIFOLIA,,Fruits,β-elemene,Hydrocarbons,,
MONODORA TENUIFOLIA,,Fruits,δ-elemene,Hydrocarbons,,
MONODORA TENUIFOLIA,,Fruits,germacrene B,Hydrocarbons,,
MONODORA TENUIFOLIA,,Fruits,germacrene D,Hydrocarbons,,
MONODORA TENUIFOLIA,,Fruits,α-humulene (=humulene),Hydrocarbons,,
MONODORA TENUIFOLIA,,Fruits,α-pinene,Hydrocarbons,,
MONODORA TENUIFOLIA,,Fruits,α-cadinene,Hydrocarbons,,
MONODORA TENUIFOLIA,,Fruits,γ-cadinene,Hydrocarbons,,
MONODORA TENUIFOLIA,,Fruits,δ-cadinene,Hydrocarbons,,
MONODORA TENUIFOLIA,,Fruits,"1,4-cadinadiene",Hydrocarbons,,
MONODORA TENUIFOLIA,,Fruits,α-muurolene,Hydrocarbons,,
MONODORA TENUIFOLIA,,Fruits,γ-muurolene,Hydrocarbons,,
MONODORA TENUIFOLIA,,Fruits,bicyclogermacrene,Hydrocarbons,,
MONODORA TENUIFOLIA,,Fruits,β-caryophyllene,Hydrocarbons,,
MONODORA TENUIFOLIA,,Fruits,α-cubebene,Hydrocarbons,,
MONODORA TENUIFOLIA,,Fruits,β-cubebene,Hydrocarbons,,
MONODORA TENUIFOLIA,,Fruits,α-copaene (=copaene),Hydrocarbons,,
MONODORA TENUIFOLIA,,Fruits,α-santalene,Hydrocarbons,,
MONODORA TENUIFOLIA,,Fruits,1-isopropyl-4-methylbenzene (=p-cymene),Hydrocarbons,,
MONODORA TENUIFOLIA,,Fruits,linalool,Alcohols,,
MONODORA TENUIFOLIA,,Fruits,cis-α-cadinol,Alcohols,,
MONODORA TENUIFOLIA,,Fruits,trans-α-cadinol,Alcohols,,
MONODORA TENUIFOLIA,,Fruits,cadinol-T,Alcohols,,
MONODORA TENUIFOLIA,,Fruits,geranyl acetate,Esters,,
HOG PLUM (Spondias mombins L.),,Fruits,"(Z,Z)-2,2,7,7-tetramethyl-3,5-octadiene",Hydrocarbons,2,2
HOG PLUM (Spondias mombins L.),,Fruits,"1,2,3-trimethylcyclopentane",Hydrocarbons,18,18
HOG PLUM (Spondias mombins L.),,Fruits,"β-selinene (=4(14),11-selinadiene)",Hydrocarbons,4,4
HOG PLUM (Spondias mombins L.),,Fruits,"γ-selinene (=4(14),7(11)-selinadiene)",Hydrocarbons,6,6
HOG PLUM (Spondias mombins L.),,Fruits,α-copaene (=copaene),Hydrocarbons,3,3
HOG PLUM (Spondias mombins L.),,Fruits,"octahydro-1,4,9,9-tetramethyl-1H,3a,7-methanoazulene (=patchoulane)",Hydrocarbons,1,1
HOG PLUM (Spondias mombins L.),,Fruits,ethanol,Alcohols,385,385
HOG PLUM (Spondias mombins L.),,Fruits,2-methyl-1-propanol (=isobutanol),Alcohols,374,374
HOG PLUM (Spondias mombins L.),,Fruits,2-methyl-2-pentanol,Alcohols,12,12
HOG PLUM (Spondias mombins L.),,Fruits,1-hexanol,Alcohols,19,19
HOG PLUM (Spondias mombins L.),,Fruits,(Z)-3-hexen-1-ol (=leaf alcohol),Alcohols,3,3
HOG PLUM (Spondias mombins L.),,Fruits,1-tetradecanol,Alcohols,6,6
HOG PLUM (Spondias mombins L.),,Fruits,linalool,Alcohols,4,4
HOG PLUM (Spondias mombins L.),,Fruits,α-terpineol,Alcohols,6,6
HOG PLUM (Spondias mombins L.),,Fruits,"2-methylpropanal (=isobutanal, isobutyraldehyde)","Carbonyls, aldehydes",26,26
HOG PLUM (Spondias mombins L.),,Fruits,butanal (=butyraldehyde),"Carbonyls, aldehydes",27,27
HOG PLUM (Spondias mombins L.),,Fruits,pentanal (=valeraldehyde),"Carbonyls, aldehydes",32,32
HOG PLUM (Spondias mombins L.),,Fruits,benzaldehyde,"Carbonyls, aldehydes",30,30
HOG PLUM (Spondias mombins L.),,Fruits,3-methyl-2-butanone,"Carbonyls, ketones",14,14
HOG PLUM (Spondias mombins L.),,Fruits,2-pentanone,"Carbonyls, ketones",2,2
HOG PLUM (Spondias mombins L.),,Fruits,butanoic acid (=butyric acid),Acids,29,29
HOG PLUM (Spondias mombins L.),,Fruits,hexanoic acid (=caproic acid),Acids,14,14
HOG PLUM (Spondias mombins L.),,Fruits,hexadecanoic acid (=palmitic acid),Acids,5,5
HOG PLUM (Spondias mombins L.),,Fruits,citronellyl acetate,Esters,6,6
HOG PLUM (Spondias mombins L.),,Fruits,geranyl acetate,Esters,3,3
HOG PLUM (Spondias mombins L.),,Fruits,benzyl acetate,Esters,6,6
HOG PLUM (Spondias mombins L.),,Fruits,ethyl butanoate,Esters,4,4
HOG PLUM (Spondias mombins L.),,Fruits,hexyl butanoate,Esters,1,1
HOG PLUM (Spondias mombins L.),,Fruits,benzyl butanoate,Esters,3,3
HOG PLUM (Spondias mombins L.),,Fruits,ethyl 3-hydroxybutanoate,Esters,4,4
HOG PLUM (Spondias mombins L.),,Fruits,propyl 3-hydroxybutanoate,Esters,3,3
HOG PLUM (Spondias mombins L.),,Fruits,butyl 3-hydroxybutanoate,Esters,9,9
HOG PLUM (Spondias mombins L.),,Fruits,isobutyl 3-hydroxybutanoate,Esters,30,30
HOG PLUM (Spondias mombins L.),,Fruits,ethyl hexanoate (=ethyl caproate),Esters,8,8
HOG PLUM (Spondias mombins L.),,Fruits,butyl hexanoate,Esters,5,5
HOG PLUM (Spondias mombins L.),,Fruits,hexyl hexanoate,Esters,4,4
HOG PLUM (Spondias mombins L.),,Fruits,ethyl 3-hydroxyhexanoate,Esters,9,9
HOG PLUM (Spondias mombins L.),,Fruits,ethyl octanoate (=ethyl caprylate),Esters,2,2
HOG PLUM (Spondias mombins L.),,Fruits,methyl benzoate,Esters,12,12
HOG PLUM (Spondias mombins L.),,Fruits,butyl benzoate,Esters,2,2
HOG PLUM (Spondias mombins L.),,Fruits,benzyl benzoate,Esters,123,123
HOG PLUM (Spondias mombins L.),,Fruits,methyl 2-hydroxybenzoate (=methyl salicylate),Esters,15,15
HOG PLUM (Spondias mombins L.),,Fruits,"methyleugenol (=4-allyl-1,2-dimethoxybenzene)",Phenols,2,2
HOG PLUM (Spondias mombins L.),,Fruits,"4-allyl-1,2,3-trimethoxybenzene",Phenols,3,3
HOG PLUM (Spondias mombins L.),,Fruits,"5-allyl-1,2,3-trimethoxybenzene (=elemicin)",Phenols,4,4
HOG PLUM (Spondias mombins L.),,Fruits,linalool oxide (unkn.str.),"(Ep)oxides, pyrans, coumarins",6,6
RED CURRANTS (Ribes rubrum L.),,Fruits,β-myrcene (=myrcene),Hydrocarbons,<0.002,<0.002
RED CURRANTS (Ribes rubrum L.),,Fruits,β-phellandrene,Hydrocarbons,<0.002,<0.002
RED CURRANTS (Ribes rubrum L.),,Fruits,γ-terpinene,Hydrocarbons,<0.002,<0.002
RED CURRANTS (Ribes rubrum L.),,Fruits,limonene,Hydrocarbons,<0.002,<0.002
RED CURRANTS (Ribes rubrum L.),,Fruits,α-humulene (=humulene),Hydrocarbons,<0.002,<0.002
RED CURRANTS (Ribes rubrum L.),,Fruits,β-pinene,Hydrocarbons,<0.002,<0.002
RED CURRANTS (Ribes rubrum L.),,Fruits,δ-cadinene,Hydrocarbons,<0.002,<0.002
RED CURRANTS (Ribes rubrum L.),,Fruits,β-caryophyllene,Hydrocarbons,<0.002,<0.002
RED CURRANTS (Ribes rubrum L.),,Fruits,methylbenzene (=toluene),Hydrocarbons,<0.002,<0.002
RED CURRANTS (Ribes rubrum L.),,Fruits,butylbenzene,Hydrocarbons,<0.002,<0.002
RED CURRANTS (Ribes rubrum L.),,Fruits,"1,4-dimethylbenzene (=p-xylene)",Hydrocarbons,<0.002,<0.002
RED CURRANTS (Ribes rubrum L.),,Fruits,1-isopropyl-4-methylbenzene (=p-cymene),Hydrocarbons,0.01,0.018
RED CURRANTS (Ribes rubrum L.),,Fruits,2-methyl-1-propanol (=isobutanol),Alcohols,<0.002,<0.002
RED CURRANTS (Ribes rubrum L.),,Fruits,1-butanol,Alcohols,0.07,0.07
RED CURRANTS (Ribes rubrum L.),,Fruits,2-butanol (=sec-butanol),Alcohols,<0.002,<0.002
RED CURRANTS (Ribes rubrum L.),,Fruits,3-methyl-1-butanol (=isoamyl alcohol),Alcohols,0.01,0.01
RED CURRANTS (Ribes rubrum L.),,Fruits,1-pentanol (=amyl alcohol),Alcohols,<0.002,<0.002
RED CURRANTS (Ribes rubrum L.),,Fruits,2-pentanol,Alcohols,<0.002,<0.002
RED CURRANTS (Ribes rubrum L.),,Fruits,3-pentanol,Alcohols,<0.002,<0.002
RED CURRANTS (Ribes rubrum L.),,Fruits,1-penten-3-ol,Alcohols,<0.002,<0.002
RED CURRANTS (Ribes rubrum L.),,Fruits,1-hexanol,Alcohols,0.09,0.09
RED CURRANTS (Ribes rubrum L.),,Fruits,(E)-2-hexen-1-ol,Alcohols,1.2,1.2
RED CURRANTS (Ribes rubrum L.),,Fruits,(Z)-3-hexen-1-ol (=leaf alcohol),Alcohols,0.08,0.08
RED CURRANTS (Ribes rubrum L.),,Fruits,1-octen-3-ol,Alcohols,0.005,0.005
RED CURRANTS (Ribes rubrum L.),,Fruits,4-terpineol (=terpinen-4-ol),Alcohols,0.01,0.01
RED CURRANTS (Ribes rubrum L.),,Fruits,"3-methylbutanal (=isopentanal, isovaleraldehyde)","Carbonyls, aldehydes",0.003,0.003
RED CURRANTS (Ribes rubrum L.),,Fruits,pentanal (=valeraldehyde),"Carbonyls, aldehydes",0.003,0.003
RED CURRANTS (Ribes rubrum L.),,Fruits,(E)-2-pentenal,"Carbonyls, aldehydes",0.02,0.02
RED CURRANTS (Ribes rubrum L.),,Fruits,hexanal (=capronaldehyde),"Carbonyls, aldehydes",<0.002,<0.002
RED CURRANTS (Ribes rubrum L.),,Fruits,(E)-2-hexenal (=leaf aldehyde),"Carbonyls, aldehydes",0.01,0.01
RED CURRANTS (Ribes rubrum L.),,Fruits,(Z)-3-hexenal,"Carbonyls, aldehydes",0.01,0.01
RED CURRANTS (Ribes rubrum L.),,Fruits,octanal (=caprylaldehyde),"Carbonyls, aldehydes",<0.002,<0.002
RED CURRANTS (Ribes rubrum L.),,Fruits,nonanal (=pelargonaldehyde),"Carbonyls, aldehydes",<0.002,<0.002
RED CURRANTS (Ribes rubrum L.),,Fruits,(E)-2-nonenal,"Carbonyls, aldehydes",<0.002,<0.002
RED CURRANTS (Ribes rubrum L.),,Fruits,decanal (=capraldehyde),"Carbonyls, aldehydes",<0.002,<0.002
RED CURRANTS (Ribes rubrum L.),,Fruits,(E)-2-decenal,"Carbonyls, aldehydes",<0.002,<0.002
RED CURRANTS (Ribes rubrum L.),,Fruits,benzaldehyde,"Carbonyls, aldehydes",0.008,0.008
RED CURRANTS (Ribes rubrum L.),,Fruits,2-pentylfuran,Furans,0.01,0.01
,PIMENTO (ALLSPICE) (Pimenta dioica L. Merr.),Spices & Condiments,octane,Hydrocarbons,,
,PIMENTO (ALLSPICE) (Pimenta dioica L. Merr.),Spices & Condiments,undecane,Hydrocarbons,,
,PIMENTO (ALLSPICE) (Pimenta dioica L. Merr.),Spices & Condiments,dodecane,Hydrocarbons,,
,PIMENTO (ALLSPICE) (Pimenta dioica L. Merr.),Spices & Condiments,tridecane,Hydrocarbons,,
,PIMENTO (ALLSPICE) (Pimenta dioica L. Merr.),Spices & Condiments,tetradecane,Hydrocarbons,,
,PIMENTO (ALLSPICE) (Pimenta dioica L. Merr.),Spices & Condiments,pentadecane,Hydrocarbons,,
,PIMENTO (ALLSPICE) (Pimenta dioica L. Merr.),Spices & Condiments,hexadecane,Hydrocarbons,,
,PIMENTO (ALLSPICE) (Pimenta dioica L. Merr.),Spices & Condiments,heptadecane,Hydrocarbons,,
,PIMENTO (ALLSPICE) (Pimenta dioica L. Merr.),Spices & Condiments,octadecane,Hydrocarbons,,
,PIMENTO (ALLSPICE) (Pimenta dioica L. Merr.),Spices & Condiments,nonadecane,Hydrocarbons,,
,PIMENTO (ALLSPICE) (Pimenta dioica L. Merr.),Spices & Condiments,eicosane,Hydrocarbons,,
,PIMENTO (ALLSPICE) (Pimenta dioica L. Merr.),Spices & Condiments,docosane,Hydrocarbons,,
,PIMENTO (ALLSPICE) (Pimenta dioica L. Merr.),Spices & Condiments,tricosane,Hydrocarbons,,
,PIMENTO (ALLSPICE) (Pimenta dioica L. Merr.),Spices & Condiments,tetracosane,Hydrocarbons,,
,PIMENTO (ALLSPICE) (Pimenta dioica L. Merr.),Spices & Condiments,β-ocimene,Hydrocarbons,,
,PIMENTO (ALLSPICE) (Pimenta dioica L. Merr.),Spices & Condiments,(Z)-β-ocimene,Hydrocarbons,,
,PIMENTO (ALLSPICE) (Pimenta dioica L. Merr.),Spices & Condiments,(E)-β-ocimene,Hydrocarbons,0,6600
,PIMENTO (ALLSPICE) (Pimenta dioica L. Merr.),Spices & Condiments,β-myrcene (=myrcene),Hydrocarbons,1000,90400
,PIMENTO (ALLSPICE) (Pimenta dioica L. Merr.),Spices & Condiments,"5-pentyl-1,3-cyclohexadiene",Hydrocarbons,2000,2000
,PIMENTO (ALLSPICE) (Pimenta dioica L. Merr.),Spices & Condiments,α-phellandrene,Hydrocarbons,0,18000
,PIMENTO (ALLSPICE) (Pimenta dioica L. Merr.),Spices & Condiments,β-phellandrene,Hydrocarbons,1000,1000
,PIMENTO (ALLSPICE) (Pimenta dioica L. Merr.),Spices & Condiments,α-terpinene,Hydrocarbons,100,4000
,PIMENTO (ALLSPICE) (Pimenta dioica L. Merr.),Spices & Condiments,γ-terpinene,Hydrocarbons,0,7000
,PIMENTO (ALLSPICE) (Pimenta dioica L. Merr.),Spices & Condiments,terpinolene,Hydrocarbons,400,15000
,PIMENTO (ALLSPICE) (Pimenta dioica L. Merr.),Spices & Condiments,limonene,Hydrocarbons,500,42000
,PIMENTO (ALLSPICE) (Pimenta dioica L. Merr.),Spices & Condiments,β-elemene,Hydrocarbons,1000,6000
,PIMENTO (ALLSPICE) (Pimenta dioica L. Merr.),Spices & Condiments,ar-curcumene,Hydrocarbons,700,8000
,PIMENTO (ALLSPICE) (Pimenta dioica L. Merr.),Spices & Condiments,α-humulene (=humulene),Hydrocarbons,10700,16700
,PIMENTO (ALLSPICE) (Pimenta dioica L. Merr.),Spices & Condiments,β-humulene,Hydrocarbons,,
,PIMENTO (ALLSPICE) (Pimenta dioica L. Merr.),Spices & Condiments,γ-humulene,Hydrocarbons,,
,PIMENTO (ALLSPICE) (Pimenta dioica L. Merr.),Spices & Condiments,α-pinene,Hydrocarbons,0,6000
,PIMENTO (ALLSPICE) (Pimenta dioica L. Merr.),Spices & Condiments,β-pinene,Hydrocarbons,1000,1000
,PIMENTO (ALLSPICE) (Pimenta dioica L. Merr.),Spices & Condiments,camphene,Hydrocarbons,2000,2000
,PIMENTO (ALLSPICE) (Pimenta dioica L. Merr.),Spices & Condiments,α-thujene,Hydrocarbons,5000,5000
,PIMENTO (ALLSPICE) (Pimenta dioica L. Merr.),Spices & Condiments,sabinene (=4(10)-thujene),Hydrocarbons,,
,PIMENTO (ALLSPICE) (Pimenta dioica L. Merr.),Spices & Condiments,3-carene,Hydrocarbons,1000,1000
,PIMENTO (ALLSPICE) (Pimenta dioica L. Merr.),Spices & Condiments,cis-α-bergamotene,Hydrocarbons,,
,PIMENTO (ALLSPICE) (Pimenta dioica L. Merr.),Spices & Condiments,α-cadinene,Hydrocarbons,,
,PIMENTO (ALLSPICE) (Pimenta dioica L. Merr.),Spices & Condiments,γ-cadinene,Hydrocarbons,<1000,13100
,PIMENTO (ALLSPICE) (Pimenta dioica L. Merr.),Spices & Condiments,δ-cadinene,Hydrocarbons,0,7000
,PIMENTO (ALLSPICE) (Pimenta dioica L. Merr.),Spices & Condiments,cubenene,Hydrocarbons,,
,PIMENTO (ALLSPICE) (Pimenta dioica L. Merr.),Spices & Condiments,α-muurolene,Hydrocarbons,,
,PIMENTO (ALLSPICE) (Pimenta dioica L. Merr.),Spices & Condiments,γ-muurolene,Hydrocarbons,1000,6000
,PIMENTO (ALLSPICE) (Pimenta dioica L. Merr.),Spices & Condiments,"5β,7β,10α-selina-3,11-diene",Hydrocarbons,,
,PIMENTO (ALLSPICE) (Pimenta dioica L. Merr.),Spices & Condiments,"α-selinene (=5β,7α,10α-selina-3,11-diene)",Hydrocarbons,5900,9900
,PIMENTO (ALLSPICE) (Pimenta dioica L. Merr.),Spices & Condiments,"β-selinene (=4(14),11-selinadiene)",Hydrocarbons,4100,12000
,PIMENTO (ALLSPICE) (Pimenta dioica L. Merr.),Spices & Condiments,"4,11-selinadiene",Hydrocarbons,,
,PIMENTO (ALLSPICE) (Pimenta dioica L. Merr.),Spices & Condiments,β-guaiene (=guaiene),Hydrocarbons,4000,4000
,PIMENTO (ALLSPICE) (Pimenta dioica L. Merr.),Spices & Condiments,β-caryophyllene,Hydrocarbons,9700,76000
,PIMENTO (ALLSPICE) (Pimenta dioica L. Merr.),Spices & Condiments,γ-caryophyllene (=isocaryophyllene),Hydrocarbons,,
,PIMENTO (ALLSPICE) (Pimenta dioica L. Merr.),Spices & Condiments,α-copaene (=copaene),Hydrocarbons,500,1000
,PIMENTO (ALLSPICE) (Pimenta dioica L. Merr.),Spices & Condiments,β-copaene,Hydrocarbons,,
,PIMENTO (ALLSPICE) (Pimenta dioica L. Merr.),Spices & Condiments,α-maaliene,Hydrocarbons,,
,PIMENTO (ALLSPICE) (Pimenta dioica L. Merr.),Spices & Condiments,aromadendrene,Hydrocarbons,0,4500
,PIMENTO (ALLSPICE) (Pimenta dioica L. Merr.),Spices & Condiments,alloaromadendrene,Hydrocarbons,0,13000
,PIMENTO (ALLSPICE) (Pimenta dioica L. Merr.),Spices & Condiments,α-palustrene,Hydrocarbons,,
,PIMENTO (ALLSPICE) (Pimenta dioica L. Merr.),Spices & Condiments,α-gurjunene,Hydrocarbons,0,4900
,PIMENTO (ALLSPICE) (Pimenta dioica L. Merr.),Spices & Condiments,α-santalene,Hydrocarbons,,
,PIMENTO (ALLSPICE) (Pimenta dioica L. Merr.),Spices & Condiments,(+)-cyclosativene,Hydrocarbons,,
,PIMENTO (ALLSPICE) (Pimenta dioica L. Merr.),Spices & Condiments,methylbenzene (=toluene),Hydrocarbons,,
,PIMENTO (ALLSPICE) (Pimenta dioica L. Merr.),Spices & Condiments,pentylbenzene,Hydrocarbons,1000,1000
,PIMENTO (ALLSPICE) (Pimenta dioica L. Merr.),Spices & Condiments,1-isopropyl-4-methylbenzene (=p-cymene),Hydrocarbons,400,14000
,PIMENTO (ALLSPICE) (Pimenta dioica L. Merr.),Spices & Condiments,"1-isopropenyl-4-methylbenzene (=α,p-dimethyl styrene, p-cymenene, dehydro-p-cymene)",Hydrocarbons,500,1000
,PIMENTO (ALLSPICE) (Pimenta dioica L. Merr.),Spices & Condiments,isopropenylmethylbenzene (unkn.str.),Hydrocarbons,1000,1000
,PIMENTO (ALLSPICE) (Pimenta dioica L. Merr.),Spices & Condiments,calamenene,Hydrocarbons,2000,3000
,PIMENTO (ALLSPICE) (Pimenta dioica L. Merr.),Spices & Condiments,viridiflorene (=ledene),Hydrocarbons,7900,7900
,PIMENTO (ALLSPICE) (Pimenta dioica L. Merr.),Spices & Condiments,zonarene,Hydrocarbons,,
,PIMENTO (ALLSPICE) (Pimenta dioica L. Merr.),Spices & Condiments,10-epizonarene,Hydrocarbons,,
,PIMENTO (ALLSPICE) (Pimenta dioica L. Merr.),Spices & Condiments,2-methyl-1-butanol (=active amyl alcohol),Alcohols,,
,PIMENTO (ALLSPICE) (Pimenta dioica L. Merr.),Spices & Condiments,1-pentanol (=amyl alcohol),Alcohols,,
,PIMENTO (ALLSPICE) (Pimenta dioica L. Merr.),Spices & Condiments,1-hexanol,Alcohols,,
,PIMENTO (ALLSPICE) (Pimenta dioica L. Merr.),Spices & Condiments,(Z)-3-hexen-1-ol (=leaf alcohol),Alcohols,,
,PIMENTO (ALLSPICE) (Pimenta dioica L. Merr.),Spices & Condiments,3-octanol,Alcohols,23000,23000
,PIMENTO (ALLSPICE) (Pimenta dioica L. Merr.),Spices & Condiments,linalool,Alcohols,1000,3600
,PIMENTO (ALLSPICE) (Pimenta dioica L. Merr.),Spices & Condiments,"p-cymen-8-ol (=α,α,p-trimethyl-benzyl alcohol)",Alcohols,600,1300
,PIMENTO (ALLSPICE) (Pimenta dioica L. Merr.),Spices & Condiments,α-terpineol,Alcohols,0,6000
,PIMENTO (ALLSPICE) (Pimenta dioica L. Merr.),Spices & Condiments,4-terpineol (=terpinen-4-ol),Alcohols,5000,8000
,PIMENTO (ALLSPICE) (Pimenta dioica L. Merr.),Spices & Condiments,"trans-p-1(10),5-menthadien-2-ol",Alcohols,,
,PIMENTO (ALLSPICE) (Pimenta dioica L. Merr.),Spices & Condiments,α-cadinol,Alcohols,2200,2200
,PIMENTO (ALLSPICE) (Pimenta dioica L. Merr.),Spices & Condiments,cadinol-T,Alcohols,,
,PIMENTO (ALLSPICE) (Pimenta dioica L. Merr.),Spices & Condiments,muurolol-T,Alcohols,,
,PIMENTO (ALLSPICE) (Pimenta dioica L. Merr.),Spices & Condiments,epicubenol,Alcohols,,
,PIMENTO (ALLSPICE) (Pimenta dioica L. Merr.),Spices & Condiments,11-eudesmen-4-ol (=intermedeol),Alcohols,,
,PIMENTO (ALLSPICE) (Pimenta dioica L. Merr.),Spices & Condiments,β-eudesmol,Alcohols,0,4400
,PIMENTO (ALLSPICE) (Pimenta dioica L. Merr.),Spices & Condiments,β-caryophyllene alcohol,Alcohols,2100,7000
,PIMENTO (ALLSPICE) (Pimenta dioica L. Merr.),Spices & Condiments,ledol,Alcohols,0,1900
,PIMENTO (ALLSPICE) (Pimenta dioica L. Merr.),Spices & Condiments,viridiflorol,Alcohols,0,7600
,PIMENTO (ALLSPICE) (Pimenta dioica L. Merr.),Spices & Condiments,globulol,Alcohols,1100,1100
,PIMENTO (ALLSPICE) (Pimenta dioica L. Merr.),Spices & Condiments,epiglobulol,Alcohols,,
,PIMENTO (ALLSPICE) (Pimenta dioica L. Merr.),Spices & Condiments,spathulenol (=(+)-spathulenol),Alcohols,2000,2000
,PIMENTO (ALLSPICE) (Pimenta dioica L. Merr.),Spices & Condiments,palustrol (ledum),Alcohols,0,5600
,PIMENTO (ALLSPICE) (Pimenta dioica L. Merr.),Spices & Condiments,"3-methylbutanal (=isopentanal, isovaleraldehyde)","Carbonyls, aldehydes",,
,PIMENTO (ALLSPICE) (Pimenta dioica L. Merr.),Spices & Condiments,pentanal (=valeraldehyde),"Carbonyls, aldehydes",,
,PIMENTO (ALLSPICE) (Pimenta dioica L. Merr.),Spices & Condiments,(E)-2-hexenal (=leaf aldehyde),"Carbonyls, aldehydes",,
,PIMENTO (ALLSPICE) (Pimenta dioica L. Merr.),Spices & Condiments,heptanal,"Carbonyls, aldehydes",,
,PIMENTO (ALLSPICE) (Pimenta dioica L. Merr.),Spices & Condiments,cinnamaldehyde (=3-phenyl-2-propenal),"Carbonyls, aldehydes",,
,PIMENTO (ALLSPICE) (Pimenta dioica L. Merr.),Spices & Condiments,caryophyllen-5-al (unkn.str.),"Carbonyls, aldehydes",,
,PIMENTO (ALLSPICE) (Pimenta dioica L. Merr.),Spices & Condiments,"acetone (=2-propanone, dimethyl ketone)","Carbonyls, ketones",,
,PIMENTO (ALLSPICE) (Pimenta dioica L. Merr.),Spices & Condiments,2-methylbutyl acetate,Esters,100,100
,PIMENTO (ALLSPICE) (Pimenta dioica L. Merr.),Spices & Condiments,geranyl acetate,Esters,,
,PIMENTO (ALLSPICE) (Pimenta dioica L. Merr.),Spices & Condiments,methyl benzoate,Esters,,
,PIMENTO (ALLSPICE) (Pimenta dioica L. Merr.),Spices & Condiments,ethyl benzoate,Esters,,
,PIMENTO (ALLSPICE) (Pimenta dioica L. Merr.),Spices & Condiments,"1,8-cineole (=eucalyptol)",Ethers,1700,33000
,PIMENTO (ALLSPICE) (Pimenta dioica L. Merr.),Spices & Condiments,4-allylphenol (=chavicol),Phenols,500,10200
,PIMENTO (ALLSPICE) (Pimenta dioica L. Merr.),Spices & Condiments,"1-allyl-4-methoxybenzene (=estragole, methylchavicol)",Phenols,300,2000
,PIMENTO (ALLSPICE) (Pimenta dioica L. Merr.),Spices & Condiments,"(E)-anethole (=(E)-1-methoxy-4-(1-propenyl)benzene, anise camphor)",Phenols,,
,PIMENTO (ALLSPICE) (Pimenta dioica L. Merr.),Spices & Condiments,eugenol (=4-allyl-2-methoxyphenol),Phenols,491200,870000
,PIMENTO (ALLSPICE) (Pimenta dioica L. Merr.),Spices & Condiments,isoeugenol (=2-methoxy-4-(1-propenyl)-phenol),Phenols,,
,PIMENTO (ALLSPICE) (Pimenta dioica L. Merr.),Spices & Condiments,"methyleugenol (=4-allyl-1,2-dimethoxybenzene)",Phenols,4600,280800
,PIMENTO (ALLSPICE) (Pimenta dioica L. Merr.),Spices & Condiments,"furfural (=2-formylfuran, 2-furancarbaldehyde, 2-furaldehyde)",Furans,,
,PIMENTO (ALLSPICE) (Pimenta dioica L. Merr.),Spices & Condiments,"terpinolene 4,8-oxide","(Ep)oxides, pyrans, coumarins",2000,2000
,PIMENTO (ALLSPICE) (Pimenta dioica L. Merr.),Spices & Condiments,humulene epoxide I,"(Ep)oxides, pyrans, coumarins",,
,PIMENTO (ALLSPICE) (Pimenta dioica L. Merr.),Spices & Condiments,humulene epoxide II,"(Ep)oxides, pyrans, coumarins",trace,trace
,PIMENTO (ALLSPICE) (Pimenta dioica L. Merr.),Spices & Condiments,β-caryophyllene oxide,"(Ep)oxides, pyrans, coumarins",1000,18200
PIMENTO BERRY,PIMENTO (ALLSPICE) (Pimenta dioica L. Merr.),Spices & Condiments,β-ocimene,Hydrocarbons,,
PIMENTO BERRY,PIMENTO (ALLSPICE) (Pimenta dioica L. Merr.),Spices & Condiments,(Z)-β-ocimene,Hydrocarbons,,
PIMENTO BERRY,PIMENTO (ALLSPICE) (Pimenta dioica L. Merr.),Spices & Condiments,(E)-β-ocimene,Hydrocarbons,1000,1000
PIMENTO BERRY,PIMENTO (ALLSPICE) (Pimenta dioica L. Merr.),Spices & Condiments,β-myrcene (=myrcene),Hydrocarbons,1500,90400
PIMENTO BERRY,PIMENTO (ALLSPICE) (Pimenta dioica L. Merr.),Spices & Condiments,"5-pentyl-1,3-cyclohexadiene",Hydrocarbons,2000,2000
PIMENTO BERRY,PIMENTO (ALLSPICE) (Pimenta dioica L. Merr.),Spices & Condiments,α-phellandrene,Hydrocarbons,200,18000
PIMENTO BERRY,PIMENTO (ALLSPICE) (Pimenta dioica L. Merr.),Spices & Condiments,β-phellandrene,Hydrocarbons,1000,1000
PIMENTO BERRY,PIMENTO (ALLSPICE) (Pimenta dioica L. Merr.),Spices & Condiments,α-terpinene,Hydrocarbons,100,4000
PIMENTO BERRY,PIMENTO (ALLSPICE) (Pimenta dioica L. Merr.),Spices & Condiments,γ-terpinene,Hydrocarbons,2000,7000
PIMENTO BERRY,PIMENTO (ALLSPICE) (Pimenta dioica L. Merr.),Spices & Condiments,terpinolene,Hydrocarbons,1400,15000
PIMENTO BERRY,PIMENTO (ALLSPICE) (Pimenta dioica L. Merr.),Spices & Condiments,limonene,Hydrocarbons,500,42000
PIMENTO BERRY,PIMENTO (ALLSPICE) (Pimenta dioica L. Merr.),Spices & Condiments,β-elemene,Hydrocarbons,6000,6000
PIMENTO BERRY,PIMENTO (ALLSPICE) (Pimenta dioica L. Merr.),Spices & Condiments,ar-curcumene,Hydrocarbons,700,8000
PIMENTO BERRY,PIMENTO (ALLSPICE) (Pimenta dioica L. Merr.),Spices & Condiments,α-humulene (=humulene),Hydrocarbons,11000,11000
PIMENTO BERRY,PIMENTO (ALLSPICE) (Pimenta dioica L. Merr.),Spices & Condiments,β-humulene,Hydrocarbons,,
PIMENTO BERRY,PIMENTO (ALLSPICE) (Pimenta dioica L. Merr.),Spices & Condiments,γ-humulene,Hydrocarbons,,
PIMENTO BERRY,PIMENTO (ALLSPICE) (Pimenta dioica L. Merr.),Spices & Condiments,α-pinene,Hydrocarbons,2000,6000
PIMENTO BERRY,PIMENTO (ALLSPICE) (Pimenta dioica L. Merr.),Spices & Condiments,β-pinene,Hydrocarbons,1000,1000
PIMENTO BERRY,PIMENTO (ALLSPICE) (Pimenta dioica L. Merr.),Spices & Condiments,camphene,Hydrocarbons,2000,2000
PIMENTO BERRY,PIMENTO (ALLSPICE) (Pimenta dioica L. Merr.),Spices & Condiments,α-thujene,Hydrocarbons,5000,5000
PIMENTO BERRY,PIMENTO (ALLSPICE) (Pimenta dioica L. Merr.),Spices & Condiments,3-carene,Hydrocarbons,1000,1000
PIMENTO BERRY,PIMENTO (ALLSPICE) (Pimenta dioica L. Merr.),Spices & Condiments,cis-α-bergamotene,Hydrocarbons,,
PIMENTO BERRY,PIMENTO (ALLSPICE) (Pimenta dioica L. Merr.),Spices & Condiments,α-cadinene,Hydrocarbons,,
PIMENTO BERRY,PIMENTO (ALLSPICE) (Pimenta dioica L. Merr.),Spices & Condiments,γ-cadinene,Hydrocarbons,<1000,13100
PIMENTO BERRY,PIMENTO (ALLSPICE) (Pimenta dioica L. Merr.),Spices & Condiments,δ-cadinene,Hydrocarbons,4000,7000
PIMENTO BERRY,PIMENTO (ALLSPICE) (Pimenta dioica L. Merr.),Spices & Condiments,cubenene,Hydrocarbons,,
PIMENTO BERRY,PIMENTO (ALLSPICE) (Pimenta dioica L. Merr.),Spices & Condiments,α-muurolene,Hydrocarbons,,
PIMENTO BERRY,PIMENTO (ALLSPICE) (Pimenta dioica L. Merr.),Spices & Condiments,γ-muurolene,Hydrocarbons,1000,6000
PIMENTO BERRY,PIMENTO (ALLSPICE) (Pimenta dioica L. Merr.),Spices & Condiments,"5β,7β,10α-selina-3,11-diene",Hydrocarbons,,
PIMENTO BERRY,PIMENTO (ALLSPICE) (Pimenta dioica L. Merr.),Spices & Condiments,"α-selinene (=5β,7α,10α-selina-3,11-diene)",Hydrocarbons,6000,6000
PIMENTO BERRY,PIMENTO (ALLSPICE) (Pimenta dioica L. Merr.),Spices & Condiments,"β-selinene (=4(14),11-selinadiene)",Hydrocarbons,12000,12000
PIMENTO BERRY,PIMENTO (ALLSPICE) (Pimenta dioica L. Merr.),Spices & Condiments,"4,11-selinadiene",Hydrocarbons,,
PIMENTO BERRY,PIMENTO (ALLSPICE) (Pimenta dioica L. Merr.),Spices & Condiments,β-guaiene (=guaiene),Hydrocarbons,4000,4000
PIMENTO BERRY,PIMENTO (ALLSPICE) (Pimenta dioica L. Merr.),Spices & Condiments,β-caryophyllene,Hydrocarbons,25000,44700
PIMENTO BERRY,PIMENTO (ALLSPICE) (Pimenta dioica L. Merr.),Spices & Condiments,γ-caryophyllene (=isocaryophyllene),Hydrocarbons,,
PIMENTO BERRY,PIMENTO (ALLSPICE) (Pimenta dioica L. Merr.),Spices & Condiments,α-copaene (=copaene),Hydrocarbons,500,1000
PIMENTO BERRY,PIMENTO (ALLSPICE) (Pimenta dioica L. Merr.),Spices & Condiments,α-maaliene,Hydrocarbons,,
PIMENTO BERRY,PIMENTO (ALLSPICE) (Pimenta dioica L. Merr.),Spices & Condiments,aromadendrene,Hydrocarbons,,
PIMENTO BERRY,PIMENTO (ALLSPICE) (Pimenta dioica L. Merr.),Spices & Condiments,alloaromadendrene,Hydrocarbons,500,13000
PIMENTO BERRY,PIMENTO (ALLSPICE) (Pimenta dioica L. Merr.),Spices & Condiments,α-palustrene,Hydrocarbons,,
PIMENTO BERRY,PIMENTO (ALLSPICE) (Pimenta dioica L. Merr.),Spices & Condiments,α-gurjunene,Hydrocarbons,,
PIMENTO BERRY,PIMENTO (ALLSPICE) (Pimenta dioica L. Merr.),Spices & Condiments,α-santalene,Hydrocarbons,,
PIMENTO BERRY,PIMENTO (ALLSPICE) (Pimenta dioica L. Merr.),Spices & Condiments,pentylbenzene,Hydrocarbons,1000,1000
PIMENTO BERRY,PIMENTO (ALLSPICE) (Pimenta dioica L. Merr.),Spices & Condiments,1-isopropyl-4-methylbenzene (=p-cymene),Hydrocarbons,400,14000
PIMENTO BERRY,PIMENTO (ALLSPICE) (Pimenta dioica L. Merr.),Spices & Condiments,"1-isopropenyl-4-methylbenzene (=α,p-dimethyl styrene, p-cymenene, dehydro-p-cymene)",Hydrocarbons,500,1000
PIMENTO BERRY,PIMENTO (ALLSPICE) (Pimenta dioica L. Merr.),Spices & Condiments,isopropenylmethylbenzene (unkn.str.),Hydrocarbons,1000,1000
PIMENTO BERRY,PIMENTO (ALLSPICE) (Pimenta dioica L. Merr.),Spices & Condiments,calamenene,Hydrocarbons,2000,3000
PIMENTO BERRY,PIMENTO (ALLSPICE) (Pimenta dioica L. Merr.),Spices & Condiments,viridiflorene (=ledene),Hydrocarbons,7900,7900
PIMENTO BERRY,PIMENTO (ALLSPICE) (Pimenta dioica L. Merr.),Spices & Condiments,zonarene,Hydrocarbons,,
PIMENTO BERRY,PIMENTO (ALLSPICE) (Pimenta dioica L. Merr.),Spices & Condiments,10-epizonarene,Hydrocarbons,,
PIMENTO BERRY,PIMENTO (ALLSPICE) (Pimenta dioica L. Merr.),Spices & Condiments,3-octanol,Alcohols,23000,23000
PIMENTO BERRY,PIMENTO (ALLSPICE) (Pimenta dioica L. Merr.),Spices & Condiments,linalool,Alcohols,1000,3600
PIMENTO BERRY,PIMENTO (ALLSPICE) (Pimenta dioica L. Merr.),Spices & Condiments,"p-cymen-8-ol (=α,α,p-trimethyl-benzyl alcohol)",Alcohols,600,600
PIMENTO BERRY,PIMENTO (ALLSPICE) (Pimenta dioica L. Merr.),Spices & Condiments,α-terpineol,Alcohols,2000,6000
PIMENTO BERRY,PIMENTO (ALLSPICE) (Pimenta dioica L. Merr.),Spices & Condiments,4-terpineol (=terpinen-4-ol),Alcohols,5000,8000
PIMENTO BERRY,PIMENTO (ALLSPICE) (Pimenta dioica L. Merr.),Spices & Condiments,"trans-p-1(10),5-menthadien-2-ol",Alcohols,,
PIMENTO BERRY,PIMENTO (ALLSPICE) (Pimenta dioica L. Merr.),Spices & Condiments,α-cadinol,Alcohols,2200,2200
PIMENTO BERRY,PIMENTO (ALLSPICE) (Pimenta dioica L. Merr.),Spices & Condiments,cadinol-T,Alcohols,,
PIMENTO BERRY,PIMENTO (ALLSPICE) (Pimenta dioica L. Merr.),Spices & Condiments,muurolol-T,Alcohols,,
PIMENTO BERRY,PIMENTO (ALLSPICE) (Pimenta dioica L. Merr.),Spices & Condiments,epicubenol,Alcohols,,
PIMENTO BERRY,PIMENTO (ALLSPICE) (Pimenta dioica L. Merr.),Spices & Condiments,11-eudesmen-4-ol (=intermedeol),Alcohols,,
PIMENTO BERRY,PIMENTO (ALLSPICE) (Pimenta dioica L. Merr.),Spices & Condiments,β-caryophyllene alcohol,Alcohols,2100,7000
PIMENTO BERRY,PIMENTO (ALLSPICE) (Pimenta dioica L. Merr.),Spices & Condiments,ledol,Alcohols,,
PIMENTO BERRY,PIMENTO (ALLSPICE) (Pimenta dioica L. Merr.),Spices & Condiments,globulol,Alcohols,1100,1100
PIMENTO BERRY,PIMENTO (ALLSPICE) (Pimenta dioica L. Merr.),Spices & Condiments,epiglobulol,Alcohols,,
PIMENTO BERRY,PIMENTO (ALLSPICE) (Pimenta dioica L. Merr.),Spices & Condiments,spathulenol (=(+)-spathulenol),Alcohols,2000,2000
PIMENTO BERRY,PIMENTO (ALLSPICE) (Pimenta dioica L. Merr.),Spices & Condiments,cinnamaldehyde (=3-phenyl-2-propenal),"Carbonyls, aldehydes",,
PIMENTO BERRY,PIMENTO (ALLSPICE) (Pimenta dioica L. Merr.),Spices & Condiments,caryophyllen-5-al (unkn.str.),"Carbonyls, aldehydes",,
PIMENTO BERRY,PIMENTO (ALLSPICE) (Pimenta dioica L. Merr.),Spices & Condiments,2-methylbutyl acetate,Esters,100,100
PIMENTO BERRY,PIMENTO (ALLSPICE) (Pimenta dioica L. Merr.),Spices & Condiments,geranyl acetate,Esters,,
PIMENTO BERRY,PIMENTO (ALLSPICE) (Pimenta dioica L. Merr.),Spices & Condiments,methyl benzoate,Esters,,
PIMENTO BERRY,PIMENTO (ALLSPICE) (Pimenta dioica L. Merr.),Spices & Condiments,ethyl benzoate,Esters,,
PIMENTO BERRY,PIMENTO (ALLSPICE) (Pimenta dioica L. Merr.),Spices & Condiments,"1,8-cineole (=eucalyptol)",Ethers,1700,33000
PIMENTO BERRY,PIMENTO (ALLSPICE) (Pimenta dioica L. Merr.),Spices & Condiments,4-allylphenol (=chavicol),Phenols,500,10200
PIMENTO BERRY,PIMENTO (ALLSPICE) (Pimenta dioica L. Merr.),Spices & Condiments,"1-allyl-4-methoxybenzene (=estragole, methylchavicol)",Phenols,2000,2000
PIMENTO BERRY,PIMENTO (ALLSPICE) (Pimenta dioica L. Merr.),Spices & Condiments,"(E)-anethole (=(E)-1-methoxy-4-(1-propenyl)benzene, anise camphor)",Phenols,,
PIMENTO BERRY,PIMENTO (ALLSPICE) (Pimenta dioica L. Merr.),Spices & Condiments,eugenol (=4-allyl-2-methoxyphenol),Phenols,491200,870000
PIMENTO BERRY,PIMENTO (ALLSPICE) (Pimenta dioica L. Merr.),Spices & Condiments,"methyleugenol (=4-allyl-1,2-dimethoxybenzene)",Phenols,4600,280800
PIMENTO BERRY,PIMENTO (ALLSPICE) (Pimenta dioica L. Merr.),Spices & Condiments,"terpinolene 4,8-oxide","(Ep)oxides, pyrans, coumarins",2000,2000
PIMENTO BERRY,PIMENTO (ALLSPICE) (Pimenta dioica L. Merr.),Spices & Condiments,humulene epoxide II,"(Ep)oxides, pyrans, coumarins",trace,trace
PIMENTO BERRY,PIMENTO (ALLSPICE) (Pimenta dioica L. Merr.),Spices & Condiments,β-caryophyllene oxide,"(Ep)oxides, pyrans, coumarins",1000,1000
PIMENTO LEAF,PIMENTO (ALLSPICE) (Pimenta dioica L. Merr.),Spices & Condiments,octane,Hydrocarbons,,
PIMENTO LEAF,PIMENTO (ALLSPICE) (Pimenta dioica L. Merr.),Spices & Condiments,undecane,Hydrocarbons,,
PIMENTO LEAF,PIMENTO (ALLSPICE) (Pimenta dioica L. Merr.),Spices & Condiments,dodecane,Hydrocarbons,,
PIMENTO LEAF,PIMENTO (ALLSPICE) (Pimenta dioica L. Merr.),Spices & Condiments,tridecane,Hydrocarbons,,
PIMENTO LEAF,PIMENTO (ALLSPICE) (Pimenta dioica L. Merr.),Spices & Condiments,tetradecane,Hydrocarbons,,
PIMENTO LEAF,PIMENTO (ALLSPICE) (Pimenta dioica L. Merr.),Spices & Condiments,pentadecane,Hydrocarbons,,
PIMENTO LEAF,PIMENTO (ALLSPICE) (Pimenta dioica L. Merr.),Spices & Condiments,hexadecane,Hydrocarbons,,
PIMENTO LEAF,PIMENTO (ALLSPICE) (Pimenta dioica L. Merr.),Spices & Condiments,heptadecane,Hydrocarbons,,
PIMENTO LEAF,PIMENTO (ALLSPICE) (Pimenta dioica L. Merr.),Spices & Condiments,octadecane,Hydrocarbons,,
PIMENTO LEAF,PIMENTO (ALLSPICE) (Pimenta dioica L. Merr.),Spices & Condiments,nonadecane,Hydrocarbons,,
PIMENTO LEAF,PIMENTO (ALLSPICE) (Pimenta dioica L. Merr.),Spices & Condiments,eicosane,Hydrocarbons,,
PIMENTO LEAF,PIMENTO (ALLSPICE) (Pimenta dioica L. Merr.),Spices & Condiments,docosane,Hydrocarbons,,
PIMENTO LEAF,PIMENTO (ALLSPICE) (Pimenta dioica L. Merr.),Spices & Condiments,tricosane,Hydrocarbons,,
PIMENTO LEAF,PIMENTO (ALLSPICE) (Pimenta dioica L. Merr.),Spices & Condiments,tetracosane,Hydrocarbons,,
PIMENTO LEAF,PIMENTO (ALLSPICE) (Pimenta dioica L. Merr.),Spices & Condiments,(Z)-β-ocimene,Hydrocarbons,,
PIMENTO LEAF,PIMENTO (ALLSPICE) (Pimenta dioica L. Merr.),Spices & Condiments,(E)-β-ocimene,Hydrocarbons,0,6600
PIMENTO LEAF,PIMENTO (ALLSPICE) (Pimenta dioica L. Merr.),Spices & Condiments,β-myrcene (=myrcene),Hydrocarbons,1000,2000
PIMENTO LEAF,PIMENTO (ALLSPICE) (Pimenta dioica L. Merr.),Spices & Condiments,α-phellandrene,Hydrocarbons,0,5900
PIMENTO LEAF,PIMENTO (ALLSPICE) (Pimenta dioica L. Merr.),Spices & Condiments,β-phellandrene,Hydrocarbons,,
PIMENTO LEAF,PIMENTO (ALLSPICE) (Pimenta dioica L. Merr.),Spices & Condiments,α-terpinene,Hydrocarbons,1100,1100
PIMENTO LEAF,PIMENTO (ALLSPICE) (Pimenta dioica L. Merr.),Spices & Condiments,γ-terpinene,Hydrocarbons,0,600
PIMENTO LEAF,PIMENTO (ALLSPICE) (Pimenta dioica L. Merr.),Spices & Condiments,terpinolene,Hydrocarbons,400,2700
PIMENTO LEAF,PIMENTO (ALLSPICE) (Pimenta dioica L. Merr.),Spices & Condiments,limonene,Hydrocarbons,2100,3500
PIMENTO LEAF,PIMENTO (ALLSPICE) (Pimenta dioica L. Merr.),Spices & Condiments,β-elemene,Hydrocarbons,1000,4200
PIMENTO LEAF,PIMENTO (ALLSPICE) (Pimenta dioica L. Merr.),Spices & Condiments,α-humulene (=humulene),Hydrocarbons,10700,16700
PIMENTO LEAF,PIMENTO (ALLSPICE) (Pimenta dioica L. Merr.),Spices & Condiments,α-pinene,Hydrocarbons,0,400
PIMENTO LEAF,PIMENTO (ALLSPICE) (Pimenta dioica L. Merr.),Spices & Condiments,β-pinene,Hydrocarbons,,
PIMENTO LEAF,PIMENTO (ALLSPICE) (Pimenta dioica L. Merr.),Spices & Condiments,α-thujene,Hydrocarbons,,
PIMENTO LEAF,PIMENTO (ALLSPICE) (Pimenta dioica L. Merr.),Spices & Condiments,sabinene (=4(10)-thujene),Hydrocarbons,,
PIMENTO LEAF,PIMENTO (ALLSPICE) (Pimenta dioica L. Merr.),Spices & Condiments,γ-cadinene,Hydrocarbons,,
PIMENTO LEAF,PIMENTO (ALLSPICE) (Pimenta dioica L. Merr.),Spices & Condiments,δ-cadinene,Hydrocarbons,0,5900
PIMENTO LEAF,PIMENTO (ALLSPICE) (Pimenta dioica L. Merr.),Spices & Condiments,α-muurolene,Hydrocarbons,,
PIMENTO LEAF,PIMENTO (ALLSPICE) (Pimenta dioica L. Merr.),Spices & Condiments,"α-selinene (=5β,7α,10α-selina-3,11-diene)",Hydrocarbons,5900,9900
PIMENTO LEAF,PIMENTO (ALLSPICE) (Pimenta dioica L. Merr.),Spices & Condiments,"β-selinene (=4(14),11-selinadiene)",Hydrocarbons,4100,8600
PIMENTO LEAF,PIMENTO (ALLSPICE) (Pimenta dioica L. Merr.),Spices & Condiments,β-caryophyllene,Hydrocarbons,9700,76000
PIMENTO LEAF,PIMENTO (ALLSPICE) (Pimenta dioica L. Merr.),Spices & Condiments,α-copaene (=copaene),Hydrocarbons,900,900
PIMENTO LEAF,PIMENTO (ALLSPICE) (Pimenta dioica L. Merr.),Spices & Condiments,β-copaene,Hydrocarbons,,
PIMENTO LEAF,PIMENTO (ALLSPICE) (Pimenta dioica L. Merr.),Spices & Condiments,aromadendrene,Hydrocarbons,0,4500
PIMENTO LEAF,PIMENTO (ALLSPICE) (Pimenta dioica L. Merr.),Spices & Condiments,alloaromadendrene,Hydrocarbons,0,8600
PIMENTO LEAF,PIMENTO (ALLSPICE) (Pimenta dioica L. Merr.),Spices & Condiments,α-gurjunene,Hydrocarbons,0,4900
PIMENTO LEAF,PIMENTO (ALLSPICE) (Pimenta dioica L. Merr.),Spices & Condiments,(+)-cyclosativene,Hydrocarbons,,
PIMENTO LEAF,PIMENTO (ALLSPICE) (Pimenta dioica L. Merr.),Spices & Condiments,methylbenzene (=toluene),Hydrocarbons,,
PIMENTO LEAF,PIMENTO (ALLSPICE) (Pimenta dioica L. Merr.),Spices & Condiments,1-isopropyl-4-methylbenzene (=p-cymene),Hydrocarbons,600,7800
PIMENTO LEAF,PIMENTO (ALLSPICE) (Pimenta dioica L. Merr.),Spices & Condiments,"1-isopropenyl-4-methylbenzene (=α,p-dimethyl styrene, p-cymenene, dehydro-p-cymene)",Hydrocarbons,900,900
PIMENTO LEAF,PIMENTO (ALLSPICE) (Pimenta dioica L. Merr.),Spices & Condiments,calamenene,Hydrocarbons,,
PIMENTO LEAF,PIMENTO (ALLSPICE) (Pimenta dioica L. Merr.),Spices & Condiments,zonarene,Hydrocarbons,,
PIMENTO LEAF,PIMENTO (ALLSPICE) (Pimenta dioica L. Merr.),Spices & Condiments,10-epizonarene,Hydrocarbons,,
PIMENTO LEAF,PIMENTO (ALLSPICE) (Pimenta dioica L. Merr.),Spices & Condiments,2-methyl-1-butanol (=active amyl alcohol),Alcohols,,
PIMENTO LEAF,PIMENTO (ALLSPICE) (Pimenta dioica L. Merr.),Spices & Condiments,1-pentanol (=amyl alcohol),Alcohols,,
PIMENTO LEAF,PIMENTO (ALLSPICE) (Pimenta dioica L. Merr.),Spices & Condiments,1-hexanol,Alcohols,,
PIMENTO LEAF,PIMENTO (ALLSPICE) (Pimenta dioica L. Merr.),Spices & Condiments,(Z)-3-hexen-1-ol (=leaf alcohol),Alcohols,,
PIMENTO LEAF,PIMENTO (ALLSPICE) (Pimenta dioica L. Merr.),Spices & Condiments,linalool,Alcohols,,
PIMENTO LEAF,PIMENTO (ALLSPICE) (Pimenta dioica L. Merr.),Spices & Condiments,"p-cymen-8-ol (=α,α,p-trimethyl-benzyl alcohol)",Alcohols,1300,1300
PIMENTO LEAF,PIMENTO (ALLSPICE) (Pimenta dioica L. Merr.),Spices & Condiments,α-terpineol,Alcohols,0,3000
PIMENTO LEAF,PIMENTO (ALLSPICE) (Pimenta dioica L. Merr.),Spices & Condiments,4-terpineol (=terpinen-4-ol),Alcohols,,
PIMENTO LEAF,PIMENTO (ALLSPICE) (Pimenta dioica L. Merr.),Spices & Condiments,α-cadinol,Alcohols,,
PIMENTO LEAF,PIMENTO (ALLSPICE) (Pimenta dioica L. Merr.),Spices & Condiments,cadinol-T,Alcohols,,
PIMENTO LEAF,PIMENTO (ALLSPICE) (Pimenta dioica L. Merr.),Spices & Condiments,muurolol-T,Alcohols,,
PIMENTO LEAF,PIMENTO (ALLSPICE) (Pimenta dioica L. Merr.),Spices & Condiments,β-eudesmol,Alcohols,0,4400
PIMENTO LEAF,PIMENTO (ALLSPICE) (Pimenta dioica L. Merr.),Spices & Condiments,ledol,Alcohols,0,1900
PIMENTO LEAF,PIMENTO (ALLSPICE) (Pimenta dioica L. Merr.),Spices & Condiments,viridiflorol,Alcohols,0,7600
PIMENTO LEAF,PIMENTO (ALLSPICE) (Pimenta dioica L. Merr.),Spices & Condiments,globulol,Alcohols,,
PIMENTO LEAF,PIMENTO (ALLSPICE) (Pimenta dioica L. Merr.),Spices & Condiments,palustrol (ledum),Alcohols,0,5600
PIMENTO LEAF,PIMENTO (ALLSPICE) (Pimenta dioica L. Merr.),Spices & Condiments,"3-methylbutanal (=isopentanal, isovaleraldehyde)","Carbonyls, aldehydes",,
PIMENTO LEAF,PIMENTO (ALLSPICE) (Pimenta dioica L. Merr.),Spices & Condiments,pentanal (=valeraldehyde),"Carbonyls, aldehydes",,
PIMENTO LEAF,PIMENTO (ALLSPICE) (Pimenta dioica L. Merr.),Spices & Condiments,(E)-2-hexenal (=leaf aldehyde),"Carbonyls, aldehydes",,
PIMENTO LEAF,PIMENTO (ALLSPICE) (Pimenta dioica L. Merr.),Spices & Condiments,heptanal,"Carbonyls, aldehydes",,
PIMENTO LEAF,PIMENTO (ALLSPICE) (Pimenta dioica L. Merr.),Spices & Condiments,"acetone (=2-propanone, dimethyl ketone)","Carbonyls, ketones",,
PIMENTO LEAF,PIMENTO (ALLSPICE) (Pimenta dioica L. Merr.),Spices & Condiments,"1,8-cineole (=eucalyptol)",Ethers,11200,24700
PIMENTO LEAF,PIMENTO (ALLSPICE) (Pimenta dioica L. Merr.),Spices & Condiments,4-allylphenol (=chavicol),Phenols,3000,3000
PIMENTO LEAF,PIMENTO (ALLSPICE) (Pimenta dioica L. Merr.),Spices & Condiments,"1-allyl-4-methoxybenzene (=estragole, methylchavicol)",Phenols,300,300
PIMENTO LEAF,PIMENTO (ALLSPICE) (Pimenta dioica L. Merr.),Spices & Condiments,eugenol (=4-allyl-2-methoxyphenol),Phenols,600000,834800
PIMENTO LEAF,PIMENTO (ALLSPICE) (Pimenta dioica L. Merr.),Spices & Condiments,isoeugenol (=2-methoxy-4-(1-propenyl)-phenol),Phenols,,
PIMENTO LEAF,PIMENTO (ALLSPICE) (Pimenta dioica L. Merr.),Spices & Condiments,"methyleugenol (=4-allyl-1,2-dimethoxybenzene)",Phenols,19000,19000
PIMENTO LEAF,PIMENTO (ALLSPICE) (Pimenta dioica L. Merr.),Spices & Condiments,"furfural (=2-formylfuran, 2-furancarbaldehyde, 2-furaldehyde)",Furans,,
PIMENTO LEAF,PIMENTO (ALLSPICE) (Pimenta dioica L. Merr.),Spices & Condiments,humulene epoxide I,"(Ep)oxides, pyrans, coumarins",,
PIMENTO LEAF,PIMENTO (ALLSPICE) (Pimenta dioica L. Merr.),Spices & Condiments,humulene epoxide II,"(Ep)oxides, pyrans, coumarins",,
PIMENTO LEAF,PIMENTO (ALLSPICE) (Pimenta dioica L. Merr.),Spices & Condiments,β-caryophyllene oxide,"(Ep)oxides, pyrans, coumarins",2100,18200
,SATUREJA SPECIES,Spices & Condiments,(Z)-β-ocimene,Hydrocarbons,1000,1600
,SATUREJA SPECIES,Spices & Condiments,β-myrcene (=myrcene),Hydrocarbons,4600,39000
,SATUREJA SPECIES,Spices & Condiments,α-phellandrene,Hydrocarbons,900,2100
,SATUREJA SPECIES,Spices & Condiments,α-terpinene,Hydrocarbons,8700,53000
,SATUREJA SPECIES,Spices & Condiments,γ-terpinene,Hydrocarbons,14000,489000
,SATUREJA SPECIES,Spices & Condiments,terpinolene,Hydrocarbons,400,1000
,SATUREJA SPECIES,Spices & Condiments,limonene,Hydrocarbons,2600,22000
,SATUREJA SPECIES,Spices & Condiments,β-bisabolene,Hydrocarbons,12000,17400
,SATUREJA SPECIES,Spices & Condiments,germacrene D,Hydrocarbons,3600,4200
,SATUREJA SPECIES,Spices & Condiments,α-humulene (=humulene),Hydrocarbons,trace,14200
,SATUREJA SPECIES,Spices & Condiments,α-pinene,Hydrocarbons,3000,56900
,SATUREJA SPECIES,Spices & Condiments,β-pinene,Hydrocarbons,1000,33600
,SATUREJA SPECIES,Spices & Condiments,camphene,Hydrocarbons,1000,22000
,SATUREJA SPECIES,Spices & Condiments,α-thujene,Hydrocarbons,4000,13100
,SATUREJA SPECIES,Spices & Condiments,sabinene (=4(10)-thujene),Hydrocarbons,<400,3000
,SATUREJA SPECIES,Spices & Condiments,3-carene,Hydrocarbons,<400,1000
,SATUREJA SPECIES,Spices & Condiments,γ-cadinene,Hydrocarbons,1800,3000
,SATUREJA SPECIES,Spices & Condiments,δ-cadinene,Hydrocarbons,3700,5900
,SATUREJA SPECIES,Spices & Condiments,α-muurolene,Hydrocarbons,700,700
,SATUREJA SPECIES,Spices & Condiments,γ-muurolene,Hydrocarbons,2500,4000
,SATUREJA SPECIES,Spices & Condiments,β-caryophyllene,Hydrocarbons,14000,72700
,SATUREJA SPECIES,Spices & Condiments,α-copaene (=copaene),Hydrocarbons,2100,3700
,SATUREJA SPECIES,Spices & Condiments,β-bourbonene,Hydrocarbons,2800,3700
,SATUREJA SPECIES,Spices & Condiments,aromadendrene,Hydrocarbons,1100,3000
,SATUREJA SPECIES,Spices & Condiments,β-gurjunene,Hydrocarbons,1100,1900
,SATUREJA SPECIES,Spices & Condiments,1-isopropyl-4-methylbenzene (=p-cymene),Hydrocarbons,22000,163200
,SATUREJA SPECIES,Spices & Condiments,viridiflorene (=ledene),Hydrocarbons,2500,3200
,SATUREJA SPECIES,Spices & Condiments,1-octen-3-ol,Alcohols,4600,15700
,SATUREJA SPECIES,Spices & Condiments,linalool,Alcohols,trace,8400
,SATUREJA SPECIES,Spices & Condiments,α-terpineol,Alcohols,<1000,2300
,SATUREJA SPECIES,Spices & Condiments,4-terpineol (=terpinen-4-ol),Alcohols,2000,11900
,SATUREJA SPECIES,Spices & Condiments,myrtenol,Alcohols,2000,5000
,SATUREJA SPECIES,Spices & Condiments,borneol,Alcohols,trace,19700
,SATUREJA SPECIES,Spices & Condiments,thymoquinone,"Carbonyls, ketones",<400,3300
,SATUREJA SPECIES,Spices & Condiments,β-damascenone (=(E)-β-damascenone),"Carbonyls, ketones",12000,12000
,SATUREJA SPECIES,Spices & Condiments,"carvone (=p-6,8-menthadien-2-one)","Carbonyls, ketones",<400,1000
,SATUREJA SPECIES,Spices & Condiments,camphor (=alcanfor),"Carbonyls, ketones",1000,3300
,SATUREJA SPECIES,Spices & Condiments,thujone (=α-thujone),"Carbonyls, ketones",6700,16800
,SATUREJA SPECIES,Spices & Condiments,isothujone (=β-thujone),"Carbonyls, ketones",1600,2800
,SATUREJA SPECIES,Spices & Condiments,linalyl acetate,Esters,1900,10400
,SATUREJA SPECIES,Spices & Condiments,bornyl acetate,Esters,1100,1300
,SATUREJA SPECIES,Spices & Condiments,"1,8-cineole (=eucalyptol)",Ethers,2000,6600
,SATUREJA SPECIES,Spices & Condiments,thymol (=2-isopropyl-5-methylphenol),Phenols,4400,449000
,SATUREJA SPECIES,Spices & Condiments,carvacrol (=5-isopropyl-2-methylphenol),Phenols,5000,485000
,SATUREJA SPECIES,Spices & Condiments,4-isopropyl-2-methoxy-1-methylbenzene (=methylcarvacrol),Phenols,4700,5000
,SATUREJA SPECIES,Spices & Condiments,eugenol (=4-allyl-2-methoxyphenol),Phenols,<1000,<1000
,SATUREJA SPECIES,Spices & Condiments,β-caryophyllene oxide,"(Ep)oxides, pyrans, coumarins",6000,12300
SUMMER SAVORY (Satureja hortensis L.),SATUREJA SPECIES,Spices & Condiments,β-myrcene (=myrcene),Hydrocarbons,14000,39000
SUMMER SAVORY (Satureja hortensis L.),SATUREJA SPECIES,Spices & Condiments,α-terpinene,Hydrocarbons,9000,18000
SUMMER SAVORY (Satureja hortensis L.),SATUREJA SPECIES,Spices & Condiments,γ-terpinene,Hydrocarbons,238000,446000
SUMMER SAVORY (Satureja hortensis L.),SATUREJA SPECIES,Spices & Condiments,limonene,Hydrocarbons,4000,22000
SUMMER SAVORY (Satureja hortensis L.),SATUREJA SPECIES,Spices & Condiments,β-bisabolene,Hydrocarbons,12000,12000
SUMMER SAVORY (Satureja hortensis L.),SATUREJA SPECIES,Spices & Condiments,α-humulene (=humulene),Hydrocarbons,3000,3000
SUMMER SAVORY (Satureja hortensis L.),SATUREJA SPECIES,Spices & Condiments,α-pinene,Hydrocarbons,3000,6000
SUMMER SAVORY (Satureja hortensis L.),SATUREJA SPECIES,Spices & Condiments,β-pinene,Hydrocarbons,3000,3000
SUMMER SAVORY (Satureja hortensis L.),SATUREJA SPECIES,Spices & Condiments,camphene,Hydrocarbons,<1000,22000
SUMMER SAVORY (Satureja hortensis L.),SATUREJA SPECIES,Spices & Condiments,α-thujene,Hydrocarbons,4000,4000
SUMMER SAVORY (Satureja hortensis L.),SATUREJA SPECIES,Spices & Condiments,sabinene (=4(10)-thujene),Hydrocarbons,2000,2000
SUMMER SAVORY (Satureja hortensis L.),SATUREJA SPECIES,Spices & Condiments,β-caryophyllene,Hydrocarbons,23000,23000
SUMMER SAVORY (Satureja hortensis L.),SATUREJA SPECIES,Spices & Condiments,aromadendrene,Hydrocarbons,3000,3000
SUMMER SAVORY (Satureja hortensis L.),SATUREJA SPECIES,Spices & Condiments,1-isopropyl-4-methylbenzene (=p-cymene),Hydrocarbons,22000,70000
SUMMER SAVORY (Satureja hortensis L.),SATUREJA SPECIES,Spices & Condiments,linalool,Alcohols,3000,7000
SUMMER SAVORY (Satureja hortensis L.),SATUREJA SPECIES,Spices & Condiments,α-terpineol,Alcohols,<1000,<1000
SUMMER SAVORY (Satureja hortensis L.),SATUREJA SPECIES,Spices & Condiments,4-terpineol (=terpinen-4-ol),Alcohols,4000,4000
SUMMER SAVORY (Satureja hortensis L.),SATUREJA SPECIES,Spices & Condiments,myrtenol,Alcohols,2000,5000
SUMMER SAVORY (Satureja hortensis L.),SATUREJA SPECIES,Spices & Condiments,β-damascenone (=(E)-β-damascenone),"Carbonyls, ketones",12000,12000
SUMMER SAVORY (Satureja hortensis L.),SATUREJA SPECIES,Spices & Condiments,"1,8-cineole (=eucalyptol)",Ethers,3000,3000
SUMMER SAVORY (Satureja hortensis L.),SATUREJA SPECIES,Spices & Condiments,thymol (=2-isopropyl-5-methylphenol),Phenols,6000,6000
SUMMER SAVORY (Satureja hortensis L.),SATUREJA SPECIES,Spices & Condiments,carvacrol (=5-isopropyl-2-methylphenol),Phenols,389000,485000
SUMMER SAVORY (Satureja hortensis L.),SATUREJA SPECIES,Spices & Condiments,eugenol (=4-allyl-2-methoxyphenol),Phenols,<1000,<1000
SUMMER SAVORY (Satureja hortensis L.),SATUREJA SPECIES,Spices & Condiments,β-caryophyllene oxide,"(Ep)oxides, pyrans, coumarins",6000,6000
WINTER SAVORY (Satureja montana L.),SATUREJA SPECIES,Spices & Condiments,(Z)-β-ocimene,Hydrocarbons,1000,1600
WINTER SAVORY (Satureja montana L.),SATUREJA SPECIES,Spices & Condiments,β-myrcene (=myrcene),Hydrocarbons,4600,12800
WINTER SAVORY (Satureja montana L.),SATUREJA SPECIES,Spices & Condiments,α-phellandrene,Hydrocarbons,900,2100
WINTER SAVORY (Satureja montana L.),SATUREJA SPECIES,Spices & Condiments,α-terpinene,Hydrocarbons,8700,17900
WINTER SAVORY (Satureja montana L.),SATUREJA SPECIES,Spices & Condiments,γ-terpinene,Hydrocarbons,14000,61600
WINTER SAVORY (Satureja montana L.),SATUREJA SPECIES,Spices & Condiments,terpinolene,Hydrocarbons,400,1000
WINTER SAVORY (Satureja montana L.),SATUREJA SPECIES,Spices & Condiments,limonene,Hydrocarbons,2600,3700
WINTER SAVORY (Satureja montana L.),SATUREJA SPECIES,Spices & Condiments,β-bisabolene,Hydrocarbons,13600,17400
WINTER SAVORY (Satureja montana L.),SATUREJA SPECIES,Spices & Condiments,germacrene D,Hydrocarbons,3600,4200
WINTER SAVORY (Satureja montana L.),SATUREJA SPECIES,Spices & Condiments,α-humulene (=humulene),Hydrocarbons,5600,14200
WINTER SAVORY (Satureja montana L.),SATUREJA SPECIES,Spices & Condiments,α-pinene,Hydrocarbons,3400,10700
WINTER SAVORY (Satureja montana L.),SATUREJA SPECIES,Spices & Condiments,β-pinene,Hydrocarbons,1000,2400
WINTER SAVORY (Satureja montana L.),SATUREJA SPECIES,Spices & Condiments,camphene,Hydrocarbons,1700,3600
WINTER SAVORY (Satureja montana L.),SATUREJA SPECIES,Spices & Condiments,α-thujene,Hydrocarbons,4100,13100
WINTER SAVORY (Satureja montana L.),SATUREJA SPECIES,Spices & Condiments,sabinene (=4(10)-thujene),Hydrocarbons,<400,<400
WINTER SAVORY (Satureja montana L.),SATUREJA SPECIES,Spices & Condiments,3-carene,Hydrocarbons,<400,600
WINTER SAVORY (Satureja montana L.),SATUREJA SPECIES,Spices & Condiments,γ-cadinene,Hydrocarbons,1800,3000
WINTER SAVORY (Satureja montana L.),SATUREJA SPECIES,Spices & Condiments,δ-cadinene,Hydrocarbons,3700,5900
WINTER SAVORY (Satureja montana L.),SATUREJA SPECIES,Spices & Condiments,α-muurolene,Hydrocarbons,700,700
WINTER SAVORY (Satureja montana L.),SATUREJA SPECIES,Spices & Condiments,γ-muurolene,Hydrocarbons,2500,4000
WINTER SAVORY (Satureja montana L.),SATUREJA SPECIES,Spices & Condiments,β-caryophyllene,Hydrocarbons,40600,45800
WINTER SAVORY (Satureja montana L.),SATUREJA SPECIES,Spices & Condiments,α-copaene (=copaene),Hydrocarbons,2100,3700
WINTER SAVORY (Satureja montana L.),SATUREJA SPECIES,Spices & Condiments,β-bourbonene,Hydrocarbons,2800,3700
WINTER SAVORY (Satureja montana L.),SATUREJA SPECIES,Spices & Condiments,aromadendrene,Hydrocarbons,1100,1200
WINTER SAVORY (Satureja montana L.),SATUREJA SPECIES,Spices & Condiments,β-gurjunene,Hydrocarbons,1100,1900
WINTER SAVORY (Satureja montana L.),SATUREJA SPECIES,Spices & Condiments,1-isopropyl-4-methylbenzene (=p-cymene),Hydrocarbons,110000,163200
WINTER SAVORY (Satureja montana L.),SATUREJA SPECIES,Spices & Condiments,viridiflorene (=ledene),Hydrocarbons,2500,3200
WINTER SAVORY (Satureja montana L.),SATUREJA SPECIES,Spices & Condiments,1-octen-3-ol,Alcohols,4600,15700
WINTER SAVORY (Satureja montana L.),SATUREJA SPECIES,Spices & Condiments,linalool,Alcohols,2900,8400
WINTER SAVORY (Satureja montana L.),SATUREJA SPECIES,Spices & Condiments,α-terpineol,Alcohols,1800,2300
WINTER SAVORY (Satureja montana L.),SATUREJA SPECIES,Spices & Condiments,4-terpineol (=terpinen-4-ol),Alcohols,10700,11900
WINTER SAVORY (Satureja montana L.),SATUREJA SPECIES,Spices & Condiments,borneol,Alcohols,10700,11400
WINTER SAVORY (Satureja montana L.),SATUREJA SPECIES,Spices & Condiments,thymoquinone,"Carbonyls, ketones",<400,3300
WINTER SAVORY (Satureja montana L.),SATUREJA SPECIES,Spices & Condiments,"carvone (=p-6,8-menthadien-2-one)","Carbonyls, ketones",<400,<400
WINTER SAVORY (Satureja montana L.),SATUREJA SPECIES,Spices & Condiments,camphor (=alcanfor),"Carbonyls, ketones",3100,3300
WINTER SAVORY (Satureja montana L.),SATUREJA SPECIES,Spices & Condiments,thujone (=α-thujone),"Carbonyls, ketones",6700,16800
WINTER SAVORY (Satureja montana L.),SATUREJA SPECIES,Spices & Condiments,isothujone (=β-thujone),"Carbonyls, ketones",1600,2800
WINTER SAVORY (Satureja montana L.),SATUREJA SPECIES,Spices & Condiments,linalyl acetate,Esters,1900,10400
WINTER SAVORY (Satureja montana L.),SATUREJA SPECIES,Spices & Condiments,bornyl acetate,Esters,1100,1300
WINTER SAVORY (Satureja montana L.),SATUREJA SPECIES,Spices & Condiments,"1,8-cineole (=eucalyptol)",Ethers,3000,6600
WINTER SAVORY (Satureja montana L.),SATUREJA SPECIES,Spices & Condiments,thymol (=2-isopropyl-5-methylphenol),Phenols,4400,5300
WINTER SAVORY (Satureja montana L.),SATUREJA SPECIES,Spices & Condiments,carvacrol (=5-isopropyl-2-methylphenol),Phenols,263800,412300
WINTER SAVORY (Satureja montana L.),SATUREJA SPECIES,Spices & Condiments,4-isopropyl-2-methoxy-1-methylbenzene (=methylcarvacrol),Phenols,4700,5000
WINTER SAVORY (Satureja montana L.),SATUREJA SPECIES,Spices & Condiments,β-caryophyllene oxide,"(Ep)oxides, pyrans, coumarins",8300,12300
SATUREJA THYMBRA L.,SATUREJA SPECIES,Spices & Condiments,β-myrcene (=myrcene),Hydrocarbons,16800,33000
SATUREJA THYMBRA L.,SATUREJA SPECIES,Spices & Condiments,α-terpinene,Hydrocarbons,26900,53000
SATUREJA THYMBRA L.,SATUREJA SPECIES,Spices & Condiments,γ-terpinene,Hydrocarbons,267000,489000
SATUREJA THYMBRA L.,SATUREJA SPECIES,Spices & Condiments,terpinolene,Hydrocarbons,<1000,<1000
SATUREJA THYMBRA L.,SATUREJA SPECIES,Spices & Condiments,limonene,Hydrocarbons,3000,10600
SATUREJA THYMBRA L.,SATUREJA SPECIES,Spices & Condiments,α-humulene (=humulene),Hydrocarbons,trace,1000
SATUREJA THYMBRA L.,SATUREJA SPECIES,Spices & Condiments,α-pinene,Hydrocarbons,23800,56900
SATUREJA THYMBRA L.,SATUREJA SPECIES,Spices & Condiments,β-pinene,Hydrocarbons,5000,33600
SATUREJA THYMBRA L.,SATUREJA SPECIES,Spices & Condiments,camphene,Hydrocarbons,1000,18100
SATUREJA THYMBRA L.,SATUREJA SPECIES,Spices & Condiments,sabinene (=4(10)-thujene),Hydrocarbons,<1000,3000
SATUREJA THYMBRA L.,SATUREJA SPECIES,Spices & Condiments,3-carene,Hydrocarbons,1000,1000
SATUREJA THYMBRA L.,SATUREJA SPECIES,Spices & Condiments,β-caryophyllene,Hydrocarbons,14000,72700
SATUREJA THYMBRA L.,SATUREJA SPECIES,Spices & Condiments,1-isopropyl-4-methylbenzene (=p-cymene),Hydrocarbons,87600,132000
SATUREJA THYMBRA L.,SATUREJA SPECIES,Spices & Condiments,linalool,Alcohols,trace,6000
SATUREJA THYMBRA L.,SATUREJA SPECIES,Spices & Condiments,α-terpineol,Alcohols,<1000,<1000
SATUREJA THYMBRA L.,SATUREJA SPECIES,Spices & Condiments,4-terpineol (=terpinen-4-ol),Alcohols,2000,6000
SATUREJA THYMBRA L.,SATUREJA SPECIES,Spices & Condiments,borneol,Alcohols,trace,19700
SATUREJA THYMBRA L.,SATUREJA SPECIES,Spices & Condiments,"carvone (=p-6,8-menthadien-2-one)","Carbonyls, ketones",<1000,<1000
SATUREJA THYMBRA L.,SATUREJA SPECIES,Spices & Condiments,camphor (=alcanfor),"Carbonyls, ketones",1000,1000
SATUREJA THYMBRA L.,SATUREJA SPECIES,Spices & Condiments,"1,8-cineole (=eucalyptol)",Ethers,2000,5200
SATUREJA THYMBRA L.,SATUREJA SPECIES,Spices & Condiments,thymol (=2-isopropyl-5-methylphenol),Phenols,10000,449000
SATUREJA THYMBRA L.,SATUREJA SPECIES,Spices & Condiments,carvacrol (=5-isopropyl-2-methylphenol),Phenols,5000,223000
