Product,Product Category,Product Group,Compound,Compound Group,Quantity Lower Bound,Quantity Upper Bound
SWEET GRASS OIL (Hierochloe odorata),,Spices & Condiments,limonene,Hydrocarbons,,
SWEET GRASS OIL (Hierochloe odorata),,Spices & Condiments,2-hexanol,Alcohols,,
SWEET GRASS OIL (Hierochloe odorata),,Spices & Condiments,3-hexanol,Alcohols,,
SWEET GRASS OIL (Hierochloe odorata),,Spices & Condiments,linalool,Alcohols,,
SWEET GRASS OIL (Hierochloe odorata),,Spices & Condiments,"p-cymen-8-ol (=α,α,p-trimethyl-benzyl alcohol)",Alcohols,,
SWEET GRASS OIL (Hierochloe odorata),,Spices & Condiments,"decahydro-α,α,4a,8-tetramethyldidehydro-2-naphthalenemethanol (unkn.str.)",Alcohols,,
SWEET GRASS OIL (Hierochloe odorata),,Spices & Condiments,menthol,Alcohols,,
SWEET GRASS OIL (Hierochloe odorata),,Spices & Condiments,α-terpineol,Alcohols,,
SWEET GRASS OIL (Hierochloe odorata),,Spices & Condiments,4-terpineol (=terpinen-4-ol),Alcohols,,
SWEET GRASS OIL (Hierochloe odorata),,Spices & Condiments,δ-cadinol (=torreyol),Alcohols,,
SWEET GRASS OIL (Hierochloe odorata),,Spices & Condiments,hedycaryol,Alcohols,,
SWEET GRASS OIL (Hierochloe odorata),,Spices & Condiments,guaiol,Alcohols,,
SWEET GRASS OIL (Hierochloe odorata),,Spices & Condiments,ledol,Alcohols,,
SWEET GRASS OIL (Hierochloe odorata),,Spices & Condiments,patchoulol (=patchouli alcohol),Alcohols,,
SWEET GRASS OIL (Hierochloe odorata),,Spices & Condiments,hexanal (=capronaldehyde),"Carbonyls, aldehydes",,
SWEET GRASS OIL (Hierochloe odorata),,Spices & Condiments,2-hexenal,"Carbonyls, aldehydes",,
SWEET GRASS OIL (Hierochloe odorata),,Spices & Condiments,heptanal,"Carbonyls, aldehydes",,
SWEET GRASS OIL (Hierochloe odorata),,Spices & Condiments,2-octenal,"Carbonyls, aldehydes",,
SWEET GRASS OIL (Hierochloe odorata),,Spices & Condiments,nonanal (=pelargonaldehyde),"Carbonyls, aldehydes",,
SWEET GRASS OIL (Hierochloe odorata),,Spices & Condiments,benzaldehyde,"Carbonyls, aldehydes",,
SWEET GRASS OIL (Hierochloe odorata),,Spices & Condiments,2-hydroxybenzaldehyde (=salicylaldehyde),"Carbonyls, aldehydes",,
SWEET GRASS OIL (Hierochloe odorata),,Spices & Condiments,4-methoxybenzaldehyde (=anisaldehyde),"Carbonyls, aldehydes",,
SWEET GRASS OIL (Hierochloe odorata),,Spices & Condiments,phenylacetaldehyde (=benzeneacetaldehyde),"Carbonyls, aldehydes",,
SWEET GRASS OIL (Hierochloe odorata),,Spices & Condiments,"safranal (=2,6,6-trimethyl-1,3-cyclohexadienecarbaldehyde)","Carbonyls, aldehydes",,
SWEET GRASS OIL (Hierochloe odorata),,Spices & Condiments,2-hexanone,"Carbonyls, ketones",,
SWEET GRASS OIL (Hierochloe odorata),,Spices & Condiments,3-hexanone,"Carbonyls, ketones",,
SWEET GRASS OIL (Hierochloe odorata),,Spices & Condiments,2-heptanone,"Carbonyls, ketones",,
SWEET GRASS OIL (Hierochloe odorata),,Spices & Condiments,"(E)-6,10-dimethyl-5,9-undecadien-2-one (=geranylacetone)","Carbonyls, ketones",,
SWEET GRASS OIL (Hierochloe odorata),,Spices & Condiments,"6,10,14-trimethyl-2-pentadecanone (=hexahydrofarnesylacetone)","Carbonyls, ketones",,
SWEET GRASS OIL (Hierochloe odorata),,Spices & Condiments,"6,10,14-trimethyl-5,9,13-pentadecatrien-2-one (=farnesylacetone)","Carbonyls, ketones",,
SWEET GRASS OIL (Hierochloe odorata),,Spices & Condiments,"3,5,5-trimethyl-2-cyclohexen-1-one (=isophorone)","Carbonyls, ketones",,
SWEET GRASS OIL (Hierochloe odorata),,Spices & Condiments,acetophenone (=1-phenylethanone),"Carbonyls, ketones",,
SWEET GRASS OIL (Hierochloe odorata),,Spices & Condiments,(E)-β-ionone,"Carbonyls, ketones",,
SWEET GRASS OIL (Hierochloe odorata),,Spices & Condiments,"5,6-epoxy-β-ionone (=epoxy-β-ionone)","Carbonyls, ketones",,
SWEET GRASS OIL (Hierochloe odorata),,Spices & Condiments,menthone,"Carbonyls, ketones",,
SWEET GRASS OIL (Hierochloe odorata),,Spices & Condiments,piperitone,"Carbonyls, ketones",,
SWEET GRASS OIL (Hierochloe odorata),,Spices & Condiments,pulegone,"Carbonyls, ketones",,
SWEET GRASS OIL (Hierochloe odorata),,Spices & Condiments,"carvone (=p-6,8-menthadien-2-one)","Carbonyls, ketones",,
SWEET GRASS OIL (Hierochloe odorata),,Spices & Condiments,camphor (=alcanfor),"Carbonyls, ketones",,
SWEET GRASS OIL (Hierochloe odorata),,Spices & Condiments,pinocamphone,"Carbonyls, ketones",,
SWEET GRASS OIL (Hierochloe odorata),,Spices & Condiments,eucarvone,"Carbonyls, ketones",,
SWEET GRASS OIL (Hierochloe odorata),,Spices & Condiments,dodecanoic acid (=lauric acid),Acids,,
SWEET GRASS OIL (Hierochloe odorata),,Spices & Condiments,tetradecanoic acid (=myristic acid),Acids,,
SWEET GRASS OIL (Hierochloe odorata),,Spices & Condiments,hexadecanoic acid (=palmitic acid),Acids,,
SWEET GRASS OIL (Hierochloe odorata),,Spices & Condiments,"(Z,Z)-9,12-octadecadienoic acid (=linoleic acid)",Acids,,
SWEET GRASS OIL (Hierochloe odorata),,Spices & Condiments,6-methylheptyl 2-propenoate (=isooctyl acrylate),Esters,,
SWEET GRASS OIL (Hierochloe odorata),,Spices & Condiments,ethyl dodecanoate (=ethyl laurate),Esters,,
SWEET GRASS OIL (Hierochloe odorata),,Spices & Condiments,ethyl hexadecanoate (=ethyl palmitate),Esters,,
SWEET GRASS OIL (Hierochloe odorata),,Spices & Condiments,methyl 2-hydroxybenzoate (=methyl salicylate),Esters,,
SWEET GRASS OIL (Hierochloe odorata),,Spices & Condiments,diethyl phthalate,Esters,,
SWEET GRASS OIL (Hierochloe odorata),,Spices & Condiments,diisobutyl phthalate,Esters,,
SWEET GRASS OIL (Hierochloe odorata),,Spices & Condiments,"4-hydroxynonanoic acid lactone (=4-nonanolide, γ-nonalactone)",Lactones,,
SWEET GRASS OIL (Hierochloe odorata),,Spices & Condiments,5-hydroxy-2-decenoic acid lactone,Lactones,,
SWEET GRASS OIL (Hierochloe odorata),,Spices & Condiments,dihydroactinidiolide,Lactones,,
SWEET GRASS OIL (Hierochloe odorata),,Spices & Condiments,diphenylamine (=N-phenylaniline),Bases,,
SWEET GRASS OIL (Hierochloe odorata),,Spices & Condiments,indole,Bases,,
SWEET GRASS OIL (Hierochloe odorata),,Spices & Condiments,S-decyl butanethioate,Sulfur compounds,,
SWEET GRASS OIL (Hierochloe odorata),,Spices & Condiments,benzothiazole,Sulfur compounds,,
SWEET GRASS OIL (Hierochloe odorata),,Spices & Condiments,"1,8-cineole (=eucalyptol)",Ethers,,
SWEET GRASS OIL (Hierochloe odorata),,Spices & Condiments,thymol (=2-isopropyl-5-methylphenol),Phenols,,
SWEET GRASS OIL (Hierochloe odorata),,Spices & Condiments,carvacrol (=5-isopropyl-2-methylphenol),Phenols,,
SWEET GRASS OIL (Hierochloe odorata),,Spices & Condiments,"1-allyl-4-methoxybenzene (=estragole, methylchavicol)",Phenols,,
SWEET GRASS OIL (Hierochloe odorata),,Spices & Condiments,anethole (=1-methoxy-4-(1-propenyl)benzene),Phenols,,
SWEET GRASS OIL (Hierochloe odorata),,Spices & Condiments,eugenol (=4-allyl-2-methoxyphenol),Phenols,,
SWEET GRASS OIL (Hierochloe odorata),,Spices & Condiments,"methyleugenol (=4-allyl-1,2-dimethoxybenzene)",Phenols,,
SWEET GRASS OIL (Hierochloe odorata),,Spices & Condiments,"2,3-dihydrobenzofuran (=coumaran)",Furans,,
SWEET GRASS OIL (Hierochloe odorata),,Spices & Condiments,β-caryophyllene oxide,"(Ep)oxides, pyrans, coumarins",,
SWEET GRASS OIL (Hierochloe odorata),,Spices & Condiments,"3,4-dihydrocoumarin","(Ep)oxides, pyrans, coumarins",,
SWEET GRASS OIL (Hierochloe odorata),,Spices & Condiments,coumarin (=2H-1-benzopyran-2-one),"(Ep)oxides, pyrans, coumarins",,
,ANGELICA (Angelica archangelica L.),Spices & Condiments,tetradecane,Hydrocarbons,,
,ANGELICA (Angelica archangelica L.),Spices & Condiments,hexadecane,Hydrocarbons,,
,ANGELICA (Angelica archangelica L.),Spices & Condiments,heptadecane,Hydrocarbons,,
,ANGELICA (Angelica archangelica L.),Spices & Condiments,octadecane,Hydrocarbons,,
,ANGELICA (Angelica archangelica L.),Spices & Condiments,nonadecane,Hydrocarbons,,
,ANGELICA (Angelica archangelica L.),Spices & Condiments,eicosane,Hydrocarbons,,
,ANGELICA (Angelica archangelica L.),Spices & Condiments,(Z)-β-ocimene,Hydrocarbons,1500,20000
,ANGELICA (Angelica archangelica L.),Spices & Condiments,(E)-β-ocimene,Hydrocarbons,3100,50000
,ANGELICA (Angelica archangelica L.),Spices & Condiments,β-myrcene (=myrcene),Hydrocarbons,7200,50000
,ANGELICA (Angelica archangelica L.),Spices & Condiments,β-farnesene,Hydrocarbons,1500,2100
,ANGELICA (Angelica archangelica L.),Spices & Condiments,(E)-β-farnesene,Hydrocarbons,2100,2100
,ANGELICA (Angelica archangelica L.),Spices & Condiments,α-phellandrene,Hydrocarbons,14300,200000
,ANGELICA (Angelica archangelica L.),Spices & Condiments,β-phellandrene,Hydrocarbons,49300,354400
,ANGELICA (Angelica archangelica L.),Spices & Condiments,α-terpinene,Hydrocarbons,100,5800
,ANGELICA (Angelica archangelica L.),Spices & Condiments,γ-terpinene,Hydrocarbons,500,10000
,ANGELICA (Angelica archangelica L.),Spices & Condiments,terpinolene,Hydrocarbons,400,20000
,ANGELICA (Angelica archangelica L.),Spices & Condiments,limonene,Hydrocarbons,50000,387000
,ANGELICA (Angelica archangelica L.),Spices & Condiments,(4R)-(+)-limonene,Hydrocarbons,,
,ANGELICA (Angelica archangelica L.),Spices & Condiments,(4S)-(-)-limonene,Hydrocarbons,,
,ANGELICA (Angelica archangelica L.),Spices & Condiments,β-elemene,Hydrocarbons,400,9000
,ANGELICA (Angelica archangelica L.),Spices & Condiments,β-bisabolene,Hydrocarbons,900,14000
,ANGELICA (Angelica archangelica L.),Spices & Condiments,zingiberene,Hydrocarbons,1600,1600
,ANGELICA (Angelica archangelica L.),Spices & Condiments,α-curcumene,Hydrocarbons,,
,ANGELICA (Angelica archangelica L.),Spices & Condiments,germacrene D,Hydrocarbons,2200,2200
,ANGELICA (Angelica archangelica L.),Spices & Condiments,α-humulene (=humulene),Hydrocarbons,4000,9900
,ANGELICA (Angelica archangelica L.),Spices & Condiments,α-pinene,Hydrocarbons,36900,311900
,ANGELICA (Angelica archangelica L.),Spices & Condiments,(1R)-α-pinene,Hydrocarbons,,
,ANGELICA (Angelica archangelica L.),Spices & Condiments,(1S)-α-pinene,Hydrocarbons,,
,ANGELICA (Angelica archangelica L.),Spices & Condiments,β-pinene,Hydrocarbons,2300,15200
,ANGELICA (Angelica archangelica L.),Spices & Condiments,(1R)-β-pinene,Hydrocarbons,,
,ANGELICA (Angelica archangelica L.),Spices & Condiments,(1S)-β-pinene,Hydrocarbons,,
,ANGELICA (Angelica archangelica L.),Spices & Condiments,camphene,Hydrocarbons,2500,18900
,ANGELICA (Angelica archangelica L.),Spices & Condiments,α-thujene,Hydrocarbons,1000,1000
,ANGELICA (Angelica archangelica L.),Spices & Condiments,sabinene (=4(10)-thujene),Hydrocarbons,2600,49000
,ANGELICA (Angelica archangelica L.),Spices & Condiments,3-carene,Hydrocarbons,29000,120000
,ANGELICA (Angelica archangelica L.),Spices & Condiments,γ-cadinene,Hydrocarbons,2300,2300
,ANGELICA (Angelica archangelica L.),Spices & Condiments,δ-cadinene,Hydrocarbons,2400,7400
,ANGELICA (Angelica archangelica L.),Spices & Condiments,α-muurolene,Hydrocarbons,9000,9000
,ANGELICA (Angelica archangelica L.),Spices & Condiments,β-himachalene,Hydrocarbons,,
,ANGELICA (Angelica archangelica L.),Spices & Condiments,β-caryophyllene,Hydrocarbons,33100,33100
,ANGELICA (Angelica archangelica L.),Spices & Condiments,α-copaene (=copaene),Hydrocarbons,1500,19100
,ANGELICA (Angelica archangelica L.),Spices & Condiments,(+)-α-copaene,Hydrocarbons,,
,ANGELICA (Angelica archangelica L.),Spices & Condiments,1-isopropyl-4-methylbenzene (=p-cymene),Hydrocarbons,7200,113000
,ANGELICA (Angelica archangelica L.),Spices & Condiments,cuparene,Hydrocarbons,800,1000
,ANGELICA (Angelica archangelica L.),Spices & Condiments,linalool,Alcohols,100,11700
,ANGELICA (Angelica archangelica L.),Spices & Condiments,"4-isopropylbenzyl alcohol (=cumic alcohol, p-cymen-7-ol)",Alcohols,200,200
,ANGELICA (Angelica archangelica L.),Spices & Condiments,"p-cymen-8-ol (=α,α,p-trimethyl-benzyl alcohol)",Alcohols,trace,21500
,ANGELICA (Angelica archangelica L.),Spices & Condiments,m-cymen-8-ol,Alcohols,trace,1900
,ANGELICA (Angelica archangelica L.),Spices & Condiments,cymen-8-ol (unkn.str.),Alcohols,1400,8800
,ANGELICA (Angelica archangelica L.),Spices & Condiments,"α-phellandren-8-ol (=p-1,5-menthadien-8-ol)",Alcohols,1000,4000
,ANGELICA (Angelica archangelica L.),Spices & Condiments,α-terpineol,Alcohols,11900,11900
,ANGELICA (Angelica archangelica L.),Spices & Condiments,4-terpineol (=terpinen-4-ol),Alcohols,trace,10200
,ANGELICA (Angelica archangelica L.),Spices & Condiments,cis-p-2-menthen-1-ol,Alcohols,1400,13000
,ANGELICA (Angelica archangelica L.),Spices & Condiments,trans-p-2-menthen-1-ol,Alcohols,900,24800
,ANGELICA (Angelica archangelica L.),Spices & Condiments,cis-piperitol,Alcohols,trace,7700
,ANGELICA (Angelica archangelica L.),Spices & Condiments,trans-piperitol,Alcohols,6600,6600
,ANGELICA (Angelica archangelica L.),Spices & Condiments,"trans-carveol (=trans-p-1(6),8-menthadien-2-ol)",Alcohols,1100,4400
,ANGELICA (Angelica archangelica L.),Spices & Condiments,elemol,Alcohols,trace,3400
,ANGELICA (Angelica archangelica L.),Spices & Condiments,cis-verbenol,Alcohols,500,1000
,ANGELICA (Angelica archangelica L.),Spices & Condiments,trans-verbenol,Alcohols,1900,6400
,ANGELICA (Angelica archangelica L.),Spices & Condiments,borneol,Alcohols,,
,ANGELICA (Angelica archangelica L.),Spices & Condiments,cis-sabinene hydrate (=cis-4-thujanol),Alcohols,trace,300
,ANGELICA (Angelica archangelica L.),Spices & Condiments,trans-sabinene hydrate (=trans-4-thujanol),Alcohols,100,1400
,ANGELICA (Angelica archangelica L.),Spices & Condiments,cis-α-copaen-8-ol,Alcohols,,
,ANGELICA (Angelica archangelica L.),Spices & Condiments,α-copaen-11-ol,Alcohols,500,4600
,ANGELICA (Angelica archangelica L.),Spices & Condiments,β-eudesmol,Alcohols,2100,2100
,ANGELICA (Angelica archangelica L.),Spices & Condiments,octanal (=caprylaldehyde),"Carbonyls, aldehydes",100,300
,ANGELICA (Angelica archangelica L.),Spices & Condiments,tetradecanal,"Carbonyls, aldehydes",200,200
,ANGELICA (Angelica archangelica L.),Spices & Condiments,4-isopropylbenzaldehyde (=cuminaldehyde),"Carbonyls, aldehydes",trace,200
,ANGELICA (Angelica archangelica L.),Spices & Condiments,4-isopropyl-2-cyclohexen-1-one (=cryptone),"Carbonyls, ketones",1800,18000
,ANGELICA (Angelica archangelica L.),Spices & Condiments,piperitone,"Carbonyls, ketones",2800,2800
,ANGELICA (Angelica archangelica L.),Spices & Condiments,"carvone (=p-6,8-menthadien-2-one)","Carbonyls, ketones",2000,2000
,ANGELICA (Angelica archangelica L.),Spices & Condiments,trans-carvyl acetate,Esters,100,300
,ANGELICA (Angelica archangelica L.),Spices & Condiments,cis-carvyl acetate,Esters,200,500
,ANGELICA (Angelica archangelica L.),Spices & Condiments,trans-pinocarvyl acetate,Esters,1700,1800
,ANGELICA (Angelica archangelica L.),Spices & Condiments,trans-verbenyl acetate,Esters,200,4600
,ANGELICA (Angelica archangelica L.),Spices & Condiments,bornyl acetate,Esters,6900,28500
,ANGELICA (Angelica archangelica L.),Spices & Condiments,trans-verbenyl 2-methylbutanoate,Esters,200,400
,ANGELICA (Angelica archangelica L.),Spices & Condiments,"isopentyl 3-methylbutanoate (=3-methylbutyl 3-methylbutanoate, isoamyl isovalerate)",Esters,200,200
,ANGELICA (Angelica archangelica L.),Spices & Condiments,trans-verbenyl 3-methylbutanoate,Esters,200,1700
,ANGELICA (Angelica archangelica L.),Spices & Condiments,bornyl 3-methylbutanoate,Esters,100,2300
,ANGELICA (Angelica archangelica L.),Spices & Condiments,tridecanolide (unkn.str.),Lactones,1300,8100
,ANGELICA (Angelica archangelica L.),Spices & Condiments,"15-hydroxypentadecanoic acid omega-lactone (=pentadecanolide, angelica lactone)",Lactones,1400,10800
,ANGELICA (Angelica archangelica L.),Spices & Condiments,carvacrol (=5-isopropyl-2-methylphenol),Phenols,,
,ANGELICA (Angelica archangelica L.),Spices & Condiments,"(E)-anethole (=(E)-1-methoxy-4-(1-propenyl)benzene, anise camphor)",Phenols,8900,8900
,ANGELICA (Angelica archangelica L.),Spices & Condiments,2-pentylfuran,Furans,,
,ANGELICA (Angelica archangelica L.),Spices & Condiments,"limonene 1,2-oxide","(Ep)oxides, pyrans, coumarins",15500,15500
,ANGELICA (Angelica archangelica L.),Spices & Condiments,humulene monooxide (unkn.str.),"(Ep)oxides, pyrans, coumarins",100,4100
,ANGELICA (Angelica archangelica L.),Spices & Condiments,β-caryophyllene oxide,"(Ep)oxides, pyrans, coumarins",1300,1300
ANGELICA ROOT OIL,ANGELICA (Angelica archangelica L.),Spices & Condiments,tetradecane,Hydrocarbons,,
ANGELICA ROOT OIL,ANGELICA (Angelica archangelica L.),Spices & Condiments,hexadecane,Hydrocarbons,,
ANGELICA ROOT OIL,ANGELICA (Angelica archangelica L.),Spices & Condiments,heptadecane,Hydrocarbons,,
ANGELICA ROOT OIL,ANGELICA (Angelica archangelica L.),Spices & Condiments,octadecane,Hydrocarbons,,
ANGELICA ROOT OIL,ANGELICA (Angelica archangelica L.),Spices & Condiments,nonadecane,Hydrocarbons,,
ANGELICA ROOT OIL,ANGELICA (Angelica archangelica L.),Spices & Condiments,eicosane,Hydrocarbons,,
ANGELICA ROOT OIL,ANGELICA (Angelica archangelica L.),Spices & Condiments,(Z)-β-ocimene,Hydrocarbons,1900,20000
ANGELICA ROOT OIL,ANGELICA (Angelica archangelica L.),Spices & Condiments,(E)-β-ocimene,Hydrocarbons,4000,50000
ANGELICA ROOT OIL,ANGELICA (Angelica archangelica L.),Spices & Condiments,β-myrcene (=myrcene),Hydrocarbons,7200,50000
ANGELICA ROOT OIL,ANGELICA (Angelica archangelica L.),Spices & Condiments,β-farnesene,Hydrocarbons,1500,2100
ANGELICA ROOT OIL,ANGELICA (Angelica archangelica L.),Spices & Condiments,(E)-β-farnesene,Hydrocarbons,2100,2100
ANGELICA ROOT OIL,ANGELICA (Angelica archangelica L.),Spices & Condiments,α-phellandrene,Hydrocarbons,14300,200000
ANGELICA ROOT OIL,ANGELICA (Angelica archangelica L.),Spices & Condiments,β-phellandrene,Hydrocarbons,49300,281800
ANGELICA ROOT OIL,ANGELICA (Angelica archangelica L.),Spices & Condiments,α-terpinene,Hydrocarbons,700,5800
ANGELICA ROOT OIL,ANGELICA (Angelica archangelica L.),Spices & Condiments,γ-terpinene,Hydrocarbons,1100,10000
ANGELICA ROOT OIL,ANGELICA (Angelica archangelica L.),Spices & Condiments,terpinolene,Hydrocarbons,1600,20000
ANGELICA ROOT OIL,ANGELICA (Angelica archangelica L.),Spices & Condiments,limonene,Hydrocarbons,50000,132000
ANGELICA ROOT OIL,ANGELICA (Angelica archangelica L.),Spices & Condiments,(4R)-(+)-limonene,Hydrocarbons,,
ANGELICA ROOT OIL,ANGELICA (Angelica archangelica L.),Spices & Condiments,(4S)-(-)-limonene,Hydrocarbons,,
ANGELICA ROOT OIL,ANGELICA (Angelica archangelica L.),Spices & Condiments,β-elemene,Hydrocarbons,400,9000
ANGELICA ROOT OIL,ANGELICA (Angelica archangelica L.),Spices & Condiments,β-bisabolene,Hydrocarbons,900,14000
ANGELICA ROOT OIL,ANGELICA (Angelica archangelica L.),Spices & Condiments,zingiberene,Hydrocarbons,1600,1600
ANGELICA ROOT OIL,ANGELICA (Angelica archangelica L.),Spices & Condiments,α-curcumene,Hydrocarbons,,
ANGELICA ROOT OIL,ANGELICA (Angelica archangelica L.),Spices & Condiments,germacrene D,Hydrocarbons,2200,2200
ANGELICA ROOT OIL,ANGELICA (Angelica archangelica L.),Spices & Condiments,α-humulene (=humulene),Hydrocarbons,4000,9900
ANGELICA ROOT OIL,ANGELICA (Angelica archangelica L.),Spices & Condiments,α-pinene,Hydrocarbons,36900,311900
ANGELICA ROOT OIL,ANGELICA (Angelica archangelica L.),Spices & Condiments,(1R)-α-pinene,Hydrocarbons,,
ANGELICA ROOT OIL,ANGELICA (Angelica archangelica L.),Spices & Condiments,(1S)-α-pinene,Hydrocarbons,,
ANGELICA ROOT OIL,ANGELICA (Angelica archangelica L.),Spices & Condiments,β-pinene,Hydrocarbons,2300,15200
ANGELICA ROOT OIL,ANGELICA (Angelica archangelica L.),Spices & Condiments,(1R)-β-pinene,Hydrocarbons,,
ANGELICA ROOT OIL,ANGELICA (Angelica archangelica L.),Spices & Condiments,(1S)-β-pinene,Hydrocarbons,,
ANGELICA ROOT OIL,ANGELICA (Angelica archangelica L.),Spices & Condiments,camphene,Hydrocarbons,2500,18900
ANGELICA ROOT OIL,ANGELICA (Angelica archangelica L.),Spices & Condiments,α-thujene,Hydrocarbons,1000,1000
ANGELICA ROOT OIL,ANGELICA (Angelica archangelica L.),Spices & Condiments,sabinene (=4(10)-thujene),Hydrocarbons,2600,49000
ANGELICA ROOT OIL,ANGELICA (Angelica archangelica L.),Spices & Condiments,3-carene,Hydrocarbons,29000,120000
ANGELICA ROOT OIL,ANGELICA (Angelica archangelica L.),Spices & Condiments,γ-cadinene,Hydrocarbons,2300,2300
ANGELICA ROOT OIL,ANGELICA (Angelica archangelica L.),Spices & Condiments,δ-cadinene,Hydrocarbons,2400,7400
ANGELICA ROOT OIL,ANGELICA (Angelica archangelica L.),Spices & Condiments,α-muurolene,Hydrocarbons,9000,9000
ANGELICA ROOT OIL,ANGELICA (Angelica archangelica L.),Spices & Condiments,β-himachalene,Hydrocarbons,,
ANGELICA ROOT OIL,ANGELICA (Angelica archangelica L.),Spices & Condiments,β-caryophyllene,Hydrocarbons,,
ANGELICA ROOT OIL,ANGELICA (Angelica archangelica L.),Spices & Condiments,α-copaene (=copaene),Hydrocarbons,1500,19100
ANGELICA ROOT OIL,ANGELICA (Angelica archangelica L.),Spices & Condiments,1-isopropyl-4-methylbenzene (=p-cymene),Hydrocarbons,32600,113000
ANGELICA ROOT OIL,ANGELICA (Angelica archangelica L.),Spices & Condiments,cuparene,Hydrocarbons,800,1000
ANGELICA ROOT OIL,ANGELICA (Angelica archangelica L.),Spices & Condiments,linalool,Alcohols,100,11700
ANGELICA ROOT OIL,ANGELICA (Angelica archangelica L.),Spices & Condiments,"4-isopropylbenzyl alcohol (=cumic alcohol, p-cymen-7-ol)",Alcohols,200,200
ANGELICA ROOT OIL,ANGELICA (Angelica archangelica L.),Spices & Condiments,"p-cymen-8-ol (=α,α,p-trimethyl-benzyl alcohol)",Alcohols,trace,21500
ANGELICA ROOT OIL,ANGELICA (Angelica archangelica L.),Spices & Condiments,m-cymen-8-ol,Alcohols,trace,1900
ANGELICA ROOT OIL,ANGELICA (Angelica archangelica L.),Spices & Condiments,cymen-8-ol (unkn.str.),Alcohols,1400,8800
ANGELICA ROOT OIL,ANGELICA (Angelica archangelica L.),Spices & Condiments,"α-phellandren-8-ol (=p-1,5-menthadien-8-ol)",Alcohols,1000,4000
ANGELICA ROOT OIL,ANGELICA (Angelica archangelica L.),Spices & Condiments,α-terpineol,Alcohols,11900,11900
ANGELICA ROOT OIL,ANGELICA (Angelica archangelica L.),Spices & Condiments,4-terpineol (=terpinen-4-ol),Alcohols,trace,10200
ANGELICA ROOT OIL,ANGELICA (Angelica archangelica L.),Spices & Condiments,cis-p-2-menthen-1-ol,Alcohols,1400,13000
ANGELICA ROOT OIL,ANGELICA (Angelica archangelica L.),Spices & Condiments,trans-p-2-menthen-1-ol,Alcohols,900,24800
ANGELICA ROOT OIL,ANGELICA (Angelica archangelica L.),Spices & Condiments,cis-piperitol,Alcohols,trace,7700
ANGELICA ROOT OIL,ANGELICA (Angelica archangelica L.),Spices & Condiments,trans-piperitol,Alcohols,6600,6600
ANGELICA ROOT OIL,ANGELICA (Angelica archangelica L.),Spices & Condiments,"trans-carveol (=trans-p-1(6),8-menthadien-2-ol)",Alcohols,1100,4400
ANGELICA ROOT OIL,ANGELICA (Angelica archangelica L.),Spices & Condiments,elemol,Alcohols,trace,3400
ANGELICA ROOT OIL,ANGELICA (Angelica archangelica L.),Spices & Condiments,cis-verbenol,Alcohols,500,1000
ANGELICA ROOT OIL,ANGELICA (Angelica archangelica L.),Spices & Condiments,trans-verbenol,Alcohols,1900,6400
ANGELICA ROOT OIL,ANGELICA (Angelica archangelica L.),Spices & Condiments,borneol,Alcohols,,
ANGELICA ROOT OIL,ANGELICA (Angelica archangelica L.),Spices & Condiments,cis-sabinene hydrate (=cis-4-thujanol),Alcohols,trace,300
ANGELICA ROOT OIL,ANGELICA (Angelica archangelica L.),Spices & Condiments,trans-sabinene hydrate (=trans-4-thujanol),Alcohols,100,1400
ANGELICA ROOT OIL,ANGELICA (Angelica archangelica L.),Spices & Condiments,cis-α-copaen-8-ol,Alcohols,,
ANGELICA ROOT OIL,ANGELICA (Angelica archangelica L.),Spices & Condiments,α-copaen-11-ol,Alcohols,500,4600
ANGELICA ROOT OIL,ANGELICA (Angelica archangelica L.),Spices & Condiments,β-eudesmol,Alcohols,2100,2100
ANGELICA ROOT OIL,ANGELICA (Angelica archangelica L.),Spices & Condiments,octanal (=caprylaldehyde),"Carbonyls, aldehydes",100,300
ANGELICA ROOT OIL,ANGELICA (Angelica archangelica L.),Spices & Condiments,tetradecanal,"Carbonyls, aldehydes",200,200
ANGELICA ROOT OIL,ANGELICA (Angelica archangelica L.),Spices & Condiments,4-isopropylbenzaldehyde (=cuminaldehyde),"Carbonyls, aldehydes",trace,200
ANGELICA ROOT OIL,ANGELICA (Angelica archangelica L.),Spices & Condiments,4-isopropyl-2-cyclohexen-1-one (=cryptone),"Carbonyls, ketones",1800,18000
ANGELICA ROOT OIL,ANGELICA (Angelica archangelica L.),Spices & Condiments,piperitone,"Carbonyls, ketones",2800,2800
ANGELICA ROOT OIL,ANGELICA (Angelica archangelica L.),Spices & Condiments,"carvone (=p-6,8-menthadien-2-one)","Carbonyls, ketones",2000,2000
ANGELICA ROOT OIL,ANGELICA (Angelica archangelica L.),Spices & Condiments,trans-carvyl acetate,Esters,100,300
ANGELICA ROOT OIL,ANGELICA (Angelica archangelica L.),Spices & Condiments,cis-carvyl acetate,Esters,200,500
ANGELICA ROOT OIL,ANGELICA (Angelica archangelica L.),Spices & Condiments,trans-pinocarvyl acetate,Esters,1700,1800
ANGELICA ROOT OIL,ANGELICA (Angelica archangelica L.),Spices & Condiments,trans-verbenyl acetate,Esters,200,4600
ANGELICA ROOT OIL,ANGELICA (Angelica archangelica L.),Spices & Condiments,bornyl acetate,Esters,6900,28500
ANGELICA ROOT OIL,ANGELICA (Angelica archangelica L.),Spices & Condiments,trans-verbenyl 2-methylbutanoate,Esters,200,400
ANGELICA ROOT OIL,ANGELICA (Angelica archangelica L.),Spices & Condiments,"isopentyl 3-methylbutanoate (=3-methylbutyl 3-methylbutanoate, isoamyl isovalerate)",Esters,200,200
ANGELICA ROOT OIL,ANGELICA (Angelica archangelica L.),Spices & Condiments,trans-verbenyl 3-methylbutanoate,Esters,200,1700
ANGELICA ROOT OIL,ANGELICA (Angelica archangelica L.),Spices & Condiments,bornyl 3-methylbutanoate,Esters,100,2300
ANGELICA ROOT OIL,ANGELICA (Angelica archangelica L.),Spices & Condiments,tridecanolide (unkn.str.),Lactones,1300,8100
ANGELICA ROOT OIL,ANGELICA (Angelica archangelica L.),Spices & Condiments,"15-hydroxypentadecanoic acid omega-lactone (=pentadecanolide, angelica lactone)",Lactones,1400,10800
ANGELICA ROOT OIL,ANGELICA (Angelica archangelica L.),Spices & Condiments,carvacrol (=5-isopropyl-2-methylphenol),Phenols,,
ANGELICA ROOT OIL,ANGELICA (Angelica archangelica L.),Spices & Condiments,"(E)-anethole (=(E)-1-methoxy-4-(1-propenyl)benzene, anise camphor)",Phenols,8900,8900
ANGELICA ROOT OIL,ANGELICA (Angelica archangelica L.),Spices & Condiments,2-pentylfuran,Furans,,
ANGELICA ROOT OIL,ANGELICA (Angelica archangelica L.),Spices & Condiments,"limonene 1,2-oxide","(Ep)oxides, pyrans, coumarins",15500,15500
ANGELICA ROOT OIL,ANGELICA (Angelica archangelica L.),Spices & Condiments,humulene monooxide (unkn.str.),"(Ep)oxides, pyrans, coumarins",100,4100
ANGELICA SEED OIL,ANGELICA (Angelica archangelica L.),Spices & Condiments,(Z)-β-ocimene,Hydrocarbons,1500,1500
ANGELICA SEED OIL,ANGELICA (Angelica archangelica L.),Spices & Condiments,(E)-β-ocimene,Hydrocarbons,3100,3100
ANGELICA SEED OIL,ANGELICA (Angelica archangelica L.),Spices & Condiments,β-myrcene (=myrcene),Hydrocarbons,14900,14900
ANGELICA SEED OIL,ANGELICA (Angelica archangelica L.),Spices & Condiments,α-phellandrene,Hydrocarbons,27600,27600
ANGELICA SEED OIL,ANGELICA (Angelica archangelica L.),Spices & Condiments,β-phellandrene,Hydrocarbons,354400,354400
ANGELICA SEED OIL,ANGELICA (Angelica archangelica L.),Spices & Condiments,α-terpinene,Hydrocarbons,100,100
ANGELICA SEED OIL,ANGELICA (Angelica archangelica L.),Spices & Condiments,γ-terpinene,Hydrocarbons,500,500
ANGELICA SEED OIL,ANGELICA (Angelica archangelica L.),Spices & Condiments,terpinolene,Hydrocarbons,400,400
ANGELICA SEED OIL,ANGELICA (Angelica archangelica L.),Spices & Condiments,limonene,Hydrocarbons,387000,387000
ANGELICA SEED OIL,ANGELICA (Angelica archangelica L.),Spices & Condiments,(4R)-(+)-limonene,Hydrocarbons,,
ANGELICA SEED OIL,ANGELICA (Angelica archangelica L.),Spices & Condiments,(4S)-(-)-limonene,Hydrocarbons,,
ANGELICA SEED OIL,ANGELICA (Angelica archangelica L.),Spices & Condiments,α-humulene (=humulene),Hydrocarbons,6700,6700
ANGELICA SEED OIL,ANGELICA (Angelica archangelica L.),Spices & Condiments,α-pinene,Hydrocarbons,91600,91600
ANGELICA SEED OIL,ANGELICA (Angelica archangelica L.),Spices & Condiments,(1R)-α-pinene,Hydrocarbons,,
ANGELICA SEED OIL,ANGELICA (Angelica archangelica L.),Spices & Condiments,(1S)-α-pinene,Hydrocarbons,,
ANGELICA SEED OIL,ANGELICA (Angelica archangelica L.),Spices & Condiments,β-pinene,Hydrocarbons,7200,7200
ANGELICA SEED OIL,ANGELICA (Angelica archangelica L.),Spices & Condiments,(1R)-β-pinene,Hydrocarbons,,
ANGELICA SEED OIL,ANGELICA (Angelica archangelica L.),Spices & Condiments,(1S)-β-pinene,Hydrocarbons,,
ANGELICA SEED OIL,ANGELICA (Angelica archangelica L.),Spices & Condiments,camphene,Hydrocarbons,4000,4000
ANGELICA SEED OIL,ANGELICA (Angelica archangelica L.),Spices & Condiments,sabinene (=4(10)-thujene),Hydrocarbons,3200,3200
ANGELICA SEED OIL,ANGELICA (Angelica archangelica L.),Spices & Condiments,β-caryophyllene,Hydrocarbons,33100,33100
ANGELICA SEED OIL,ANGELICA (Angelica archangelica L.),Spices & Condiments,α-copaene (=copaene),Hydrocarbons,3400,3400
ANGELICA SEED OIL,ANGELICA (Angelica archangelica L.),Spices & Condiments,(+)-α-copaene,Hydrocarbons,,
ANGELICA SEED OIL,ANGELICA (Angelica archangelica L.),Spices & Condiments,1-isopropyl-4-methylbenzene (=p-cymene),Hydrocarbons,7200,7200
ANGELICA SEED OIL,ANGELICA (Angelica archangelica L.),Spices & Condiments,β-caryophyllene oxide,"(Ep)oxides, pyrans, coumarins",1300,1300
,CAMOMILE,Spices & Condiments,octane,Hydrocarbons,,
,CAMOMILE,Spices & Condiments,1-octene,Hydrocarbons,,
,CAMOMILE,Spices & Condiments,β-ocimene,Hydrocarbons,1100,1100
,CAMOMILE,Spices & Condiments,(Z)-β-ocimene,Hydrocarbons,800,800
,CAMOMILE,Spices & Condiments,(E)-β-ocimene,Hydrocarbons,7000,7000
,CAMOMILE,Spices & Condiments,β-myrcene (=myrcene),Hydrocarbons,trace,trace
,CAMOMILE,Spices & Condiments,"(E,E)-2,6-dimethyl-1,3,5,7-octatetraene",Hydrocarbons,,
,CAMOMILE,Spices & Condiments,"(E,Z)-2,6-dimethyl-1,3,5,7-octatetraene",Hydrocarbons,,
,CAMOMILE,Spices & Condiments,β-farnesene,Hydrocarbons,15300,15300
,CAMOMILE,Spices & Condiments,(Z)-β-farnesene,Hydrocarbons,159700,159700
,CAMOMILE,Spices & Condiments,(E)-β-farnesene,Hydrocarbons,29200,29200
,CAMOMILE,Spices & Condiments,farnesene (unkn.str.),Hydrocarbons,101210,154200
,CAMOMILE,Spices & Condiments,γ-terpinene,Hydrocarbons,,
,CAMOMILE,Spices & Condiments,limonene,Hydrocarbons,trace,2000
,CAMOMILE,Spices & Condiments,β-elemene,Hydrocarbons,<500,<500
,CAMOMILE,Spices & Condiments,α-curcumene,Hydrocarbons,,
,CAMOMILE,Spices & Condiments,germacrene D,Hydrocarbons,14800,14800
,CAMOMILE,Spices & Condiments,α-humulene (=humulene),Hydrocarbons,,
,CAMOMILE,Spices & Condiments,α-pinene,Hydrocarbons,trace,21500
,CAMOMILE,Spices & Condiments,β-pinene,Hydrocarbons,2000,2000
,CAMOMILE,Spices & Condiments,camphene,Hydrocarbons,4000,7200
,CAMOMILE,Spices & Condiments,sabinene (=4(10)-thujene),Hydrocarbons,2200,2700
,CAMOMILE,Spices & Condiments,"1,5-dimethyl-6-methylene-spiro[2.4]heptane",Hydrocarbons,12200,12200
,CAMOMILE,Spices & Condiments,γ-cadinene,Hydrocarbons,7500,7500
,CAMOMILE,Spices & Condiments,"β-selinene (=4(14),11-selinadiene)",Hydrocarbons,trace,trace
,CAMOMILE,Spices & Condiments,chamazulene,Hydrocarbons,35200,233500
,CAMOMILE,Spices & Condiments,bicyclogermacrene,Hydrocarbons,6400,6400
,CAMOMILE,Spices & Condiments,β-caryophyllene,Hydrocarbons,900,1300
,CAMOMILE,Spices & Condiments,"octahydro-1,4,9,9-tetramethyl-1H,3a,7-methanoazulene (=patchoulane)",Hydrocarbons,33200,94580
,CAMOMILE,Spices & Condiments,1-isopropyl-4-methylbenzene (=p-cymene),Hydrocarbons,700,700
,CAMOMILE,Spices & Condiments,calamene,Hydrocarbons,,
,CAMOMILE,Spices & Condiments,2-methyl-1-propanol (=isobutanol),Alcohols,,
,CAMOMILE,Spices & Condiments,2-methyl-2-propen-1-ol (=β-methallyl alcohol),Alcohols,,
,CAMOMILE,Spices & Condiments,"2-buten-1-ol (=crotyl alcohol, crotonyl alcohol)",Alcohols,,
,CAMOMILE,Spices & Condiments,2-methyl-1-butanol (=active amyl alcohol),Alcohols,,
,CAMOMILE,Spices & Condiments,3-methyl-1-butanol (=isoamyl alcohol),Alcohols,,
,CAMOMILE,Spices & Condiments,(E)-2-methyl-2-buten-1-ol (=tiglic alcohol),Alcohols,,
,CAMOMILE,Spices & Condiments,1-pentanol (=amyl alcohol),Alcohols,,
,CAMOMILE,Spices & Condiments,3-methyl-1-pentanol,Alcohols,,
,CAMOMILE,Spices & Condiments,1-hexanol,Alcohols,,
,CAMOMILE,Spices & Condiments,(E)-2-hexen-1-ol,Alcohols,1000,1000
,CAMOMILE,Spices & Condiments,(Z)-3-hexen-1-ol (=leaf alcohol),Alcohols,,
,CAMOMILE,Spices & Condiments,"(-)-3,3,6-trimethyl-1,5-heptadien-4-ol",Alcohols,3900,3900
,CAMOMILE,Spices & Condiments,"(E,E)-2,6-dimethyl-3,5,7-octatrien-2-ol",Alcohols,,
,CAMOMILE,Spices & Condiments,"(E,Z)-2,6-dimethyl-3,5,7-octatrien-2-ol",Alcohols,,
,CAMOMILE,Spices & Condiments,lavandulol,Alcohols,,
,CAMOMILE,Spices & Condiments,geraniol,Alcohols,2400,2400
,CAMOMILE,Spices & Condiments,nerol,Alcohols,6500,6500
,CAMOMILE,Spices & Condiments,linalool,Alcohols,5700,5700
,CAMOMILE,Spices & Condiments,farnesol,Alcohols,19300,25000
,CAMOMILE,Spices & Condiments,(E)-farnesol,Alcohols,3200,3200
,CAMOMILE,Spices & Condiments,"(Z,E)-farnesol",Alcohols,4200,4200
,CAMOMILE,Spices & Condiments,(E)-nerolidol,Alcohols,4200,4200
,CAMOMILE,Spices & Condiments,"(E)-3,7,11,15-tetramethyl-2-hexadecen-1-ol (=phytol)",Alcohols,,
,CAMOMILE,Spices & Condiments,"3,7,11,15-tetramethyl-1-hexadecen-3-ol (=isophytol)",Alcohols,,
,CAMOMILE,Spices & Condiments,menthol,Alcohols,<500,<500
,CAMOMILE,Spices & Condiments,α-terpineol,Alcohols,900,3100
,CAMOMILE,Spices & Condiments,β-terpineol,Alcohols,1100,1100
,CAMOMILE,Spices & Condiments,1-terpineol (=p-3-menthen-1-ol),Alcohols,,
,CAMOMILE,Spices & Condiments,4-terpineol (=terpinen-4-ol),Alcohols,trace,700
,CAMOMILE,Spices & Condiments,"carveol (=p-1(6),8-menthadien-2-ol)",Alcohols,,
,CAMOMILE,Spices & Condiments,α-bisabolol,Alcohols,3500,131500
,CAMOMILE,Spices & Condiments,(-)-α-bisabolol,Alcohols,,
,CAMOMILE,Spices & Condiments,pinocarveol,Alcohols,28600,28600
,CAMOMILE,Spices & Condiments,trans-pinocarveol,Alcohols,,
,CAMOMILE,Spices & Condiments,myrtenol,Alcohols,2700,2700
,CAMOMILE,Spices & Condiments,borneol,Alcohols,,
,CAMOMILE,Spices & Condiments,isoborneol,Alcohols,1000,1000
,CAMOMILE,Spices & Condiments,cadinol-T,Alcohols,3600,3600
,CAMOMILE,Spices & Condiments,spathulenol (=(+)-spathulenol),Alcohols,6500,6500
,CAMOMILE,Spices & Condiments,2-methylbutanal (=α-methylbutanal),"Carbonyls, aldehydes",,
,CAMOMILE,Spices & Condiments,"3-methylbutanal (=isopentanal, isovaleraldehyde)","Carbonyls, aldehydes",,
,CAMOMILE,Spices & Condiments,(E)-2-methyl-2-butenal (=tiglicaldehyde),"Carbonyls, aldehydes",,
,CAMOMILE,Spices & Condiments,pentanal (=valeraldehyde),"Carbonyls, aldehydes",,
,CAMOMILE,Spices & Condiments,hexanal (=capronaldehyde),"Carbonyls, aldehydes",,
,CAMOMILE,Spices & Condiments,benzaldehyde,"Carbonyls, aldehydes",,
,CAMOMILE,Spices & Condiments,4-isopropenylbenzaldehyde (=dehydrocuminaldehyde),"Carbonyls, aldehydes",,
,CAMOMILE,Spices & Condiments,myrtenal,"Carbonyls, aldehydes",4600,4600
,CAMOMILE,Spices & Condiments,6-methyl-5-hepten-2-one,"Carbonyls, ketones",trace,700
,CAMOMILE,Spices & Condiments,"3,3,6-trimethyl-1,5-heptadien-4-one (=artemisia ketone)","Carbonyls, ketones",5100,5100
,CAMOMILE,Spices & Condiments,"6,10,14-trimethyl-2-pentadecanone (=hexahydrofarnesylacetone)","Carbonyls, ketones",1400,1400
,CAMOMILE,Spices & Condiments,β-damascenone (=(E)-β-damascenone),"Carbonyls, ketones",,
,CAMOMILE,Spices & Condiments,"(E)-1-(2,6-dimethylphenyl)-2-buten-1-one","Carbonyls, ketones",,
,CAMOMILE,Spices & Condiments,pulegone,"Carbonyls, ketones",3160,10100
,CAMOMILE,Spices & Condiments,5-isopropyl-2-propyl-2-cyclohexen-1-one,"Carbonyls, ketones",,
,CAMOMILE,Spices & Condiments,2-isobutyl-5-isopropyl-2-cyclohexen-1-one,"Carbonyls, ketones",,
,CAMOMILE,Spices & Condiments,camphor (=alcanfor),"Carbonyls, ketones",,
,CAMOMILE,Spices & Condiments,pinocamphone,"Carbonyls, ketones",1200,1200
,CAMOMILE,Spices & Condiments,pinocarvone,"Carbonyls, ketones",35900,35900
,CAMOMILE,Spices & Condiments,valeranone,"Carbonyls, ketones",,
,CAMOMILE,Spices & Condiments,acetic acid,Acids,,
,CAMOMILE,Spices & Condiments,2-methylpropanoic acid (=isobutyric acid),Acids,,
,CAMOMILE,Spices & Condiments,2-methyl-2-propenoic acid (=methacrylic acid),Acids,,
,CAMOMILE,Spices & Condiments,2-methylbutanoic acid,Acids,,
,CAMOMILE,Spices & Condiments,(Z)-2-methyl-2-butenoic acid (=angelic acid),Acids,,
,CAMOMILE,Spices & Condiments,(E)-2-methyl-2-butenoic acid (=tiglic acid),Acids,,
,CAMOMILE,Spices & Condiments,nonanoic acid (=pelargonic acid),Acids,,
,CAMOMILE,Spices & Condiments,decanoic acid (=capric acid),Acids,,
,CAMOMILE,Spices & Condiments,isobutyl acetate (=2-methylpropyl acetate),Esters,,
,CAMOMILE,Spices & Condiments,2-methyl-2-butenyl acetate,Esters,,
,CAMOMILE,Spices & Condiments,2-methyl-(E)-2-butenyl acetate (=tiglyl acetate),Esters,3300,3300
,CAMOMILE,Spices & Condiments,"isopentyl acetate (=3-methylbutyl acetate, isoamyl acetate)",Esters,3500,3500
,CAMOMILE,Spices & Condiments,hexyl acetate,Esters,,
,CAMOMILE,Spices & Condiments,(Z)-3-hexenyl acetate,Esters,trace,trace
,CAMOMILE,Spices & Condiments,geranyl acetate,Esters,1800,1800
,CAMOMILE,Spices & Condiments,lavandulyl acetate,Esters,,
,CAMOMILE,Spices & Condiments,benzyl acetate,Esters,1000,1000
,CAMOMILE,Spices & Condiments,menthyl acetate,Esters,1700,1700
,CAMOMILE,Spices & Condiments,hexyl propanoate,Esters,,
,CAMOMILE,Spices & Condiments,(Z)-3-hexenyl propanoate,Esters,,
,CAMOMILE,Spices & Condiments,propyl 2-methylpropanoate (=propyl isobutyrate),Esters,1100,1100
,CAMOMILE,Spices & Condiments,butyl 2-methylpropanoate (=butyl isobutyrate),Esters,,
,CAMOMILE,Spices & Condiments,isobutyl 2-methylpropanoate (=isobutyl isobutyrate),Esters,37000,49100
,CAMOMILE,Spices & Condiments,2-methyl-2-propenyl 2-methyl-propanoate,Esters,10400,10400
,CAMOMILE,Spices & Condiments,2-methylbutyl 2-methylpropanoate (=2-methylbutyl isobutyrate),Esters,30500,30500
,CAMOMILE,Spices & Condiments,(E)-2-methyl-2-butenyl 2-methylpropanoate (=tiglyl isobutyrate),Esters,,
,CAMOMILE,Spices & Condiments,isopentyl 2-methylpropanoate (=isoamyl isobutyrate),Esters,,
,CAMOMILE,Spices & Condiments,3-methylpentyl 2-methylpropanoate,Esters,,
,CAMOMILE,Spices & Condiments,2-methyl-2-propenyl 2-methyl-2-propenoate,Esters,3400,3400
,CAMOMILE,Spices & Condiments,isobutyl 2-methyl-2-propenoate (=isobutyl methacrylate),Esters,16200,16200
,CAMOMILE,Spices & Condiments,2-methylbutyl 2-methyl-2-propenoate,Esters,,
,CAMOMILE,Spices & Condiments,isopentyl 2-methyl-2-propenoate,Esters,9200,9200
,CAMOMILE,Spices & Condiments,(E)-2-methyl-2-butenyl 2-methyl-2-propenoate,Esters,,
,CAMOMILE,Spices & Condiments,3-methylpentyl 2-methyl-2-propenoate,Esters,,
,CAMOMILE,Spices & Condiments,"isopentyl butanoate (=3-methylbutyl butanoate, isoamyl butyrate)",Esters,26000,26000
,CAMOMILE,Spices & Condiments,propyl 2-butenoate (=propyl crotonate),Esters,,
,CAMOMILE,Spices & Condiments,isobutyl 2-butenoate (=isobutyl crotonate),Esters,,
,CAMOMILE,Spices & Condiments,ethyl 2-methylbutanoate,Esters,1700,1700
,CAMOMILE,Spices & Condiments,propyl 2-methylbutanoate,Esters,trace,trace
,CAMOMILE,Spices & Condiments,isobutyl 2-methylbutanoate (=2-methylpropyl 2-methyl-butanoate),Esters,7000,10400
,CAMOMILE,Spices & Condiments,2-methylbutyl 2-methylbutanoate,Esters,27000,27000
,CAMOMILE,Spices & Condiments,"1,1-dimethylpropyl 2-methyl-butanoate",Esters,,
,CAMOMILE,Spices & Condiments,(E)-2-methyl-2-butenyl 2-methyl-butanoate (=tiglyl 2-methylbutanoate),Esters,,
,CAMOMILE,Spices & Condiments,isopentyl 2-methylbutanoate (=3-methylbutyl 2-methyl-butanoate),Esters,1500,28000
,CAMOMILE,Spices & Condiments,ethyl 3-methylbutanoate (=ethyl isovalerate),Esters,,
,CAMOMILE,Spices & Condiments,butyl 3-methylbutanoate (=butyl isovalerate),Esters,,
,CAMOMILE,Spices & Condiments,methyl (E)-2-methyl-2-butenoate (=methyl tiglate),Esters,,
,CAMOMILE,Spices & Condiments,ethyl (Z)-2-methyl-2-butenoate (=ethyl angelate),Esters,,
,CAMOMILE,Spices & Condiments,propyl (Z)-2-methyl-2-butenoate (=propyl angelate),Esters,11000,13300
,CAMOMILE,Spices & Condiments,propyl (E)-2-methyl-2-butenoate (=propyl tiglate),Esters,,
,CAMOMILE,Spices & Condiments,isopropyl (Z)-2-methyl-2-butenoate (=isopropyl angelate),Esters,,
,CAMOMILE,Spices & Condiments,2-methyl-2-propenyl (Z)-2-methyl-2-butenoate (=2-methyl-2-propenyl angelate),Esters,87100,87100
,CAMOMILE,Spices & Condiments,2-methyl-2-propenyl (E)-2-methyl-2-butenoate (=2-methyl-2-propenyl tiglate),Esters,2200,2200
,CAMOMILE,Spices & Condiments,butyl (Z)-2-methyl-2-butenoate (=butyl angelate),Esters,7600,9000
,CAMOMILE,Spices & Condiments,butyl (E)-2-methyl-2-butenoate (=butyl tiglate),Esters,1200,1200
,CAMOMILE,Spices & Condiments,isobutyl (Z)-2-methyl-2-butenoate (=isobutyl angelate),Esters,359200,360000
,CAMOMILE,Spices & Condiments,isobutyl (E)-2-methyl-2-butenoate (=isobutyl tiglate),Esters,3400,3400
,CAMOMILE,Spices & Condiments,sec-butyl (Z)-2-methyl-2-butenoate (=sec-butyl angelate),Esters,,
,CAMOMILE,Spices & Condiments,sec-butyl (E)-2-methyl-2-butenoate (=sec-butyl tiglate),Esters,,
,CAMOMILE,Spices & Condiments,tert-butyl (Z)-2-methyl-2-butenoate (=tert-butyl angelate),Esters,74000,74000
,CAMOMILE,Spices & Condiments,2-methylbutyl (Z)-2-methyl-2-butenoate (=2-methylbutyl angelate),Esters,152900,152900
,CAMOMILE,Spices & Condiments,2-methylbutyl (E)-2-methyl-2-butenoate (=2-methylbutyl tiglate),Esters,1800,1800
,CAMOMILE,Spices & Condiments,(E)-2-methyl-2-butenyl (Z)-2-methyl-2-butenoate,Esters,7700,7700
,CAMOMILE,Spices & Condiments,pentyl (Z)-2-methyl-2-butenoate (=pentyl angelate),Esters,1200,1200
,CAMOMILE,Spices & Condiments,pentyl (E)-2-methyl-2-butenoate (=pentyl tiglate),Esters,,
,CAMOMILE,Spices & Condiments,isopentyl (Z)-2-methyl-2-butenoate (=isopentyl angelate),Esters,43400,43400
,CAMOMILE,Spices & Condiments,isopentyl (E)-2-methyl-2-butenoate (=isopentyl tiglate),Esters,4400,4400
,CAMOMILE,Spices & Condiments,3-methylpentyl (Z)-2-methyl-2-butenoate (=3-methylpentyl angelate),Esters,2500,2500
,CAMOMILE,Spices & Condiments,hexyl (Z)-2-methyl-2-butenoate (=hexyl angelate),Esters,,
,CAMOMILE,Spices & Condiments,(Z)-3-hexenyl (Z)-2-methyl-2-butenoate (=(Z)-3-hexenyl angelate),Esters,,
,CAMOMILE,Spices & Condiments,heptyl (Z)-2-methyl-2-butenoate (=heptyl angelate),Esters,,
,CAMOMILE,Spices & Condiments,octyl (Z)-2-methyl-2-butenoate (=octyl angelate),Esters,,
,CAMOMILE,Spices & Condiments,nonyl (Z)-2-methyl-2-butenoate (=nonyl angelate),Esters,,
,CAMOMILE,Spices & Condiments,benzyl (Z)-2-methyl-2-butenoate (=benzyl angelate),Esters,,
,CAMOMILE,Spices & Condiments,phenethyl (Z)-2-methyl-2-butenoate (=phenethyl angelate),Esters,,
,CAMOMILE,Spices & Condiments,geranyl (Z)-2-methyl-2-butenoate (=geranyl angelate),Esters,,
,CAMOMILE,Spices & Condiments,2-hydroxy-2-methyl-3-butenyl (Z)-2-methyl-2-butenoate (=2-hydroxy-2-methyl-3-butenyl angelate),Esters,5200,5200
,CAMOMILE,Spices & Condiments,3-hydroxy-2-methylidenebutyl (Z)-2-methyl-2-butenoate (=3-hydroxy-2-methylidenebutyl angelate),Esters,1000,1000
,CAMOMILE,Spices & Condiments,"2-methylene-1,3-propanediol (Z)-1-(2-methyl-2-butenoate) 3-(2-methylpropanoate)",Esters,,
,CAMOMILE,Spices & Condiments,"2-methyl-1,3-propanediol (Z)-1-(2-methyl-2-butenoate) 3-(2-methylpropanoate)",Esters,,
,CAMOMILE,Spices & Condiments,"1,3-butanediol (Z)-1-(2-methyl-2-butenoate) 3-(2-methylpropanoate)",Esters,,
,CAMOMILE,Spices & Condiments,butyl 3-hydroxy-2-methylidene-butanoate,Esters,,
,CAMOMILE,Spices & Condiments,isobutyl 3-hydroxy-2-methylidene-butanoate,Esters,4200,4200
,CAMOMILE,Spices & Condiments,isoamyl 3-hydroxy-2-methylidene-butanoate,Esters,2700,2700
,CAMOMILE,Spices & Condiments,3-methylpentyl pentanoate,Esters,,
,CAMOMILE,Spices & Condiments,methyl hexadecanoate (=methyl palmitate),Esters,,
,CAMOMILE,Spices & Condiments,ethyl hexadecanoate (=ethyl palmitate),Esters,,
,CAMOMILE,Spices & Condiments,methyl benzoate,Esters,,
,CAMOMILE,Spices & Condiments,hexyl benzoate,Esters,,
,CAMOMILE,Spices & Condiments,benzyl benzoate,Esters,,
,CAMOMILE,Spices & Condiments,dihydroactinidiolide,Lactones,,
,CAMOMILE,Spices & Condiments,"1,8-cineole (=eucalyptol)",Ethers,3400,3400
,CAMOMILE,Spices & Condiments,2-ethylfuran,Furans,,
,CAMOMILE,Spices & Condiments,2-pentylfuran,Furans,,
,CAMOMILE,Spices & Condiments,5-(3-furyl)-2-methyl-1-penten-3-one (=lepalone),Furans,,
,CAMOMILE,Spices & Condiments,β-caryophyllene oxide,"(Ep)oxides, pyrans, coumarins",1700,1700
,CAMOMILE,Spices & Condiments,α-bisabolol oxide A,"(Ep)oxides, pyrans, coumarins",168500,576800
,CAMOMILE,Spices & Condiments,α-bisabolol oxide B,"(Ep)oxides, pyrans, coumarins",43500,235400
,CAMOMILE,Spices & Condiments,bisabolol oxide (unkn.str.),"(Ep)oxides, pyrans, coumarins",461100,524920
,CAMOMILE,Spices & Condiments,α-bisabolone oxide A,"(Ep)oxides, pyrans, coumarins",,
,CAMOMILE,Spices & Condiments,α-bisabolone oxide (unkn.str.),"(Ep)oxides, pyrans, coumarins",52100,52100
,CAMOMILE,Spices & Condiments,bisabolone oxide (unkn.str.),"(Ep)oxides, pyrans, coumarins",41000,77600
,CAMOMILE,Spices & Condiments,"(Z)-2-(2,4-hexadiynylidene)-1,6-dioxaspiro[4.4]non-3-ene (=en-yn-dicyclo ether)","(Ep)oxides, pyrans, coumarins",47100,47100
ROMAN CAMOMILE OIL (Anthemis nobilis L.),CAMOMILE,Spices & Condiments,octane,Hydrocarbons,,
ROMAN CAMOMILE OIL (Anthemis nobilis L.),CAMOMILE,Spices & Condiments,1-octene,Hydrocarbons,,
ROMAN CAMOMILE OIL (Anthemis nobilis L.),CAMOMILE,Spices & Condiments,β-myrcene (=myrcene),Hydrocarbons,,
ROMAN CAMOMILE OIL (Anthemis nobilis L.),CAMOMILE,Spices & Condiments,β-farnesene,Hydrocarbons,,
ROMAN CAMOMILE OIL (Anthemis nobilis L.),CAMOMILE,Spices & Condiments,γ-terpinene,Hydrocarbons,,
ROMAN CAMOMILE OIL (Anthemis nobilis L.),CAMOMILE,Spices & Condiments,limonene,Hydrocarbons,2000,2000
ROMAN CAMOMILE OIL (Anthemis nobilis L.),CAMOMILE,Spices & Condiments,α-curcumene,Hydrocarbons,,
ROMAN CAMOMILE OIL (Anthemis nobilis L.),CAMOMILE,Spices & Condiments,α-pinene,Hydrocarbons,16000,21500
ROMAN CAMOMILE OIL (Anthemis nobilis L.),CAMOMILE,Spices & Condiments,β-pinene,Hydrocarbons,2000,2000
ROMAN CAMOMILE OIL (Anthemis nobilis L.),CAMOMILE,Spices & Condiments,camphene,Hydrocarbons,4000,7200
ROMAN CAMOMILE OIL (Anthemis nobilis L.),CAMOMILE,Spices & Condiments,sabinene (=4(10)-thujene),Hydrocarbons,2700,2700
ROMAN CAMOMILE OIL (Anthemis nobilis L.),CAMOMILE,Spices & Condiments,1-isopropyl-4-methylbenzene (=p-cymene),Hydrocarbons,,
ROMAN CAMOMILE OIL (Anthemis nobilis L.),CAMOMILE,Spices & Condiments,calamene,Hydrocarbons,,
ROMAN CAMOMILE OIL (Anthemis nobilis L.),CAMOMILE,Spices & Condiments,2-methyl-1-propanol (=isobutanol),Alcohols,,
ROMAN CAMOMILE OIL (Anthemis nobilis L.),CAMOMILE,Spices & Condiments,2-methyl-2-propen-1-ol (=β-methallyl alcohol),Alcohols,,
ROMAN CAMOMILE OIL (Anthemis nobilis L.),CAMOMILE,Spices & Condiments,"2-buten-1-ol (=crotyl alcohol, crotonyl alcohol)",Alcohols,,
ROMAN CAMOMILE OIL (Anthemis nobilis L.),CAMOMILE,Spices & Condiments,2-methyl-1-butanol (=active amyl alcohol),Alcohols,,
ROMAN CAMOMILE OIL (Anthemis nobilis L.),CAMOMILE,Spices & Condiments,3-methyl-1-butanol (=isoamyl alcohol),Alcohols,,
ROMAN CAMOMILE OIL (Anthemis nobilis L.),CAMOMILE,Spices & Condiments,(E)-2-methyl-2-buten-1-ol (=tiglic alcohol),Alcohols,,
ROMAN CAMOMILE OIL (Anthemis nobilis L.),CAMOMILE,Spices & Condiments,1-pentanol (=amyl alcohol),Alcohols,,
ROMAN CAMOMILE OIL (Anthemis nobilis L.),CAMOMILE,Spices & Condiments,3-methyl-1-pentanol,Alcohols,,
ROMAN CAMOMILE OIL (Anthemis nobilis L.),CAMOMILE,Spices & Condiments,1-hexanol,Alcohols,,
ROMAN CAMOMILE OIL (Anthemis nobilis L.),CAMOMILE,Spices & Condiments,linalool,Alcohols,,
ROMAN CAMOMILE OIL (Anthemis nobilis L.),CAMOMILE,Spices & Condiments,"(E)-3,7,11,15-tetramethyl-2-hexadecen-1-ol (=phytol)",Alcohols,,
ROMAN CAMOMILE OIL (Anthemis nobilis L.),CAMOMILE,Spices & Condiments,"3,7,11,15-tetramethyl-1-hexadecen-3-ol (=isophytol)",Alcohols,,
ROMAN CAMOMILE OIL (Anthemis nobilis L.),CAMOMILE,Spices & Condiments,α-terpineol,Alcohols,2100,2100
ROMAN CAMOMILE OIL (Anthemis nobilis L.),CAMOMILE,Spices & Condiments,β-terpineol,Alcohols,1100,1100
ROMAN CAMOMILE OIL (Anthemis nobilis L.),CAMOMILE,Spices & Condiments,1-terpineol (=p-3-menthen-1-ol),Alcohols,,
ROMAN CAMOMILE OIL (Anthemis nobilis L.),CAMOMILE,Spices & Condiments,4-terpineol (=terpinen-4-ol),Alcohols,,
ROMAN CAMOMILE OIL (Anthemis nobilis L.),CAMOMILE,Spices & Condiments,"carveol (=p-1(6),8-menthadien-2-ol)",Alcohols,,
ROMAN CAMOMILE OIL (Anthemis nobilis L.),CAMOMILE,Spices & Condiments,pinocarveol,Alcohols,28600,28600
ROMAN CAMOMILE OIL (Anthemis nobilis L.),CAMOMILE,Spices & Condiments,trans-pinocarveol,Alcohols,,
ROMAN CAMOMILE OIL (Anthemis nobilis L.),CAMOMILE,Spices & Condiments,myrtenol,Alcohols,2700,2700
ROMAN CAMOMILE OIL (Anthemis nobilis L.),CAMOMILE,Spices & Condiments,borneol,Alcohols,,
ROMAN CAMOMILE OIL (Anthemis nobilis L.),CAMOMILE,Spices & Condiments,2-methylbutanal (=α-methylbutanal),"Carbonyls, aldehydes",,
ROMAN CAMOMILE OIL (Anthemis nobilis L.),CAMOMILE,Spices & Condiments,"3-methylbutanal (=isopentanal, isovaleraldehyde)","Carbonyls, aldehydes",,
ROMAN CAMOMILE OIL (Anthemis nobilis L.),CAMOMILE,Spices & Condiments,(E)-2-methyl-2-butenal (=tiglicaldehyde),"Carbonyls, aldehydes",,
ROMAN CAMOMILE OIL (Anthemis nobilis L.),CAMOMILE,Spices & Condiments,pentanal (=valeraldehyde),"Carbonyls, aldehydes",,
ROMAN CAMOMILE OIL (Anthemis nobilis L.),CAMOMILE,Spices & Condiments,hexanal (=capronaldehyde),"Carbonyls, aldehydes",,
ROMAN CAMOMILE OIL (Anthemis nobilis L.),CAMOMILE,Spices & Condiments,benzaldehyde,"Carbonyls, aldehydes",,
ROMAN CAMOMILE OIL (Anthemis nobilis L.),CAMOMILE,Spices & Condiments,4-isopropenylbenzaldehyde (=dehydrocuminaldehyde),"Carbonyls, aldehydes",,
ROMAN CAMOMILE OIL (Anthemis nobilis L.),CAMOMILE,Spices & Condiments,myrtenal,"Carbonyls, aldehydes",4600,4600
ROMAN CAMOMILE OIL (Anthemis nobilis L.),CAMOMILE,Spices & Condiments,"6,10,14-trimethyl-2-pentadecanone (=hexahydrofarnesylacetone)","Carbonyls, ketones",1400,1400
ROMAN CAMOMILE OIL (Anthemis nobilis L.),CAMOMILE,Spices & Condiments,β-damascenone (=(E)-β-damascenone),"Carbonyls, ketones",,
ROMAN CAMOMILE OIL (Anthemis nobilis L.),CAMOMILE,Spices & Condiments,"(E)-1-(2,6-dimethylphenyl)-2-buten-1-one","Carbonyls, ketones",,
ROMAN CAMOMILE OIL (Anthemis nobilis L.),CAMOMILE,Spices & Condiments,5-isopropyl-2-propyl-2-cyclohexen-1-one,"Carbonyls, ketones",,
ROMAN CAMOMILE OIL (Anthemis nobilis L.),CAMOMILE,Spices & Condiments,2-isobutyl-5-isopropyl-2-cyclohexen-1-one,"Carbonyls, ketones",,
ROMAN CAMOMILE OIL (Anthemis nobilis L.),CAMOMILE,Spices & Condiments,camphor (=alcanfor),"Carbonyls, ketones",,
ROMAN CAMOMILE OIL (Anthemis nobilis L.),CAMOMILE,Spices & Condiments,pinocamphone,"Carbonyls, ketones",1200,1200
ROMAN CAMOMILE OIL (Anthemis nobilis L.),CAMOMILE,Spices & Condiments,pinocarvone,"Carbonyls, ketones",35900,35900
ROMAN CAMOMILE OIL (Anthemis nobilis L.),CAMOMILE,Spices & Condiments,valeranone,"Carbonyls, ketones",,
ROMAN CAMOMILE OIL (Anthemis nobilis L.),CAMOMILE,Spices & Condiments,acetic acid,Acids,,
ROMAN CAMOMILE OIL (Anthemis nobilis L.),CAMOMILE,Spices & Condiments,2-methylpropanoic acid (=isobutyric acid),Acids,,
ROMAN CAMOMILE OIL (Anthemis nobilis L.),CAMOMILE,Spices & Condiments,2-methyl-2-propenoic acid (=methacrylic acid),Acids,,
ROMAN CAMOMILE OIL (Anthemis nobilis L.),CAMOMILE,Spices & Condiments,2-methylbutanoic acid,Acids,,
ROMAN CAMOMILE OIL (Anthemis nobilis L.),CAMOMILE,Spices & Condiments,(Z)-2-methyl-2-butenoic acid (=angelic acid),Acids,,
ROMAN CAMOMILE OIL (Anthemis nobilis L.),CAMOMILE,Spices & Condiments,(E)-2-methyl-2-butenoic acid (=tiglic acid),Acids,,
ROMAN CAMOMILE OIL (Anthemis nobilis L.),CAMOMILE,Spices & Condiments,nonanoic acid (=pelargonic acid),Acids,,
ROMAN CAMOMILE OIL (Anthemis nobilis L.),CAMOMILE,Spices & Condiments,decanoic acid (=capric acid),Acids,,
ROMAN CAMOMILE OIL (Anthemis nobilis L.),CAMOMILE,Spices & Condiments,isobutyl acetate (=2-methylpropyl acetate),Esters,,
ROMAN CAMOMILE OIL (Anthemis nobilis L.),CAMOMILE,Spices & Condiments,2-methyl-2-butenyl acetate,Esters,,
ROMAN CAMOMILE OIL (Anthemis nobilis L.),CAMOMILE,Spices & Condiments,2-methyl-(E)-2-butenyl acetate (=tiglyl acetate),Esters,3300,3300
ROMAN CAMOMILE OIL (Anthemis nobilis L.),CAMOMILE,Spices & Condiments,"isopentyl acetate (=3-methylbutyl acetate, isoamyl acetate)",Esters,3500,3500
ROMAN CAMOMILE OIL (Anthemis nobilis L.),CAMOMILE,Spices & Condiments,hexyl acetate,Esters,,
ROMAN CAMOMILE OIL (Anthemis nobilis L.),CAMOMILE,Spices & Condiments,geranyl acetate,Esters,1800,1800
ROMAN CAMOMILE OIL (Anthemis nobilis L.),CAMOMILE,Spices & Condiments,benzyl acetate,Esters,1000,1000
ROMAN CAMOMILE OIL (Anthemis nobilis L.),CAMOMILE,Spices & Condiments,propyl 2-methylpropanoate (=propyl isobutyrate),Esters,1100,1100
ROMAN CAMOMILE OIL (Anthemis nobilis L.),CAMOMILE,Spices & Condiments,butyl 2-methylpropanoate (=butyl isobutyrate),Esters,,
ROMAN CAMOMILE OIL (Anthemis nobilis L.),CAMOMILE,Spices & Condiments,isobutyl 2-methylpropanoate (=isobutyl isobutyrate),Esters,37000,49100
ROMAN CAMOMILE OIL (Anthemis nobilis L.),CAMOMILE,Spices & Condiments,2-methyl-2-propenyl 2-methyl-propanoate,Esters,10400,10400
ROMAN CAMOMILE OIL (Anthemis nobilis L.),CAMOMILE,Spices & Condiments,2-methylbutyl 2-methylpropanoate (=2-methylbutyl isobutyrate),Esters,30500,30500
ROMAN CAMOMILE OIL (Anthemis nobilis L.),CAMOMILE,Spices & Condiments,(E)-2-methyl-2-butenyl 2-methylpropanoate (=tiglyl isobutyrate),Esters,,
ROMAN CAMOMILE OIL (Anthemis nobilis L.),CAMOMILE,Spices & Condiments,isopentyl 2-methylpropanoate (=isoamyl isobutyrate),Esters,,
ROMAN CAMOMILE OIL (Anthemis nobilis L.),CAMOMILE,Spices & Condiments,3-methylpentyl 2-methylpropanoate,Esters,,
ROMAN CAMOMILE OIL (Anthemis nobilis L.),CAMOMILE,Spices & Condiments,2-methyl-2-propenyl 2-methyl-2-propenoate,Esters,3400,3400
ROMAN CAMOMILE OIL (Anthemis nobilis L.),CAMOMILE,Spices & Condiments,isobutyl 2-methyl-2-propenoate (=isobutyl methacrylate),Esters,16200,16200
ROMAN CAMOMILE OIL (Anthemis nobilis L.),CAMOMILE,Spices & Condiments,2-methylbutyl 2-methyl-2-propenoate,Esters,,
ROMAN CAMOMILE OIL (Anthemis nobilis L.),CAMOMILE,Spices & Condiments,isopentyl 2-methyl-2-propenoate,Esters,9200,9200
ROMAN CAMOMILE OIL (Anthemis nobilis L.),CAMOMILE,Spices & Condiments,(E)-2-methyl-2-butenyl 2-methyl-2-propenoate,Esters,,
ROMAN CAMOMILE OIL (Anthemis nobilis L.),CAMOMILE,Spices & Condiments,3-methylpentyl 2-methyl-2-propenoate,Esters,,
ROMAN CAMOMILE OIL (Anthemis nobilis L.),CAMOMILE,Spices & Condiments,"isopentyl butanoate (=3-methylbutyl butanoate, isoamyl butyrate)",Esters,26000,26000
ROMAN CAMOMILE OIL (Anthemis nobilis L.),CAMOMILE,Spices & Condiments,propyl 2-butenoate (=propyl crotonate),Esters,,
ROMAN CAMOMILE OIL (Anthemis nobilis L.),CAMOMILE,Spices & Condiments,isobutyl 2-butenoate (=isobutyl crotonate),Esters,,
ROMAN CAMOMILE OIL (Anthemis nobilis L.),CAMOMILE,Spices & Condiments,isobutyl 2-methylbutanoate (=2-methylpropyl 2-methyl-butanoate),Esters,7000,10400
ROMAN CAMOMILE OIL (Anthemis nobilis L.),CAMOMILE,Spices & Condiments,2-methylbutyl 2-methylbutanoate,Esters,27000,27000
ROMAN CAMOMILE OIL (Anthemis nobilis L.),CAMOMILE,Spices & Condiments,"1,1-dimethylpropyl 2-methyl-butanoate",Esters,,
ROMAN CAMOMILE OIL (Anthemis nobilis L.),CAMOMILE,Spices & Condiments,(E)-2-methyl-2-butenyl 2-methyl-butanoate (=tiglyl 2-methylbutanoate),Esters,,
ROMAN CAMOMILE OIL (Anthemis nobilis L.),CAMOMILE,Spices & Condiments,isopentyl 2-methylbutanoate (=3-methylbutyl 2-methyl-butanoate),Esters,1500,28000
ROMAN CAMOMILE OIL (Anthemis nobilis L.),CAMOMILE,Spices & Condiments,ethyl (Z)-2-methyl-2-butenoate (=ethyl angelate),Esters,,
ROMAN CAMOMILE OIL (Anthemis nobilis L.),CAMOMILE,Spices & Condiments,propyl (Z)-2-methyl-2-butenoate (=propyl angelate),Esters,11000,13300
ROMAN CAMOMILE OIL (Anthemis nobilis L.),CAMOMILE,Spices & Condiments,propyl (E)-2-methyl-2-butenoate (=propyl tiglate),Esters,,
ROMAN CAMOMILE OIL (Anthemis nobilis L.),CAMOMILE,Spices & Condiments,isopropyl (Z)-2-methyl-2-butenoate (=isopropyl angelate),Esters,,
ROMAN CAMOMILE OIL (Anthemis nobilis L.),CAMOMILE,Spices & Condiments,2-methyl-2-propenyl (Z)-2-methyl-2-butenoate (=2-methyl-2-propenyl angelate),Esters,87100,87100
ROMAN CAMOMILE OIL (Anthemis nobilis L.),CAMOMILE,Spices & Condiments,2-methyl-2-propenyl (E)-2-methyl-2-butenoate (=2-methyl-2-propenyl tiglate),Esters,2200,2200
ROMAN CAMOMILE OIL (Anthemis nobilis L.),CAMOMILE,Spices & Condiments,butyl (Z)-2-methyl-2-butenoate (=butyl angelate),Esters,7600,9000
ROMAN CAMOMILE OIL (Anthemis nobilis L.),CAMOMILE,Spices & Condiments,butyl (E)-2-methyl-2-butenoate (=butyl tiglate),Esters,1200,1200
ROMAN CAMOMILE OIL (Anthemis nobilis L.),CAMOMILE,Spices & Condiments,isobutyl (Z)-2-methyl-2-butenoate (=isobutyl angelate),Esters,359200,360000
ROMAN CAMOMILE OIL (Anthemis nobilis L.),CAMOMILE,Spices & Condiments,isobutyl (E)-2-methyl-2-butenoate (=isobutyl tiglate),Esters,3400,3400
ROMAN CAMOMILE OIL (Anthemis nobilis L.),CAMOMILE,Spices & Condiments,sec-butyl (Z)-2-methyl-2-butenoate (=sec-butyl angelate),Esters,,
ROMAN CAMOMILE OIL (Anthemis nobilis L.),CAMOMILE,Spices & Condiments,sec-butyl (E)-2-methyl-2-butenoate (=sec-butyl tiglate),Esters,,
ROMAN CAMOMILE OIL (Anthemis nobilis L.),CAMOMILE,Spices & Condiments,tert-butyl (Z)-2-methyl-2-butenoate (=tert-butyl angelate),Esters,74000,74000
ROMAN CAMOMILE OIL (Anthemis nobilis L.),CAMOMILE,Spices & Condiments,2-methylbutyl (Z)-2-methyl-2-butenoate (=2-methylbutyl angelate),Esters,152900,152900
ROMAN CAMOMILE OIL (Anthemis nobilis L.),CAMOMILE,Spices & Condiments,2-methylbutyl (E)-2-methyl-2-butenoate (=2-methylbutyl tiglate),Esters,1800,1800
ROMAN CAMOMILE OIL (Anthemis nobilis L.),CAMOMILE,Spices & Condiments,(E)-2-methyl-2-butenyl (Z)-2-methyl-2-butenoate,Esters,7700,7700
ROMAN CAMOMILE OIL (Anthemis nobilis L.),CAMOMILE,Spices & Condiments,pentyl (Z)-2-methyl-2-butenoate (=pentyl angelate),Esters,1200,1200
ROMAN CAMOMILE OIL (Anthemis nobilis L.),CAMOMILE,Spices & Condiments,pentyl (E)-2-methyl-2-butenoate (=pentyl tiglate),Esters,,
ROMAN CAMOMILE OIL (Anthemis nobilis L.),CAMOMILE,Spices & Condiments,isopentyl (Z)-2-methyl-2-butenoate (=isopentyl angelate),Esters,43400,43400
ROMAN CAMOMILE OIL (Anthemis nobilis L.),CAMOMILE,Spices & Condiments,isopentyl (E)-2-methyl-2-butenoate (=isopentyl tiglate),Esters,4400,4400
ROMAN CAMOMILE OIL (Anthemis nobilis L.),CAMOMILE,Spices & Condiments,3-methylpentyl (Z)-2-methyl-2-butenoate (=3-methylpentyl angelate),Esters,2500,2500
ROMAN CAMOMILE OIL (Anthemis nobilis L.),CAMOMILE,Spices & Condiments,hexyl (Z)-2-methyl-2-butenoate (=hexyl angelate),Esters,,
ROMAN CAMOMILE OIL (Anthemis nobilis L.),CAMOMILE,Spices & Condiments,(Z)-3-hexenyl (Z)-2-methyl-2-butenoate (=(Z)-3-hexenyl angelate),Esters,,
ROMAN CAMOMILE OIL (Anthemis nobilis L.),CAMOMILE,Spices & Condiments,heptyl (Z)-2-methyl-2-butenoate (=heptyl angelate),Esters,,
ROMAN CAMOMILE OIL (Anthemis nobilis L.),CAMOMILE,Spices & Condiments,octyl (Z)-2-methyl-2-butenoate (=octyl angelate),Esters,,
ROMAN CAMOMILE OIL (Anthemis nobilis L.),CAMOMILE,Spices & Condiments,nonyl (Z)-2-methyl-2-butenoate (=nonyl angelate),Esters,,
ROMAN CAMOMILE OIL (Anthemis nobilis L.),CAMOMILE,Spices & Condiments,benzyl (Z)-2-methyl-2-butenoate (=benzyl angelate),Esters,,
ROMAN CAMOMILE OIL (Anthemis nobilis L.),CAMOMILE,Spices & Condiments,phenethyl (Z)-2-methyl-2-butenoate (=phenethyl angelate),Esters,,
ROMAN CAMOMILE OIL (Anthemis nobilis L.),CAMOMILE,Spices & Condiments,geranyl (Z)-2-methyl-2-butenoate (=geranyl angelate),Esters,,
ROMAN CAMOMILE OIL (Anthemis nobilis L.),CAMOMILE,Spices & Condiments,2-hydroxy-2-methyl-3-butenyl (Z)-2-methyl-2-butenoate (=2-hydroxy-2-methyl-3-butenyl angelate),Esters,5200,5200
ROMAN CAMOMILE OIL (Anthemis nobilis L.),CAMOMILE,Spices & Condiments,3-hydroxy-2-methylidenebutyl (Z)-2-methyl-2-butenoate (=3-hydroxy-2-methylidenebutyl angelate),Esters,1000,1000
ROMAN CAMOMILE OIL (Anthemis nobilis L.),CAMOMILE,Spices & Condiments,"2-methylene-1,3-propanediol (Z)-1-(2-methyl-2-butenoate) 3-(2-methylpropanoate)",Esters,,
ROMAN CAMOMILE OIL (Anthemis nobilis L.),CAMOMILE,Spices & Condiments,"2-methyl-1,3-propanediol (Z)-1-(2-methyl-2-butenoate) 3-(2-methylpropanoate)",Esters,,
ROMAN CAMOMILE OIL (Anthemis nobilis L.),CAMOMILE,Spices & Condiments,"1,3-butanediol (Z)-1-(2-methyl-2-butenoate) 3-(2-methylpropanoate)",Esters,,
ROMAN CAMOMILE OIL (Anthemis nobilis L.),CAMOMILE,Spices & Condiments,butyl 3-hydroxy-2-methylidene-butanoate,Esters,,
ROMAN CAMOMILE OIL (Anthemis nobilis L.),CAMOMILE,Spices & Condiments,isobutyl 3-hydroxy-2-methylidene-butanoate,Esters,4200,4200
ROMAN CAMOMILE OIL (Anthemis nobilis L.),CAMOMILE,Spices & Condiments,isoamyl 3-hydroxy-2-methylidene-butanoate,Esters,2700,2700
ROMAN CAMOMILE OIL (Anthemis nobilis L.),CAMOMILE,Spices & Condiments,3-methylpentyl pentanoate,Esters,,
ROMAN CAMOMILE OIL (Anthemis nobilis L.),CAMOMILE,Spices & Condiments,methyl hexadecanoate (=methyl palmitate),Esters,,
ROMAN CAMOMILE OIL (Anthemis nobilis L.),CAMOMILE,Spices & Condiments,ethyl hexadecanoate (=ethyl palmitate),Esters,,
ROMAN CAMOMILE OIL (Anthemis nobilis L.),CAMOMILE,Spices & Condiments,hexyl benzoate,Esters,,
ROMAN CAMOMILE OIL (Anthemis nobilis L.),CAMOMILE,Spices & Condiments,benzyl benzoate,Esters,,
ROMAN CAMOMILE OIL (Anthemis nobilis L.),CAMOMILE,Spices & Condiments,dihydroactinidiolide,Lactones,,
ROMAN CAMOMILE OIL (Anthemis nobilis L.),CAMOMILE,Spices & Condiments,"1,8-cineole (=eucalyptol)",Ethers,,
ROMAN CAMOMILE OIL (Anthemis nobilis L.),CAMOMILE,Spices & Condiments,2-ethylfuran,Furans,,
ROMAN CAMOMILE OIL (Anthemis nobilis L.),CAMOMILE,Spices & Condiments,2-pentylfuran,Furans,,
ROMAN CAMOMILE OIL (Anthemis nobilis L.),CAMOMILE,Spices & Condiments,5-(3-furyl)-2-methyl-1-penten-3-one (=lepalone),Furans,,
GERMAN CAMOMILE OIL (Matricaria chamomilla L.),CAMOMILE,Spices & Condiments,β-ocimene,Hydrocarbons,1100,1100
GERMAN CAMOMILE OIL (Matricaria chamomilla L.),CAMOMILE,Spices & Condiments,(Z)-β-ocimene,Hydrocarbons,800,800
GERMAN CAMOMILE OIL (Matricaria chamomilla L.),CAMOMILE,Spices & Condiments,(E)-β-ocimene,Hydrocarbons,7000,7000
GERMAN CAMOMILE OIL (Matricaria chamomilla L.),CAMOMILE,Spices & Condiments,β-myrcene (=myrcene),Hydrocarbons,trace,trace
GERMAN CAMOMILE OIL (Matricaria chamomilla L.),CAMOMILE,Spices & Condiments,"(E,E)-2,6-dimethyl-1,3,5,7-octatetraene",Hydrocarbons,,
GERMAN CAMOMILE OIL (Matricaria chamomilla L.),CAMOMILE,Spices & Condiments,"(E,Z)-2,6-dimethyl-1,3,5,7-octatetraene",Hydrocarbons,,
GERMAN CAMOMILE OIL (Matricaria chamomilla L.),CAMOMILE,Spices & Condiments,β-farnesene,Hydrocarbons,15300,15300
GERMAN CAMOMILE OIL (Matricaria chamomilla L.),CAMOMILE,Spices & Condiments,(Z)-β-farnesene,Hydrocarbons,159700,159700
GERMAN CAMOMILE OIL (Matricaria chamomilla L.),CAMOMILE,Spices & Condiments,(E)-β-farnesene,Hydrocarbons,29200,29200
GERMAN CAMOMILE OIL (Matricaria chamomilla L.),CAMOMILE,Spices & Condiments,farnesene (unkn.str.),Hydrocarbons,101210,154200
GERMAN CAMOMILE OIL (Matricaria chamomilla L.),CAMOMILE,Spices & Condiments,limonene,Hydrocarbons,trace,trace
GERMAN CAMOMILE OIL (Matricaria chamomilla L.),CAMOMILE,Spices & Condiments,β-elemene,Hydrocarbons,<500,<500
GERMAN CAMOMILE OIL (Matricaria chamomilla L.),CAMOMILE,Spices & Condiments,germacrene D,Hydrocarbons,14800,14800
GERMAN CAMOMILE OIL (Matricaria chamomilla L.),CAMOMILE,Spices & Condiments,α-humulene (=humulene),Hydrocarbons,,
GERMAN CAMOMILE OIL (Matricaria chamomilla L.),CAMOMILE,Spices & Condiments,α-pinene,Hydrocarbons,trace,trace
GERMAN CAMOMILE OIL (Matricaria chamomilla L.),CAMOMILE,Spices & Condiments,β-pinene,Hydrocarbons,,
GERMAN CAMOMILE OIL (Matricaria chamomilla L.),CAMOMILE,Spices & Condiments,sabinene (=4(10)-thujene),Hydrocarbons,2200,2200
GERMAN CAMOMILE OIL (Matricaria chamomilla L.),CAMOMILE,Spices & Condiments,"1,5-dimethyl-6-methylene-spiro[2.4]heptane",Hydrocarbons,12200,12200
GERMAN CAMOMILE OIL (Matricaria chamomilla L.),CAMOMILE,Spices & Condiments,γ-cadinene,Hydrocarbons,7500,7500
GERMAN CAMOMILE OIL (Matricaria chamomilla L.),CAMOMILE,Spices & Condiments,"β-selinene (=4(14),11-selinadiene)",Hydrocarbons,trace,trace
GERMAN CAMOMILE OIL (Matricaria chamomilla L.),CAMOMILE,Spices & Condiments,chamazulene,Hydrocarbons,35200,233500
GERMAN CAMOMILE OIL (Matricaria chamomilla L.),CAMOMILE,Spices & Condiments,bicyclogermacrene,Hydrocarbons,6400,6400
GERMAN CAMOMILE OIL (Matricaria chamomilla L.),CAMOMILE,Spices & Condiments,β-caryophyllene,Hydrocarbons,900,1300
GERMAN CAMOMILE OIL (Matricaria chamomilla L.),CAMOMILE,Spices & Condiments,"octahydro-1,4,9,9-tetramethyl-1H,3a,7-methanoazulene (=patchoulane)",Hydrocarbons,33200,94580
GERMAN CAMOMILE OIL (Matricaria chamomilla L.),CAMOMILE,Spices & Condiments,1-isopropyl-4-methylbenzene (=p-cymene),Hydrocarbons,700,700
GERMAN CAMOMILE OIL (Matricaria chamomilla L.),CAMOMILE,Spices & Condiments,(E)-2-hexen-1-ol,Alcohols,1000,1000
GERMAN CAMOMILE OIL (Matricaria chamomilla L.),CAMOMILE,Spices & Condiments,(Z)-3-hexen-1-ol (=leaf alcohol),Alcohols,,
GERMAN CAMOMILE OIL (Matricaria chamomilla L.),CAMOMILE,Spices & Condiments,"(-)-3,3,6-trimethyl-1,5-heptadien-4-ol",Alcohols,3900,3900
GERMAN CAMOMILE OIL (Matricaria chamomilla L.),CAMOMILE,Spices & Condiments,"(E,E)-2,6-dimethyl-3,5,7-octatrien-2-ol",Alcohols,,
GERMAN CAMOMILE OIL (Matricaria chamomilla L.),CAMOMILE,Spices & Condiments,"(E,Z)-2,6-dimethyl-3,5,7-octatrien-2-ol",Alcohols,,
GERMAN CAMOMILE OIL (Matricaria chamomilla L.),CAMOMILE,Spices & Condiments,lavandulol,Alcohols,,
GERMAN CAMOMILE OIL (Matricaria chamomilla L.),CAMOMILE,Spices & Condiments,geraniol,Alcohols,2400,2400
GERMAN CAMOMILE OIL (Matricaria chamomilla L.),CAMOMILE,Spices & Condiments,nerol,Alcohols,6500,6500
GERMAN CAMOMILE OIL (Matricaria chamomilla L.),CAMOMILE,Spices & Condiments,linalool,Alcohols,5700,5700
GERMAN CAMOMILE OIL (Matricaria chamomilla L.),CAMOMILE,Spices & Condiments,farnesol,Alcohols,19300,25000
GERMAN CAMOMILE OIL (Matricaria chamomilla L.),CAMOMILE,Spices & Condiments,(E)-farnesol,Alcohols,3200,3200
GERMAN CAMOMILE OIL (Matricaria chamomilla L.),CAMOMILE,Spices & Condiments,"(Z,E)-farnesol",Alcohols,4200,4200
GERMAN CAMOMILE OIL (Matricaria chamomilla L.),CAMOMILE,Spices & Condiments,(E)-nerolidol,Alcohols,4200,4200
GERMAN CAMOMILE OIL (Matricaria chamomilla L.),CAMOMILE,Spices & Condiments,menthol,Alcohols,<500,<500
GERMAN CAMOMILE OIL (Matricaria chamomilla L.),CAMOMILE,Spices & Condiments,α-terpineol,Alcohols,900,3100
GERMAN CAMOMILE OIL (Matricaria chamomilla L.),CAMOMILE,Spices & Condiments,4-terpineol (=terpinen-4-ol),Alcohols,trace,700
GERMAN CAMOMILE OIL (Matricaria chamomilla L.),CAMOMILE,Spices & Condiments,α-bisabolol,Alcohols,3500,131500
GERMAN CAMOMILE OIL (Matricaria chamomilla L.),CAMOMILE,Spices & Condiments,(-)-α-bisabolol,Alcohols,,
GERMAN CAMOMILE OIL (Matricaria chamomilla L.),CAMOMILE,Spices & Condiments,isoborneol,Alcohols,1000,1000
GERMAN CAMOMILE OIL (Matricaria chamomilla L.),CAMOMILE,Spices & Condiments,cadinol-T,Alcohols,3600,3600
GERMAN CAMOMILE OIL (Matricaria chamomilla L.),CAMOMILE,Spices & Condiments,spathulenol (=(+)-spathulenol),Alcohols,6500,6500
GERMAN CAMOMILE OIL (Matricaria chamomilla L.),CAMOMILE,Spices & Condiments,benzaldehyde,"Carbonyls, aldehydes",,
GERMAN CAMOMILE OIL (Matricaria chamomilla L.),CAMOMILE,Spices & Condiments,6-methyl-5-hepten-2-one,"Carbonyls, ketones",trace,700
GERMAN CAMOMILE OIL (Matricaria chamomilla L.),CAMOMILE,Spices & Condiments,"3,3,6-trimethyl-1,5-heptadien-4-one (=artemisia ketone)","Carbonyls, ketones",5100,5100
GERMAN CAMOMILE OIL (Matricaria chamomilla L.),CAMOMILE,Spices & Condiments,pulegone,"Carbonyls, ketones",3160,10100
GERMAN CAMOMILE OIL (Matricaria chamomilla L.),CAMOMILE,Spices & Condiments,hexyl acetate,Esters,,
GERMAN CAMOMILE OIL (Matricaria chamomilla L.),CAMOMILE,Spices & Condiments,(Z)-3-hexenyl acetate,Esters,trace,trace
GERMAN CAMOMILE OIL (Matricaria chamomilla L.),CAMOMILE,Spices & Condiments,lavandulyl acetate,Esters,,
GERMAN CAMOMILE OIL (Matricaria chamomilla L.),CAMOMILE,Spices & Condiments,menthyl acetate,Esters,1700,1700
GERMAN CAMOMILE OIL (Matricaria chamomilla L.),CAMOMILE,Spices & Condiments,hexyl propanoate,Esters,,
GERMAN CAMOMILE OIL (Matricaria chamomilla L.),CAMOMILE,Spices & Condiments,(Z)-3-hexenyl propanoate,Esters,,
GERMAN CAMOMILE OIL (Matricaria chamomilla L.),CAMOMILE,Spices & Condiments,ethyl 2-methylbutanoate,Esters,1700,1700
GERMAN CAMOMILE OIL (Matricaria chamomilla L.),CAMOMILE,Spices & Condiments,propyl 2-methylbutanoate,Esters,trace,trace
GERMAN CAMOMILE OIL (Matricaria chamomilla L.),CAMOMILE,Spices & Condiments,ethyl 3-methylbutanoate (=ethyl isovalerate),Esters,,
GERMAN CAMOMILE OIL (Matricaria chamomilla L.),CAMOMILE,Spices & Condiments,butyl 3-methylbutanoate (=butyl isovalerate),Esters,,
GERMAN CAMOMILE OIL (Matricaria chamomilla L.),CAMOMILE,Spices & Condiments,methyl (E)-2-methyl-2-butenoate (=methyl tiglate),Esters,,
GERMAN CAMOMILE OIL (Matricaria chamomilla L.),CAMOMILE,Spices & Condiments,methyl benzoate,Esters,,
GERMAN CAMOMILE OIL (Matricaria chamomilla L.),CAMOMILE,Spices & Condiments,"1,8-cineole (=eucalyptol)",Ethers,3400,3400
GERMAN CAMOMILE OIL (Matricaria chamomilla L.),CAMOMILE,Spices & Condiments,β-caryophyllene oxide,"(Ep)oxides, pyrans, coumarins",1700,1700
GERMAN CAMOMILE OIL (Matricaria chamomilla L.),CAMOMILE,Spices & Condiments,α-bisabolol oxide A,"(Ep)oxides, pyrans, coumarins",168500,576800
GERMAN CAMOMILE OIL (Matricaria chamomilla L.),CAMOMILE,Spices & Condiments,α-bisabolol oxide B,"(Ep)oxides, pyrans, coumarins",43500,235400
GERMAN CAMOMILE OIL (Matricaria chamomilla L.),CAMOMILE,Spices & Condiments,bisabolol oxide (unkn.str.),"(Ep)oxides, pyrans, coumarins",461100,524920
GERMAN CAMOMILE OIL (Matricaria chamomilla L.),CAMOMILE,Spices & Condiments,α-bisabolone oxide A,"(Ep)oxides, pyrans, coumarins",,
GERMAN CAMOMILE OIL (Matricaria chamomilla L.),CAMOMILE,Spices & Condiments,α-bisabolone oxide (unkn.str.),"(Ep)oxides, pyrans, coumarins",52100,52100
GERMAN CAMOMILE OIL (Matricaria chamomilla L.),CAMOMILE,Spices & Condiments,bisabolone oxide (unkn.str.),"(Ep)oxides, pyrans, coumarins",41000,77600
GERMAN CAMOMILE OIL (Matricaria chamomilla L.),CAMOMILE,Spices & Condiments,"(Z)-2-(2,4-hexadiynylidene)-1,6-dioxaspiro[4.4]non-3-ene (=en-yn-dicyclo ether)","(Ep)oxides, pyrans, coumarins",47100,47100
EUCALYPTUS OIL (Eucalyptus globulus Labill),,Spices & Condiments,undecane,Hydrocarbons,1100,1100
EUCALYPTUS OIL (Eucalyptus globulus Labill),,Spices & Condiments,dodecane,Hydrocarbons,700,700
EUCALYPTUS OIL (Eucalyptus globulus Labill),,Spices & Condiments,tridecane,Hydrocarbons,700,700
EUCALYPTUS OIL (Eucalyptus globulus Labill),,Spices & Condiments,tetradecane,Hydrocarbons,800,800
EUCALYPTUS OIL (Eucalyptus globulus Labill),,Spices & Condiments,pentadecane,Hydrocarbons,1400,1400
EUCALYPTUS OIL (Eucalyptus globulus Labill),,Spices & Condiments,hexadecane,Hydrocarbons,1000,1000
EUCALYPTUS OIL (Eucalyptus globulus Labill),,Spices & Condiments,heptadecane,Hydrocarbons,600,600
EUCALYPTUS OIL (Eucalyptus globulus Labill),,Spices & Condiments,octadecane,Hydrocarbons,500,500
EUCALYPTUS OIL (Eucalyptus globulus Labill),,Spices & Condiments,nonadecane,Hydrocarbons,500,500
EUCALYPTUS OIL (Eucalyptus globulus Labill),,Spices & Condiments,eicosane,Hydrocarbons,300,300
EUCALYPTUS OIL (Eucalyptus globulus Labill),,Spices & Condiments,(Z)-β-ocimene,Hydrocarbons,,
EUCALYPTUS OIL (Eucalyptus globulus Labill),,Spices & Condiments,(E)-β-ocimene,Hydrocarbons,trace,trace
EUCALYPTUS OIL (Eucalyptus globulus Labill),,Spices & Condiments,β-myrcene (=myrcene),Hydrocarbons,200,5000
EUCALYPTUS OIL (Eucalyptus globulus Labill),,Spices & Condiments,α-phellandrene,Hydrocarbons,1000,3100
EUCALYPTUS OIL (Eucalyptus globulus Labill),,Spices & Condiments,β-phellandrene,Hydrocarbons,trace,trace
EUCALYPTUS OIL (Eucalyptus globulus Labill),,Spices & Condiments,α-terpinene,Hydrocarbons,trace,trace
EUCALYPTUS OIL (Eucalyptus globulus Labill),,Spices & Condiments,γ-terpinene,Hydrocarbons,1500,4000
EUCALYPTUS OIL (Eucalyptus globulus Labill),,Spices & Condiments,terpinolene,Hydrocarbons,2000,2000
EUCALYPTUS OIL (Eucalyptus globulus Labill),,Spices & Condiments,limonene,Hydrocarbons,4300,40000
EUCALYPTUS OIL (Eucalyptus globulus Labill),,Spices & Condiments,"p-2,4(8)-menthadiene (=isoterpinolene)",Hydrocarbons,4000,4000
EUCALYPTUS OIL (Eucalyptus globulus Labill),,Spices & Condiments,p-menthatriene (unkn.str.),Hydrocarbons,,
EUCALYPTUS OIL (Eucalyptus globulus Labill),,Spices & Condiments,α-elemene,Hydrocarbons,,
EUCALYPTUS OIL (Eucalyptus globulus Labill),,Spices & Condiments,β-elemene,Hydrocarbons,,
EUCALYPTUS OIL (Eucalyptus globulus Labill),,Spices & Condiments,elemene (unkn.str.),Hydrocarbons,2000,2000
EUCALYPTUS OIL (Eucalyptus globulus Labill),,Spices & Condiments,β-bisabolene,Hydrocarbons,trace,trace
EUCALYPTUS OIL (Eucalyptus globulus Labill),,Spices & Condiments,α-humulene (=humulene),Hydrocarbons,trace,500
EUCALYPTUS OIL (Eucalyptus globulus Labill),,Spices & Condiments,β-vetivene,Hydrocarbons,,
EUCALYPTUS OIL (Eucalyptus globulus Labill),,Spices & Condiments,α-pinene,Hydrocarbons,25600,185000
EUCALYPTUS OIL (Eucalyptus globulus Labill),,Spices & Condiments,β-pinene,Hydrocarbons,500,7000
EUCALYPTUS OIL (Eucalyptus globulus Labill),,Spices & Condiments,verbenene (=pinadiene),Hydrocarbons,700,700
EUCALYPTUS OIL (Eucalyptus globulus Labill),,Spices & Condiments,camphene,Hydrocarbons,trace,1400
EUCALYPTUS OIL (Eucalyptus globulus Labill),,Spices & Condiments,α-fenchene,Hydrocarbons,400,400
EUCALYPTUS OIL (Eucalyptus globulus Labill),,Spices & Condiments,α-thujene,Hydrocarbons,trace,trace
EUCALYPTUS OIL (Eucalyptus globulus Labill),,Spices & Condiments,sabinene (=4(10)-thujene),Hydrocarbons,,
EUCALYPTUS OIL (Eucalyptus globulus Labill),,Spices & Condiments,α-cadinene,Hydrocarbons,,
EUCALYPTUS OIL (Eucalyptus globulus Labill),,Spices & Condiments,β-cadinene,Hydrocarbons,1000,1000
EUCALYPTUS OIL (Eucalyptus globulus Labill),,Spices & Condiments,γ-cadinene,Hydrocarbons,trace,trace
EUCALYPTUS OIL (Eucalyptus globulus Labill),,Spices & Condiments,δ-cadinene,Hydrocarbons,29000,29000
EUCALYPTUS OIL (Eucalyptus globulus Labill),,Spices & Condiments,α-muurolene,Hydrocarbons,trace,trace
EUCALYPTUS OIL (Eucalyptus globulus Labill),,Spices & Condiments,β-muurolene,Hydrocarbons,trace,trace
EUCALYPTUS OIL (Eucalyptus globulus Labill),,Spices & Condiments,"α-selinene (=5β,7α,10α-selina-3,11-diene)",Hydrocarbons,,
EUCALYPTUS OIL (Eucalyptus globulus Labill),,Spices & Condiments,"β-selinene (=4(14),11-selinadiene)",Hydrocarbons,,
EUCALYPTUS OIL (Eucalyptus globulus Labill),,Spices & Condiments,δ-selinene,Hydrocarbons,,
EUCALYPTUS OIL (Eucalyptus globulus Labill),,Spices & Condiments,eremophilene,Hydrocarbons,1000,1000
EUCALYPTUS OIL (Eucalyptus globulus Labill),,Spices & Condiments,α-guaiene,Hydrocarbons,trace,trace
EUCALYPTUS OIL (Eucalyptus globulus Labill),,Spices & Condiments,β-guaiene (=guaiene),Hydrocarbons,,
EUCALYPTUS OIL (Eucalyptus globulus Labill),,Spices & Condiments,δ-guaiene (=α-bulnesene),Hydrocarbons,200,200
EUCALYPTUS OIL (Eucalyptus globulus Labill),,Spices & Condiments,bulnesene (unkn.str.),Hydrocarbons,,
EUCALYPTUS OIL (Eucalyptus globulus Labill),,Spices & Condiments,β-caryophyllene,Hydrocarbons,trace,1200
EUCALYPTUS OIL (Eucalyptus globulus Labill),,Spices & Condiments,trans-caryophyllene,Hydrocarbons,,
EUCALYPTUS OIL (Eucalyptus globulus Labill),,Spices & Condiments,α-cubebene,Hydrocarbons,trace,trace
EUCALYPTUS OIL (Eucalyptus globulus Labill),,Spices & Condiments,α-copaene (=copaene),Hydrocarbons,,
EUCALYPTUS OIL (Eucalyptus globulus Labill),,Spices & Condiments,β-bourbonene,Hydrocarbons,,
EUCALYPTUS OIL (Eucalyptus globulus Labill),,Spices & Condiments,aromadendrene,Hydrocarbons,3100,22100
EUCALYPTUS OIL (Eucalyptus globulus Labill),,Spices & Condiments,alloaromadendrene,Hydrocarbons,trace,6000
EUCALYPTUS OIL (Eucalyptus globulus Labill),,Spices & Condiments,β-spathulene,Hydrocarbons,,
EUCALYPTUS OIL (Eucalyptus globulus Labill),,Spices & Condiments,α-gurjunene,Hydrocarbons,trace,400
EUCALYPTUS OIL (Eucalyptus globulus Labill),,Spices & Condiments,β-gurjunene,Hydrocarbons,1100,2000
EUCALYPTUS OIL (Eucalyptus globulus Labill),,Spices & Condiments,cyclolongifolene,Hydrocarbons,,
EUCALYPTUS OIL (Eucalyptus globulus Labill),,Spices & Condiments,1-isopropyl-4-methylbenzene (=p-cymene),Hydrocarbons,5000,27000
EUCALYPTUS OIL (Eucalyptus globulus Labill),,Spices & Condiments,"1-isopropenyl-4-methylbenzene (=α,p-dimethyl styrene, p-cymenene, dehydro-p-cymene)",Hydrocarbons,3000,3000
EUCALYPTUS OIL (Eucalyptus globulus Labill),,Spices & Condiments,viridiflorene (=ledene),Hydrocarbons,5000,5000
EUCALYPTUS OIL (Eucalyptus globulus Labill),,Spices & Condiments,1-hexen-3-ol,Alcohols,,
EUCALYPTUS OIL (Eucalyptus globulus Labill),,Spices & Condiments,geraniol,Alcohols,1700,1700
EUCALYPTUS OIL (Eucalyptus globulus Labill),,Spices & Condiments,linalool,Alcohols,trace,2000
EUCALYPTUS OIL (Eucalyptus globulus Labill),,Spices & Condiments,"4-isopropylbenzyl alcohol (=cumic alcohol, p-cymen-7-ol)",Alcohols,,
EUCALYPTUS OIL (Eucalyptus globulus Labill),,Spices & Condiments,"p-cymen-8-ol (=α,α,p-trimethyl-benzyl alcohol)",Alcohols,400,400
EUCALYPTUS OIL (Eucalyptus globulus Labill),,Spices & Condiments,α-terpineol,Alcohols,trace,trace
EUCALYPTUS OIL (Eucalyptus globulus Labill),,Spices & Condiments,β-terpineol,Alcohols,,
EUCALYPTUS OIL (Eucalyptus globulus Labill),,Spices & Condiments,δ-terpineol,Alcohols,,
EUCALYPTUS OIL (Eucalyptus globulus Labill),,Spices & Condiments,4-terpineol (=terpinen-4-ol),Alcohols,1300,4000
EUCALYPTUS OIL (Eucalyptus globulus Labill),,Spices & Condiments,cis-p-2-menthen-1-ol,Alcohols,,
EUCALYPTUS OIL (Eucalyptus globulus Labill),,Spices & Condiments,trans-p-2-menthen-1-ol,Alcohols,,
EUCALYPTUS OIL (Eucalyptus globulus Labill),,Spices & Condiments,cis-piperitol,Alcohols,,
EUCALYPTUS OIL (Eucalyptus globulus Labill),,Spices & Condiments,"trans-p-1(7),5-menthadien-2-ol",Alcohols,,
EUCALYPTUS OIL (Eucalyptus globulus Labill),,Spices & Condiments,"cis-p-1(7),5-menthadien-2-ol",Alcohols,,
EUCALYPTUS OIL (Eucalyptus globulus Labill),,Spices & Condiments,"isocarveol (=p-1(7),8-menthadien-2-ol)",Alcohols,2600,2600
EUCALYPTUS OIL (Eucalyptus globulus Labill),,Spices & Condiments,"carveol (=p-1(6),8-menthadien-2-ol)",Alcohols,800,800
EUCALYPTUS OIL (Eucalyptus globulus Labill),,Spices & Condiments,"trans-carveol (=trans-p-1(6),8-menthadien-2-ol)",Alcohols,,
EUCALYPTUS OIL (Eucalyptus globulus Labill),,Spices & Condiments,"p-1,5-menthadien-7-ol",Alcohols,,
EUCALYPTUS OIL (Eucalyptus globulus Labill),,Spices & Condiments,menthadienol (unkn.str.),Alcohols,1500,1500
EUCALYPTUS OIL (Eucalyptus globulus Labill),,Spices & Condiments,α-bisabolol,Alcohols,4000,4000
EUCALYPTUS OIL (Eucalyptus globulus Labill),,Spices & Condiments,trans-pinocarveol,Alcohols,16000,26400
EUCALYPTUS OIL (Eucalyptus globulus Labill),,Spices & Condiments,verbenol,Alcohols,400,400
EUCALYPTUS OIL (Eucalyptus globulus Labill),,Spices & Condiments,myrtenol,Alcohols,400,400
EUCALYPTUS OIL (Eucalyptus globulus Labill),,Spices & Condiments,borneol,Alcohols,trace,3000
EUCALYPTUS OIL (Eucalyptus globulus Labill),,Spices & Condiments,isoborneol,Alcohols,2000,2000
EUCALYPTUS OIL (Eucalyptus globulus Labill),,Spices & Condiments,fenchol (=fenchyl alcohol),Alcohols,1000,1000
EUCALYPTUS OIL (Eucalyptus globulus Labill),,Spices & Condiments,β-fenchol (=isofenchyl alcohol),Alcohols,trace,trace
EUCALYPTUS OIL (Eucalyptus globulus Labill),,Spices & Condiments,α-cadinol,Alcohols,,
EUCALYPTUS OIL (Eucalyptus globulus Labill),,Spices & Condiments,cadinol-T,Alcohols,,
EUCALYPTUS OIL (Eucalyptus globulus Labill),,Spices & Condiments,muurolol-T,Alcohols,,
EUCALYPTUS OIL (Eucalyptus globulus Labill),,Spices & Condiments,5-epineointermedeol,Alcohols,,
EUCALYPTUS OIL (Eucalyptus globulus Labill),,Spices & Condiments,β-eudesmol,Alcohols,800,3000
EUCALYPTUS OIL (Eucalyptus globulus Labill),,Spices & Condiments,γ-eudesmol,Alcohols,2000,2000
EUCALYPTUS OIL (Eucalyptus globulus Labill),,Spices & Condiments,eudesmol (unkn.str.),Alcohols,,
EUCALYPTUS OIL (Eucalyptus globulus Labill),,Spices & Condiments,guaiol,Alcohols,3000,3000
EUCALYPTUS OIL (Eucalyptus globulus Labill),,Spices & Condiments,bulnesol,Alcohols,trace,trace
EUCALYPTUS OIL (Eucalyptus globulus Labill),,Spices & Condiments,ledol,Alcohols,trace,2000
EUCALYPTUS OIL (Eucalyptus globulus Labill),,Spices & Condiments,viridiflorol,Alcohols,,
EUCALYPTUS OIL (Eucalyptus globulus Labill),,Spices & Condiments,globulol,Alcohols,4700,20000
EUCALYPTUS OIL (Eucalyptus globulus Labill),,Spices & Condiments,epiglobulol,Alcohols,1500,1500
EUCALYPTUS OIL (Eucalyptus globulus Labill),,Spices & Condiments,spathulenol (=(+)-spathulenol),Alcohols,trace,trace
EUCALYPTUS OIL (Eucalyptus globulus Labill),,Spices & Condiments,isospathulenol,Alcohols,,
EUCALYPTUS OIL (Eucalyptus globulus Labill),,Spices & Condiments,palustrol (ledum),Alcohols,,
EUCALYPTUS OIL (Eucalyptus globulus Labill),,Spices & Condiments,"3-methylbutanal (=isopentanal, isovaleraldehyde)","Carbonyls, aldehydes",1000,1500
EUCALYPTUS OIL (Eucalyptus globulus Labill),,Spices & Condiments,4-isopropylbenzaldehyde (=cuminaldehyde),"Carbonyls, aldehydes",,
EUCALYPTUS OIL (Eucalyptus globulus Labill),,Spices & Condiments,phellandral,"Carbonyls, aldehydes",,
EUCALYPTUS OIL (Eucalyptus globulus Labill),,Spices & Condiments,"(2,2,3-trimethyl-3-cyclopentenyl)-acetaldehyde (=α-campholene aldehyde)","Carbonyls, aldehydes",600,600
EUCALYPTUS OIL (Eucalyptus globulus Labill),,Spices & Condiments,myrtenal,"Carbonyls, aldehydes",700,700
EUCALYPTUS OIL (Eucalyptus globulus Labill),,Spices & Condiments,1-acetyl-4-isopropylcyclopentene,"Carbonyls, ketones",1200,1200
EUCALYPTUS OIL (Eucalyptus globulus Labill),,Spices & Condiments,4-isopropyl-2-cyclohexen-1-one (=cryptone),"Carbonyls, ketones",,
EUCALYPTUS OIL (Eucalyptus globulus Labill),,Spices & Condiments,piperitone,"Carbonyls, ketones",1000,1000
EUCALYPTUS OIL (Eucalyptus globulus Labill),,Spices & Condiments,"carvone (=p-6,8-menthadien-2-one)","Carbonyls, ketones",800,800
EUCALYPTUS OIL (Eucalyptus globulus Labill),,Spices & Condiments,carvenone (=p-3-menthen-2-one),"Carbonyls, ketones",,
EUCALYPTUS OIL (Eucalyptus globulus Labill),,Spices & Condiments,camphor (=alcanfor),"Carbonyls, ketones",,
EUCALYPTUS OIL (Eucalyptus globulus Labill),,Spices & Condiments,isopinocamphone,"Carbonyls, ketones",100,100
EUCALYPTUS OIL (Eucalyptus globulus Labill),,Spices & Condiments,sabina ketone,"Carbonyls, ketones",,
EUCALYPTUS OIL (Eucalyptus globulus Labill),,Spices & Condiments,pinocarvone,"Carbonyls, ketones",10200,10200
EUCALYPTUS OIL (Eucalyptus globulus Labill),,Spices & Condiments,verbenone (=2-pinen-4-one),"Carbonyls, ketones",400,1000
EUCALYPTUS OIL (Eucalyptus globulus Labill),,Spices & Condiments,geranyl acetate,Esters,13000,13000
EUCALYPTUS OIL (Eucalyptus globulus Labill),,Spices & Condiments,neryl acetate,Esters,8000,8000
EUCALYPTUS OIL (Eucalyptus globulus Labill),,Spices & Condiments,phenethyl acetate,Esters,trace,trace
EUCALYPTUS OIL (Eucalyptus globulus Labill),,Spices & Condiments,"1,8-epoxy-p-menthyl acetate",Esters,800,800
EUCALYPTUS OIL (Eucalyptus globulus Labill),,Spices & Condiments,α-terpinyl acetate,Esters,8800,27000
EUCALYPTUS OIL (Eucalyptus globulus Labill),,Spices & Condiments,"isopentyl 3-methylbutanoate (=3-methylbutyl 3-methylbutanoate, isoamyl isovalerate)",Esters,trace,200
EUCALYPTUS OIL (Eucalyptus globulus Labill),,Spices & Condiments,phenethyl 3-methylbutanoate (=phenethyl isovalerate),Esters,trace,1200
EUCALYPTUS OIL (Eucalyptus globulus Labill),,Spices & Condiments,benzyl ethyl ether,Ethers,,
EUCALYPTUS OIL (Eucalyptus globulus Labill),,Spices & Condiments,"1,8-cineole (=eucalyptol)",Ethers,625000,865700
EUCALYPTUS OIL (Eucalyptus globulus Labill),,Spices & Condiments,thymol (=2-isopropyl-5-methylphenol),Phenols,trace,trace
EUCALYPTUS OIL (Eucalyptus globulus Labill),,Spices & Condiments,"methyleugenol (=4-allyl-1,2-dimethoxybenzene)",Phenols,,
EUCALYPTUS OIL (Eucalyptus globulus Labill),,Spices & Condiments,trans-β-caryophyllene oxide,"(Ep)oxides, pyrans, coumarins",,
EUCALYPTUS OIL (Eucalyptus globulus Labill),,Spices & Condiments,cis-linalool oxide (unkn.str.),"(Ep)oxides, pyrans, coumarins",,
EUCALYPTUS OIL (Eucalyptus globulus Labill),,Spices & Condiments,trans-linalool oxide (unkn.str.),"(Ep)oxides, pyrans, coumarins",,
,LEMON GRASS OIL,Spices & Condiments,"3,7-dimethyl-1-octene",Hydrocarbons,,
,LEMON GRASS OIL,Spices & Condiments,(Z)-β-ocimene,Hydrocarbons,600,2100
,LEMON GRASS OIL,Spices & Condiments,(E)-β-ocimene,Hydrocarbons,700,1500
,LEMON GRASS OIL,Spices & Condiments,β-myrcene (=myrcene),Hydrocarbons,4600,191000
,LEMON GRASS OIL,Spices & Condiments,α-phellandrene,Hydrocarbons,,
,LEMON GRASS OIL,Spices & Condiments,terpinolene,Hydrocarbons,500,500
,LEMON GRASS OIL,Spices & Condiments,limonene,Hydrocarbons,trace,24200
,LEMON GRASS OIL,Spices & Condiments,β-bisabolene,Hydrocarbons,,
,LEMON GRASS OIL,Spices & Condiments,α-curcumene,Hydrocarbons,,
,LEMON GRASS OIL,Spices & Condiments,α-humulene (=humulene),Hydrocarbons,,
,LEMON GRASS OIL,Spices & Condiments,α-pinene,Hydrocarbons,trace,13000
,LEMON GRASS OIL,Spices & Condiments,β-pinene,Hydrocarbons,15000,15000
,LEMON GRASS OIL,Spices & Condiments,camphene,Hydrocarbons,9000,9000
,LEMON GRASS OIL,Spices & Condiments,α-fenchene,Hydrocarbons,,
,LEMON GRASS OIL,Spices & Condiments,α-thujene,Hydrocarbons,trace,300
,LEMON GRASS OIL,Spices & Condiments,sabinene (=4(10)-thujene),Hydrocarbons,,
,LEMON GRASS OIL,Spices & Condiments,3-carene,Hydrocarbons,,
,LEMON GRASS OIL,Spices & Condiments,α-bergamotene,Hydrocarbons,,
,LEMON GRASS OIL,Spices & Condiments,γ-cadinene,Hydrocarbons,,
,LEMON GRASS OIL,Spices & Condiments,δ-cadinene,Hydrocarbons,,
,LEMON GRASS OIL,Spices & Condiments,γ-muurolene,Hydrocarbons,,
,LEMON GRASS OIL,Spices & Condiments,β-caryophyllene,Hydrocarbons,3200,3200
,LEMON GRASS OIL,Spices & Condiments,trans-caryophyllene,Hydrocarbons,,
,LEMON GRASS OIL,Spices & Condiments,1-isopropyl-4-methylbenzene (=p-cymene),Hydrocarbons,,
,LEMON GRASS OIL,Spices & Condiments,citronellol,Alcohols,800,4400
,LEMON GRASS OIL,Spices & Condiments,"3,7-dimethyl-7-octen-1-ol",Alcohols,,
,LEMON GRASS OIL,Spices & Condiments,geraniol,Alcohols,4600,38000
,LEMON GRASS OIL,Spices & Condiments,nerol,Alcohols,2400,3900
,LEMON GRASS OIL,Spices & Condiments,linalool,Alcohols,4000,13400
,LEMON GRASS OIL,Spices & Condiments,farnesol,Alcohols,24000,24000
,LEMON GRASS OIL,Spices & Condiments,"p-cymen-8-ol (=α,α,p-trimethyl-benzyl alcohol)",Alcohols,,
,LEMON GRASS OIL,Spices & Condiments,menthol,Alcohols,6000,6000
,LEMON GRASS OIL,Spices & Condiments,α-terpineol,Alcohols,1800,3800
,LEMON GRASS OIL,Spices & Condiments,trans-p-2-menthen-1-ol,Alcohols,trace,800
,LEMON GRASS OIL,Spices & Condiments,borneol,Alcohols,800,3600
,LEMON GRASS OIL,Spices & Condiments,nonanal (=pelargonaldehyde),"Carbonyls, aldehydes",,
,LEMON GRASS OIL,Spices & Condiments,"citronellal (=3,7-dimethyl-6-octenal)","Carbonyls, aldehydes",800,3700
,LEMON GRASS OIL,Spices & Condiments,geranial (=α-citral),"Carbonyls, aldehydes",372000,557000
,LEMON GRASS OIL,Spices & Condiments,neral (=β-citral),"Carbonyls, aldehydes",198000,300600
,LEMON GRASS OIL,Spices & Condiments,3-methyl-2-heptanone,"Carbonyls, ketones",20000,20000
,LEMON GRASS OIL,Spices & Condiments,5-methyl-3-heptanone,"Carbonyls, ketones",14300,14300
,LEMON GRASS OIL,Spices & Condiments,6-methyl-5-hepten-2-one,"Carbonyls, ketones",4600,22400
,LEMON GRASS OIL,Spices & Condiments,2-nonanone,"Carbonyls, ketones",700,700
,LEMON GRASS OIL,Spices & Condiments,2-undecanone,"Carbonyls, ketones",4000,6400
,LEMON GRASS OIL,Spices & Condiments,menthone,"Carbonyls, ketones",,
,LEMON GRASS OIL,Spices & Condiments,piperitone,"Carbonyls, ketones",,
,LEMON GRASS OIL,Spices & Condiments,thujone (=α-thujone),"Carbonyls, ketones",800,900
,LEMON GRASS OIL,Spices & Condiments,citronellyl acetate,Esters,13000,13000
,LEMON GRASS OIL,Spices & Condiments,geranyl acetate,Esters,9600,99000
,LEMON GRASS OIL,Spices & Condiments,neryl acetate,Esters,75000,75000
,LEMON GRASS OIL,Spices & Condiments,linalyl acetate,Esters,,
,LEMON GRASS OIL,Spices & Condiments,"1,8-cineole (=eucalyptol)",Ethers,1600,1800
,LEMON GRASS OIL,Spices & Condiments,"methyleugenol (=4-allyl-1,2-dimethoxybenzene)",Phenols,,
,LEMON GRASS OIL,Spices & Condiments,"5-allyl-1,2,3-trimethoxybenzene (=elemicin)",Phenols,,
,LEMON GRASS OIL,Spices & Condiments,3-(4-methyl-3-pentenyl)furan (=perillene),Furans,,
,LEMON GRASS OIL,Spices & Condiments,linalool oxide (unkn.str.),"(Ep)oxides, pyrans, coumarins",10000,10000
CYMBOPOGON CITRATUS OIL,LEMON GRASS OIL,Spices & Condiments,(Z)-β-ocimene,Hydrocarbons,2000,2100
CYMBOPOGON CITRATUS OIL,LEMON GRASS OIL,Spices & Condiments,(E)-β-ocimene,Hydrocarbons,1200,1500
CYMBOPOGON CITRATUS OIL,LEMON GRASS OIL,Spices & Condiments,β-myrcene (=myrcene),Hydrocarbons,32000,191000
CYMBOPOGON CITRATUS OIL,LEMON GRASS OIL,Spices & Condiments,α-phellandrene,Hydrocarbons,,
CYMBOPOGON CITRATUS OIL,LEMON GRASS OIL,Spices & Condiments,limonene,Hydrocarbons,trace,21000
CYMBOPOGON CITRATUS OIL,LEMON GRASS OIL,Spices & Condiments,α-pinene,Hydrocarbons,trace,13000
CYMBOPOGON CITRATUS OIL,LEMON GRASS OIL,Spices & Condiments,β-pinene,Hydrocarbons,15000,15000
CYMBOPOGON CITRATUS OIL,LEMON GRASS OIL,Spices & Condiments,camphene,Hydrocarbons,9000,9000
CYMBOPOGON CITRATUS OIL,LEMON GRASS OIL,Spices & Condiments,α-fenchene,Hydrocarbons,,
CYMBOPOGON CITRATUS OIL,LEMON GRASS OIL,Spices & Condiments,α-thujene,Hydrocarbons,trace,0.02
CYMBOPOGON CITRATUS OIL,LEMON GRASS OIL,Spices & Condiments,sabinene (=4(10)-thujene),Hydrocarbons,,
CYMBOPOGON CITRATUS OIL,LEMON GRASS OIL,Spices & Condiments,3-carene,Hydrocarbons,,
CYMBOPOGON CITRATUS OIL,LEMON GRASS OIL,Spices & Condiments,citronellol,Alcohols,800,3000
CYMBOPOGON CITRATUS OIL,LEMON GRASS OIL,Spices & Condiments,geraniol,Alcohols,4600,5600
CYMBOPOGON CITRATUS OIL,LEMON GRASS OIL,Spices & Condiments,nerol,Alcohols,2400,3600
CYMBOPOGON CITRATUS OIL,LEMON GRASS OIL,Spices & Condiments,linalool,Alcohols,4000,11200
CYMBOPOGON CITRATUS OIL,LEMON GRASS OIL,Spices & Condiments,farnesol,Alcohols,24000,24000
CYMBOPOGON CITRATUS OIL,LEMON GRASS OIL,Spices & Condiments,menthol,Alcohols,6000,6000
CYMBOPOGON CITRATUS OIL,LEMON GRASS OIL,Spices & Condiments,α-terpineol,Alcohols,1800,3200
CYMBOPOGON CITRATUS OIL,LEMON GRASS OIL,Spices & Condiments,trans-p-2-menthen-1-ol,Alcohols,trace,800
CYMBOPOGON CITRATUS OIL,LEMON GRASS OIL,Spices & Condiments,borneol,Alcohols,800,3600
CYMBOPOGON CITRATUS OIL,LEMON GRASS OIL,Spices & Condiments,nonanal (=pelargonaldehyde),"Carbonyls, aldehydes",,
CYMBOPOGON CITRATUS OIL,LEMON GRASS OIL,Spices & Condiments,"citronellal (=3,7-dimethyl-6-octenal)","Carbonyls, aldehydes",800,900
CYMBOPOGON CITRATUS OIL,LEMON GRASS OIL,Spices & Condiments,geranial (=α-citral),"Carbonyls, aldehydes",372000,557000
CYMBOPOGON CITRATUS OIL,LEMON GRASS OIL,Spices & Condiments,neral (=β-citral),"Carbonyls, aldehydes",198000,278000
CYMBOPOGON CITRATUS OIL,LEMON GRASS OIL,Spices & Condiments,3-methyl-2-heptanone,"Carbonyls, ketones",20000,20000
CYMBOPOGON CITRATUS OIL,LEMON GRASS OIL,Spices & Condiments,6-methyl-5-hepten-2-one,"Carbonyls, ketones",4600,22400
CYMBOPOGON CITRATUS OIL,LEMON GRASS OIL,Spices & Condiments,2-undecanone,"Carbonyls, ketones",4000,6400
CYMBOPOGON CITRATUS OIL,LEMON GRASS OIL,Spices & Condiments,thujone (=α-thujone),"Carbonyls, ketones",800,900
CYMBOPOGON CITRATUS OIL,LEMON GRASS OIL,Spices & Condiments,citronellyl acetate,Esters,13000,13000
CYMBOPOGON CITRATUS OIL,LEMON GRASS OIL,Spices & Condiments,geranyl acetate,Esters,9600,99000
CYMBOPOGON CITRATUS OIL,LEMON GRASS OIL,Spices & Condiments,neryl acetate,Esters,75000,75000
CYMBOPOGON CITRATUS OIL,LEMON GRASS OIL,Spices & Condiments,"1,8-cineole (=eucalyptol)",Ethers,1600,1800
CYMBOPOGON CITRATUS OIL,LEMON GRASS OIL,Spices & Condiments,linalool oxide (unkn.str.),"(Ep)oxides, pyrans, coumarins",10000,10000
CYMBOPOGON FLEXUOSUS OIL,LEMON GRASS OIL,Spices & Condiments,"3,7-dimethyl-1-octene",Hydrocarbons,,
CYMBOPOGON FLEXUOSUS OIL,LEMON GRASS OIL,Spices & Condiments,(Z)-β-ocimene,Hydrocarbons,600,600
CYMBOPOGON FLEXUOSUS OIL,LEMON GRASS OIL,Spices & Condiments,(E)-β-ocimene,Hydrocarbons,700,700
CYMBOPOGON FLEXUOSUS OIL,LEMON GRASS OIL,Spices & Condiments,β-myrcene (=myrcene),Hydrocarbons,4600,4600
CYMBOPOGON FLEXUOSUS OIL,LEMON GRASS OIL,Spices & Condiments,terpinolene,Hydrocarbons,500,500
CYMBOPOGON FLEXUOSUS OIL,LEMON GRASS OIL,Spices & Condiments,limonene,Hydrocarbons,24200,24200
CYMBOPOGON FLEXUOSUS OIL,LEMON GRASS OIL,Spices & Condiments,β-bisabolene,Hydrocarbons,,
CYMBOPOGON FLEXUOSUS OIL,LEMON GRASS OIL,Spices & Condiments,α-curcumene,Hydrocarbons,,
CYMBOPOGON FLEXUOSUS OIL,LEMON GRASS OIL,Spices & Condiments,α-humulene (=humulene),Hydrocarbons,,
CYMBOPOGON FLEXUOSUS OIL,LEMON GRASS OIL,Spices & Condiments,α-pinene,Hydrocarbons,2400,2400
CYMBOPOGON FLEXUOSUS OIL,LEMON GRASS OIL,Spices & Condiments,β-pinene,Hydrocarbons,,
CYMBOPOGON FLEXUOSUS OIL,LEMON GRASS OIL,Spices & Condiments,α-thujene,Hydrocarbons,300,300
CYMBOPOGON FLEXUOSUS OIL,LEMON GRASS OIL,Spices & Condiments,sabinene (=4(10)-thujene),Hydrocarbons,,
CYMBOPOGON FLEXUOSUS OIL,LEMON GRASS OIL,Spices & Condiments,α-bergamotene,Hydrocarbons,,
CYMBOPOGON FLEXUOSUS OIL,LEMON GRASS OIL,Spices & Condiments,γ-cadinene,Hydrocarbons,,
CYMBOPOGON FLEXUOSUS OIL,LEMON GRASS OIL,Spices & Condiments,δ-cadinene,Hydrocarbons,,
CYMBOPOGON FLEXUOSUS OIL,LEMON GRASS OIL,Spices & Condiments,γ-muurolene,Hydrocarbons,,
CYMBOPOGON FLEXUOSUS OIL,LEMON GRASS OIL,Spices & Condiments,β-caryophyllene,Hydrocarbons,3200,3200
CYMBOPOGON FLEXUOSUS OIL,LEMON GRASS OIL,Spices & Condiments,trans-caryophyllene,Hydrocarbons,,
CYMBOPOGON FLEXUOSUS OIL,LEMON GRASS OIL,Spices & Condiments,1-isopropyl-4-methylbenzene (=p-cymene),Hydrocarbons,,
CYMBOPOGON FLEXUOSUS OIL,LEMON GRASS OIL,Spices & Condiments,citronellol,Alcohols,4400,4400
CYMBOPOGON FLEXUOSUS OIL,LEMON GRASS OIL,Spices & Condiments,"3,7-dimethyl-7-octen-1-ol",Alcohols,,
CYMBOPOGON FLEXUOSUS OIL,LEMON GRASS OIL,Spices & Condiments,geraniol,Alcohols,38000,38000
CYMBOPOGON FLEXUOSUS OIL,LEMON GRASS OIL,Spices & Condiments,nerol,Alcohols,3900,3900
CYMBOPOGON FLEXUOSUS OIL,LEMON GRASS OIL,Spices & Condiments,linalool,Alcohols,13400,13400
CYMBOPOGON FLEXUOSUS OIL,LEMON GRASS OIL,Spices & Condiments,"p-cymen-8-ol (=α,α,p-trimethyl-benzyl alcohol)",Alcohols,,
CYMBOPOGON FLEXUOSUS OIL,LEMON GRASS OIL,Spices & Condiments,α-terpineol,Alcohols,3800,3800
CYMBOPOGON FLEXUOSUS OIL,LEMON GRASS OIL,Spices & Condiments,"citronellal (=3,7-dimethyl-6-octenal)","Carbonyls, aldehydes",3700,3700
CYMBOPOGON FLEXUOSUS OIL,LEMON GRASS OIL,Spices & Condiments,geranial (=α-citral),"Carbonyls, aldehydes",511900,511900
CYMBOPOGON FLEXUOSUS OIL,LEMON GRASS OIL,Spices & Condiments,neral (=β-citral),"Carbonyls, aldehydes",300600,300600
CYMBOPOGON FLEXUOSUS OIL,LEMON GRASS OIL,Spices & Condiments,5-methyl-3-heptanone,"Carbonyls, ketones",14300,14300
CYMBOPOGON FLEXUOSUS OIL,LEMON GRASS OIL,Spices & Condiments,6-methyl-5-hepten-2-one,"Carbonyls, ketones",,
CYMBOPOGON FLEXUOSUS OIL,LEMON GRASS OIL,Spices & Condiments,2-nonanone,"Carbonyls, ketones",700,700
CYMBOPOGON FLEXUOSUS OIL,LEMON GRASS OIL,Spices & Condiments,menthone,"Carbonyls, ketones",,
CYMBOPOGON FLEXUOSUS OIL,LEMON GRASS OIL,Spices & Condiments,piperitone,"Carbonyls, ketones",,
CYMBOPOGON FLEXUOSUS OIL,LEMON GRASS OIL,Spices & Condiments,geranyl acetate,Esters,19500,19500
CYMBOPOGON FLEXUOSUS OIL,LEMON GRASS OIL,Spices & Condiments,neryl acetate,Esters,,
CYMBOPOGON FLEXUOSUS OIL,LEMON GRASS OIL,Spices & Condiments,linalyl acetate,Esters,,
CYMBOPOGON FLEXUOSUS OIL,LEMON GRASS OIL,Spices & Condiments,"1,8-cineole (=eucalyptol)",Ethers,,
CYMBOPOGON FLEXUOSUS OIL,LEMON GRASS OIL,Spices & Condiments,"methyleugenol (=4-allyl-1,2-dimethoxybenzene)",Phenols,,
CYMBOPOGON FLEXUOSUS OIL,LEMON GRASS OIL,Spices & Condiments,"5-allyl-1,2,3-trimethoxybenzene (=elemicin)",Phenols,,
CYMBOPOGON FLEXUOSUS OIL,LEMON GRASS OIL,Spices & Condiments,3-(4-methyl-3-pentenyl)furan (=perillene),Furans,,
,MASTIC (Pistacia lentiscus),Miscellaneous,undecane,Hydrocarbons,8000,25000
,MASTIC (Pistacia lentiscus),Miscellaneous,tridecane,Hydrocarbons,15000,15000
,MASTIC (Pistacia lentiscus),Miscellaneous,β-ocimene,Hydrocarbons,2100,11300
,MASTIC (Pistacia lentiscus),Miscellaneous,(Z)-β-ocimene,Hydrocarbons,trace,7000
,MASTIC (Pistacia lentiscus),Miscellaneous,(E)-β-ocimene,Hydrocarbons,0,60000
,MASTIC (Pistacia lentiscus),Miscellaneous,allo-ocimene,Hydrocarbons,600,600
,MASTIC (Pistacia lentiscus),Miscellaneous,β-myrcene (=myrcene),Hydrocarbons,600,722500
,MASTIC (Pistacia lentiscus),Miscellaneous,dimyrcene,Hydrocarbons,<1000,43800
,MASTIC (Pistacia lentiscus),Miscellaneous,dimyrcene Ia,Hydrocarbons,1000,2000
,MASTIC (Pistacia lentiscus),Miscellaneous,dimyrcene Ib,Hydrocarbons,1000,3000
,MASTIC (Pistacia lentiscus),Miscellaneous,dimyrcene IIa,Hydrocarbons,18000,31000
,MASTIC (Pistacia lentiscus),Miscellaneous,dimyrcene IIb,Hydrocarbons,18000,31000
,MASTIC (Pistacia lentiscus),Miscellaneous,"(E,E)-α-farnesene (=α-farnesene)",Hydrocarbons,1900,2000
,MASTIC (Pistacia lentiscus),Miscellaneous,β-farnesene,Hydrocarbons,1000,1000
,MASTIC (Pistacia lentiscus),Miscellaneous,(E)-β-farnesene,Hydrocarbons,7400,7400
,MASTIC (Pistacia lentiscus),Miscellaneous,α-phellandrene,Hydrocarbons,trace,108400
,MASTIC (Pistacia lentiscus),Miscellaneous,(4S)-(+)-α-phellandrene,Hydrocarbons,72019,72019
,MASTIC (Pistacia lentiscus),Miscellaneous,(R)-(-)-α-phellandrene,Hydrocarbons,581,581
,MASTIC (Pistacia lentiscus),Miscellaneous,β-phellandrene,Hydrocarbons,0,126300
,MASTIC (Pistacia lentiscus),Miscellaneous,phellandrene (unkn.str.),Hydrocarbons,37000,37000
,MASTIC (Pistacia lentiscus),Miscellaneous,α-terpinene,Hydrocarbons,0,55900
,MASTIC (Pistacia lentiscus),Miscellaneous,β-terpinene,Hydrocarbons,5000,5000
,MASTIC (Pistacia lentiscus),Miscellaneous,γ-terpinene,Hydrocarbons,0,65600
,MASTIC (Pistacia lentiscus),Miscellaneous,terpinolene,Hydrocarbons,500,24000
,MASTIC (Pistacia lentiscus),Miscellaneous,limonene,Hydrocarbons,1000,438000
,MASTIC (Pistacia lentiscus),Miscellaneous,(4R)-(+)-limonene,Hydrocarbons,83620,83620
,MASTIC (Pistacia lentiscus),Miscellaneous,(4S)-(-)-limonene,Hydrocarbons,22838,22838
,MASTIC (Pistacia lentiscus),Miscellaneous,"p-1(7),8-menthadiene (=ψ-limonene)",Hydrocarbons,1000,1000
,MASTIC (Pistacia lentiscus),Miscellaneous,p-menthatriene (unkn.str.),Hydrocarbons,3000,3000
,MASTIC (Pistacia lentiscus),Miscellaneous,1-epibicyclosesquiphellandrene,Hydrocarbons,0,7000
,MASTIC (Pistacia lentiscus),Miscellaneous,β-elemene,Hydrocarbons,<500,38000
,MASTIC (Pistacia lentiscus),Miscellaneous,(-)-β-elemene,Hydrocarbons,324,4000
,MASTIC (Pistacia lentiscus),Miscellaneous,(+)-β-elemene,Hydrocarbons,13176,13176
,MASTIC (Pistacia lentiscus),Miscellaneous,γ-elemene,Hydrocarbons,200,6000
,MASTIC (Pistacia lentiscus),Miscellaneous,δ-elemene,Hydrocarbons,<0,26000
,MASTIC (Pistacia lentiscus),Miscellaneous,β-bisabolene,Hydrocarbons,0,34000
,MASTIC (Pistacia lentiscus),Miscellaneous,(-)-β-bisabolene,Hydrocarbons,1831,1831
,MASTIC (Pistacia lentiscus),Miscellaneous,(+)-β-bisabolene,Hydrocarbons,269,269
,MASTIC (Pistacia lentiscus),Miscellaneous,trans-γ-bisabolene,Hydrocarbons,4300,13300
,MASTIC (Pistacia lentiscus),Miscellaneous,β-curcumene,Hydrocarbons,2100,2900
,MASTIC (Pistacia lentiscus),Miscellaneous,germacrene B,Hydrocarbons,1000,1000
,MASTIC (Pistacia lentiscus),Miscellaneous,germacrene D,Hydrocarbons,0,217000
,MASTIC (Pistacia lentiscus),Miscellaneous,germacrene (unkn.str.),Hydrocarbons,33000,33000
,MASTIC (Pistacia lentiscus),Miscellaneous,α-humulene (=humulene),Hydrocarbons,400,34000
,MASTIC (Pistacia lentiscus),Miscellaneous,α-pinene,Hydrocarbons,2100,789020
,MASTIC (Pistacia lentiscus),Miscellaneous,β-pinene,Hydrocarbons,900,387000
,MASTIC (Pistacia lentiscus),Miscellaneous,(1R)-β-pinene,Hydrocarbons,1064,1064
,MASTIC (Pistacia lentiscus),Miscellaneous,(1S)-β-pinene,Hydrocarbons,6944,6944
,MASTIC (Pistacia lentiscus),Miscellaneous,verbenene (=pinadiene),Hydrocarbons,200,3200
,MASTIC (Pistacia lentiscus),Miscellaneous,camphene,Hydrocarbons,300,86900
,MASTIC (Pistacia lentiscus),Miscellaneous,(1R)-(+)-camphene,Hydrocarbons,75,75
,MASTIC (Pistacia lentiscus),Miscellaneous,(1S)-(-)-camphene,Hydrocarbons,1225,1225
,MASTIC (Pistacia lentiscus),Miscellaneous,α-fenchene,Hydrocarbons,400,400
,MASTIC (Pistacia lentiscus),Miscellaneous,fenchene (unkn.str.),Hydrocarbons,<1000,<1000
,MASTIC (Pistacia lentiscus),Miscellaneous,α-thujene,Hydrocarbons,0,20000
,MASTIC (Pistacia lentiscus),Miscellaneous,(1R)-(-)-α-thujene,Hydrocarbons,6140,6140
,MASTIC (Pistacia lentiscus),Miscellaneous,(1S)-(+)-α-thujene,Hydrocarbons,1984,1984
,MASTIC (Pistacia lentiscus),Miscellaneous,sabinene (=4(10)-thujene),Hydrocarbons,700,232000
,MASTIC (Pistacia lentiscus),Miscellaneous,"dehydrosabinene (=thuja-2,4(10)-diene)",Hydrocarbons,<1000,<1000
,MASTIC (Pistacia lentiscus),Miscellaneous,(1R)-sabinene,Hydrocarbons,115600,115600
,MASTIC (Pistacia lentiscus),Miscellaneous,(1S)-cis-sabinene,Hydrocarbons,1400,1400
,MASTIC (Pistacia lentiscus),Miscellaneous,3-carene,Hydrocarbons,0,653000
,MASTIC (Pistacia lentiscus),Miscellaneous,"2-isopropenyl-3,7,7-trimethyl-3-vinylbicyclo[4.1.0]heptane (=bicycloelemene)",Hydrocarbons,100,100
,MASTIC (Pistacia lentiscus),Miscellaneous,cis-α-bergamotene,Hydrocarbons,500,500
,MASTIC (Pistacia lentiscus),Miscellaneous,trans-α-bergamotene,Hydrocarbons,2000,6400
,MASTIC (Pistacia lentiscus),Miscellaneous,α-amorphene,Hydrocarbons,1700,33000
,MASTIC (Pistacia lentiscus),Miscellaneous,γ-amorphene,Hydrocarbons,<500,5100
,MASTIC (Pistacia lentiscus),Miscellaneous,α-cadinene,Hydrocarbons,1000,15800
,MASTIC (Pistacia lentiscus),Miscellaneous,γ-cadinene,Hydrocarbons,0,21300
,MASTIC (Pistacia lentiscus),Miscellaneous,δ-cadinene,Hydrocarbons,0,96800
,MASTIC (Pistacia lentiscus),Miscellaneous,(-)- δ-cadinene,Hydrocarbons,1543,1543
,MASTIC (Pistacia lentiscus),Miscellaneous,(+)- δ-cadinene,Hydrocarbons,39057,39057
,MASTIC (Pistacia lentiscus),Miscellaneous,"1,4-cadinene",Hydrocarbons,<1000,<1000
,MASTIC (Pistacia lentiscus),Miscellaneous,"1,4-cadinadiene",Hydrocarbons,1600,21000
,MASTIC (Pistacia lentiscus),Miscellaneous,"1(6),4-cadinadiene",Hydrocarbons,1800,2000
,MASTIC (Pistacia lentiscus),Miscellaneous,"trans-cadina-1(6),4-diene",Hydrocarbons,1000,6300
,MASTIC (Pistacia lentiscus),Miscellaneous,cubenene,Hydrocarbons,0,7000
,MASTIC (Pistacia lentiscus),Miscellaneous,"trans-cadina-1(2),4-diene",Hydrocarbons,1000,2000
,MASTIC (Pistacia lentiscus),Miscellaneous,α-muurolene,Hydrocarbons,500,34000
,MASTIC (Pistacia lentiscus),Miscellaneous,γ-muurolene,Hydrocarbons,1000,34000
,MASTIC (Pistacia lentiscus),Miscellaneous,muurolene (unkn.str.),Hydrocarbons,1600,7800
,MASTIC (Pistacia lentiscus),Miscellaneous,"trans-muurola-3,5-diene",Hydrocarbons,5400,5400
,MASTIC (Pistacia lentiscus),Miscellaneous,"cis-4(14),5-muuroladiene",Hydrocarbons,<500,2700
,MASTIC (Pistacia lentiscus),Miscellaneous,"trans-muurola-4(14),5-diene",Hydrocarbons,11600,11600
,MASTIC (Pistacia lentiscus),Miscellaneous,"α-selinene (=5β,7α,10α-selina-3,11-diene)",Hydrocarbons,3900,4300
,MASTIC (Pistacia lentiscus),Miscellaneous,"β-selinene (=4(14),11-selinadiene)",Hydrocarbons,0,4100
,MASTIC (Pistacia lentiscus),Miscellaneous,valencene,Hydrocarbons,0,6000
,MASTIC (Pistacia lentiscus),Miscellaneous,α-guaiene,Hydrocarbons,3200,3200
,MASTIC (Pistacia lentiscus),Miscellaneous,trans-β-guaiene,Hydrocarbons,2500,2500
,MASTIC (Pistacia lentiscus),Miscellaneous,δ-guaiene (=α-bulnesene),Hydrocarbons,400,6000
,MASTIC (Pistacia lentiscus),Miscellaneous,"3,7-guaiadiene",Hydrocarbons,1000,1000
,MASTIC (Pistacia lentiscus),Miscellaneous,α-himachalene,Hydrocarbons,<1000,<1000
,MASTIC (Pistacia lentiscus),Miscellaneous,β-himachalene,Hydrocarbons,<1000,<1000
,MASTIC (Pistacia lentiscus),Miscellaneous,bicyclogermacrene,Hydrocarbons,<1000,19700
,MASTIC (Pistacia lentiscus),Miscellaneous,β-caryophyllene,Hydrocarbons,1900,193000
,MASTIC (Pistacia lentiscus),Miscellaneous,trans-caryophyllene,Hydrocarbons,2000,131600
,MASTIC (Pistacia lentiscus),Miscellaneous,γ-caryophyllene (=isocaryophyllene),Hydrocarbons,0,2000
,MASTIC (Pistacia lentiscus),Miscellaneous,α-cubebene,Hydrocarbons,0,6000
,MASTIC (Pistacia lentiscus),Miscellaneous,β-cubebene,Hydrocarbons,<1000,12000
,MASTIC (Pistacia lentiscus),Miscellaneous,α-copaene (=copaene),Hydrocarbons,100,19000
,MASTIC (Pistacia lentiscus),Miscellaneous,β-copaene,Hydrocarbons,500,2900
,MASTIC (Pistacia lentiscus),Miscellaneous,α-ylangene (=ylangene),Hydrocarbons,0,6000
,MASTIC (Pistacia lentiscus),Miscellaneous,β-ylangene,Hydrocarbons,1000,1000
,MASTIC (Pistacia lentiscus),Miscellaneous,β-bourbonene,Hydrocarbons,300,26000
,MASTIC (Pistacia lentiscus),Miscellaneous,aromadendrene,Hydrocarbons,trace,12000
,MASTIC (Pistacia lentiscus),Miscellaneous,alloaromadendrene,Hydrocarbons,200,10000
,MASTIC (Pistacia lentiscus),Miscellaneous,β-gurjunene,Hydrocarbons,1000,9000
,MASTIC (Pistacia lentiscus),Miscellaneous,γ-gurjunene,Hydrocarbons,0,16000
,MASTIC (Pistacia lentiscus),Miscellaneous,α-longipinene,Hydrocarbons,0,5000
,MASTIC (Pistacia lentiscus),Miscellaneous,tricyclene,Hydrocarbons,0,23000
,MASTIC (Pistacia lentiscus),Miscellaneous,(+)-cyclosativene,Hydrocarbons,1600,1600
,MASTIC (Pistacia lentiscus),Miscellaneous,vinylbenzene (=styrene),Hydrocarbons,12000,12000
,MASTIC (Pistacia lentiscus),Miscellaneous,1-isopropyl-2-methylbenzene (=o-cymene),Hydrocarbons,<1000,6000
,MASTIC (Pistacia lentiscus),Miscellaneous,1-isopropyl-4-methylbenzene (=p-cymene),Hydrocarbons,800,162200
,MASTIC (Pistacia lentiscus),Miscellaneous,"1-isopropenyl-4-methylbenzene (=α,p-dimethyl styrene, p-cymenene, dehydro-p-cymene)",Hydrocarbons,100,7000
,MASTIC (Pistacia lentiscus),Miscellaneous,calamenene,Hydrocarbons,<1000,4100
,MASTIC (Pistacia lentiscus),Miscellaneous,cis-calamenene,Hydrocarbons,3000,8000
,MASTIC (Pistacia lentiscus),Miscellaneous,trans-calamenene,Hydrocarbons,<500,2300
,MASTIC (Pistacia lentiscus),Miscellaneous,α-calacorene,Hydrocarbons,1200,1200
,MASTIC (Pistacia lentiscus),Miscellaneous,calacorene (unkn.str.),Hydrocarbons,<1000,<1000
,MASTIC (Pistacia lentiscus),Miscellaneous,naphthalene,Hydrocarbons,<1000,<1000
,MASTIC (Pistacia lentiscus),Miscellaneous,"4-isopropyl-1,6-dimethylnaphthalene (=cadalene)",Hydrocarbons,<1000,7000
,MASTIC (Pistacia lentiscus),Miscellaneous,10-epizonarene,Hydrocarbons,1000,4000
,MASTIC (Pistacia lentiscus),Miscellaneous,1-butanol,Alcohols,<1000,<1000
,MASTIC (Pistacia lentiscus),Miscellaneous,gleenol,Alcohols,2000,2000
,MASTIC (Pistacia lentiscus),Miscellaneous,1-hexanol,Alcohols,100,1000
,MASTIC (Pistacia lentiscus),Miscellaneous,(E)-2-hexen-1-ol,Alcohols,300,300
,MASTIC (Pistacia lentiscus),Miscellaneous,(Z)-3-hexen-1-ol (=leaf alcohol),Alcohols,200,30500
,MASTIC (Pistacia lentiscus),Miscellaneous,2-heptanol,Alcohols,trace,500
,MASTIC (Pistacia lentiscus),Miscellaneous,1-octen-3-ol,Alcohols,<2000,<2000
,MASTIC (Pistacia lentiscus),Miscellaneous,2-nonanol,Alcohols,100,11100
,MASTIC (Pistacia lentiscus),Miscellaneous,2-undecanol,Alcohols,1000,1000
,MASTIC (Pistacia lentiscus),Miscellaneous,1-dodecanol,Alcohols,1000,1000
,MASTIC (Pistacia lentiscus),Miscellaneous,2-dodecanol,Alcohols,1300,1300
,MASTIC (Pistacia lentiscus),Miscellaneous,citronellol,Alcohols,700,1800
,MASTIC (Pistacia lentiscus),Miscellaneous,geraniol,Alcohols,800,1800
,MASTIC (Pistacia lentiscus),Miscellaneous,nerol,Alcohols,700,700
,MASTIC (Pistacia lentiscus),Miscellaneous,linalool,Alcohols,300,37100
,MASTIC (Pistacia lentiscus),Miscellaneous,nerolidol,Alcohols,<1000,<1000
,MASTIC (Pistacia lentiscus),Miscellaneous,(E)-nerolidol,Alcohols,<2000,3000
,MASTIC (Pistacia lentiscus),Miscellaneous,"4-isopropylbenzyl alcohol (=cumic alcohol, p-cymen-7-ol)",Alcohols,trace,3300
,MASTIC (Pistacia lentiscus),Miscellaneous,"p-cymen-8-ol (=α,α,p-trimethyl-benzyl alcohol)",Alcohols,400,8000
,MASTIC (Pistacia lentiscus),Miscellaneous,valerianol,Alcohols,<500,17400
,MASTIC (Pistacia lentiscus),Miscellaneous,"α-phellandren-8-ol (=p-1,5-menthadien-8-ol)",Alcohols,1000,4000
,MASTIC (Pistacia lentiscus),Miscellaneous,α-terpineol,Alcohols,100,136200
,MASTIC (Pistacia lentiscus),Miscellaneous,(-)-α-terpineol,Alcohols,245,245
,MASTIC (Pistacia lentiscus),Miscellaneous,(+)-α-terpineol,Alcohols,256,256
,MASTIC (Pistacia lentiscus),Miscellaneous,cis-β-terpineol,Alcohols,400,3000
,MASTIC (Pistacia lentiscus),Miscellaneous,trans-β-terpineol,Alcohols,100,3400
,MASTIC (Pistacia lentiscus),Miscellaneous,γ-terpineol,Alcohols,0,4200
,MASTIC (Pistacia lentiscus),Miscellaneous,1-terpineol (=p-3-menthen-1-ol),Alcohols,1000,8500
,MASTIC (Pistacia lentiscus),Miscellaneous,4-terpineol (=terpinen-4-ol),Alcohols,800,438000
,MASTIC (Pistacia lentiscus),Miscellaneous,(-)-terpinen-4-ol,Alcohols,816,816
,MASTIC (Pistacia lentiscus),Miscellaneous,(+)-terpinen-4-ol,Alcohols,5984,5984
,MASTIC (Pistacia lentiscus),Miscellaneous,cis-p-2-menthen-1-ol,Alcohols,0,4500
,MASTIC (Pistacia lentiscus),Miscellaneous,trans-p-2-menthen-1-ol,Alcohols,0,6000
,MASTIC (Pistacia lentiscus),Miscellaneous,cis-piperitol,Alcohols,4000,4000
,MASTIC (Pistacia lentiscus),Miscellaneous,trans-piperitol,Alcohols,100,100
,MASTIC (Pistacia lentiscus),Miscellaneous,isopulegol,Alcohols,,
,MASTIC (Pistacia lentiscus),Miscellaneous,"trans-p-2,8-menthadien-1-ol",Alcohols,2300,2300
,MASTIC (Pistacia lentiscus),Miscellaneous,"cis-carveol (= cis-p-1(6),8-menthadien-2-ol)",Alcohols,0,11000
,MASTIC (Pistacia lentiscus),Miscellaneous,"trans-carveol (=trans-p-1(6),8-menthadien-2-ol)",Alcohols,0,7000
,MASTIC (Pistacia lentiscus),Miscellaneous,"perilla alcohol (=p-1,8-menthadien-7-ol)",Alcohols,8400,8400
,MASTIC (Pistacia lentiscus),Miscellaneous,"limonen-10-ol (=p-1,8(10)-menthadien-9-ol)",Alcohols,600,600
,MASTIC (Pistacia lentiscus),Miscellaneous,α-bisabolol,Alcohols,<1000,13000
,MASTIC (Pistacia lentiscus),Miscellaneous,(-)-α-bisabolol,Alcohols,2417,2417
,MASTIC (Pistacia lentiscus),Miscellaneous,(+)-α-bisabolol,Alcohols,14483,14483
,MASTIC (Pistacia lentiscus),Miscellaneous,epi-α-bisabolol,Alcohols,<1000,20000
,MASTIC (Pistacia lentiscus),Miscellaneous,bisabolol (unkn.str.),Alcohols,6000,9000
,MASTIC (Pistacia lentiscus),Miscellaneous,elemol,Alcohols,0,12000
,MASTIC (Pistacia lentiscus),Miscellaneous,germacrene D-4-ol,Alcohols,0,27900
,MASTIC (Pistacia lentiscus),Miscellaneous,santenol,Alcohols,<1000,<1000
,MASTIC (Pistacia lentiscus),Miscellaneous,camphene hydrate,Alcohols,0,2000
,MASTIC (Pistacia lentiscus),Miscellaneous,pinocarveol,Alcohols,2900,21400
,MASTIC (Pistacia lentiscus),Miscellaneous,trans-pinocarveol,Alcohols,1000,2000
,MASTIC (Pistacia lentiscus),Miscellaneous,isopinocarveol,Alcohols,16000,16000
,MASTIC (Pistacia lentiscus),Miscellaneous,cis-pinene hydrate,Alcohols,200,300
,MASTIC (Pistacia lentiscus),Miscellaneous,verbenol,Alcohols,,
,MASTIC (Pistacia lentiscus),Miscellaneous,trans-verbenol,Alcohols,100,200
,MASTIC (Pistacia lentiscus),Miscellaneous,β-acorenol,Alcohols,2000,3300
,MASTIC (Pistacia lentiscus),Miscellaneous,trans-myrtanol,Alcohols,5000,5000
,MASTIC (Pistacia lentiscus),Miscellaneous,myrtenol,Alcohols,0,19000
,MASTIC (Pistacia lentiscus),Miscellaneous,borneol,Alcohols,0,29000
,MASTIC (Pistacia lentiscus),Miscellaneous,isoborneol,Alcohols,500,500
,MASTIC (Pistacia lentiscus),Miscellaneous,fenchol (=fenchyl alcohol),Alcohols,0,2000
,MASTIC (Pistacia lentiscus),Miscellaneous,α-fenchol (=α-fenchyl alcohol),Alcohols,1400,5800
,MASTIC (Pistacia lentiscus),Miscellaneous,fenchol (unkn.str.),Alcohols,<1000,2000
,MASTIC (Pistacia lentiscus),Miscellaneous,trans-sabinol (=trans-4(10)-thujenol),Alcohols,,
,MASTIC (Pistacia lentiscus),Miscellaneous,α-cadinol,Alcohols,2000,62500
,MASTIC (Pistacia lentiscus),Miscellaneous,δ-cadinol (=torreyol),Alcohols,1000,38900
,MASTIC (Pistacia lentiscus),Miscellaneous,cadinol (unkn.str.),Alcohols,300,25200
,MASTIC (Pistacia lentiscus),Miscellaneous,cadinol-T,Alcohols,1000,27000
,MASTIC (Pistacia lentiscus),Miscellaneous,cubebol,Alcohols,0,26000
,MASTIC (Pistacia lentiscus),Miscellaneous,epi-cubebol,Alcohols,2000,8000
,MASTIC (Pistacia lentiscus),Miscellaneous,α-muurolol,Alcohols,0,19500
,MASTIC (Pistacia lentiscus),Miscellaneous,muurolol-T,Alcohols,1000,67600
,MASTIC (Pistacia lentiscus),Miscellaneous,cubenol,Alcohols,<500,10100
,MASTIC (Pistacia lentiscus),Miscellaneous,1-epicubenol,Alcohols,<1000,21900
,MASTIC (Pistacia lentiscus),Miscellaneous,α-eudesmol,Alcohols,4000,5000
,MASTIC (Pistacia lentiscus),Miscellaneous,β-eudesmol,Alcohols,0,2000
,MASTIC (Pistacia lentiscus),Miscellaneous,γ-eudesmol,Alcohols,0,6000
,MASTIC (Pistacia lentiscus),Miscellaneous,selinen-4-ol,Alcohols,2000,2000
,MASTIC (Pistacia lentiscus),Miscellaneous,cedrol,Alcohols,8000,8000
,MASTIC (Pistacia lentiscus),Miscellaneous,viridiflorol,Alcohols,0,14000
,MASTIC (Pistacia lentiscus),Miscellaneous,spathulenol (=(+)-spathulenol),Alcohols,0,58000
,MASTIC (Pistacia lentiscus),Miscellaneous,(-)-spathulenol (=β-spathulenol),Alcohols,3000,3000
,MASTIC (Pistacia lentiscus),Miscellaneous,hexanal (=capronaldehyde),"Carbonyls, aldehydes",<1000,<1000
,MASTIC (Pistacia lentiscus),Miscellaneous,(E)-2-hexenal (=leaf aldehyde),"Carbonyls, aldehydes",<1000,<1000
,MASTIC (Pistacia lentiscus),Miscellaneous,octanal (=caprylaldehyde),"Carbonyls, aldehydes",<1000,<1000
,MASTIC (Pistacia lentiscus),Miscellaneous,nonanal (=pelargonaldehyde),"Carbonyls, aldehydes",1000,35000
,MASTIC (Pistacia lentiscus),Miscellaneous,dodecanal,"Carbonyls, aldehydes",1300,1300
,MASTIC (Pistacia lentiscus),Miscellaneous,tetradecanal,"Carbonyls, aldehydes",400,400
,MASTIC (Pistacia lentiscus),Miscellaneous,geranial (=α-citral),"Carbonyls, aldehydes",200,2000
,MASTIC (Pistacia lentiscus),Miscellaneous,neral (=β-citral),"Carbonyls, aldehydes",500,500
,MASTIC (Pistacia lentiscus),Miscellaneous,camphoraldehyde,"Carbonyls, aldehydes",<1000,11000
,MASTIC (Pistacia lentiscus),Miscellaneous,4-isopropylbenzaldehyde (=cuminaldehyde),"Carbonyls, aldehydes",1000,6000
,MASTIC (Pistacia lentiscus),Miscellaneous,4-methoxybenzaldehyde (=anisaldehyde),"Carbonyls, aldehydes",1100,1100
,MASTIC (Pistacia lentiscus),Miscellaneous,"3,4-dimethoxybenzaldehyde (=veratraldehyde, methylvanillin)","Carbonyls, aldehydes",2100,2100
,MASTIC (Pistacia lentiscus),Miscellaneous,"2,4,5-trimethylbenzaldehyde","Carbonyls, aldehydes",22000,22000
,MASTIC (Pistacia lentiscus),Miscellaneous,"2,4,6-trimethylbenzaldehyde (=mesitylaldehyde)","Carbonyls, aldehydes",7000,27000
,MASTIC (Pistacia lentiscus),Miscellaneous,perillaldehyde,"Carbonyls, aldehydes",100,100
,MASTIC (Pistacia lentiscus),Miscellaneous,"(2,2,3-trimethyl-3-cyclopentenyl)-acetaldehyde (=α-campholene aldehyde)","Carbonyls, aldehydes",0,4000
,MASTIC (Pistacia lentiscus),Miscellaneous,myrtenal,"Carbonyls, aldehydes",1300,7200
,MASTIC (Pistacia lentiscus),Miscellaneous,6-methyl-5-hepten-2-one,"Carbonyls, ketones",100,1000
,MASTIC (Pistacia lentiscus),Miscellaneous,2-octanone,"Carbonyls, ketones",<1000,<1000
,MASTIC (Pistacia lentiscus),Miscellaneous,2-nonanone,"Carbonyls, ketones",200,35000
,MASTIC (Pistacia lentiscus),Miscellaneous,2-undecanone,"Carbonyls, ketones",1000,69000
,MASTIC (Pistacia lentiscus),Miscellaneous,"6,10-dimethyl-5,9-undecadien-2-one","Carbonyls, ketones",1100,1100
,MASTIC (Pistacia lentiscus),Miscellaneous,"(E)-6,10-dimethyl-5,9-undecadien-2-one (=geranylacetone)","Carbonyls, ketones",2000,6000
,MASTIC (Pistacia lentiscus),Miscellaneous,2-tridecanone,"Carbonyls, ketones",1000,1000
,MASTIC (Pistacia lentiscus),Miscellaneous,2-pentadecanone,"Carbonyls, ketones",1500,1500
,MASTIC (Pistacia lentiscus),Miscellaneous,"6,10,14-trimethyl-2-pentadecanone (=hexahydrofarnesylacetone)","Carbonyls, ketones",600,600
,MASTIC (Pistacia lentiscus),Miscellaneous,4-isopropyl-2-cyclohexen-1-one (=cryptone),"Carbonyls, ketones",0,8000
,MASTIC (Pistacia lentiscus),Miscellaneous,acetophenone (=1-phenylethanone),"Carbonyls, ketones",500,500
,MASTIC (Pistacia lentiscus),Miscellaneous,2-methylacetophenone,"Carbonyls, ketones",600,600
,MASTIC (Pistacia lentiscus),Miscellaneous,4-methylacetophenone,"Carbonyls, ketones",100,3000
,MASTIC (Pistacia lentiscus),Miscellaneous,piperitone,"Carbonyls, ketones",600,37500
,MASTIC (Pistacia lentiscus),Miscellaneous,"piperitenone (=p-1,4(8)-menthadien-3-one)","Carbonyls, ketones",23000,23000
,MASTIC (Pistacia lentiscus),Miscellaneous,"carvone (=p-6,8-menthadien-2-one)","Carbonyls, ketones",900,13200
,MASTIC (Pistacia lentiscus),Miscellaneous,"isopiperitenone (=p-1,8-menthadien-3-one)","Carbonyls, ketones",22100,22100
,MASTIC (Pistacia lentiscus),Miscellaneous,carvotanacetone (=p-1-menthen-6-one),"Carbonyls, ketones",1000,1000
,MASTIC (Pistacia lentiscus),Miscellaneous,camphor (=alcanfor),"Carbonyls, ketones",400,9000
,MASTIC (Pistacia lentiscus),Miscellaneous,pinocamphone,"Carbonyls, ketones",<1000,3300
,MASTIC (Pistacia lentiscus),Miscellaneous,fenchone,"Carbonyls, ketones",<1000,5000
,MASTIC (Pistacia lentiscus),Miscellaneous,isothujone (=β-thujone),"Carbonyls, ketones",6370,6370
,MASTIC (Pistacia lentiscus),Miscellaneous,pinocarvone,"Carbonyls, ketones",1000,53000
,MASTIC (Pistacia lentiscus),Miscellaneous,verbenone (=2-pinen-4-one),"Carbonyls, ketones",0,29300
,MASTIC (Pistacia lentiscus),Miscellaneous,dodecanoic acid (=lauric acid),Acids,1000,3000
,MASTIC (Pistacia lentiscus),Miscellaneous,tetradecanoic acid (=myristic acid),Acids,1000,5000
,MASTIC (Pistacia lentiscus),Miscellaneous,hexadecanoic acid (=palmitic acid),Acids,0,5000
,MASTIC (Pistacia lentiscus),Miscellaneous,citronellyl acetate,Esters,200,200
,MASTIC (Pistacia lentiscus),Miscellaneous,geranyl acetate,Esters,1000,1000
,MASTIC (Pistacia lentiscus),Miscellaneous,neryl acetate,Esters,300,300
,MASTIC (Pistacia lentiscus),Miscellaneous,linalyl acetate,Esters,100,10810
,MASTIC (Pistacia lentiscus),Miscellaneous,α-terpinyl acetate,Esters,0,48000
,MASTIC (Pistacia lentiscus),Miscellaneous,4-terpinenyl acetate,Esters,300,300
,MASTIC (Pistacia lentiscus),Miscellaneous,cis-carvyl acetate,Esters,<2000,<2000
,MASTIC (Pistacia lentiscus),Miscellaneous,bornyl acetate,Esters,500,103000
,MASTIC (Pistacia lentiscus),Miscellaneous,α-fenchyl acetate,Esters,400,400
,MASTIC (Pistacia lentiscus),Miscellaneous,chrysanthenyl acetate,Esters,,
,MASTIC (Pistacia lentiscus),Miscellaneous,linalyl propanoate,Esters,2000,12000
,MASTIC (Pistacia lentiscus),Miscellaneous,2-methylbutyl butanoate,Esters,3000,4000
,MASTIC (Pistacia lentiscus),Miscellaneous,"isopentyl butanoate (=3-methylbutyl butanoate, isoamyl butyrate)",Esters,0,11200
,MASTIC (Pistacia lentiscus),Miscellaneous,(Z)-3-hexenyl butanoate,Esters,800,800
,MASTIC (Pistacia lentiscus),Miscellaneous,butyl 2-methylbutanoate,Esters,1000,4000
,MASTIC (Pistacia lentiscus),Miscellaneous,2-methylbutyl 2-methylbutanoate,Esters,<1000,<1000
,MASTIC (Pistacia lentiscus),Miscellaneous,isopentyl 2-methylbutanoate (=3-methylbutyl 2-methyl-butanoate),Esters,800,2000
,MASTIC (Pistacia lentiscus),Miscellaneous,(Z)-3-hexenyl 2-methylbutanoate,Esters,1000,1000
,MASTIC (Pistacia lentiscus),Miscellaneous,2-methylbutyl 3-methylbutanoate,Esters,300,3000
,MASTIC (Pistacia lentiscus),Miscellaneous,"isopentyl 3-methylbutanoate (=3-methylbutyl 3-methylbutanoate, isoamyl isovalerate)",Esters,0,13000
,MASTIC (Pistacia lentiscus),Miscellaneous,(Z)-3-hexenyl 3-methylbutanoate,Esters,1000,1000
,MASTIC (Pistacia lentiscus),Miscellaneous,benzyl 3-methylbutanoate,Esters,0,9000
,MASTIC (Pistacia lentiscus),Miscellaneous,isopentyl pentanoate,Esters,<1000,2000
,MASTIC (Pistacia lentiscus),Miscellaneous,ethyl hexanoate (=ethyl caproate),Esters,trace,600
,MASTIC (Pistacia lentiscus),Miscellaneous,isopentyl hexanoate,Esters,0,18000
,MASTIC (Pistacia lentiscus),Miscellaneous,(Z)-3-hexenyl hexanoate,Esters,1000,2000
,MASTIC (Pistacia lentiscus),Miscellaneous,ethyl (Z)-3-hexenoate,Esters,700,700
,MASTIC (Pistacia lentiscus),Miscellaneous,ethyl octanoate (=ethyl caprylate),Esters,trace,1800
,MASTIC (Pistacia lentiscus),Miscellaneous,isopentyl octanoate,Esters,600,7000
,MASTIC (Pistacia lentiscus),Miscellaneous,ethyl decanoate (=ethyl caprate),Esters,500,600
,MASTIC (Pistacia lentiscus),Miscellaneous,ethyl tetradecanoate (=ethyl myristate),Esters,19700,19700
,MASTIC (Pistacia lentiscus),Miscellaneous,ethyl hexadecanoate (=ethyl palmitate),Esters,83500,103600
,MASTIC (Pistacia lentiscus),Miscellaneous,"ethyl (Z,Z)-9,12-octadecadienoate (=ethyl linoleate)",Esters,5100,25000
,MASTIC (Pistacia lentiscus),Miscellaneous,"ethyl (Z,Z,Z)-9,12,15-octadecatrienoate (=ethyl linolenate)",Esters,3200,113000
,MASTIC (Pistacia lentiscus),Miscellaneous,methylbutyl benzoate (unkn.str.),Esters,3100,11200
,MASTIC (Pistacia lentiscus),Miscellaneous,isopentyl benzoate,Esters,800,10000
,MASTIC (Pistacia lentiscus),Miscellaneous,2-methylbutyl benzoate,Esters,<500,2300
,MASTIC (Pistacia lentiscus),Miscellaneous,(Z)-3-hexenyl benzoate,Esters,1000,5000
,MASTIC (Pistacia lentiscus),Miscellaneous,hexenyl benzoate (unkn.str.),Esters,1900,1900
,MASTIC (Pistacia lentiscus),Miscellaneous,benzyl benzoate,Esters,0,19000
,MASTIC (Pistacia lentiscus),Miscellaneous,mintsulfide,Sulfur compounds,18000,18000
,MASTIC (Pistacia lentiscus),Miscellaneous,"1,4-cineole",Ethers,100,1000
,MASTIC (Pistacia lentiscus),Miscellaneous,"1,8-cineole (=eucalyptol)",Ethers,400,9000
,MASTIC (Pistacia lentiscus),Miscellaneous,"dehydro-1,8-cineole (unkn.str.)",Ethers,300,300
,MASTIC (Pistacia lentiscus),Miscellaneous,methyl o-cresol (unkn.str.),Phenols,4400,5600
,MASTIC (Pistacia lentiscus),Miscellaneous,thymol (=2-isopropyl-5-methylphenol),Phenols,200,24000
,MASTIC (Pistacia lentiscus),Miscellaneous,carvacrol (=5-isopropyl-2-methylphenol),Phenols,1100,18000
,MASTIC (Pistacia lentiscus),Miscellaneous,1-methoxy-2-methylbenzene (=2-methylanisole),Phenols,4400,4400
,MASTIC (Pistacia lentiscus),Miscellaneous,"1-allyl-4-methoxybenzene (=estragole, methylchavicol)",Phenols,<1000,<1000
,MASTIC (Pistacia lentiscus),Miscellaneous,anethole (=1-methoxy-4-(1-propenyl)benzene),Phenols,2300,6000
,MASTIC (Pistacia lentiscus),Miscellaneous,(Z)-anethole (=(Z)-1-methoxy-4-(1-propenyl)benzene),Phenols,1600,1600
,MASTIC (Pistacia lentiscus),Miscellaneous,"(E)-anethole (=(E)-1-methoxy-4-(1-propenyl)benzene, anise camphor)",Phenols,trace,3600
,MASTIC (Pistacia lentiscus),Miscellaneous,4-isopropyl-2-methoxy-1-methylbenzene (=methylcarvacrol),Phenols,<1000,<1000
,MASTIC (Pistacia lentiscus),Miscellaneous,"1-isopropyl-2-methoxy-4-methylbenzene (=methyl thymyl ether, methylthymol)",Phenols,0,7000
,MASTIC (Pistacia lentiscus),Miscellaneous,eugenol (=4-allyl-2-methoxyphenol),Phenols,100,100
,MASTIC (Pistacia lentiscus),Miscellaneous,"methyleugenol (=4-allyl-1,2-dimethoxybenzene)",Phenols,200,19700
,MASTIC (Pistacia lentiscus),Miscellaneous,"methylisoeugenol (=1,2-dimethoxy-4-(1-propenyl)-benzene)",Phenols,trace,800
,MASTIC (Pistacia lentiscus),Miscellaneous,"(Z)-1,2-dimethoxy-4-(1-propenyl)-benzene (=(Z)-methylisoeugenol)",Phenols,400,1000
,MASTIC (Pistacia lentiscus),Miscellaneous,"(E)-1,2-dimethoxy-4-(1-propenyl)-benzene (=(E)-methylisoeugenol)",Phenols,<1000,2100
,MASTIC (Pistacia lentiscus),Miscellaneous,"5-allyl-1,2,3-trimethoxybenzene (=elemicin)",Phenols,1000,2300
,MASTIC (Pistacia lentiscus),Miscellaneous,2-pentylfuran,Furans,<1000,<1000
,MASTIC (Pistacia lentiscus),Miscellaneous,3-(4-methyl-3-pentenyl)furan (=perillene),Furans,200,9000
,MASTIC (Pistacia lentiscus),Miscellaneous,"3,5-dimethyl-2-vinylfuran",Furans,<1000,<1000
,MASTIC (Pistacia lentiscus),Miscellaneous,"furfural (=2-formylfuran, 2-furancarbaldehyde, 2-furaldehyde)",Furans,400,400
,MASTIC (Pistacia lentiscus),Miscellaneous,"3,4-dimethyl-5-pentylidene-2(5H)-furanone (=bovolide)",Furans,2000,2000
,MASTIC (Pistacia lentiscus),Miscellaneous,ocimene oxide,"(Ep)oxides, pyrans, coumarins",<1000,<1000
,MASTIC (Pistacia lentiscus),Miscellaneous,ascaridole,"(Ep)oxides, pyrans, coumarins",<500,2100
,MASTIC (Pistacia lentiscus),Miscellaneous,ascaridole glycol,"(Ep)oxides, pyrans, coumarins",<500,2100
,MASTIC (Pistacia lentiscus),Miscellaneous,humulene epoxide II,"(Ep)oxides, pyrans, coumarins",<1000,13000
,MASTIC (Pistacia lentiscus),Miscellaneous,humulene epoxide (unkn.str.),"(Ep)oxides, pyrans, coumarins",trace,4100
,MASTIC (Pistacia lentiscus),Miscellaneous,carvone oxide (unkn.str.),"(Ep)oxides, pyrans, coumarins",<500,17200
,MASTIC (Pistacia lentiscus),Miscellaneous,β-caryophyllene oxide,"(Ep)oxides, pyrans, coumarins",1000,103000
,MASTIC (Pistacia lentiscus),Miscellaneous,isocaryophyllene oxide,"(Ep)oxides, pyrans, coumarins",1000,7000
,MASTIC (Pistacia lentiscus),Miscellaneous,"4(14)-salvialene 1,5-oxide","(Ep)oxides, pyrans, coumarins",2000,2000
,MASTIC (Pistacia lentiscus),Miscellaneous,"anhydrolinalool oxide (6) (=2,2,6-trimethyl-6-vinyl-tetrahydropyran)","(Ep)oxides, pyrans, coumarins",200,200
,MASTIC (Pistacia lentiscus),Miscellaneous,cis-linalool oxide (unkn.str.),"(Ep)oxides, pyrans, coumarins",200,200
,MASTIC (Pistacia lentiscus),Miscellaneous,trans-linalool oxide (unkn.str.),"(Ep)oxides, pyrans, coumarins",100,100
MASTIC (Pistacia lentiscus L.) GUM OIL,MASTIC (Pistacia lentiscus),Miscellaneous,undecane,Hydrocarbons,8000,8000
MASTIC (Pistacia lentiscus L.) GUM OIL,MASTIC (Pistacia lentiscus),Miscellaneous,tridecane,Hydrocarbons,15000,15000
MASTIC (Pistacia lentiscus L.) GUM OIL,MASTIC (Pistacia lentiscus),Miscellaneous,(Z)-β-ocimene,Hydrocarbons,<1000,<1000
MASTIC (Pistacia lentiscus L.) GUM OIL,MASTIC (Pistacia lentiscus),Miscellaneous,(E)-β-ocimene,Hydrocarbons,<1000,1200
MASTIC (Pistacia lentiscus L.) GUM OIL,MASTIC (Pistacia lentiscus),Miscellaneous,β-myrcene (=myrcene),Hydrocarbons,2300,122700
MASTIC (Pistacia lentiscus L.) GUM OIL,MASTIC (Pistacia lentiscus),Miscellaneous,dimyrcene,Hydrocarbons,<1000,43800
MASTIC (Pistacia lentiscus L.) GUM OIL,MASTIC (Pistacia lentiscus),Miscellaneous,α-phellandrene,Hydrocarbons,<1000,1300
MASTIC (Pistacia lentiscus L.) GUM OIL,MASTIC (Pistacia lentiscus),Miscellaneous,β-phellandrene,Hydrocarbons,600,1000
MASTIC (Pistacia lentiscus L.) GUM OIL,MASTIC (Pistacia lentiscus),Miscellaneous,α-terpinene,Hydrocarbons,500,1000
MASTIC (Pistacia lentiscus L.) GUM OIL,MASTIC (Pistacia lentiscus),Miscellaneous,γ-terpinene,Hydrocarbons,100,2000
MASTIC (Pistacia lentiscus L.) GUM OIL,MASTIC (Pistacia lentiscus),Miscellaneous,terpinolene,Hydrocarbons,500,2000
MASTIC (Pistacia lentiscus L.) GUM OIL,MASTIC (Pistacia lentiscus),Miscellaneous,limonene,Hydrocarbons,4100,115240
MASTIC (Pistacia lentiscus L.) GUM OIL,MASTIC (Pistacia lentiscus),Miscellaneous,α-humulene (=humulene),Hydrocarbons,500,1000
MASTIC (Pistacia lentiscus L.) GUM OIL,MASTIC (Pistacia lentiscus),Miscellaneous,α-pinene,Hydrocarbons,217000,789020
MASTIC (Pistacia lentiscus L.) GUM OIL,MASTIC (Pistacia lentiscus),Miscellaneous,β-pinene,Hydrocarbons,12600,387000
MASTIC (Pistacia lentiscus L.) GUM OIL,MASTIC (Pistacia lentiscus),Miscellaneous,verbenene (=pinadiene),Hydrocarbons,<1000,3200
MASTIC (Pistacia lentiscus L.) GUM OIL,MASTIC (Pistacia lentiscus),Miscellaneous,camphene,Hydrocarbons,4000,10400
MASTIC (Pistacia lentiscus L.) GUM OIL,MASTIC (Pistacia lentiscus),Miscellaneous,fenchene (unkn.str.),Hydrocarbons,<1000,<1000
MASTIC (Pistacia lentiscus L.) GUM OIL,MASTIC (Pistacia lentiscus),Miscellaneous,α-thujene,Hydrocarbons,600,1700
MASTIC (Pistacia lentiscus L.) GUM OIL,MASTIC (Pistacia lentiscus),Miscellaneous,sabinene (=4(10)-thujene),Hydrocarbons,<1000,7700
MASTIC (Pistacia lentiscus L.) GUM OIL,MASTIC (Pistacia lentiscus),Miscellaneous,3-carene,Hydrocarbons,100,1000
MASTIC (Pistacia lentiscus L.) GUM OIL,MASTIC (Pistacia lentiscus),Miscellaneous,δ-cadinene,Hydrocarbons,100,1600
MASTIC (Pistacia lentiscus L.) GUM OIL,MASTIC (Pistacia lentiscus),Miscellaneous,"1,4-cadinadiene",Hydrocarbons,1600,1600
MASTIC (Pistacia lentiscus L.) GUM OIL,MASTIC (Pistacia lentiscus),Miscellaneous,"1(6),4-cadinadiene",Hydrocarbons,2000,2000
MASTIC (Pistacia lentiscus L.) GUM OIL,MASTIC (Pistacia lentiscus),Miscellaneous,α-muurolene,Hydrocarbons,<1000,<1000
MASTIC (Pistacia lentiscus L.) GUM OIL,MASTIC (Pistacia lentiscus),Miscellaneous,γ-muurolene,Hydrocarbons,<1000,<1000
MASTIC (Pistacia lentiscus L.) GUM OIL,MASTIC (Pistacia lentiscus),Miscellaneous,β-caryophyllene,Hydrocarbons,1900,14700
MASTIC (Pistacia lentiscus L.) GUM OIL,MASTIC (Pistacia lentiscus),Miscellaneous,α-copaene (=copaene),Hydrocarbons,100,1000
MASTIC (Pistacia lentiscus L.) GUM OIL,MASTIC (Pistacia lentiscus),Miscellaneous,tricyclene,Hydrocarbons,1600,1600
MASTIC (Pistacia lentiscus L.) GUM OIL,MASTIC (Pistacia lentiscus),Miscellaneous,1-isopropyl-2-methylbenzene (=o-cymene),Hydrocarbons,<1000,1100
MASTIC (Pistacia lentiscus L.) GUM OIL,MASTIC (Pistacia lentiscus),Miscellaneous,1-isopropyl-4-methylbenzene (=p-cymene),Hydrocarbons,1300,4800
MASTIC (Pistacia lentiscus L.) GUM OIL,MASTIC (Pistacia lentiscus),Miscellaneous,"1-isopropenyl-4-methylbenzene (=α,p-dimethyl styrene, p-cymenene, dehydro-p-cymene)",Hydrocarbons,100,4100
MASTIC (Pistacia lentiscus L.) GUM OIL,MASTIC (Pistacia lentiscus),Miscellaneous,naphthalene,Hydrocarbons,<1000,<1000
MASTIC (Pistacia lentiscus L.) GUM OIL,MASTIC (Pistacia lentiscus),Miscellaneous,1-octen-3-ol,Alcohols,<2000,<2000
MASTIC (Pistacia lentiscus L.) GUM OIL,MASTIC (Pistacia lentiscus),Miscellaneous,citronellol,Alcohols,,
MASTIC (Pistacia lentiscus L.) GUM OIL,MASTIC (Pistacia lentiscus),Miscellaneous,linalool,Alcohols,300,37100
MASTIC (Pistacia lentiscus L.) GUM OIL,MASTIC (Pistacia lentiscus),Miscellaneous,nerolidol,Alcohols,<1000,<1000
MASTIC (Pistacia lentiscus L.) GUM OIL,MASTIC (Pistacia lentiscus),Miscellaneous,"4-isopropylbenzyl alcohol (=cumic alcohol, p-cymen-7-ol)",Alcohols,3300,3300
MASTIC (Pistacia lentiscus L.) GUM OIL,MASTIC (Pistacia lentiscus),Miscellaneous,"p-cymen-8-ol (=α,α,p-trimethyl-benzyl alcohol)",Alcohols,6300,6300
MASTIC (Pistacia lentiscus L.) GUM OIL,MASTIC (Pistacia lentiscus),Miscellaneous,α-terpineol,Alcohols,1500,19000
MASTIC (Pistacia lentiscus L.) GUM OIL,MASTIC (Pistacia lentiscus),Miscellaneous,4-terpineol (=terpinen-4-ol),Alcohols,1000,6000
MASTIC (Pistacia lentiscus L.) GUM OIL,MASTIC (Pistacia lentiscus),Miscellaneous,isopulegol,Alcohols,,
MASTIC (Pistacia lentiscus L.) GUM OIL,MASTIC (Pistacia lentiscus),Miscellaneous,"trans-p-2,8-menthadien-1-ol",Alcohols,2300,2300
MASTIC (Pistacia lentiscus L.) GUM OIL,MASTIC (Pistacia lentiscus),Miscellaneous,"cis-carveol (= cis-p-1(6),8-menthadien-2-ol)",Alcohols,6000,6000
MASTIC (Pistacia lentiscus L.) GUM OIL,MASTIC (Pistacia lentiscus),Miscellaneous,"trans-carveol (=trans-p-1(6),8-menthadien-2-ol)",Alcohols,400,7000
MASTIC (Pistacia lentiscus L.) GUM OIL,MASTIC (Pistacia lentiscus),Miscellaneous,"perilla alcohol (=p-1,8-menthadien-7-ol)",Alcohols,8400,8400
MASTIC (Pistacia lentiscus L.) GUM OIL,MASTIC (Pistacia lentiscus),Miscellaneous,santenol,Alcohols,<1000,<1000
MASTIC (Pistacia lentiscus L.) GUM OIL,MASTIC (Pistacia lentiscus),Miscellaneous,pinocarveol,Alcohols,2900,21400
MASTIC (Pistacia lentiscus L.) GUM OIL,MASTIC (Pistacia lentiscus),Miscellaneous,verbenol,Alcohols,,
MASTIC (Pistacia lentiscus L.) GUM OIL,MASTIC (Pistacia lentiscus),Miscellaneous,β-acorenol,Alcohols,3300,3300
MASTIC (Pistacia lentiscus L.) GUM OIL,MASTIC (Pistacia lentiscus),Miscellaneous,trans-myrtanol,Alcohols,5000,5000
MASTIC (Pistacia lentiscus L.) GUM OIL,MASTIC (Pistacia lentiscus),Miscellaneous,myrtenol,Alcohols,900,19000
MASTIC (Pistacia lentiscus L.) GUM OIL,MASTIC (Pistacia lentiscus),Miscellaneous,borneol,Alcohols,<1000,29000
MASTIC (Pistacia lentiscus L.) GUM OIL,MASTIC (Pistacia lentiscus),Miscellaneous,trans-sabinol (=trans-4(10)-thujenol),Alcohols,,
MASTIC (Pistacia lentiscus L.) GUM OIL,MASTIC (Pistacia lentiscus),Miscellaneous,1-epicubenol,Alcohols,5400,5400
MASTIC (Pistacia lentiscus L.) GUM OIL,MASTIC (Pistacia lentiscus),Miscellaneous,hexanal (=capronaldehyde),"Carbonyls, aldehydes",<1000,<1000
MASTIC (Pistacia lentiscus L.) GUM OIL,MASTIC (Pistacia lentiscus),Miscellaneous,octanal (=caprylaldehyde),"Carbonyls, aldehydes",<1000,<1000
MASTIC (Pistacia lentiscus L.) GUM OIL,MASTIC (Pistacia lentiscus),Miscellaneous,nonanal (=pelargonaldehyde),"Carbonyls, aldehydes",<1000,35000
MASTIC (Pistacia lentiscus L.) GUM OIL,MASTIC (Pistacia lentiscus),Miscellaneous,geranial (=α-citral),"Carbonyls, aldehydes",<1000,2000
MASTIC (Pistacia lentiscus L.) GUM OIL,MASTIC (Pistacia lentiscus),Miscellaneous,neral (=β-citral),"Carbonyls, aldehydes",,
MASTIC (Pistacia lentiscus L.) GUM OIL,MASTIC (Pistacia lentiscus),Miscellaneous,camphoraldehyde,"Carbonyls, aldehydes",<1000,11000
MASTIC (Pistacia lentiscus L.) GUM OIL,MASTIC (Pistacia lentiscus),Miscellaneous,4-methoxybenzaldehyde (=anisaldehyde),"Carbonyls, aldehydes",1100,1100
MASTIC (Pistacia lentiscus L.) GUM OIL,MASTIC (Pistacia lentiscus),Miscellaneous,"3,4-dimethoxybenzaldehyde (=veratraldehyde, methylvanillin)","Carbonyls, aldehydes",2100,2100
MASTIC (Pistacia lentiscus L.) GUM OIL,MASTIC (Pistacia lentiscus),Miscellaneous,myrtenal,"Carbonyls, aldehydes",1300,7200
MASTIC (Pistacia lentiscus L.) GUM OIL,MASTIC (Pistacia lentiscus),Miscellaneous,6-methyl-5-hepten-2-one,"Carbonyls, ketones",100,1000
MASTIC (Pistacia lentiscus L.) GUM OIL,MASTIC (Pistacia lentiscus),Miscellaneous,2-octanone,"Carbonyls, ketones",<1000,<1000
MASTIC (Pistacia lentiscus L.) GUM OIL,MASTIC (Pistacia lentiscus),Miscellaneous,2-nonanone,"Carbonyls, ketones",300,1000
MASTIC (Pistacia lentiscus L.) GUM OIL,MASTIC (Pistacia lentiscus),Miscellaneous,2-undecanone,"Carbonyls, ketones",<1000,1900
MASTIC (Pistacia lentiscus L.) GUM OIL,MASTIC (Pistacia lentiscus),Miscellaneous,"6,10-dimethyl-5,9-undecadien-2-one","Carbonyls, ketones",1100,1100
MASTIC (Pistacia lentiscus L.) GUM OIL,MASTIC (Pistacia lentiscus),Miscellaneous,piperitone,"Carbonyls, ketones",<1000,<1000
MASTIC (Pistacia lentiscus L.) GUM OIL,MASTIC (Pistacia lentiscus),Miscellaneous,"carvone (=p-6,8-menthadien-2-one)","Carbonyls, ketones",<1000,2000
MASTIC (Pistacia lentiscus L.) GUM OIL,MASTIC (Pistacia lentiscus),Miscellaneous,camphor (=alcanfor),"Carbonyls, ketones",<1000,2300
MASTIC (Pistacia lentiscus L.) GUM OIL,MASTIC (Pistacia lentiscus),Miscellaneous,pinocamphone,"Carbonyls, ketones",<1000,3300
MASTIC (Pistacia lentiscus L.) GUM OIL,MASTIC (Pistacia lentiscus),Miscellaneous,isothujone (=β-thujone),"Carbonyls, ketones",6370,6370
MASTIC (Pistacia lentiscus L.) GUM OIL,MASTIC (Pistacia lentiscus),Miscellaneous,pinocarvone,"Carbonyls, ketones",53000,53000
MASTIC (Pistacia lentiscus L.) GUM OIL,MASTIC (Pistacia lentiscus),Miscellaneous,verbenone (=2-pinen-4-one),"Carbonyls, ketones",1200,29300
MASTIC (Pistacia lentiscus L.) GUM OIL,MASTIC (Pistacia lentiscus),Miscellaneous,citronellyl acetate,Esters,,
MASTIC (Pistacia lentiscus L.) GUM OIL,MASTIC (Pistacia lentiscus),Miscellaneous,linalyl acetate,Esters,<1000,10810
MASTIC (Pistacia lentiscus L.) GUM OIL,MASTIC (Pistacia lentiscus),Miscellaneous,bornyl acetate,Esters,1000,26000
MASTIC (Pistacia lentiscus L.) GUM OIL,MASTIC (Pistacia lentiscus),Miscellaneous,chrysanthenyl acetate,Esters,,
MASTIC (Pistacia lentiscus L.) GUM OIL,MASTIC (Pistacia lentiscus),Miscellaneous,"1,4-cineole",Ethers,<1000,<1000
MASTIC (Pistacia lentiscus L.) GUM OIL,MASTIC (Pistacia lentiscus),Miscellaneous,"1,8-cineole (=eucalyptol)",Ethers,<1000,3400
MASTIC (Pistacia lentiscus L.) GUM OIL,MASTIC (Pistacia lentiscus),Miscellaneous,methyl o-cresol (unkn.str.),Phenols,4400,5600
MASTIC (Pistacia lentiscus L.) GUM OIL,MASTIC (Pistacia lentiscus),Miscellaneous,thymol (=2-isopropyl-5-methylphenol),Phenols,880,24000
MASTIC (Pistacia lentiscus L.) GUM OIL,MASTIC (Pistacia lentiscus),Miscellaneous,carvacrol (=5-isopropyl-2-methylphenol),Phenols,18000,18000
MASTIC (Pistacia lentiscus L.) GUM OIL,MASTIC (Pistacia lentiscus),Miscellaneous,1-methoxy-2-methylbenzene (=2-methylanisole),Phenols,4400,4400
MASTIC (Pistacia lentiscus L.) GUM OIL,MASTIC (Pistacia lentiscus),Miscellaneous,anethole (=1-methoxy-4-(1-propenyl)benzene),Phenols,2300,2300
MASTIC (Pistacia lentiscus L.) GUM OIL,MASTIC (Pistacia lentiscus),Miscellaneous,(Z)-anethole (=(Z)-1-methoxy-4-(1-propenyl)benzene),Phenols,1600,1600
MASTIC (Pistacia lentiscus L.) GUM OIL,MASTIC (Pistacia lentiscus),Miscellaneous,"(E)-anethole (=(E)-1-methoxy-4-(1-propenyl)benzene, anise camphor)",Phenols,2300,3600
MASTIC (Pistacia lentiscus L.) GUM OIL,MASTIC (Pistacia lentiscus),Miscellaneous,4-isopropyl-2-methoxy-1-methylbenzene (=methylcarvacrol),Phenols,<1000,<1000
MASTIC (Pistacia lentiscus L.) GUM OIL,MASTIC (Pistacia lentiscus),Miscellaneous,"methyleugenol (=4-allyl-1,2-dimethoxybenzene)",Phenols,200,1100
MASTIC (Pistacia lentiscus L.) GUM OIL,MASTIC (Pistacia lentiscus),Miscellaneous,"(Z)-1,2-dimethoxy-4-(1-propenyl)-benzene (=(Z)-methylisoeugenol)",Phenols,400,1000
MASTIC (Pistacia lentiscus L.) GUM OIL,MASTIC (Pistacia lentiscus),Miscellaneous,"(E)-1,2-dimethoxy-4-(1-propenyl)-benzene (=(E)-methylisoeugenol)",Phenols,<1000,2100
MASTIC (Pistacia lentiscus L.) GUM OIL,MASTIC (Pistacia lentiscus),Miscellaneous,2-pentylfuran,Furans,<1000,<1000
MASTIC (Pistacia lentiscus L.) GUM OIL,MASTIC (Pistacia lentiscus),Miscellaneous,3-(4-methyl-3-pentenyl)furan (=perillene),Furans,3400,5000
MASTIC (Pistacia lentiscus L.) GUM OIL,MASTIC (Pistacia lentiscus),Miscellaneous,"3,5-dimethyl-2-vinylfuran",Furans,<1000,<1000
MASTIC (Pistacia lentiscus L.) GUM OIL,MASTIC (Pistacia lentiscus),Miscellaneous,ocimene oxide,"(Ep)oxides, pyrans, coumarins",<1000,<1000
MASTIC (Pistacia lentiscus L.) GUM OIL,MASTIC (Pistacia lentiscus),Miscellaneous,β-caryophyllene oxide,"(Ep)oxides, pyrans, coumarins",<1000,11300
MASTIC (Pistacia lentiscus L.) FRUIT OIL,MASTIC (Pistacia lentiscus),Miscellaneous,β-ocimene,Hydrocarbons,11300,11300
MASTIC (Pistacia lentiscus L.) FRUIT OIL,MASTIC (Pistacia lentiscus),Miscellaneous,(Z)-β-ocimene,Hydrocarbons,500,2000
MASTIC (Pistacia lentiscus L.) FRUIT OIL,MASTIC (Pistacia lentiscus),Miscellaneous,(E)-β-ocimene,Hydrocarbons,3000,60000
MASTIC (Pistacia lentiscus L.) FRUIT OIL,MASTIC (Pistacia lentiscus),Miscellaneous,β-myrcene (=myrcene),Hydrocarbons,2400,722500
MASTIC (Pistacia lentiscus L.) FRUIT OIL,MASTIC (Pistacia lentiscus),Miscellaneous,dimyrcene,Hydrocarbons,8100,8100
MASTIC (Pistacia lentiscus L.) FRUIT OIL,MASTIC (Pistacia lentiscus),Miscellaneous,α-phellandrene,Hydrocarbons,600,33400
MASTIC (Pistacia lentiscus L.) FRUIT OIL,MASTIC (Pistacia lentiscus),Miscellaneous,β-phellandrene,Hydrocarbons,900,70500
MASTIC (Pistacia lentiscus L.) FRUIT OIL,MASTIC (Pistacia lentiscus),Miscellaneous,α-terpinene,Hydrocarbons,400,17000
MASTIC (Pistacia lentiscus L.) FRUIT OIL,MASTIC (Pistacia lentiscus),Miscellaneous,γ-terpinene,Hydrocarbons,0,33000
MASTIC (Pistacia lentiscus L.) FRUIT OIL,MASTIC (Pistacia lentiscus),Miscellaneous,terpinolene,Hydrocarbons,700,13000
MASTIC (Pistacia lentiscus L.) FRUIT OIL,MASTIC (Pistacia lentiscus),Miscellaneous,limonene,Hydrocarbons,8000,241000
MASTIC (Pistacia lentiscus L.) FRUIT OIL,MASTIC (Pistacia lentiscus),Miscellaneous,1-epibicyclosesquiphellandrene,Hydrocarbons,0,1000
MASTIC (Pistacia lentiscus L.) FRUIT OIL,MASTIC (Pistacia lentiscus),Miscellaneous,β-elemene,Hydrocarbons,1000,6000
MASTIC (Pistacia lentiscus L.) FRUIT OIL,MASTIC (Pistacia lentiscus),Miscellaneous,γ-elemene,Hydrocarbons,200,200
MASTIC (Pistacia lentiscus L.) FRUIT OIL,MASTIC (Pistacia lentiscus),Miscellaneous,δ-elemene,Hydrocarbons,<1000,<1000
MASTIC (Pistacia lentiscus L.) FRUIT OIL,MASTIC (Pistacia lentiscus),Miscellaneous,β-bisabolene,Hydrocarbons,<1000,<1000
MASTIC (Pistacia lentiscus L.) FRUIT OIL,MASTIC (Pistacia lentiscus),Miscellaneous,germacrene D,Hydrocarbons,<1000,36000
MASTIC (Pistacia lentiscus L.) FRUIT OIL,MASTIC (Pistacia lentiscus),Miscellaneous,α-humulene (=humulene),Hydrocarbons,400,9300
MASTIC (Pistacia lentiscus L.) FRUIT OIL,MASTIC (Pistacia lentiscus),Miscellaneous,α-pinene,Hydrocarbons,2100,515000
MASTIC (Pistacia lentiscus L.) FRUIT OIL,MASTIC (Pistacia lentiscus),Miscellaneous,β-pinene,Hydrocarbons,900,173000
MASTIC (Pistacia lentiscus L.) FRUIT OIL,MASTIC (Pistacia lentiscus),Miscellaneous,camphene,Hydrocarbons,300,58000
MASTIC (Pistacia lentiscus L.) FRUIT OIL,MASTIC (Pistacia lentiscus),Miscellaneous,α-thujene,Hydrocarbons,<1000,15000
MASTIC (Pistacia lentiscus L.) FRUIT OIL,MASTIC (Pistacia lentiscus),Miscellaneous,sabinene (=4(10)-thujene),Hydrocarbons,1000,116000
MASTIC (Pistacia lentiscus L.) FRUIT OIL,MASTIC (Pistacia lentiscus),Miscellaneous,3-carene,Hydrocarbons,<1000,6000
MASTIC (Pistacia lentiscus L.) FRUIT OIL,MASTIC (Pistacia lentiscus),Miscellaneous,α-amorphene,Hydrocarbons,1700,1700
MASTIC (Pistacia lentiscus L.) FRUIT OIL,MASTIC (Pistacia lentiscus),Miscellaneous,α-cadinene,Hydrocarbons,<1000,8300
MASTIC (Pistacia lentiscus L.) FRUIT OIL,MASTIC (Pistacia lentiscus),Miscellaneous,γ-cadinene,Hydrocarbons,1000,13400
MASTIC (Pistacia lentiscus L.) FRUIT OIL,MASTIC (Pistacia lentiscus),Miscellaneous,δ-cadinene,Hydrocarbons,1000,27400
MASTIC (Pistacia lentiscus L.) FRUIT OIL,MASTIC (Pistacia lentiscus),Miscellaneous,"1,4-cadinene",Hydrocarbons,<1000,<1000
MASTIC (Pistacia lentiscus L.) FRUIT OIL,MASTIC (Pistacia lentiscus),Miscellaneous,cubenene,Hydrocarbons,0,3800
MASTIC (Pistacia lentiscus L.) FRUIT OIL,MASTIC (Pistacia lentiscus),Miscellaneous,α-muurolene,Hydrocarbons,500,15600
MASTIC (Pistacia lentiscus L.) FRUIT OIL,MASTIC (Pistacia lentiscus),Miscellaneous,γ-muurolene,Hydrocarbons,<1000,9100
MASTIC (Pistacia lentiscus L.) FRUIT OIL,MASTIC (Pistacia lentiscus),Miscellaneous,muurolene (unkn.str.),Hydrocarbons,1600,1600
MASTIC (Pistacia lentiscus L.) FRUIT OIL,MASTIC (Pistacia lentiscus),Miscellaneous,"α-selinene (=5β,7α,10α-selina-3,11-diene)",Hydrocarbons,3900,3900
MASTIC (Pistacia lentiscus L.) FRUIT OIL,MASTIC (Pistacia lentiscus),Miscellaneous,"β-selinene (=4(14),11-selinadiene)",Hydrocarbons,4100,4100
MASTIC (Pistacia lentiscus L.) FRUIT OIL,MASTIC (Pistacia lentiscus),Miscellaneous,δ-guaiene (=α-bulnesene),Hydrocarbons,400,400
MASTIC (Pistacia lentiscus L.) FRUIT OIL,MASTIC (Pistacia lentiscus),Miscellaneous,α-himachalene,Hydrocarbons,<1000,<1000
MASTIC (Pistacia lentiscus L.) FRUIT OIL,MASTIC (Pistacia lentiscus),Miscellaneous,β-himachalene,Hydrocarbons,<1000,<1000
MASTIC (Pistacia lentiscus L.) FRUIT OIL,MASTIC (Pistacia lentiscus),Miscellaneous,bicyclogermacrene,Hydrocarbons,<1000,2000
MASTIC (Pistacia lentiscus L.) FRUIT OIL,MASTIC (Pistacia lentiscus),Miscellaneous,β-caryophyllene,Hydrocarbons,2500,51000
MASTIC (Pistacia lentiscus L.) FRUIT OIL,MASTIC (Pistacia lentiscus),Miscellaneous,α-cubebene,Hydrocarbons,0,4000
MASTIC (Pistacia lentiscus L.) FRUIT OIL,MASTIC (Pistacia lentiscus),Miscellaneous,β-cubebene,Hydrocarbons,<1000,<1000
MASTIC (Pistacia lentiscus L.) FRUIT OIL,MASTIC (Pistacia lentiscus),Miscellaneous,α-copaene (=copaene),Hydrocarbons,400,3000
MASTIC (Pistacia lentiscus L.) FRUIT OIL,MASTIC (Pistacia lentiscus),Miscellaneous,α-ylangene (=ylangene),Hydrocarbons,0,3000
MASTIC (Pistacia lentiscus L.) FRUIT OIL,MASTIC (Pistacia lentiscus),Miscellaneous,β-bourbonene,Hydrocarbons,<1000,3000
MASTIC (Pistacia lentiscus L.) FRUIT OIL,MASTIC (Pistacia lentiscus),Miscellaneous,aromadendrene,Hydrocarbons,trace,trace
MASTIC (Pistacia lentiscus L.) FRUIT OIL,MASTIC (Pistacia lentiscus),Miscellaneous,alloaromadendrene,Hydrocarbons,200,4000
MASTIC (Pistacia lentiscus L.) FRUIT OIL,MASTIC (Pistacia lentiscus),Miscellaneous,β-gurjunene,Hydrocarbons,<1000,<1000
MASTIC (Pistacia lentiscus L.) FRUIT OIL,MASTIC (Pistacia lentiscus),Miscellaneous,γ-gurjunene,Hydrocarbons,0,1000
MASTIC (Pistacia lentiscus L.) FRUIT OIL,MASTIC (Pistacia lentiscus),Miscellaneous,α-longipinene,Hydrocarbons,0,5000
MASTIC (Pistacia lentiscus L.) FRUIT OIL,MASTIC (Pistacia lentiscus),Miscellaneous,tricyclene,Hydrocarbons,1000,17000
MASTIC (Pistacia lentiscus L.) FRUIT OIL,MASTIC (Pistacia lentiscus),Miscellaneous,1-isopropyl-4-methylbenzene (=p-cymene),Hydrocarbons,800,37000
MASTIC (Pistacia lentiscus L.) FRUIT OIL,MASTIC (Pistacia lentiscus),Miscellaneous,calamenene,Hydrocarbons,<1000,4100
MASTIC (Pistacia lentiscus L.) FRUIT OIL,MASTIC (Pistacia lentiscus),Miscellaneous,calacorene (unkn.str.),Hydrocarbons,<1000,<1000
MASTIC (Pistacia lentiscus L.) FRUIT OIL,MASTIC (Pistacia lentiscus),Miscellaneous,naphthalene,Hydrocarbons,<1000,<1000
MASTIC (Pistacia lentiscus L.) FRUIT OIL,MASTIC (Pistacia lentiscus),Miscellaneous,1-butanol,Alcohols,<1000,<1000
MASTIC (Pistacia lentiscus L.) FRUIT OIL,MASTIC (Pistacia lentiscus),Miscellaneous,(E)-2-hexen-1-ol,Alcohols,300,300
MASTIC (Pistacia lentiscus L.) FRUIT OIL,MASTIC (Pistacia lentiscus),Miscellaneous,(Z)-3-hexen-1-ol (=leaf alcohol),Alcohols,3100,3100
MASTIC (Pistacia lentiscus L.) FRUIT OIL,MASTIC (Pistacia lentiscus),Miscellaneous,2-heptanol,Alcohols,trace,trace
MASTIC (Pistacia lentiscus L.) FRUIT OIL,MASTIC (Pistacia lentiscus),Miscellaneous,2-nonanol,Alcohols,11100,11100
MASTIC (Pistacia lentiscus L.) FRUIT OIL,MASTIC (Pistacia lentiscus),Miscellaneous,citronellol,Alcohols,1800,1800
MASTIC (Pistacia lentiscus L.) FRUIT OIL,MASTIC (Pistacia lentiscus),Miscellaneous,geraniol,Alcohols,800,800
MASTIC (Pistacia lentiscus L.) FRUIT OIL,MASTIC (Pistacia lentiscus),Miscellaneous,linalool,Alcohols,400,1000
MASTIC (Pistacia lentiscus L.) FRUIT OIL,MASTIC (Pistacia lentiscus),Miscellaneous,"4-isopropylbenzyl alcohol (=cumic alcohol, p-cymen-7-ol)",Alcohols,trace,trace
MASTIC (Pistacia lentiscus L.) FRUIT OIL,MASTIC (Pistacia lentiscus),Miscellaneous,α-terpineol,Alcohols,100,136200
MASTIC (Pistacia lentiscus L.) FRUIT OIL,MASTIC (Pistacia lentiscus),Miscellaneous,trans-β-terpineol,Alcohols,100,100
MASTIC (Pistacia lentiscus L.) FRUIT OIL,MASTIC (Pistacia lentiscus),Miscellaneous,1-terpineol (=p-3-menthen-1-ol),Alcohols,8500,8500
MASTIC (Pistacia lentiscus L.) FRUIT OIL,MASTIC (Pistacia lentiscus),Miscellaneous,4-terpineol (=terpinen-4-ol),Alcohols,800,130700
MASTIC (Pistacia lentiscus L.) FRUIT OIL,MASTIC (Pistacia lentiscus),Miscellaneous,cis-p-2-menthen-1-ol,Alcohols,<1000,2000
MASTIC (Pistacia lentiscus L.) FRUIT OIL,MASTIC (Pistacia lentiscus),Miscellaneous,trans-p-2-menthen-1-ol,Alcohols,1000,3000
MASTIC (Pistacia lentiscus L.) FRUIT OIL,MASTIC (Pistacia lentiscus),Miscellaneous,"cis-carveol (= cis-p-1(6),8-menthadien-2-ol)",Alcohols,0,3300
MASTIC (Pistacia lentiscus L.) FRUIT OIL,MASTIC (Pistacia lentiscus),Miscellaneous,"trans-carveol (=trans-p-1(6),8-menthadien-2-ol)",Alcohols,0,5000
MASTIC (Pistacia lentiscus L.) FRUIT OIL,MASTIC (Pistacia lentiscus),Miscellaneous,α-bisabolol,Alcohols,<1000,2000
MASTIC (Pistacia lentiscus L.) FRUIT OIL,MASTIC (Pistacia lentiscus),Miscellaneous,elemol,Alcohols,0,2000
MASTIC (Pistacia lentiscus L.) FRUIT OIL,MASTIC (Pistacia lentiscus),Miscellaneous,germacrene D-4-ol,Alcohols,<1000,3000
MASTIC (Pistacia lentiscus L.) FRUIT OIL,MASTIC (Pistacia lentiscus),Miscellaneous,camphene hydrate,Alcohols,<1000,2000
MASTIC (Pistacia lentiscus L.) FRUIT OIL,MASTIC (Pistacia lentiscus),Miscellaneous,cis-pinene hydrate,Alcohols,200,200
MASTIC (Pistacia lentiscus L.) FRUIT OIL,MASTIC (Pistacia lentiscus),Miscellaneous,trans-verbenol,Alcohols,100,100
MASTIC (Pistacia lentiscus L.) FRUIT OIL,MASTIC (Pistacia lentiscus),Miscellaneous,myrtenol,Alcohols,<1000,2000
MASTIC (Pistacia lentiscus L.) FRUIT OIL,MASTIC (Pistacia lentiscus),Miscellaneous,borneol,Alcohols,<1000,14400
MASTIC (Pistacia lentiscus L.) FRUIT OIL,MASTIC (Pistacia lentiscus),Miscellaneous,α-fenchol (=α-fenchyl alcohol),Alcohols,5800,5800
MASTIC (Pistacia lentiscus L.) FRUIT OIL,MASTIC (Pistacia lentiscus),Miscellaneous,fenchol (unkn.str.),Alcohols,<1000,2000
MASTIC (Pistacia lentiscus L.) FRUIT OIL,MASTIC (Pistacia lentiscus),Miscellaneous,α-cadinol,Alcohols,2000,15000
MASTIC (Pistacia lentiscus L.) FRUIT OIL,MASTIC (Pistacia lentiscus),Miscellaneous,δ-cadinol (=torreyol),Alcohols,38900,38900
MASTIC (Pistacia lentiscus L.) FRUIT OIL,MASTIC (Pistacia lentiscus),Miscellaneous,cadinol (unkn.str.),Alcohols,300,300
MASTIC (Pistacia lentiscus L.) FRUIT OIL,MASTIC (Pistacia lentiscus),Miscellaneous,cadinol-T,Alcohols,<1000,2000
MASTIC (Pistacia lentiscus L.) FRUIT OIL,MASTIC (Pistacia lentiscus),Miscellaneous,cubebol,Alcohols,0,1000
MASTIC (Pistacia lentiscus L.) FRUIT OIL,MASTIC (Pistacia lentiscus),Miscellaneous,α-muurolol,Alcohols,0,3000
MASTIC (Pistacia lentiscus L.) FRUIT OIL,MASTIC (Pistacia lentiscus),Miscellaneous,muurolol-T,Alcohols,1000,12000
MASTIC (Pistacia lentiscus L.) FRUIT OIL,MASTIC (Pistacia lentiscus),Miscellaneous,cubenol,Alcohols,<1000,<1000
MASTIC (Pistacia lentiscus L.) FRUIT OIL,MASTIC (Pistacia lentiscus),Miscellaneous,1-epicubenol,Alcohols,<1000,4000
MASTIC (Pistacia lentiscus L.) FRUIT OIL,MASTIC (Pistacia lentiscus),Miscellaneous,β-eudesmol,Alcohols,0,2000
MASTIC (Pistacia lentiscus L.) FRUIT OIL,MASTIC (Pistacia lentiscus),Miscellaneous,γ-eudesmol,Alcohols,0,1000
MASTIC (Pistacia lentiscus L.) FRUIT OIL,MASTIC (Pistacia lentiscus),Miscellaneous,spathulenol (=(+)-spathulenol),Alcohols,0,3000
MASTIC (Pistacia lentiscus L.) FRUIT OIL,MASTIC (Pistacia lentiscus),Miscellaneous,nonanal (=pelargonaldehyde),"Carbonyls, aldehydes",1000,1000
MASTIC (Pistacia lentiscus L.) FRUIT OIL,MASTIC (Pistacia lentiscus),Miscellaneous,4-isopropylbenzaldehyde (=cuminaldehyde),"Carbonyls, aldehydes",1000,2000
MASTIC (Pistacia lentiscus L.) FRUIT OIL,MASTIC (Pistacia lentiscus),Miscellaneous,2-nonanone,"Carbonyls, ketones",1000,35000
MASTIC (Pistacia lentiscus L.) FRUIT OIL,MASTIC (Pistacia lentiscus),Miscellaneous,2-undecanone,"Carbonyls, ketones",1000,69000
MASTIC (Pistacia lentiscus L.) FRUIT OIL,MASTIC (Pistacia lentiscus),Miscellaneous,4-isopropyl-2-cyclohexen-1-one (=cryptone),"Carbonyls, ketones",0,5000
MASTIC (Pistacia lentiscus L.) FRUIT OIL,MASTIC (Pistacia lentiscus),Miscellaneous,piperitone,"Carbonyls, ketones",<1000,37500
MASTIC (Pistacia lentiscus L.) FRUIT OIL,MASTIC (Pistacia lentiscus),Miscellaneous,"piperitenone (=p-1,4(8)-menthadien-3-one)","Carbonyls, ketones",23000,23000
MASTIC (Pistacia lentiscus L.) FRUIT OIL,MASTIC (Pistacia lentiscus),Miscellaneous,"carvone (=p-6,8-menthadien-2-one)","Carbonyls, ketones",13200,13200
MASTIC (Pistacia lentiscus L.) FRUIT OIL,MASTIC (Pistacia lentiscus),Miscellaneous,"isopiperitenone (=p-1,8-menthadien-3-one)","Carbonyls, ketones",22100,22100
MASTIC (Pistacia lentiscus L.) FRUIT OIL,MASTIC (Pistacia lentiscus),Miscellaneous,camphor (=alcanfor),"Carbonyls, ketones",<1000,<1000
MASTIC (Pistacia lentiscus L.) FRUIT OIL,MASTIC (Pistacia lentiscus),Miscellaneous,fenchone,"Carbonyls, ketones",<1000,<1000
MASTIC (Pistacia lentiscus L.) FRUIT OIL,MASTIC (Pistacia lentiscus),Miscellaneous,hexadecanoic acid (=palmitic acid),Acids,0,2000
MASTIC (Pistacia lentiscus L.) FRUIT OIL,MASTIC (Pistacia lentiscus),Miscellaneous,α-terpinyl acetate,Esters,100,100
MASTIC (Pistacia lentiscus L.) FRUIT OIL,MASTIC (Pistacia lentiscus),Miscellaneous,bornyl acetate,Esters,<1000,33000
MASTIC (Pistacia lentiscus L.) FRUIT OIL,MASTIC (Pistacia lentiscus),Miscellaneous,"isopentyl butanoate (=3-methylbutyl butanoate, isoamyl butyrate)",Esters,2000,5800
MASTIC (Pistacia lentiscus L.) FRUIT OIL,MASTIC (Pistacia lentiscus),Miscellaneous,isopentyl 2-methylbutanoate (=3-methylbutyl 2-methyl-butanoate),Esters,1000,2000
MASTIC (Pistacia lentiscus L.) FRUIT OIL,MASTIC (Pistacia lentiscus),Miscellaneous,"isopentyl 3-methylbutanoate (=3-methylbutyl 3-methylbutanoate, isoamyl isovalerate)",Esters,200,8000
MASTIC (Pistacia lentiscus L.) FRUIT OIL,MASTIC (Pistacia lentiscus),Miscellaneous,benzyl 3-methylbutanoate,Esters,<1000,5000
MASTIC (Pistacia lentiscus L.) FRUIT OIL,MASTIC (Pistacia lentiscus),Miscellaneous,ethyl hexanoate (=ethyl caproate),Esters,trace,trace
MASTIC (Pistacia lentiscus L.) FRUIT OIL,MASTIC (Pistacia lentiscus),Miscellaneous,isopentyl hexanoate,Esters,0,4100
MASTIC (Pistacia lentiscus L.) FRUIT OIL,MASTIC (Pistacia lentiscus),Miscellaneous,ethyl octanoate (=ethyl caprylate),Esters,trace,trace
MASTIC (Pistacia lentiscus L.) FRUIT OIL,MASTIC (Pistacia lentiscus),Miscellaneous,isopentyl octanoate,Esters,600,600
MASTIC (Pistacia lentiscus L.) FRUIT OIL,MASTIC (Pistacia lentiscus),Miscellaneous,ethyl decanoate (=ethyl caprate),Esters,500,500
MASTIC (Pistacia lentiscus L.) FRUIT OIL,MASTIC (Pistacia lentiscus),Miscellaneous,ethyl hexadecanoate (=ethyl palmitate),Esters,83500,83500
MASTIC (Pistacia lentiscus L.) FRUIT OIL,MASTIC (Pistacia lentiscus),Miscellaneous,"ethyl (Z,Z)-9,12-octadecadienoate (=ethyl linoleate)",Esters,5100,5100
MASTIC (Pistacia lentiscus L.) FRUIT OIL,MASTIC (Pistacia lentiscus),Miscellaneous,"ethyl (Z,Z,Z)-9,12,15-octadecatrienoate (=ethyl linolenate)",Esters,3200,3200
MASTIC (Pistacia lentiscus L.) FRUIT OIL,MASTIC (Pistacia lentiscus),Miscellaneous,methylbutyl benzoate (unkn.str.),Esters,3100,3100
MASTIC (Pistacia lentiscus L.) FRUIT OIL,MASTIC (Pistacia lentiscus),Miscellaneous,isopentyl benzoate,Esters,<1000,5000
MASTIC (Pistacia lentiscus L.) FRUIT OIL,MASTIC (Pistacia lentiscus),Miscellaneous,benzyl benzoate,Esters,0,1000
MASTIC (Pistacia lentiscus L.) FRUIT OIL,MASTIC (Pistacia lentiscus),Miscellaneous,"1,8-cineole (=eucalyptol)",Ethers,2400,9000
MASTIC (Pistacia lentiscus L.) FRUIT OIL,MASTIC (Pistacia lentiscus),Miscellaneous,thymol (=2-isopropyl-5-methylphenol),Phenols,1000,1000
MASTIC (Pistacia lentiscus L.) FRUIT OIL,MASTIC (Pistacia lentiscus),Miscellaneous,carvacrol (=5-isopropyl-2-methylphenol),Phenols,6000,6000
MASTIC (Pistacia lentiscus L.) FRUIT OIL,MASTIC (Pistacia lentiscus),Miscellaneous,"1-allyl-4-methoxybenzene (=estragole, methylchavicol)",Phenols,<1000,<1000
MASTIC (Pistacia lentiscus L.) FRUIT OIL,MASTIC (Pistacia lentiscus),Miscellaneous,anethole (=1-methoxy-4-(1-propenyl)benzene),Phenols,6000,6000
MASTIC (Pistacia lentiscus L.) FRUIT OIL,MASTIC (Pistacia lentiscus),Miscellaneous,"(E)-anethole (=(E)-1-methoxy-4-(1-propenyl)benzene, anise camphor)",Phenols,200,200
MASTIC (Pistacia lentiscus L.) FRUIT OIL,MASTIC (Pistacia lentiscus),Miscellaneous,"1-isopropyl-2-methoxy-4-methylbenzene (=methyl thymyl ether, methylthymol)",Phenols,0,7000
MASTIC (Pistacia lentiscus L.) FRUIT OIL,MASTIC (Pistacia lentiscus),Miscellaneous,"methyleugenol (=4-allyl-1,2-dimethoxybenzene)",Phenols,<1000,7900
MASTIC (Pistacia lentiscus L.) FRUIT OIL,MASTIC (Pistacia lentiscus),Miscellaneous,"methylisoeugenol (=1,2-dimethoxy-4-(1-propenyl)-benzene)",Phenols,800,800
MASTIC (Pistacia lentiscus L.) FRUIT OIL,MASTIC (Pistacia lentiscus),Miscellaneous,3-(4-methyl-3-pentenyl)furan (=perillene),Furans,200,9000
MASTIC (Pistacia lentiscus L.) FRUIT OIL,MASTIC (Pistacia lentiscus),Miscellaneous,"furfural (=2-formylfuran, 2-furancarbaldehyde, 2-furaldehyde)",Furans,400,400
MASTIC (Pistacia lentiscus L.) FRUIT OIL,MASTIC (Pistacia lentiscus),Miscellaneous,humulene epoxide II,"(Ep)oxides, pyrans, coumarins",<1000,4000
MASTIC (Pistacia lentiscus L.) FRUIT OIL,MASTIC (Pistacia lentiscus),Miscellaneous,humulene epoxide (unkn.str.),"(Ep)oxides, pyrans, coumarins",4100,4100
MASTIC (Pistacia lentiscus L.) FRUIT OIL,MASTIC (Pistacia lentiscus),Miscellaneous,β-caryophyllene oxide,"(Ep)oxides, pyrans, coumarins",1000,51600
MASTIC (Pistacia lentiscus L.) LEAF OIL,MASTIC (Pistacia lentiscus),Miscellaneous,undecane,Hydrocarbons,25000,25000
MASTIC (Pistacia lentiscus L.) LEAF OIL,MASTIC (Pistacia lentiscus),Miscellaneous,β-ocimene,Hydrocarbons,2100,2100
MASTIC (Pistacia lentiscus L.) LEAF OIL,MASTIC (Pistacia lentiscus),Miscellaneous,(Z)-β-ocimene,Hydrocarbons,trace,7000
MASTIC (Pistacia lentiscus L.) LEAF OIL,MASTIC (Pistacia lentiscus),Miscellaneous,(E)-β-ocimene,Hydrocarbons,0,38000
MASTIC (Pistacia lentiscus L.) LEAF OIL,MASTIC (Pistacia lentiscus),Miscellaneous,allo-ocimene,Hydrocarbons,600,600
MASTIC (Pistacia lentiscus L.) LEAF OIL,MASTIC (Pistacia lentiscus),Miscellaneous,β-myrcene (=myrcene),Hydrocarbons,600,331000
MASTIC (Pistacia lentiscus L.) LEAF OIL,MASTIC (Pistacia lentiscus),Miscellaneous,dimyrcene,Hydrocarbons,4700,4700
MASTIC (Pistacia lentiscus L.) LEAF OIL,MASTIC (Pistacia lentiscus),Miscellaneous,"(E,E)-α-farnesene (=α-farnesene)",Hydrocarbons,1900,1900
MASTIC (Pistacia lentiscus L.) LEAF OIL,MASTIC (Pistacia lentiscus),Miscellaneous,β-farnesene,Hydrocarbons,1000,1000
MASTIC (Pistacia lentiscus L.) LEAF OIL,MASTIC (Pistacia lentiscus),Miscellaneous,(E)-β-farnesene,Hydrocarbons,7400,7400
MASTIC (Pistacia lentiscus L.) LEAF OIL,MASTIC (Pistacia lentiscus),Miscellaneous,α-phellandrene,Hydrocarbons,trace,55000
MASTIC (Pistacia lentiscus L.) LEAF OIL,MASTIC (Pistacia lentiscus),Miscellaneous,β-phellandrene,Hydrocarbons,0,126300
MASTIC (Pistacia lentiscus L.) LEAF OIL,MASTIC (Pistacia lentiscus),Miscellaneous,phellandrene (unkn.str.),Hydrocarbons,37000,37000
MASTIC (Pistacia lentiscus L.) LEAF OIL,MASTIC (Pistacia lentiscus),Miscellaneous,α-terpinene,Hydrocarbons,0,31000
MASTIC (Pistacia lentiscus L.) LEAF OIL,MASTIC (Pistacia lentiscus),Miscellaneous,β-terpinene,Hydrocarbons,5000,5000
MASTIC (Pistacia lentiscus L.) LEAF OIL,MASTIC (Pistacia lentiscus),Miscellaneous,γ-terpinene,Hydrocarbons,700,55000
MASTIC (Pistacia lentiscus L.) LEAF OIL,MASTIC (Pistacia lentiscus),Miscellaneous,terpinolene,Hydrocarbons,600,23600
MASTIC (Pistacia lentiscus L.) LEAF OIL,MASTIC (Pistacia lentiscus),Miscellaneous,limonene,Hydrocarbons,1000,438000
MASTIC (Pistacia lentiscus L.) LEAF OIL,MASTIC (Pistacia lentiscus),Miscellaneous,1-epibicyclosesquiphellandrene,Hydrocarbons,<1000,7000
MASTIC (Pistacia lentiscus L.) LEAF OIL,MASTIC (Pistacia lentiscus),Miscellaneous,β-elemene,Hydrocarbons,2000,35000
MASTIC (Pistacia lentiscus L.) LEAF OIL,MASTIC (Pistacia lentiscus),Miscellaneous,(-)-β-elemene,Hydrocarbons,2000,4000
MASTIC (Pistacia lentiscus L.) LEAF OIL,MASTIC (Pistacia lentiscus),Miscellaneous,γ-elemene,Hydrocarbons,6000,6000
MASTIC (Pistacia lentiscus L.) LEAF OIL,MASTIC (Pistacia lentiscus),Miscellaneous,δ-elemene,Hydrocarbons,<0,1000
MASTIC (Pistacia lentiscus L.) LEAF OIL,MASTIC (Pistacia lentiscus),Miscellaneous,β-bisabolene,Hydrocarbons,0,34000
MASTIC (Pistacia lentiscus L.) LEAF OIL,MASTIC (Pistacia lentiscus),Miscellaneous,trans-γ-bisabolene,Hydrocarbons,13300,13300
MASTIC (Pistacia lentiscus L.) LEAF OIL,MASTIC (Pistacia lentiscus),Miscellaneous,β-curcumene,Hydrocarbons,2900,2900
MASTIC (Pistacia lentiscus L.) LEAF OIL,MASTIC (Pistacia lentiscus),Miscellaneous,germacrene D,Hydrocarbons,0,161900
MASTIC (Pistacia lentiscus L.) LEAF OIL,MASTIC (Pistacia lentiscus),Miscellaneous,germacrene (unkn.str.),Hydrocarbons,33000,33000
MASTIC (Pistacia lentiscus L.) LEAF OIL,MASTIC (Pistacia lentiscus),Miscellaneous,α-humulene (=humulene),Hydrocarbons,2000,34000
MASTIC (Pistacia lentiscus L.) LEAF OIL,MASTIC (Pistacia lentiscus),Miscellaneous,α-pinene,Hydrocarbons,2100,342000
MASTIC (Pistacia lentiscus L.) LEAF OIL,MASTIC (Pistacia lentiscus),Miscellaneous,β-pinene,Hydrocarbons,2000,218000
MASTIC (Pistacia lentiscus L.) LEAF OIL,MASTIC (Pistacia lentiscus),Miscellaneous,verbenene (=pinadiene),Hydrocarbons,200,200
MASTIC (Pistacia lentiscus L.) LEAF OIL,MASTIC (Pistacia lentiscus),Miscellaneous,camphene,Hydrocarbons,400,86900
MASTIC (Pistacia lentiscus L.) LEAF OIL,MASTIC (Pistacia lentiscus),Miscellaneous,α-fenchene,Hydrocarbons,400,400
MASTIC (Pistacia lentiscus L.) LEAF OIL,MASTIC (Pistacia lentiscus),Miscellaneous,α-thujene,Hydrocarbons,0,20000
MASTIC (Pistacia lentiscus L.) LEAF OIL,MASTIC (Pistacia lentiscus),Miscellaneous,sabinene (=4(10)-thujene),Hydrocarbons,700,117000
MASTIC (Pistacia lentiscus L.) LEAF OIL,MASTIC (Pistacia lentiscus),Miscellaneous,"dehydrosabinene (=thuja-2,4(10)-diene)",Hydrocarbons,<1000,<1000
MASTIC (Pistacia lentiscus L.) LEAF OIL,MASTIC (Pistacia lentiscus),Miscellaneous,3-carene,Hydrocarbons,0,653000
MASTIC (Pistacia lentiscus L.) LEAF OIL,MASTIC (Pistacia lentiscus),Miscellaneous,cis-α-bergamotene,Hydrocarbons,500,500
MASTIC (Pistacia lentiscus L.) LEAF OIL,MASTIC (Pistacia lentiscus),Miscellaneous,trans-α-bergamotene,Hydrocarbons,2000,6400
MASTIC (Pistacia lentiscus L.) LEAF OIL,MASTIC (Pistacia lentiscus),Miscellaneous,α-amorphene,Hydrocarbons,10000,27400
MASTIC (Pistacia lentiscus L.) LEAF OIL,MASTIC (Pistacia lentiscus),Miscellaneous,α-cadinene,Hydrocarbons,1000,15800
MASTIC (Pistacia lentiscus L.) LEAF OIL,MASTIC (Pistacia lentiscus),Miscellaneous,γ-cadinene,Hydrocarbons,1000,21300
MASTIC (Pistacia lentiscus L.) LEAF OIL,MASTIC (Pistacia lentiscus),Miscellaneous,δ-cadinene,Hydrocarbons,3000,96800
MASTIC (Pistacia lentiscus L.) LEAF OIL,MASTIC (Pistacia lentiscus),Miscellaneous,"1,4-cadinadiene",Hydrocarbons,6100,21000
MASTIC (Pistacia lentiscus L.) LEAF OIL,MASTIC (Pistacia lentiscus),Miscellaneous,"1(6),4-cadinadiene",Hydrocarbons,1800,1800
MASTIC (Pistacia lentiscus L.) LEAF OIL,MASTIC (Pistacia lentiscus),Miscellaneous,"trans-cadina-1(6),4-diene",Hydrocarbons,1000,3000
MASTIC (Pistacia lentiscus L.) LEAF OIL,MASTIC (Pistacia lentiscus),Miscellaneous,cubenene,Hydrocarbons,0,6400
MASTIC (Pistacia lentiscus L.) LEAF OIL,MASTIC (Pistacia lentiscus),Miscellaneous,"trans-cadina-1(2),4-diene",Hydrocarbons,1000,2000
MASTIC (Pistacia lentiscus L.) LEAF OIL,MASTIC (Pistacia lentiscus),Miscellaneous,α-muurolene,Hydrocarbons,1000,34000
MASTIC (Pistacia lentiscus L.) LEAF OIL,MASTIC (Pistacia lentiscus),Miscellaneous,γ-muurolene,Hydrocarbons,1000,34000
MASTIC (Pistacia lentiscus L.) LEAF OIL,MASTIC (Pistacia lentiscus),Miscellaneous,muurolene (unkn.str.),Hydrocarbons,1800,7800
MASTIC (Pistacia lentiscus L.) LEAF OIL,MASTIC (Pistacia lentiscus),Miscellaneous,"trans-muurola-4(14),5-diene",Hydrocarbons,11600,11600
MASTIC (Pistacia lentiscus L.) LEAF OIL,MASTIC (Pistacia lentiscus),Miscellaneous,"α-selinene (=5β,7α,10α-selina-3,11-diene)",Hydrocarbons,4300,4300
MASTIC (Pistacia lentiscus L.) LEAF OIL,MASTIC (Pistacia lentiscus),Miscellaneous,"β-selinene (=4(14),11-selinadiene)",Hydrocarbons,0,3900
MASTIC (Pistacia lentiscus L.) LEAF OIL,MASTIC (Pistacia lentiscus),Miscellaneous,α-guaiene,Hydrocarbons,3200,3200
MASTIC (Pistacia lentiscus L.) LEAF OIL,MASTIC (Pistacia lentiscus),Miscellaneous,trans-β-guaiene,Hydrocarbons,2500,2500
MASTIC (Pistacia lentiscus L.) LEAF OIL,MASTIC (Pistacia lentiscus),Miscellaneous,δ-guaiene (=α-bulnesene),Hydrocarbons,6000,6000
MASTIC (Pistacia lentiscus L.) LEAF OIL,MASTIC (Pistacia lentiscus),Miscellaneous,"3,7-guaiadiene",Hydrocarbons,1000,1000
MASTIC (Pistacia lentiscus L.) LEAF OIL,MASTIC (Pistacia lentiscus),Miscellaneous,bicyclogermacrene,Hydrocarbons,<1000,9000
MASTIC (Pistacia lentiscus L.) LEAF OIL,MASTIC (Pistacia lentiscus),Miscellaneous,β-caryophyllene,Hydrocarbons,7000,193000
MASTIC (Pistacia lentiscus L.) LEAF OIL,MASTIC (Pistacia lentiscus),Miscellaneous,trans-caryophyllene,Hydrocarbons,2000,131600
MASTIC (Pistacia lentiscus L.) LEAF OIL,MASTIC (Pistacia lentiscus),Miscellaneous,γ-caryophyllene (=isocaryophyllene),Hydrocarbons,0,2000
MASTIC (Pistacia lentiscus L.) LEAF OIL,MASTIC (Pistacia lentiscus),Miscellaneous,α-cubebene,Hydrocarbons,900,6000
MASTIC (Pistacia lentiscus L.) LEAF OIL,MASTIC (Pistacia lentiscus),Miscellaneous,β-cubebene,Hydrocarbons,<1000,7000
MASTIC (Pistacia lentiscus L.) LEAF OIL,MASTIC (Pistacia lentiscus),Miscellaneous,α-copaene (=copaene),Hydrocarbons,1000,13000
MASTIC (Pistacia lentiscus L.) LEAF OIL,MASTIC (Pistacia lentiscus),Miscellaneous,β-copaene,Hydrocarbons,2900,2900
MASTIC (Pistacia lentiscus L.) LEAF OIL,MASTIC (Pistacia lentiscus),Miscellaneous,α-ylangene (=ylangene),Hydrocarbons,1000,1000
MASTIC (Pistacia lentiscus L.) LEAF OIL,MASTIC (Pistacia lentiscus),Miscellaneous,β-bourbonene,Hydrocarbons,1600,26000
MASTIC (Pistacia lentiscus L.) LEAF OIL,MASTIC (Pistacia lentiscus),Miscellaneous,aromadendrene,Hydrocarbons,600,8000
MASTIC (Pistacia lentiscus L.) LEAF OIL,MASTIC (Pistacia lentiscus),Miscellaneous,alloaromadendrene,Hydrocarbons,1000,10000
MASTIC (Pistacia lentiscus L.) LEAF OIL,MASTIC (Pistacia lentiscus),Miscellaneous,β-gurjunene,Hydrocarbons,1000,9000
MASTIC (Pistacia lentiscus L.) LEAF OIL,MASTIC (Pistacia lentiscus),Miscellaneous,γ-gurjunene,Hydrocarbons,0,16000
MASTIC (Pistacia lentiscus L.) LEAF OIL,MASTIC (Pistacia lentiscus),Miscellaneous,α-longipinene,Hydrocarbons,800,800
MASTIC (Pistacia lentiscus L.) LEAF OIL,MASTIC (Pistacia lentiscus),Miscellaneous,tricyclene,Hydrocarbons,0,23000
MASTIC (Pistacia lentiscus L.) LEAF OIL,MASTIC (Pistacia lentiscus),Miscellaneous,(+)-cyclosativene,Hydrocarbons,1600,1600
MASTIC (Pistacia lentiscus L.) LEAF OIL,MASTIC (Pistacia lentiscus),Miscellaneous,vinylbenzene (=styrene),Hydrocarbons,12000,12000
MASTIC (Pistacia lentiscus L.) LEAF OIL,MASTIC (Pistacia lentiscus),Miscellaneous,1-isopropyl-4-methylbenzene (=p-cymene),Hydrocarbons,900,77000
MASTIC (Pistacia lentiscus L.) LEAF OIL,MASTIC (Pistacia lentiscus),Miscellaneous,"1-isopropenyl-4-methylbenzene (=α,p-dimethyl styrene, p-cymenene, dehydro-p-cymene)",Hydrocarbons,100,7000
MASTIC (Pistacia lentiscus L.) LEAF OIL,MASTIC (Pistacia lentiscus),Miscellaneous,cis-calamenene,Hydrocarbons,8000,8000
MASTIC (Pistacia lentiscus L.) LEAF OIL,MASTIC (Pistacia lentiscus),Miscellaneous,α-calacorene,Hydrocarbons,1200,1200
MASTIC (Pistacia lentiscus L.) LEAF OIL,MASTIC (Pistacia lentiscus),Miscellaneous,gleenol,Alcohols,2000,2000
MASTIC (Pistacia lentiscus L.) LEAF OIL,MASTIC (Pistacia lentiscus),Miscellaneous,1-hexanol,Alcohols,100,100
MASTIC (Pistacia lentiscus L.) LEAF OIL,MASTIC (Pistacia lentiscus),Miscellaneous,(Z)-3-hexen-1-ol (=leaf alcohol),Alcohols,200,30500
MASTIC (Pistacia lentiscus L.) LEAF OIL,MASTIC (Pistacia lentiscus),Miscellaneous,2-heptanol,Alcohols,500,500
MASTIC (Pistacia lentiscus L.) LEAF OIL,MASTIC (Pistacia lentiscus),Miscellaneous,2-nonanol,Alcohols,100,8400
MASTIC (Pistacia lentiscus L.) LEAF OIL,MASTIC (Pistacia lentiscus),Miscellaneous,2-undecanol,Alcohols,1000,1000
MASTIC (Pistacia lentiscus L.) LEAF OIL,MASTIC (Pistacia lentiscus),Miscellaneous,2-dodecanol,Alcohols,1300,1300
MASTIC (Pistacia lentiscus L.) LEAF OIL,MASTIC (Pistacia lentiscus),Miscellaneous,citronellol,Alcohols,700,700
MASTIC (Pistacia lentiscus L.) LEAF OIL,MASTIC (Pistacia lentiscus),Miscellaneous,geraniol,Alcohols,1800,1800
MASTIC (Pistacia lentiscus L.) LEAF OIL,MASTIC (Pistacia lentiscus),Miscellaneous,nerol,Alcohols,700,700
MASTIC (Pistacia lentiscus L.) LEAF OIL,MASTIC (Pistacia lentiscus),Miscellaneous,linalool,Alcohols,500,20000
MASTIC (Pistacia lentiscus L.) LEAF OIL,MASTIC (Pistacia lentiscus),Miscellaneous,(E)-nerolidol,Alcohols,<2000,<2000
MASTIC (Pistacia lentiscus L.) LEAF OIL,MASTIC (Pistacia lentiscus),Miscellaneous,"4-isopropylbenzyl alcohol (=cumic alcohol, p-cymen-7-ol)",Alcohols,trace,trace
MASTIC (Pistacia lentiscus L.) LEAF OIL,MASTIC (Pistacia lentiscus),Miscellaneous,"p-cymen-8-ol (=α,α,p-trimethyl-benzyl alcohol)",Alcohols,400,5000
MASTIC (Pistacia lentiscus L.) LEAF OIL,MASTIC (Pistacia lentiscus),Miscellaneous,"α-phellandren-8-ol (=p-1,5-menthadien-8-ol)",Alcohols,1000,4000
MASTIC (Pistacia lentiscus L.) LEAF OIL,MASTIC (Pistacia lentiscus),Miscellaneous,α-terpineol,Alcohols,1000,130200
MASTIC (Pistacia lentiscus L.) LEAF OIL,MASTIC (Pistacia lentiscus),Miscellaneous,cis-β-terpineol,Alcohols,400,3000
MASTIC (Pistacia lentiscus L.) LEAF OIL,MASTIC (Pistacia lentiscus),Miscellaneous,trans-β-terpineol,Alcohols,3400,3400
MASTIC (Pistacia lentiscus L.) LEAF OIL,MASTIC (Pistacia lentiscus),Miscellaneous,γ-terpineol,Alcohols,0,4200
MASTIC (Pistacia lentiscus L.) LEAF OIL,MASTIC (Pistacia lentiscus),Miscellaneous,1-terpineol (=p-3-menthen-1-ol),Alcohols,1000,2500
MASTIC (Pistacia lentiscus L.) LEAF OIL,MASTIC (Pistacia lentiscus),Miscellaneous,4-terpineol (=terpinen-4-ol),Alcohols,2000,299000
MASTIC (Pistacia lentiscus L.) LEAF OIL,MASTIC (Pistacia lentiscus),Miscellaneous,cis-p-2-menthen-1-ol,Alcohols,0,4000
MASTIC (Pistacia lentiscus L.) LEAF OIL,MASTIC (Pistacia lentiscus),Miscellaneous,trans-p-2-menthen-1-ol,Alcohols,0,6000
MASTIC (Pistacia lentiscus L.) LEAF OIL,MASTIC (Pistacia lentiscus),Miscellaneous,cis-piperitol,Alcohols,4000,4000
MASTIC (Pistacia lentiscus L.) LEAF OIL,MASTIC (Pistacia lentiscus),Miscellaneous,trans-piperitol,Alcohols,100,100
MASTIC (Pistacia lentiscus L.) LEAF OIL,MASTIC (Pistacia lentiscus),Miscellaneous,"cis-carveol (= cis-p-1(6),8-menthadien-2-ol)",Alcohols,11000,11000
MASTIC (Pistacia lentiscus L.) LEAF OIL,MASTIC (Pistacia lentiscus),Miscellaneous,"trans-carveol (=trans-p-1(6),8-menthadien-2-ol)",Alcohols,0,1000
MASTIC (Pistacia lentiscus L.) LEAF OIL,MASTIC (Pistacia lentiscus),Miscellaneous,"limonen-10-ol (=p-1,8(10)-menthadien-9-ol)",Alcohols,600,600
MASTIC (Pistacia lentiscus L.) LEAF OIL,MASTIC (Pistacia lentiscus),Miscellaneous,α-bisabolol,Alcohols,<1000,13000
MASTIC (Pistacia lentiscus L.) LEAF OIL,MASTIC (Pistacia lentiscus),Miscellaneous,epi-α-bisabolol,Alcohols,<1000,20000
MASTIC (Pistacia lentiscus L.) LEAF OIL,MASTIC (Pistacia lentiscus),Miscellaneous,elemol,Alcohols,0,12000
MASTIC (Pistacia lentiscus L.) LEAF OIL,MASTIC (Pistacia lentiscus),Miscellaneous,germacrene D-4-ol,Alcohols,0,8000
MASTIC (Pistacia lentiscus L.) LEAF OIL,MASTIC (Pistacia lentiscus),Miscellaneous,camphene hydrate,Alcohols,0,2000
MASTIC (Pistacia lentiscus L.) LEAF OIL,MASTIC (Pistacia lentiscus),Miscellaneous,pinocarveol,Alcohols,8000,8000
MASTIC (Pistacia lentiscus L.) LEAF OIL,MASTIC (Pistacia lentiscus),Miscellaneous,trans-pinocarveol,Alcohols,1000,2000
MASTIC (Pistacia lentiscus L.) LEAF OIL,MASTIC (Pistacia lentiscus),Miscellaneous,isopinocarveol,Alcohols,16000,16000
MASTIC (Pistacia lentiscus L.) LEAF OIL,MASTIC (Pistacia lentiscus),Miscellaneous,cis-pinene hydrate,Alcohols,300,300
MASTIC (Pistacia lentiscus L.) LEAF OIL,MASTIC (Pistacia lentiscus),Miscellaneous,trans-verbenol,Alcohols,200,200
MASTIC (Pistacia lentiscus L.) LEAF OIL,MASTIC (Pistacia lentiscus),Miscellaneous,β-acorenol,Alcohols,2000,2000
MASTIC (Pistacia lentiscus L.) LEAF OIL,MASTIC (Pistacia lentiscus),Miscellaneous,myrtenol,Alcohols,0,2000
MASTIC (Pistacia lentiscus L.) LEAF OIL,MASTIC (Pistacia lentiscus),Miscellaneous,borneol,Alcohols,0,16000
MASTIC (Pistacia lentiscus L.) LEAF OIL,MASTIC (Pistacia lentiscus),Miscellaneous,isoborneol,Alcohols,500,500
MASTIC (Pistacia lentiscus L.) LEAF OIL,MASTIC (Pistacia lentiscus),Miscellaneous,fenchol (=fenchyl alcohol),Alcohols,0,2000
MASTIC (Pistacia lentiscus L.) LEAF OIL,MASTIC (Pistacia lentiscus),Miscellaneous,α-fenchol (=α-fenchyl alcohol),Alcohols,1400,3600
MASTIC (Pistacia lentiscus L.) LEAF OIL,MASTIC (Pistacia lentiscus),Miscellaneous,α-cadinol,Alcohols,3000,62500
MASTIC (Pistacia lentiscus L.) LEAF OIL,MASTIC (Pistacia lentiscus),Miscellaneous,δ-cadinol (=torreyol),Alcohols,8000,35600
MASTIC (Pistacia lentiscus L.) LEAF OIL,MASTIC (Pistacia lentiscus),Miscellaneous,cadinol (unkn.str.),Alcohols,25200,25200
MASTIC (Pistacia lentiscus L.) LEAF OIL,MASTIC (Pistacia lentiscus),Miscellaneous,cadinol-T,Alcohols,1000,27000
MASTIC (Pistacia lentiscus L.) LEAF OIL,MASTIC (Pistacia lentiscus),Miscellaneous,cubebol,Alcohols,0,4000
MASTIC (Pistacia lentiscus L.) LEAF OIL,MASTIC (Pistacia lentiscus),Miscellaneous,epi-cubebol,Alcohols,2000,2000
MASTIC (Pistacia lentiscus L.) LEAF OIL,MASTIC (Pistacia lentiscus),Miscellaneous,α-muurolol,Alcohols,1000,19500
MASTIC (Pistacia lentiscus L.) LEAF OIL,MASTIC (Pistacia lentiscus),Miscellaneous,muurolol-T,Alcohols,5000,67600
MASTIC (Pistacia lentiscus L.) LEAF OIL,MASTIC (Pistacia lentiscus),Miscellaneous,cubenol,Alcohols,7000,7000
MASTIC (Pistacia lentiscus L.) LEAF OIL,MASTIC (Pistacia lentiscus),Miscellaneous,1-epicubenol,Alcohols,<1000,21900
MASTIC (Pistacia lentiscus L.) LEAF OIL,MASTIC (Pistacia lentiscus),Miscellaneous,γ-eudesmol,Alcohols,0,6000
MASTIC (Pistacia lentiscus L.) LEAF OIL,MASTIC (Pistacia lentiscus),Miscellaneous,cedrol,Alcohols,8000,8000
MASTIC (Pistacia lentiscus L.) LEAF OIL,MASTIC (Pistacia lentiscus),Miscellaneous,viridiflorol,Alcohols,0,14000
MASTIC (Pistacia lentiscus L.) LEAF OIL,MASTIC (Pistacia lentiscus),Miscellaneous,spathulenol (=(+)-spathulenol),Alcohols,4700,58000
MASTIC (Pistacia lentiscus L.) LEAF OIL,MASTIC (Pistacia lentiscus),Miscellaneous,(-)-spathulenol (=β-spathulenol),Alcohols,3000,3000
MASTIC (Pistacia lentiscus L.) LEAF OIL,MASTIC (Pistacia lentiscus),Miscellaneous,geranial (=α-citral),"Carbonyls, aldehydes",200,2000
MASTIC (Pistacia lentiscus L.) LEAF OIL,MASTIC (Pistacia lentiscus),Miscellaneous,neral (=β-citral),"Carbonyls, aldehydes",500,500
MASTIC (Pistacia lentiscus L.) LEAF OIL,MASTIC (Pistacia lentiscus),Miscellaneous,4-isopropylbenzaldehyde (=cuminaldehyde),"Carbonyls, aldehydes",6000,6000
MASTIC (Pistacia lentiscus L.) LEAF OIL,MASTIC (Pistacia lentiscus),Miscellaneous,perillaldehyde,"Carbonyls, aldehydes",100,100
MASTIC (Pistacia lentiscus L.) LEAF OIL,MASTIC (Pistacia lentiscus),Miscellaneous,"(2,2,3-trimethyl-3-cyclopentenyl)-acetaldehyde (=α-campholene aldehyde)","Carbonyls, aldehydes",1000,2000
MASTIC (Pistacia lentiscus L.) LEAF OIL,MASTIC (Pistacia lentiscus),Miscellaneous,2-nonanone,"Carbonyls, ketones",200,20200
MASTIC (Pistacia lentiscus L.) LEAF OIL,MASTIC (Pistacia lentiscus),Miscellaneous,2-undecanone,"Carbonyls, ketones",<1000,47500
MASTIC (Pistacia lentiscus L.) LEAF OIL,MASTIC (Pistacia lentiscus),Miscellaneous,"(E)-6,10-dimethyl-5,9-undecadien-2-one (=geranylacetone)","Carbonyls, ketones",6000,6000
MASTIC (Pistacia lentiscus L.) LEAF OIL,MASTIC (Pistacia lentiscus),Miscellaneous,2-tridecanone,"Carbonyls, ketones",1000,1000
MASTIC (Pistacia lentiscus L.) LEAF OIL,MASTIC (Pistacia lentiscus),Miscellaneous,2-pentadecanone,"Carbonyls, ketones",1500,1500
MASTIC (Pistacia lentiscus L.) LEAF OIL,MASTIC (Pistacia lentiscus),Miscellaneous,"6,10,14-trimethyl-2-pentadecanone (=hexahydrofarnesylacetone)","Carbonyls, ketones",600,600
MASTIC (Pistacia lentiscus L.) LEAF OIL,MASTIC (Pistacia lentiscus),Miscellaneous,4-isopropyl-2-cyclohexen-1-one (=cryptone),"Carbonyls, ketones",8000,8000
MASTIC (Pistacia lentiscus L.) LEAF OIL,MASTIC (Pistacia lentiscus),Miscellaneous,acetophenone (=1-phenylethanone),"Carbonyls, ketones",500,500
MASTIC (Pistacia lentiscus L.) LEAF OIL,MASTIC (Pistacia lentiscus),Miscellaneous,2-methylacetophenone,"Carbonyls, ketones",600,600
MASTIC (Pistacia lentiscus L.) LEAF OIL,MASTIC (Pistacia lentiscus),Miscellaneous,4-methylacetophenone,"Carbonyls, ketones",100,3000
MASTIC (Pistacia lentiscus L.) LEAF OIL,MASTIC (Pistacia lentiscus),Miscellaneous,piperitone,"Carbonyls, ketones",600,600
MASTIC (Pistacia lentiscus L.) LEAF OIL,MASTIC (Pistacia lentiscus),Miscellaneous,"carvone (=p-6,8-menthadien-2-one)","Carbonyls, ketones",900,10000
MASTIC (Pistacia lentiscus L.) LEAF OIL,MASTIC (Pistacia lentiscus),Miscellaneous,camphor (=alcanfor),"Carbonyls, ketones",400,400
MASTIC (Pistacia lentiscus L.) LEAF OIL,MASTIC (Pistacia lentiscus),Miscellaneous,pinocarvone,"Carbonyls, ketones",1500,1500
MASTIC (Pistacia lentiscus L.) LEAF OIL,MASTIC (Pistacia lentiscus),Miscellaneous,verbenone (=2-pinen-4-one),"Carbonyls, ketones",800,15000
MASTIC (Pistacia lentiscus L.) LEAF OIL,MASTIC (Pistacia lentiscus),Miscellaneous,hexadecanoic acid (=palmitic acid),Acids,4000,4000
MASTIC (Pistacia lentiscus L.) LEAF OIL,MASTIC (Pistacia lentiscus),Miscellaneous,citronellyl acetate,Esters,200,200
MASTIC (Pistacia lentiscus L.) LEAF OIL,MASTIC (Pistacia lentiscus),Miscellaneous,geranyl acetate,Esters,1000,1000
MASTIC (Pistacia lentiscus L.) LEAF OIL,MASTIC (Pistacia lentiscus),Miscellaneous,neryl acetate,Esters,300,300
MASTIC (Pistacia lentiscus L.) LEAF OIL,MASTIC (Pistacia lentiscus),Miscellaneous,linalyl acetate,Esters,100,1000
MASTIC (Pistacia lentiscus L.) LEAF OIL,MASTIC (Pistacia lentiscus),Miscellaneous,α-terpinyl acetate,Esters,0,6000
MASTIC (Pistacia lentiscus L.) LEAF OIL,MASTIC (Pistacia lentiscus),Miscellaneous,4-terpinenyl acetate,Esters,300,300
MASTIC (Pistacia lentiscus L.) LEAF OIL,MASTIC (Pistacia lentiscus),Miscellaneous,cis-carvyl acetate,Esters,<2000,<2000
MASTIC (Pistacia lentiscus L.) LEAF OIL,MASTIC (Pistacia lentiscus),Miscellaneous,bornyl acetate,Esters,500,41000
MASTIC (Pistacia lentiscus L.) LEAF OIL,MASTIC (Pistacia lentiscus),Miscellaneous,α-fenchyl acetate,Esters,400,400
MASTIC (Pistacia lentiscus L.) LEAF OIL,MASTIC (Pistacia lentiscus),Miscellaneous,"isopentyl butanoate (=3-methylbutyl butanoate, isoamyl butyrate)",Esters,1200,11200
MASTIC (Pistacia lentiscus L.) LEAF OIL,MASTIC (Pistacia lentiscus),Miscellaneous,butyl 2-methylbutanoate,Esters,4000,4000
MASTIC (Pistacia lentiscus L.) LEAF OIL,MASTIC (Pistacia lentiscus),Miscellaneous,2-methylbutyl 2-methylbutanoate,Esters,<1000,<1000
MASTIC (Pistacia lentiscus L.) LEAF OIL,MASTIC (Pistacia lentiscus),Miscellaneous,isopentyl 2-methylbutanoate (=3-methylbutyl 2-methyl-butanoate),Esters,900,2000
MASTIC (Pistacia lentiscus L.) LEAF OIL,MASTIC (Pistacia lentiscus),Miscellaneous,(Z)-3-hexenyl 2-methylbutanoate,Esters,1000,1000
MASTIC (Pistacia lentiscus L.) LEAF OIL,MASTIC (Pistacia lentiscus),Miscellaneous,2-methylbutyl 3-methylbutanoate,Esters,1000,3000
MASTIC (Pistacia lentiscus L.) LEAF OIL,MASTIC (Pistacia lentiscus),Miscellaneous,"isopentyl 3-methylbutanoate (=3-methylbutyl 3-methylbutanoate, isoamyl isovalerate)",Esters,0,13000
MASTIC (Pistacia lentiscus L.) LEAF OIL,MASTIC (Pistacia lentiscus),Miscellaneous,benzyl 3-methylbutanoate,Esters,0,9000
MASTIC (Pistacia lentiscus L.) LEAF OIL,MASTIC (Pistacia lentiscus),Miscellaneous,ethyl hexanoate (=ethyl caproate),Esters,600,600
MASTIC (Pistacia lentiscus L.) LEAF OIL,MASTIC (Pistacia lentiscus),Miscellaneous,isopentyl hexanoate,Esters,0,18000
MASTIC (Pistacia lentiscus L.) LEAF OIL,MASTIC (Pistacia lentiscus),Miscellaneous,(Z)-3-hexenyl hexanoate,Esters,1000,1000
MASTIC (Pistacia lentiscus L.) LEAF OIL,MASTIC (Pistacia lentiscus),Miscellaneous,ethyl (Z)-3-hexenoate,Esters,700,700
MASTIC (Pistacia lentiscus L.) LEAF OIL,MASTIC (Pistacia lentiscus),Miscellaneous,ethyl octanoate (=ethyl caprylate),Esters,1800,1800
MASTIC (Pistacia lentiscus L.) LEAF OIL,MASTIC (Pistacia lentiscus),Miscellaneous,isopentyl octanoate,Esters,1700,7000
MASTIC (Pistacia lentiscus L.) LEAF OIL,MASTIC (Pistacia lentiscus),Miscellaneous,ethyl decanoate (=ethyl caprate),Esters,600,600
MASTIC (Pistacia lentiscus L.) LEAF OIL,MASTIC (Pistacia lentiscus),Miscellaneous,ethyl tetradecanoate (=ethyl myristate),Esters,19700,19700
MASTIC (Pistacia lentiscus L.) LEAF OIL,MASTIC (Pistacia lentiscus),Miscellaneous,ethyl hexadecanoate (=ethyl palmitate),Esters,103600,103600
MASTIC (Pistacia lentiscus L.) LEAF OIL,MASTIC (Pistacia lentiscus),Miscellaneous,"ethyl (Z,Z)-9,12-octadecadienoate (=ethyl linoleate)",Esters,25000,25000
MASTIC (Pistacia lentiscus L.) LEAF OIL,MASTIC (Pistacia lentiscus),Miscellaneous,"ethyl (Z,Z,Z)-9,12,15-octadecatrienoate (=ethyl linolenate)",Esters,113000,113000
MASTIC (Pistacia lentiscus L.) LEAF OIL,MASTIC (Pistacia lentiscus),Miscellaneous,methylbutyl benzoate (unkn.str.),Esters,11200,11200
MASTIC (Pistacia lentiscus L.) LEAF OIL,MASTIC (Pistacia lentiscus),Miscellaneous,isopentyl benzoate,Esters,800,10000
MASTIC (Pistacia lentiscus L.) LEAF OIL,MASTIC (Pistacia lentiscus),Miscellaneous,2-methylbutyl benzoate,Esters,2000,2000
MASTIC (Pistacia lentiscus L.) LEAF OIL,MASTIC (Pistacia lentiscus),Miscellaneous,(Z)-3-hexenyl benzoate,Esters,2000,5000
MASTIC (Pistacia lentiscus L.) LEAF OIL,MASTIC (Pistacia lentiscus),Miscellaneous,hexenyl benzoate (unkn.str.),Esters,1900,1900
MASTIC (Pistacia lentiscus L.) LEAF OIL,MASTIC (Pistacia lentiscus),Miscellaneous,benzyl benzoate,Esters,<1000,19000
MASTIC (Pistacia lentiscus L.) LEAF OIL,MASTIC (Pistacia lentiscus),Miscellaneous,"1,4-cineole",Ethers,100,100
MASTIC (Pistacia lentiscus L.) LEAF OIL,MASTIC (Pistacia lentiscus),Miscellaneous,"1,8-cineole (=eucalyptol)",Ethers,400,6000
MASTIC (Pistacia lentiscus L.) LEAF OIL,MASTIC (Pistacia lentiscus),Miscellaneous,"dehydro-1,8-cineole (unkn.str.)",Ethers,300,300
MASTIC (Pistacia lentiscus L.) LEAF OIL,MASTIC (Pistacia lentiscus),Miscellaneous,thymol (=2-isopropyl-5-methylphenol),Phenols,200,200
MASTIC (Pistacia lentiscus L.) LEAF OIL,MASTIC (Pistacia lentiscus),Miscellaneous,carvacrol (=5-isopropyl-2-methylphenol),Phenols,1100,1100
MASTIC (Pistacia lentiscus L.) LEAF OIL,MASTIC (Pistacia lentiscus),Miscellaneous,"(E)-anethole (=(E)-1-methoxy-4-(1-propenyl)benzene, anise camphor)",Phenols,trace,trace
MASTIC (Pistacia lentiscus L.) LEAF OIL,MASTIC (Pistacia lentiscus),Miscellaneous,eugenol (=4-allyl-2-methoxyphenol),Phenols,100,100
MASTIC (Pistacia lentiscus L.) LEAF OIL,MASTIC (Pistacia lentiscus),Miscellaneous,"methyleugenol (=4-allyl-1,2-dimethoxybenzene)",Phenols,300,19700
MASTIC (Pistacia lentiscus L.) LEAF OIL,MASTIC (Pistacia lentiscus),Miscellaneous,"methylisoeugenol (=1,2-dimethoxy-4-(1-propenyl)-benzene)",Phenols,trace,trace
MASTIC (Pistacia lentiscus L.) LEAF OIL,MASTIC (Pistacia lentiscus),Miscellaneous,"5-allyl-1,2,3-trimethoxybenzene (=elemicin)",Phenols,2300,2300
MASTIC (Pistacia lentiscus L.) LEAF OIL,MASTIC (Pistacia lentiscus),Miscellaneous,3-(4-methyl-3-pentenyl)furan (=perillene),Furans,1800,1800
MASTIC (Pistacia lentiscus L.) LEAF OIL,MASTIC (Pistacia lentiscus),Miscellaneous,humulene epoxide II,"(Ep)oxides, pyrans, coumarins",<1000,13000
MASTIC (Pistacia lentiscus L.) LEAF OIL,MASTIC (Pistacia lentiscus),Miscellaneous,humulene epoxide (unkn.str.),"(Ep)oxides, pyrans, coumarins",trace,trace
MASTIC (Pistacia lentiscus L.) LEAF OIL,MASTIC (Pistacia lentiscus),Miscellaneous,β-caryophyllene oxide,"(Ep)oxides, pyrans, coumarins",1000,41000
MASTIC (Pistacia lentiscus L.) LEAF OIL,MASTIC (Pistacia lentiscus),Miscellaneous,isocaryophyllene oxide,"(Ep)oxides, pyrans, coumarins",7000,7000
MASTIC (Pistacia lentiscus L.) LEAF OIL,MASTIC (Pistacia lentiscus),Miscellaneous,"4(14)-salvialene 1,5-oxide","(Ep)oxides, pyrans, coumarins",2000,2000
MASTIC (Pistacia lentiscus L.) LEAF OIL,MASTIC (Pistacia lentiscus),Miscellaneous,"anhydrolinalool oxide (6) (=2,2,6-trimethyl-6-vinyl-tetrahydropyran)","(Ep)oxides, pyrans, coumarins",200,200
MASTIC (Pistacia lentiscus L.) LEAF OIL,MASTIC (Pistacia lentiscus),Miscellaneous,cis-linalool oxide (unkn.str.),"(Ep)oxides, pyrans, coumarins",200,200
MASTIC (Pistacia lentiscus L.) LEAF OIL,MASTIC (Pistacia lentiscus),Miscellaneous,trans-linalool oxide (unkn.str.),"(Ep)oxides, pyrans, coumarins",100,100
MASTIC (Pistacia lentiscus L.) AERIAL PARTS OIL,MASTIC (Pistacia lentiscus),Miscellaneous,(Z)-β-ocimene,Hydrocarbons,100,1000
MASTIC (Pistacia lentiscus L.) AERIAL PARTS OIL,MASTIC (Pistacia lentiscus),Miscellaneous,(E)-β-ocimene,Hydrocarbons,300,1000
MASTIC (Pistacia lentiscus L.) AERIAL PARTS OIL,MASTIC (Pistacia lentiscus),Miscellaneous,β-myrcene (=myrcene),Hydrocarbons,8000,182900
MASTIC (Pistacia lentiscus L.) AERIAL PARTS OIL,MASTIC (Pistacia lentiscus),Miscellaneous,α-phellandrene,Hydrocarbons,600,108400
MASTIC (Pistacia lentiscus L.) AERIAL PARTS OIL,MASTIC (Pistacia lentiscus),Miscellaneous,(4S)-(+)-α-phellandrene,Hydrocarbons,72019,72019
MASTIC (Pistacia lentiscus L.) AERIAL PARTS OIL,MASTIC (Pistacia lentiscus),Miscellaneous,(R)-(-)-α-phellandrene,Hydrocarbons,581,581
MASTIC (Pistacia lentiscus L.) AERIAL PARTS OIL,MASTIC (Pistacia lentiscus),Miscellaneous,β-phellandrene,Hydrocarbons,<1000,65000
MASTIC (Pistacia lentiscus L.) AERIAL PARTS OIL,MASTIC (Pistacia lentiscus),Miscellaneous,α-terpinene,Hydrocarbons,<500,55900
MASTIC (Pistacia lentiscus L.) AERIAL PARTS OIL,MASTIC (Pistacia lentiscus),Miscellaneous,γ-terpinene,Hydrocarbons,<1000,65600
MASTIC (Pistacia lentiscus L.) AERIAL PARTS OIL,MASTIC (Pistacia lentiscus),Miscellaneous,terpinolene,Hydrocarbons,<500,24000
MASTIC (Pistacia lentiscus L.) AERIAL PARTS OIL,MASTIC (Pistacia lentiscus),Miscellaneous,limonene,Hydrocarbons,9300,98000
MASTIC (Pistacia lentiscus L.) AERIAL PARTS OIL,MASTIC (Pistacia lentiscus),Miscellaneous,(4R)-(+)-limonene,Hydrocarbons,83620,83620
MASTIC (Pistacia lentiscus L.) AERIAL PARTS OIL,MASTIC (Pistacia lentiscus),Miscellaneous,(4S)-(-)-limonene,Hydrocarbons,22838,22838
MASTIC (Pistacia lentiscus L.) AERIAL PARTS OIL,MASTIC (Pistacia lentiscus),Miscellaneous,"p-1(7),8-menthadiene (=ψ-limonene)",Hydrocarbons,1000,1000
MASTIC (Pistacia lentiscus L.) AERIAL PARTS OIL,MASTIC (Pistacia lentiscus),Miscellaneous,p-menthatriene (unkn.str.),Hydrocarbons,3000,3000
MASTIC (Pistacia lentiscus L.) AERIAL PARTS OIL,MASTIC (Pistacia lentiscus),Miscellaneous,β-elemene,Hydrocarbons,<500,38000
MASTIC (Pistacia lentiscus L.) AERIAL PARTS OIL,MASTIC (Pistacia lentiscus),Miscellaneous,(-)-β-elemene,Hydrocarbons,324,324
MASTIC (Pistacia lentiscus L.) AERIAL PARTS OIL,MASTIC (Pistacia lentiscus),Miscellaneous,(+)-β-elemene,Hydrocarbons,13176,13176
MASTIC (Pistacia lentiscus L.) AERIAL PARTS OIL,MASTIC (Pistacia lentiscus),Miscellaneous,δ-elemene,Hydrocarbons,200,26000
MASTIC (Pistacia lentiscus L.) AERIAL PARTS OIL,MASTIC (Pistacia lentiscus),Miscellaneous,β-bisabolene,Hydrocarbons,4000,4000
MASTIC (Pistacia lentiscus L.) AERIAL PARTS OIL,MASTIC (Pistacia lentiscus),Miscellaneous,(-)-β-bisabolene,Hydrocarbons,1831,1831
MASTIC (Pistacia lentiscus L.) AERIAL PARTS OIL,MASTIC (Pistacia lentiscus),Miscellaneous,(+)-β-bisabolene,Hydrocarbons,269,269
MASTIC (Pistacia lentiscus L.) AERIAL PARTS OIL,MASTIC (Pistacia lentiscus),Miscellaneous,trans-γ-bisabolene,Hydrocarbons,4300,4300
MASTIC (Pistacia lentiscus L.) AERIAL PARTS OIL,MASTIC (Pistacia lentiscus),Miscellaneous,β-curcumene,Hydrocarbons,2100,2100
MASTIC (Pistacia lentiscus L.) AERIAL PARTS OIL,MASTIC (Pistacia lentiscus),Miscellaneous,germacrene B,Hydrocarbons,1000,1000
MASTIC (Pistacia lentiscus L.) AERIAL PARTS OIL,MASTIC (Pistacia lentiscus),Miscellaneous,germacrene D,Hydrocarbons,<500,156100
MASTIC (Pistacia lentiscus L.) AERIAL PARTS OIL,MASTIC (Pistacia lentiscus),Miscellaneous,α-humulene (=humulene),Hydrocarbons,1000,17500
MASTIC (Pistacia lentiscus L.) AERIAL PARTS OIL,MASTIC (Pistacia lentiscus),Miscellaneous,α-pinene,Hydrocarbons,37800,385000
MASTIC (Pistacia lentiscus L.) AERIAL PARTS OIL,MASTIC (Pistacia lentiscus),Miscellaneous,β-pinene,Hydrocarbons,9000,68000
MASTIC (Pistacia lentiscus L.) AERIAL PARTS OIL,MASTIC (Pistacia lentiscus),Miscellaneous,(1R)-β-pinene,Hydrocarbons,1064,1064
MASTIC (Pistacia lentiscus L.) AERIAL PARTS OIL,MASTIC (Pistacia lentiscus),Miscellaneous,(1S)-β-pinene,Hydrocarbons,6944,6944
MASTIC (Pistacia lentiscus L.) AERIAL PARTS OIL,MASTIC (Pistacia lentiscus),Miscellaneous,camphene,Hydrocarbons,1000,36000
MASTIC (Pistacia lentiscus L.) AERIAL PARTS OIL,MASTIC (Pistacia lentiscus),Miscellaneous,(1R)-(+)-camphene,Hydrocarbons,75,75
MASTIC (Pistacia lentiscus L.) AERIAL PARTS OIL,MASTIC (Pistacia lentiscus),Miscellaneous,(1S)-(-)-camphene,Hydrocarbons,1225,1225
MASTIC (Pistacia lentiscus L.) AERIAL PARTS OIL,MASTIC (Pistacia lentiscus),Miscellaneous,α-thujene,Hydrocarbons,<1000,9000
MASTIC (Pistacia lentiscus L.) AERIAL PARTS OIL,MASTIC (Pistacia lentiscus),Miscellaneous,(1R)-(-)-α-thujene,Hydrocarbons,6140,6140
MASTIC (Pistacia lentiscus L.) AERIAL PARTS OIL,MASTIC (Pistacia lentiscus),Miscellaneous,(1S)-(+)-α-thujene,Hydrocarbons,1984,1984
MASTIC (Pistacia lentiscus L.) AERIAL PARTS OIL,MASTIC (Pistacia lentiscus),Miscellaneous,sabinene (=4(10)-thujene),Hydrocarbons,11700,232000
MASTIC (Pistacia lentiscus L.) AERIAL PARTS OIL,MASTIC (Pistacia lentiscus),Miscellaneous,(1R)-sabinene,Hydrocarbons,115600,115600
MASTIC (Pistacia lentiscus L.) AERIAL PARTS OIL,MASTIC (Pistacia lentiscus),Miscellaneous,(1S)-cis-sabinene,Hydrocarbons,1400,1400
MASTIC (Pistacia lentiscus L.) AERIAL PARTS OIL,MASTIC (Pistacia lentiscus),Miscellaneous,3-carene,Hydrocarbons,0,19000
MASTIC (Pistacia lentiscus L.) AERIAL PARTS OIL,MASTIC (Pistacia lentiscus),Miscellaneous,"2-isopropenyl-3,7,7-trimethyl-3-vinylbicyclo[4.1.0]heptane (=bicycloelemene)",Hydrocarbons,100,100
MASTIC (Pistacia lentiscus L.) AERIAL PARTS OIL,MASTIC (Pistacia lentiscus),Miscellaneous,α-amorphene,Hydrocarbons,2000,2000
MASTIC (Pistacia lentiscus L.) AERIAL PARTS OIL,MASTIC (Pistacia lentiscus),Miscellaneous,γ-amorphene,Hydrocarbons,<500,5100
MASTIC (Pistacia lentiscus L.) AERIAL PARTS OIL,MASTIC (Pistacia lentiscus),Miscellaneous,γ-cadinene,Hydrocarbons,0,9000
MASTIC (Pistacia lentiscus L.) AERIAL PARTS OIL,MASTIC (Pistacia lentiscus),Miscellaneous,δ-cadinene,Hydrocarbons,0,41000
MASTIC (Pistacia lentiscus L.) AERIAL PARTS OIL,MASTIC (Pistacia lentiscus),Miscellaneous,(-)- δ-cadinene,Hydrocarbons,1543,1543
MASTIC (Pistacia lentiscus L.) AERIAL PARTS OIL,MASTIC (Pistacia lentiscus),Miscellaneous,(+)- δ-cadinene,Hydrocarbons,39057,39057
MASTIC (Pistacia lentiscus L.) AERIAL PARTS OIL,MASTIC (Pistacia lentiscus),Miscellaneous,"trans-cadina-1(6),4-diene",Hydrocarbons,2900,6300
MASTIC (Pistacia lentiscus L.) AERIAL PARTS OIL,MASTIC (Pistacia lentiscus),Miscellaneous,cubenene,Hydrocarbons,1000,1000
MASTIC (Pistacia lentiscus L.) AERIAL PARTS OIL,MASTIC (Pistacia lentiscus),Miscellaneous,α-muurolene,Hydrocarbons,6000,26000
MASTIC (Pistacia lentiscus L.) AERIAL PARTS OIL,MASTIC (Pistacia lentiscus),Miscellaneous,γ-muurolene,Hydrocarbons,2000,17200
MASTIC (Pistacia lentiscus L.) AERIAL PARTS OIL,MASTIC (Pistacia lentiscus),Miscellaneous,"trans-muurola-3,5-diene",Hydrocarbons,5400,5400
MASTIC (Pistacia lentiscus L.) AERIAL PARTS OIL,MASTIC (Pistacia lentiscus),Miscellaneous,"cis-4(14),5-muuroladiene",Hydrocarbons,<500,2700
MASTIC (Pistacia lentiscus L.) AERIAL PARTS OIL,MASTIC (Pistacia lentiscus),Miscellaneous,valencene,Hydrocarbons,0,6000
MASTIC (Pistacia lentiscus L.) AERIAL PARTS OIL,MASTIC (Pistacia lentiscus),Miscellaneous,bicyclogermacrene,Hydrocarbons,4000,19700
MASTIC (Pistacia lentiscus L.) AERIAL PARTS OIL,MASTIC (Pistacia lentiscus),Miscellaneous,β-caryophyllene,Hydrocarbons,3000,69000
MASTIC (Pistacia lentiscus L.) AERIAL PARTS OIL,MASTIC (Pistacia lentiscus),Miscellaneous,trans-caryophyllene,Hydrocarbons,44700,44700
MASTIC (Pistacia lentiscus L.) AERIAL PARTS OIL,MASTIC (Pistacia lentiscus),Miscellaneous,α-cubebene,Hydrocarbons,1200,2000
MASTIC (Pistacia lentiscus L.) AERIAL PARTS OIL,MASTIC (Pistacia lentiscus),Miscellaneous,β-cubebene,Hydrocarbons,<1000,12000
MASTIC (Pistacia lentiscus L.) AERIAL PARTS OIL,MASTIC (Pistacia lentiscus),Miscellaneous,α-copaene (=copaene),Hydrocarbons,<500,19000
MASTIC (Pistacia lentiscus L.) AERIAL PARTS OIL,MASTIC (Pistacia lentiscus),Miscellaneous,β-copaene,Hydrocarbons,500,500
MASTIC (Pistacia lentiscus L.) AERIAL PARTS OIL,MASTIC (Pistacia lentiscus),Miscellaneous,α-ylangene (=ylangene),Hydrocarbons,200,6000
MASTIC (Pistacia lentiscus L.) AERIAL PARTS OIL,MASTIC (Pistacia lentiscus),Miscellaneous,β-bourbonene,Hydrocarbons,300,1000
MASTIC (Pistacia lentiscus L.) AERIAL PARTS OIL,MASTIC (Pistacia lentiscus),Miscellaneous,aromadendrene,Hydrocarbons,7000,7000
MASTIC (Pistacia lentiscus L.) AERIAL PARTS OIL,MASTIC (Pistacia lentiscus),Miscellaneous,alloaromadendrene,Hydrocarbons,<500,7000
MASTIC (Pistacia lentiscus L.) AERIAL PARTS OIL,MASTIC (Pistacia lentiscus),Miscellaneous,β-gurjunene,Hydrocarbons,<1000,4000
MASTIC (Pistacia lentiscus L.) AERIAL PARTS OIL,MASTIC (Pistacia lentiscus),Miscellaneous,α-longipinene,Hydrocarbons,600,600
MASTIC (Pistacia lentiscus L.) AERIAL PARTS OIL,MASTIC (Pistacia lentiscus),Miscellaneous,tricyclene,Hydrocarbons,200,9000
MASTIC (Pistacia lentiscus L.) AERIAL PARTS OIL,MASTIC (Pistacia lentiscus),Miscellaneous,1-isopropyl-2-methylbenzene (=o-cymene),Hydrocarbons,<1000,6000
MASTIC (Pistacia lentiscus L.) AERIAL PARTS OIL,MASTIC (Pistacia lentiscus),Miscellaneous,1-isopropyl-4-methylbenzene (=p-cymene),Hydrocarbons,3000,162200
MASTIC (Pistacia lentiscus L.) AERIAL PARTS OIL,MASTIC (Pistacia lentiscus),Miscellaneous,"1-isopropenyl-4-methylbenzene (=α,p-dimethyl styrene, p-cymenene, dehydro-p-cymene)",Hydrocarbons,<1000,4000
MASTIC (Pistacia lentiscus L.) AERIAL PARTS OIL,MASTIC (Pistacia lentiscus),Miscellaneous,calamenene,Hydrocarbons,<1000,4000
MASTIC (Pistacia lentiscus L.) AERIAL PARTS OIL,MASTIC (Pistacia lentiscus),Miscellaneous,trans-calamenene,Hydrocarbons,<500,2300
MASTIC (Pistacia lentiscus L.) AERIAL PARTS OIL,MASTIC (Pistacia lentiscus),Miscellaneous,"4-isopropyl-1,6-dimethylnaphthalene (=cadalene)",Hydrocarbons,<1000,7000
MASTIC (Pistacia lentiscus L.) AERIAL PARTS OIL,MASTIC (Pistacia lentiscus),Miscellaneous,10-epizonarene,Hydrocarbons,1000,1000
MASTIC (Pistacia lentiscus L.) AERIAL PARTS OIL,MASTIC (Pistacia lentiscus),Miscellaneous,1-hexanol,Alcohols,<1000,<1000
MASTIC (Pistacia lentiscus L.) AERIAL PARTS OIL,MASTIC (Pistacia lentiscus),Miscellaneous,(Z)-3-hexen-1-ol (=leaf alcohol),Alcohols,<1000,<1000
MASTIC (Pistacia lentiscus L.) AERIAL PARTS OIL,MASTIC (Pistacia lentiscus),Miscellaneous,2-nonanol,Alcohols,600,600
MASTIC (Pistacia lentiscus L.) AERIAL PARTS OIL,MASTIC (Pistacia lentiscus),Miscellaneous,linalool,Alcohols,<500,1900
MASTIC (Pistacia lentiscus L.) AERIAL PARTS OIL,MASTIC (Pistacia lentiscus),Miscellaneous,"p-cymen-8-ol (=α,α,p-trimethyl-benzyl alcohol)",Alcohols,8000,8000
MASTIC (Pistacia lentiscus L.) AERIAL PARTS OIL,MASTIC (Pistacia lentiscus),Miscellaneous,valerianol,Alcohols,<500,17400
MASTIC (Pistacia lentiscus L.) AERIAL PARTS OIL,MASTIC (Pistacia lentiscus),Miscellaneous,α-terpineol,Alcohols,4000,32400
MASTIC (Pistacia lentiscus L.) AERIAL PARTS OIL,MASTIC (Pistacia lentiscus),Miscellaneous,(-)-α-terpineol,Alcohols,245,245
MASTIC (Pistacia lentiscus L.) AERIAL PARTS OIL,MASTIC (Pistacia lentiscus),Miscellaneous,(+)-α-terpineol,Alcohols,256,256
MASTIC (Pistacia lentiscus L.) AERIAL PARTS OIL,MASTIC (Pistacia lentiscus),Miscellaneous,4-terpineol (=terpinen-4-ol),Alcohols,3000,438000
MASTIC (Pistacia lentiscus L.) AERIAL PARTS OIL,MASTIC (Pistacia lentiscus),Miscellaneous,(-)-terpinen-4-ol,Alcohols,816,816
MASTIC (Pistacia lentiscus L.) AERIAL PARTS OIL,MASTIC (Pistacia lentiscus),Miscellaneous,(+)-terpinen-4-ol,Alcohols,5984,5984
MASTIC (Pistacia lentiscus L.) AERIAL PARTS OIL,MASTIC (Pistacia lentiscus),Miscellaneous,cis-p-2-menthen-1-ol,Alcohols,<500,4500
MASTIC (Pistacia lentiscus L.) AERIAL PARTS OIL,MASTIC (Pistacia lentiscus),Miscellaneous,trans-p-2-menthen-1-ol,Alcohols,0,6000
MASTIC (Pistacia lentiscus L.) AERIAL PARTS OIL,MASTIC (Pistacia lentiscus),Miscellaneous,trans-piperitol,Alcohols,100,100
MASTIC (Pistacia lentiscus L.) AERIAL PARTS OIL,MASTIC (Pistacia lentiscus),Miscellaneous,"cis-carveol (= cis-p-1(6),8-menthadien-2-ol)",Alcohols,<1000,<1000
MASTIC (Pistacia lentiscus L.) AERIAL PARTS OIL,MASTIC (Pistacia lentiscus),Miscellaneous,(-)-α-bisabolol,Alcohols,2417,2417
MASTIC (Pistacia lentiscus L.) AERIAL PARTS OIL,MASTIC (Pistacia lentiscus),Miscellaneous,(+)-α-bisabolol,Alcohols,14483,14483
MASTIC (Pistacia lentiscus L.) AERIAL PARTS OIL,MASTIC (Pistacia lentiscus),Miscellaneous,bisabolol (unkn.str.),Alcohols,9000,9000
MASTIC (Pistacia lentiscus L.) AERIAL PARTS OIL,MASTIC (Pistacia lentiscus),Miscellaneous,elemol,Alcohols,2000,2000
MASTIC (Pistacia lentiscus L.) AERIAL PARTS OIL,MASTIC (Pistacia lentiscus),Miscellaneous,germacrene D-4-ol,Alcohols,4000,27900
MASTIC (Pistacia lentiscus L.) AERIAL PARTS OIL,MASTIC (Pistacia lentiscus),Miscellaneous,trans-pinocarveol,Alcohols,2000,2000
MASTIC (Pistacia lentiscus L.) AERIAL PARTS OIL,MASTIC (Pistacia lentiscus),Miscellaneous,borneol,Alcohols,<500,1400
MASTIC (Pistacia lentiscus L.) AERIAL PARTS OIL,MASTIC (Pistacia lentiscus),Miscellaneous,α-cadinol,Alcohols,6000,28900
MASTIC (Pistacia lentiscus L.) AERIAL PARTS OIL,MASTIC (Pistacia lentiscus),Miscellaneous,δ-cadinol (=torreyol),Alcohols,1000,1000
MASTIC (Pistacia lentiscus L.) AERIAL PARTS OIL,MASTIC (Pistacia lentiscus),Miscellaneous,cadinol-T,Alcohols,2000,2000
MASTIC (Pistacia lentiscus L.) AERIAL PARTS OIL,MASTIC (Pistacia lentiscus),Miscellaneous,cubebol,Alcohols,6000,26000
MASTIC (Pistacia lentiscus L.) AERIAL PARTS OIL,MASTIC (Pistacia lentiscus),Miscellaneous,epi-cubebol,Alcohols,2000,2000
MASTIC (Pistacia lentiscus L.) AERIAL PARTS OIL,MASTIC (Pistacia lentiscus),Miscellaneous,α-muurolol,Alcohols,4300,4300
MASTIC (Pistacia lentiscus L.) AERIAL PARTS OIL,MASTIC (Pistacia lentiscus),Miscellaneous,muurolol-T,Alcohols,3000,36000
MASTIC (Pistacia lentiscus L.) AERIAL PARTS OIL,MASTIC (Pistacia lentiscus),Miscellaneous,cubenol,Alcohols,<500,10100
MASTIC (Pistacia lentiscus L.) AERIAL PARTS OIL,MASTIC (Pistacia lentiscus),Miscellaneous,1-epicubenol,Alcohols,2000,2000
MASTIC (Pistacia lentiscus L.) AERIAL PARTS OIL,MASTIC (Pistacia lentiscus),Miscellaneous,spathulenol (=(+)-spathulenol),Alcohols,<1000,14000
MASTIC (Pistacia lentiscus L.) AERIAL PARTS OIL,MASTIC (Pistacia lentiscus),Miscellaneous,(E)-2-hexenal (=leaf aldehyde),"Carbonyls, aldehydes",<1000,<1000
MASTIC (Pistacia lentiscus L.) AERIAL PARTS OIL,MASTIC (Pistacia lentiscus),Miscellaneous,dodecanal,"Carbonyls, aldehydes",1300,1300
MASTIC (Pistacia lentiscus L.) AERIAL PARTS OIL,MASTIC (Pistacia lentiscus),Miscellaneous,tetradecanal,"Carbonyls, aldehydes",400,400
MASTIC (Pistacia lentiscus L.) AERIAL PARTS OIL,MASTIC (Pistacia lentiscus),Miscellaneous,4-isopropylbenzaldehyde (=cuminaldehyde),"Carbonyls, aldehydes",<1000,<1000
MASTIC (Pistacia lentiscus L.) AERIAL PARTS OIL,MASTIC (Pistacia lentiscus),Miscellaneous,"2,4,6-trimethylbenzaldehyde (=mesitylaldehyde)","Carbonyls, aldehydes",7000,7000
MASTIC (Pistacia lentiscus L.) AERIAL PARTS OIL,MASTIC (Pistacia lentiscus),Miscellaneous,"(2,2,3-trimethyl-3-cyclopentenyl)-acetaldehyde (=α-campholene aldehyde)","Carbonyls, aldehydes",0,4000
MASTIC (Pistacia lentiscus L.) AERIAL PARTS OIL,MASTIC (Pistacia lentiscus),Miscellaneous,myrtenal,"Carbonyls, aldehydes",3000,3000
MASTIC (Pistacia lentiscus L.) AERIAL PARTS OIL,MASTIC (Pistacia lentiscus),Miscellaneous,2-nonanone,"Carbonyls, ketones",1000,12400
MASTIC (Pistacia lentiscus L.) AERIAL PARTS OIL,MASTIC (Pistacia lentiscus),Miscellaneous,2-undecanone,"Carbonyls, ketones",<1000,16000
MASTIC (Pistacia lentiscus L.) AERIAL PARTS OIL,MASTIC (Pistacia lentiscus),Miscellaneous,"(E)-6,10-dimethyl-5,9-undecadien-2-one (=geranylacetone)","Carbonyls, ketones",2000,2000
MASTIC (Pistacia lentiscus L.) AERIAL PARTS OIL,MASTIC (Pistacia lentiscus),Miscellaneous,"carvone (=p-6,8-menthadien-2-one)","Carbonyls, ketones",<1000,<1000
MASTIC (Pistacia lentiscus L.) AERIAL PARTS OIL,MASTIC (Pistacia lentiscus),Miscellaneous,carvotanacetone (=p-1-menthen-6-one),"Carbonyls, ketones",1000,1000
MASTIC (Pistacia lentiscus L.) AERIAL PARTS OIL,MASTIC (Pistacia lentiscus),Miscellaneous,camphor (=alcanfor),"Carbonyls, ketones",1000,9000
MASTIC (Pistacia lentiscus L.) AERIAL PARTS OIL,MASTIC (Pistacia lentiscus),Miscellaneous,fenchone,"Carbonyls, ketones",<1000,5000
MASTIC (Pistacia lentiscus L.) AERIAL PARTS OIL,MASTIC (Pistacia lentiscus),Miscellaneous,pinocarvone,"Carbonyls, ketones",1000,1000
MASTIC (Pistacia lentiscus L.) AERIAL PARTS OIL,MASTIC (Pistacia lentiscus),Miscellaneous,verbenone (=2-pinen-4-one),"Carbonyls, ketones",0,5000
MASTIC (Pistacia lentiscus L.) AERIAL PARTS OIL,MASTIC (Pistacia lentiscus),Miscellaneous,α-terpinyl acetate,Esters,3000,3000
MASTIC (Pistacia lentiscus L.) AERIAL PARTS OIL,MASTIC (Pistacia lentiscus),Miscellaneous,bornyl acetate,Esters,1000,103000
MASTIC (Pistacia lentiscus L.) AERIAL PARTS OIL,MASTIC (Pistacia lentiscus),Miscellaneous,linalyl propanoate,Esters,2000,12000
MASTIC (Pistacia lentiscus L.) AERIAL PARTS OIL,MASTIC (Pistacia lentiscus),Miscellaneous,2-methylbutyl butanoate,Esters,3000,3000
MASTIC (Pistacia lentiscus L.) AERIAL PARTS OIL,MASTIC (Pistacia lentiscus),Miscellaneous,"isopentyl butanoate (=3-methylbutyl butanoate, isoamyl butyrate)",Esters,0,5000
MASTIC (Pistacia lentiscus L.) AERIAL PARTS OIL,MASTIC (Pistacia lentiscus),Miscellaneous,(Z)-3-hexenyl butanoate,Esters,800,800
MASTIC (Pistacia lentiscus L.) AERIAL PARTS OIL,MASTIC (Pistacia lentiscus),Miscellaneous,isopentyl 2-methylbutanoate (=3-methylbutyl 2-methyl-butanoate),Esters,800,800
MASTIC (Pistacia lentiscus L.) AERIAL PARTS OIL,MASTIC (Pistacia lentiscus),Miscellaneous,(Z)-3-hexenyl 2-methylbutanoate,Esters,1000,1000
MASTIC (Pistacia lentiscus L.) AERIAL PARTS OIL,MASTIC (Pistacia lentiscus),Miscellaneous,2-methylbutyl 3-methylbutanoate,Esters,300,1000
MASTIC (Pistacia lentiscus L.) AERIAL PARTS OIL,MASTIC (Pistacia lentiscus),Miscellaneous,"isopentyl 3-methylbutanoate (=3-methylbutyl 3-methylbutanoate, isoamyl isovalerate)",Esters,<500,3000
MASTIC (Pistacia lentiscus L.) AERIAL PARTS OIL,MASTIC (Pistacia lentiscus),Miscellaneous,(Z)-3-hexenyl 3-methylbutanoate,Esters,1000,1000
MASTIC (Pistacia lentiscus L.) AERIAL PARTS OIL,MASTIC (Pistacia lentiscus),Miscellaneous,isopentyl pentanoate,Esters,<1000,<1000
MASTIC (Pistacia lentiscus L.) AERIAL PARTS OIL,MASTIC (Pistacia lentiscus),Miscellaneous,isopentyl hexanoate,Esters,1200,4000
MASTIC (Pistacia lentiscus L.) AERIAL PARTS OIL,MASTIC (Pistacia lentiscus),Miscellaneous,(Z)-3-hexenyl hexanoate,Esters,2000,2000
MASTIC (Pistacia lentiscus L.) AERIAL PARTS OIL,MASTIC (Pistacia lentiscus),Miscellaneous,isopentyl octanoate,Esters,3000,3000
MASTIC (Pistacia lentiscus L.) AERIAL PARTS OIL,MASTIC (Pistacia lentiscus),Miscellaneous,isopentyl benzoate,Esters,2200,2200
MASTIC (Pistacia lentiscus L.) AERIAL PARTS OIL,MASTIC (Pistacia lentiscus),Miscellaneous,2-methylbutyl benzoate,Esters,<500,2300
MASTIC (Pistacia lentiscus L.) AERIAL PARTS OIL,MASTIC (Pistacia lentiscus),Miscellaneous,(Z)-3-hexenyl benzoate,Esters,1000,1000
MASTIC (Pistacia lentiscus L.) AERIAL PARTS OIL,MASTIC (Pistacia lentiscus),Miscellaneous,benzyl benzoate,Esters,2000,2000
MASTIC (Pistacia lentiscus L.) AERIAL PARTS OIL,MASTIC (Pistacia lentiscus),Miscellaneous,"1,4-cineole",Ethers,<1000,<1000
MASTIC (Pistacia lentiscus L.) AERIAL PARTS OIL,MASTIC (Pistacia lentiscus),Miscellaneous,"methyleugenol (=4-allyl-1,2-dimethoxybenzene)",Phenols,<500,1800
MASTIC (Pistacia lentiscus L.) AERIAL PARTS OIL,MASTIC (Pistacia lentiscus),Miscellaneous,"5-allyl-1,2,3-trimethoxybenzene (=elemicin)",Phenols,1000,1000
MASTIC (Pistacia lentiscus L.) AERIAL PARTS OIL,MASTIC (Pistacia lentiscus),Miscellaneous,ascaridole,"(Ep)oxides, pyrans, coumarins",<500,2100
MASTIC (Pistacia lentiscus L.) AERIAL PARTS OIL,MASTIC (Pistacia lentiscus),Miscellaneous,ascaridole glycol,"(Ep)oxides, pyrans, coumarins",<500,2100
MASTIC (Pistacia lentiscus L.) AERIAL PARTS OIL,MASTIC (Pistacia lentiscus),Miscellaneous,carvone oxide (unkn.str.),"(Ep)oxides, pyrans, coumarins",<500,17200
MASTIC (Pistacia lentiscus L.) AERIAL PARTS OIL,MASTIC (Pistacia lentiscus),Miscellaneous,β-caryophyllene oxide,"(Ep)oxides, pyrans, coumarins",1000,103000
MASTIC (Pistacia lentiscus L.) GALL OIL,MASTIC (Pistacia lentiscus),Miscellaneous,(Z)-β-ocimene,Hydrocarbons,<1000,<1000
MASTIC (Pistacia lentiscus L.) GALL OIL,MASTIC (Pistacia lentiscus),Miscellaneous,(E)-β-ocimene,Hydrocarbons,<1000,<1000
MASTIC (Pistacia lentiscus L.) GALL OIL,MASTIC (Pistacia lentiscus),Miscellaneous,β-myrcene (=myrcene),Hydrocarbons,3000,3000
MASTIC (Pistacia lentiscus L.) GALL OIL,MASTIC (Pistacia lentiscus),Miscellaneous,α-phellandrene,Hydrocarbons,10000,10000
MASTIC (Pistacia lentiscus L.) GALL OIL,MASTIC (Pistacia lentiscus),Miscellaneous,β-phellandrene,Hydrocarbons,,
MASTIC (Pistacia lentiscus L.) GALL OIL,MASTIC (Pistacia lentiscus),Miscellaneous,α-terpinene,Hydrocarbons,2000,2000
MASTIC (Pistacia lentiscus L.) GALL OIL,MASTIC (Pistacia lentiscus),Miscellaneous,γ-terpinene,Hydrocarbons,4000,4000
MASTIC (Pistacia lentiscus L.) GALL OIL,MASTIC (Pistacia lentiscus),Miscellaneous,terpinolene,Hydrocarbons,7000,7000
MASTIC (Pistacia lentiscus L.) GALL OIL,MASTIC (Pistacia lentiscus),Miscellaneous,limonene,Hydrocarbons,,
MASTIC (Pistacia lentiscus L.) GALL OIL,MASTIC (Pistacia lentiscus),Miscellaneous,β-elemene,Hydrocarbons,,
MASTIC (Pistacia lentiscus L.) GALL OIL,MASTIC (Pistacia lentiscus),Miscellaneous,β-bisabolene,Hydrocarbons,6000,6000
MASTIC (Pistacia lentiscus L.) GALL OIL,MASTIC (Pistacia lentiscus),Miscellaneous,germacrene D,Hydrocarbons,68000,68000
MASTIC (Pistacia lentiscus L.) GALL OIL,MASTIC (Pistacia lentiscus),Miscellaneous,α-humulene (=humulene),Hydrocarbons,30000,30000
MASTIC (Pistacia lentiscus L.) GALL OIL,MASTIC (Pistacia lentiscus),Miscellaneous,α-pinene,Hydrocarbons,44000,44000
MASTIC (Pistacia lentiscus L.) GALL OIL,MASTIC (Pistacia lentiscus),Miscellaneous,β-pinene,Hydrocarbons,17000,17000
MASTIC (Pistacia lentiscus L.) GALL OIL,MASTIC (Pistacia lentiscus),Miscellaneous,camphene,Hydrocarbons,<1000,<1000
MASTIC (Pistacia lentiscus L.) GALL OIL,MASTIC (Pistacia lentiscus),Miscellaneous,sabinene (=4(10)-thujene),Hydrocarbons,5000,5000
MASTIC (Pistacia lentiscus L.) GALL OIL,MASTIC (Pistacia lentiscus),Miscellaneous,3-carene,Hydrocarbons,<1000,<1000
MASTIC (Pistacia lentiscus L.) GALL OIL,MASTIC (Pistacia lentiscus),Miscellaneous,α-amorphene,Hydrocarbons,33000,33000
MASTIC (Pistacia lentiscus L.) GALL OIL,MASTIC (Pistacia lentiscus),Miscellaneous,γ-cadinene,Hydrocarbons,11000,11000
MASTIC (Pistacia lentiscus L.) GALL OIL,MASTIC (Pistacia lentiscus),Miscellaneous,δ-cadinene,Hydrocarbons,81000,81000
MASTIC (Pistacia lentiscus L.) GALL OIL,MASTIC (Pistacia lentiscus),Miscellaneous,cubenene,Hydrocarbons,7000,7000
MASTIC (Pistacia lentiscus L.) GALL OIL,MASTIC (Pistacia lentiscus),Miscellaneous,α-muurolene,Hydrocarbons,34000,34000
MASTIC (Pistacia lentiscus L.) GALL OIL,MASTIC (Pistacia lentiscus),Miscellaneous,β-caryophyllene,Hydrocarbons,131000,131000
MASTIC (Pistacia lentiscus L.) GALL OIL,MASTIC (Pistacia lentiscus),Miscellaneous,α-cubebene,Hydrocarbons,3000,3000
MASTIC (Pistacia lentiscus L.) GALL OIL,MASTIC (Pistacia lentiscus),Miscellaneous,β-cubebene,Hydrocarbons,,
MASTIC (Pistacia lentiscus L.) GALL OIL,MASTIC (Pistacia lentiscus),Miscellaneous,α-copaene (=copaene),Hydrocarbons,18000,18000
MASTIC (Pistacia lentiscus L.) GALL OIL,MASTIC (Pistacia lentiscus),Miscellaneous,β-bourbonene,Hydrocarbons,1000,1000
MASTIC (Pistacia lentiscus L.) GALL OIL,MASTIC (Pistacia lentiscus),Miscellaneous,aromadendrene,Hydrocarbons,12000,12000
MASTIC (Pistacia lentiscus L.) GALL OIL,MASTIC (Pistacia lentiscus),Miscellaneous,tricyclene,Hydrocarbons,<1000,<1000
MASTIC (Pistacia lentiscus L.) GALL OIL,MASTIC (Pistacia lentiscus),Miscellaneous,1-isopropyl-4-methylbenzene (=p-cymene),Hydrocarbons,3000,3000
MASTIC (Pistacia lentiscus L.) GALL OIL,MASTIC (Pistacia lentiscus),Miscellaneous,(Z)-3-hexen-1-ol (=leaf alcohol),Alcohols,<1000,<1000
MASTIC (Pistacia lentiscus L.) GALL OIL,MASTIC (Pistacia lentiscus),Miscellaneous,linalool,Alcohols,1000,1000
MASTIC (Pistacia lentiscus L.) GALL OIL,MASTIC (Pistacia lentiscus),Miscellaneous,α-terpineol,Alcohols,19000,19000
MASTIC (Pistacia lentiscus L.) GALL OIL,MASTIC (Pistacia lentiscus),Miscellaneous,4-terpineol (=terpinen-4-ol),Alcohols,18000,18000
MASTIC (Pistacia lentiscus L.) GALL OIL,MASTIC (Pistacia lentiscus),Miscellaneous,"cis-carveol (= cis-p-1(6),8-menthadien-2-ol)",Alcohols,<1000,<1000
MASTIC (Pistacia lentiscus L.) GALL OIL,MASTIC (Pistacia lentiscus),Miscellaneous,bisabolol (unkn.str.),Alcohols,6000,6000
MASTIC (Pistacia lentiscus L.) GALL OIL,MASTIC (Pistacia lentiscus),Miscellaneous,borneol,Alcohols,2000,2000
MASTIC (Pistacia lentiscus L.) GALL OIL,MASTIC (Pistacia lentiscus),Miscellaneous,muurolol-T,Alcohols,38000,38000
MASTIC (Pistacia lentiscus L.) GALL OIL,MASTIC (Pistacia lentiscus),Miscellaneous,spathulenol (=(+)-spathulenol),Alcohols,5000,5000
MASTIC (Pistacia lentiscus L.) GALL OIL,MASTIC (Pistacia lentiscus),Miscellaneous,"2,4,5-trimethylbenzaldehyde","Carbonyls, aldehydes",22000,22000
MASTIC (Pistacia lentiscus L.) GALL OIL,MASTIC (Pistacia lentiscus),Miscellaneous,"2,4,6-trimethylbenzaldehyde (=mesitylaldehyde)","Carbonyls, aldehydes",27000,27000
MASTIC (Pistacia lentiscus L.) GALL OIL,MASTIC (Pistacia lentiscus),Miscellaneous,myrtenal,"Carbonyls, aldehydes",2000,2000
MASTIC (Pistacia lentiscus L.) GALL OIL,MASTIC (Pistacia lentiscus),Miscellaneous,2-undecanone,"Carbonyls, ketones",9000,9000
MASTIC (Pistacia lentiscus L.) GALL OIL,MASTIC (Pistacia lentiscus),Miscellaneous,"(E)-6,10-dimethyl-5,9-undecadien-2-one (=geranylacetone)","Carbonyls, ketones",2000,2000
MASTIC (Pistacia lentiscus L.) GALL OIL,MASTIC (Pistacia lentiscus),Miscellaneous,carvotanacetone (=p-1-menthen-6-one),"Carbonyls, ketones",<1000,<1000
MASTIC (Pistacia lentiscus L.) GALL OIL,MASTIC (Pistacia lentiscus),Miscellaneous,tetradecanoic acid (=myristic acid),Acids,5000,5000
MASTIC (Pistacia lentiscus L.) GALL OIL,MASTIC (Pistacia lentiscus),Miscellaneous,bornyl acetate,Esters,3000,3000
MASTIC (Pistacia lentiscus L.) GALL OIL,MASTIC (Pistacia lentiscus),Miscellaneous,"isopentyl butanoate (=3-methylbutyl butanoate, isoamyl butyrate)",Esters,<1000,<1000
MASTIC (Pistacia lentiscus L.) GALL OIL,MASTIC (Pistacia lentiscus),Miscellaneous,isopentyl pentanoate,Esters,2000,2000
MASTIC (Pistacia lentiscus L.) GALL OIL,MASTIC (Pistacia lentiscus),Miscellaneous,isopentyl hexanoate,Esters,1000,1000
MASTIC (Pistacia lentiscus L.) GALL OIL,MASTIC (Pistacia lentiscus),Miscellaneous,isopentyl octanoate,Esters,1000,1000
MASTIC (Pistacia lentiscus L.) GALL OIL,MASTIC (Pistacia lentiscus),Miscellaneous,(Z)-3-hexenyl benzoate,Esters,2000,2000
MASTIC (Pistacia lentiscus L.) GALL OIL,MASTIC (Pistacia lentiscus),Miscellaneous,benzyl benzoate,Esters,2000,2000
MASTIC (Pistacia lentiscus L.) GALL OIL,MASTIC (Pistacia lentiscus),Miscellaneous,β-caryophyllene oxide,"(Ep)oxides, pyrans, coumarins",13000,13000
MASTIC (Pistacia lentiscus var. chia) LEAF OIL,MASTIC (Pistacia lentiscus),Miscellaneous,(Z)-β-ocimene,Hydrocarbons,1000,1000
MASTIC (Pistacia lentiscus var. chia) LEAF OIL,MASTIC (Pistacia lentiscus),Miscellaneous,(E)-β-ocimene,Hydrocarbons,4000,4000
MASTIC (Pistacia lentiscus var. chia) LEAF OIL,MASTIC (Pistacia lentiscus),Miscellaneous,β-myrcene (=myrcene),Hydrocarbons,139000,139000
MASTIC (Pistacia lentiscus var. chia) LEAF OIL,MASTIC (Pistacia lentiscus),Miscellaneous,dimyrcene Ia,Hydrocarbons,1000,1000
MASTIC (Pistacia lentiscus var. chia) LEAF OIL,MASTIC (Pistacia lentiscus),Miscellaneous,dimyrcene Ib,Hydrocarbons,1000,1000
MASTIC (Pistacia lentiscus var. chia) LEAF OIL,MASTIC (Pistacia lentiscus),Miscellaneous,dimyrcene IIa,Hydrocarbons,18000,18000
MASTIC (Pistacia lentiscus var. chia) LEAF OIL,MASTIC (Pistacia lentiscus),Miscellaneous,dimyrcene IIb,Hydrocarbons,18000,18000
MASTIC (Pistacia lentiscus var. chia) LEAF OIL,MASTIC (Pistacia lentiscus),Miscellaneous,"(E,E)-α-farnesene (=α-farnesene)",Hydrocarbons,2000,2000
MASTIC (Pistacia lentiscus var. chia) LEAF OIL,MASTIC (Pistacia lentiscus),Miscellaneous,β-phellandrene,Hydrocarbons,6000,6000
MASTIC (Pistacia lentiscus var. chia) LEAF OIL,MASTIC (Pistacia lentiscus),Miscellaneous,γ-terpinene,Hydrocarbons,2000,2000
MASTIC (Pistacia lentiscus var. chia) LEAF OIL,MASTIC (Pistacia lentiscus),Miscellaneous,terpinolene,Hydrocarbons,3000,3000
MASTIC (Pistacia lentiscus var. chia) LEAF OIL,MASTIC (Pistacia lentiscus),Miscellaneous,limonene,Hydrocarbons,10000,10000
MASTIC (Pistacia lentiscus var. chia) LEAF OIL,MASTIC (Pistacia lentiscus),Miscellaneous,β-elemene,Hydrocarbons,9000,9000
MASTIC (Pistacia lentiscus var. chia) LEAF OIL,MASTIC (Pistacia lentiscus),Miscellaneous,germacrene D,Hydrocarbons,201000,201000
MASTIC (Pistacia lentiscus var. chia) LEAF OIL,MASTIC (Pistacia lentiscus),Miscellaneous,α-humulene (=humulene),Hydrocarbons,34000,34000
MASTIC (Pistacia lentiscus var. chia) LEAF OIL,MASTIC (Pistacia lentiscus),Miscellaneous,γ-cadinene,Hydrocarbons,4000,4000
MASTIC (Pistacia lentiscus var. chia) LEAF OIL,MASTIC (Pistacia lentiscus),Miscellaneous,δ-cadinene,Hydrocarbons,42000,42000
MASTIC (Pistacia lentiscus var. chia) LEAF OIL,MASTIC (Pistacia lentiscus),Miscellaneous,cubenene,Hydrocarbons,3000,3000
MASTIC (Pistacia lentiscus var. chia) LEAF OIL,MASTIC (Pistacia lentiscus),Miscellaneous,α-muurolene,Hydrocarbons,14000,14000
MASTIC (Pistacia lentiscus var. chia) LEAF OIL,MASTIC (Pistacia lentiscus),Miscellaneous,γ-muurolene,Hydrocarbons,17000,17000
MASTIC (Pistacia lentiscus var. chia) LEAF OIL,MASTIC (Pistacia lentiscus),Miscellaneous,"3,7-guaiadiene",Hydrocarbons,1000,1000
MASTIC (Pistacia lentiscus var. chia) LEAF OIL,MASTIC (Pistacia lentiscus),Miscellaneous,bicyclogermacrene,Hydrocarbons,5000,5000
MASTIC (Pistacia lentiscus var. chia) LEAF OIL,MASTIC (Pistacia lentiscus),Miscellaneous,β-caryophyllene,Hydrocarbons,108000,108000
MASTIC (Pistacia lentiscus var. chia) LEAF OIL,MASTIC (Pistacia lentiscus),Miscellaneous,β-cubebene,Hydrocarbons,5000,5000
MASTIC (Pistacia lentiscus var. chia) LEAF OIL,MASTIC (Pistacia lentiscus),Miscellaneous,α-copaene (=copaene),Hydrocarbons,9000,9000
MASTIC (Pistacia lentiscus var. chia) LEAF OIL,MASTIC (Pistacia lentiscus),Miscellaneous,β-ylangene,Hydrocarbons,1000,1000
MASTIC (Pistacia lentiscus var. chia) LEAF OIL,MASTIC (Pistacia lentiscus),Miscellaneous,β-bourbonene,Hydrocarbons,1000,1000
MASTIC (Pistacia lentiscus var. chia) LEAF OIL,MASTIC (Pistacia lentiscus),Miscellaneous,alloaromadendrene,Hydrocarbons,9000,9000
MASTIC (Pistacia lentiscus var. chia) LEAF OIL,MASTIC (Pistacia lentiscus),Miscellaneous,1-isopropyl-4-methylbenzene (=p-cymene),Hydrocarbons,2000,2000
MASTIC (Pistacia lentiscus var. chia) LEAF OIL,MASTIC (Pistacia lentiscus),Miscellaneous,cis-calamenene,Hydrocarbons,4000,4000
MASTIC (Pistacia lentiscus var. chia) LEAF OIL,MASTIC (Pistacia lentiscus),Miscellaneous,10-epizonarene,Hydrocarbons,4000,4000
MASTIC (Pistacia lentiscus var. chia) LEAF OIL,MASTIC (Pistacia lentiscus),Miscellaneous,2-nonanol,Alcohols,2000,2000
MASTIC (Pistacia lentiscus var. chia) LEAF OIL,MASTIC (Pistacia lentiscus),Miscellaneous,1-dodecanol,Alcohols,1000,1000
MASTIC (Pistacia lentiscus var. chia) LEAF OIL,MASTIC (Pistacia lentiscus),Miscellaneous,(E)-nerolidol,Alcohols,3000,3000
MASTIC (Pistacia lentiscus var. chia) LEAF OIL,MASTIC (Pistacia lentiscus),Miscellaneous,α-terpineol,Alcohols,33000,33000
MASTIC (Pistacia lentiscus var. chia) LEAF OIL,MASTIC (Pistacia lentiscus),Miscellaneous,cis-β-terpineol,Alcohols,2000,2000
MASTIC (Pistacia lentiscus var. chia) LEAF OIL,MASTIC (Pistacia lentiscus),Miscellaneous,elemol,Alcohols,6000,6000
MASTIC (Pistacia lentiscus var. chia) LEAF OIL,MASTIC (Pistacia lentiscus),Miscellaneous,germacrene D-4-ol,Alcohols,2000,2000
MASTIC (Pistacia lentiscus var. chia) LEAF OIL,MASTIC (Pistacia lentiscus),Miscellaneous,α-cadinol,Alcohols,33000,33000
MASTIC (Pistacia lentiscus var. chia) LEAF OIL,MASTIC (Pistacia lentiscus),Miscellaneous,δ-cadinol (=torreyol),Alcohols,9000,9000
MASTIC (Pistacia lentiscus var. chia) LEAF OIL,MASTIC (Pistacia lentiscus),Miscellaneous,cubebol,Alcohols,4000,4000
MASTIC (Pistacia lentiscus var. chia) LEAF OIL,MASTIC (Pistacia lentiscus),Miscellaneous,epi-cubebol,Alcohols,2000,2000
MASTIC (Pistacia lentiscus var. chia) LEAF OIL,MASTIC (Pistacia lentiscus),Miscellaneous,muurolol-T,Alcohols,18000,18000
MASTIC (Pistacia lentiscus var. chia) LEAF OIL,MASTIC (Pistacia lentiscus),Miscellaneous,cubenol,Alcohols,7000,7000
MASTIC (Pistacia lentiscus var. chia) LEAF OIL,MASTIC (Pistacia lentiscus),Miscellaneous,1-epicubenol,Alcohols,13000,13000
MASTIC (Pistacia lentiscus var. chia) LEAF OIL,MASTIC (Pistacia lentiscus),Miscellaneous,α-eudesmol,Alcohols,5000,5000
MASTIC (Pistacia lentiscus var. chia) LEAF OIL,MASTIC (Pistacia lentiscus),Miscellaneous,selinen-4-ol,Alcohols,2000,2000
MASTIC (Pistacia lentiscus var. chia) LEAF OIL,MASTIC (Pistacia lentiscus),Miscellaneous,spathulenol (=(+)-spathulenol),Alcohols,1000,1000
MASTIC (Pistacia lentiscus var. chia) LEAF OIL,MASTIC (Pistacia lentiscus),Miscellaneous,2-nonanone,"Carbonyls, ketones",4000,4000
MASTIC (Pistacia lentiscus var. chia) LEAF OIL,MASTIC (Pistacia lentiscus),Miscellaneous,2-undecanone,"Carbonyls, ketones",19000,19000
MASTIC (Pistacia lentiscus var. chia) LEAF OIL,MASTIC (Pistacia lentiscus),Miscellaneous,2-tridecanone,"Carbonyls, ketones",1000,1000
MASTIC (Pistacia lentiscus var. chia) LEAF OIL,MASTIC (Pistacia lentiscus),Miscellaneous,dodecanoic acid (=lauric acid),Acids,3000,3000
MASTIC (Pistacia lentiscus var. chia) LEAF OIL,MASTIC (Pistacia lentiscus),Miscellaneous,tetradecanoic acid (=myristic acid),Acids,2000,2000
MASTIC (Pistacia lentiscus var. chia) LEAF OIL,MASTIC (Pistacia lentiscus),Miscellaneous,hexadecanoic acid (=palmitic acid),Acids,5000,5000
MASTIC (Pistacia lentiscus var. chia) LEAF OIL,MASTIC (Pistacia lentiscus),Miscellaneous,α-terpinyl acetate,Esters,48000,48000
MASTIC (Pistacia lentiscus var. chia) LEAF OIL,MASTIC (Pistacia lentiscus),Miscellaneous,2-methylbutyl butanoate,Esters,4000,4000
MASTIC (Pistacia lentiscus var. chia) LEAF OIL,MASTIC (Pistacia lentiscus),Miscellaneous,2-methylbutyl 3-methylbutanoate,Esters,2000,2000
MASTIC (Pistacia lentiscus var. chia) LEAF OIL,MASTIC (Pistacia lentiscus),Miscellaneous,isopentyl hexanoate,Esters,9000,9000
MASTIC (Pistacia lentiscus var. chia) LEAF OIL,MASTIC (Pistacia lentiscus),Miscellaneous,isopentyl octanoate,Esters,2000,2000
MASTIC (Pistacia lentiscus var. chia) LEAF OIL,MASTIC (Pistacia lentiscus),Miscellaneous,isopentyl benzoate,Esters,4000,4000
MASTIC (Pistacia lentiscus var. chia) LEAF OIL,MASTIC (Pistacia lentiscus),Miscellaneous,(Z)-3-hexenyl benzoate,Esters,2000,2000
MASTIC (Pistacia lentiscus var. chia) LEAF OIL,MASTIC (Pistacia lentiscus),Miscellaneous,benzyl benzoate,Esters,4000,4000
MASTIC (Pistacia lentiscus var. chia) LEAF OIL,MASTIC (Pistacia lentiscus),Miscellaneous,mintsulfide,Sulfur compounds,18000,18000
MASTIC (Pistacia lentiscus var. chia) LEAF OIL,MASTIC (Pistacia lentiscus),Miscellaneous,"5-allyl-1,2,3-trimethoxybenzene (=elemicin)",Phenols,2000,2000
MASTIC (Pistacia lentiscus var. chia) LEAF OIL,MASTIC (Pistacia lentiscus),Miscellaneous,"3,4-dimethyl-5-pentylidene-2(5H)-furanone (=bovolide)",Furans,2000,2000
MASTIC (Pistacia lentiscus var. chia) LEAF OIL,MASTIC (Pistacia lentiscus),Miscellaneous,β-caryophyllene oxide,"(Ep)oxides, pyrans, coumarins",3000,3000
MASTIC (Pistacia lentiscus var. chia) TWIG OIL,MASTIC (Pistacia lentiscus),Miscellaneous,β-myrcene (=myrcene),Hydrocarbons,274000,274000
MASTIC (Pistacia lentiscus var. chia) TWIG OIL,MASTIC (Pistacia lentiscus),Miscellaneous,dimyrcene Ia,Hydrocarbons,2000,2000
MASTIC (Pistacia lentiscus var. chia) TWIG OIL,MASTIC (Pistacia lentiscus),Miscellaneous,dimyrcene Ib,Hydrocarbons,3000,3000
MASTIC (Pistacia lentiscus var. chia) TWIG OIL,MASTIC (Pistacia lentiscus),Miscellaneous,dimyrcene IIa,Hydrocarbons,31000,31000
MASTIC (Pistacia lentiscus var. chia) TWIG OIL,MASTIC (Pistacia lentiscus),Miscellaneous,dimyrcene IIb,Hydrocarbons,31000,31000
MASTIC (Pistacia lentiscus var. chia) TWIG OIL,MASTIC (Pistacia lentiscus),Miscellaneous,β-phellandrene,Hydrocarbons,8000,8000
MASTIC (Pistacia lentiscus var. chia) TWIG OIL,MASTIC (Pistacia lentiscus),Miscellaneous,limonene,Hydrocarbons,7000,7000
MASTIC (Pistacia lentiscus var. chia) TWIG OIL,MASTIC (Pistacia lentiscus),Miscellaneous,β-elemene,Hydrocarbons,12000,12000
MASTIC (Pistacia lentiscus var. chia) TWIG OIL,MASTIC (Pistacia lentiscus),Miscellaneous,germacrene D,Hydrocarbons,217000,217000
MASTIC (Pistacia lentiscus var. chia) TWIG OIL,MASTIC (Pistacia lentiscus),Miscellaneous,α-humulene (=humulene),Hydrocarbons,33000,33000
MASTIC (Pistacia lentiscus var. chia) TWIG OIL,MASTIC (Pistacia lentiscus),Miscellaneous,α-pinene,Hydrocarbons,5000,5000
MASTIC (Pistacia lentiscus var. chia) TWIG OIL,MASTIC (Pistacia lentiscus),Miscellaneous,β-pinene,Hydrocarbons,1000,1000
MASTIC (Pistacia lentiscus var. chia) TWIG OIL,MASTIC (Pistacia lentiscus),Miscellaneous,γ-cadinene,Hydrocarbons,3000,3000
MASTIC (Pistacia lentiscus var. chia) TWIG OIL,MASTIC (Pistacia lentiscus),Miscellaneous,δ-cadinene,Hydrocarbons,39000,39000
MASTIC (Pistacia lentiscus var. chia) TWIG OIL,MASTIC (Pistacia lentiscus),Miscellaneous,cubenene,Hydrocarbons,3000,3000
MASTIC (Pistacia lentiscus var. chia) TWIG OIL,MASTIC (Pistacia lentiscus),Miscellaneous,α-muurolene,Hydrocarbons,23000,23000
MASTIC (Pistacia lentiscus var. chia) TWIG OIL,MASTIC (Pistacia lentiscus),Miscellaneous,γ-muurolene,Hydrocarbons,13000,13000
MASTIC (Pistacia lentiscus var. chia) TWIG OIL,MASTIC (Pistacia lentiscus),Miscellaneous,bicyclogermacrene,Hydrocarbons,9000,9000
MASTIC (Pistacia lentiscus var. chia) TWIG OIL,MASTIC (Pistacia lentiscus),Miscellaneous,β-caryophyllene,Hydrocarbons,72000,72000
MASTIC (Pistacia lentiscus var. chia) TWIG OIL,MASTIC (Pistacia lentiscus),Miscellaneous,β-cubebene,Hydrocarbons,9000,9000
MASTIC (Pistacia lentiscus var. chia) TWIG OIL,MASTIC (Pistacia lentiscus),Miscellaneous,α-copaene (=copaene),Hydrocarbons,13000,13000
MASTIC (Pistacia lentiscus var. chia) TWIG OIL,MASTIC (Pistacia lentiscus),Miscellaneous,β-ylangene,Hydrocarbons,1000,1000
MASTIC (Pistacia lentiscus var. chia) TWIG OIL,MASTIC (Pistacia lentiscus),Miscellaneous,alloaromadendrene,Hydrocarbons,10000,10000
MASTIC (Pistacia lentiscus var. chia) TWIG OIL,MASTIC (Pistacia lentiscus),Miscellaneous,cis-calamenene,Hydrocarbons,3000,3000
MASTIC (Pistacia lentiscus var. chia) TWIG OIL,MASTIC (Pistacia lentiscus),Miscellaneous,10-epizonarene,Hydrocarbons,4000,4000
MASTIC (Pistacia lentiscus var. chia) TWIG OIL,MASTIC (Pistacia lentiscus),Miscellaneous,elemol,Alcohols,8000,8000
MASTIC (Pistacia lentiscus var. chia) TWIG OIL,MASTIC (Pistacia lentiscus),Miscellaneous,germacrene D-4-ol,Alcohols,6000,6000
MASTIC (Pistacia lentiscus var. chia) TWIG OIL,MASTIC (Pistacia lentiscus),Miscellaneous,α-cadinol,Alcohols,22000,22000
MASTIC (Pistacia lentiscus var. chia) TWIG OIL,MASTIC (Pistacia lentiscus),Miscellaneous,δ-cadinol (=torreyol),Alcohols,6000,6000
MASTIC (Pistacia lentiscus var. chia) TWIG OIL,MASTIC (Pistacia lentiscus),Miscellaneous,cadinol-T,Alcohols,8000,8000
MASTIC (Pistacia lentiscus var. chia) TWIG OIL,MASTIC (Pistacia lentiscus),Miscellaneous,cubebol,Alcohols,17000,17000
MASTIC (Pistacia lentiscus var. chia) TWIG OIL,MASTIC (Pistacia lentiscus),Miscellaneous,epi-cubebol,Alcohols,8000,8000
MASTIC (Pistacia lentiscus var. chia) TWIG OIL,MASTIC (Pistacia lentiscus),Miscellaneous,muurolol-T,Alcohols,12000,12000
MASTIC (Pistacia lentiscus var. chia) TWIG OIL,MASTIC (Pistacia lentiscus),Miscellaneous,cubenol,Alcohols,6000,6000
MASTIC (Pistacia lentiscus var. chia) TWIG OIL,MASTIC (Pistacia lentiscus),Miscellaneous,1-epicubenol,Alcohols,11000,11000
MASTIC (Pistacia lentiscus var. chia) TWIG OIL,MASTIC (Pistacia lentiscus),Miscellaneous,α-eudesmol,Alcohols,4000,4000
MASTIC (Pistacia lentiscus var. chia) TWIG OIL,MASTIC (Pistacia lentiscus),Miscellaneous,spathulenol (=(+)-spathulenol),Alcohols,1000,1000
MASTIC (Pistacia lentiscus var. chia) TWIG OIL,MASTIC (Pistacia lentiscus),Miscellaneous,2-nonanone,"Carbonyls, ketones",3000,3000
MASTIC (Pistacia lentiscus var. chia) TWIG OIL,MASTIC (Pistacia lentiscus),Miscellaneous,2-undecanone,"Carbonyls, ketones",9000,9000
MASTIC (Pistacia lentiscus var. chia) TWIG OIL,MASTIC (Pistacia lentiscus),Miscellaneous,dodecanoic acid (=lauric acid),Acids,1000,1000
MASTIC (Pistacia lentiscus var. chia) TWIG OIL,MASTIC (Pistacia lentiscus),Miscellaneous,tetradecanoic acid (=myristic acid),Acids,1000,1000
MASTIC (Pistacia lentiscus var. chia) TWIG OIL,MASTIC (Pistacia lentiscus),Miscellaneous,hexadecanoic acid (=palmitic acid),Acids,1000,1000
MASTIC (Pistacia lentiscus var. chia) TWIG OIL,MASTIC (Pistacia lentiscus),Miscellaneous,α-terpinyl acetate,Esters,14000,14000
MASTIC (Pistacia lentiscus var. chia) TWIG OIL,MASTIC (Pistacia lentiscus),Miscellaneous,butyl 2-methylbutanoate,Esters,1000,1000
MASTIC (Pistacia lentiscus var. chia) TWIG OIL,MASTIC (Pistacia lentiscus),Miscellaneous,isopentyl hexanoate,Esters,4000,4000
MASTIC (Pistacia lentiscus var. chia) TWIG OIL,MASTIC (Pistacia lentiscus),Miscellaneous,isopentyl benzoate,Esters,1000,1000
MASTIC (Pistacia lentiscus var. chia) TWIG OIL,MASTIC (Pistacia lentiscus),Miscellaneous,β-caryophyllene oxide,"(Ep)oxides, pyrans, coumarins",5000,5000
MASTIC (Pistacia lentiscus var. chia) TWIG OIL,MASTIC (Pistacia lentiscus),Miscellaneous,isocaryophyllene oxide,"(Ep)oxides, pyrans, coumarins",1000,1000
MASTIC (Pistacia lentiscus var. chia) GUM OIL,MASTIC (Pistacia lentiscus),Miscellaneous,β-myrcene (=myrcene),Hydrocarbons,250000,250000
MASTIC (Pistacia lentiscus var. chia) GUM OIL,MASTIC (Pistacia lentiscus),Miscellaneous,limonene,Hydrocarbons,15000,15000
MASTIC (Pistacia lentiscus var. chia) GUM OIL,MASTIC (Pistacia lentiscus),Miscellaneous,α-pinene,Hydrocarbons,633000,633000
MASTIC (Pistacia lentiscus var. chia) GUM OIL,MASTIC (Pistacia lentiscus),Miscellaneous,β-pinene,Hydrocarbons,33000,33000
MASTIC (Pistacia lentiscus var. chia) GUM OIL,MASTIC (Pistacia lentiscus),Miscellaneous,β-caryophyllene,Hydrocarbons,9000,9000
MASTIC (Pistacia lentiscus var. chia) GUM OIL,MASTIC (Pistacia lentiscus),Miscellaneous,1-isopropyl-4-methylbenzene (=p-cymene),Hydrocarbons,1000,1000
MASTIC (Pistacia lentiscus var. chia) GUM OIL,MASTIC (Pistacia lentiscus),Miscellaneous,linalool,Alcohols,5000,5000
MASTIC (Pistacia lentiscus var. chia) GUM OIL,MASTIC (Pistacia lentiscus),Miscellaneous,α-terpineol,Alcohols,<1000,<1000
MASTIC (Pistacia lentiscus var. chia) GUM OIL,MASTIC (Pistacia lentiscus),Miscellaneous,verbenone (=2-pinen-4-one),"Carbonyls, ketones",1000,1000
MASTIC (Pistacia lentiscus var. chia) GUM OIL,MASTIC (Pistacia lentiscus),Miscellaneous,"(E)-anethole (=(E)-1-methoxy-4-(1-propenyl)benzene, anise camphor)",Phenols,1000,1000
MASTIC (Pistacia lentiscus var. chia) GUM OIL,MASTIC (Pistacia lentiscus),Miscellaneous,"(E)-1,2-dimethoxy-4-(1-propenyl)-benzene (=(E)-methylisoeugenol)",Phenols,<1000,<1000
BULLOCK'S HEART (Annona reticulata L.),,Fruits,(E)-β-ocimene,Hydrocarbons,,
BULLOCK'S HEART (Annona reticulata L.),,Fruits,β-myrcene (=myrcene),Hydrocarbons,,
BULLOCK'S HEART (Annona reticulata L.),,Fruits,cyclohexane,Hydrocarbons,,
BULLOCK'S HEART (Annona reticulata L.),,Fruits,α-phellandrene,Hydrocarbons,,
BULLOCK'S HEART (Annona reticulata L.),,Fruits,β-phellandrene,Hydrocarbons,,
BULLOCK'S HEART (Annona reticulata L.),,Fruits,α-terpinene,Hydrocarbons,,
BULLOCK'S HEART (Annona reticulata L.),,Fruits,γ-terpinene,Hydrocarbons,,
BULLOCK'S HEART (Annona reticulata L.),,Fruits,terpinolene,Hydrocarbons,,
BULLOCK'S HEART (Annona reticulata L.),,Fruits,β-elemene,Hydrocarbons,,
BULLOCK'S HEART (Annona reticulata L.),,Fruits,α-pinene,Hydrocarbons,,
BULLOCK'S HEART (Annona reticulata L.),,Fruits,β-pinene,Hydrocarbons,,
BULLOCK'S HEART (Annona reticulata L.),,Fruits,α-thujene,Hydrocarbons,,
BULLOCK'S HEART (Annona reticulata L.),,Fruits,sabinene (=4(10)-thujene),Hydrocarbons,,
BULLOCK'S HEART (Annona reticulata L.),,Fruits,δ-cadinene,Hydrocarbons,,
BULLOCK'S HEART (Annona reticulata L.),,Fruits,α-muurolene,Hydrocarbons,,
BULLOCK'S HEART (Annona reticulata L.),,Fruits,α-cubebene,Hydrocarbons,,
BULLOCK'S HEART (Annona reticulata L.),,Fruits,α-copaene (=copaene),Hydrocarbons,,
BULLOCK'S HEART (Annona reticulata L.),,Fruits,methylbenzene (=toluene),Hydrocarbons,,
BULLOCK'S HEART (Annona reticulata L.),,Fruits,1-isopropyl-4-methylbenzene (=p-cymene),Hydrocarbons,,
BULLOCK'S HEART (Annona reticulata L.),,Fruits,1-allyl-2-methylbenzene,Hydrocarbons,,
BULLOCK'S HEART (Annona reticulata L.),,Fruits,3-methyl-1-butanol (=isoamyl alcohol),Alcohols,,
BULLOCK'S HEART (Annona reticulata L.),,Fruits,(Z)-2-hexen-1-ol,Alcohols,,
BULLOCK'S HEART (Annona reticulata L.),,Fruits,geraniol,Alcohols,,
BULLOCK'S HEART (Annona reticulata L.),,Fruits,linalool,Alcohols,,
BULLOCK'S HEART (Annona reticulata L.),,Fruits,nerolidol,Alcohols,,
BULLOCK'S HEART (Annona reticulata L.),,Fruits,2-phenylethanol (=phenethyl alcohol),Alcohols,,
BULLOCK'S HEART (Annona reticulata L.),,Fruits,α-terpineol,Alcohols,,
BULLOCK'S HEART (Annona reticulata L.),,Fruits,4-terpineol (=terpinen-4-ol),Alcohols,,
BULLOCK'S HEART (Annona reticulata L.),,Fruits,"perilla alcohol (=p-1,8-menthadien-7-ol)",Alcohols,,
BULLOCK'S HEART (Annona reticulata L.),,Fruits,fenchol (=fenchyl alcohol),Alcohols,,
BULLOCK'S HEART (Annona reticulata L.),,Fruits,α-cadinol,Alcohols,,
BULLOCK'S HEART (Annona reticulata L.),,Fruits,viridiflorol,Alcohols,,
BULLOCK'S HEART (Annona reticulata L.),,Fruits,spathulenol (=(+)-spathulenol),Alcohols,,
BULLOCK'S HEART (Annona reticulata L.),,Fruits,2-methylbutanal (=α-methylbutanal),"Carbonyls, aldehydes",,
BULLOCK'S HEART (Annona reticulata L.),,Fruits,"3-methylbutanal (=isopentanal, isovaleraldehyde)","Carbonyls, aldehydes",,
BULLOCK'S HEART (Annona reticulata L.),,Fruits,vanillin (=4-hydroxy-3-methoxybenzaldehyde),"Carbonyls, aldehydes",,
BULLOCK'S HEART (Annona reticulata L.),,Fruits,3-hydroxy-2-butanone (=acetoin),"Carbonyls, ketones",,
BULLOCK'S HEART (Annona reticulata L.),,Fruits,4-hydroxy-4-methyl-2-pentanone (=diacetone alcohol),"Carbonyls, ketones",,
BULLOCK'S HEART (Annona reticulata L.),,Fruits,benzophenone,"Carbonyls, ketones",,
BULLOCK'S HEART (Annona reticulata L.),,Fruits,piperitone,"Carbonyls, ketones",,
BULLOCK'S HEART (Annona reticulata L.),,Fruits,ethyl cinnamate,Esters,,
BULLOCK'S HEART (Annona reticulata L.),,Fruits,"4-hydroxybutanoic acid lactone (=dihydro-2(3H)-furanone, 4-butanolide, γ-butyrolactone)",Lactones,,
BULLOCK'S HEART (Annona reticulata L.),,Fruits,pyridine,Bases,,
BULLOCK'S HEART (Annona reticulata L.),,Fruits,"1,4-cineole",Ethers,,
BULLOCK'S HEART (Annona reticulata L.),,Fruits,carvacrol (=5-isopropyl-2-methylphenol),Phenols,,
BULLOCK'S HEART (Annona reticulata L.),,Fruits,"furfural (=2-formylfuran, 2-furancarbaldehyde, 2-furaldehyde)",Furans,,
BULLOCK'S HEART (Annona reticulata L.),,Fruits,"2-acetylfuran (=2-furyl methyl ketone, 1-(2-furyl)ethanone)",Furans,,
"SWEETSOP, SUGAR APPLE (Annona squamosa L.)",,Fruits,(E)-β-ocimene,Hydrocarbons,,
"SWEETSOP, SUGAR APPLE (Annona squamosa L.)",,Fruits,β-myrcene (=myrcene),Hydrocarbons,,
"SWEETSOP, SUGAR APPLE (Annona squamosa L.)",,Fruits,cyclohexane,Hydrocarbons,,
"SWEETSOP, SUGAR APPLE (Annona squamosa L.)",,Fruits,α-phellandrene,Hydrocarbons,,
"SWEETSOP, SUGAR APPLE (Annona squamosa L.)",,Fruits,terpinolene,Hydrocarbons,,
"SWEETSOP, SUGAR APPLE (Annona squamosa L.)",,Fruits,α-pinene,Hydrocarbons,,
"SWEETSOP, SUGAR APPLE (Annona squamosa L.)",,Fruits,β-pinene,Hydrocarbons,,
"SWEETSOP, SUGAR APPLE (Annona squamosa L.)",,Fruits,δ-cadinene,Hydrocarbons,,
"SWEETSOP, SUGAR APPLE (Annona squamosa L.)",,Fruits,β-cubebene,Hydrocarbons,,
"SWEETSOP, SUGAR APPLE (Annona squamosa L.)",,Fruits,α-copaene (=copaene),Hydrocarbons,,
"SWEETSOP, SUGAR APPLE (Annona squamosa L.)",,Fruits,methylbenzene (=toluene),Hydrocarbons,,
"SWEETSOP, SUGAR APPLE (Annona squamosa L.)",,Fruits,farnesol,Alcohols,,
"SWEETSOP, SUGAR APPLE (Annona squamosa L.)",,Fruits,benzyl alcohol (=benzenemethanol),Alcohols,,
"SWEETSOP, SUGAR APPLE (Annona squamosa L.)",,Fruits,α-terpineol,Alcohols,,
"SWEETSOP, SUGAR APPLE (Annona squamosa L.)",,Fruits,4-terpineol (=terpinen-4-ol),Alcohols,,
"SWEETSOP, SUGAR APPLE (Annona squamosa L.)",,Fruits,borneol,Alcohols,,
"SWEETSOP, SUGAR APPLE (Annona squamosa L.)",,Fruits,fenchol (=fenchyl alcohol),Alcohols,,
"SWEETSOP, SUGAR APPLE (Annona squamosa L.)",,Fruits,cadinol-T,Alcohols,,
"SWEETSOP, SUGAR APPLE (Annona squamosa L.)",,Fruits,muurolol-T,Alcohols,,
"SWEETSOP, SUGAR APPLE (Annona squamosa L.)",,Fruits,viridiflorol,Alcohols,,
"SWEETSOP, SUGAR APPLE (Annona squamosa L.)",,Fruits,globulol,Alcohols,,
"SWEETSOP, SUGAR APPLE (Annona squamosa L.)",,Fruits,spathulenol (=(+)-spathulenol),Alcohols,,
"SWEETSOP, SUGAR APPLE (Annona squamosa L.)",,Fruits,3-hydroxy-2-butanone (=acetoin),"Carbonyls, ketones",,
"SWEETSOP, SUGAR APPLE (Annona squamosa L.)",,Fruits,"2,3-butanedione (=diacetyl)","Carbonyls, ketones",,
"SWEETSOP, SUGAR APPLE (Annona squamosa L.)",,Fruits,"2,3-pentanedione (=acetylpropionyl)","Carbonyls, ketones",,
"SWEETSOP, SUGAR APPLE (Annona squamosa L.)",,Fruits,verbenone (=2-pinen-4-one),"Carbonyls, ketones",,
"SWEETSOP, SUGAR APPLE (Annona squamosa L.)",,Fruits,bornyl acetate,Esters,,
"SWEETSOP, SUGAR APPLE (Annona squamosa L.)",,Fruits,"4-hydroxybutanoic acid lactone (=dihydro-2(3H)-furanone, 4-butanolide, γ-butyrolactone)",Lactones,,
"SWEETSOP, SUGAR APPLE (Annona squamosa L.)",,Fruits,"4-hydroxyhexanoic acid lactone (=γ-hexalactone, γ-caprolactone, 4-hexanolide)",Lactones,,
"SWEETSOP, SUGAR APPLE (Annona squamosa L.)",,Fruits,pyridine,Bases,,
"SWEETSOP, SUGAR APPLE (Annona squamosa L.)",,Fruits,"1,8-cineole (=eucalyptol)",Ethers,,
"SWEETSOP, SUGAR APPLE (Annona squamosa L.)",,Fruits,"furfural (=2-formylfuran, 2-furancarbaldehyde, 2-furaldehyde)",Furans,,
LENTILS,,Vegetables,dodecane,Hydrocarbons,0.02,0.02
LENTILS,,Vegetables,benzene,Hydrocarbons,0.0006,0.0015
LENTILS,,Vegetables,methylbenzene (=toluene),Hydrocarbons,0.05,0.077
LENTILS,,Vegetables,ethylbenzene (=α-methyltoluene),Hydrocarbons,0.005,0.005
LENTILS,,Vegetables,vinylbenzene (=styrene),Hydrocarbons,0.005,0.005
LENTILS,,Vegetables,"1,2-dimethylbenzene (=o-xylene)",Hydrocarbons,0.003,0.003
LENTILS,,Vegetables,naphthalene,Hydrocarbons,0.008,0.01
LENTILS,,Vegetables,methylnaphthalene (unkn.str.),Hydrocarbons,0.017,0.019
LENTILS,,Vegetables,methanol,Alcohols,4.4,4.4
LENTILS,,Vegetables,ethanol,Alcohols,2.4,2.4
LENTILS,,Vegetables,1-propanol (=propyl alcohol),Alcohols,0.1,0.1
LENTILS,,Vegetables,2-propanol (=isopropyl alcohol),Alcohols,0.3,0.3
LENTILS,,Vegetables,2-methyl-1-propanol (=isobutanol),Alcohols,0.1,0.1
LENTILS,,Vegetables,1-butanol,Alcohols,0.1,0.1
LENTILS,,Vegetables,2-butanol (=sec-butanol),Alcohols,0.03,0.03
LENTILS,,Vegetables,1-pentanol (=amyl alcohol),Alcohols,0.1,0.1
LENTILS,,Vegetables,1-hexanol,Alcohols,0.04,0.04
LENTILS,,Vegetables,acetaldehyde (=ethanal),"Carbonyls, aldehydes",1.5,1.5
LENTILS,,Vegetables,"2-methylpropanal (=isobutanal, isobutyraldehyde)","Carbonyls, aldehydes",0.03,0.03
LENTILS,,Vegetables,2-methylbutanal (=α-methylbutanal),"Carbonyls, aldehydes",0.08,0.08
LENTILS,,Vegetables,hexanal (=capronaldehyde),"Carbonyls, aldehydes",0.06,0.06
LENTILS,,Vegetables,benzaldehyde,"Carbonyls, aldehydes",0.004,0.004
LENTILS,,Vegetables,"acetone (=2-propanone, dimethyl ketone)","Carbonyls, ketones",0.2,0.2
LENTILS,,Vegetables,2-butanone (=ethyl methyl ketone),"Carbonyls, ketones",0.05,0.05
LENTILS,,Vegetables,2-pentanone,"Carbonyls, ketones",0.03,0.03
LENTILS,,Vegetables,acetophenone (=1-phenylethanone),"Carbonyls, ketones",0.01,0.01
LENTILS,,Vegetables,"dimethyl sulfide (=thiobismethane, methylthiomethane, methyl sulfide)",Sulfur compounds,0.011,0.054
LENTILS,,Vegetables,carbon disulfide,Sulfur compounds,0.0023,0.0024
LENTILS,,Vegetables,trichloromethane (=chloroform),Halogens,0.007,0.057
LENTILS,,Vegetables,dichlorobenzene (unkn.str.),Halogens,0.01,0.053
LENTILS,,Vegetables,trichlorobenzene (unkn.str.),Halogens,0.003,0.005
LENTILS,,Vegetables,"acetonitrile (=ethanenitrile, methyl cyanide)",Nitriles and amides,0.06,0.174
TEQUILA (Agave tequilana),,Alcoholic Beverages > 20% alc.,3-methyl-2-pentene,Hydrocarbons,,
TEQUILA (Agave tequilana),,Alcoholic Beverages > 20% alc.,9-eicosyne,Hydrocarbons,,
TEQUILA (Agave tequilana),,Alcoholic Beverages > 20% alc.,β-ocimene,Hydrocarbons,,
TEQUILA (Agave tequilana),,Alcoholic Beverages > 20% alc.,cyclotetradecane,Hydrocarbons,,
TEQUILA (Agave tequilana),,Alcoholic Beverages > 20% alc.,methanol,Alcohols,500,1000
TEQUILA (Agave tequilana),,Alcoholic Beverages > 20% alc.,ethanol,Alcohols,,
TEQUILA (Agave tequilana),,Alcoholic Beverages > 20% alc.,1-propanol (=propyl alcohol),Alcohols,,
TEQUILA (Agave tequilana),,Alcoholic Beverages > 20% alc.,3-ethoxy-1-propanol,Alcohols,,
TEQUILA (Agave tequilana),,Alcoholic Beverages > 20% alc.,2-methyl-1-propanol (=isobutanol),Alcohols,180,300
TEQUILA (Agave tequilana),,Alcoholic Beverages > 20% alc.,1-butanol,Alcohols,2,6
TEQUILA (Agave tequilana),,Alcoholic Beverages > 20% alc.,2-methyl-1-butanol (=active amyl alcohol),Alcohols,,
TEQUILA (Agave tequilana),,Alcoholic Beverages > 20% alc.,3-methyl-1-butanol (=isoamyl alcohol),Alcohols,,
TEQUILA (Agave tequilana),,Alcoholic Beverages > 20% alc.,3-methyl-3-buten-1-ol,Alcohols,,
TEQUILA (Agave tequilana),,Alcoholic Beverages > 20% alc.,3-methyl-3-buten-2-ol,Alcohols,,
TEQUILA (Agave tequilana),,Alcoholic Beverages > 20% alc.,"2,3-butanediol (=2,3-butylene glycol)",Alcohols,,
TEQUILA (Agave tequilana),,Alcoholic Beverages > 20% alc.,1-pentanol (=amyl alcohol),Alcohols,,
TEQUILA (Agave tequilana),,Alcoholic Beverages > 20% alc.,2-pentanol,Alcohols,,
TEQUILA (Agave tequilana),,Alcoholic Beverages > 20% alc.,2-penten-1-ol,Alcohols,,
TEQUILA (Agave tequilana),,Alcoholic Beverages > 20% alc.,4-penten-1-ol,Alcohols,,
TEQUILA (Agave tequilana),,Alcoholic Beverages > 20% alc.,4-methyl-1-pentanol,Alcohols,,
TEQUILA (Agave tequilana),,Alcoholic Beverages > 20% alc.,"3,4-dimethyl-1-pentanol",Alcohols,,
TEQUILA (Agave tequilana),,Alcoholic Beverages > 20% alc.,1-hexanol,Alcohols,,
TEQUILA (Agave tequilana),,Alcoholic Beverages > 20% alc.,4-hexen-1-ol,Alcohols,,
TEQUILA (Agave tequilana),,Alcoholic Beverages > 20% alc.,2-ethyl-1-hexanol,Alcohols,,
TEQUILA (Agave tequilana),,Alcoholic Beverages > 20% alc.,3-ethyl-1-hexanol,Alcohols,,
TEQUILA (Agave tequilana),,Alcoholic Beverages > 20% alc.,1-heptanol,Alcohols,,
TEQUILA (Agave tequilana),,Alcoholic Beverages > 20% alc.,2-heptanol,Alcohols,,
TEQUILA (Agave tequilana),,Alcoholic Beverages > 20% alc.,4-heptanol,Alcohols,,
TEQUILA (Agave tequilana),,Alcoholic Beverages > 20% alc.,6-methyl-1-heptanol (=isooctanol),Alcohols,,
TEQUILA (Agave tequilana),,Alcoholic Beverages > 20% alc.,1-octanol,Alcohols,,
TEQUILA (Agave tequilana),,Alcoholic Beverages > 20% alc.,3-octanol,Alcohols,,
TEQUILA (Agave tequilana),,Alcoholic Beverages > 20% alc.,1-octen-3-ol,Alcohols,,
TEQUILA (Agave tequilana),,Alcoholic Beverages > 20% alc.,2-nonanol,Alcohols,,
TEQUILA (Agave tequilana),,Alcoholic Beverages > 20% alc.,1-decanol,Alcohols,,
TEQUILA (Agave tequilana),,Alcoholic Beverages > 20% alc.,1-undecanol,Alcohols,,
TEQUILA (Agave tequilana),,Alcoholic Beverages > 20% alc.,1-dodecanol,Alcohols,,
TEQUILA (Agave tequilana),,Alcoholic Beverages > 20% alc.,1-tetradecanol,Alcohols,,
TEQUILA (Agave tequilana),,Alcoholic Beverages > 20% alc.,1-hexadecanol (=cetanol),Alcohols,,
TEQUILA (Agave tequilana),,Alcoholic Beverages > 20% alc.,citronellol,Alcohols,0.12,0.74
TEQUILA (Agave tequilana),,Alcoholic Beverages > 20% alc.,geraniol,Alcohols,,
TEQUILA (Agave tequilana),,Alcoholic Beverages > 20% alc.,nerol,Alcohols,,
TEQUILA (Agave tequilana),,Alcoholic Beverages > 20% alc.,linalool,Alcohols,0.4,1.8
TEQUILA (Agave tequilana),,Alcoholic Beverages > 20% alc.,farnesol,Alcohols,,
TEQUILA (Agave tequilana),,Alcoholic Beverages > 20% alc.,"(E,E)-farnesol",Alcohols,0.06,0.52
TEQUILA (Agave tequilana),,Alcoholic Beverages > 20% alc.,nerolidol,Alcohols,,
TEQUILA (Agave tequilana),,Alcoholic Beverages > 20% alc.,(Z)-nerolidol,Alcohols,0.04,0.22
TEQUILA (Agave tequilana),,Alcoholic Beverages > 20% alc.,cyclohexanol,Alcohols,,
TEQUILA (Agave tequilana),,Alcoholic Beverages > 20% alc.,benzyl alcohol (=benzenemethanol),Alcohols,,
TEQUILA (Agave tequilana),,Alcoholic Beverages > 20% alc.,2-phenylethanol (=phenethyl alcohol),Alcohols,6,28
TEQUILA (Agave tequilana),,Alcoholic Beverages > 20% alc.,"p-cymen-8-ol (=α,α,p-trimethyl-benzyl alcohol)",Alcohols,,
TEQUILA (Agave tequilana),,Alcoholic Beverages > 20% alc.,p-cymen-9-ol,Alcohols,,
TEQUILA (Agave tequilana),,Alcoholic Beverages > 20% alc.,α-terpineol,Alcohols,1.08,4.63
TEQUILA (Agave tequilana),,Alcoholic Beverages > 20% alc.,4-terpineol (=terpinen-4-ol),Alcohols,0,0.22
TEQUILA (Agave tequilana),,Alcoholic Beverages > 20% alc.,p-2-menthen-7-ol,Alcohols,,
TEQUILA (Agave tequilana),,Alcoholic Beverages > 20% alc.,α-bisabolol,Alcohols,,
TEQUILA (Agave tequilana),,Alcoholic Beverages > 20% alc.,guaiol,Alcohols,,
TEQUILA (Agave tequilana),,Alcoholic Beverages > 20% alc.,acetaldehyde (=ethanal),"Carbonyls, aldehydes",20,40
TEQUILA (Agave tequilana),,Alcoholic Beverages > 20% alc.,"2-methylpropanal (=isobutanal, isobutyraldehyde)","Carbonyls, aldehydes",,
TEQUILA (Agave tequilana),,Alcoholic Beverages > 20% alc.,3-ethoxypropanal,"Carbonyls, aldehydes",,
TEQUILA (Agave tequilana),,Alcoholic Beverages > 20% alc.,2-methylbutanal (=α-methylbutanal),"Carbonyls, aldehydes",,
TEQUILA (Agave tequilana),,Alcoholic Beverages > 20% alc.,"3-methylbutanal (=isopentanal, isovaleraldehyde)","Carbonyls, aldehydes",,
TEQUILA (Agave tequilana),,Alcoholic Beverages > 20% alc.,hexadecanal,"Carbonyls, aldehydes",,
TEQUILA (Agave tequilana),,Alcoholic Beverages > 20% alc.,neral (=β-citral),"Carbonyls, aldehydes",,
TEQUILA (Agave tequilana),,Alcoholic Beverages > 20% alc.,benzaldehyde,"Carbonyls, aldehydes",,
TEQUILA (Agave tequilana),,Alcoholic Beverages > 20% alc.,vanillin (=4-hydroxy-3-methoxybenzaldehyde),"Carbonyls, aldehydes",,
TEQUILA (Agave tequilana),,Alcoholic Beverages > 20% alc.,"syringaldehyde (=4-hydroxy-3,5-dimethoxy-benzaldehyde)","Carbonyls, aldehydes",,
TEQUILA (Agave tequilana),,Alcoholic Beverages > 20% alc.,phenylacetaldehyde (=benzeneacetaldehyde),"Carbonyls, aldehydes",,
TEQUILA (Agave tequilana),,Alcoholic Beverages > 20% alc.,β-cyclocitral,"Carbonyls, aldehydes",,
TEQUILA (Agave tequilana),,Alcoholic Beverages > 20% alc.,3-hydroxy-2-butanone (=acetoin),"Carbonyls, ketones",,
TEQUILA (Agave tequilana),,Alcoholic Beverages > 20% alc.,"2,3-butanedione (=diacetyl)","Carbonyls, ketones",,
TEQUILA (Agave tequilana),,Alcoholic Beverages > 20% alc.,"2,3-pentanedione (=acetylpropionyl)","Carbonyls, ketones",,
TEQUILA (Agave tequilana),,Alcoholic Beverages > 20% alc.,2-methyl-3-hexanone,"Carbonyls, ketones",,
TEQUILA (Agave tequilana),,Alcoholic Beverages > 20% alc.,5-methyl-3-hexen-2-one,"Carbonyls, ketones",,
TEQUILA (Agave tequilana),,Alcoholic Beverages > 20% alc.,2-heptanone,"Carbonyls, ketones",,
TEQUILA (Agave tequilana),,Alcoholic Beverages > 20% alc.,5-methylheptan-2-one,"Carbonyls, ketones",,
TEQUILA (Agave tequilana),,Alcoholic Beverages > 20% alc.,3-ethylheptan-4-one,"Carbonyls, ketones",,
TEQUILA (Agave tequilana),,Alcoholic Beverages > 20% alc.,6-methyl-5-hepten-2-one,"Carbonyls, ketones",,
TEQUILA (Agave tequilana),,Alcoholic Beverages > 20% alc.,2-methyl-2-hepten-4-one,"Carbonyls, ketones",,
TEQUILA (Agave tequilana),,Alcoholic Beverages > 20% alc.,"2,4-dimethylheptan-3-one","Carbonyls, ketones",,
TEQUILA (Agave tequilana),,Alcoholic Beverages > 20% alc.,2-nonanone,"Carbonyls, ketones",,
TEQUILA (Agave tequilana),,Alcoholic Beverages > 20% alc.,2-methylcyclopentanone,"Carbonyls, ketones",,
TEQUILA (Agave tequilana),,Alcoholic Beverages > 20% alc.,"3-ethyl-1,2-cyclopentanedione","Carbonyls, ketones",,
TEQUILA (Agave tequilana),,Alcoholic Beverages > 20% alc.,cyclohexanone,"Carbonyls, ketones",,
TEQUILA (Agave tequilana),,Alcoholic Beverages > 20% alc.,β-damascenone (=(E)-β-damascenone),"Carbonyls, ketones",,
TEQUILA (Agave tequilana),,Alcoholic Beverages > 20% alc.,acetic acid,Acids,,
TEQUILA (Agave tequilana),,Alcoholic Beverages > 20% alc.,propanoic acid (=propionic acid),Acids,,
TEQUILA (Agave tequilana),,Alcoholic Beverages > 20% alc.,2-methylpropanoic acid (=isobutyric acid),Acids,,
TEQUILA (Agave tequilana),,Alcoholic Beverages > 20% alc.,butanoic acid (=butyric acid),Acids,,
TEQUILA (Agave tequilana),,Alcoholic Beverages > 20% alc.,2-methylbutanoic acid,Acids,,
TEQUILA (Agave tequilana),,Alcoholic Beverages > 20% alc.,pentanoic acid (=valeric acid),Acids,,
TEQUILA (Agave tequilana),,Alcoholic Beverages > 20% alc.,hexanoic acid (=caproic acid),Acids,,
TEQUILA (Agave tequilana),,Alcoholic Beverages > 20% alc.,octanoic acid (=caprylic acid),Acids,,
TEQUILA (Agave tequilana),,Alcoholic Beverages > 20% alc.,decanoic acid (=capric acid),Acids,,
TEQUILA (Agave tequilana),,Alcoholic Beverages > 20% alc.,dodecanoic acid (=lauric acid),Acids,,
TEQUILA (Agave tequilana),,Alcoholic Beverages > 20% alc.,tetradecanoic acid (=myristic acid),Acids,,
TEQUILA (Agave tequilana),,Alcoholic Beverages > 20% alc.,hexadecanoic acid (=palmitic acid),Acids,,
TEQUILA (Agave tequilana),,Alcoholic Beverages > 20% alc.,hexadecenoic acid (unkn.str.),Acids,,
TEQUILA (Agave tequilana),,Alcoholic Beverages > 20% alc.,isopentyl formate,Esters,,
TEQUILA (Agave tequilana),,Alcoholic Beverages > 20% alc.,phenethyl formate,Esters,,
TEQUILA (Agave tequilana),,Alcoholic Beverages > 20% alc.,methyl acetate,Esters,,
TEQUILA (Agave tequilana),,Alcoholic Beverages > 20% alc.,ethyl acetate,Esters,,
TEQUILA (Agave tequilana),,Alcoholic Beverages > 20% alc.,propyl acetate,Esters,,
TEQUILA (Agave tequilana),,Alcoholic Beverages > 20% alc.,butyl acetate,Esters,,
TEQUILA (Agave tequilana),,Alcoholic Beverages > 20% alc.,2-methylbutyl acetate,Esters,,
TEQUILA (Agave tequilana),,Alcoholic Beverages > 20% alc.,pentyl acetate (=amyl acetate),Esters,,
TEQUILA (Agave tequilana),,Alcoholic Beverages > 20% alc.,"isopentyl acetate (=3-methylbutyl acetate, isoamyl acetate)",Esters,,
TEQUILA (Agave tequilana),,Alcoholic Beverages > 20% alc.,citronellyl acetate,Esters,,
TEQUILA (Agave tequilana),,Alcoholic Beverages > 20% alc.,farnesyl acetate,Esters,,
TEQUILA (Agave tequilana),,Alcoholic Beverages > 20% alc.,phenethyl acetate,Esters,,
TEQUILA (Agave tequilana),,Alcoholic Beverages > 20% alc.,phenylpropyl acetate (unkn.str.),Esters,,
TEQUILA (Agave tequilana),,Alcoholic Beverages > 20% alc.,ethyl propanoate,Esters,,
TEQUILA (Agave tequilana),,Alcoholic Beverages > 20% alc.,linalyl propanoate,Esters,,
TEQUILA (Agave tequilana),,Alcoholic Beverages > 20% alc.,6-methylheptyl 2-propenoate (=isooctyl acrylate),Esters,,
TEQUILA (Agave tequilana),,Alcoholic Beverages > 20% alc.,ethyl 2-methylpropanoate (=ethyl isobutyrate),Esters,,
TEQUILA (Agave tequilana),,Alcoholic Beverages > 20% alc.,phenethyl 2-methylpropanoate (=phenethyl isobutyrate),Esters,,
TEQUILA (Agave tequilana),,Alcoholic Beverages > 20% alc.,ethyl 2-hydroxypropanoate (=ethyl lactate),Esters,60,120
TEQUILA (Agave tequilana),,Alcoholic Beverages > 20% alc.,isopentyl 2-hydroxypropanoate (=isoamyl lactate),Esters,,
TEQUILA (Agave tequilana),,Alcoholic Beverages > 20% alc.,ethyl butanoate,Esters,,
TEQUILA (Agave tequilana),,Alcoholic Beverages > 20% alc.,phenethyl butanoate,Esters,,
TEQUILA (Agave tequilana),,Alcoholic Beverages > 20% alc.,ethyl 2-methylbutanoate,Esters,,
TEQUILA (Agave tequilana),,Alcoholic Beverages > 20% alc.,ethyl 3-methylbutanoate (=ethyl isovalerate),Esters,,
TEQUILA (Agave tequilana),,Alcoholic Beverages > 20% alc.,ethyl 2-hydroxybutanoate,Esters,,
TEQUILA (Agave tequilana),,Alcoholic Beverages > 20% alc.,ethyl pentanoate,Esters,,
TEQUILA (Agave tequilana),,Alcoholic Beverages > 20% alc.,"ethyl 4-oxopentanoate (=ethyl levulate, ethyl levulinate)",Esters,,
TEQUILA (Agave tequilana),,Alcoholic Beverages > 20% alc.,ethyl hexanoate (=ethyl caproate),Esters,0,0.27
TEQUILA (Agave tequilana),,Alcoholic Beverages > 20% alc.,methyl heptanoate,Esters,,
TEQUILA (Agave tequilana),,Alcoholic Beverages > 20% alc.,ethyl heptanoate,Esters,,
TEQUILA (Agave tequilana),,Alcoholic Beverages > 20% alc.,methyl octanoate,Esters,,
TEQUILA (Agave tequilana),,Alcoholic Beverages > 20% alc.,ethyl octanoate (=ethyl caprylate),Esters,0.62,1.98
TEQUILA (Agave tequilana),,Alcoholic Beverages > 20% alc.,isobutyl octanoate,Esters,,
TEQUILA (Agave tequilana),,Alcoholic Beverages > 20% alc.,isopentyl octanoate,Esters,,
TEQUILA (Agave tequilana),,Alcoholic Beverages > 20% alc.,phenethyl octanoate,Esters,,
TEQUILA (Agave tequilana),,Alcoholic Beverages > 20% alc.,ethyl nonanoate,Esters,,
TEQUILA (Agave tequilana),,Alcoholic Beverages > 20% alc.,methyl decanoate,Esters,,
TEQUILA (Agave tequilana),,Alcoholic Beverages > 20% alc.,ethyl decanoate (=ethyl caprate),Esters,3.54,4.33
TEQUILA (Agave tequilana),,Alcoholic Beverages > 20% alc.,isopentyl decanoate,Esters,,
TEQUILA (Agave tequilana),,Alcoholic Beverages > 20% alc.,methyl dodecanoate (=methyl laurate),Esters,,
TEQUILA (Agave tequilana),,Alcoholic Beverages > 20% alc.,ethyl dodecanoate (=ethyl laurate),Esters,3.18,5.97
TEQUILA (Agave tequilana),,Alcoholic Beverages > 20% alc.,ethyl tetradecanoate (=ethyl myristate),Esters,0.73,2.61
TEQUILA (Agave tequilana),,Alcoholic Beverages > 20% alc.,ethyl hexadecanoate (=ethyl palmitate),Esters,7.42,13.08
TEQUILA (Agave tequilana),,Alcoholic Beverages > 20% alc.,ethyl 9-hexadecenoate,Esters,,
TEQUILA (Agave tequilana),,Alcoholic Beverages > 20% alc.,ethyl octadecanoate (=ethyl stearate),Esters,9.85,15.03
TEQUILA (Agave tequilana),,Alcoholic Beverages > 20% alc.,ethyl (Z)-9-octadecenoate (=ethyl oleate),Esters,,
TEQUILA (Agave tequilana),,Alcoholic Beverages > 20% alc.,"ethyl 9,12-octadecadienoate",Esters,,
TEQUILA (Agave tequilana),,Alcoholic Beverages > 20% alc.,"ethyl (Z,Z)-9,12-octadecadienoate (=ethyl linoleate)",Esters,,
TEQUILA (Agave tequilana),,Alcoholic Beverages > 20% alc.,"ethyl (Z,Z,Z)-9,12,15-octadecatrienoate (=ethyl linolenate)",Esters,,
TEQUILA (Agave tequilana),,Alcoholic Beverages > 20% alc.,diethyl succinate (=diethyl butanedioate),Esters,,
TEQUILA (Agave tequilana),,Alcoholic Beverages > 20% alc.,methyl 2-hydroxybenzoate (=methyl salicylate),Esters,,
TEQUILA (Agave tequilana),,Alcoholic Beverages > 20% alc.,ethyl 4-hydroxy-3-methoxybenzoate (=ethyl vanillate),Esters,,
TEQUILA (Agave tequilana),,Alcoholic Beverages > 20% alc.,ethyl phenylacetate,Esters,,
TEQUILA (Agave tequilana),,Alcoholic Beverages > 20% alc.,ethyl 3-phenylpropanoate (=ethyl hydrocinnamate),Esters,,
TEQUILA (Agave tequilana),,Alcoholic Beverages > 20% alc.,"4-hydroxy-4-methylpentanoic acid lactone (=4,4-dimethyl-butanolide)",Lactones,,
TEQUILA (Agave tequilana),,Alcoholic Beverages > 20% alc.,"4-hydroxyoctanoic acid lactone (=4-octanolide, γ-octalactone, 5-butyldihydro-2(3H)-furanone)",Lactones,,
TEQUILA (Agave tequilana),,Alcoholic Beverages > 20% alc.,"4-hydroxynonanoic acid lactone (=4-nonanolide, γ-nonalactone)",Lactones,,
TEQUILA (Agave tequilana),,Alcoholic Beverages > 20% alc.,1-methylpyrazole,Bases,,
TEQUILA (Agave tequilana),,Alcoholic Beverages > 20% alc.,"3,4,5-trimethylpyrazole",Bases,,
TEQUILA (Agave tequilana),,Alcoholic Beverages > 20% alc.,"3,4-dimethylpyridine (=3,4-lutidine)",Bases,,
TEQUILA (Agave tequilana),,Alcoholic Beverages > 20% alc.,"2,5-dimethylpyrazine",Bases,,
TEQUILA (Agave tequilana),,Alcoholic Beverages > 20% alc.,"2,6-dimethylpyrazine",Bases,,
TEQUILA (Agave tequilana),,Alcoholic Beverages > 20% alc.,2-ethyl-3-methylpyrazine,Bases,,
TEQUILA (Agave tequilana),,Alcoholic Beverages > 20% alc.,2-ethyl-5-methylpyrazine,Bases,,
TEQUILA (Agave tequilana),,Alcoholic Beverages > 20% alc.,trimethylpyrazine,Bases,,
TEQUILA (Agave tequilana),,Alcoholic Beverages > 20% alc.,dimethyl disulfide (=methyldithiomethane),Sulfur compounds,,
TEQUILA (Agave tequilana),,Alcoholic Beverages > 20% alc.,"dimethyl trisulfide (=2,3,4-trithiapentane, methyltrithiomethane)",Sulfur compounds,,
TEQUILA (Agave tequilana),,Alcoholic Beverages > 20% alc.,2-methylthiophene,Sulfur compounds,,
TEQUILA (Agave tequilana),,Alcoholic Beverages > 20% alc.,4-methyl-5-vinylthiazole,Sulfur compounds,,
TEQUILA (Agave tequilana),,Alcoholic Beverages > 20% alc.,2-Ethoxythiazole,Sulfur compounds,,
TEQUILA (Agave tequilana),,Alcoholic Beverages > 20% alc.,"1,1-diethoxyethane (=acetal, acetaldehyde diethyl acetal)",Acetals,,
TEQUILA (Agave tequilana),,Alcoholic Beverages > 20% alc.,1-ethoxy-1-phenethoxyethane,Acetals,,
TEQUILA (Agave tequilana),,Alcoholic Beverages > 20% alc.,"3,3-diethoxy-1-propanol",Acetals,,
TEQUILA (Agave tequilana),,Alcoholic Beverages > 20% alc.,"1,1-diethoxy-2-phenylethane",Acetals,,
TEQUILA (Agave tequilana),,Alcoholic Beverages > 20% alc.,"1,4-cineole",Ethers,,
TEQUILA (Agave tequilana),,Alcoholic Beverages > 20% alc.,phenol (=hydroxybenzene),Phenols,,
TEQUILA (Agave tequilana),,Alcoholic Beverages > 20% alc.,4-methylphenol (=p-cresol),Phenols,,
TEQUILA (Agave tequilana),,Alcoholic Beverages > 20% alc.,methylphenol (unkn.str.) (=cresol (unkn.str.)),Phenols,,
TEQUILA (Agave tequilana),,Alcoholic Beverages > 20% alc.,4-ethylphenol,Phenols,,
TEQUILA (Agave tequilana),,Alcoholic Beverages > 20% alc.,thymol (=2-isopropyl-5-methylphenol),Phenols,,
TEQUILA (Agave tequilana),,Alcoholic Beverages > 20% alc.,carvacrol (=5-isopropyl-2-methylphenol),Phenols,,
TEQUILA (Agave tequilana),,Alcoholic Beverages > 20% alc.,"3,4- diethylphenol",Phenols,,
TEQUILA (Agave tequilana),,Alcoholic Beverages > 20% alc.,2-methoxyphenol (=guaiacol),Phenols,,
TEQUILA (Agave tequilana),,Alcoholic Beverages > 20% alc.,4-ethyl-2-methoxyphenol (=4-ethylguaiacol),Phenols,,
TEQUILA (Agave tequilana),,Alcoholic Beverages > 20% alc.,eugenol (=4-allyl-2-methoxyphenol),Phenols,0.08,0.28
TEQUILA (Agave tequilana),,Alcoholic Beverages > 20% alc.,3-furanmethanol,Furans,,
TEQUILA (Agave tequilana),,Alcoholic Beverages > 20% alc.,furan,Furans,,
TEQUILA (Agave tequilana),,Alcoholic Beverages > 20% alc.,"furfural (=2-formylfuran, 2-furancarbaldehyde, 2-furaldehyde)",Furans,,
TEQUILA (Agave tequilana),,Alcoholic Beverages > 20% alc.,5-methylfurfural,Furans,,
TEQUILA (Agave tequilana),,Alcoholic Beverages > 20% alc.,5-(hydroxymethyl)furfural,Furans,,
TEQUILA (Agave tequilana),,Alcoholic Beverages > 20% alc.,2-methyldihydro-3(2H)-furanone,Furans,,
TEQUILA (Agave tequilana),,Alcoholic Beverages > 20% alc.,"2-acetylfuran (=2-furyl methyl ketone, 1-(2-furyl)ethanone)",Furans,,
TEQUILA (Agave tequilana),,Alcoholic Beverages > 20% alc.,2-acetyl-5-methylfuran,Furans,,
TEQUILA (Agave tequilana),,Alcoholic Beverages > 20% alc.,"furfuryl alcohol (=(2-furyl)-methanol, 2-furanmethanol)",Furans,,
TEQUILA (Agave tequilana),,Alcoholic Beverages > 20% alc.,methyl 2-furancarboxylate,Furans,,
TEQUILA (Agave tequilana),,Alcoholic Beverages > 20% alc.,furfuryl acetate (=2-furanmethanol acetate),Furans,,
TEQUILA (Agave tequilana),,Alcoholic Beverages > 20% alc.,"3,4-dihydro-2H-pyran","(Ep)oxides, pyrans, coumarins",,
TEQUILA (Agave tequilana),,Alcoholic Beverages > 20% alc.,"anhydrolinalool oxide (6) (=2,2,6-trimethyl-6-vinyl-tetrahydropyran)","(Ep)oxides, pyrans, coumarins",,
TEQUILA (Agave tequilana),,Alcoholic Beverages > 20% alc.,linalool oxide (unkn.str.),"(Ep)oxides, pyrans, coumarins",,
TEQUILA (Agave tequilana),,Alcoholic Beverages > 20% alc.,cis-linalool oxide (unkn.str.),"(Ep)oxides, pyrans, coumarins",,
TEQUILA (Agave tequilana),,Alcoholic Beverages > 20% alc.,trans-linalool oxide (unkn.str.),"(Ep)oxides, pyrans, coumarins",,
