Product,Product Category,Product Group,Compound,Compound Group,Quantity Lower Bound,Quantity Upper Bound
ANISE (Pimpinella anisum L.),,Spices & Condiments,(Z)-β-ocimene,Hydrocarbons,,
ANISE (Pimpinella anisum L.),,Spices & Condiments,β-myrcene (=myrcene),Hydrocarbons,0,100
ANISE (Pimpinella anisum L.),,Spices & Condiments,β-farnesene,Hydrocarbons,,
ANISE (Pimpinella anisum L.),,Spices & Condiments,geijerene,Hydrocarbons,trace,trace
ANISE (Pimpinella anisum L.),,Spices & Condiments,pregeijerene,Hydrocarbons,trace,trace
ANISE (Pimpinella anisum L.),,Spices & Condiments,γ-terpinene,Hydrocarbons,trace,100
ANISE (Pimpinella anisum L.),,Spices & Condiments,terpinolene,Hydrocarbons,trace,trace
ANISE (Pimpinella anisum L.),,Spices & Condiments,limonene,Hydrocarbons,100,3100
ANISE (Pimpinella anisum L.),,Spices & Condiments,δ-elemene,Hydrocarbons,,
ANISE (Pimpinella anisum L.),,Spices & Condiments,β-bisabolene,Hydrocarbons,1300,1300
ANISE (Pimpinella anisum L.),,Spices & Condiments,zingiberene,Hydrocarbons,1500,1500
ANISE (Pimpinella anisum L.),,Spices & Condiments,ar-curcumene,Hydrocarbons,500,500
ANISE (Pimpinella anisum L.),,Spices & Condiments,germacrene D,Hydrocarbons,1200,1200
ANISE (Pimpinella anisum L.),,Spices & Condiments,α-pinene,Hydrocarbons,0,100
ANISE (Pimpinella anisum L.),,Spices & Condiments,β-pinene,Hydrocarbons,,
ANISE (Pimpinella anisum L.),,Spices & Condiments,sabinene (=4(10)-thujene),Hydrocarbons,,
ANISE (Pimpinella anisum L.),,Spices & Condiments,3-carene,Hydrocarbons,0,200
ANISE (Pimpinella anisum L.),,Spices & Condiments,α-himachalene,Hydrocarbons,,
ANISE (Pimpinella anisum L.),,Spices & Condiments,β-himachalene,Hydrocarbons,,
ANISE (Pimpinella anisum L.),,Spices & Condiments,γ-himachalene,Hydrocarbons,9900,9900
ANISE (Pimpinella anisum L.),,Spices & Condiments,β-caryophyllene,Hydrocarbons,8000,23700
ANISE (Pimpinella anisum L.),,Spices & Condiments,α-copaene (=copaene),Hydrocarbons,,
ANISE (Pimpinella anisum L.),,Spices & Condiments,1-isopropyl-4-methylbenzene (=p-cymene),Hydrocarbons,trace,300
ANISE (Pimpinella anisum L.),,Spices & Condiments,linalool,Alcohols,0,2600
ANISE (Pimpinella anisum L.),,Spices & Condiments,4-methoxybenzyl alcohol (=anis alcohol),Alcohols,2200,4000
ANISE (Pimpinella anisum L.),,Spices & Condiments,α-terpineol,Alcohols,0,3000
ANISE (Pimpinella anisum L.),,Spices & Condiments,4-terpineol (=terpinen-4-ol),Alcohols,0,200
ANISE (Pimpinella anisum L.),,Spices & Condiments,4-methoxybenzaldehyde (=anisaldehyde),"Carbonyls, aldehydes",5300,25000
ANISE (Pimpinella anisum L.),,Spices & Condiments,4-methoxyacetophenone (=acetanisole),"Carbonyls, ketones",7800,7800
ANISE (Pimpinella anisum L.),,Spices & Condiments,"carvone (=p-6,8-menthadien-2-one)","Carbonyls, ketones",3000,14800
ANISE (Pimpinella anisum L.),,Spices & Condiments,camphor (=alcanfor),"Carbonyls, ketones",1000,1000
ANISE (Pimpinella anisum L.),,Spices & Condiments,4-methoxybenzoic acid (=p-anisic acid),Acids,2600,4000
ANISE (Pimpinella anisum L.),,Spices & Condiments,linalyl acetate,Esters,100,100
ANISE (Pimpinella anisum L.),,Spices & Condiments,dihydrocarvyl acetate,Esters,9000,9000
ANISE (Pimpinella anisum L.),,Spices & Condiments,(E)-4-methoxy-2-(1-propenyl)-phenyl 2-methylbutanoate,Esters,9700,27000
ANISE (Pimpinella anisum L.),,Spices & Condiments,epoxy-pseudoisoeugenyl 2-methylbutanoate,Esters,1000,5000
ANISE (Pimpinella anisum L.),,Spices & Condiments,"1-allyl-4-methoxybenzene (=estragole, methylchavicol)",Phenols,100,49500
ANISE (Pimpinella anisum L.),,Spices & Condiments,(Z)-anethole (=(Z)-1-methoxy-4-(1-propenyl)benzene),Phenols,2200,11000
ANISE (Pimpinella anisum L.),,Spices & Condiments,"(E)-anethole (=(E)-1-methoxy-4-(1-propenyl)benzene, anise camphor)",Phenols,752000,961000
ANISE (Pimpinella anisum L.),,Spices & Condiments,acetylmethoxybenzene (unkn.str.) (=acetylanisole),Phenols,,
ANISE (Pimpinella anisum L.),,Spices & Condiments,"1-methoxy-4-(3-oxobutyl)benzene (=anisylacetone, bramble ketone)",Phenols,9000,9000
ANISE (Pimpinella anisum L.),,Spices & Condiments,eugenol (=4-allyl-2-methoxyphenol),Phenols,1200,2000
ANISE (Pimpinella anisum L.),,Spices & Condiments,(E)-2-methoxy-5-(1-propenyl)phenol (=(E)-isochavibetol),Phenols,100,4600
ANISE (Pimpinella anisum L.),,Spices & Condiments,"6-allyl-4-methoxy-1,3-benzodioxole (=myristicin)",Phenols,,
,CINNAMOMUM SPECIES,Spices & Condiments,β-ocimene,Hydrocarbons,trace,2100
,CINNAMOMUM SPECIES,Spices & Condiments,β-myrcene (=myrcene),Hydrocarbons,trace,800
,CINNAMOMUM SPECIES,Spices & Condiments,p-menthene (unkn.str.),Hydrocarbons,trace,600
,CINNAMOMUM SPECIES,Spices & Condiments,α-phellandrene,Hydrocarbons,trace,6000
,CINNAMOMUM SPECIES,Spices & Condiments,β-phellandrene,Hydrocarbons,trace,6400
,CINNAMOMUM SPECIES,Spices & Condiments,α-terpinene,Hydrocarbons,trace,4000
,CINNAMOMUM SPECIES,Spices & Condiments,γ-terpinene,Hydrocarbons,trace,trace
,CINNAMOMUM SPECIES,Spices & Condiments,terpinolene,Hydrocarbons,200,1000
,CINNAMOMUM SPECIES,Spices & Condiments,limonene,Hydrocarbons,trace,8000
,CINNAMOMUM SPECIES,Spices & Condiments,α-humulene (=humulene),Hydrocarbons,2000,6200
,CINNAMOMUM SPECIES,Spices & Condiments,γ-humulene,Hydrocarbons,<100,<100
,CINNAMOMUM SPECIES,Spices & Condiments,α-pinene,Hydrocarbons,trace,17000
,CINNAMOMUM SPECIES,Spices & Condiments,β-pinene,Hydrocarbons,trace,12000
,CINNAMOMUM SPECIES,Spices & Condiments,camphene,Hydrocarbons,trace,8000
,CINNAMOMUM SPECIES,Spices & Condiments,sabinene (=4(10)-thujene),Hydrocarbons,trace,trace
,CINNAMOMUM SPECIES,Spices & Condiments,3-carene,Hydrocarbons,trace,300
,CINNAMOMUM SPECIES,Spices & Condiments,α-bergamotene,Hydrocarbons,,
,CINNAMOMUM SPECIES,Spices & Condiments,γ-cadinene,Hydrocarbons,5800,5800
,CINNAMOMUM SPECIES,Spices & Condiments,δ-cadinene,Hydrocarbons,2000,2000
,CINNAMOMUM SPECIES,Spices & Condiments,cadinene (unkn.str.),Hydrocarbons,,
,CINNAMOMUM SPECIES,Spices & Condiments,γ-muurolene,Hydrocarbons,<100,<100
,CINNAMOMUM SPECIES,Spices & Condiments,"α-selinene (=5β,7α,10α-selina-3,11-diene)",Hydrocarbons,,
,CINNAMOMUM SPECIES,Spices & Condiments,β-caryophyllene,Hydrocarbons,trace,33300
,CINNAMOMUM SPECIES,Spices & Condiments,γ-caryophyllene (=isocaryophyllene),Hydrocarbons,,
,CINNAMOMUM SPECIES,Spices & Condiments,α-cubebene,Hydrocarbons,,
,CINNAMOMUM SPECIES,Spices & Condiments,α-copaene (=copaene),Hydrocarbons,trace,6800
,CINNAMOMUM SPECIES,Spices & Condiments,α-ylangene (=ylangene),Hydrocarbons,trace,3000
,CINNAMOMUM SPECIES,Spices & Condiments,α-cedrene,Hydrocarbons,,
,CINNAMOMUM SPECIES,Spices & Condiments,aromadendrene,Hydrocarbons,,
,CINNAMOMUM SPECIES,Spices & Condiments,epiaromadendrene,Hydrocarbons,,
,CINNAMOMUM SPECIES,Spices & Condiments,α-gurjunene,Hydrocarbons,,
,CINNAMOMUM SPECIES,Spices & Condiments,longifolene,Hydrocarbons,,
,CINNAMOMUM SPECIES,Spices & Condiments,vinylbenzene (=styrene),Hydrocarbons,,
,CINNAMOMUM SPECIES,Spices & Condiments,1-isopropyl-4-methylbenzene (=p-cymene),Hydrocarbons,trace,11000
,CINNAMOMUM SPECIES,Spices & Condiments,dimethyl-vinylbenzene (unkn.str.),Hydrocarbons,,
,CINNAMOMUM SPECIES,Spices & Condiments,calacorene (unkn.str.),Hydrocarbons,<100,<100
,CINNAMOMUM SPECIES,Spices & Condiments,copacamphene,Hydrocarbons,<100,<100
,CINNAMOMUM SPECIES,Spices & Condiments,"3,7-dimethyl-2-octene-1,6,7-triol",Alcohols,<100,<100
,CINNAMOMUM SPECIES,Spices & Condiments,"2,6-dimethyl-2-octene-1,6,7-triol 1-acetate",Alcohols,100,100
,CINNAMOMUM SPECIES,Spices & Condiments,citronellol,Alcohols,100,100
,CINNAMOMUM SPECIES,Spices & Condiments,geraniol,Alcohols,500,3900
,CINNAMOMUM SPECIES,Spices & Condiments,nerol,Alcohols,200,200
,CINNAMOMUM SPECIES,Spices & Condiments,linalool,Alcohols,trace,24000
,CINNAMOMUM SPECIES,Spices & Condiments,(R)-(-)-linalool (=licareol),Alcohols,,
,CINNAMOMUM SPECIES,Spices & Condiments,(S)-(+)-linalool (=coriandrol),Alcohols,,
,CINNAMOMUM SPECIES,Spices & Condiments,nerolidol,Alcohols,,
,CINNAMOMUM SPECIES,Spices & Condiments,"(E)-3,7,11,15-tetramethyl-2-hexadecen-1-ol (=phytol)",Alcohols,<100,<100
,CINNAMOMUM SPECIES,Spices & Condiments,benzyl alcohol (=benzenemethanol),Alcohols,31900,31900
,CINNAMOMUM SPECIES,Spices & Condiments,2-phenylethanol (=phenethyl alcohol),Alcohols,400,4000
,CINNAMOMUM SPECIES,Spices & Condiments,3-phenyl-2-propen-1-ol (=cinnamic alcohol),Alcohols,3000,7900
,CINNAMOMUM SPECIES,Spices & Condiments,(E)-3-phenyl-2-propen-1-ol (=(E)-cinnamic alcohol),Alcohols,2400,6000
,CINNAMOMUM SPECIES,Spices & Condiments,α-terpineol,Alcohols,1500,38000
,CINNAMOMUM SPECIES,Spices & Condiments,4-terpineol (=terpinen-4-ol),Alcohols,trace,4000
,CINNAMOMUM SPECIES,Spices & Condiments,elemol,Alcohols,<100,<100
,CINNAMOMUM SPECIES,Spices & Condiments,borneol,Alcohols,200,650
,CINNAMOMUM SPECIES,Spices & Condiments,isoborneol,Alcohols,<100,<100
,CINNAMOMUM SPECIES,Spices & Condiments,α-cadinol,Alcohols,,
,CINNAMOMUM SPECIES,Spices & Condiments,cadinol-T,Alcohols,400,400
,CINNAMOMUM SPECIES,Spices & Condiments,cedrol,Alcohols,<100,<100
,CINNAMOMUM SPECIES,Spices & Condiments,viridiflorol,Alcohols,,
,CINNAMOMUM SPECIES,Spices & Condiments,spathulenol (=(+)-spathulenol),Alcohols,<100,<100
,CINNAMOMUM SPECIES,Spices & Condiments,(E)-2-hexenal (=leaf aldehyde),"Carbonyls, aldehydes",,
,CINNAMOMUM SPECIES,Spices & Condiments,tridecanal,"Carbonyls, aldehydes",,
,CINNAMOMUM SPECIES,Spices & Condiments,tetradecanal,"Carbonyls, aldehydes",,
,CINNAMOMUM SPECIES,Spices & Condiments,geranial (=α-citral),"Carbonyls, aldehydes",2000,2000
,CINNAMOMUM SPECIES,Spices & Condiments,neral (=β-citral),"Carbonyls, aldehydes",1300,1300
,CINNAMOMUM SPECIES,Spices & Condiments,benzaldehyde,"Carbonyls, aldehydes",trace,14200
,CINNAMOMUM SPECIES,Spices & Condiments,4-isopropylbenzaldehyde (=cuminaldehyde),"Carbonyls, aldehydes",100,2500
,CINNAMOMUM SPECIES,Spices & Condiments,2-hydroxybenzaldehyde (=salicylaldehyde),"Carbonyls, aldehydes",,
,CINNAMOMUM SPECIES,Spices & Condiments,2-methoxybenzaldehyde,"Carbonyls, aldehydes",900,7000
,CINNAMOMUM SPECIES,Spices & Condiments,vanillin (=4-hydroxy-3-methoxybenzaldehyde),"Carbonyls, aldehydes",100,100
,CINNAMOMUM SPECIES,Spices & Condiments,3-phenylpropanal (=dihydrocinnamaldehyde),"Carbonyls, aldehydes",600,7000
,CINNAMOMUM SPECIES,Spices & Condiments,cinnamaldehyde (=3-phenyl-2-propenal),"Carbonyls, aldehydes",13000,750000
,CINNAMOMUM SPECIES,Spices & Condiments,(Z)-cinnamaldehyde (=(Z)-3-phenyl-2-propenal),"Carbonyls, aldehydes",1200,9800
,CINNAMOMUM SPECIES,Spices & Condiments,(E)-cinnamaldehyde (=(E)-3-phenyl-2-propenal),"Carbonyls, aldehydes",57000,822500
,CINNAMOMUM SPECIES,Spices & Condiments,2-methoxycinnamaldehyde,"Carbonyls, aldehydes",trace,115000
,CINNAMOMUM SPECIES,Spices & Condiments,(E)-2-methoxycinnamaldehyde,"Carbonyls, aldehydes",,
,CINNAMOMUM SPECIES,Spices & Condiments,4-methoxycinnamaldehyde,"Carbonyls, aldehydes",,
,CINNAMOMUM SPECIES,Spices & Condiments,(Z)-jasmone,"Carbonyls, ketones",<100,<100
,CINNAMOMUM SPECIES,Spices & Condiments,acetophenone (=1-phenylethanone),"Carbonyls, ketones",,
,CINNAMOMUM SPECIES,Spices & Condiments,2-hydroxyacetophenone,"Carbonyls, ketones",,
,CINNAMOMUM SPECIES,Spices & Condiments,"2,4-dimethylacetophenone","Carbonyls, ketones",,
,CINNAMOMUM SPECIES,Spices & Condiments,1-phenylheptanone (unkn.str.),"Carbonyls, ketones",,
,CINNAMOMUM SPECIES,Spices & Condiments,2-methyl-6-(4-methylphenyl)-3-heptanone,"Carbonyls, ketones",,
,CINNAMOMUM SPECIES,Spices & Condiments,2-methyl-6-(4-methylphenyl)-1-hepten-3-one,"Carbonyls, ketones",,
,CINNAMOMUM SPECIES,Spices & Condiments,menthone,"Carbonyls, ketones",400,400
,CINNAMOMUM SPECIES,Spices & Condiments,piperitone,"Carbonyls, ketones",trace,1000
,CINNAMOMUM SPECIES,Spices & Condiments,"4,8-dihydroxycarvotanacetone","Carbonyls, ketones",<100,<100
,CINNAMOMUM SPECIES,Spices & Condiments,(4S)-(+)-carvone,"Carbonyls, ketones",2100,2100
,CINNAMOMUM SPECIES,Spices & Condiments,camphor (=alcanfor),"Carbonyls, ketones",trace,600000
,CINNAMOMUM SPECIES,Spices & Condiments,fenchone,"Carbonyls, ketones",3400,3400
,CINNAMOMUM SPECIES,Spices & Condiments,2-methylbutanoic acid,Acids,,
,CINNAMOMUM SPECIES,Spices & Condiments,3-methylbutanoic acid (=isovaleric acid),Acids,,
,CINNAMOMUM SPECIES,Spices & Condiments,hexanoic acid (=caproic acid),Acids,,
,CINNAMOMUM SPECIES,Spices & Condiments,heptanoic acid (=enanthic acid),Acids,,
,CINNAMOMUM SPECIES,Spices & Condiments,octanoic acid (=caprylic acid),Acids,,
,CINNAMOMUM SPECIES,Spices & Condiments,nonanoic acid (=pelargonic acid),Acids,,
,CINNAMOMUM SPECIES,Spices & Condiments,decanoic acid (=capric acid),Acids,,
,CINNAMOMUM SPECIES,Spices & Condiments,hexadecanoic acid (=palmitic acid),Acids,,
,CINNAMOMUM SPECIES,Spices & Condiments,benzoic acid,Acids,131,461
,CINNAMOMUM SPECIES,Spices & Condiments,3-phenylpropanoic acid (=hydrocinnamic acid),Acids,,
,CINNAMOMUM SPECIES,Spices & Condiments,(Z)-cinnamic acid,Acids,,
,CINNAMOMUM SPECIES,Spices & Condiments,(E)-cinnamic acid,Acids,<100,<100
,CINNAMOMUM SPECIES,Spices & Condiments,3-(2-methoxyphenyl)propanoic acid,Acids,,
,CINNAMOMUM SPECIES,Spices & Condiments,(Z)-2-methoxycinnamic acid,Acids,,
,CINNAMOMUM SPECIES,Spices & Condiments,(E)-2-methoxycinnamic acid,Acids,,
,CINNAMOMUM SPECIES,Spices & Condiments,(E)-cinnamyl formate,Esters,,
,CINNAMOMUM SPECIES,Spices & Condiments,citronellyl acetate,Esters,<100,<100
,CINNAMOMUM SPECIES,Spices & Condiments,geranyl acetate,Esters,7000,7000
,CINNAMOMUM SPECIES,Spices & Condiments,linalyl acetate,Esters,<100,<100
,CINNAMOMUM SPECIES,Spices & Condiments,eugenyl acetate (=acetyl eugenol),Esters,trace,10000
,CINNAMOMUM SPECIES,Spices & Condiments,phenethyl acetate,Esters,trace,2400
,CINNAMOMUM SPECIES,Spices & Condiments,2-phenylpropyl acetate (=β-phenylpropyl acetate),Esters,1000,1000
,CINNAMOMUM SPECIES,Spices & Condiments,3-phenylpropyl acetate (=hydrocinnamyl acetate),Esters,,
,CINNAMOMUM SPECIES,Spices & Condiments,cinnamyl acetate,Esters,2800,51000
,CINNAMOMUM SPECIES,Spices & Condiments,(E)-cinnamyl acetate,Esters,2000,36500
,CINNAMOMUM SPECIES,Spices & Condiments,2-methoxycinnamyl acetate,Esters,,
,CINNAMOMUM SPECIES,Spices & Condiments,(E)-2-methoxycinnamyl acetate,Esters,,
,CINNAMOMUM SPECIES,Spices & Condiments,α-terpinyl acetate,Esters,<100,<100
,CINNAMOMUM SPECIES,Spices & Condiments,bornyl acetate,Esters,16500,16500
,CINNAMOMUM SPECIES,Spices & Condiments,(E)-cinnamyl propanoate,Esters,,
,CINNAMOMUM SPECIES,Spices & Condiments,(E)-cinnamyl 2-methylpropanoate,Esters,,
,CINNAMOMUM SPECIES,Spices & Condiments,methyl benzoate,Esters,,
,CINNAMOMUM SPECIES,Spices & Condiments,benzyl benzoate,Esters,100,660000
,CINNAMOMUM SPECIES,Spices & Condiments,phenethyl benzoate,Esters,trace,700
,CINNAMOMUM SPECIES,Spices & Condiments,methyl cinnamate,Esters,trace,trace
,CINNAMOMUM SPECIES,Spices & Condiments,ethyl cinnamate,Esters,trace,trace
,CINNAMOMUM SPECIES,Spices & Condiments,isobutyl (E)-cinnamate,Esters,,
,CINNAMOMUM SPECIES,Spices & Condiments,2-methylbutyl (E)-cinnamate,Esters,,
,CINNAMOMUM SPECIES,Spices & Condiments,isopentyl (E)-cinnamate,Esters,,
,CINNAMOMUM SPECIES,Spices & Condiments,"1,8-cineole (=eucalyptol)",Ethers,500,152000
,CINNAMOMUM SPECIES,Spices & Condiments,2-hydroxycineole,Ethers,<100,<100
,CINNAMOMUM SPECIES,Spices & Condiments,benzonitrile,Nitriles and amides,,
,CINNAMOMUM SPECIES,Spices & Condiments,phenol (=hydroxybenzene),Phenols,3500,3500
,CINNAMOMUM SPECIES,Spices & Condiments,2-methylphenol (=o-cresol),Phenols,,
,CINNAMOMUM SPECIES,Spices & Condiments,2-vinylphenol,Phenols,,
,CINNAMOMUM SPECIES,Spices & Condiments,4-allylphenol (=chavicol),Phenols,,
,CINNAMOMUM SPECIES,Spices & Condiments,"1-allyl-4-methoxybenzene (=estragole, methylchavicol)",Phenols,trace,3600
,CINNAMOMUM SPECIES,Spices & Condiments,"(E)-anethole (=(E)-1-methoxy-4-(1-propenyl)benzene, anise camphor)",Phenols,3200,3200
,CINNAMOMUM SPECIES,Spices & Condiments,2-methoxyphenol (=guaiacol),Phenols,,
,CINNAMOMUM SPECIES,Spices & Condiments,4-ethyl-2-methoxyphenol (=4-ethylguaiacol),Phenols,,
,CINNAMOMUM SPECIES,Spices & Condiments,eugenol (=4-allyl-2-methoxyphenol),Phenols,trace,886000
,CINNAMOMUM SPECIES,Spices & Condiments,isoeugenol (=2-methoxy-4-(1-propenyl)-phenol),Phenols,1300,11000
,CINNAMOMUM SPECIES,Spices & Condiments,"methyleugenol (=4-allyl-1,2-dimethoxybenzene)",Phenols,<100,<100
,CINNAMOMUM SPECIES,Spices & Condiments,"5-allyl-1,3-benzodioxole (=safrole)",Phenols,trace,10500
,CINNAMOMUM SPECIES,Spices & Condiments,"furfural (=2-formylfuran, 2-furancarbaldehyde, 2-furaldehyde)",Furans,300,300
,CINNAMOMUM SPECIES,Spices & Condiments,5-methylfurfural,Furans,,
,CINNAMOMUM SPECIES,Spices & Condiments,"furfuryl alcohol (=(2-furyl)-methanol, 2-furanmethanol)",Furans,,
,CINNAMOMUM SPECIES,Spices & Condiments,terpinolene oxide (unkn.str.),"(Ep)oxides, pyrans, coumarins",,
,CINNAMOMUM SPECIES,Spices & Condiments,β-caryophyllene oxide,"(Ep)oxides, pyrans, coumarins",trace,6400
,CINNAMOMUM SPECIES,Spices & Condiments,linalool oxide (6),"(Ep)oxides, pyrans, coumarins",100,100
,CINNAMOMUM SPECIES,Spices & Condiments,cis-linalool oxide (unkn.str.),"(Ep)oxides, pyrans, coumarins",,
,CINNAMOMUM SPECIES,Spices & Condiments,trans-linalool oxide (unkn.str.),"(Ep)oxides, pyrans, coumarins",100,100
,CINNAMOMUM SPECIES,Spices & Condiments,coumarin (=2H-1-benzopyran-2-one),"(Ep)oxides, pyrans, coumarins",900,87300
,CLOVES (Eugenia caryophyllata Thunberg),Spices & Condiments,β-myrcene (=myrcene),Hydrocarbons,,
,CLOVES (Eugenia caryophyllata Thunberg),Spices & Condiments,α-terpinene,Hydrocarbons,,
,CLOVES (Eugenia caryophyllata Thunberg),Spices & Condiments,limonene,Hydrocarbons,,
,CLOVES (Eugenia caryophyllata Thunberg),Spices & Condiments,germacrene D,Hydrocarbons,,
,CLOVES (Eugenia caryophyllata Thunberg),Spices & Condiments,α-humulene (=humulene),Hydrocarbons,1460,14300
,CLOVES (Eugenia caryophyllata Thunberg),Spices & Condiments,β-humulene,Hydrocarbons,,
,CLOVES (Eugenia caryophyllata Thunberg),Spices & Condiments,α-pinene,Hydrocarbons,,
,CLOVES (Eugenia caryophyllata Thunberg),Spices & Condiments,β-pinene,Hydrocarbons,,
,CLOVES (Eugenia caryophyllata Thunberg),Spices & Condiments,α-thujene,Hydrocarbons,,
,CLOVES (Eugenia caryophyllata Thunberg),Spices & Condiments,trans-α-bergamotene,Hydrocarbons,200,900
,CLOVES (Eugenia caryophyllata Thunberg),Spices & Condiments,α-amorphene,Hydrocarbons,,
,CLOVES (Eugenia caryophyllata Thunberg),Spices & Condiments,α-cadinene,Hydrocarbons,,
,CLOVES (Eugenia caryophyllata Thunberg),Spices & Condiments,γ-cadinene,Hydrocarbons,trace,420
,CLOVES (Eugenia caryophyllata Thunberg),Spices & Condiments,δ-cadinene,Hydrocarbons,420,420
,CLOVES (Eugenia caryophyllata Thunberg),Spices & Condiments,ε-cadinene,Hydrocarbons,,
,CLOVES (Eugenia caryophyllata Thunberg),Spices & Condiments,cubenene,Hydrocarbons,100,100
,CLOVES (Eugenia caryophyllata Thunberg),Spices & Condiments,α-muurolene,Hydrocarbons,,
,CLOVES (Eugenia caryophyllata Thunberg),Spices & Condiments,γ-muurolene,Hydrocarbons,,
,CLOVES (Eugenia caryophyllata Thunberg),Spices & Condiments,"β-selinene (=4(14),11-selinadiene)",Hydrocarbons,,
,CLOVES (Eugenia caryophyllata Thunberg),Spices & Condiments,δ-selinene,Hydrocarbons,,
,CLOVES (Eugenia caryophyllata Thunberg),Spices & Condiments,valencene,Hydrocarbons,,
,CLOVES (Eugenia caryophyllata Thunberg),Spices & Condiments,eremophilene,Hydrocarbons,,
,CLOVES (Eugenia caryophyllata Thunberg),Spices & Condiments,β-himachalene,Hydrocarbons,,
,CLOVES (Eugenia caryophyllata Thunberg),Spices & Condiments,β-caryophyllene,Hydrocarbons,10300,124100
,CLOVES (Eugenia caryophyllata Thunberg),Spices & Condiments,α-cubebene,Hydrocarbons,100,3000
,CLOVES (Eugenia caryophyllata Thunberg),Spices & Condiments,α-copaene (=copaene),Hydrocarbons,64,1700
,CLOVES (Eugenia caryophyllata Thunberg),Spices & Condiments,α-ylangene (=ylangene),Hydrocarbons,4300,4300
,CLOVES (Eugenia caryophyllata Thunberg),Spices & Condiments,α-ferulene,Hydrocarbons,,
,CLOVES (Eugenia caryophyllata Thunberg),Spices & Condiments,β-bourbonene,Hydrocarbons,,
,CLOVES (Eugenia caryophyllata Thunberg),Spices & Condiments,alloaromadendrene,Hydrocarbons,,
,CLOVES (Eugenia caryophyllata Thunberg),Spices & Condiments,1-isopropyl-4-methylbenzene (=p-cymene),Hydrocarbons,,
,CLOVES (Eugenia caryophyllata Thunberg),Spices & Condiments,calamenene,Hydrocarbons,100,100
,CLOVES (Eugenia caryophyllata Thunberg),Spices & Condiments,cis-calamenene,Hydrocarbons,,
,CLOVES (Eugenia caryophyllata Thunberg),Spices & Condiments,trans-calamenene,Hydrocarbons,,
,CLOVES (Eugenia caryophyllata Thunberg),Spices & Condiments,α-calacorene,Hydrocarbons,,
,CLOVES (Eugenia caryophyllata Thunberg),Spices & Condiments,γ-calacorene,Hydrocarbons,,
,CLOVES (Eugenia caryophyllata Thunberg),Spices & Condiments,calacorene (unkn.str.),Hydrocarbons,700,700
,CLOVES (Eugenia caryophyllata Thunberg),Spices & Condiments,"4-isopropyl-1,6-dimethylnaphthalene (=cadalene)",Hydrocarbons,,
,CLOVES (Eugenia caryophyllata Thunberg),Spices & Condiments,viridiflorene (=ledene),Hydrocarbons,,
,CLOVES (Eugenia caryophyllata Thunberg),Spices & Condiments,zonarene,Hydrocarbons,trace,trace
,CLOVES (Eugenia caryophyllata Thunberg),Spices & Condiments,ethanol,Alcohols,,
,CLOVES (Eugenia caryophyllata Thunberg),Spices & Condiments,2-heptanol,Alcohols,300,300
,CLOVES (Eugenia caryophyllata Thunberg),Spices & Condiments,1-octanol,Alcohols,,
,CLOVES (Eugenia caryophyllata Thunberg),Spices & Condiments,2-nonanol,Alcohols,,
,CLOVES (Eugenia caryophyllata Thunberg),Spices & Condiments,linalool,Alcohols,100,100
,CLOVES (Eugenia caryophyllata Thunberg),Spices & Condiments,farnesol,Alcohols,,
,CLOVES (Eugenia caryophyllata Thunberg),Spices & Condiments,benzyl alcohol (=benzenemethanol),Alcohols,100,700
,CLOVES (Eugenia caryophyllata Thunberg),Spices & Condiments,"1,2,5,6,7,8-hexahydro-2,5-dimethyl-2-naphthol",Alcohols,,
,CLOVES (Eugenia caryophyllata Thunberg),Spices & Condiments,α-terpineol,Alcohols,,
,CLOVES (Eugenia caryophyllata Thunberg),Spices & Condiments,4-terpineol (=terpinen-4-ol),Alcohols,,
,CLOVES (Eugenia caryophyllata Thunberg),Spices & Condiments,humulen-7-ol,Alcohols,trace,trace
,CLOVES (Eugenia caryophyllata Thunberg),Spices & Condiments,α-cadinol,Alcohols,,
,CLOVES (Eugenia caryophyllata Thunberg),Spices & Condiments,δ-cadinol (=torreyol),Alcohols,,
,CLOVES (Eugenia caryophyllata Thunberg),Spices & Condiments,cubenol,Alcohols,,
,CLOVES (Eugenia caryophyllata Thunberg),Spices & Condiments,"2,7(15)-caryophylladien-4α-ol",Alcohols,,
,CLOVES (Eugenia caryophyllata Thunberg),Spices & Condiments,"2(12),6-caryophylladien-5β-ol",Alcohols,,
,CLOVES (Eugenia caryophyllata Thunberg),Spices & Condiments,"3(12),6-caryophylladien-4-ol",Alcohols,,
,CLOVES (Eugenia caryophyllata Thunberg),Spices & Condiments,"2(12),6(13)-caryophylladien-5-ol",Alcohols,,
,CLOVES (Eugenia caryophyllata Thunberg),Spices & Condiments,"3(12),7(13)-caryophylladien-6α-ol",Alcohols,,
,CLOVES (Eugenia caryophyllata Thunberg),Spices & Condiments,caryophyllenol (unkn.str.),Alcohols,,
,CLOVES (Eugenia caryophyllata Thunberg),Spices & Condiments,ledol,Alcohols,,
,CLOVES (Eugenia caryophyllata Thunberg),Spices & Condiments,"4,4-dimethyltricyclo[6.3.2.02,5]-tridec-8-en-1-ol",Alcohols,,
,CLOVES (Eugenia caryophyllata Thunberg),Spices & Condiments,palustrol (ledum),Alcohols,,
,CLOVES (Eugenia caryophyllata Thunberg),Spices & Condiments,hexanal (=capronaldehyde),"Carbonyls, aldehydes",,
,CLOVES (Eugenia caryophyllata Thunberg),Spices & Condiments,geranial (=α-citral),"Carbonyls, aldehydes",,
,CLOVES (Eugenia caryophyllata Thunberg),Spices & Condiments,benzaldehyde,"Carbonyls, aldehydes",trace,trace
,CLOVES (Eugenia caryophyllata Thunberg),Spices & Condiments,4-isopropylbenzaldehyde (=cuminaldehyde),"Carbonyls, aldehydes",,
,CLOVES (Eugenia caryophyllata Thunberg),Spices & Condiments,3-methoxybenzaldehyde,"Carbonyls, aldehydes",3900,3900
,CLOVES (Eugenia caryophyllata Thunberg),Spices & Condiments,cinnamaldehyde (=3-phenyl-2-propenal),"Carbonyls, aldehydes",100,100
,CLOVES (Eugenia caryophyllata Thunberg),Spices & Condiments,"acetone (=2-propanone, dimethyl ketone)","Carbonyls, ketones",,
,CLOVES (Eugenia caryophyllata Thunberg),Spices & Condiments,2-hexanone,"Carbonyls, ketones",,
,CLOVES (Eugenia caryophyllata Thunberg),Spices & Condiments,2-heptanone,"Carbonyls, ketones",400,700
,CLOVES (Eugenia caryophyllata Thunberg),Spices & Condiments,6-methyl-5-hepten-2-one,"Carbonyls, ketones",,
,CLOVES (Eugenia caryophyllata Thunberg),Spices & Condiments,2-octanone,"Carbonyls, ketones",,
,CLOVES (Eugenia caryophyllata Thunberg),Spices & Condiments,2-nonanone,"Carbonyls, ketones",400,400
,CLOVES (Eugenia caryophyllata Thunberg),Spices & Condiments,2-undecanone,"Carbonyls, ketones",trace,trace
,CLOVES (Eugenia caryophyllata Thunberg),Spices & Condiments,acetophenone (=1-phenylethanone),"Carbonyls, ketones",,
,CLOVES (Eugenia caryophyllata Thunberg),Spices & Condiments,"carvone (=p-6,8-menthadien-2-one)","Carbonyls, ketones",500,500
,CLOVES (Eugenia caryophyllata Thunberg),Spices & Condiments,fenchone,"Carbonyls, ketones",,
,CLOVES (Eugenia caryophyllata Thunberg),Spices & Condiments,benzoic acid,Acids,19.2,39.2
,CLOVES (Eugenia caryophyllata Thunberg),Spices & Condiments,methyl acetate,Esters,,
,CLOVES (Eugenia caryophyllata Thunberg),Spices & Condiments,ethyl acetate,Esters,,
,CLOVES (Eugenia caryophyllata Thunberg),Spices & Condiments,1-methylhexyl acetate (=2-heptyl acetate),Esters,400,400
,CLOVES (Eugenia caryophyllata Thunberg),Spices & Condiments,1-methyloctyl acetate (=2-nonyl acetate),Esters,trace,trace
,CLOVES (Eugenia caryophyllata Thunberg),Spices & Condiments,linalyl acetate,Esters,,
,CLOVES (Eugenia caryophyllata Thunberg),Spices & Condiments,eugenyl acetate (=acetyl eugenol),Esters,3000,220700
,CLOVES (Eugenia caryophyllata Thunberg),Spices & Condiments,benzyl acetate,Esters,2000,2000
,CLOVES (Eugenia caryophyllata Thunberg),Spices & Condiments,styryl acetate,Esters,,
,CLOVES (Eugenia caryophyllata Thunberg),Spices & Condiments,phenethyl acetate,Esters,100,100
,CLOVES (Eugenia caryophyllata Thunberg),Spices & Condiments,α-terpinyl acetate,Esters,,
,CLOVES (Eugenia caryophyllata Thunberg),Spices & Condiments,terpinyl acetate (unkn.str.),Esters,700,2000
,CLOVES (Eugenia caryophyllata Thunberg),Spices & Condiments,benzyl (E)-2-methyl-2-butenoate (=benzyl tiglate),Esters,trace,trace
,CLOVES (Eugenia caryophyllata Thunberg),Spices & Condiments,ethyl hexanoate (=ethyl caproate),Esters,100,100
,CLOVES (Eugenia caryophyllata Thunberg),Spices & Condiments,methyl octanoate,Esters,trace,trace
,CLOVES (Eugenia caryophyllata Thunberg),Spices & Condiments,ethyl octanoate (=ethyl caprylate),Esters,trace,trace
,CLOVES (Eugenia caryophyllata Thunberg),Spices & Condiments,methyl hexadecanoate (=methyl palmitate),Esters,,
,CLOVES (Eugenia caryophyllata Thunberg),Spices & Condiments,methyl octadecanoate (=methyl stearate),Esters,,
,CLOVES (Eugenia caryophyllata Thunberg),Spices & Condiments,"methyl 9,12-octadecadienoate",Esters,,
,CLOVES (Eugenia caryophyllata Thunberg),Spices & Condiments,methyl benzoate,Esters,200,2400
,CLOVES (Eugenia caryophyllata Thunberg),Spices & Condiments,ethyl benzoate,Esters,,
,CLOVES (Eugenia caryophyllata Thunberg),Spices & Condiments,propyl benzoate,Esters,,
,CLOVES (Eugenia caryophyllata Thunberg),Spices & Condiments,1-methylhexyl benzoate,Esters,trace,trace
,CLOVES (Eugenia caryophyllata Thunberg),Spices & Condiments,benzyl benzoate,Esters,,
,CLOVES (Eugenia caryophyllata Thunberg),Spices & Condiments,methyl 2-hydroxybenzoate (=methyl salicylate),Esters,1300,1300
,CLOVES (Eugenia caryophyllata Thunberg),Spices & Condiments,benzyl 2-hydroxybenzoate (=benzyl salicylate),Esters,,
,CLOVES (Eugenia caryophyllata Thunberg),Spices & Condiments,ethyl cinnamate,Esters,trace,trace
,CLOVES (Eugenia caryophyllata Thunberg),Spices & Condiments,"4-hydroxydecanoic acid lactone (=4-decanolide, γ-decalactone)",Lactones,,
,CLOVES (Eugenia caryophyllata Thunberg),Spices & Condiments,"1,8-cineole (=eucalyptol)",Ethers,,
,CLOVES (Eugenia caryophyllata Thunberg),Spices & Condiments,4-allylphenol (=chavicol),Phenols,400,6500
,CLOVES (Eugenia caryophyllata Thunberg),Spices & Condiments,thymol (=2-isopropyl-5-methylphenol),Phenols,,
,CLOVES (Eugenia caryophyllata Thunberg),Spices & Condiments,"1-allyl-4-methoxybenzene (=estragole, methylchavicol)",Phenols,,
,CLOVES (Eugenia caryophyllata Thunberg),Spices & Condiments,anethole (=1-methoxy-4-(1-propenyl)benzene),Phenols,,
,CLOVES (Eugenia caryophyllata Thunberg),Spices & Condiments,"(E)-anethole (=(E)-1-methoxy-4-(1-propenyl)benzene, anise camphor)",Phenols,100,100
,CLOVES (Eugenia caryophyllata Thunberg),Spices & Condiments,"1-isopropyl-2-methoxy-4-methylbenzene (=methyl thymyl ether, methylthymol)",Phenols,,
,CLOVES (Eugenia caryophyllata Thunberg),Spices & Condiments,eugenol (=4-allyl-2-methoxyphenol),Phenols,700000,848200
,CLOVES (Eugenia caryophyllata Thunberg),Spices & Condiments,isoeugenol (=2-methoxy-4-(1-propenyl)-phenol),Phenols,1400,2300
,CLOVES (Eugenia caryophyllata Thunberg),Spices & Condiments,"methyleugenol (=4-allyl-1,2-dimethoxybenzene)",Phenols,,
,CLOVES (Eugenia caryophyllata Thunberg),Spices & Condiments,(Z)-1-ethoxy-2-methoxy-4-(1-propenyl)benzene,Phenols,,
,CLOVES (Eugenia caryophyllata Thunberg),Spices & Condiments,(E)-1-ethoxy-2-methoxy-4-(1-propenyl)benzene,Phenols,,
,CLOVES (Eugenia caryophyllata Thunberg),Spices & Condiments,4-allyl-1-ethoxy-2-methoxybenzene,Phenols,,
,CLOVES (Eugenia caryophyllata Thunberg),Spices & Condiments,3-(4-methyl-3-pentenyl)furan (=perillene),Furans,,
,CLOVES (Eugenia caryophyllata Thunberg),Spices & Condiments,"furfural (=2-formylfuran, 2-furancarbaldehyde, 2-furaldehyde)",Furans,,
,CLOVES (Eugenia caryophyllata Thunberg),Spices & Condiments,5-methylfurfural,Furans,,
,CLOVES (Eugenia caryophyllata Thunberg),Spices & Condiments,humulene epoxide II,"(Ep)oxides, pyrans, coumarins",,
,CLOVES (Eugenia caryophyllata Thunberg),Spices & Condiments,humulene epoxide (unkn.str.),"(Ep)oxides, pyrans, coumarins",2300,2300
,CLOVES (Eugenia caryophyllata Thunberg),Spices & Condiments,β-caryophyllene oxide,"(Ep)oxides, pyrans, coumarins",1300,18000
,CLOVES (Eugenia caryophyllata Thunberg),Spices & Condiments,caryophyllene oxide I,"(Ep)oxides, pyrans, coumarins",,
,CLOVES (Eugenia caryophyllata Thunberg),Spices & Condiments,caryophyllene oxide II,"(Ep)oxides, pyrans, coumarins",,
CUMIN SEED (Cuminum cyminum L.),,Spices & Condiments,β-myrcene (=myrcene),Hydrocarbons,2000,6800
CUMIN SEED (Cuminum cyminum L.),,Spices & Condiments,β-farnesene,Hydrocarbons,2000,11000
CUMIN SEED (Cuminum cyminum L.),,Spices & Condiments,(Z)-β-farnesene,Hydrocarbons,100,4500
CUMIN SEED (Cuminum cyminum L.),,Spices & Condiments,α-phellandrene,Hydrocarbons,trace,16900
CUMIN SEED (Cuminum cyminum L.),,Spices & Condiments,β-phellandrene,Hydrocarbons,700,4300
CUMIN SEED (Cuminum cyminum L.),,Spices & Condiments,α-terpinene,Hydrocarbons,trace,800
CUMIN SEED (Cuminum cyminum L.),,Spices & Condiments,γ-terpinene,Hydrocarbons,74200,295000
CUMIN SEED (Cuminum cyminum L.),,Spices & Condiments,terpinolene,Hydrocarbons,200,400
CUMIN SEED (Cuminum cyminum L.),,Spices & Condiments,limonene,Hydrocarbons,2000,5000
CUMIN SEED (Cuminum cyminum L.),,Spices & Condiments,β-bisabolene,Hydrocarbons,trace,9000
CUMIN SEED (Cuminum cyminum L.),,Spices & Condiments,α-pinene,Hydrocarbons,1800,13000
CUMIN SEED (Cuminum cyminum L.),,Spices & Condiments,β-pinene,Hydrocarbons,29800,201000
CUMIN SEED (Cuminum cyminum L.),,Spices & Condiments,camphene,Hydrocarbons,200,400
CUMIN SEED (Cuminum cyminum L.),,Spices & Condiments,sabinene (=4(10)-thujene),Hydrocarbons,2200,4800
CUMIN SEED (Cuminum cyminum L.),,Spices & Condiments,3-carene,Hydrocarbons,100,200
CUMIN SEED (Cuminum cyminum L.),,Spices & Condiments,trans-α-bergamotene,Hydrocarbons,0,900
CUMIN SEED (Cuminum cyminum L.),,Spices & Condiments,β-caryophyllene,Hydrocarbons,1000,8000
CUMIN SEED (Cuminum cyminum L.),,Spices & Condiments,γ-caryophyllene (=isocaryophyllene),Hydrocarbons,200,2800
CUMIN SEED (Cuminum cyminum L.),,Spices & Condiments,1-isopropyl-4-methylbenzene (=p-cymene),Hydrocarbons,46100,120100
CUMIN SEED (Cuminum cyminum L.),,Spices & Condiments,linalool,Alcohols,300,900
CUMIN SEED (Cuminum cyminum L.),,Spices & Condiments,"4-isopropylbenzyl alcohol (=cumic alcohol, p-cymen-7-ol)",Alcohols,trace,28000
CUMIN SEED (Cuminum cyminum L.),,Spices & Condiments,α-terpineol,Alcohols,trace,800
CUMIN SEED (Cuminum cyminum L.),,Spices & Condiments,4-terpineol (=terpinen-4-ol),Alcohols,1000,2200
CUMIN SEED (Cuminum cyminum L.),,Spices & Condiments,cis-sabinene hydrate (=cis-4-thujanol),Alcohols,trace,2000
CUMIN SEED (Cuminum cyminum L.),,Spices & Condiments,trans-sabinene hydrate (=trans-4-thujanol),Alcohols,trace,1100
CUMIN SEED (Cuminum cyminum L.),,Spices & Condiments,4-isopropylbenzaldehyde (=cuminaldehyde),"Carbonyls, aldehydes",164000,324000
CUMIN SEED (Cuminum cyminum L.),,Spices & Condiments,p-3-menthen-7-al,"Carbonyls, aldehydes",2100,7000
CUMIN SEED (Cuminum cyminum L.),,Spices & Condiments,"p-1,3-menthadien-7-al","Carbonyls, aldehydes",trace,122600
CUMIN SEED (Cuminum cyminum L.),,Spices & Condiments,"p-1,4-menthadien-7-al","Carbonyls, aldehydes",244800,492000
CUMIN SEED (Cuminum cyminum L.),,Spices & Condiments,phellandral,"Carbonyls, aldehydes",trace,trace
CUMIN SEED (Cuminum cyminum L.),,Spices & Condiments,myrtenal,"Carbonyls, aldehydes",trace,trace
CUMIN SEED (Cuminum cyminum L.),,Spices & Condiments,bornyl acetate,Esters,0,200
CUMIN SEED (Cuminum cyminum L.),,Spices & Condiments,4-isopropylphenol,Phenols,600,1900
CUMIN SEED (Cuminum cyminum L.),,Spices & Condiments,thymol (=2-isopropyl-5-methylphenol),Phenols,0,300
CUMIN SEED (Cuminum cyminum L.),,Spices & Condiments,carvacrol (=5-isopropyl-2-methylphenol),Phenols,0,300
,GINGER (Zingiber species),Spices & Condiments,"2,2,4-trimethylheptane",Hydrocarbons,5000,5000
,GINGER (Zingiber species),Spices & Condiments,pentadecane,Hydrocarbons,,
,GINGER (Zingiber species),Spices & Condiments,(Z)-β-ocimene,Hydrocarbons,,
,GINGER (Zingiber species),Spices & Condiments,(E)-β-ocimene,Hydrocarbons,<1000,2500
,GINGER (Zingiber species),Spices & Condiments,allo-ocimene,Hydrocarbons,,
,GINGER (Zingiber species),Spices & Condiments,β-myrcene (=myrcene),Hydrocarbons,1000,25500
,GINGER (Zingiber species),Spices & Condiments,"(E,E)-α-farnesene (=α-farnesene)",Hydrocarbons,21000,107000
,GINGER (Zingiber species),Spices & Condiments,β-farnesene,Hydrocarbons,5000,5000
,GINGER (Zingiber species),Spices & Condiments,(E)-β-farnesene,Hydrocarbons,trace,2800
,GINGER (Zingiber species),Spices & Condiments,farnesene (unkn.str.),Hydrocarbons,98000,98000
,GINGER (Zingiber species),Spices & Condiments,cyclohexane,Hydrocarbons,<1000,<1000
,GINGER (Zingiber species),Spices & Condiments,α-phellandrene,Hydrocarbons,<1000,11900
,GINGER (Zingiber species),Spices & Condiments,β-phellandrene,Hydrocarbons,13000,115700
,GINGER (Zingiber species),Spices & Condiments,α-terpinene,Hydrocarbons,900,48000
,GINGER (Zingiber species),Spices & Condiments,γ-terpinene,Hydrocarbons,trace,90000
,GINGER (Zingiber species),Spices & Condiments,terpinene (unkn.str.),Hydrocarbons,,
,GINGER (Zingiber species),Spices & Condiments,terpinolene,Hydrocarbons,500,21000
,GINGER (Zingiber species),Spices & Condiments,limonene,Hydrocarbons,7000,30500
,GINGER (Zingiber species),Spices & Condiments,(4R)-(+)-limonene,Hydrocarbons,,
,GINGER (Zingiber species),Spices & Condiments,(4S)-(-)-limonene,Hydrocarbons,,
,GINGER (Zingiber species),Spices & Condiments,"p-2,4(8)-menthadiene (=isoterpinolene)",Hydrocarbons,,
,GINGER (Zingiber species),Spices & Condiments,β-sesquiphellandrene,Hydrocarbons,<1000,129000
,GINGER (Zingiber species),Spices & Condiments,sesquiphellandrene,Hydrocarbons,4000,4000
,GINGER (Zingiber species),Spices & Condiments,β-elemene,Hydrocarbons,2400,10000
,GINGER (Zingiber species),Spices & Condiments,γ-elemene,Hydrocarbons,,
,GINGER (Zingiber species),Spices & Condiments,δ-elemene,Hydrocarbons,trace,1000
,GINGER (Zingiber species),Spices & Condiments,elemene (unkn.str.),Hydrocarbons,3000,3000
,GINGER (Zingiber species),Spices & Condiments,β-bisabolene,Hydrocarbons,2000,604000
,GINGER (Zingiber species),Spices & Condiments,γ-bisabolene,Hydrocarbons,,
,GINGER (Zingiber species),Spices & Condiments,bisabolene (unkn.str.),Hydrocarbons,,
,GINGER (Zingiber species),Spices & Condiments,β-zingiberene,Hydrocarbons,3000,281400
,GINGER (Zingiber species),Spices & Condiments,zingiberene,Hydrocarbons,4000,300000
,GINGER (Zingiber species),Spices & Condiments,ar-curcumene,Hydrocarbons,8000,271000
,GINGER (Zingiber species),Spices & Condiments,α-curcumene,Hydrocarbons,2000,51000
,GINGER (Zingiber species),Spices & Condiments,germacrene B,Hydrocarbons,,
,GINGER (Zingiber species),Spices & Condiments,germacrene D,Hydrocarbons,15900,15900
,GINGER (Zingiber species),Spices & Condiments,α-humulene (=humulene),Hydrocarbons,2000,252000
,GINGER (Zingiber species),Spices & Condiments,α-pinene,Hydrocarbons,trace,39000
,GINGER (Zingiber species),Spices & Condiments,(1R)-α-pinene,Hydrocarbons,,
,GINGER (Zingiber species),Spices & Condiments,(1S)-α-pinene,Hydrocarbons,,
,GINGER (Zingiber species),Spices & Condiments,β-pinene,Hydrocarbons,500,50000
,GINGER (Zingiber species),Spices & Condiments,(1R)-β-pinene,Hydrocarbons,,
,GINGER (Zingiber species),Spices & Condiments,(1S)-β-pinene,Hydrocarbons,,
,GINGER (Zingiber species),Spices & Condiments,bornylene,Hydrocarbons,,
,GINGER (Zingiber species),Spices & Condiments,camphene,Hydrocarbons,trace,219000
,GINGER (Zingiber species),Spices & Condiments,α-thujene,Hydrocarbons,trace,600
,GINGER (Zingiber species),Spices & Condiments,sesquithujene,Hydrocarbons,,
,GINGER (Zingiber species),Spices & Condiments,sabinene (=4(10)-thujene),Hydrocarbons,trace,334000
,GINGER (Zingiber species),Spices & Condiments,3-carene,Hydrocarbons,trace,13000
,GINGER (Zingiber species),Spices & Condiments,carene (unkn.str.),Hydrocarbons,,
,GINGER (Zingiber species),Spices & Condiments,"2-isopropenyl-3,7,7-trimethyl-3-vinylbicyclo[4.1.0]heptane (=bicycloelemene)",Hydrocarbons,,
,GINGER (Zingiber species),Spices & Condiments,α-bergamotene,Hydrocarbons,3500,3500
,GINGER (Zingiber species),Spices & Condiments,cis-α-bergamotene,Hydrocarbons,,
,GINGER (Zingiber species),Spices & Condiments,γ-amorphene,Hydrocarbons,,
,GINGER (Zingiber species),Spices & Condiments,amorphene,Hydrocarbons,,
,GINGER (Zingiber species),Spices & Condiments,α-cadinene,Hydrocarbons,<1000,<1000
,GINGER (Zingiber species),Spices & Condiments,β-cadinene,Hydrocarbons,,
,GINGER (Zingiber species),Spices & Condiments,γ-cadinene,Hydrocarbons,trace,6700
,GINGER (Zingiber species),Spices & Condiments,δ-cadinene,Hydrocarbons,4000,8000
,GINGER (Zingiber species),Spices & Condiments,α-muurolene,Hydrocarbons,4000,4000
,GINGER (Zingiber species),Spices & Condiments,"α-selinene (=5β,7α,10α-selina-3,11-diene)",Hydrocarbons,1000,1000
,GINGER (Zingiber species),Spices & Condiments,"β-selinene (=4(14),11-selinadiene)",Hydrocarbons,1000,1000
,GINGER (Zingiber species),Spices & Condiments,"γ-selinene (=4(14),7(11)-selinadiene)",Hydrocarbons,14000,14000
,GINGER (Zingiber species),Spices & Condiments,β-guaiene (=guaiene),Hydrocarbons,<1000,<1000
,GINGER (Zingiber species),Spices & Condiments,β-himachalene,Hydrocarbons,4000,4000
,GINGER (Zingiber species),Spices & Condiments,bicyclogermacrene,Hydrocarbons,,
,GINGER (Zingiber species),Spices & Condiments,β-caryophyllene,Hydrocarbons,700,16000
,GINGER (Zingiber species),Spices & Condiments,α-cubebene,Hydrocarbons,,
,GINGER (Zingiber species),Spices & Condiments,α-copaene (=copaene),Hydrocarbons,<1000,4000
,GINGER (Zingiber species),Spices & Condiments,α-ylangene (=ylangene),Hydrocarbons,,
,GINGER (Zingiber species),Spices & Condiments,β-ylangene,Hydrocarbons,,
,GINGER (Zingiber species),Spices & Condiments,β-bourbonene,Hydrocarbons,,
,GINGER (Zingiber species),Spices & Condiments,aromadendrene,Hydrocarbons,2000,2000
,GINGER (Zingiber species),Spices & Condiments,alloaromadendrene,Hydrocarbons,1400,3200
,GINGER (Zingiber species),Spices & Condiments,β-gurjunene,Hydrocarbons,,
,GINGER (Zingiber species),Spices & Condiments,calarene,Hydrocarbons,,
,GINGER (Zingiber species),Spices & Condiments,tricyclene,Hydrocarbons,trace,3200
,GINGER (Zingiber species),Spices & Condiments,santalene (unkn.str.),Hydrocarbons,,
,GINGER (Zingiber species),Spices & Condiments,benzene,Hydrocarbons,300,500
,GINGER (Zingiber species),Spices & Condiments,methylbenzene (=toluene),Hydrocarbons,900,1500
,GINGER (Zingiber species),Spices & Condiments,isopropylbenzene (=cumene),Hydrocarbons,<100,<100
,GINGER (Zingiber species),Spices & Condiments,"1,3-dimethylbenzene (=m-xylene)",Hydrocarbons,,
,GINGER (Zingiber species),Spices & Condiments,1-isopropyl-4-methylbenzene (=p-cymene),Hydrocarbons,trace,21000
,GINGER (Zingiber species),Spices & Condiments,cuparene,Hydrocarbons,,
,GINGER (Zingiber species),Spices & Condiments,calamenene,Hydrocarbons,<1000,<1000
,GINGER (Zingiber species),Spices & Condiments,isopinocamphene,Hydrocarbons,,
,GINGER (Zingiber species),Spices & Condiments,ethanol,Alcohols,,
,GINGER (Zingiber species),Spices & Condiments,1-propanol (=propyl alcohol),Alcohols,,
,GINGER (Zingiber species),Spices & Condiments,2-methyl-1-propanol (=isobutanol),Alcohols,,
,GINGER (Zingiber species),Spices & Condiments,1-butanol,Alcohols,,
,GINGER (Zingiber species),Spices & Condiments,2-butanol (=sec-butanol),Alcohols,,
,GINGER (Zingiber species),Spices & Condiments,3-methyl-1-butanol (=isoamyl alcohol),Alcohols,,
,GINGER (Zingiber species),Spices & Condiments,2-methyl-3-buten-2-ol,Alcohols,,
,GINGER (Zingiber species),Spices & Condiments,1-pentanol (=amyl alcohol),Alcohols,,
,GINGER (Zingiber species),Spices & Condiments,2-pentanol,Alcohols,,
,GINGER (Zingiber species),Spices & Condiments,3-pentanol,Alcohols,,
,GINGER (Zingiber species),Spices & Condiments,(Z)-2-penten-1-ol,Alcohols,,
,GINGER (Zingiber species),Spices & Condiments,1-penten-3-ol,Alcohols,,
,GINGER (Zingiber species),Spices & Condiments,1-hexanol,Alcohols,<1000,<1000
,GINGER (Zingiber species),Spices & Condiments,(E)-2-hexen-1-ol,Alcohols,,
,GINGER (Zingiber species),Spices & Condiments,(Z)-3-hexen-1-ol (=leaf alcohol),Alcohols,<1000,<1000
,GINGER (Zingiber species),Spices & Condiments,2-ethyl-1-hexanol,Alcohols,,
,GINGER (Zingiber species),Spices & Condiments,2-heptanol,Alcohols,<100,6000
,GINGER (Zingiber species),Spices & Condiments,6-methyl-5-hepten-2-ol,Alcohols,,
,GINGER (Zingiber species),Spices & Condiments,"2,6-dimethyl-5-hepten-1-ol",Alcohols,,
,GINGER (Zingiber species),Spices & Condiments,1-octanol,Alcohols,,
,GINGER (Zingiber species),Spices & Condiments,3-octanol,Alcohols,,
,GINGER (Zingiber species),Spices & Condiments,(Z)-2-octen-1-ol,Alcohols,,
,GINGER (Zingiber species),Spices & Condiments,1-octen-3-ol,Alcohols,,
,GINGER (Zingiber species),Spices & Condiments,2-nonanol,Alcohols,1100,2200
,GINGER (Zingiber species),Spices & Condiments,2-undecanol,Alcohols,500,500
,GINGER (Zingiber species),Spices & Condiments,dodecenol (unkn.str.),Alcohols,,
,GINGER (Zingiber species),Spices & Condiments,2-tridecanol,Alcohols,,
,GINGER (Zingiber species),Spices & Condiments,citronellol,Alcohols,1000,15100
,GINGER (Zingiber species),Spices & Condiments,geraniol,Alcohols,1000,230000
,GINGER (Zingiber species),Spices & Condiments,nerol,Alcohols,200,71000
,GINGER (Zingiber species),Spices & Condiments,linalool,Alcohols,1000,17000
,GINGER (Zingiber species),Spices & Condiments,farnesol,Alcohols,1000,16000
,GINGER (Zingiber species),Spices & Condiments,"(E,E)-farnesol",Alcohols,4100,4100
,GINGER (Zingiber species),Spices & Condiments,nerolidol,Alcohols,7000,15900
,GINGER (Zingiber species),Spices & Condiments,(E)-nerolidol,Alcohols,7000,7000
,GINGER (Zingiber species),Spices & Condiments,4-isopropylcyclohexanol,Alcohols,,
,GINGER (Zingiber species),Spices & Condiments,2-phenylethanol (=phenethyl alcohol),Alcohols,,
,GINGER (Zingiber species),Spices & Condiments,"p-cymen-8-ol (=α,α,p-trimethyl-benzyl alcohol)",Alcohols,,
,GINGER (Zingiber species),Spices & Condiments,"(Z)-4-(3,4-dimethoxyphenyl)-3-buten-1-ol",Alcohols,,
,GINGER (Zingiber species),Spices & Condiments,"(E)-4-(3,4-dimethoxyphenyl)-3-buten-1-ol",Alcohols,,
,GINGER (Zingiber species),Spices & Condiments,neoisomenthol,Alcohols,,
,GINGER (Zingiber species),Spices & Condiments,α-terpineol,Alcohols,4000,60000
,GINGER (Zingiber species),Spices & Condiments,β-terpineol,Alcohols,,
,GINGER (Zingiber species),Spices & Condiments,1-terpineol (=p-3-menthen-1-ol),Alcohols,,
,GINGER (Zingiber species),Spices & Condiments,4-terpineol (=terpinen-4-ol),Alcohols,1400,333000
,GINGER (Zingiber species),Spices & Condiments,β-sesquiphellandrol,Alcohols,,
,GINGER (Zingiber species),Spices & Condiments,cis-β-sesquiphellandrol,Alcohols,<1000,<1000
,GINGER (Zingiber species),Spices & Condiments,trans-β-sesquiphellandrol,Alcohols,2000,16200
,GINGER (Zingiber species),Spices & Condiments,cis-p-2-menthen-1-ol,Alcohols,7000,7000
,GINGER (Zingiber species),Spices & Condiments,trans-p-2-menthen-1-ol,Alcohols,,
,GINGER (Zingiber species),Spices & Condiments,cis-piperitol,Alcohols,2000,2000
,GINGER (Zingiber species),Spices & Condiments,trans-piperitol,Alcohols,,
,GINGER (Zingiber species),Spices & Condiments,isopulegol,Alcohols,,
,GINGER (Zingiber species),Spices & Condiments,neoisopulegol,Alcohols,6000,6000
,GINGER (Zingiber species),Spices & Condiments,p-3-menthen-7-ol,Alcohols,,
,GINGER (Zingiber species),Spices & Condiments,"trans-carveol (=trans-p-1(6),8-menthadien-2-ol)",Alcohols,,
,GINGER (Zingiber species),Spices & Condiments,β-bisabolol,Alcohols,2000,2000
,GINGER (Zingiber species),Spices & Condiments,zingiberol,Alcohols,,
,GINGER (Zingiber species),Spices & Condiments,zingiberenol,Alcohols,3000,3000
,GINGER (Zingiber species),Spices & Condiments,elemol,Alcohols,2000,7000
,GINGER (Zingiber species),Spices & Condiments,camphene hydrate,Alcohols,200,4000
,GINGER (Zingiber species),Spices & Condiments,pinocarveol,Alcohols,,
,GINGER (Zingiber species),Spices & Condiments,myrtenol,Alcohols,,
,GINGER (Zingiber species),Spices & Condiments,borneol,Alcohols,7800,54000
,GINGER (Zingiber species),Spices & Condiments,isoborneol,Alcohols,trace,1000
,GINGER (Zingiber species),Spices & Condiments,fenchol (=fenchyl alcohol),Alcohols,,
,GINGER (Zingiber species),Spices & Condiments,α-fenchol (=α-fenchyl alcohol),Alcohols,5000,5000
,GINGER (Zingiber species),Spices & Condiments,thujyl alcohol,Alcohols,4000,4000
,GINGER (Zingiber species),Spices & Condiments,sabinene hydrate (=4-thujanol),Alcohols,,
,GINGER (Zingiber species),Spices & Condiments,cis-sabinene hydrate (=cis-4-thujanol),Alcohols,1000,5000
,GINGER (Zingiber species),Spices & Condiments,trans-sabinene hydrate (=trans-4-thujanol),Alcohols,trace,6000
,GINGER (Zingiber species),Spices & Condiments,cis-sesquisabinene hydrate,Alcohols,4000,4000
,GINGER (Zingiber species),Spices & Condiments,α-cadinol,Alcohols,1000,1000
,GINGER (Zingiber species),Spices & Condiments,δ-cadinol (=torreyol),Alcohols,,
,GINGER (Zingiber species),Spices & Condiments,juniper camphor,Alcohols,1000,1000
,GINGER (Zingiber species),Spices & Condiments,β-eudesmol,Alcohols,trace,14000
,GINGER (Zingiber species),Spices & Condiments,selinen-4-ol,Alcohols,,
,GINGER (Zingiber species),Spices & Condiments,cis-selinen-4-ol,Alcohols,,
,GINGER (Zingiber species),Spices & Condiments,guaiol,Alcohols,1000,1000
,GINGER (Zingiber species),Spices & Condiments,patchoulol (=patchouli alcohol),Alcohols,<1000,<1000
,GINGER (Zingiber species),Spices & Condiments,viridiflorol,Alcohols,4100,4100
,GINGER (Zingiber species),Spices & Condiments,acetaldehyde (=ethanal),"Carbonyls, aldehydes",,
,GINGER (Zingiber species),Spices & Condiments,"3-methylbutanal (=isopentanal, isovaleraldehyde)","Carbonyls, aldehydes",<1000,<1000
,GINGER (Zingiber species),Spices & Condiments,3-methyl-2-butenal,"Carbonyls, aldehydes",,
,GINGER (Zingiber species),Spices & Condiments,hexanal (=capronaldehyde),"Carbonyls, aldehydes",trace,700
,GINGER (Zingiber species),Spices & Condiments,(E)-2-hexenal (=leaf aldehyde),"Carbonyls, aldehydes",,
,GINGER (Zingiber species),Spices & Condiments,(Z)-3-hexenal,"Carbonyls, aldehydes",,
,GINGER (Zingiber species),Spices & Condiments,2-vinyl-2-hexenal,"Carbonyls, aldehydes",,
,GINGER (Zingiber species),Spices & Condiments,"2,5-dimethyl-2-vinyl-4-hexenal","Carbonyls, aldehydes",,
,GINGER (Zingiber species),Spices & Condiments,heptanal,"Carbonyls, aldehydes",,
,GINGER (Zingiber species),Spices & Condiments,"2,6-dimethyl-5-heptenal","Carbonyls, aldehydes",,
,GINGER (Zingiber species),Spices & Condiments,octanal (=caprylaldehyde),"Carbonyls, aldehydes",120,340
,GINGER (Zingiber species),Spices & Condiments,(E)-2-octenal,"Carbonyls, aldehydes",<1000,<1000
,GINGER (Zingiber species),Spices & Condiments,nonanal (=pelargonaldehyde),"Carbonyls, aldehydes",1000,1000
,GINGER (Zingiber species),Spices & Condiments,2-nonenal,"Carbonyls, aldehydes",,
,GINGER (Zingiber species),Spices & Condiments,decanal (=capraldehyde),"Carbonyls, aldehydes",10,2000
,GINGER (Zingiber species),Spices & Condiments,(E)-2-decenal,"Carbonyls, aldehydes",,
,GINGER (Zingiber species),Spices & Condiments,undecanal,"Carbonyls, aldehydes",,
,GINGER (Zingiber species),Spices & Condiments,dodecanal,"Carbonyls, aldehydes",0,50
,GINGER (Zingiber species),Spices & Condiments,dodecenal (unkn.str.),"Carbonyls, aldehydes",,
,GINGER (Zingiber species),Spices & Condiments,tridecanal,"Carbonyls, aldehydes",,
,GINGER (Zingiber species),Spices & Condiments,tridecenal (unkn.str.),"Carbonyls, aldehydes",,
,GINGER (Zingiber species),Spices & Condiments,tetradecanal,"Carbonyls, aldehydes",,
,GINGER (Zingiber species),Spices & Condiments,tetradecenal (unkn.str.),"Carbonyls, aldehydes",,
,GINGER (Zingiber species),Spices & Condiments,pentadecanal,"Carbonyls, aldehydes",,
,GINGER (Zingiber species),Spices & Condiments,pentadecenal (unkn.str.),"Carbonyls, aldehydes",,
,GINGER (Zingiber species),Spices & Condiments,"citronellal (=3,7-dimethyl-6-octenal)","Carbonyls, aldehydes",<1000,2900
,GINGER (Zingiber species),Spices & Condiments,"citral (=3,7-dimethyl-2,6-octadienal)","Carbonyls, aldehydes",,
,GINGER (Zingiber species),Spices & Condiments,geranial (=α-citral),"Carbonyls, aldehydes",trace,358000
,GINGER (Zingiber species),Spices & Condiments,neral (=β-citral),"Carbonyls, aldehydes",trace,274000
,GINGER (Zingiber species),Spices & Condiments,farnesal,"Carbonyls, aldehydes",,
,GINGER (Zingiber species),Spices & Condiments,"(E,E)-farnesal","Carbonyls, aldehydes",4700,4700
,GINGER (Zingiber species),Spices & Condiments,4-isopropylbenzaldehyde (=cuminaldehyde),"Carbonyls, aldehydes",,
,GINGER (Zingiber species),Spices & Condiments,vanillin (=4-hydroxy-3-methoxybenzaldehyde),"Carbonyls, aldehydes",,
,GINGER (Zingiber species),Spices & Condiments,"3,4-dimethoxybenzaldehyde (=veratraldehyde, methylvanillin)","Carbonyls, aldehydes",,
,GINGER (Zingiber species),Spices & Condiments,"3,4-dimethoxycinnamaldehyde","Carbonyls, aldehydes",,
,GINGER (Zingiber species),Spices & Condiments,β-cyclocitral,"Carbonyls, aldehydes",,
,GINGER (Zingiber species),Spices & Condiments,perillaldehyde,"Carbonyls, aldehydes",,
,GINGER (Zingiber species),Spices & Condiments,myrtenal,"Carbonyls, aldehydes",600,600
,GINGER (Zingiber species),Spices & Condiments,asaronaldehyde,"Carbonyls, aldehydes",,
,GINGER (Zingiber species),Spices & Condiments,3-biphenylcarbaldehyde (=3-phenylbenzaldehyde),"Carbonyls, aldehydes",<1000,<1000
,GINGER (Zingiber species),Spices & Condiments,4-biphenylcarbaldehyde (=4-phenylbenzaldehyde),"Carbonyls, aldehydes",<1000,<1000
,GINGER (Zingiber species),Spices & Condiments,"acetone (=2-propanone, dimethyl ketone)","Carbonyls, ketones",,
,GINGER (Zingiber species),Spices & Condiments,2-butanone (=ethyl methyl ketone),"Carbonyls, ketones",,
,GINGER (Zingiber species),Spices & Condiments,3-buten-2-one,"Carbonyls, ketones",,
,GINGER (Zingiber species),Spices & Condiments,3-pentanone,"Carbonyls, ketones",,
,GINGER (Zingiber species),Spices & Condiments,4-methyl-2-pentanone,"Carbonyls, ketones",,
,GINGER (Zingiber species),Spices & Condiments,2-heptanone,"Carbonyls, ketones",trace,100
,GINGER (Zingiber species),Spices & Condiments,6-methyl-5-hepten-2-one,"Carbonyls, ketones",1000,4000
,GINGER (Zingiber species),Spices & Condiments,methylheptenone (unkn.str.),"Carbonyls, ketones",400,10900
,GINGER (Zingiber species),Spices & Condiments,3-octanone,"Carbonyls, ketones",,
,GINGER (Zingiber species),Spices & Condiments,2-nonanone,"Carbonyls, ketones",130,2200
,GINGER (Zingiber species),Spices & Condiments,2-decanone,"Carbonyls, ketones",,
,GINGER (Zingiber species),Spices & Condiments,2-undecanone,"Carbonyls, ketones",1270,16000
,GINGER (Zingiber species),Spices & Condiments,"(E)-6,10-dimethyl-5,9-undecadien-2-one (=geranylacetone)","Carbonyls, ketones",,
,GINGER (Zingiber species),Spices & Condiments,2-dodecanone,"Carbonyls, ketones",,
,GINGER (Zingiber species),Spices & Condiments,2-tridecanone,"Carbonyls, ketones",200,370
,GINGER (Zingiber species),Spices & Condiments,2-tetradecanone,"Carbonyls, ketones",,
,GINGER (Zingiber species),Spices & Condiments,2-pentadecanone,"Carbonyls, ketones",,
,GINGER (Zingiber species),Spices & Condiments,cyclohexanone,"Carbonyls, ketones",,
,GINGER (Zingiber species),Spices & Condiments,4-isopropyl-2-cyclohexen-1-one (=cryptone),"Carbonyls, ketones",,
,GINGER (Zingiber species),Spices & Condiments,(E)-β-ionone,"Carbonyls, ketones",2000,2000
,GINGER (Zingiber species),Spices & Condiments,"4-(4-hydroxy-3-methoxyphenyl)-2-butanone (=gingerone, zingerone)","Carbonyls, ketones",trace,trace
,GINGER (Zingiber species),Spices & Condiments,1-hydroxy-2-heptanone,"Carbonyls, ketones",,
,GINGER (Zingiber species),Spices & Condiments,"6-methyl-2,5-heptanedione","Carbonyls, ketones",,
,GINGER (Zingiber species),Spices & Condiments,9-oxonerolidol,"Carbonyls, ketones",7000,7000
,GINGER (Zingiber species),Spices & Condiments,10-undecen-2-one,"Carbonyls, ketones",,
,GINGER (Zingiber species),Spices & Condiments,gingerdione,"Carbonyls, ketones",,
,GINGER (Zingiber species),Spices & Condiments,piperitone,"Carbonyls, ketones",,
,GINGER (Zingiber species),Spices & Condiments,"carvone (=p-6,8-menthadien-2-one)","Carbonyls, ketones",,
,GINGER (Zingiber species),Spices & Condiments,carvenone (=p-3-menthen-2-one),"Carbonyls, ketones",,
,GINGER (Zingiber species),Spices & Condiments,zerumbone,"Carbonyls, ketones",212000,212000
,GINGER (Zingiber species),Spices & Condiments,camphor (=alcanfor),"Carbonyls, ketones",1000,52000
,GINGER (Zingiber species),Spices & Condiments,fenchone,"Carbonyls, ketones",4000,4000
,GINGER (Zingiber species),Spices & Condiments,isothujone (=β-thujone),"Carbonyls, ketones",<1000,<1000
,GINGER (Zingiber species),Spices & Condiments,acetic acid,Acids,,
,GINGER (Zingiber species),Spices & Condiments,dodecanoic acid (=lauric acid),Acids,900,2000
,GINGER (Zingiber species),Spices & Condiments,hexadecanoic acid (=palmitic acid),Acids,,
,GINGER (Zingiber species),Spices & Condiments,octadecanoic acid (=stearic acid),Acids,,
,GINGER (Zingiber species),Spices & Condiments,(Z)-9-octadecenoic acid (=oleic acid),Acids,,
,GINGER (Zingiber species),Spices & Condiments,(E)-geranic acid,Acids,,
,GINGER (Zingiber species),Spices & Condiments,ethyl formate,Esters,,
,GINGER (Zingiber species),Spices & Condiments,citronellyl formate,Esters,,
,GINGER (Zingiber species),Spices & Condiments,"caryophyllene, formate",Esters,,
,GINGER (Zingiber species),Spices & Condiments,ethyl acetate,Esters,<1000,<1000
,GINGER (Zingiber species),Spices & Condiments,propyl acetate,Esters,,
,GINGER (Zingiber species),Spices & Condiments,"isopentyl acetate (=3-methylbutyl acetate, isoamyl acetate)",Esters,,
,GINGER (Zingiber species),Spices & Condiments,heptyl acetate,Esters,,
,GINGER (Zingiber species),Spices & Condiments,1-methyloctyl acetate (=2-nonyl acetate),Esters,,
,GINGER (Zingiber species),Spices & Condiments,citronellyl acetate,Esters,1000,5100
,GINGER (Zingiber species),Spices & Condiments,geranyl acetate,Esters,trace,294000
,GINGER (Zingiber species),Spices & Condiments,neryl acetate,Esters,trace,100
,GINGER (Zingiber species),Spices & Condiments,linalyl acetate,Esters,200,300
,GINGER (Zingiber species),Spices & Condiments,"(Z)-4-(3,4-dimethoxyphenyl)-3-buten-1-yl acetate",Esters,,
,GINGER (Zingiber species),Spices & Condiments,"(E)-4-(3,4-dimethoxyphenyl)-3-buten-1-yl acetate",Esters,,
,GINGER (Zingiber species),Spices & Condiments,menthyl acetate,Esters,10000,10000
,GINGER (Zingiber species),Spices & Condiments,α-terpinyl acetate,Esters,4600,4600
,GINGER (Zingiber species),Spices & Condiments,terpinyl acetate (unkn.str.),Esters,300,500
,GINGER (Zingiber species),Spices & Condiments,4-terpinenyl acetate,Esters,,
,GINGER (Zingiber species),Spices & Condiments,myrtenyl acetate,Esters,,
,GINGER (Zingiber species),Spices & Condiments,bornyl acetate,Esters,1000,13200
,GINGER (Zingiber species),Spices & Condiments,α-fenchyl acetate,Esters,148000,148000
,GINGER (Zingiber species),Spices & Condiments,isobutyl 2-methyl-2-butenoate,Esters,,
,GINGER (Zingiber species),Spices & Condiments,isopentyl 2-methyl-2-butenoate,Esters,,
,GINGER (Zingiber species),Spices & Condiments,(Z)-3-hexenyl 2-methyl-2-butenoate,Esters,,
,GINGER (Zingiber species),Spices & Condiments,ethyl dodecanoate (=ethyl laurate),Esters,,
,GINGER (Zingiber species),Spices & Condiments,ethyl tetradecanoate (=ethyl myristate),Esters,<1000,<1000
,GINGER (Zingiber species),Spices & Condiments,"(E)-4-(3,4-dimethoxyphenyl)-3-butenyl hexadecanoate",Esters,,
,GINGER (Zingiber species),Spices & Condiments,methyl geranate,Esters,,
,GINGER (Zingiber species),Spices & Condiments,methyl (E)-cinnamate,Esters,28000,28000
,GINGER (Zingiber species),Spices & Condiments,curcumalactone,Lactones,,
,GINGER (Zingiber species),Spices & Condiments,indole,Bases,,
,GINGER (Zingiber species),Spices & Condiments,2-isopropyl-3-methoxypyrazine,Bases,,
,GINGER (Zingiber species),Spices & Condiments,2-isobutyl-3-methoxypyrazine,Bases,,
,GINGER (Zingiber species),Spices & Condiments,2-(sec-butyl)-3-methoxypyrazine,Bases,,
,GINGER (Zingiber species),Spices & Condiments,benzothiazole,Sulfur compounds,,
,GINGER (Zingiber species),Spices & Condiments,benzyl propenyl ether,Ethers,,
,GINGER (Zingiber species),Spices & Condiments,"1,8-cineole (=eucalyptol)",Ethers,3000,416000
,GINGER (Zingiber species),Spices & Condiments,phenol (=hydroxybenzene),Phenols,,
,GINGER (Zingiber species),Spices & Condiments,thymol (=2-isopropyl-5-methylphenol),Phenols,,
,GINGER (Zingiber species),Spices & Condiments,"5-(1,5-dimethyl-4-hexenyl)-2-methylphenol (=xanthorrhizol)",Phenols,1000,1000
,GINGER (Zingiber species),Spices & Condiments,anethole (=1-methoxy-4-(1-propenyl)benzene),Phenols,,
,GINGER (Zingiber species),Spices & Condiments,1-methoxy-2-octylbenzene (=o-octylanisol),Phenols,,
,GINGER (Zingiber species),Spices & Condiments,4-isopropyl-2-methoxy-1-methylbenzene (=methylcarvacrol),Phenols,800,800
,GINGER (Zingiber species),Spices & Condiments,"1-isopropyl-2-methoxy-4-methylbenzene (=methyl thymyl ether, methylthymol)",Phenols,1600,1600
,GINGER (Zingiber species),Spices & Condiments,ethyl-methoxyphenol (unkn.str.),Phenols,,
,GINGER (Zingiber species),Spices & Condiments,eugenol (=4-allyl-2-methoxyphenol),Phenols,,
,GINGER (Zingiber species),Spices & Condiments,coniferyl alcohol,Phenols,,
,GINGER (Zingiber species),Spices & Condiments,"methylisoeugenol (=1,2-dimethoxy-4-(1-propenyl)-benzene)",Phenols,800,800
,GINGER (Zingiber species),Spices & Condiments,dimethoxypropenylbenzene (unkn.str.),Phenols,,
,GINGER (Zingiber species),Spices & Condiments,"4-butyl-1,2-dimethoxybenzene",Phenols,,
,GINGER (Zingiber species),Spices & Condiments,"4-(1-butenyl)-1,2-dimethoxybenzene",Phenols,,
,GINGER (Zingiber species),Spices & Condiments,"(Z)-4-(1-butenyl)-1,2-dimethoxy-benzene",Phenols,,
,GINGER (Zingiber species),Spices & Condiments,"(E)-4-(1-butenyl)-1,2-dimethoxy-benzene",Phenols,,
,GINGER (Zingiber species),Spices & Condiments,"4-(1,3-butadienyl)-1,2-dimethoxy-benzene",Phenols,,
,GINGER (Zingiber species),Spices & Condiments,"(Z)-4-(1,3-butadienyl)-1,2-dimethoxybenzene",Phenols,,
,GINGER (Zingiber species),Spices & Condiments,"(E)-4-(1,3-butadienyl)-1,2-dimethoxybenzene",Phenols,,
,GINGER (Zingiber species),Spices & Condiments,"1-(1-butenyl)-2,4,5-trimethoxybenzene",Phenols,,
,GINGER (Zingiber species),Spices & Condiments,"1-(1,3-butadienyl)-2,4,5-trimethoxybenzene",Phenols,,
,GINGER (Zingiber species),Spices & Condiments,"(Z)-1-(1,3-butadienyl)-2,4,5-trimethoxybenzene",Phenols,,
,GINGER (Zingiber species),Spices & Condiments,"(E)-1-(1,3-butadienyl)-2,4,5-trimethoxybenzene",Phenols,,
,GINGER (Zingiber species),Spices & Condiments,[6]-gingerol,Phenols,1100,24400
,GINGER (Zingiber species),Spices & Condiments,[8]-gingerol,Phenols,850,2630
,GINGER (Zingiber species),Spices & Condiments,[10]-gingerol,Phenols,1300,4530
,GINGER (Zingiber species),Spices & Condiments,gingerol (unkn.str.),Phenols,,
,GINGER (Zingiber species),Spices & Condiments,methylgingerol,Phenols,,
,GINGER (Zingiber species),Spices & Condiments,gingediol,Phenols,,
,GINGER (Zingiber species),Spices & Condiments,shogaol (=[6]-shogaol),Phenols,100,2100
,GINGER (Zingiber species),Spices & Condiments,paradol (=[6]-paradol),Phenols,,
,GINGER (Zingiber species),Spices & Condiments,hexahydrocurcumin,Phenols,,
,GINGER (Zingiber species),Spices & Condiments,desmethylhexahydrocurcumin,Phenols,,
,GINGER (Zingiber species),Spices & Condiments,methylshogaol,Phenols,,
,GINGER (Zingiber species),Spices & Condiments,3-(4-methyl-3-pentenyl)furan (=perillene),Furans,<1000,<1000
,GINGER (Zingiber species),Spices & Condiments,"furfural (=2-formylfuran, 2-furancarbaldehyde, 2-furaldehyde)",Furans,trace,trace
,GINGER (Zingiber species),Spices & Condiments,curzerenone,Furans,,
,GINGER (Zingiber species),Spices & Condiments,myrcene oxide,"(Ep)oxides, pyrans, coumarins",,
,GINGER (Zingiber species),Spices & Condiments,"(R)-limonene 8,9-endo-epoxide (=cis-limonene 8,9-oxide)","(Ep)oxides, pyrans, coumarins",,
,GINGER (Zingiber species),Spices & Condiments,"(R)-limonene 8,9-exo-epoxide (=trans-limonene 8,9-oxide)","(Ep)oxides, pyrans, coumarins",,
,GINGER (Zingiber species),Spices & Condiments,humulene epoxide (unkn.str.),"(Ep)oxides, pyrans, coumarins",46000,46000
,GINGER (Zingiber species),Spices & Condiments,humulene diepoxide (unkn.str.),"(Ep)oxides, pyrans, coumarins",3000,3000
,GINGER (Zingiber species),Spices & Condiments,"cis-1,2-epoxy-4-terpineol","(Ep)oxides, pyrans, coumarins",,
,GINGER (Zingiber species),Spices & Condiments,β-caryophyllene oxide,"(Ep)oxides, pyrans, coumarins",,
,GINGER (Zingiber species),Spices & Condiments,linalool oxide (unkn.str.),"(Ep)oxides, pyrans, coumarins",,
,GINGER (Zingiber species),Spices & Condiments,cis-linalool oxide (unkn.str.),"(Ep)oxides, pyrans, coumarins",,
,GINGER (Zingiber species),Spices & Condiments,trans-linalool oxide (unkn.str.),"(Ep)oxides, pyrans, coumarins",<1000,<1000
,GINGER (Zingiber species),Spices & Condiments,"1,4-dioxane","(Ep)oxides, pyrans, coumarins",,
,MENTHA OILS,Spices & Condiments,hexane,Hydrocarbons,,
,MENTHA OILS,Spices & Condiments,tetradecane,Hydrocarbons,trace,trace
,MENTHA OILS,Spices & Condiments,pentadecane,Hydrocarbons,,
,MENTHA OILS,Spices & Condiments,hexadecane,Hydrocarbons,,
,MENTHA OILS,Spices & Condiments,heptadecane,Hydrocarbons,,
,MENTHA OILS,Spices & Condiments,octadecane,Hydrocarbons,trace,trace
,MENTHA OILS,Spices & Condiments,nonadecane,Hydrocarbons,trace,trace
,MENTHA OILS,Spices & Condiments,eicosane,Hydrocarbons,trace,trace
,MENTHA OILS,Spices & Condiments,heneicosane,Hydrocarbons,trace,trace
,MENTHA OILS,Spices & Condiments,β-ocimene,Hydrocarbons,,
,MENTHA OILS,Spices & Condiments,(Z)-β-ocimene,Hydrocarbons,trace,9000
,MENTHA OILS,Spices & Condiments,(E)-β-ocimene,Hydrocarbons,400,400
,MENTHA OILS,Spices & Condiments,β-myrcene (=myrcene),Hydrocarbons,trace,25000
,MENTHA OILS,Spices & Condiments,"(E,E)-α-farnesene (=α-farnesene)",Hydrocarbons,,
,MENTHA OILS,Spices & Condiments,β-farnesene,Hydrocarbons,,
,MENTHA OILS,Spices & Condiments,(E)-β-farnesene,Hydrocarbons,1000,10000
,MENTHA OILS,Spices & Condiments,farnesene (unkn.str.),Hydrocarbons,,
,MENTHA OILS,Spices & Condiments,p-menthane,Hydrocarbons,4000,4000
,MENTHA OILS,Spices & Condiments,p-menthene (unkn.str.),Hydrocarbons,28000,28000
,MENTHA OILS,Spices & Condiments,α-phellandrene,Hydrocarbons,3000,3000
,MENTHA OILS,Spices & Condiments,β-phellandrene,Hydrocarbons,800,20000
,MENTHA OILS,Spices & Condiments,α-terpinene,Hydrocarbons,trace,5000
,MENTHA OILS,Spices & Condiments,γ-terpinene,Hydrocarbons,trace,36000
,MENTHA OILS,Spices & Condiments,terpinene (unkn.str.),Hydrocarbons,3000,3000
,MENTHA OILS,Spices & Condiments,terpinolene,Hydrocarbons,trace,5000
,MENTHA OILS,Spices & Condiments,limonene,Hydrocarbons,trace,181000
,MENTHA OILS,Spices & Condiments,"p-1(7),8-menthadiene (=ψ-limonene)",Hydrocarbons,,
,MENTHA OILS,Spices & Condiments,α-elemene,Hydrocarbons,,
,MENTHA OILS,Spices & Condiments,β-elemene,Hydrocarbons,,
,MENTHA OILS,Spices & Condiments,elemene (unkn.str.),Hydrocarbons,,
,MENTHA OILS,Spices & Condiments,β-bisabolene,Hydrocarbons,,
,MENTHA OILS,Spices & Condiments,bisabolene (unkn.str.),Hydrocarbons,,
,MENTHA OILS,Spices & Condiments,ar-curcumene,Hydrocarbons,,
,MENTHA OILS,Spices & Condiments,germacrene D,Hydrocarbons,1200,47830
,MENTHA OILS,Spices & Condiments,germacrene (unkn.str.),Hydrocarbons,,
,MENTHA OILS,Spices & Condiments,α-humulene (=humulene),Hydrocarbons,15000,16000
,MENTHA OILS,Spices & Condiments,α-pinene,Hydrocarbons,trace,40000
,MENTHA OILS,Spices & Condiments,β-pinene,Hydrocarbons,trace,40000
,MENTHA OILS,Spices & Condiments,pinene (unkn.str.),Hydrocarbons,9000,9000
,MENTHA OILS,Spices & Condiments,santene,Hydrocarbons,,
,MENTHA OILS,Spices & Condiments,camphene,Hydrocarbons,trace,15000
,MENTHA OILS,Spices & Condiments,α-fenchene,Hydrocarbons,,
,MENTHA OILS,Spices & Condiments,β-fenchene,Hydrocarbons,300,300
,MENTHA OILS,Spices & Condiments,fenchene (unkn.str.),Hydrocarbons,7000,7000
,MENTHA OILS,Spices & Condiments,α-thujene,Hydrocarbons,300,7200
,MENTHA OILS,Spices & Condiments,sabinene (=4(10)-thujene),Hydrocarbons,trace,10000
,MENTHA OILS,Spices & Condiments,"2-isopropenyl-3,7,7-trimethyl-3-vinylbicyclo[4.1.0]heptane (=bicycloelemene)",Hydrocarbons,,
,MENTHA OILS,Spices & Condiments,α-amorphene,Hydrocarbons,1000,1000
,MENTHA OILS,Spices & Condiments,ε-bulgarene,Hydrocarbons,,
,MENTHA OILS,Spices & Condiments,epibulgarene,Hydrocarbons,,
,MENTHA OILS,Spices & Condiments,α-cadinene,Hydrocarbons,trace,trace
,MENTHA OILS,Spices & Condiments,γ-cadinene,Hydrocarbons,,
,MENTHA OILS,Spices & Condiments,δ-cadinene,Hydrocarbons,3000,3000
,MENTHA OILS,Spices & Condiments,ε-cadinene,Hydrocarbons,,
,MENTHA OILS,Spices & Condiments,cadinene (unkn.str.),Hydrocarbons,,
,MENTHA OILS,Spices & Condiments,cubenene,Hydrocarbons,1000,1000
,MENTHA OILS,Spices & Condiments,α-muurolene,Hydrocarbons,5000,5000
,MENTHA OILS,Spices & Condiments,γ-muurolene,Hydrocarbons,trace,trace
,MENTHA OILS,Spices & Condiments,ε-muurolene,Hydrocarbons,,
,MENTHA OILS,Spices & Condiments,epimuurolene,Hydrocarbons,,
,MENTHA OILS,Spices & Condiments,guaiene (unkn.str.),Hydrocarbons,,
,MENTHA OILS,Spices & Condiments,bicyclogermacrene,Hydrocarbons,,
,MENTHA OILS,Spices & Condiments,β-caryophyllene,Hydrocarbons,0,40000
,MENTHA OILS,Spices & Condiments,γ-caryophyllene (=isocaryophyllene),Hydrocarbons,,
,MENTHA OILS,Spices & Condiments,ledrene,Hydrocarbons,trace,trace
,MENTHA OILS,Spices & Condiments,α-cubebene,Hydrocarbons,,
,MENTHA OILS,Spices & Condiments,β-cubebene,Hydrocarbons,,
,MENTHA OILS,Spices & Condiments,α-copaene (=copaene),Hydrocarbons,1200,9800
,MENTHA OILS,Spices & Condiments,β-copaene,Hydrocarbons,,
,MENTHA OILS,Spices & Condiments,cis-β-copaene,Hydrocarbons,,
,MENTHA OILS,Spices & Condiments,trans-β-copaene,Hydrocarbons,,
,MENTHA OILS,Spices & Condiments,copaene (unkn.str.),Hydrocarbons,trace,trace
,MENTHA OILS,Spices & Condiments,β-ylangene,Hydrocarbons,,
,MENTHA OILS,Spices & Condiments,α-maaliene,Hydrocarbons,,
,MENTHA OILS,Spices & Condiments,α-bourbonene,Hydrocarbons,,
,MENTHA OILS,Spices & Condiments,β-bourbonene,Hydrocarbons,0,14000
,MENTHA OILS,Spices & Condiments,aromadendrene,Hydrocarbons,,
,MENTHA OILS,Spices & Condiments,alloaromadendrene,Hydrocarbons,,
,MENTHA OILS,Spices & Condiments,α-gurjunene,Hydrocarbons,,
,MENTHA OILS,Spices & Condiments,methylbenzene (=toluene),Hydrocarbons,,
,MENTHA OILS,Spices & Condiments,1-isopropyl-4-methylbenzene (=p-cymene),Hydrocarbons,trace,16000
,MENTHA OILS,Spices & Condiments,"1-isopropenyl-4-methylbenzene (=α,p-dimethyl styrene, p-cymenene, dehydro-p-cymene)",Hydrocarbons,,
,MENTHA OILS,Spices & Condiments,cuparene,Hydrocarbons,,
,MENTHA OILS,Spices & Condiments,"5,5-dimethyl-1-vinyl-bicyclo[2.1.1]hexane",Hydrocarbons,,
,MENTHA OILS,Spices & Condiments,calamenene,Hydrocarbons,trace,trace
,MENTHA OILS,Spices & Condiments,α-calacorene,Hydrocarbons,,
,MENTHA OILS,Spices & Condiments,calacorene (unkn.str.),Hydrocarbons,,
,MENTHA OILS,Spices & Condiments,naphthalene,Hydrocarbons,,
,MENTHA OILS,Spices & Condiments,methanol,Alcohols,,
,MENTHA OILS,Spices & Condiments,ethanol,Alcohols,trace,trace
,MENTHA OILS,Spices & Condiments,2-methyl-1-propanol (=isobutanol),Alcohols,,
,MENTHA OILS,Spices & Condiments,1-butanol,Alcohols,,
,MENTHA OILS,Spices & Condiments,2-methyl-1-butanol (=active amyl alcohol),Alcohols,,
,MENTHA OILS,Spices & Condiments,3-methyl-1-butanol (=isoamyl alcohol),Alcohols,trace,2000
,MENTHA OILS,Spices & Condiments,1-pentanol (=amyl alcohol),Alcohols,,
,MENTHA OILS,Spices & Condiments,(Z)-2-penten-1-ol,Alcohols,500,500
,MENTHA OILS,Spices & Condiments,(Z)-3-penten-1-ol,Alcohols,,
,MENTHA OILS,Spices & Condiments,1-penten-3-ol,Alcohols,,
,MENTHA OILS,Spices & Condiments,1-hexanol,Alcohols,trace,trace
,MENTHA OILS,Spices & Condiments,(E)-2-hexen-1-ol,Alcohols,trace,trace
,MENTHA OILS,Spices & Condiments,3-hexen-1-ol,Alcohols,,
,MENTHA OILS,Spices & Condiments,(Z)-3-hexen-1-ol (=leaf alcohol),Alcohols,,
,MENTHA OILS,Spices & Condiments,(E)-3-hexen-1-ol,Alcohols,,
,MENTHA OILS,Spices & Condiments,2-ethyl-1-hexanol,Alcohols,1,1
,MENTHA OILS,Spices & Condiments,"2,4-dimethyl-2-hexanol",Alcohols,,
,MENTHA OILS,Spices & Condiments,3-heptanol,Alcohols,500,500
,MENTHA OILS,Spices & Condiments,1-octanol,Alcohols,,
,MENTHA OILS,Spices & Condiments,3-octanol,Alcohols,0,40000
,MENTHA OILS,Spices & Condiments,octanol (unkn.str.),Alcohols,8000,8000
,MENTHA OILS,Spices & Condiments,1-octen-3-ol,Alcohols,trace,9300
,MENTHA OILS,Spices & Condiments,3-nonanol,Alcohols,,
,MENTHA OILS,Spices & Condiments,"2,6-nonadien-1-ol",Alcohols,,
,MENTHA OILS,Spices & Condiments,1-decanol,Alcohols,,
,MENTHA OILS,Spices & Condiments,3-decanol,Alcohols,,
,MENTHA OILS,Spices & Condiments,lavandulol,Alcohols,1,1
,MENTHA OILS,Spices & Condiments,citronellol,Alcohols,9000,148000
,MENTHA OILS,Spices & Condiments,geraniol,Alcohols,103000,103000
,MENTHA OILS,Spices & Condiments,nerol,Alcohols,<1000,33000
,MENTHA OILS,Spices & Condiments,linalool,Alcohols,0,485000
,MENTHA OILS,Spices & Condiments,nerolidol,Alcohols,50,50
,MENTHA OILS,Spices & Condiments,cyclopentanol,Alcohols,10,10
,MENTHA OILS,Spices & Condiments,benzyl alcohol (=benzenemethanol),Alcohols,10,10
,MENTHA OILS,Spices & Condiments,"4-isopropylbenzyl alcohol (=cumic alcohol, p-cymen-7-ol)",Alcohols,1,1
,MENTHA OILS,Spices & Condiments,1-phenylethanol (=α-methylbenzyl alcohol),Alcohols,,
,MENTHA OILS,Spices & Condiments,2-phenylethanol (=phenethyl alcohol),Alcohols,20,20
,MENTHA OILS,Spices & Condiments,"p-cymen-8-ol (=α,α,p-trimethyl-benzyl alcohol)",Alcohols,,
,MENTHA OILS,Spices & Condiments,menthol,Alcohols,0,850000
,MENTHA OILS,Spices & Condiments,neomenthol,Alcohols,0,148000
,MENTHA OILS,Spices & Condiments,isomenthol,Alcohols,trace,24000
,MENTHA OILS,Spices & Condiments,neoisomenthol,Alcohols,trace,30000
,MENTHA OILS,Spices & Condiments,p-menth-7-ol,Alcohols,,
,MENTHA OILS,Spices & Condiments,α-terpineol,Alcohols,0,27300
,MENTHA OILS,Spices & Condiments,β-terpineol,Alcohols,,
,MENTHA OILS,Spices & Condiments,γ-terpineol,Alcohols,,
,MENTHA OILS,Spices & Condiments,δ-terpineol,Alcohols,2000,2000
,MENTHA OILS,Spices & Condiments,4-terpineol (=terpinen-4-ol),Alcohols,trace,61400
,MENTHA OILS,Spices & Condiments,terpineol (unkn.str.),Alcohols,<1000,<1000
,MENTHA OILS,Spices & Condiments,cis-p-2-menthen-1-ol,Alcohols,1000,1000
,MENTHA OILS,Spices & Condiments,trans-p-2-menthen-1-ol,Alcohols,,
,MENTHA OILS,Spices & Condiments,dihydrocarveol,Alcohols,12000,59400
,MENTHA OILS,Spices & Condiments,neodihydrocarveol,Alcohols,2000,3000
,MENTHA OILS,Spices & Condiments,neoisodihydrocarveol,Alcohols,16200,39300
,MENTHA OILS,Spices & Condiments,piperitol,Alcohols,<1000,<1000
,MENTHA OILS,Spices & Condiments,cis-piperitol,Alcohols,500,500
,MENTHA OILS,Spices & Condiments,trans-piperitol,Alcohols,500,500
,MENTHA OILS,Spices & Condiments,isopulegol,Alcohols,2000,10000
,MENTHA OILS,Spices & Condiments,neoisopulegol,Alcohols,,
,MENTHA OILS,Spices & Condiments,p-8-menthen-10-ol (=dihydrolimonen-10-ol),Alcohols,trace,trace
,MENTHA OILS,Spices & Condiments,"cis-p-2,8-menthadien-1-ol",Alcohols,,
,MENTHA OILS,Spices & Condiments,"trans-p-2,8-menthadien-1-ol",Alcohols,,
,MENTHA OILS,Spices & Condiments,"cis-isocarveol (=cis-p-1(7),8-menthadien-2-ol)",Alcohols,,
,MENTHA OILS,Spices & Condiments,"trans-isocarveol (=trans-p-1(7),8- menthadien-2-ol)",Alcohols,,
,MENTHA OILS,Spices & Condiments,"carveol (=p-1(6),8-menthadien-2-ol)",Alcohols,,
,MENTHA OILS,Spices & Condiments,"cis-carveol (= cis-p-1(6),8-menthadien-2-ol)",Alcohols,0,24000
,MENTHA OILS,Spices & Condiments,"trans-carveol (=trans-p-1(6),8-menthadien-2-ol)",Alcohols,0,23000
,MENTHA OILS,Spices & Condiments,"limonen-4-ol (=p-1,8-menthadien-4-ol)",Alcohols,,
,MENTHA OILS,Spices & Condiments,"perilla alcohol (=p-1,8-menthadien-7-ol)",Alcohols,5,5
,MENTHA OILS,Spices & Condiments,"p-menthane-1,3-diol (=1-hydroxymenthol)",Alcohols,,
,MENTHA OILS,Spices & Condiments,"trans,trans-p-menthane-2,5-diol",Alcohols,,
,MENTHA OILS,Spices & Condiments,trans-3-pinen-2-ol,Alcohols,,
,MENTHA OILS,Spices & Condiments,pinocarveol,Alcohols,,
,MENTHA OILS,Spices & Condiments,trans-pinocarveol,Alcohols,1000,1000
,MENTHA OILS,Spices & Condiments,cis-verbenol,Alcohols,,
,MENTHA OILS,Spices & Condiments,trans-verbenol,Alcohols,,
,MENTHA OILS,Spices & Condiments,myrtenol,Alcohols,500,500
,MENTHA OILS,Spices & Condiments,borneol,Alcohols,,
,MENTHA OILS,Spices & Condiments,cis-sabinol (=cis-4(10)-thujenol),Alcohols,1,1
,MENTHA OILS,Spices & Condiments,sabinene hydrate (=4-thujanol),Alcohols,3900,18000
,MENTHA OILS,Spices & Condiments,cis-sabinene hydrate (=cis-4-thujanol),Alcohols,1000,1000
,MENTHA OILS,Spices & Condiments,trans-sabinene hydrate (=trans-4-thujanol),Alcohols,2000,13000
,MENTHA OILS,Spices & Condiments,α-cadinol,Alcohols,,
,MENTHA OILS,Spices & Condiments,cadinol-T,Alcohols,,
,MENTHA OILS,Spices & Condiments,muurolol-T,Alcohols,,
,MENTHA OILS,Spices & Condiments,cubenol,Alcohols,,
,MENTHA OILS,Spices & Condiments,"2(12),6(13)-caryophylladien-5-ol",Alcohols,,
,MENTHA OILS,Spices & Condiments,β-caryophyllene alcohol,Alcohols,,
,MENTHA OILS,Spices & Condiments,isocaryophyllene alcohol (unkn.str.),Alcohols,,
,MENTHA OILS,Spices & Condiments,β-betulenol,Alcohols,,
,MENTHA OILS,Spices & Condiments,endo-1-bourbonanol,Alcohols,,
,MENTHA OILS,Spices & Condiments,β-bourbonen-13-ol,Alcohols,,
,MENTHA OILS,Spices & Condiments,ledol,Alcohols,1000,1000
,MENTHA OILS,Spices & Condiments,viridiflorol,Alcohols,trace,11300
,MENTHA OILS,Spices & Condiments,spathulenol (=(+)-spathulenol),Alcohols,,
,MENTHA OILS,Spices & Condiments,clovandiol,Alcohols,,
,MENTHA OILS,Spices & Condiments,acetaldehyde (=ethanal),"Carbonyls, aldehydes",,
,MENTHA OILS,Spices & Condiments,propanal (=propionaldehyde),"Carbonyls, aldehydes",,
,MENTHA OILS,Spices & Condiments,"2-methylpropanal (=isobutanal, isobutyraldehyde)","Carbonyls, aldehydes",trace,trace
,MENTHA OILS,Spices & Condiments,butanal (=butyraldehyde),"Carbonyls, aldehydes",trace,trace
,MENTHA OILS,Spices & Condiments,2-methylbutanal (=α-methylbutanal),"Carbonyls, aldehydes",,
,MENTHA OILS,Spices & Condiments,"3-methylbutanal (=isopentanal, isovaleraldehyde)","Carbonyls, aldehydes",,
,MENTHA OILS,Spices & Condiments,2-methyl-2-butenal,"Carbonyls, aldehydes",7,7
,MENTHA OILS,Spices & Condiments,(E)-2-methyl-2-butenal (=tiglicaldehyde),"Carbonyls, aldehydes",,
,MENTHA OILS,Spices & Condiments,pentanal (=valeraldehyde),"Carbonyls, aldehydes",,
,MENTHA OILS,Spices & Condiments,hexanal (=capronaldehyde),"Carbonyls, aldehydes",,
,MENTHA OILS,Spices & Condiments,(E)-2-hexenal (=leaf aldehyde),"Carbonyls, aldehydes",,
,MENTHA OILS,Spices & Condiments,3-hexenal,"Carbonyls, aldehydes",,
,MENTHA OILS,Spices & Condiments,5-methyl-2-hexenal,"Carbonyls, aldehydes",,
,MENTHA OILS,Spices & Condiments,2-butylhexanal,"Carbonyls, aldehydes",,
,MENTHA OILS,Spices & Condiments,heptanal,"Carbonyls, aldehydes",,
,MENTHA OILS,Spices & Condiments,(E)-2-heptenal,"Carbonyls, aldehydes",,
,MENTHA OILS,Spices & Condiments,(Z)-4-heptenal,"Carbonyls, aldehydes",,
,MENTHA OILS,Spices & Condiments,octanal (=caprylaldehyde),"Carbonyls, aldehydes",,
,MENTHA OILS,Spices & Condiments,(E)-2-octenal,"Carbonyls, aldehydes",1,1
,MENTHA OILS,Spices & Condiments,nonanal (=pelargonaldehyde),"Carbonyls, aldehydes",1,1
,MENTHA OILS,Spices & Condiments,"2,6-nonadienal","Carbonyls, aldehydes",,
,MENTHA OILS,Spices & Condiments,5-methylnonanal,"Carbonyls, aldehydes",,
,MENTHA OILS,Spices & Condiments,geranial (=α-citral),"Carbonyls, aldehydes",5,5
,MENTHA OILS,Spices & Condiments,neral (=β-citral),"Carbonyls, aldehydes",1,1
,MENTHA OILS,Spices & Condiments,benzaldehyde,"Carbonyls, aldehydes",,
,MENTHA OILS,Spices & Condiments,2-hydroxybenzaldehyde (=salicylaldehyde),"Carbonyls, aldehydes",3,3
,MENTHA OILS,Spices & Condiments,vanillin (=4-hydroxy-3-methoxybenzaldehyde),"Carbonyls, aldehydes",1,1
,MENTHA OILS,Spices & Condiments,"3,4-dimethoxybenzaldehyde (=veratraldehyde, methylvanillin)","Carbonyls, aldehydes",2,2
,MENTHA OILS,Spices & Condiments,phenylacetaldehyde (=benzeneacetaldehyde),"Carbonyls, aldehydes",,
,MENTHA OILS,Spices & Condiments,α-methylcinnamaldehyde (=2-methyl-3-phenyl-2-propenal),"Carbonyls, aldehydes",1,1
,MENTHA OILS,Spices & Condiments,4-methyl-2-phenyl-2-pentenal,"Carbonyls, aldehydes",6,6
,MENTHA OILS,Spices & Condiments,5-methyl-2-phenyl-2-hexenal,"Carbonyls, aldehydes",3,3
,MENTHA OILS,Spices & Condiments,perillaldehyde,"Carbonyls, aldehydes",,
,MENTHA OILS,Spices & Condiments,myrtenal,"Carbonyls, aldehydes",2,2
,MENTHA OILS,Spices & Condiments,"acetone (=2-propanone, dimethyl ketone)","Carbonyls, ketones",trace,trace
,MENTHA OILS,Spices & Condiments,"1-hydroxy-2-propanone (=acetol, pyruvic alcohol)","Carbonyls, ketones",,
,MENTHA OILS,Spices & Condiments,2-butanone (=ethyl methyl ketone),"Carbonyls, ketones",1,1
,MENTHA OILS,Spices & Condiments,3-hydroxy-2-butanone (=acetoin),"Carbonyls, ketones",,
,MENTHA OILS,Spices & Condiments,"2,3-butanedione (=diacetyl)","Carbonyls, ketones",,
,MENTHA OILS,Spices & Condiments,2-heptanone,"Carbonyls, ketones",1,1
,MENTHA OILS,Spices & Condiments,3-heptanone,"Carbonyls, ketones",,
,MENTHA OILS,Spices & Condiments,5-methyl-3-heptanone,"Carbonyls, ketones",1,1
,MENTHA OILS,Spices & Condiments,6-methyl-5-hepten-2-one,"Carbonyls, ketones",10,10
,MENTHA OILS,Spices & Condiments,methylheptenone (unkn.str.),"Carbonyls, ketones",,
,MENTHA OILS,Spices & Condiments,3-octanone,"Carbonyls, ketones",trace,trace
,MENTHA OILS,Spices & Condiments,3-decanone,"Carbonyls, ketones",,
,MENTHA OILS,Spices & Condiments,"(E)-6,10-dimethyl-5,9-undecadien-2-one (=geranylacetone)","Carbonyls, ketones",,
,MENTHA OILS,Spices & Condiments,3-dodecanone,"Carbonyls, ketones",,
,MENTHA OILS,Spices & Condiments,"6,10,14-trimethyl-2-pentadecanone (=hexahydrofarnesylacetone)","Carbonyls, ketones",,
,MENTHA OILS,Spices & Condiments,2-isopropylcyclopentanone,"Carbonyls, ketones",,
,MENTHA OILS,Spices & Condiments,jasmone,"Carbonyls, ketones",1100,2600
,MENTHA OILS,Spices & Condiments,(Z)-jasmone,"Carbonyls, ketones",0,3000
,MENTHA OILS,Spices & Condiments,(E)-jasmone,"Carbonyls, ketones",,
,MENTHA OILS,Spices & Condiments,3-methylcyclohexanone,"Carbonyls, ketones",400,400
,MENTHA OILS,Spices & Condiments,4-isopropyl-2-cyclohexen-1-one (=cryptone),"Carbonyls, ketones",1,1
,MENTHA OILS,Spices & Condiments,carvomenthone,"Carbonyls, ketones",,
,MENTHA OILS,Spices & Condiments,4-hydroxy-4-methyl-2-cyclohexen-1-one,"Carbonyls, ketones",70,70
,MENTHA OILS,Spices & Condiments,acetophenone (=1-phenylethanone),"Carbonyls, ketones",,
,MENTHA OILS,Spices & Condiments,4-methylacetophenone,"Carbonyls, ketones",,
,MENTHA OILS,Spices & Condiments,4-methoxyacetophenone (=acetanisole),"Carbonyls, ketones",10,10
,MENTHA OILS,Spices & Condiments,(E)-β-ionone,"Carbonyls, ketones",300,300
,MENTHA OILS,Spices & Condiments,3-(2-hydroxy-4-methylphenyl)-2-butanone,"Carbonyls, ketones",0.05,3.85
,MENTHA OILS,Spices & Condiments,2-(2-hydroxy-4-methylphenyl)-3-pentanone,"Carbonyls, ketones",0.01,0.04
,MENTHA OILS,Spices & Condiments,menthone,"Carbonyls, ketones",<1000,738000
,MENTHA OILS,Spices & Condiments,isomenthone,"Carbonyls, ketones",0,254000
,MENTHA OILS,Spices & Condiments,piperitone,"Carbonyls, ketones",trace,876000
,MENTHA OILS,Spices & Condiments,(4S)-(+)-piperitone,"Carbonyls, ketones",,
,MENTHA OILS,Spices & Condiments,(4R)-(-)-piperitone,"Carbonyls, ketones",,
,MENTHA OILS,Spices & Condiments,isopiperitone,"Carbonyls, ketones",,
,MENTHA OILS,Spices & Condiments,pulegone,"Carbonyls, ketones",0,744000
,MENTHA OILS,Spices & Condiments,isopulegone,"Carbonyls, ketones",6500,6500
,MENTHA OILS,Spices & Condiments,cis-isopulegone,"Carbonyls, ketones",,
,MENTHA OILS,Spices & Condiments,trans-isopulegone,"Carbonyls, ketones",0,16000
,MENTHA OILS,Spices & Condiments,isoisopulegone,"Carbonyls, ketones",2200,2200
,MENTHA OILS,Spices & Condiments,"piperitenone (=p-1,4(8)-menthadien-3-one)","Carbonyls, ketones",trace,25000
,MENTHA OILS,Spices & Condiments,2-hydroxypiperitone (=diosphenol),"Carbonyls, ketones",10,10
,MENTHA OILS,Spices & Condiments,4-hydroxypiperitone,"Carbonyls, ketones",,
,MENTHA OILS,Spices & Condiments,dihydrocarvone (=p-8-menthen-2-one),"Carbonyls, ketones",19000,35000
,MENTHA OILS,Spices & Condiments,trans-dihydrocarvone,"Carbonyls, ketones",1000,1000
,MENTHA OILS,Spices & Condiments,cis-dihydrocarvone,"Carbonyls, ketones",10000,31400
,MENTHA OILS,Spices & Condiments,"p-5,8-menthadien-2-one","Carbonyls, ketones",,
,MENTHA OILS,Spices & Condiments,"carvone (=p-6,8-menthadien-2-one)","Carbonyls, ketones",0,699000
,MENTHA OILS,Spices & Condiments,"isopiperitenone (=p-1,8-menthadien-3-one)","Carbonyls, ketones",,
,MENTHA OILS,Spices & Condiments,5-hydroxycarvone,"Carbonyls, ketones",,
,MENTHA OILS,Spices & Condiments,carvotanacetone (=p-1-menthen-6-one),"Carbonyls, ketones",,
,MENTHA OILS,Spices & Condiments,spicatine,"Carbonyls, ketones",,
,MENTHA OILS,Spices & Condiments,camphor (=alcanfor),"Carbonyls, ketones",,
,MENTHA OILS,Spices & Condiments,pinocamphone,"Carbonyls, ketones",,
,MENTHA OILS,Spices & Condiments,isopinocamphone,"Carbonyls, ketones",,
,MENTHA OILS,Spices & Condiments,fenchone,"Carbonyls, ketones",<1000,<1000
,MENTHA OILS,Spices & Condiments,thujone (=α-thujone),"Carbonyls, ketones",<1000,<1000
,MENTHA OILS,Spices & Condiments,pinocarvone,"Carbonyls, ketones",,
,MENTHA OILS,Spices & Condiments,verbenone (=2-pinen-4-one),"Carbonyls, ketones",,
,MENTHA OILS,Spices & Condiments,formic acid,Acids,,
,MENTHA OILS,Spices & Condiments,acetic acid,Acids,,
,MENTHA OILS,Spices & Condiments,2-methylpropanoic acid (=isobutyric acid),Acids,30,30
,MENTHA OILS,Spices & Condiments,2-methylbutanoic acid,Acids,,
,MENTHA OILS,Spices & Condiments,3-methylbutanoic acid (=isovaleric acid),Acids,,
,MENTHA OILS,Spices & Condiments,pentanoic acid (=valeric acid),Acids,,
,MENTHA OILS,Spices & Condiments,hexanoic acid (=caproic acid),Acids,,
,MENTHA OILS,Spices & Condiments,(E)-2-hexenoic acid,Acids,1,1
,MENTHA OILS,Spices & Condiments,heptanoic acid (=enanthic acid),Acids,,
,MENTHA OILS,Spices & Condiments,octanoic acid (=caprylic acid),Acids,,
,MENTHA OILS,Spices & Condiments,"3,7-dimethyl-6-oxooctanoic acid (=β-methyl-δ-isobutyryl-valeric acid)",Acids,1,1
,MENTHA OILS,Spices & Condiments,"3,6-dimethyl-7-oxooctanoic acid",Acids,1,1
,MENTHA OILS,Spices & Condiments,nonanoic acid (=pelargonic acid),Acids,,
,MENTHA OILS,Spices & Condiments,decanoic acid (=capric acid),Acids,,
,MENTHA OILS,Spices & Condiments,citronellic acid,Acids,10,10
,MENTHA OILS,Spices & Condiments,geranic acid,Acids,10,10
,MENTHA OILS,Spices & Condiments,3-methylhexanedioic acid (=β-methyladipic acid),Acids,,
,MENTHA OILS,Spices & Condiments,benzoic acid,Acids,20,20
,MENTHA OILS,Spices & Condiments,phenylacetic acid,Acids,1,1
,MENTHA OILS,Spices & Condiments,(Z)-3-hexenyl formate,Esters,,
,MENTHA OILS,Spices & Condiments,octyl formate,Esters,,
,MENTHA OILS,Spices & Condiments,cis-carvyl formate,Esters,,
,MENTHA OILS,Spices & Condiments,trans-carvyl formate,Esters,,
,MENTHA OILS,Spices & Condiments,menthyl formate,Esters,,
,MENTHA OILS,Spices & Condiments,methyl acetate,Esters,,
,MENTHA OILS,Spices & Condiments,(E)-2-hexenyl acetate,Esters,,
,MENTHA OILS,Spices & Condiments,(Z)-3-hexenyl acetate,Esters,,
,MENTHA OILS,Spices & Condiments,octyl acetate,Esters,,
,MENTHA OILS,Spices & Condiments,1-ethylhexyl acetate (=3-octyl acetate),Esters,2900,3000
,MENTHA OILS,Spices & Condiments,1-octen-3-yl acetate,Esters,trace,1000
,MENTHA OILS,Spices & Condiments,"3,7-dimethyloctyl acetate",Esters,,
,MENTHA OILS,Spices & Condiments,citronellyl acetate,Esters,,
,MENTHA OILS,Spices & Condiments,geranyl acetate,Esters,100,46000
,MENTHA OILS,Spices & Condiments,neryl acetate,Esters,,
,MENTHA OILS,Spices & Condiments,linalyl acetate,Esters,<1000,53000
,MENTHA OILS,Spices & Condiments,farnesyl acetate,Esters,,
,MENTHA OILS,Spices & Condiments,eugenyl acetate (=acetyl eugenol),Esters,,
,MENTHA OILS,Spices & Condiments,phenethyl acetate,Esters,50,50
,MENTHA OILS,Spices & Condiments,menthyl acetate,Esters,0,116680
,MENTHA OILS,Spices & Condiments,isomenthyl acetate,Esters,1000,5000
,MENTHA OILS,Spices & Condiments,neomenthyl acetate,Esters,0,2500
,MENTHA OILS,Spices & Condiments,neoisomenthyl acetate,Esters,trace,153000
,MENTHA OILS,Spices & Condiments,p-1-menthen-9-yl acetate,Esters,,
,MENTHA OILS,Spices & Condiments,p-8-menthen-10-yl acetate,Esters,,
,MENTHA OILS,Spices & Condiments,"1,2-epoxymenthyl acetate",Esters,,
,MENTHA OILS,Spices & Condiments,"1,2-epoxyneomenthyl acetate",Esters,,
,MENTHA OILS,Spices & Condiments,dihydroterpinyl acetate,Esters,10,10
,MENTHA OILS,Spices & Condiments,α-terpinyl acetate,Esters,,
,MENTHA OILS,Spices & Condiments,terpinyl acetate (unkn.str.),Esters,,
,MENTHA OILS,Spices & Condiments,dihydrocarvyl acetate,Esters,0,29500
,MENTHA OILS,Spices & Condiments,neodihydrocarvyl acetate,Esters,,
,MENTHA OILS,Spices & Condiments,"trans-p-1(7),8-menthadien-2-yl acetate",Esters,,
,MENTHA OILS,Spices & Condiments,isopulegyl acetate,Esters,10,10
,MENTHA OILS,Spices & Condiments,carvyl acetate,Esters,,
,MENTHA OILS,Spices & Condiments,trans-carvyl acetate,Esters,7200,59000
,MENTHA OILS,Spices & Condiments,cis-carvyl acetate,Esters,1000,20000
,MENTHA OILS,Spices & Condiments,"carveol, 6,7-epoxide, acetate",Esters,,
,MENTHA OILS,Spices & Condiments,"3,8,9-menthanetriol orthoacetate",Esters,,
,MENTHA OILS,Spices & Condiments,carvon-10-acetate,Esters,,
,MENTHA OILS,Spices & Condiments,"p-1,8(10)-menthadien-9-yl acetate",Esters,trace,trace
,MENTHA OILS,Spices & Condiments,1-acetoxymenthone,Esters,,
,MENTHA OILS,Spices & Condiments,2-acetoxy-1-hydroxy-p-8-menthene,Esters,,
,MENTHA OILS,Spices & Condiments,9-acetoxy-8-hydroxy-p-1-menthene,Esters,,
,MENTHA OILS,Spices & Condiments,myrtenyl acetate,Esters,,
,MENTHA OILS,Spices & Condiments,bornyl acetate,Esters,,
,MENTHA OILS,Spices & Condiments,sabinyl acetate,Esters,,
,MENTHA OILS,Spices & Condiments,ethyl 2-methylpropanoate (=ethyl isobutyrate),Esters,,
,MENTHA OILS,Spices & Condiments,(Z)-3-hexenyl 2-methylpropanoate,Esters,,
,MENTHA OILS,Spices & Condiments,benzyl 2-methylpropanoate (=benzyl isobutyrate),Esters,,
,MENTHA OILS,Spices & Condiments,phenethyl 2-methylpropanoate (=phenethyl isobutyrate),Esters,50,50
,MENTHA OILS,Spices & Condiments,lavandulyl butanoate,Esters,,
,MENTHA OILS,Spices & Condiments,phenethyl butanoate,Esters,50,50
,MENTHA OILS,Spices & Condiments,methyl 2-methylbutanoate,Esters,4,4
,MENTHA OILS,Spices & Condiments,ethyl 2-methylbutanoate,Esters,,
,MENTHA OILS,Spices & Condiments,propyl 2-methylbutanoate,Esters,,
,MENTHA OILS,Spices & Condiments,isobutyl 2-methylbutanoate (=2-methylpropyl 2-methyl-butanoate),Esters,,
,MENTHA OILS,Spices & Condiments,2-methylbutyl 2-methylbutanoate,Esters,,
,MENTHA OILS,Spices & Condiments,isopentyl 2-methylbutanoate (=3-methylbutyl 2-methyl-butanoate),Esters,,
,MENTHA OILS,Spices & Condiments,hexyl 2-methylbutanoate,Esters,,
,MENTHA OILS,Spices & Condiments,(Z)-3-hexenyl 2-methylbutanoate,Esters,,
,MENTHA OILS,Spices & Condiments,heptyl 2-methylbutanoate,Esters,,
,MENTHA OILS,Spices & Condiments,octyl 2-methylbutanoate,Esters,,
,MENTHA OILS,Spices & Condiments,benzyl 2-methylbutanoate,Esters,,
,MENTHA OILS,Spices & Condiments,phenethyl 2-methylbutanoate,Esters,,
,MENTHA OILS,Spices & Condiments,methyl 3-methylbutanoate (=methyl isovalerate),Esters,,
,MENTHA OILS,Spices & Condiments,2-methylbutyl 3-methylbutanoate,Esters,2000,2000
,MENTHA OILS,Spices & Condiments,pentyl 3-methylbutanoate (=amyl isovalerate),Esters,,
,MENTHA OILS,Spices & Condiments,"isopentyl 3-methylbutanoate (=3-methylbutyl 3-methylbutanoate, isoamyl isovalerate)",Esters,1000,1000
,MENTHA OILS,Spices & Condiments,hexyl 3-methylbutanoate (=hexyl isovalerate),Esters,,
,MENTHA OILS,Spices & Condiments,(Z)-3-hexenyl 3-methylbutanoate,Esters,,
,MENTHA OILS,Spices & Condiments,hexenyl 3-methylbutanoate (unkn.str.),Esters,,
,MENTHA OILS,Spices & Condiments,heptyl 3-methylbutanoate,Esters,,
,MENTHA OILS,Spices & Condiments,octyl 3-methylbutanoate,Esters,5,5
,MENTHA OILS,Spices & Condiments,phenethyl 3-methylbutanoate (=phenethyl isovalerate),Esters,trace,trace
,MENTHA OILS,Spices & Condiments,menthyl 3-methylbutanoate,Esters,10,10
,MENTHA OILS,Spices & Condiments,ethyl pentanoate,Esters,,
,MENTHA OILS,Spices & Condiments,pentyl pentanoate,Esters,0,1200
,MENTHA OILS,Spices & Condiments,hexyl pentanoate,Esters,,
,MENTHA OILS,Spices & Condiments,3-hexenyl pentanoate,Esters,,
,MENTHA OILS,Spices & Condiments,hexenyl pentanoate (unkn.str.),Esters,,
,MENTHA OILS,Spices & Condiments,phenethyl pentanoate,Esters,400,400
,MENTHA OILS,Spices & Condiments,linalyl pentanoate,Esters,13000,13000
,MENTHA OILS,Spices & Condiments,menthyl pentanoate,Esters,trace,trace
,MENTHA OILS,Spices & Condiments,(Z)-3-hexenyl hexanoate,Esters,,
,MENTHA OILS,Spices & Condiments,menthyl hexanoate,Esters,,
,MENTHA OILS,Spices & Condiments,"ethyl 3,6-dimethyl-7-oxo-octanoate",Esters,1,1
,MENTHA OILS,Spices & Condiments,methyl jasmonate,Esters,1,1
,MENTHA OILS,Spices & Condiments,methyl 2-hydroxybenzoate (=methyl salicylate),Esters,3,3
,MENTHA OILS,Spices & Condiments,(Z)-3-hexenyl 2-hydroxybenzoate (=Z-3-hexenyl salicylate),Esters,,
,MENTHA OILS,Spices & Condiments,benzyl 2-hydroxybenzoate (=benzyl salicylate),Esters,,
,MENTHA OILS,Spices & Condiments,isopentyl phenylacetate,Esters,50,50
,MENTHA OILS,Spices & Condiments,hexyl phenylacetate,Esters,,
,MENTHA OILS,Spices & Condiments,(E)-2-hexenyl phenylacetate,Esters,,
,MENTHA OILS,Spices & Condiments,(Z)-3-hexenyl phenylacetate,Esters,,
,MENTHA OILS,Spices & Condiments,menthyl phenylacetate,Esters,,
,MENTHA OILS,Spices & Condiments,"4-hydroxydecanoic acid lactone (=4-decanolide, γ-decalactone)",Lactones,1,1
,MENTHA OILS,Spices & Condiments,"4-hydroxydec-7-enoic acid lactone (=7-decen-4-olide, γ-jasmolactone)",Lactones,1,1
,MENTHA OILS,Spices & Condiments,"(Z)-5-hydroxy-7-decenoic acid lactone (=δ-jasmolactone, (Z)-jasmin lactone)",Lactones,50,50
,MENTHA OILS,Spices & Condiments,"5-hydroxydodecanoic acid lactone (=5-dodecanolide, δ-dodecalactone)",Lactones,1,1
,MENTHA OILS,Spices & Condiments,mintlactone,Lactones,300,300
,MENTHA OILS,Spices & Condiments,isomintlactone,Lactones,30,30
,MENTHA OILS,Spices & Condiments,pyridine,Bases,0.1,0.1
,MENTHA OILS,Spices & Condiments,3-phenylpyridine,Bases,trace,2.24
,MENTHA OILS,Spices & Condiments,"2,6-dimethylpyridine (=2,6-lutidine)",Bases,,
,MENTHA OILS,Spices & Condiments,5-ethyl-2-methylpyridine,Bases,,
,MENTHA OILS,Spices & Condiments,3-phenyl-4-propylpyridine,Bases,trace,1.52
,MENTHA OILS,Spices & Condiments,2-phenyl-5-propylpyridine,Bases,trace,3
,MENTHA OILS,Spices & Condiments,4-methylquinoline,Bases,0.1,0.1
,MENTHA OILS,Spices & Condiments,"dimethyl sulfide (=thiobismethane, methylthiomethane, methyl sulfide)",Sulfur compounds,,
,MENTHA OILS,Spices & Condiments,dimethyl sulfoxide (=methylsulfinylmethane),Sulfur compounds,10,10
,MENTHA OILS,Spices & Condiments,mintsulfide,Sulfur compounds,20,40
,MENTHA OILS,Spices & Condiments,methyl phenethyl ether,Ethers,,
,MENTHA OILS,Spices & Condiments,"1,8-cineole (=eucalyptol)",Ethers,0,100000
,MENTHA OILS,Spices & Condiments,trichloromethane (=chloroform),Halogens,,
,MENTHA OILS,Spices & Condiments,"phenylacetonitrile (=benzyl cyanide, benzeneacetonitrile)",Nitriles and amides,2,2
,MENTHA OILS,Spices & Condiments,phenol (=hydroxybenzene),Phenols,,
,MENTHA OILS,Spices & Condiments,2-methylphenol (=o-cresol),Phenols,1,1
,MENTHA OILS,Spices & Condiments,4-methylphenol (=p-cresol),Phenols,2,2
,MENTHA OILS,Spices & Condiments,thymol (=2-isopropyl-5-methylphenol),Phenols,trace,trace
,MENTHA OILS,Spices & Condiments,carvacrol (=5-isopropyl-2-methylphenol),Phenols,trace,trace
,MENTHA OILS,Spices & Condiments,5-isopropenyl-2-methylphenol (=dehydrocarvacrol),Phenols,,
,MENTHA OILS,Spices & Condiments,anethole (=1-methoxy-4-(1-propenyl)benzene),Phenols,1,1
,MENTHA OILS,Spices & Condiments,2-methoxyphenol (=guaiacol),Phenols,10,10
,MENTHA OILS,Spices & Condiments,eugenol (=4-allyl-2-methoxyphenol),Phenols,trace,trace
,MENTHA OILS,Spices & Condiments,"1,4-dimethoxybenzene",Phenols,1,1
,MENTHA OILS,Spices & Condiments,"cis-2,5-diethyltetrahydrofuran",Furans,,
,MENTHA OILS,Spices & Condiments,"trans-2,5-diethyl-tetrahydrofuran",Furans,1000,1000
,MENTHA OILS,Spices & Condiments,linalool oxide (5),Furans,,
,MENTHA OILS,Spices & Condiments,2-methylfuran,Furans,trace,trace
,MENTHA OILS,Spices & Condiments,2-ethylfuran,Furans,trace,trace
,MENTHA OILS,Spices & Condiments,ethylfuran (unkn.str.),Furans,trace,trace
,MENTHA OILS,Spices & Condiments,2-pentylfuran,Furans,,
,MENTHA OILS,Spices & Condiments,"(Z)-3-(tetrahydro-5,5-dimethyl-2-furyl)-2-buten-1-ol",Furans,0.15,2.94
,MENTHA OILS,Spices & Condiments,menthofuran,Furans,trace,113400
,MENTHA OILS,Spices & Condiments,menthofuran oxide,Furans,,
,MENTHA OILS,Spices & Condiments,dihydroxymenthofuran oxide (unkn.str.),Furans,,
,MENTHA OILS,Spices & Condiments,"furfural (=2-formylfuran, 2-furancarbaldehyde, 2-furaldehyde)",Furans,,
,MENTHA OILS,Spices & Condiments,"3,4-dimethyl-5-pentylidene-2(5H)-furanone (=bovolide)",Furans,1,1
,MENTHA OILS,Spices & Condiments,"5-hydroxy-3,4-dimethyl-5-pentyl-2(5H)-furanone (=hydroxybovolide)",Furans,1,1
,MENTHA OILS,Spices & Condiments,dehydromenthofurolactone (unkn.str.),Furans,,
,MENTHA OILS,Spices & Condiments,menthofurolactone,Furans,,
,MENTHA OILS,Spices & Condiments,"6,8-epoxy-p-1-menthene (=pinol)","(Ep)oxides, pyrans, coumarins",,
,MENTHA OILS,Spices & Condiments,"limonene 8,9-oxide","(Ep)oxides, pyrans, coumarins",,
,MENTHA OILS,Spices & Condiments,"cis-limonene 1,2-oxide","(Ep)oxides, pyrans, coumarins",,
,MENTHA OILS,Spices & Condiments,"trans-limonene 1,2-oxide","(Ep)oxides, pyrans, coumarins",,
,MENTHA OILS,Spices & Condiments,"neomenthol 1,2-oxide","(Ep)oxides, pyrans, coumarins",,
,MENTHA OILS,Spices & Condiments,cis-piperitol oxide,"(Ep)oxides, pyrans, coumarins",,
,MENTHA OILS,Spices & Condiments,trans-piperitol oxide,"(Ep)oxides, pyrans, coumarins",,
,MENTHA OILS,Spices & Condiments,piperitone oxide,"(Ep)oxides, pyrans, coumarins",1000,1000
,MENTHA OILS,Spices & Condiments,cis-piperitone oxide,"(Ep)oxides, pyrans, coumarins",,
,MENTHA OILS,Spices & Condiments,trans-piperitone oxide,"(Ep)oxides, pyrans, coumarins",,
,MENTHA OILS,Spices & Condiments,4-hydroxypiperitone oxide,"(Ep)oxides, pyrans, coumarins",,
,MENTHA OILS,Spices & Condiments,"piperitenone 1,2-oxide","(Ep)oxides, pyrans, coumarins",,
,MENTHA OILS,Spices & Condiments,cis-pulegone oxide,"(Ep)oxides, pyrans, coumarins",,
,MENTHA OILS,Spices & Condiments,trans-pulegone oxide,"(Ep)oxides, pyrans, coumarins",,
,MENTHA OILS,Spices & Condiments,"cis-carvone 1,2-oxide","(Ep)oxides, pyrans, coumarins",1000,1000
,MENTHA OILS,Spices & Condiments,"trans-carvone 1,2-oxide","(Ep)oxides, pyrans, coumarins",,
,MENTHA OILS,Spices & Condiments,"carvone 8,9-oxide","(Ep)oxides, pyrans, coumarins",,
,MENTHA OILS,Spices & Condiments,β-caryophyllene oxide,"(Ep)oxides, pyrans, coumarins",trace,1000
,MENTHA OILS,Spices & Condiments,"endo-4(14)-salvialene 1,5-oxide","(Ep)oxides, pyrans, coumarins",,
,MENTHA OILS,Spices & Condiments,"exo-4(14)-salvialene 1,5-oxide","(Ep)oxides, pyrans, coumarins",,
,MENTHA OILS,Spices & Condiments,cis-rose oxide,"(Ep)oxides, pyrans, coumarins",30,30
,MENTHA OILS,Spices & Condiments,trans-rose oxide,"(Ep)oxides, pyrans, coumarins",10,10
,MENTHA OILS,Spices & Condiments,linalool oxide (unkn.str.),"(Ep)oxides, pyrans, coumarins",,
,MENTHA OILS,Spices & Condiments,cis-linalool oxide (unkn.str.),"(Ep)oxides, pyrans, coumarins",,
,MENTHA OILS,Spices & Condiments,trans-linalool oxide (unkn.str.),"(Ep)oxides, pyrans, coumarins",,
,MENTHA OILS,Spices & Condiments,coumarin (=2H-1-benzopyran-2-one),"(Ep)oxides, pyrans, coumarins",20,20
PEPPERMINT OIL (Mentha piperita),MENTHA OILS,Spices & Condiments,tetradecane,Hydrocarbons,trace,trace
PEPPERMINT OIL (Mentha piperita),MENTHA OILS,Spices & Condiments,pentadecane,Hydrocarbons,,
PEPPERMINT OIL (Mentha piperita),MENTHA OILS,Spices & Condiments,hexadecane,Hydrocarbons,,
PEPPERMINT OIL (Mentha piperita),MENTHA OILS,Spices & Condiments,heptadecane,Hydrocarbons,,
PEPPERMINT OIL (Mentha piperita),MENTHA OILS,Spices & Condiments,octadecane,Hydrocarbons,trace,trace
PEPPERMINT OIL (Mentha piperita),MENTHA OILS,Spices & Condiments,nonadecane,Hydrocarbons,trace,trace
PEPPERMINT OIL (Mentha piperita),MENTHA OILS,Spices & Condiments,eicosane,Hydrocarbons,trace,trace
PEPPERMINT OIL (Mentha piperita),MENTHA OILS,Spices & Condiments,heneicosane,Hydrocarbons,trace,trace
PEPPERMINT OIL (Mentha piperita),MENTHA OILS,Spices & Condiments,(Z)-β-ocimene,Hydrocarbons,trace,9000
PEPPERMINT OIL (Mentha piperita),MENTHA OILS,Spices & Condiments,(E)-β-ocimene,Hydrocarbons,,
PEPPERMINT OIL (Mentha piperita),MENTHA OILS,Spices & Condiments,β-myrcene (=myrcene),Hydrocarbons,trace,14690
PEPPERMINT OIL (Mentha piperita),MENTHA OILS,Spices & Condiments,(E)-β-farnesene,Hydrocarbons,1000,10000
PEPPERMINT OIL (Mentha piperita),MENTHA OILS,Spices & Condiments,α-phellandrene,Hydrocarbons,,
PEPPERMINT OIL (Mentha piperita),MENTHA OILS,Spices & Condiments,β-phellandrene,Hydrocarbons,,
PEPPERMINT OIL (Mentha piperita),MENTHA OILS,Spices & Condiments,α-terpinene,Hydrocarbons,trace,5000
PEPPERMINT OIL (Mentha piperita),MENTHA OILS,Spices & Condiments,γ-terpinene,Hydrocarbons,trace,36000
PEPPERMINT OIL (Mentha piperita),MENTHA OILS,Spices & Condiments,terpinene (unkn.str.),Hydrocarbons,3000,3000
PEPPERMINT OIL (Mentha piperita),MENTHA OILS,Spices & Condiments,terpinolene,Hydrocarbons,trace,5000
PEPPERMINT OIL (Mentha piperita),MENTHA OILS,Spices & Condiments,limonene,Hydrocarbons,trace,61020
PEPPERMINT OIL (Mentha piperita),MENTHA OILS,Spices & Condiments,β-elemene,Hydrocarbons,,
PEPPERMINT OIL (Mentha piperita),MENTHA OILS,Spices & Condiments,β-bisabolene,Hydrocarbons,,
PEPPERMINT OIL (Mentha piperita),MENTHA OILS,Spices & Condiments,bisabolene (unkn.str.),Hydrocarbons,,
PEPPERMINT OIL (Mentha piperita),MENTHA OILS,Spices & Condiments,germacrene D,Hydrocarbons,1400,47830
PEPPERMINT OIL (Mentha piperita),MENTHA OILS,Spices & Condiments,α-humulene (=humulene),Hydrocarbons,15000,16000
PEPPERMINT OIL (Mentha piperita),MENTHA OILS,Spices & Condiments,α-pinene,Hydrocarbons,trace,12000
PEPPERMINT OIL (Mentha piperita),MENTHA OILS,Spices & Condiments,β-pinene,Hydrocarbons,trace,29000
PEPPERMINT OIL (Mentha piperita),MENTHA OILS,Spices & Condiments,camphene,Hydrocarbons,trace,2000
PEPPERMINT OIL (Mentha piperita),MENTHA OILS,Spices & Condiments,α-thujene,Hydrocarbons,1000,1000
PEPPERMINT OIL (Mentha piperita),MENTHA OILS,Spices & Condiments,sabinene (=4(10)-thujene),Hydrocarbons,trace,10000
PEPPERMINT OIL (Mentha piperita),MENTHA OILS,Spices & Condiments,"2-isopropenyl-3,7,7-trimethyl-3-vinylbicyclo[4.1.0]heptane (=bicycloelemene)",Hydrocarbons,,
PEPPERMINT OIL (Mentha piperita),MENTHA OILS,Spices & Condiments,α-amorphene,Hydrocarbons,1000,1000
PEPPERMINT OIL (Mentha piperita),MENTHA OILS,Spices & Condiments,ε-bulgarene,Hydrocarbons,,
PEPPERMINT OIL (Mentha piperita),MENTHA OILS,Spices & Condiments,α-cadinene,Hydrocarbons,trace,trace
PEPPERMINT OIL (Mentha piperita),MENTHA OILS,Spices & Condiments,γ-cadinene,Hydrocarbons,,
PEPPERMINT OIL (Mentha piperita),MENTHA OILS,Spices & Condiments,δ-cadinene,Hydrocarbons,3000,3000
PEPPERMINT OIL (Mentha piperita),MENTHA OILS,Spices & Condiments,ε-cadinene,Hydrocarbons,,
PEPPERMINT OIL (Mentha piperita),MENTHA OILS,Spices & Condiments,α-muurolene,Hydrocarbons,5000,5000
PEPPERMINT OIL (Mentha piperita),MENTHA OILS,Spices & Condiments,γ-muurolene,Hydrocarbons,trace,trace
PEPPERMINT OIL (Mentha piperita),MENTHA OILS,Spices & Condiments,ε-muurolene,Hydrocarbons,,
PEPPERMINT OIL (Mentha piperita),MENTHA OILS,Spices & Condiments,guaiene (unkn.str.),Hydrocarbons,,
PEPPERMINT OIL (Mentha piperita),MENTHA OILS,Spices & Condiments,β-caryophyllene,Hydrocarbons,1160,40000
PEPPERMINT OIL (Mentha piperita),MENTHA OILS,Spices & Condiments,ledrene,Hydrocarbons,trace,trace
PEPPERMINT OIL (Mentha piperita),MENTHA OILS,Spices & Condiments,α-cubebene,Hydrocarbons,,
PEPPERMINT OIL (Mentha piperita),MENTHA OILS,Spices & Condiments,α-copaene (=copaene),Hydrocarbons,,
PEPPERMINT OIL (Mentha piperita),MENTHA OILS,Spices & Condiments,β-copaene,Hydrocarbons,,
PEPPERMINT OIL (Mentha piperita),MENTHA OILS,Spices & Condiments,copaene (unkn.str.),Hydrocarbons,trace,trace
PEPPERMINT OIL (Mentha piperita),MENTHA OILS,Spices & Condiments,β-ylangene,Hydrocarbons,,
PEPPERMINT OIL (Mentha piperita),MENTHA OILS,Spices & Condiments,α-maaliene,Hydrocarbons,,
PEPPERMINT OIL (Mentha piperita),MENTHA OILS,Spices & Condiments,α-bourbonene,Hydrocarbons,,
PEPPERMINT OIL (Mentha piperita),MENTHA OILS,Spices & Condiments,β-bourbonene,Hydrocarbons,0,5000
PEPPERMINT OIL (Mentha piperita),MENTHA OILS,Spices & Condiments,aromadendrene,Hydrocarbons,,
PEPPERMINT OIL (Mentha piperita),MENTHA OILS,Spices & Condiments,α-gurjunene,Hydrocarbons,,
PEPPERMINT OIL (Mentha piperita),MENTHA OILS,Spices & Condiments,1-isopropyl-4-methylbenzene (=p-cymene),Hydrocarbons,trace,3000
PEPPERMINT OIL (Mentha piperita),MENTHA OILS,Spices & Condiments,calamenene,Hydrocarbons,trace,trace
PEPPERMINT OIL (Mentha piperita),MENTHA OILS,Spices & Condiments,α-calacorene,Hydrocarbons,,
PEPPERMINT OIL (Mentha piperita),MENTHA OILS,Spices & Condiments,ethanol,Alcohols,trace,trace
PEPPERMINT OIL (Mentha piperita),MENTHA OILS,Spices & Condiments,3-methyl-1-butanol (=isoamyl alcohol),Alcohols,trace,2000
PEPPERMINT OIL (Mentha piperita),MENTHA OILS,Spices & Condiments,1-pentanol (=amyl alcohol),Alcohols,,
PEPPERMINT OIL (Mentha piperita),MENTHA OILS,Spices & Condiments,(Z)-2-penten-1-ol,Alcohols,500,500
PEPPERMINT OIL (Mentha piperita),MENTHA OILS,Spices & Condiments,1-hexanol,Alcohols,trace,trace
PEPPERMINT OIL (Mentha piperita),MENTHA OILS,Spices & Condiments,(E)-2-hexen-1-ol,Alcohols,trace,trace
PEPPERMINT OIL (Mentha piperita),MENTHA OILS,Spices & Condiments,3-hexen-1-ol,Alcohols,,
PEPPERMINT OIL (Mentha piperita),MENTHA OILS,Spices & Condiments,(Z)-3-hexen-1-ol (=leaf alcohol),Alcohols,,
PEPPERMINT OIL (Mentha piperita),MENTHA OILS,Spices & Condiments,2-ethyl-1-hexanol,Alcohols,1,1
PEPPERMINT OIL (Mentha piperita),MENTHA OILS,Spices & Condiments,3-heptanol,Alcohols,500,500
PEPPERMINT OIL (Mentha piperita),MENTHA OILS,Spices & Condiments,3-octanol,Alcohols,0,10000
PEPPERMINT OIL (Mentha piperita),MENTHA OILS,Spices & Condiments,1-octen-3-ol,Alcohols,trace,700
PEPPERMINT OIL (Mentha piperita),MENTHA OILS,Spices & Condiments,lavandulol,Alcohols,1,1
PEPPERMINT OIL (Mentha piperita),MENTHA OILS,Spices & Condiments,citronellol,Alcohols,,
PEPPERMINT OIL (Mentha piperita),MENTHA OILS,Spices & Condiments,linalool,Alcohols,200,40000
PEPPERMINT OIL (Mentha piperita),MENTHA OILS,Spices & Condiments,nerolidol,Alcohols,50,50
PEPPERMINT OIL (Mentha piperita),MENTHA OILS,Spices & Condiments,cyclopentanol,Alcohols,10,10
PEPPERMINT OIL (Mentha piperita),MENTHA OILS,Spices & Condiments,benzyl alcohol (=benzenemethanol),Alcohols,10,10
PEPPERMINT OIL (Mentha piperita),MENTHA OILS,Spices & Condiments,"4-isopropylbenzyl alcohol (=cumic alcohol, p-cymen-7-ol)",Alcohols,1,1
PEPPERMINT OIL (Mentha piperita),MENTHA OILS,Spices & Condiments,2-phenylethanol (=phenethyl alcohol),Alcohols,20,20
PEPPERMINT OIL (Mentha piperita),MENTHA OILS,Spices & Condiments,menthol,Alcohols,100000,606000
PEPPERMINT OIL (Mentha piperita),MENTHA OILS,Spices & Condiments,neomenthol,Alcohols,10000,100000
PEPPERMINT OIL (Mentha piperita),MENTHA OILS,Spices & Condiments,isomenthol,Alcohols,trace,24000
PEPPERMINT OIL (Mentha piperita),MENTHA OILS,Spices & Condiments,neoisomenthol,Alcohols,4000,30000
PEPPERMINT OIL (Mentha piperita),MENTHA OILS,Spices & Condiments,α-terpineol,Alcohols,0,13000
PEPPERMINT OIL (Mentha piperita),MENTHA OILS,Spices & Condiments,γ-terpineol,Alcohols,,
PEPPERMINT OIL (Mentha piperita),MENTHA OILS,Spices & Condiments,4-terpineol (=terpinen-4-ol),Alcohols,trace,49600
PEPPERMINT OIL (Mentha piperita),MENTHA OILS,Spices & Condiments,trans-p-2-menthen-1-ol,Alcohols,,
PEPPERMINT OIL (Mentha piperita),MENTHA OILS,Spices & Condiments,cis-piperitol,Alcohols,500,500
PEPPERMINT OIL (Mentha piperita),MENTHA OILS,Spices & Condiments,trans-piperitol,Alcohols,500,500
PEPPERMINT OIL (Mentha piperita),MENTHA OILS,Spices & Condiments,p-8-menthen-10-ol (=dihydrolimonen-10-ol),Alcohols,trace,trace
PEPPERMINT OIL (Mentha piperita),MENTHA OILS,Spices & Condiments,"trans-p-2,8-menthadien-1-ol",Alcohols,,
PEPPERMINT OIL (Mentha piperita),MENTHA OILS,Spices & Condiments,"perilla alcohol (=p-1,8-menthadien-7-ol)",Alcohols,5,5
PEPPERMINT OIL (Mentha piperita),MENTHA OILS,Spices & Condiments,myrtenol,Alcohols,500,500
PEPPERMINT OIL (Mentha piperita),MENTHA OILS,Spices & Condiments,cis-sabinol (=cis-4(10)-thujenol),Alcohols,1,1
PEPPERMINT OIL (Mentha piperita),MENTHA OILS,Spices & Condiments,sabinene hydrate (=4-thujanol),Alcohols,5700,18000
PEPPERMINT OIL (Mentha piperita),MENTHA OILS,Spices & Condiments,cis-sabinene hydrate (=cis-4-thujanol),Alcohols,,
PEPPERMINT OIL (Mentha piperita),MENTHA OILS,Spices & Condiments,trans-sabinene hydrate (=trans-4-thujanol),Alcohols,2000,10000
PEPPERMINT OIL (Mentha piperita),MENTHA OILS,Spices & Condiments,β-caryophyllene alcohol,Alcohols,,
PEPPERMINT OIL (Mentha piperita),MENTHA OILS,Spices & Condiments,β-betulenol,Alcohols,,
PEPPERMINT OIL (Mentha piperita),MENTHA OILS,Spices & Condiments,ledol,Alcohols,1000,1000
PEPPERMINT OIL (Mentha piperita),MENTHA OILS,Spices & Condiments,viridiflorol,Alcohols,trace,11300
PEPPERMINT OIL (Mentha piperita),MENTHA OILS,Spices & Condiments,clovandiol,Alcohols,,
PEPPERMINT OIL (Mentha piperita),MENTHA OILS,Spices & Condiments,acetaldehyde (=ethanal),"Carbonyls, aldehydes",,
PEPPERMINT OIL (Mentha piperita),MENTHA OILS,Spices & Condiments,"2-methylpropanal (=isobutanal, isobutyraldehyde)","Carbonyls, aldehydes",trace,trace
PEPPERMINT OIL (Mentha piperita),MENTHA OILS,Spices & Condiments,butanal (=butyraldehyde),"Carbonyls, aldehydes",trace,trace
PEPPERMINT OIL (Mentha piperita),MENTHA OILS,Spices & Condiments,2-methylbutanal (=α-methylbutanal),"Carbonyls, aldehydes",,
PEPPERMINT OIL (Mentha piperita),MENTHA OILS,Spices & Condiments,"3-methylbutanal (=isopentanal, isovaleraldehyde)","Carbonyls, aldehydes",,
PEPPERMINT OIL (Mentha piperita),MENTHA OILS,Spices & Condiments,2-methyl-2-butenal,"Carbonyls, aldehydes",7,7
PEPPERMINT OIL (Mentha piperita),MENTHA OILS,Spices & Condiments,(E)-2-hexenal (=leaf aldehyde),"Carbonyls, aldehydes",,
PEPPERMINT OIL (Mentha piperita),MENTHA OILS,Spices & Condiments,3-hexenal,"Carbonyls, aldehydes",,
PEPPERMINT OIL (Mentha piperita),MENTHA OILS,Spices & Condiments,(E)-2-octenal,"Carbonyls, aldehydes",1,1
PEPPERMINT OIL (Mentha piperita),MENTHA OILS,Spices & Condiments,nonanal (=pelargonaldehyde),"Carbonyls, aldehydes",1,1
PEPPERMINT OIL (Mentha piperita),MENTHA OILS,Spices & Condiments,geranial (=α-citral),"Carbonyls, aldehydes",5,5
PEPPERMINT OIL (Mentha piperita),MENTHA OILS,Spices & Condiments,neral (=β-citral),"Carbonyls, aldehydes",1,1
PEPPERMINT OIL (Mentha piperita),MENTHA OILS,Spices & Condiments,2-hydroxybenzaldehyde (=salicylaldehyde),"Carbonyls, aldehydes",3,3
PEPPERMINT OIL (Mentha piperita),MENTHA OILS,Spices & Condiments,vanillin (=4-hydroxy-3-methoxybenzaldehyde),"Carbonyls, aldehydes",1,1
PEPPERMINT OIL (Mentha piperita),MENTHA OILS,Spices & Condiments,"3,4-dimethoxybenzaldehyde (=veratraldehyde, methylvanillin)","Carbonyls, aldehydes",2,2
PEPPERMINT OIL (Mentha piperita),MENTHA OILS,Spices & Condiments,phenylacetaldehyde (=benzeneacetaldehyde),"Carbonyls, aldehydes",,
PEPPERMINT OIL (Mentha piperita),MENTHA OILS,Spices & Condiments,α-methylcinnamaldehyde (=2-methyl-3-phenyl-2-propenal),"Carbonyls, aldehydes",1,1
PEPPERMINT OIL (Mentha piperita),MENTHA OILS,Spices & Condiments,4-methyl-2-phenyl-2-pentenal,"Carbonyls, aldehydes",6,6
PEPPERMINT OIL (Mentha piperita),MENTHA OILS,Spices & Condiments,5-methyl-2-phenyl-2-hexenal,"Carbonyls, aldehydes",3,3
PEPPERMINT OIL (Mentha piperita),MENTHA OILS,Spices & Condiments,myrtenal,"Carbonyls, aldehydes",2,2
PEPPERMINT OIL (Mentha piperita),MENTHA OILS,Spices & Condiments,"acetone (=2-propanone, dimethyl ketone)","Carbonyls, ketones",trace,trace
PEPPERMINT OIL (Mentha piperita),MENTHA OILS,Spices & Condiments,2-butanone (=ethyl methyl ketone),"Carbonyls, ketones",1,1
PEPPERMINT OIL (Mentha piperita),MENTHA OILS,Spices & Condiments,2-heptanone,"Carbonyls, ketones",1,1
PEPPERMINT OIL (Mentha piperita),MENTHA OILS,Spices & Condiments,5-methyl-3-heptanone,"Carbonyls, ketones",1,1
PEPPERMINT OIL (Mentha piperita),MENTHA OILS,Spices & Condiments,6-methyl-5-hepten-2-one,"Carbonyls, ketones",10,10
PEPPERMINT OIL (Mentha piperita),MENTHA OILS,Spices & Condiments,3-octanone,"Carbonyls, ketones",trace,trace
PEPPERMINT OIL (Mentha piperita),MENTHA OILS,Spices & Condiments,(Z)-jasmone,"Carbonyls, ketones",,
PEPPERMINT OIL (Mentha piperita),MENTHA OILS,Spices & Condiments,3-methylcyclohexanone,"Carbonyls, ketones",400,400
PEPPERMINT OIL (Mentha piperita),MENTHA OILS,Spices & Condiments,4-isopropyl-2-cyclohexen-1-one (=cryptone),"Carbonyls, ketones",1,1
PEPPERMINT OIL (Mentha piperita),MENTHA OILS,Spices & Condiments,4-hydroxy-4-methyl-2-cyclohexen-1-one,"Carbonyls, ketones",70,70
PEPPERMINT OIL (Mentha piperita),MENTHA OILS,Spices & Condiments,4-methoxyacetophenone (=acetanisole),"Carbonyls, ketones",10,10
PEPPERMINT OIL (Mentha piperita),MENTHA OILS,Spices & Condiments,(E)-β-ionone,"Carbonyls, ketones",300,300
PEPPERMINT OIL (Mentha piperita),MENTHA OILS,Spices & Condiments,3-(2-hydroxy-4-methylphenyl)-2-butanone,"Carbonyls, ketones",0.05,3.85
PEPPERMINT OIL (Mentha piperita),MENTHA OILS,Spices & Condiments,2-(2-hydroxy-4-methylphenyl)-3-pentanone,"Carbonyls, ketones",0.01,0.04
PEPPERMINT OIL (Mentha piperita),MENTHA OILS,Spices & Condiments,menthone,"Carbonyls, ketones",77000,401000
PEPPERMINT OIL (Mentha piperita),MENTHA OILS,Spices & Condiments,isomenthone,"Carbonyls, ketones",16000,160000
PEPPERMINT OIL (Mentha piperita),MENTHA OILS,Spices & Condiments,piperitone,"Carbonyls, ketones",trace,40000
PEPPERMINT OIL (Mentha piperita),MENTHA OILS,Spices & Condiments,(4S)-(+)-piperitone,"Carbonyls, ketones",,
PEPPERMINT OIL (Mentha piperita),MENTHA OILS,Spices & Condiments,(4R)-(-)-piperitone,"Carbonyls, ketones",,
PEPPERMINT OIL (Mentha piperita),MENTHA OILS,Spices & Condiments,pulegone,"Carbonyls, ketones",2000,111200
PEPPERMINT OIL (Mentha piperita),MENTHA OILS,Spices & Condiments,trans-isopulegone,"Carbonyls, ketones",,
PEPPERMINT OIL (Mentha piperita),MENTHA OILS,Spices & Condiments,2-hydroxypiperitone (=diosphenol),"Carbonyls, ketones",10,10
PEPPERMINT OIL (Mentha piperita),MENTHA OILS,Spices & Condiments,"carvone (=p-6,8-menthadien-2-one)","Carbonyls, ketones",<2000,10000
PEPPERMINT OIL (Mentha piperita),MENTHA OILS,Spices & Condiments,2-methylpropanoic acid (=isobutyric acid),Acids,30,30
PEPPERMINT OIL (Mentha piperita),MENTHA OILS,Spices & Condiments,2-methylbutanoic acid,Acids,,
PEPPERMINT OIL (Mentha piperita),MENTHA OILS,Spices & Condiments,3-methylbutanoic acid (=isovaleric acid),Acids,,
PEPPERMINT OIL (Mentha piperita),MENTHA OILS,Spices & Condiments,hexanoic acid (=caproic acid),Acids,,
PEPPERMINT OIL (Mentha piperita),MENTHA OILS,Spices & Condiments,(E)-2-hexenoic acid,Acids,1,1
PEPPERMINT OIL (Mentha piperita),MENTHA OILS,Spices & Condiments,heptanoic acid (=enanthic acid),Acids,,
PEPPERMINT OIL (Mentha piperita),MENTHA OILS,Spices & Condiments,octanoic acid (=caprylic acid),Acids,,
PEPPERMINT OIL (Mentha piperita),MENTHA OILS,Spices & Condiments,"3,7-dimethyl-6-oxooctanoic acid (=β-methyl-δ-isobutyryl-valeric acid)",Acids,1,1
PEPPERMINT OIL (Mentha piperita),MENTHA OILS,Spices & Condiments,"3,6-dimethyl-7-oxooctanoic acid",Acids,1,1
PEPPERMINT OIL (Mentha piperita),MENTHA OILS,Spices & Condiments,decanoic acid (=capric acid),Acids,,
PEPPERMINT OIL (Mentha piperita),MENTHA OILS,Spices & Condiments,citronellic acid,Acids,10,10
PEPPERMINT OIL (Mentha piperita),MENTHA OILS,Spices & Condiments,geranic acid,Acids,10,10
PEPPERMINT OIL (Mentha piperita),MENTHA OILS,Spices & Condiments,benzoic acid,Acids,20,20
PEPPERMINT OIL (Mentha piperita),MENTHA OILS,Spices & Condiments,phenylacetic acid,Acids,1,1
PEPPERMINT OIL (Mentha piperita),MENTHA OILS,Spices & Condiments,methyl acetate,Esters,,
PEPPERMINT OIL (Mentha piperita),MENTHA OILS,Spices & Condiments,1-ethylhexyl acetate (=3-octyl acetate),Esters,,
PEPPERMINT OIL (Mentha piperita),MENTHA OILS,Spices & Condiments,citronellyl acetate,Esters,,
PEPPERMINT OIL (Mentha piperita),MENTHA OILS,Spices & Condiments,geranyl acetate,Esters,100,100
PEPPERMINT OIL (Mentha piperita),MENTHA OILS,Spices & Condiments,phenethyl acetate,Esters,50,50
PEPPERMINT OIL (Mentha piperita),MENTHA OILS,Spices & Condiments,menthyl acetate,Esters,12000,116680
PEPPERMINT OIL (Mentha piperita),MENTHA OILS,Spices & Condiments,isomenthyl acetate,Esters,1000,5000
PEPPERMINT OIL (Mentha piperita),MENTHA OILS,Spices & Condiments,neomenthyl acetate,Esters,1500,2500
PEPPERMINT OIL (Mentha piperita),MENTHA OILS,Spices & Condiments,neoisomenthyl acetate,Esters,trace,trace
PEPPERMINT OIL (Mentha piperita),MENTHA OILS,Spices & Condiments,dihydroterpinyl acetate,Esters,10,10
PEPPERMINT OIL (Mentha piperita),MENTHA OILS,Spices & Condiments,isopulegyl acetate,Esters,10,10
PEPPERMINT OIL (Mentha piperita),MENTHA OILS,Spices & Condiments,"3,8,9-menthanetriol orthoacetate",Esters,,
PEPPERMINT OIL (Mentha piperita),MENTHA OILS,Spices & Condiments,"p-1,8(10)-menthadien-9-yl acetate",Esters,trace,trace
PEPPERMINT OIL (Mentha piperita),MENTHA OILS,Spices & Condiments,sabinyl acetate,Esters,,
PEPPERMINT OIL (Mentha piperita),MENTHA OILS,Spices & Condiments,phenethyl 2-methylpropanoate (=phenethyl isobutyrate),Esters,50,50
PEPPERMINT OIL (Mentha piperita),MENTHA OILS,Spices & Condiments,phenethyl butanoate,Esters,50,50
PEPPERMINT OIL (Mentha piperita),MENTHA OILS,Spices & Condiments,methyl 2-methylbutanoate,Esters,4,4
PEPPERMINT OIL (Mentha piperita),MENTHA OILS,Spices & Condiments,2-methylbutyl 2-methylbutanoate,Esters,,
PEPPERMINT OIL (Mentha piperita),MENTHA OILS,Spices & Condiments,methyl 3-methylbutanoate (=methyl isovalerate),Esters,,
PEPPERMINT OIL (Mentha piperita),MENTHA OILS,Spices & Condiments,2-methylbutyl 3-methylbutanoate,Esters,2000,2000
PEPPERMINT OIL (Mentha piperita),MENTHA OILS,Spices & Condiments,pentyl 3-methylbutanoate (=amyl isovalerate),Esters,,
PEPPERMINT OIL (Mentha piperita),MENTHA OILS,Spices & Condiments,"isopentyl 3-methylbutanoate (=3-methylbutyl 3-methylbutanoate, isoamyl isovalerate)",Esters,1000,1000
PEPPERMINT OIL (Mentha piperita),MENTHA OILS,Spices & Condiments,octyl 3-methylbutanoate,Esters,5,5
PEPPERMINT OIL (Mentha piperita),MENTHA OILS,Spices & Condiments,phenethyl 3-methylbutanoate (=phenethyl isovalerate),Esters,trace,trace
PEPPERMINT OIL (Mentha piperita),MENTHA OILS,Spices & Condiments,menthyl 3-methylbutanoate,Esters,10,10
PEPPERMINT OIL (Mentha piperita),MENTHA OILS,Spices & Condiments,pentyl pentanoate,Esters,0,1200
PEPPERMINT OIL (Mentha piperita),MENTHA OILS,Spices & Condiments,phenethyl pentanoate,Esters,400,400
PEPPERMINT OIL (Mentha piperita),MENTHA OILS,Spices & Condiments,menthyl pentanoate,Esters,trace,trace
PEPPERMINT OIL (Mentha piperita),MENTHA OILS,Spices & Condiments,"ethyl 3,6-dimethyl-7-oxo-octanoate",Esters,1,1
PEPPERMINT OIL (Mentha piperita),MENTHA OILS,Spices & Condiments,methyl jasmonate,Esters,1,1
PEPPERMINT OIL (Mentha piperita),MENTHA OILS,Spices & Condiments,methyl 2-hydroxybenzoate (=methyl salicylate),Esters,3,3
PEPPERMINT OIL (Mentha piperita),MENTHA OILS,Spices & Condiments,benzyl 2-hydroxybenzoate (=benzyl salicylate),Esters,,
PEPPERMINT OIL (Mentha piperita),MENTHA OILS,Spices & Condiments,isopentyl phenylacetate,Esters,50,50
PEPPERMINT OIL (Mentha piperita),MENTHA OILS,Spices & Condiments,"4-hydroxydecanoic acid lactone (=4-decanolide, γ-decalactone)",Lactones,1,1
PEPPERMINT OIL (Mentha piperita),MENTHA OILS,Spices & Condiments,"4-hydroxydec-7-enoic acid lactone (=7-decen-4-olide, γ-jasmolactone)",Lactones,1,1
PEPPERMINT OIL (Mentha piperita),MENTHA OILS,Spices & Condiments,"(Z)-5-hydroxy-7-decenoic acid lactone (=δ-jasmolactone, (Z)-jasmin lactone)",Lactones,50,50
PEPPERMINT OIL (Mentha piperita),MENTHA OILS,Spices & Condiments,"5-hydroxydodecanoic acid lactone (=5-dodecanolide, δ-dodecalactone)",Lactones,1,1
PEPPERMINT OIL (Mentha piperita),MENTHA OILS,Spices & Condiments,mintlactone,Lactones,300,300
PEPPERMINT OIL (Mentha piperita),MENTHA OILS,Spices & Condiments,isomintlactone,Lactones,30,30
PEPPERMINT OIL (Mentha piperita),MENTHA OILS,Spices & Condiments,pyridine,Bases,0.1,0.1
PEPPERMINT OIL (Mentha piperita),MENTHA OILS,Spices & Condiments,3-phenylpyridine,Bases,0.47,2.24
PEPPERMINT OIL (Mentha piperita),MENTHA OILS,Spices & Condiments,"2,6-dimethylpyridine (=2,6-lutidine)",Bases,,
PEPPERMINT OIL (Mentha piperita),MENTHA OILS,Spices & Condiments,5-ethyl-2-methylpyridine,Bases,,
PEPPERMINT OIL (Mentha piperita),MENTHA OILS,Spices & Condiments,3-phenyl-4-propylpyridine,Bases,0.52,1.52
PEPPERMINT OIL (Mentha piperita),MENTHA OILS,Spices & Condiments,2-phenyl-5-propylpyridine,Bases,0.11,1.03
PEPPERMINT OIL (Mentha piperita),MENTHA OILS,Spices & Condiments,4-methylquinoline,Bases,0.1,0.1
PEPPERMINT OIL (Mentha piperita),MENTHA OILS,Spices & Condiments,dimethyl sulfoxide (=methylsulfinylmethane),Sulfur compounds,10,10
PEPPERMINT OIL (Mentha piperita),MENTHA OILS,Spices & Condiments,mintsulfide,Sulfur compounds,20,20
PEPPERMINT OIL (Mentha piperita),MENTHA OILS,Spices & Condiments,"1,8-cineole (=eucalyptol)",Ethers,29130,100000
PEPPERMINT OIL (Mentha piperita),MENTHA OILS,Spices & Condiments,"phenylacetonitrile (=benzyl cyanide, benzeneacetonitrile)",Nitriles and amides,2,2
PEPPERMINT OIL (Mentha piperita),MENTHA OILS,Spices & Condiments,2-methylphenol (=o-cresol),Phenols,1,1
PEPPERMINT OIL (Mentha piperita),MENTHA OILS,Spices & Condiments,4-methylphenol (=p-cresol),Phenols,2,2
PEPPERMINT OIL (Mentha piperita),MENTHA OILS,Spices & Condiments,thymol (=2-isopropyl-5-methylphenol),Phenols,trace,trace
PEPPERMINT OIL (Mentha piperita),MENTHA OILS,Spices & Condiments,carvacrol (=5-isopropyl-2-methylphenol),Phenols,trace,trace
PEPPERMINT OIL (Mentha piperita),MENTHA OILS,Spices & Condiments,anethole (=1-methoxy-4-(1-propenyl)benzene),Phenols,1,1
PEPPERMINT OIL (Mentha piperita),MENTHA OILS,Spices & Condiments,2-methoxyphenol (=guaiacol),Phenols,10,10
PEPPERMINT OIL (Mentha piperita),MENTHA OILS,Spices & Condiments,eugenol (=4-allyl-2-methoxyphenol),Phenols,trace,trace
PEPPERMINT OIL (Mentha piperita),MENTHA OILS,Spices & Condiments,"1,4-dimethoxybenzene",Phenols,1,1
PEPPERMINT OIL (Mentha piperita),MENTHA OILS,Spices & Condiments,2-methylfuran,Furans,trace,trace
PEPPERMINT OIL (Mentha piperita),MENTHA OILS,Spices & Condiments,2-ethylfuran,Furans,trace,trace
PEPPERMINT OIL (Mentha piperita),MENTHA OILS,Spices & Condiments,"(Z)-3-(tetrahydro-5,5-dimethyl-2-furyl)-2-buten-1-ol",Furans,1.15,2.94
PEPPERMINT OIL (Mentha piperita),MENTHA OILS,Spices & Condiments,menthofuran,Furans,trace,113400
PEPPERMINT OIL (Mentha piperita),MENTHA OILS,Spices & Condiments,"3,4-dimethyl-5-pentylidene-2(5H)-furanone (=bovolide)",Furans,1,1
PEPPERMINT OIL (Mentha piperita),MENTHA OILS,Spices & Condiments,"5-hydroxy-3,4-dimethyl-5-pentyl-2(5H)-furanone (=hydroxybovolide)",Furans,1,1
PEPPERMINT OIL (Mentha piperita),MENTHA OILS,Spices & Condiments,piperitone oxide,"(Ep)oxides, pyrans, coumarins",1000,1000
PEPPERMINT OIL (Mentha piperita),MENTHA OILS,Spices & Condiments,β-caryophyllene oxide,"(Ep)oxides, pyrans, coumarins",trace,trace
PEPPERMINT OIL (Mentha piperita),MENTHA OILS,Spices & Condiments,cis-rose oxide,"(Ep)oxides, pyrans, coumarins",30,30
PEPPERMINT OIL (Mentha piperita),MENTHA OILS,Spices & Condiments,trans-rose oxide,"(Ep)oxides, pyrans, coumarins",10,10
PEPPERMINT OIL (Mentha piperita),MENTHA OILS,Spices & Condiments,coumarin (=2H-1-benzopyran-2-one),"(Ep)oxides, pyrans, coumarins",20,20
CORNMINT OIL (Mentha arvensis L. var. piperascens),MENTHA OILS,Spices & Condiments,(Z)-β-ocimene,Hydrocarbons,trace,6800
CORNMINT OIL (Mentha arvensis L. var. piperascens),MENTHA OILS,Spices & Condiments,β-myrcene (=myrcene),Hydrocarbons,2000,10000
CORNMINT OIL (Mentha arvensis L. var. piperascens),MENTHA OILS,Spices & Condiments,β-farnesene,Hydrocarbons,,
CORNMINT OIL (Mentha arvensis L. var. piperascens),MENTHA OILS,Spices & Condiments,(E)-β-farnesene,Hydrocarbons,<2000,10000
CORNMINT OIL (Mentha arvensis L. var. piperascens),MENTHA OILS,Spices & Condiments,β-phellandrene,Hydrocarbons,,
CORNMINT OIL (Mentha arvensis L. var. piperascens),MENTHA OILS,Spices & Condiments,α-terpinene,Hydrocarbons,trace,100
CORNMINT OIL (Mentha arvensis L. var. piperascens),MENTHA OILS,Spices & Condiments,γ-terpinene,Hydrocarbons,trace,1000
CORNMINT OIL (Mentha arvensis L. var. piperascens),MENTHA OILS,Spices & Condiments,terpinolene,Hydrocarbons,trace,trace
CORNMINT OIL (Mentha arvensis L. var. piperascens),MENTHA OILS,Spices & Condiments,limonene,Hydrocarbons,0,181000
CORNMINT OIL (Mentha arvensis L. var. piperascens),MENTHA OILS,Spices & Condiments,germacrene D,Hydrocarbons,2000,40000
CORNMINT OIL (Mentha arvensis L. var. piperascens),MENTHA OILS,Spices & Condiments,α-pinene,Hydrocarbons,2000,40000
CORNMINT OIL (Mentha arvensis L. var. piperascens),MENTHA OILS,Spices & Condiments,β-pinene,Hydrocarbons,2000,40000
CORNMINT OIL (Mentha arvensis L. var. piperascens),MENTHA OILS,Spices & Condiments,pinene (unkn.str.),Hydrocarbons,9000,9000
CORNMINT OIL (Mentha arvensis L. var. piperascens),MENTHA OILS,Spices & Condiments,santene,Hydrocarbons,,
CORNMINT OIL (Mentha arvensis L. var. piperascens),MENTHA OILS,Spices & Condiments,camphene,Hydrocarbons,15000,15000
CORNMINT OIL (Mentha arvensis L. var. piperascens),MENTHA OILS,Spices & Condiments,α-thujene,Hydrocarbons,,
CORNMINT OIL (Mentha arvensis L. var. piperascens),MENTHA OILS,Spices & Condiments,sabinene (=4(10)-thujene),Hydrocarbons,1600,10000
CORNMINT OIL (Mentha arvensis L. var. piperascens),MENTHA OILS,Spices & Condiments,cadinene (unkn.str.),Hydrocarbons,,
CORNMINT OIL (Mentha arvensis L. var. piperascens),MENTHA OILS,Spices & Condiments,β-caryophyllene,Hydrocarbons,0,40000
CORNMINT OIL (Mentha arvensis L. var. piperascens),MENTHA OILS,Spices & Condiments,γ-caryophyllene (=isocaryophyllene),Hydrocarbons,,
CORNMINT OIL (Mentha arvensis L. var. piperascens),MENTHA OILS,Spices & Condiments,β-bourbonene,Hydrocarbons,0,7000
CORNMINT OIL (Mentha arvensis L. var. piperascens),MENTHA OILS,Spices & Condiments,1-isopropyl-4-methylbenzene (=p-cymene),Hydrocarbons,trace,1000
CORNMINT OIL (Mentha arvensis L. var. piperascens),MENTHA OILS,Spices & Condiments,ethanol,Alcohols,,
CORNMINT OIL (Mentha arvensis L. var. piperascens),MENTHA OILS,Spices & Condiments,1-butanol,Alcohols,,
CORNMINT OIL (Mentha arvensis L. var. piperascens),MENTHA OILS,Spices & Condiments,3-methyl-1-butanol (=isoamyl alcohol),Alcohols,trace,trace
CORNMINT OIL (Mentha arvensis L. var. piperascens),MENTHA OILS,Spices & Condiments,(Z)-3-hexen-1-ol (=leaf alcohol),Alcohols,,
CORNMINT OIL (Mentha arvensis L. var. piperascens),MENTHA OILS,Spices & Condiments,3-octanol,Alcohols,<2000,40000
CORNMINT OIL (Mentha arvensis L. var. piperascens),MENTHA OILS,Spices & Condiments,octanol (unkn.str.),Alcohols,8000,8000
CORNMINT OIL (Mentha arvensis L. var. piperascens),MENTHA OILS,Spices & Condiments,"2,6-nonadien-1-ol",Alcohols,,
CORNMINT OIL (Mentha arvensis L. var. piperascens),MENTHA OILS,Spices & Condiments,citronellol,Alcohols,148000,148000
CORNMINT OIL (Mentha arvensis L. var. piperascens),MENTHA OILS,Spices & Condiments,geraniol,Alcohols,103000,103000
CORNMINT OIL (Mentha arvensis L. var. piperascens),MENTHA OILS,Spices & Condiments,nerol,Alcohols,33000,33000
CORNMINT OIL (Mentha arvensis L. var. piperascens),MENTHA OILS,Spices & Condiments,linalool,Alcohols,0,485000
CORNMINT OIL (Mentha arvensis L. var. piperascens),MENTHA OILS,Spices & Condiments,menthol,Alcohols,0,850000
CORNMINT OIL (Mentha arvensis L. var. piperascens),MENTHA OILS,Spices & Condiments,neomenthol,Alcohols,0,100000
CORNMINT OIL (Mentha arvensis L. var. piperascens),MENTHA OILS,Spices & Condiments,isomenthol,Alcohols,trace,100
CORNMINT OIL (Mentha arvensis L. var. piperascens),MENTHA OILS,Spices & Condiments,neoisomenthol,Alcohols,trace,3000
CORNMINT OIL (Mentha arvensis L. var. piperascens),MENTHA OILS,Spices & Condiments,α-terpineol,Alcohols,0,4000
CORNMINT OIL (Mentha arvensis L. var. piperascens),MENTHA OILS,Spices & Condiments,4-terpineol (=terpinen-4-ol),Alcohols,0,10100
CORNMINT OIL (Mentha arvensis L. var. piperascens),MENTHA OILS,Spices & Condiments,isopulegol,Alcohols,2000,10000
CORNMINT OIL (Mentha arvensis L. var. piperascens),MENTHA OILS,Spices & Condiments,neoisopulegol,Alcohols,,
CORNMINT OIL (Mentha arvensis L. var. piperascens),MENTHA OILS,Spices & Condiments,"cis-carveol (= cis-p-1(6),8-menthadien-2-ol)",Alcohols,0,3200
CORNMINT OIL (Mentha arvensis L. var. piperascens),MENTHA OILS,Spices & Condiments,"trans-carveol (=trans-p-1(6),8-menthadien-2-ol)",Alcohols,0,10700
CORNMINT OIL (Mentha arvensis L. var. piperascens),MENTHA OILS,Spices & Condiments,"trans,trans-p-menthane-2,5-diol",Alcohols,,
CORNMINT OIL (Mentha arvensis L. var. piperascens),MENTHA OILS,Spices & Condiments,borneol,Alcohols,,
CORNMINT OIL (Mentha arvensis L. var. piperascens),MENTHA OILS,Spices & Condiments,isocaryophyllene alcohol (unkn.str.),Alcohols,,
CORNMINT OIL (Mentha arvensis L. var. piperascens),MENTHA OILS,Spices & Condiments,viridiflorol,Alcohols,0,200
CORNMINT OIL (Mentha arvensis L. var. piperascens),MENTHA OILS,Spices & Condiments,acetaldehyde (=ethanal),"Carbonyls, aldehydes",,
CORNMINT OIL (Mentha arvensis L. var. piperascens),MENTHA OILS,Spices & Condiments,"2-methylpropanal (=isobutanal, isobutyraldehyde)","Carbonyls, aldehydes",trace,trace
CORNMINT OIL (Mentha arvensis L. var. piperascens),MENTHA OILS,Spices & Condiments,"3-methylbutanal (=isopentanal, isovaleraldehyde)","Carbonyls, aldehydes",,
CORNMINT OIL (Mentha arvensis L. var. piperascens),MENTHA OILS,Spices & Condiments,"2,6-nonadienal","Carbonyls, aldehydes",,
CORNMINT OIL (Mentha arvensis L. var. piperascens),MENTHA OILS,Spices & Condiments,geranial (=α-citral),"Carbonyls, aldehydes",,
CORNMINT OIL (Mentha arvensis L. var. piperascens),MENTHA OILS,Spices & Condiments,neral (=β-citral),"Carbonyls, aldehydes",,
CORNMINT OIL (Mentha arvensis L. var. piperascens),MENTHA OILS,Spices & Condiments,"acetone (=2-propanone, dimethyl ketone)","Carbonyls, ketones",,
CORNMINT OIL (Mentha arvensis L. var. piperascens),MENTHA OILS,Spices & Condiments,2-butanone (=ethyl methyl ketone),"Carbonyls, ketones",,
CORNMINT OIL (Mentha arvensis L. var. piperascens),MENTHA OILS,Spices & Condiments,2-heptanone,"Carbonyls, ketones",,
CORNMINT OIL (Mentha arvensis L. var. piperascens),MENTHA OILS,Spices & Condiments,methylheptenone (unkn.str.),"Carbonyls, ketones",,
CORNMINT OIL (Mentha arvensis L. var. piperascens),MENTHA OILS,Spices & Condiments,2-isopropylcyclopentanone,"Carbonyls, ketones",,
CORNMINT OIL (Mentha arvensis L. var. piperascens),MENTHA OILS,Spices & Condiments,(Z)-jasmone,"Carbonyls, ketones",0,1900
CORNMINT OIL (Mentha arvensis L. var. piperascens),MENTHA OILS,Spices & Condiments,3-methylcyclohexanone,"Carbonyls, ketones",,
CORNMINT OIL (Mentha arvensis L. var. piperascens),MENTHA OILS,Spices & Condiments,carvomenthone,"Carbonyls, ketones",,
CORNMINT OIL (Mentha arvensis L. var. piperascens),MENTHA OILS,Spices & Condiments,menthone,"Carbonyls, ketones",6800,738000
CORNMINT OIL (Mentha arvensis L. var. piperascens),MENTHA OILS,Spices & Condiments,isomenthone,"Carbonyls, ketones",0,70000
CORNMINT OIL (Mentha arvensis L. var. piperascens),MENTHA OILS,Spices & Condiments,piperitone,"Carbonyls, ketones",trace,40000
CORNMINT OIL (Mentha arvensis L. var. piperascens),MENTHA OILS,Spices & Condiments,pulegone,"Carbonyls, ketones",0,10000
CORNMINT OIL (Mentha arvensis L. var. piperascens),MENTHA OILS,Spices & Condiments,"carvone (=p-6,8-menthadien-2-one)","Carbonyls, ketones",0,697100
CORNMINT OIL (Mentha arvensis L. var. piperascens),MENTHA OILS,Spices & Condiments,formic acid,Acids,,
CORNMINT OIL (Mentha arvensis L. var. piperascens),MENTHA OILS,Spices & Condiments,acetic acid,Acids,,
CORNMINT OIL (Mentha arvensis L. var. piperascens),MENTHA OILS,Spices & Condiments,3-methylbutanoic acid (=isovaleric acid),Acids,,
CORNMINT OIL (Mentha arvensis L. var. piperascens),MENTHA OILS,Spices & Condiments,pentanoic acid (=valeric acid),Acids,,
CORNMINT OIL (Mentha arvensis L. var. piperascens),MENTHA OILS,Spices & Condiments,hexanoic acid (=caproic acid),Acids,,
CORNMINT OIL (Mentha arvensis L. var. piperascens),MENTHA OILS,Spices & Condiments,octanoic acid (=caprylic acid),Acids,,
CORNMINT OIL (Mentha arvensis L. var. piperascens),MENTHA OILS,Spices & Condiments,nonanoic acid (=pelargonic acid),Acids,,
CORNMINT OIL (Mentha arvensis L. var. piperascens),MENTHA OILS,Spices & Condiments,(Z)-3-hexenyl formate,Esters,,
CORNMINT OIL (Mentha arvensis L. var. piperascens),MENTHA OILS,Spices & Condiments,menthyl formate,Esters,,
CORNMINT OIL (Mentha arvensis L. var. piperascens),MENTHA OILS,Spices & Condiments,(E)-2-hexenyl acetate,Esters,,
CORNMINT OIL (Mentha arvensis L. var. piperascens),MENTHA OILS,Spices & Condiments,(Z)-3-hexenyl acetate,Esters,,
CORNMINT OIL (Mentha arvensis L. var. piperascens),MENTHA OILS,Spices & Condiments,1-octen-3-yl acetate,Esters,trace,trace
CORNMINT OIL (Mentha arvensis L. var. piperascens),MENTHA OILS,Spices & Condiments,geranyl acetate,Esters,46000,46000
CORNMINT OIL (Mentha arvensis L. var. piperascens),MENTHA OILS,Spices & Condiments,linalyl acetate,Esters,53000,53000
CORNMINT OIL (Mentha arvensis L. var. piperascens),MENTHA OILS,Spices & Condiments,menthyl acetate,Esters,0,67800
CORNMINT OIL (Mentha arvensis L. var. piperascens),MENTHA OILS,Spices & Condiments,isomenthyl acetate,Esters,1000,2000
CORNMINT OIL (Mentha arvensis L. var. piperascens),MENTHA OILS,Spices & Condiments,neomenthyl acetate,Esters,0,1000
CORNMINT OIL (Mentha arvensis L. var. piperascens),MENTHA OILS,Spices & Condiments,neoisomenthyl acetate,Esters,trace,trace
CORNMINT OIL (Mentha arvensis L. var. piperascens),MENTHA OILS,Spices & Condiments,dihydrocarvyl acetate,Esters,0,1500
CORNMINT OIL (Mentha arvensis L. var. piperascens),MENTHA OILS,Spices & Condiments,(Z)-3-hexenyl 3-methylbutanoate,Esters,,
CORNMINT OIL (Mentha arvensis L. var. piperascens),MENTHA OILS,Spices & Condiments,menthyl 3-methylbutanoate,Esters,,
CORNMINT OIL (Mentha arvensis L. var. piperascens),MENTHA OILS,Spices & Condiments,menthyl pentanoate,Esters,,
CORNMINT OIL (Mentha arvensis L. var. piperascens),MENTHA OILS,Spices & Condiments,(Z)-3-hexenyl hexanoate,Esters,,
CORNMINT OIL (Mentha arvensis L. var. piperascens),MENTHA OILS,Spices & Condiments,menthyl hexanoate,Esters,,
CORNMINT OIL (Mentha arvensis L. var. piperascens),MENTHA OILS,Spices & Condiments,(Z)-3-hexenyl 2-hydroxybenzoate (=Z-3-hexenyl salicylate),Esters,,
CORNMINT OIL (Mentha arvensis L. var. piperascens),MENTHA OILS,Spices & Condiments,(E)-2-hexenyl phenylacetate,Esters,,
CORNMINT OIL (Mentha arvensis L. var. piperascens),MENTHA OILS,Spices & Condiments,(Z)-3-hexenyl phenylacetate,Esters,,
CORNMINT OIL (Mentha arvensis L. var. piperascens),MENTHA OILS,Spices & Condiments,menthyl phenylacetate,Esters,,
CORNMINT OIL (Mentha arvensis L. var. piperascens),MENTHA OILS,Spices & Condiments,3-phenylpyridine,Bases,,
CORNMINT OIL (Mentha arvensis L. var. piperascens),MENTHA OILS,Spices & Condiments,3-phenyl-4-propylpyridine,Bases,,
CORNMINT OIL (Mentha arvensis L. var. piperascens),MENTHA OILS,Spices & Condiments,2-phenyl-5-propylpyridine,Bases,,
CORNMINT OIL (Mentha arvensis L. var. piperascens),MENTHA OILS,Spices & Condiments,mintsulfide,Sulfur compounds,,
CORNMINT OIL (Mentha arvensis L. var. piperascens),MENTHA OILS,Spices & Condiments,"1,8-cineole (=eucalyptol)",Ethers,0,30000
CORNMINT OIL (Mentha arvensis L. var. piperascens),MENTHA OILS,Spices & Condiments,thymol (=2-isopropyl-5-methylphenol),Phenols,,
CORNMINT OIL (Mentha arvensis L. var. piperascens),MENTHA OILS,Spices & Condiments,"trans-2,5-diethyl-tetrahydrofuran",Furans,,
CORNMINT OIL (Mentha arvensis L. var. piperascens),MENTHA OILS,Spices & Condiments,ethylfuran (unkn.str.),Furans,trace,trace
CORNMINT OIL (Mentha arvensis L. var. piperascens),MENTHA OILS,Spices & Condiments,"(Z)-3-(tetrahydro-5,5-dimethyl-2-furyl)-2-buten-1-ol",Furans,,
CORNMINT OIL (Mentha arvensis L. var. piperascens),MENTHA OILS,Spices & Condiments,menthofuran,Furans,trace,16000
CORNMINT OIL (Mentha arvensis L. var. piperascens),MENTHA OILS,Spices & Condiments,"furfural (=2-formylfuran, 2-furancarbaldehyde, 2-furaldehyde)",Furans,,
CORNMINT OIL (Mentha arvensis L. var. piperascens),MENTHA OILS,Spices & Condiments,menthofurolactone,Furans,,
CORNMINT OIL (Mentha arvensis L. var. piperascens),MENTHA OILS,Spices & Condiments,piperitone oxide,"(Ep)oxides, pyrans, coumarins",,
CORNMINT OIL (Mentha arvensis L. var. piperascens),MENTHA OILS,Spices & Condiments,β-caryophyllene oxide,"(Ep)oxides, pyrans, coumarins",0,1000
SPEARMINT OIL (Mentha spicata L.),MENTHA OILS,Spices & Condiments,(Z)-β-ocimene,Hydrocarbons,3000,3000
SPEARMINT OIL (Mentha spicata L.),MENTHA OILS,Spices & Condiments,(E)-β-ocimene,Hydrocarbons,,
SPEARMINT OIL (Mentha spicata L.),MENTHA OILS,Spices & Condiments,β-myrcene (=myrcene),Hydrocarbons,7000,25000
SPEARMINT OIL (Mentha spicata L.),MENTHA OILS,Spices & Condiments,(E)-β-farnesene,Hydrocarbons,,
SPEARMINT OIL (Mentha spicata L.),MENTHA OILS,Spices & Condiments,α-phellandrene,Hydrocarbons,,
SPEARMINT OIL (Mentha spicata L.),MENTHA OILS,Spices & Condiments,α-terpinene,Hydrocarbons,600,3000
SPEARMINT OIL (Mentha spicata L.),MENTHA OILS,Spices & Condiments,γ-terpinene,Hydrocarbons,,
SPEARMINT OIL (Mentha spicata L.),MENTHA OILS,Spices & Condiments,terpinolene,Hydrocarbons,900,1700
SPEARMINT OIL (Mentha spicata L.),MENTHA OILS,Spices & Condiments,limonene,Hydrocarbons,50000,114000
SPEARMINT OIL (Mentha spicata L.),MENTHA OILS,Spices & Condiments,α-elemene,Hydrocarbons,,
SPEARMINT OIL (Mentha spicata L.),MENTHA OILS,Spices & Condiments,β-elemene,Hydrocarbons,,
SPEARMINT OIL (Mentha spicata L.),MENTHA OILS,Spices & Condiments,germacrene D,Hydrocarbons,1200,41100
SPEARMINT OIL (Mentha spicata L.),MENTHA OILS,Spices & Condiments,α-pinene,Hydrocarbons,2000,4000
SPEARMINT OIL (Mentha spicata L.),MENTHA OILS,Spices & Condiments,β-pinene,Hydrocarbons,3300,7000
SPEARMINT OIL (Mentha spicata L.),MENTHA OILS,Spices & Condiments,α-thujene,Hydrocarbons,300,7200
SPEARMINT OIL (Mentha spicata L.),MENTHA OILS,Spices & Condiments,sabinene (=4(10)-thujene),Hydrocarbons,2600,6000
SPEARMINT OIL (Mentha spicata L.),MENTHA OILS,Spices & Condiments,α-cadinene,Hydrocarbons,,
SPEARMINT OIL (Mentha spicata L.),MENTHA OILS,Spices & Condiments,δ-cadinene,Hydrocarbons,,
SPEARMINT OIL (Mentha spicata L.),MENTHA OILS,Spices & Condiments,cubenene,Hydrocarbons,,
SPEARMINT OIL (Mentha spicata L.),MENTHA OILS,Spices & Condiments,β-caryophyllene,Hydrocarbons,1600,16100
SPEARMINT OIL (Mentha spicata L.),MENTHA OILS,Spices & Condiments,α-copaene (=copaene),Hydrocarbons,1200,9800
SPEARMINT OIL (Mentha spicata L.),MENTHA OILS,Spices & Condiments,β-copaene,Hydrocarbons,,
SPEARMINT OIL (Mentha spicata L.),MENTHA OILS,Spices & Condiments,β-ylangene,Hydrocarbons,,
SPEARMINT OIL (Mentha spicata L.),MENTHA OILS,Spices & Condiments,β-bourbonene,Hydrocarbons,9200,14000
SPEARMINT OIL (Mentha spicata L.),MENTHA OILS,Spices & Condiments,1-isopropyl-4-methylbenzene (=p-cymene),Hydrocarbons,2000,2700
SPEARMINT OIL (Mentha spicata L.),MENTHA OILS,Spices & Condiments,"1-isopropenyl-4-methylbenzene (=α,p-dimethyl styrene, p-cymenene, dehydro-p-cymene)",Hydrocarbons,,
SPEARMINT OIL (Mentha spicata L.),MENTHA OILS,Spices & Condiments,"5,5-dimethyl-1-vinyl-bicyclo[2.1.1]hexane",Hydrocarbons,,
SPEARMINT OIL (Mentha spicata L.),MENTHA OILS,Spices & Condiments,methanol,Alcohols,,
SPEARMINT OIL (Mentha spicata L.),MENTHA OILS,Spices & Condiments,ethanol,Alcohols,,
SPEARMINT OIL (Mentha spicata L.),MENTHA OILS,Spices & Condiments,2-methyl-1-propanol (=isobutanol),Alcohols,,
SPEARMINT OIL (Mentha spicata L.),MENTHA OILS,Spices & Condiments,2-methyl-1-butanol (=active amyl alcohol),Alcohols,,
SPEARMINT OIL (Mentha spicata L.),MENTHA OILS,Spices & Condiments,3-methyl-1-butanol (=isoamyl alcohol),Alcohols,,
SPEARMINT OIL (Mentha spicata L.),MENTHA OILS,Spices & Condiments,1-penten-3-ol,Alcohols,,
SPEARMINT OIL (Mentha spicata L.),MENTHA OILS,Spices & Condiments,1-hexanol,Alcohols,,
SPEARMINT OIL (Mentha spicata L.),MENTHA OILS,Spices & Condiments,(E)-2-hexen-1-ol,Alcohols,,
SPEARMINT OIL (Mentha spicata L.),MENTHA OILS,Spices & Condiments,(Z)-3-hexen-1-ol (=leaf alcohol),Alcohols,,
SPEARMINT OIL (Mentha spicata L.),MENTHA OILS,Spices & Condiments,3-octanol,Alcohols,5600,12600
SPEARMINT OIL (Mentha spicata L.),MENTHA OILS,Spices & Condiments,1-octen-3-ol,Alcohols,1200,9300
SPEARMINT OIL (Mentha spicata L.),MENTHA OILS,Spices & Condiments,3-nonanol,Alcohols,,
SPEARMINT OIL (Mentha spicata L.),MENTHA OILS,Spices & Condiments,linalool,Alcohols,1000,8400
SPEARMINT OIL (Mentha spicata L.),MENTHA OILS,Spices & Condiments,menthol,Alcohols,2000,2000
SPEARMINT OIL (Mentha spicata L.),MENTHA OILS,Spices & Condiments,α-terpineol,Alcohols,2000,27300
SPEARMINT OIL (Mentha spicata L.),MENTHA OILS,Spices & Condiments,δ-terpineol,Alcohols,2000,2000
SPEARMINT OIL (Mentha spicata L.),MENTHA OILS,Spices & Condiments,4-terpineol (=terpinen-4-ol),Alcohols,2000,61400
SPEARMINT OIL (Mentha spicata L.),MENTHA OILS,Spices & Condiments,cis-p-2-menthen-1-ol,Alcohols,,
SPEARMINT OIL (Mentha spicata L.),MENTHA OILS,Spices & Condiments,trans-p-2-menthen-1-ol,Alcohols,,
SPEARMINT OIL (Mentha spicata L.),MENTHA OILS,Spices & Condiments,dihydrocarveol,Alcohols,12000,59400
SPEARMINT OIL (Mentha spicata L.),MENTHA OILS,Spices & Condiments,neodihydrocarveol,Alcohols,3000,3000
SPEARMINT OIL (Mentha spicata L.),MENTHA OILS,Spices & Condiments,neoisodihydrocarveol,Alcohols,16200,39300
SPEARMINT OIL (Mentha spicata L.),MENTHA OILS,Spices & Condiments,"cis-isocarveol (=cis-p-1(7),8-menthadien-2-ol)",Alcohols,,
SPEARMINT OIL (Mentha spicata L.),MENTHA OILS,Spices & Condiments,"cis-carveol (= cis-p-1(6),8-menthadien-2-ol)",Alcohols,2100,24000
SPEARMINT OIL (Mentha spicata L.),MENTHA OILS,Spices & Condiments,"trans-carveol (=trans-p-1(6),8-menthadien-2-ol)",Alcohols,2200,23000
SPEARMINT OIL (Mentha spicata L.),MENTHA OILS,Spices & Condiments,cis-verbenol,Alcohols,,
SPEARMINT OIL (Mentha spicata L.),MENTHA OILS,Spices & Condiments,trans-verbenol,Alcohols,,
SPEARMINT OIL (Mentha spicata L.),MENTHA OILS,Spices & Condiments,sabinene hydrate (=4-thujanol),Alcohols,3900,8000
SPEARMINT OIL (Mentha spicata L.),MENTHA OILS,Spices & Condiments,cis-sabinene hydrate (=cis-4-thujanol),Alcohols,1000,1000
SPEARMINT OIL (Mentha spicata L.),MENTHA OILS,Spices & Condiments,trans-sabinene hydrate (=trans-4-thujanol),Alcohols,13000,13000
SPEARMINT OIL (Mentha spicata L.),MENTHA OILS,Spices & Condiments,viridiflorol,Alcohols,2000,2000
SPEARMINT OIL (Mentha spicata L.),MENTHA OILS,Spices & Condiments,"2-methylpropanal (=isobutanal, isobutyraldehyde)","Carbonyls, aldehydes",,
SPEARMINT OIL (Mentha spicata L.),MENTHA OILS,Spices & Condiments,butanal (=butyraldehyde),"Carbonyls, aldehydes",,
SPEARMINT OIL (Mentha spicata L.),MENTHA OILS,Spices & Condiments,2-methylbutanal (=α-methylbutanal),"Carbonyls, aldehydes",,
SPEARMINT OIL (Mentha spicata L.),MENTHA OILS,Spices & Condiments,"3-methylbutanal (=isopentanal, isovaleraldehyde)","Carbonyls, aldehydes",,
SPEARMINT OIL (Mentha spicata L.),MENTHA OILS,Spices & Condiments,hexanal (=capronaldehyde),"Carbonyls, aldehydes",,
SPEARMINT OIL (Mentha spicata L.),MENTHA OILS,Spices & Condiments,(E)-2-hexenal (=leaf aldehyde),"Carbonyls, aldehydes",,
SPEARMINT OIL (Mentha spicata L.),MENTHA OILS,Spices & Condiments,jasmone,"Carbonyls, ketones",1100,2600
SPEARMINT OIL (Mentha spicata L.),MENTHA OILS,Spices & Condiments,(Z)-jasmone,"Carbonyls, ketones",3000,3000
SPEARMINT OIL (Mentha spicata L.),MENTHA OILS,Spices & Condiments,carvomenthone,"Carbonyls, ketones",,
SPEARMINT OIL (Mentha spicata L.),MENTHA OILS,Spices & Condiments,menthone,"Carbonyls, ketones",,
SPEARMINT OIL (Mentha spicata L.),MENTHA OILS,Spices & Condiments,isomenthone,"Carbonyls, ketones",1000,1000
SPEARMINT OIL (Mentha spicata L.),MENTHA OILS,Spices & Condiments,pulegone,"Carbonyls, ketones",,
SPEARMINT OIL (Mentha spicata L.),MENTHA OILS,Spices & Condiments,"piperitenone (=p-1,4(8)-menthadien-3-one)","Carbonyls, ketones",7000,11000
SPEARMINT OIL (Mentha spicata L.),MENTHA OILS,Spices & Condiments,dihydrocarvone (=p-8-menthen-2-one),"Carbonyls, ketones",19000,35000
SPEARMINT OIL (Mentha spicata L.),MENTHA OILS,Spices & Condiments,trans-dihydrocarvone,"Carbonyls, ketones",,
SPEARMINT OIL (Mentha spicata L.),MENTHA OILS,Spices & Condiments,cis-dihydrocarvone,"Carbonyls, ketones",15000,31400
SPEARMINT OIL (Mentha spicata L.),MENTHA OILS,Spices & Condiments,"carvone (=p-6,8-menthadien-2-one)","Carbonyls, ketones",391300,699000
SPEARMINT OIL (Mentha spicata L.),MENTHA OILS,Spices & Condiments,2-methylbutanoic acid,Acids,,
SPEARMINT OIL (Mentha spicata L.),MENTHA OILS,Spices & Condiments,3-methylbutanoic acid (=isovaleric acid),Acids,,
SPEARMINT OIL (Mentha spicata L.),MENTHA OILS,Spices & Condiments,1-ethylhexyl acetate (=3-octyl acetate),Esters,3000,3000
SPEARMINT OIL (Mentha spicata L.),MENTHA OILS,Spices & Condiments,1-octen-3-yl acetate,Esters,1000,1000
SPEARMINT OIL (Mentha spicata L.),MENTHA OILS,Spices & Condiments,dihydrocarvyl acetate,Esters,14000,29500
SPEARMINT OIL (Mentha spicata L.),MENTHA OILS,Spices & Condiments,carvyl acetate,Esters,,
SPEARMINT OIL (Mentha spicata L.),MENTHA OILS,Spices & Condiments,trans-carvyl acetate,Esters,7200,59000
SPEARMINT OIL (Mentha spicata L.),MENTHA OILS,Spices & Condiments,cis-carvyl acetate,Esters,20000,20000
SPEARMINT OIL (Mentha spicata L.),MENTHA OILS,Spices & Condiments,methyl 2-methylbutanoate,Esters,,
SPEARMINT OIL (Mentha spicata L.),MENTHA OILS,Spices & Condiments,ethyl 2-methylbutanoate,Esters,,
SPEARMINT OIL (Mentha spicata L.),MENTHA OILS,Spices & Condiments,2-methylbutyl 2-methylbutanoate,Esters,,
SPEARMINT OIL (Mentha spicata L.),MENTHA OILS,Spices & Condiments,hexyl 2-methylbutanoate,Esters,,
SPEARMINT OIL (Mentha spicata L.),MENTHA OILS,Spices & Condiments,(Z)-3-hexenyl 3-methylbutanoate,Esters,,
SPEARMINT OIL (Mentha spicata L.),MENTHA OILS,Spices & Condiments,phenethyl 3-methylbutanoate (=phenethyl isovalerate),Esters,,
SPEARMINT OIL (Mentha spicata L.),MENTHA OILS,Spices & Condiments,3-phenylpyridine,Bases,0.63,0.88
SPEARMINT OIL (Mentha spicata L.),MENTHA OILS,Spices & Condiments,3-phenyl-4-propylpyridine,Bases,0.93,1.01
SPEARMINT OIL (Mentha spicata L.),MENTHA OILS,Spices & Condiments,2-phenyl-5-propylpyridine,Bases,0.61,3
SPEARMINT OIL (Mentha spicata L.),MENTHA OILS,Spices & Condiments,mintsulfide,Sulfur compounds,40,40
SPEARMINT OIL (Mentha spicata L.),MENTHA OILS,Spices & Condiments,"1,8-cineole (=eucalyptol)",Ethers,10700,34000
SPEARMINT OIL (Mentha spicata L.),MENTHA OILS,Spices & Condiments,eugenol (=4-allyl-2-methoxyphenol),Phenols,,
SPEARMINT OIL (Mentha spicata L.),MENTHA OILS,Spices & Condiments,"trans-2,5-diethyl-tetrahydrofuran",Furans,1000,1000
SPEARMINT OIL (Mentha spicata L.),MENTHA OILS,Spices & Condiments,"(Z)-3-(tetrahydro-5,5-dimethyl-2-furyl)-2-buten-1-ol",Furans,0.26,0.3
SPEARMINT OIL (Mentha spicata L.),MENTHA OILS,Spices & Condiments,menthofuran,Furans,,
SPEARMINT OIL (Mentha spicata L.),MENTHA OILS,Spices & Condiments,"6,8-epoxy-p-1-menthene (=pinol)","(Ep)oxides, pyrans, coumarins",,
SPEARMINT OIL (Mentha spicata L.),MENTHA OILS,Spices & Condiments,"cis-carvone 1,2-oxide","(Ep)oxides, pyrans, coumarins",1000,1000
SCOTCH SPEARMINT OIL (Mentha cardiaca Ger.),MENTHA OILS,Spices & Condiments,(E)-β-ocimene,Hydrocarbons,,
SCOTCH SPEARMINT OIL (Mentha cardiaca Ger.),MENTHA OILS,Spices & Condiments,β-myrcene (=myrcene),Hydrocarbons,5000,5000
SCOTCH SPEARMINT OIL (Mentha cardiaca Ger.),MENTHA OILS,Spices & Condiments,(E)-β-farnesene,Hydrocarbons,,
SCOTCH SPEARMINT OIL (Mentha cardiaca Ger.),MENTHA OILS,Spices & Condiments,farnesene (unkn.str.),Hydrocarbons,,
SCOTCH SPEARMINT OIL (Mentha cardiaca Ger.),MENTHA OILS,Spices & Condiments,α-terpinene,Hydrocarbons,,
SCOTCH SPEARMINT OIL (Mentha cardiaca Ger.),MENTHA OILS,Spices & Condiments,γ-terpinene,Hydrocarbons,,
SCOTCH SPEARMINT OIL (Mentha cardiaca Ger.),MENTHA OILS,Spices & Condiments,terpinolene,Hydrocarbons,,
SCOTCH SPEARMINT OIL (Mentha cardiaca Ger.),MENTHA OILS,Spices & Condiments,limonene,Hydrocarbons,153000,153000
SCOTCH SPEARMINT OIL (Mentha cardiaca Ger.),MENTHA OILS,Spices & Condiments,"p-1(7),8-menthadiene (=ψ-limonene)",Hydrocarbons,,
SCOTCH SPEARMINT OIL (Mentha cardiaca Ger.),MENTHA OILS,Spices & Condiments,β-elemene,Hydrocarbons,,
SCOTCH SPEARMINT OIL (Mentha cardiaca Ger.),MENTHA OILS,Spices & Condiments,ar-curcumene,Hydrocarbons,,
SCOTCH SPEARMINT OIL (Mentha cardiaca Ger.),MENTHA OILS,Spices & Condiments,germacrene D,Hydrocarbons,3000,3000
SCOTCH SPEARMINT OIL (Mentha cardiaca Ger.),MENTHA OILS,Spices & Condiments,α-humulene (=humulene),Hydrocarbons,,
SCOTCH SPEARMINT OIL (Mentha cardiaca Ger.),MENTHA OILS,Spices & Condiments,α-pinene,Hydrocarbons,,
SCOTCH SPEARMINT OIL (Mentha cardiaca Ger.),MENTHA OILS,Spices & Condiments,β-pinene,Hydrocarbons,7000,7000
SCOTCH SPEARMINT OIL (Mentha cardiaca Ger.),MENTHA OILS,Spices & Condiments,camphene,Hydrocarbons,,
SCOTCH SPEARMINT OIL (Mentha cardiaca Ger.),MENTHA OILS,Spices & Condiments,α-fenchene,Hydrocarbons,,
SCOTCH SPEARMINT OIL (Mentha cardiaca Ger.),MENTHA OILS,Spices & Condiments,α-thujene,Hydrocarbons,,
SCOTCH SPEARMINT OIL (Mentha cardiaca Ger.),MENTHA OILS,Spices & Condiments,sabinene (=4(10)-thujene),Hydrocarbons,5000,5000
SCOTCH SPEARMINT OIL (Mentha cardiaca Ger.),MENTHA OILS,Spices & Condiments,"2-isopropenyl-3,7,7-trimethyl-3-vinylbicyclo[4.1.0]heptane (=bicycloelemene)",Hydrocarbons,,
SCOTCH SPEARMINT OIL (Mentha cardiaca Ger.),MENTHA OILS,Spices & Condiments,epibulgarene,Hydrocarbons,,
SCOTCH SPEARMINT OIL (Mentha cardiaca Ger.),MENTHA OILS,Spices & Condiments,α-cadinene,Hydrocarbons,,
SCOTCH SPEARMINT OIL (Mentha cardiaca Ger.),MENTHA OILS,Spices & Condiments,δ-cadinene,Hydrocarbons,,
SCOTCH SPEARMINT OIL (Mentha cardiaca Ger.),MENTHA OILS,Spices & Condiments,cubenene,Hydrocarbons,1000,1000
SCOTCH SPEARMINT OIL (Mentha cardiaca Ger.),MENTHA OILS,Spices & Condiments,α-muurolene,Hydrocarbons,,
SCOTCH SPEARMINT OIL (Mentha cardiaca Ger.),MENTHA OILS,Spices & Condiments,ε-muurolene,Hydrocarbons,,
SCOTCH SPEARMINT OIL (Mentha cardiaca Ger.),MENTHA OILS,Spices & Condiments,epimuurolene,Hydrocarbons,,
SCOTCH SPEARMINT OIL (Mentha cardiaca Ger.),MENTHA OILS,Spices & Condiments,bicyclogermacrene,Hydrocarbons,,
SCOTCH SPEARMINT OIL (Mentha cardiaca Ger.),MENTHA OILS,Spices & Condiments,β-caryophyllene,Hydrocarbons,,
SCOTCH SPEARMINT OIL (Mentha cardiaca Ger.),MENTHA OILS,Spices & Condiments,γ-caryophyllene (=isocaryophyllene),Hydrocarbons,,
SCOTCH SPEARMINT OIL (Mentha cardiaca Ger.),MENTHA OILS,Spices & Condiments,α-copaene (=copaene),Hydrocarbons,,
SCOTCH SPEARMINT OIL (Mentha cardiaca Ger.),MENTHA OILS,Spices & Condiments,β-copaene,Hydrocarbons,,
SCOTCH SPEARMINT OIL (Mentha cardiaca Ger.),MENTHA OILS,Spices & Condiments,cis-β-copaene,Hydrocarbons,,
SCOTCH SPEARMINT OIL (Mentha cardiaca Ger.),MENTHA OILS,Spices & Condiments,trans-β-copaene,Hydrocarbons,,
SCOTCH SPEARMINT OIL (Mentha cardiaca Ger.),MENTHA OILS,Spices & Condiments,copaene (unkn.str.),Hydrocarbons,,
SCOTCH SPEARMINT OIL (Mentha cardiaca Ger.),MENTHA OILS,Spices & Condiments,β-bourbonene,Hydrocarbons,,
SCOTCH SPEARMINT OIL (Mentha cardiaca Ger.),MENTHA OILS,Spices & Condiments,methylbenzene (=toluene),Hydrocarbons,,
SCOTCH SPEARMINT OIL (Mentha cardiaca Ger.),MENTHA OILS,Spices & Condiments,1-isopropyl-4-methylbenzene (=p-cymene),Hydrocarbons,,
SCOTCH SPEARMINT OIL (Mentha cardiaca Ger.),MENTHA OILS,Spices & Condiments,"1-isopropenyl-4-methylbenzene (=α,p-dimethyl styrene, p-cymenene, dehydro-p-cymene)",Hydrocarbons,,
SCOTCH SPEARMINT OIL (Mentha cardiaca Ger.),MENTHA OILS,Spices & Condiments,"5,5-dimethyl-1-vinyl-bicyclo[2.1.1]hexane",Hydrocarbons,,
SCOTCH SPEARMINT OIL (Mentha cardiaca Ger.),MENTHA OILS,Spices & Condiments,calacorene (unkn.str.),Hydrocarbons,,
SCOTCH SPEARMINT OIL (Mentha cardiaca Ger.),MENTHA OILS,Spices & Condiments,methanol,Alcohols,,
SCOTCH SPEARMINT OIL (Mentha cardiaca Ger.),MENTHA OILS,Spices & Condiments,ethanol,Alcohols,,
SCOTCH SPEARMINT OIL (Mentha cardiaca Ger.),MENTHA OILS,Spices & Condiments,2-methyl-1-propanol (=isobutanol),Alcohols,,
SCOTCH SPEARMINT OIL (Mentha cardiaca Ger.),MENTHA OILS,Spices & Condiments,2-methyl-1-butanol (=active amyl alcohol),Alcohols,,
SCOTCH SPEARMINT OIL (Mentha cardiaca Ger.),MENTHA OILS,Spices & Condiments,3-methyl-1-butanol (=isoamyl alcohol),Alcohols,,
SCOTCH SPEARMINT OIL (Mentha cardiaca Ger.),MENTHA OILS,Spices & Condiments,1-pentanol (=amyl alcohol),Alcohols,,
SCOTCH SPEARMINT OIL (Mentha cardiaca Ger.),MENTHA OILS,Spices & Condiments,(Z)-3-penten-1-ol,Alcohols,,
SCOTCH SPEARMINT OIL (Mentha cardiaca Ger.),MENTHA OILS,Spices & Condiments,1-penten-3-ol,Alcohols,,
SCOTCH SPEARMINT OIL (Mentha cardiaca Ger.),MENTHA OILS,Spices & Condiments,1-hexanol,Alcohols,,
SCOTCH SPEARMINT OIL (Mentha cardiaca Ger.),MENTHA OILS,Spices & Condiments,(E)-2-hexen-1-ol,Alcohols,,
SCOTCH SPEARMINT OIL (Mentha cardiaca Ger.),MENTHA OILS,Spices & Condiments,(Z)-3-hexen-1-ol (=leaf alcohol),Alcohols,,
SCOTCH SPEARMINT OIL (Mentha cardiaca Ger.),MENTHA OILS,Spices & Condiments,(E)-3-hexen-1-ol,Alcohols,,
SCOTCH SPEARMINT OIL (Mentha cardiaca Ger.),MENTHA OILS,Spices & Condiments,3-heptanol,Alcohols,,
SCOTCH SPEARMINT OIL (Mentha cardiaca Ger.),MENTHA OILS,Spices & Condiments,1-octanol,Alcohols,,
SCOTCH SPEARMINT OIL (Mentha cardiaca Ger.),MENTHA OILS,Spices & Condiments,3-octanol,Alcohols,,
SCOTCH SPEARMINT OIL (Mentha cardiaca Ger.),MENTHA OILS,Spices & Condiments,1-octen-3-ol,Alcohols,2000,2000
SCOTCH SPEARMINT OIL (Mentha cardiaca Ger.),MENTHA OILS,Spices & Condiments,3-nonanol,Alcohols,,
SCOTCH SPEARMINT OIL (Mentha cardiaca Ger.),MENTHA OILS,Spices & Condiments,1-decanol,Alcohols,,
SCOTCH SPEARMINT OIL (Mentha cardiaca Ger.),MENTHA OILS,Spices & Condiments,3-decanol,Alcohols,,
SCOTCH SPEARMINT OIL (Mentha cardiaca Ger.),MENTHA OILS,Spices & Condiments,linalool,Alcohols,2000,2000
SCOTCH SPEARMINT OIL (Mentha cardiaca Ger.),MENTHA OILS,Spices & Condiments,nerolidol,Alcohols,,
SCOTCH SPEARMINT OIL (Mentha cardiaca Ger.),MENTHA OILS,Spices & Condiments,benzyl alcohol (=benzenemethanol),Alcohols,,
SCOTCH SPEARMINT OIL (Mentha cardiaca Ger.),MENTHA OILS,Spices & Condiments,1-phenylethanol (=α-methylbenzyl alcohol),Alcohols,,
SCOTCH SPEARMINT OIL (Mentha cardiaca Ger.),MENTHA OILS,Spices & Condiments,2-phenylethanol (=phenethyl alcohol),Alcohols,,
SCOTCH SPEARMINT OIL (Mentha cardiaca Ger.),MENTHA OILS,Spices & Condiments,"p-cymen-8-ol (=α,α,p-trimethyl-benzyl alcohol)",Alcohols,,
SCOTCH SPEARMINT OIL (Mentha cardiaca Ger.),MENTHA OILS,Spices & Condiments,menthol,Alcohols,2000,2000
SCOTCH SPEARMINT OIL (Mentha cardiaca Ger.),MENTHA OILS,Spices & Condiments,neomenthol,Alcohols,,
SCOTCH SPEARMINT OIL (Mentha cardiaca Ger.),MENTHA OILS,Spices & Condiments,α-terpineol,Alcohols,2000,2000
SCOTCH SPEARMINT OIL (Mentha cardiaca Ger.),MENTHA OILS,Spices & Condiments,δ-terpineol,Alcohols,,
SCOTCH SPEARMINT OIL (Mentha cardiaca Ger.),MENTHA OILS,Spices & Condiments,4-terpineol (=terpinen-4-ol),Alcohols,1000,1000
SCOTCH SPEARMINT OIL (Mentha cardiaca Ger.),MENTHA OILS,Spices & Condiments,cis-p-2-menthen-1-ol,Alcohols,1000,1000
SCOTCH SPEARMINT OIL (Mentha cardiaca Ger.),MENTHA OILS,Spices & Condiments,dihydrocarveol,Alcohols,,
SCOTCH SPEARMINT OIL (Mentha cardiaca Ger.),MENTHA OILS,Spices & Condiments,neodihydrocarveol,Alcohols,2000,2000
SCOTCH SPEARMINT OIL (Mentha cardiaca Ger.),MENTHA OILS,Spices & Condiments,"cis-p-2,8-menthadien-1-ol",Alcohols,,
SCOTCH SPEARMINT OIL (Mentha cardiaca Ger.),MENTHA OILS,Spices & Condiments,"trans-p-2,8-menthadien-1-ol",Alcohols,,
SCOTCH SPEARMINT OIL (Mentha cardiaca Ger.),MENTHA OILS,Spices & Condiments,"cis-isocarveol (=cis-p-1(7),8-menthadien-2-ol)",Alcohols,,
SCOTCH SPEARMINT OIL (Mentha cardiaca Ger.),MENTHA OILS,Spices & Condiments,"trans-isocarveol (=trans-p-1(7),8- menthadien-2-ol)",Alcohols,,
SCOTCH SPEARMINT OIL (Mentha cardiaca Ger.),MENTHA OILS,Spices & Condiments,"cis-carveol (= cis-p-1(6),8-menthadien-2-ol)",Alcohols,2000,2000
SCOTCH SPEARMINT OIL (Mentha cardiaca Ger.),MENTHA OILS,Spices & Condiments,"trans-carveol (=trans-p-1(6),8-menthadien-2-ol)",Alcohols,6000,6000
SCOTCH SPEARMINT OIL (Mentha cardiaca Ger.),MENTHA OILS,Spices & Condiments,"limonen-4-ol (=p-1,8-menthadien-4-ol)",Alcohols,,
SCOTCH SPEARMINT OIL (Mentha cardiaca Ger.),MENTHA OILS,Spices & Condiments,"perilla alcohol (=p-1,8-menthadien-7-ol)",Alcohols,,
SCOTCH SPEARMINT OIL (Mentha cardiaca Ger.),MENTHA OILS,Spices & Condiments,trans-3-pinen-2-ol,Alcohols,,
SCOTCH SPEARMINT OIL (Mentha cardiaca Ger.),MENTHA OILS,Spices & Condiments,pinocarveol,Alcohols,,
SCOTCH SPEARMINT OIL (Mentha cardiaca Ger.),MENTHA OILS,Spices & Condiments,trans-pinocarveol,Alcohols,1000,1000
SCOTCH SPEARMINT OIL (Mentha cardiaca Ger.),MENTHA OILS,Spices & Condiments,trans-verbenol,Alcohols,,
SCOTCH SPEARMINT OIL (Mentha cardiaca Ger.),MENTHA OILS,Spices & Condiments,myrtenol,Alcohols,,
SCOTCH SPEARMINT OIL (Mentha cardiaca Ger.),MENTHA OILS,Spices & Condiments,borneol,Alcohols,,
SCOTCH SPEARMINT OIL (Mentha cardiaca Ger.),MENTHA OILS,Spices & Condiments,cis-sabinene hydrate (=cis-4-thujanol),Alcohols,1000,1000
SCOTCH SPEARMINT OIL (Mentha cardiaca Ger.),MENTHA OILS,Spices & Condiments,trans-sabinene hydrate (=trans-4-thujanol),Alcohols,3000,3000
SCOTCH SPEARMINT OIL (Mentha cardiaca Ger.),MENTHA OILS,Spices & Condiments,α-cadinol,Alcohols,,
SCOTCH SPEARMINT OIL (Mentha cardiaca Ger.),MENTHA OILS,Spices & Condiments,cadinol-T,Alcohols,,
SCOTCH SPEARMINT OIL (Mentha cardiaca Ger.),MENTHA OILS,Spices & Condiments,muurolol-T,Alcohols,,
SCOTCH SPEARMINT OIL (Mentha cardiaca Ger.),MENTHA OILS,Spices & Condiments,"2(12),6(13)-caryophylladien-5-ol",Alcohols,,
SCOTCH SPEARMINT OIL (Mentha cardiaca Ger.),MENTHA OILS,Spices & Condiments,endo-1-bourbonanol,Alcohols,,
SCOTCH SPEARMINT OIL (Mentha cardiaca Ger.),MENTHA OILS,Spices & Condiments,β-bourbonen-13-ol,Alcohols,,
SCOTCH SPEARMINT OIL (Mentha cardiaca Ger.),MENTHA OILS,Spices & Condiments,viridiflorol,Alcohols,,
SCOTCH SPEARMINT OIL (Mentha cardiaca Ger.),MENTHA OILS,Spices & Condiments,spathulenol (=(+)-spathulenol),Alcohols,,
SCOTCH SPEARMINT OIL (Mentha cardiaca Ger.),MENTHA OILS,Spices & Condiments,acetaldehyde (=ethanal),"Carbonyls, aldehydes",,
SCOTCH SPEARMINT OIL (Mentha cardiaca Ger.),MENTHA OILS,Spices & Condiments,propanal (=propionaldehyde),"Carbonyls, aldehydes",,
SCOTCH SPEARMINT OIL (Mentha cardiaca Ger.),MENTHA OILS,Spices & Condiments,"2-methylpropanal (=isobutanal, isobutyraldehyde)","Carbonyls, aldehydes",,
SCOTCH SPEARMINT OIL (Mentha cardiaca Ger.),MENTHA OILS,Spices & Condiments,butanal (=butyraldehyde),"Carbonyls, aldehydes",,
SCOTCH SPEARMINT OIL (Mentha cardiaca Ger.),MENTHA OILS,Spices & Condiments,2-methylbutanal (=α-methylbutanal),"Carbonyls, aldehydes",,
SCOTCH SPEARMINT OIL (Mentha cardiaca Ger.),MENTHA OILS,Spices & Condiments,"3-methylbutanal (=isopentanal, isovaleraldehyde)","Carbonyls, aldehydes",,
SCOTCH SPEARMINT OIL (Mentha cardiaca Ger.),MENTHA OILS,Spices & Condiments,(E)-2-methyl-2-butenal (=tiglicaldehyde),"Carbonyls, aldehydes",,
SCOTCH SPEARMINT OIL (Mentha cardiaca Ger.),MENTHA OILS,Spices & Condiments,pentanal (=valeraldehyde),"Carbonyls, aldehydes",,
SCOTCH SPEARMINT OIL (Mentha cardiaca Ger.),MENTHA OILS,Spices & Condiments,hexanal (=capronaldehyde),"Carbonyls, aldehydes",,
SCOTCH SPEARMINT OIL (Mentha cardiaca Ger.),MENTHA OILS,Spices & Condiments,(E)-2-hexenal (=leaf aldehyde),"Carbonyls, aldehydes",,
SCOTCH SPEARMINT OIL (Mentha cardiaca Ger.),MENTHA OILS,Spices & Condiments,5-methyl-2-hexenal,"Carbonyls, aldehydes",,
SCOTCH SPEARMINT OIL (Mentha cardiaca Ger.),MENTHA OILS,Spices & Condiments,heptanal,"Carbonyls, aldehydes",,
SCOTCH SPEARMINT OIL (Mentha cardiaca Ger.),MENTHA OILS,Spices & Condiments,(E)-2-heptenal,"Carbonyls, aldehydes",,
SCOTCH SPEARMINT OIL (Mentha cardiaca Ger.),MENTHA OILS,Spices & Condiments,(Z)-4-heptenal,"Carbonyls, aldehydes",,
SCOTCH SPEARMINT OIL (Mentha cardiaca Ger.),MENTHA OILS,Spices & Condiments,octanal (=caprylaldehyde),"Carbonyls, aldehydes",,
SCOTCH SPEARMINT OIL (Mentha cardiaca Ger.),MENTHA OILS,Spices & Condiments,nonanal (=pelargonaldehyde),"Carbonyls, aldehydes",,
SCOTCH SPEARMINT OIL (Mentha cardiaca Ger.),MENTHA OILS,Spices & Condiments,benzaldehyde,"Carbonyls, aldehydes",,
SCOTCH SPEARMINT OIL (Mentha cardiaca Ger.),MENTHA OILS,Spices & Condiments,vanillin (=4-hydroxy-3-methoxybenzaldehyde),"Carbonyls, aldehydes",,
SCOTCH SPEARMINT OIL (Mentha cardiaca Ger.),MENTHA OILS,Spices & Condiments,phenylacetaldehyde (=benzeneacetaldehyde),"Carbonyls, aldehydes",,
SCOTCH SPEARMINT OIL (Mentha cardiaca Ger.),MENTHA OILS,Spices & Condiments,perillaldehyde,"Carbonyls, aldehydes",,
SCOTCH SPEARMINT OIL (Mentha cardiaca Ger.),MENTHA OILS,Spices & Condiments,myrtenal,"Carbonyls, aldehydes",,
SCOTCH SPEARMINT OIL (Mentha cardiaca Ger.),MENTHA OILS,Spices & Condiments,"acetone (=2-propanone, dimethyl ketone)","Carbonyls, ketones",,
SCOTCH SPEARMINT OIL (Mentha cardiaca Ger.),MENTHA OILS,Spices & Condiments,3-hydroxy-2-butanone (=acetoin),"Carbonyls, ketones",,
SCOTCH SPEARMINT OIL (Mentha cardiaca Ger.),MENTHA OILS,Spices & Condiments,"2,3-butanedione (=diacetyl)","Carbonyls, ketones",,
SCOTCH SPEARMINT OIL (Mentha cardiaca Ger.),MENTHA OILS,Spices & Condiments,3-heptanone,"Carbonyls, ketones",,
SCOTCH SPEARMINT OIL (Mentha cardiaca Ger.),MENTHA OILS,Spices & Condiments,methylheptenone (unkn.str.),"Carbonyls, ketones",,
SCOTCH SPEARMINT OIL (Mentha cardiaca Ger.),MENTHA OILS,Spices & Condiments,3-octanone,"Carbonyls, ketones",,
SCOTCH SPEARMINT OIL (Mentha cardiaca Ger.),MENTHA OILS,Spices & Condiments,"(E)-6,10-dimethyl-5,9-undecadien-2-one (=geranylacetone)","Carbonyls, ketones",,
SCOTCH SPEARMINT OIL (Mentha cardiaca Ger.),MENTHA OILS,Spices & Condiments,"6,10,14-trimethyl-2-pentadecanone (=hexahydrofarnesylacetone)","Carbonyls, ketones",,
SCOTCH SPEARMINT OIL (Mentha cardiaca Ger.),MENTHA OILS,Spices & Condiments,(Z)-jasmone,"Carbonyls, ketones",3000,3000
SCOTCH SPEARMINT OIL (Mentha cardiaca Ger.),MENTHA OILS,Spices & Condiments,(E)-jasmone,"Carbonyls, ketones",,
SCOTCH SPEARMINT OIL (Mentha cardiaca Ger.),MENTHA OILS,Spices & Condiments,acetophenone (=1-phenylethanone),"Carbonyls, ketones",,
SCOTCH SPEARMINT OIL (Mentha cardiaca Ger.),MENTHA OILS,Spices & Condiments,(E)-β-ionone,"Carbonyls, ketones",,
SCOTCH SPEARMINT OIL (Mentha cardiaca Ger.),MENTHA OILS,Spices & Condiments,menthone,"Carbonyls, ketones",10000,10000
SCOTCH SPEARMINT OIL (Mentha cardiaca Ger.),MENTHA OILS,Spices & Condiments,isomenthone,"Carbonyls, ketones",1000,1000
SCOTCH SPEARMINT OIL (Mentha cardiaca Ger.),MENTHA OILS,Spices & Condiments,piperitone,"Carbonyls, ketones",,
SCOTCH SPEARMINT OIL (Mentha cardiaca Ger.),MENTHA OILS,Spices & Condiments,pulegone,"Carbonyls, ketones",,
SCOTCH SPEARMINT OIL (Mentha cardiaca Ger.),MENTHA OILS,Spices & Condiments,"piperitenone (=p-1,4(8)-menthadien-3-one)","Carbonyls, ketones",,
SCOTCH SPEARMINT OIL (Mentha cardiaca Ger.),MENTHA OILS,Spices & Condiments,4-hydroxypiperitone,"Carbonyls, ketones",,
SCOTCH SPEARMINT OIL (Mentha cardiaca Ger.),MENTHA OILS,Spices & Condiments,trans-dihydrocarvone,"Carbonyls, ketones",1000,1000
SCOTCH SPEARMINT OIL (Mentha cardiaca Ger.),MENTHA OILS,Spices & Condiments,cis-dihydrocarvone,"Carbonyls, ketones",10000,10000
SCOTCH SPEARMINT OIL (Mentha cardiaca Ger.),MENTHA OILS,Spices & Condiments,"p-5,8-menthadien-2-one","Carbonyls, ketones",,
SCOTCH SPEARMINT OIL (Mentha cardiaca Ger.),MENTHA OILS,Spices & Condiments,"carvone (=p-6,8-menthadien-2-one)","Carbonyls, ketones",692000,692000
SCOTCH SPEARMINT OIL (Mentha cardiaca Ger.),MENTHA OILS,Spices & Condiments,5-hydroxycarvone,"Carbonyls, ketones",,
SCOTCH SPEARMINT OIL (Mentha cardiaca Ger.),MENTHA OILS,Spices & Condiments,carvotanacetone (=p-1-menthen-6-one),"Carbonyls, ketones",,
SCOTCH SPEARMINT OIL (Mentha cardiaca Ger.),MENTHA OILS,Spices & Condiments,spicatine,"Carbonyls, ketones",,
SCOTCH SPEARMINT OIL (Mentha cardiaca Ger.),MENTHA OILS,Spices & Condiments,pinocamphone,"Carbonyls, ketones",,
SCOTCH SPEARMINT OIL (Mentha cardiaca Ger.),MENTHA OILS,Spices & Condiments,isopinocamphone,"Carbonyls, ketones",,
SCOTCH SPEARMINT OIL (Mentha cardiaca Ger.),MENTHA OILS,Spices & Condiments,pinocarvone,"Carbonyls, ketones",,
SCOTCH SPEARMINT OIL (Mentha cardiaca Ger.),MENTHA OILS,Spices & Condiments,verbenone (=2-pinen-4-one),"Carbonyls, ketones",,
SCOTCH SPEARMINT OIL (Mentha cardiaca Ger.),MENTHA OILS,Spices & Condiments,acetic acid,Acids,,
SCOTCH SPEARMINT OIL (Mentha cardiaca Ger.),MENTHA OILS,Spices & Condiments,octyl formate,Esters,,
SCOTCH SPEARMINT OIL (Mentha cardiaca Ger.),MENTHA OILS,Spices & Condiments,cis-carvyl formate,Esters,,
SCOTCH SPEARMINT OIL (Mentha cardiaca Ger.),MENTHA OILS,Spices & Condiments,trans-carvyl formate,Esters,,
SCOTCH SPEARMINT OIL (Mentha cardiaca Ger.),MENTHA OILS,Spices & Condiments,(E)-2-hexenyl acetate,Esters,,
SCOTCH SPEARMINT OIL (Mentha cardiaca Ger.),MENTHA OILS,Spices & Condiments,(Z)-3-hexenyl acetate,Esters,,
SCOTCH SPEARMINT OIL (Mentha cardiaca Ger.),MENTHA OILS,Spices & Condiments,1-ethylhexyl acetate (=3-octyl acetate),Esters,3000,3000
SCOTCH SPEARMINT OIL (Mentha cardiaca Ger.),MENTHA OILS,Spices & Condiments,1-octen-3-yl acetate,Esters,,
SCOTCH SPEARMINT OIL (Mentha cardiaca Ger.),MENTHA OILS,Spices & Condiments,menthyl acetate,Esters,,
SCOTCH SPEARMINT OIL (Mentha cardiaca Ger.),MENTHA OILS,Spices & Condiments,p-1-menthen-9-yl acetate,Esters,,
SCOTCH SPEARMINT OIL (Mentha cardiaca Ger.),MENTHA OILS,Spices & Condiments,dihydrocarvyl acetate,Esters,2000,2000
SCOTCH SPEARMINT OIL (Mentha cardiaca Ger.),MENTHA OILS,Spices & Condiments,neodihydrocarvyl acetate,Esters,,
SCOTCH SPEARMINT OIL (Mentha cardiaca Ger.),MENTHA OILS,Spices & Condiments,"trans-p-1(7),8-menthadien-2-yl acetate",Esters,,
SCOTCH SPEARMINT OIL (Mentha cardiaca Ger.),MENTHA OILS,Spices & Condiments,trans-carvyl acetate,Esters,,
SCOTCH SPEARMINT OIL (Mentha cardiaca Ger.),MENTHA OILS,Spices & Condiments,cis-carvyl acetate,Esters,1000,1000
SCOTCH SPEARMINT OIL (Mentha cardiaca Ger.),MENTHA OILS,Spices & Condiments,"carveol, 6,7-epoxide, acetate",Esters,,
SCOTCH SPEARMINT OIL (Mentha cardiaca Ger.),MENTHA OILS,Spices & Condiments,carvon-10-acetate,Esters,,
SCOTCH SPEARMINT OIL (Mentha cardiaca Ger.),MENTHA OILS,Spices & Condiments,2-acetoxy-1-hydroxy-p-8-menthene,Esters,,
SCOTCH SPEARMINT OIL (Mentha cardiaca Ger.),MENTHA OILS,Spices & Condiments,9-acetoxy-8-hydroxy-p-1-menthene,Esters,,
SCOTCH SPEARMINT OIL (Mentha cardiaca Ger.),MENTHA OILS,Spices & Condiments,myrtenyl acetate,Esters,,
SCOTCH SPEARMINT OIL (Mentha cardiaca Ger.),MENTHA OILS,Spices & Condiments,ethyl 2-methylpropanoate (=ethyl isobutyrate),Esters,,
SCOTCH SPEARMINT OIL (Mentha cardiaca Ger.),MENTHA OILS,Spices & Condiments,(Z)-3-hexenyl 2-methylpropanoate,Esters,,
SCOTCH SPEARMINT OIL (Mentha cardiaca Ger.),MENTHA OILS,Spices & Condiments,benzyl 2-methylpropanoate (=benzyl isobutyrate),Esters,,
SCOTCH SPEARMINT OIL (Mentha cardiaca Ger.),MENTHA OILS,Spices & Condiments,phenethyl 2-methylpropanoate (=phenethyl isobutyrate),Esters,,
SCOTCH SPEARMINT OIL (Mentha cardiaca Ger.),MENTHA OILS,Spices & Condiments,lavandulyl butanoate,Esters,,
SCOTCH SPEARMINT OIL (Mentha cardiaca Ger.),MENTHA OILS,Spices & Condiments,phenethyl butanoate,Esters,,
SCOTCH SPEARMINT OIL (Mentha cardiaca Ger.),MENTHA OILS,Spices & Condiments,methyl 2-methylbutanoate,Esters,,
SCOTCH SPEARMINT OIL (Mentha cardiaca Ger.),MENTHA OILS,Spices & Condiments,ethyl 2-methylbutanoate,Esters,,
SCOTCH SPEARMINT OIL (Mentha cardiaca Ger.),MENTHA OILS,Spices & Condiments,propyl 2-methylbutanoate,Esters,,
SCOTCH SPEARMINT OIL (Mentha cardiaca Ger.),MENTHA OILS,Spices & Condiments,isobutyl 2-methylbutanoate (=2-methylpropyl 2-methyl-butanoate),Esters,,
SCOTCH SPEARMINT OIL (Mentha cardiaca Ger.),MENTHA OILS,Spices & Condiments,2-methylbutyl 2-methylbutanoate,Esters,,
SCOTCH SPEARMINT OIL (Mentha cardiaca Ger.),MENTHA OILS,Spices & Condiments,isopentyl 2-methylbutanoate (=3-methylbutyl 2-methyl-butanoate),Esters,,
SCOTCH SPEARMINT OIL (Mentha cardiaca Ger.),MENTHA OILS,Spices & Condiments,hexyl 2-methylbutanoate,Esters,,
SCOTCH SPEARMINT OIL (Mentha cardiaca Ger.),MENTHA OILS,Spices & Condiments,(Z)-3-hexenyl 2-methylbutanoate,Esters,,
SCOTCH SPEARMINT OIL (Mentha cardiaca Ger.),MENTHA OILS,Spices & Condiments,heptyl 2-methylbutanoate,Esters,,
SCOTCH SPEARMINT OIL (Mentha cardiaca Ger.),MENTHA OILS,Spices & Condiments,octyl 2-methylbutanoate,Esters,,
SCOTCH SPEARMINT OIL (Mentha cardiaca Ger.),MENTHA OILS,Spices & Condiments,benzyl 2-methylbutanoate,Esters,,
SCOTCH SPEARMINT OIL (Mentha cardiaca Ger.),MENTHA OILS,Spices & Condiments,phenethyl 2-methylbutanoate,Esters,,
SCOTCH SPEARMINT OIL (Mentha cardiaca Ger.),MENTHA OILS,Spices & Condiments,2-methylbutyl 3-methylbutanoate,Esters,,
SCOTCH SPEARMINT OIL (Mentha cardiaca Ger.),MENTHA OILS,Spices & Condiments,"isopentyl 3-methylbutanoate (=3-methylbutyl 3-methylbutanoate, isoamyl isovalerate)",Esters,,
SCOTCH SPEARMINT OIL (Mentha cardiaca Ger.),MENTHA OILS,Spices & Condiments,hexyl 3-methylbutanoate (=hexyl isovalerate),Esters,,
SCOTCH SPEARMINT OIL (Mentha cardiaca Ger.),MENTHA OILS,Spices & Condiments,(Z)-3-hexenyl 3-methylbutanoate,Esters,,
SCOTCH SPEARMINT OIL (Mentha cardiaca Ger.),MENTHA OILS,Spices & Condiments,heptyl 3-methylbutanoate,Esters,,
SCOTCH SPEARMINT OIL (Mentha cardiaca Ger.),MENTHA OILS,Spices & Condiments,phenethyl 3-methylbutanoate (=phenethyl isovalerate),Esters,,
SCOTCH SPEARMINT OIL (Mentha cardiaca Ger.),MENTHA OILS,Spices & Condiments,ethyl pentanoate,Esters,,
SCOTCH SPEARMINT OIL (Mentha cardiaca Ger.),MENTHA OILS,Spices & Condiments,methyl 2-hydroxybenzoate (=methyl salicylate),Esters,,
SCOTCH SPEARMINT OIL (Mentha cardiaca Ger.),MENTHA OILS,Spices & Condiments,hexyl phenylacetate,Esters,,
SCOTCH SPEARMINT OIL (Mentha cardiaca Ger.),MENTHA OILS,Spices & Condiments,(Z)-3-hexenyl phenylacetate,Esters,,
SCOTCH SPEARMINT OIL (Mentha cardiaca Ger.),MENTHA OILS,Spices & Condiments,3-phenylpyridine,Bases,trace,1.35
SCOTCH SPEARMINT OIL (Mentha cardiaca Ger.),MENTHA OILS,Spices & Condiments,3-phenyl-4-propylpyridine,Bases,trace,0.51
SCOTCH SPEARMINT OIL (Mentha cardiaca Ger.),MENTHA OILS,Spices & Condiments,2-phenyl-5-propylpyridine,Bases,trace,0.35
SCOTCH SPEARMINT OIL (Mentha cardiaca Ger.),MENTHA OILS,Spices & Condiments,"dimethyl sulfide (=thiobismethane, methylthiomethane, methyl sulfide)",Sulfur compounds,,
SCOTCH SPEARMINT OIL (Mentha cardiaca Ger.),MENTHA OILS,Spices & Condiments,dimethyl sulfoxide (=methylsulfinylmethane),Sulfur compounds,,
SCOTCH SPEARMINT OIL (Mentha cardiaca Ger.),MENTHA OILS,Spices & Condiments,mintsulfide,Sulfur compounds,,
SCOTCH SPEARMINT OIL (Mentha cardiaca Ger.),MENTHA OILS,Spices & Condiments,methyl phenethyl ether,Ethers,,
SCOTCH SPEARMINT OIL (Mentha cardiaca Ger.),MENTHA OILS,Spices & Condiments,"1,8-cineole (=eucalyptol)",Ethers,18000,18000
SCOTCH SPEARMINT OIL (Mentha cardiaca Ger.),MENTHA OILS,Spices & Condiments,trichloromethane (=chloroform),Halogens,,
SCOTCH SPEARMINT OIL (Mentha cardiaca Ger.),MENTHA OILS,Spices & Condiments,thymol (=2-isopropyl-5-methylphenol),Phenols,,
SCOTCH SPEARMINT OIL (Mentha cardiaca Ger.),MENTHA OILS,Spices & Condiments,carvacrol (=5-isopropyl-2-methylphenol),Phenols,,
SCOTCH SPEARMINT OIL (Mentha cardiaca Ger.),MENTHA OILS,Spices & Condiments,5-isopropenyl-2-methylphenol (=dehydrocarvacrol),Phenols,,
SCOTCH SPEARMINT OIL (Mentha cardiaca Ger.),MENTHA OILS,Spices & Condiments,eugenol (=4-allyl-2-methoxyphenol),Phenols,,
SCOTCH SPEARMINT OIL (Mentha cardiaca Ger.),MENTHA OILS,Spices & Condiments,"cis-2,5-diethyltetrahydrofuran",Furans,,
SCOTCH SPEARMINT OIL (Mentha cardiaca Ger.),MENTHA OILS,Spices & Condiments,"trans-2,5-diethyl-tetrahydrofuran",Furans,1000,1000
SCOTCH SPEARMINT OIL (Mentha cardiaca Ger.),MENTHA OILS,Spices & Condiments,2-ethylfuran,Furans,,
SCOTCH SPEARMINT OIL (Mentha cardiaca Ger.),MENTHA OILS,Spices & Condiments,2-pentylfuran,Furans,,
SCOTCH SPEARMINT OIL (Mentha cardiaca Ger.),MENTHA OILS,Spices & Condiments,"(Z)-3-(tetrahydro-5,5-dimethyl-2-furyl)-2-buten-1-ol",Furans,0.15,0.49
SCOTCH SPEARMINT OIL (Mentha cardiaca Ger.),MENTHA OILS,Spices & Condiments,menthofuran,Furans,1000,1000
SCOTCH SPEARMINT OIL (Mentha cardiaca Ger.),MENTHA OILS,Spices & Condiments,"furfural (=2-formylfuran, 2-furancarbaldehyde, 2-furaldehyde)",Furans,,
SCOTCH SPEARMINT OIL (Mentha cardiaca Ger.),MENTHA OILS,Spices & Condiments,"limonene 8,9-oxide","(Ep)oxides, pyrans, coumarins",,
SCOTCH SPEARMINT OIL (Mentha cardiaca Ger.),MENTHA OILS,Spices & Condiments,"cis-limonene 1,2-oxide","(Ep)oxides, pyrans, coumarins",,
SCOTCH SPEARMINT OIL (Mentha cardiaca Ger.),MENTHA OILS,Spices & Condiments,"trans-limonene 1,2-oxide","(Ep)oxides, pyrans, coumarins",,
SCOTCH SPEARMINT OIL (Mentha cardiaca Ger.),MENTHA OILS,Spices & Condiments,"piperitenone 1,2-oxide","(Ep)oxides, pyrans, coumarins",,
SCOTCH SPEARMINT OIL (Mentha cardiaca Ger.),MENTHA OILS,Spices & Condiments,"cis-carvone 1,2-oxide","(Ep)oxides, pyrans, coumarins",,
SCOTCH SPEARMINT OIL (Mentha cardiaca Ger.),MENTHA OILS,Spices & Condiments,"trans-carvone 1,2-oxide","(Ep)oxides, pyrans, coumarins",,
SCOTCH SPEARMINT OIL (Mentha cardiaca Ger.),MENTHA OILS,Spices & Condiments,"carvone 8,9-oxide","(Ep)oxides, pyrans, coumarins",,
SCOTCH SPEARMINT OIL (Mentha cardiaca Ger.),MENTHA OILS,Spices & Condiments,β-caryophyllene oxide,"(Ep)oxides, pyrans, coumarins",,
SCOTCH SPEARMINT OIL (Mentha cardiaca Ger.),MENTHA OILS,Spices & Condiments,"endo-4(14)-salvialene 1,5-oxide","(Ep)oxides, pyrans, coumarins",,
SCOTCH SPEARMINT OIL (Mentha cardiaca Ger.),MENTHA OILS,Spices & Condiments,"exo-4(14)-salvialene 1,5-oxide","(Ep)oxides, pyrans, coumarins",,
PENNYROYAL OIL (Mentha pulegium L.),MENTHA OILS,Spices & Condiments,β-ocimene,Hydrocarbons,,
PENNYROYAL OIL (Mentha pulegium L.),MENTHA OILS,Spices & Condiments,(Z)-β-ocimene,Hydrocarbons,,
PENNYROYAL OIL (Mentha pulegium L.),MENTHA OILS,Spices & Condiments,(E)-β-ocimene,Hydrocarbons,400,400
PENNYROYAL OIL (Mentha pulegium L.),MENTHA OILS,Spices & Condiments,β-myrcene (=myrcene),Hydrocarbons,2700,2700
PENNYROYAL OIL (Mentha pulegium L.),MENTHA OILS,Spices & Condiments,p-menthane,Hydrocarbons,4000,4000
PENNYROYAL OIL (Mentha pulegium L.),MENTHA OILS,Spices & Condiments,p-menthene (unkn.str.),Hydrocarbons,28000,28000
PENNYROYAL OIL (Mentha pulegium L.),MENTHA OILS,Spices & Condiments,α-phellandrene,Hydrocarbons,3000,3000
PENNYROYAL OIL (Mentha pulegium L.),MENTHA OILS,Spices & Condiments,β-phellandrene,Hydrocarbons,800,20000
PENNYROYAL OIL (Mentha pulegium L.),MENTHA OILS,Spices & Condiments,α-terpinene,Hydrocarbons,trace,1000
PENNYROYAL OIL (Mentha pulegium L.),MENTHA OILS,Spices & Condiments,γ-terpinene,Hydrocarbons,trace,trace
PENNYROYAL OIL (Mentha pulegium L.),MENTHA OILS,Spices & Condiments,terpinolene,Hydrocarbons,100,100
PENNYROYAL OIL (Mentha pulegium L.),MENTHA OILS,Spices & Condiments,limonene,Hydrocarbons,1000,10000
PENNYROYAL OIL (Mentha pulegium L.),MENTHA OILS,Spices & Condiments,germacrene D,Hydrocarbons,,
PENNYROYAL OIL (Mentha pulegium L.),MENTHA OILS,Spices & Condiments,α-humulene (=humulene),Hydrocarbons,,
PENNYROYAL OIL (Mentha pulegium L.),MENTHA OILS,Spices & Condiments,α-pinene,Hydrocarbons,3800,5000
PENNYROYAL OIL (Mentha pulegium L.),MENTHA OILS,Spices & Condiments,β-pinene,Hydrocarbons,2000,3100
PENNYROYAL OIL (Mentha pulegium L.),MENTHA OILS,Spices & Condiments,camphene,Hydrocarbons,100,100
PENNYROYAL OIL (Mentha pulegium L.),MENTHA OILS,Spices & Condiments,β-fenchene,Hydrocarbons,300,300
PENNYROYAL OIL (Mentha pulegium L.),MENTHA OILS,Spices & Condiments,fenchene (unkn.str.),Hydrocarbons,7000,7000
PENNYROYAL OIL (Mentha pulegium L.),MENTHA OILS,Spices & Condiments,sabinene (=4(10)-thujene),Hydrocarbons,1500,7000
PENNYROYAL OIL (Mentha pulegium L.),MENTHA OILS,Spices & Condiments,β-caryophyllene,Hydrocarbons,<1000,<1000
PENNYROYAL OIL (Mentha pulegium L.),MENTHA OILS,Spices & Condiments,β-bourbonene,Hydrocarbons,,
PENNYROYAL OIL (Mentha pulegium L.),MENTHA OILS,Spices & Condiments,1-isopropyl-4-methylbenzene (=p-cymene),Hydrocarbons,300,16000
PENNYROYAL OIL (Mentha pulegium L.),MENTHA OILS,Spices & Condiments,3-octanol,Alcohols,3000,14900
PENNYROYAL OIL (Mentha pulegium L.),MENTHA OILS,Spices & Condiments,1-octen-3-ol,Alcohols,,
PENNYROYAL OIL (Mentha pulegium L.),MENTHA OILS,Spices & Condiments,citronellol,Alcohols,9000,9000
PENNYROYAL OIL (Mentha pulegium L.),MENTHA OILS,Spices & Condiments,nerol,Alcohols,<1000,<1000
PENNYROYAL OIL (Mentha pulegium L.),MENTHA OILS,Spices & Condiments,linalool,Alcohols,,
PENNYROYAL OIL (Mentha pulegium L.),MENTHA OILS,Spices & Condiments,menthol,Alcohols,1100,1100
PENNYROYAL OIL (Mentha pulegium L.),MENTHA OILS,Spices & Condiments,neomenthol,Alcohols,0,148000
PENNYROYAL OIL (Mentha pulegium L.),MENTHA OILS,Spices & Condiments,isomenthol,Alcohols,500,500
PENNYROYAL OIL (Mentha pulegium L.),MENTHA OILS,Spices & Condiments,neoisomenthol,Alcohols,6500,6500
PENNYROYAL OIL (Mentha pulegium L.),MENTHA OILS,Spices & Condiments,α-terpineol,Alcohols,0,14000
PENNYROYAL OIL (Mentha pulegium L.),MENTHA OILS,Spices & Condiments,terpineol (unkn.str.),Alcohols,<1000,<1000
PENNYROYAL OIL (Mentha pulegium L.),MENTHA OILS,Spices & Condiments,piperitol,Alcohols,<1000,<1000
PENNYROYAL OIL (Mentha pulegium L.),MENTHA OILS,Spices & Condiments,borneol,Alcohols,,
PENNYROYAL OIL (Mentha pulegium L.),MENTHA OILS,Spices & Condiments,2-hydroxybenzaldehyde (=salicylaldehyde),"Carbonyls, aldehydes",,
PENNYROYAL OIL (Mentha pulegium L.),MENTHA OILS,Spices & Condiments,3-methylcyclohexanone,"Carbonyls, ketones",,
PENNYROYAL OIL (Mentha pulegium L.),MENTHA OILS,Spices & Condiments,menthone,"Carbonyls, ketones",<1000,308000
PENNYROYAL OIL (Mentha pulegium L.),MENTHA OILS,Spices & Condiments,isomenthone,"Carbonyls, ketones",19000,254000
PENNYROYAL OIL (Mentha pulegium L.),MENTHA OILS,Spices & Condiments,piperitone,"Carbonyls, ketones",1000,876000
PENNYROYAL OIL (Mentha pulegium L.),MENTHA OILS,Spices & Condiments,isopiperitone,"Carbonyls, ketones",,
PENNYROYAL OIL (Mentha pulegium L.),MENTHA OILS,Spices & Condiments,pulegone,"Carbonyls, ketones",36000,744000
PENNYROYAL OIL (Mentha pulegium L.),MENTHA OILS,Spices & Condiments,isopulegone,"Carbonyls, ketones",6500,6500
PENNYROYAL OIL (Mentha pulegium L.),MENTHA OILS,Spices & Condiments,cis-isopulegone,"Carbonyls, ketones",,
PENNYROYAL OIL (Mentha pulegium L.),MENTHA OILS,Spices & Condiments,trans-isopulegone,"Carbonyls, ketones",0,16000
PENNYROYAL OIL (Mentha pulegium L.),MENTHA OILS,Spices & Condiments,isoisopulegone,"Carbonyls, ketones",2200,2200
PENNYROYAL OIL (Mentha pulegium L.),MENTHA OILS,Spices & Condiments,"piperitenone (=p-1,4(8)-menthadien-3-one)","Carbonyls, ketones",trace,25000
PENNYROYAL OIL (Mentha pulegium L.),MENTHA OILS,Spices & Condiments,fenchone,"Carbonyls, ketones",<1000,<1000
PENNYROYAL OIL (Mentha pulegium L.),MENTHA OILS,Spices & Condiments,thujone (=α-thujone),"Carbonyls, ketones",<1000,<1000
PENNYROYAL OIL (Mentha pulegium L.),MENTHA OILS,Spices & Condiments,"3,7-dimethyl-6-oxooctanoic acid (=β-methyl-δ-isobutyryl-valeric acid)",Acids,,
PENNYROYAL OIL (Mentha pulegium L.),MENTHA OILS,Spices & Condiments,3-methylhexanedioic acid (=β-methyladipic acid),Acids,,
PENNYROYAL OIL (Mentha pulegium L.),MENTHA OILS,Spices & Condiments,1-ethylhexyl acetate (=3-octyl acetate),Esters,2900,2900
PENNYROYAL OIL (Mentha pulegium L.),MENTHA OILS,Spices & Condiments,linalyl acetate,Esters,<1000,<1000
PENNYROYAL OIL (Mentha pulegium L.),MENTHA OILS,Spices & Condiments,menthyl acetate,Esters,,
PENNYROYAL OIL (Mentha pulegium L.),MENTHA OILS,Spices & Condiments,neoisomenthyl acetate,Esters,0,153000
PENNYROYAL OIL (Mentha pulegium L.),MENTHA OILS,Spices & Condiments,bornyl acetate,Esters,,
PENNYROYAL OIL (Mentha pulegium L.),MENTHA OILS,Spices & Condiments,linalyl pentanoate,Esters,13000,13000
PENNYROYAL OIL (Mentha pulegium L.),MENTHA OILS,Spices & Condiments,"1,8-cineole (=eucalyptol)",Ethers,,
PENNYROYAL OIL (Mentha pulegium L.),MENTHA OILS,Spices & Condiments,phenol (=hydroxybenzene),Phenols,,
PENNYROYAL OIL (Mentha pulegium L.),MENTHA OILS,Spices & Condiments,2-methylphenol (=o-cresol),Phenols,,
PENNYROYAL OIL (Mentha pulegium L.),MENTHA OILS,Spices & Condiments,4-methylphenol (=p-cresol),Phenols,,
PENNYROYAL OIL (Mentha pulegium L.),MENTHA OILS,Spices & Condiments,eugenol (=4-allyl-2-methoxyphenol),Phenols,,
PENNYROYAL OIL (Mentha pulegium L.),MENTHA OILS,Spices & Condiments,menthofuran,Furans,200,8000
PENNYROYAL OIL (Mentha pulegium L.),MENTHA OILS,Spices & Condiments,dehydromenthofurolactone (unkn.str.),Furans,,
PENNYROYAL OIL (Mentha pulegium L.),MENTHA OILS,Spices & Condiments,menthofurolactone,Furans,,
PENNYROYAL OIL (Mentha pulegium L.),MENTHA OILS,Spices & Condiments,cis-pulegone oxide,"(Ep)oxides, pyrans, coumarins",,
PENNYROYAL OIL (Mentha pulegium L.),MENTHA OILS,Spices & Condiments,trans-pulegone oxide,"(Ep)oxides, pyrans, coumarins",,
"MENTHA OILS, OTHER",MENTHA OILS,Spices & Condiments,hexane,Hydrocarbons,,
"MENTHA OILS, OTHER",MENTHA OILS,Spices & Condiments,β-ocimene,Hydrocarbons,,
"MENTHA OILS, OTHER",MENTHA OILS,Spices & Condiments,(Z)-β-ocimene,Hydrocarbons,,
"MENTHA OILS, OTHER",MENTHA OILS,Spices & Condiments,(E)-β-ocimene,Hydrocarbons,,
"MENTHA OILS, OTHER",MENTHA OILS,Spices & Condiments,β-myrcene (=myrcene),Hydrocarbons,,
"MENTHA OILS, OTHER",MENTHA OILS,Spices & Condiments,"(E,E)-α-farnesene (=α-farnesene)",Hydrocarbons,,
"MENTHA OILS, OTHER",MENTHA OILS,Spices & Condiments,β-farnesene,Hydrocarbons,,
"MENTHA OILS, OTHER",MENTHA OILS,Spices & Condiments,(E)-β-farnesene,Hydrocarbons,,
"MENTHA OILS, OTHER",MENTHA OILS,Spices & Condiments,p-menthane,Hydrocarbons,,
"MENTHA OILS, OTHER",MENTHA OILS,Spices & Condiments,p-menthene (unkn.str.),Hydrocarbons,,
"MENTHA OILS, OTHER",MENTHA OILS,Spices & Condiments,α-phellandrene,Hydrocarbons,,
"MENTHA OILS, OTHER",MENTHA OILS,Spices & Condiments,β-phellandrene,Hydrocarbons,,
"MENTHA OILS, OTHER",MENTHA OILS,Spices & Condiments,α-terpinene,Hydrocarbons,,
"MENTHA OILS, OTHER",MENTHA OILS,Spices & Condiments,γ-terpinene,Hydrocarbons,,
"MENTHA OILS, OTHER",MENTHA OILS,Spices & Condiments,terpinolene,Hydrocarbons,,
"MENTHA OILS, OTHER",MENTHA OILS,Spices & Condiments,limonene,Hydrocarbons,,
"MENTHA OILS, OTHER",MENTHA OILS,Spices & Condiments,α-elemene,Hydrocarbons,,
"MENTHA OILS, OTHER",MENTHA OILS,Spices & Condiments,β-elemene,Hydrocarbons,,
"MENTHA OILS, OTHER",MENTHA OILS,Spices & Condiments,elemene (unkn.str.),Hydrocarbons,,
"MENTHA OILS, OTHER",MENTHA OILS,Spices & Condiments,bisabolene (unkn.str.),Hydrocarbons,,
"MENTHA OILS, OTHER",MENTHA OILS,Spices & Condiments,germacrene D,Hydrocarbons,,
"MENTHA OILS, OTHER",MENTHA OILS,Spices & Condiments,germacrene (unkn.str.),Hydrocarbons,,
"MENTHA OILS, OTHER",MENTHA OILS,Spices & Condiments,α-humulene (=humulene),Hydrocarbons,,
"MENTHA OILS, OTHER",MENTHA OILS,Spices & Condiments,α-pinene,Hydrocarbons,,
"MENTHA OILS, OTHER",MENTHA OILS,Spices & Condiments,β-pinene,Hydrocarbons,,
"MENTHA OILS, OTHER",MENTHA OILS,Spices & Condiments,camphene,Hydrocarbons,,
"MENTHA OILS, OTHER",MENTHA OILS,Spices & Condiments,fenchene (unkn.str.),Hydrocarbons,,
"MENTHA OILS, OTHER",MENTHA OILS,Spices & Condiments,α-thujene,Hydrocarbons,,
"MENTHA OILS, OTHER",MENTHA OILS,Spices & Condiments,sabinene (=4(10)-thujene),Hydrocarbons,,
"MENTHA OILS, OTHER",MENTHA OILS,Spices & Condiments,α-cadinene,Hydrocarbons,,
"MENTHA OILS, OTHER",MENTHA OILS,Spices & Condiments,γ-cadinene,Hydrocarbons,,
"MENTHA OILS, OTHER",MENTHA OILS,Spices & Condiments,δ-cadinene,Hydrocarbons,,
"MENTHA OILS, OTHER",MENTHA OILS,Spices & Condiments,ε-cadinene,Hydrocarbons,,
"MENTHA OILS, OTHER",MENTHA OILS,Spices & Condiments,α-muurolene,Hydrocarbons,,
"MENTHA OILS, OTHER",MENTHA OILS,Spices & Condiments,γ-muurolene,Hydrocarbons,,
"MENTHA OILS, OTHER",MENTHA OILS,Spices & Condiments,bicyclogermacrene,Hydrocarbons,,
"MENTHA OILS, OTHER",MENTHA OILS,Spices & Condiments,β-caryophyllene,Hydrocarbons,,
"MENTHA OILS, OTHER",MENTHA OILS,Spices & Condiments,γ-caryophyllene (=isocaryophyllene),Hydrocarbons,,
"MENTHA OILS, OTHER",MENTHA OILS,Spices & Condiments,α-cubebene,Hydrocarbons,,
"MENTHA OILS, OTHER",MENTHA OILS,Spices & Condiments,β-cubebene,Hydrocarbons,,
"MENTHA OILS, OTHER",MENTHA OILS,Spices & Condiments,α-copaene (=copaene),Hydrocarbons,,
"MENTHA OILS, OTHER",MENTHA OILS,Spices & Condiments,β-copaene,Hydrocarbons,,
"MENTHA OILS, OTHER",MENTHA OILS,Spices & Condiments,β-ylangene,Hydrocarbons,,
"MENTHA OILS, OTHER",MENTHA OILS,Spices & Condiments,β-bourbonene,Hydrocarbons,,
"MENTHA OILS, OTHER",MENTHA OILS,Spices & Condiments,alloaromadendrene,Hydrocarbons,,
"MENTHA OILS, OTHER",MENTHA OILS,Spices & Condiments,α-gurjunene,Hydrocarbons,,
"MENTHA OILS, OTHER",MENTHA OILS,Spices & Condiments,methylbenzene (=toluene),Hydrocarbons,,
"MENTHA OILS, OTHER",MENTHA OILS,Spices & Condiments,1-isopropyl-4-methylbenzene (=p-cymene),Hydrocarbons,,
"MENTHA OILS, OTHER",MENTHA OILS,Spices & Condiments,"1-isopropenyl-4-methylbenzene (=α,p-dimethyl styrene, p-cymenene, dehydro-p-cymene)",Hydrocarbons,,
"MENTHA OILS, OTHER",MENTHA OILS,Spices & Condiments,cuparene,Hydrocarbons,,
"MENTHA OILS, OTHER",MENTHA OILS,Spices & Condiments,calamenene,Hydrocarbons,,
"MENTHA OILS, OTHER",MENTHA OILS,Spices & Condiments,naphthalene,Hydrocarbons,,
"MENTHA OILS, OTHER",MENTHA OILS,Spices & Condiments,"2,4-dimethyl-2-hexanol",Alcohols,,
"MENTHA OILS, OTHER",MENTHA OILS,Spices & Condiments,3-octanol,Alcohols,,
"MENTHA OILS, OTHER",MENTHA OILS,Spices & Condiments,1-octen-3-ol,Alcohols,,
"MENTHA OILS, OTHER",MENTHA OILS,Spices & Condiments,1-decanol,Alcohols,,
"MENTHA OILS, OTHER",MENTHA OILS,Spices & Condiments,citronellol,Alcohols,,
"MENTHA OILS, OTHER",MENTHA OILS,Spices & Condiments,geraniol,Alcohols,,
"MENTHA OILS, OTHER",MENTHA OILS,Spices & Condiments,nerol,Alcohols,,
"MENTHA OILS, OTHER",MENTHA OILS,Spices & Condiments,linalool,Alcohols,,
"MENTHA OILS, OTHER",MENTHA OILS,Spices & Condiments,"p-cymen-8-ol (=α,α,p-trimethyl-benzyl alcohol)",Alcohols,,
"MENTHA OILS, OTHER",MENTHA OILS,Spices & Condiments,menthol,Alcohols,,
"MENTHA OILS, OTHER",MENTHA OILS,Spices & Condiments,neomenthol,Alcohols,,
"MENTHA OILS, OTHER",MENTHA OILS,Spices & Condiments,isomenthol,Alcohols,,
"MENTHA OILS, OTHER",MENTHA OILS,Spices & Condiments,neoisomenthol,Alcohols,,
"MENTHA OILS, OTHER",MENTHA OILS,Spices & Condiments,p-menth-7-ol,Alcohols,,
"MENTHA OILS, OTHER",MENTHA OILS,Spices & Condiments,α-terpineol,Alcohols,,
"MENTHA OILS, OTHER",MENTHA OILS,Spices & Condiments,β-terpineol,Alcohols,,
"MENTHA OILS, OTHER",MENTHA OILS,Spices & Condiments,δ-terpineol,Alcohols,,
"MENTHA OILS, OTHER",MENTHA OILS,Spices & Condiments,4-terpineol (=terpinen-4-ol),Alcohols,,
"MENTHA OILS, OTHER",MENTHA OILS,Spices & Condiments,terpineol (unkn.str.),Alcohols,,
"MENTHA OILS, OTHER",MENTHA OILS,Spices & Condiments,dihydrocarveol,Alcohols,,
"MENTHA OILS, OTHER",MENTHA OILS,Spices & Condiments,neodihydrocarveol,Alcohols,,
"MENTHA OILS, OTHER",MENTHA OILS,Spices & Condiments,neoisodihydrocarveol,Alcohols,,
"MENTHA OILS, OTHER",MENTHA OILS,Spices & Condiments,piperitol,Alcohols,,
"MENTHA OILS, OTHER",MENTHA OILS,Spices & Condiments,p-8-menthen-10-ol (=dihydrolimonen-10-ol),Alcohols,,
"MENTHA OILS, OTHER",MENTHA OILS,Spices & Condiments,"carveol (=p-1(6),8-menthadien-2-ol)",Alcohols,,
"MENTHA OILS, OTHER",MENTHA OILS,Spices & Condiments,"cis-carveol (= cis-p-1(6),8-menthadien-2-ol)",Alcohols,,
"MENTHA OILS, OTHER",MENTHA OILS,Spices & Condiments,"trans-carveol (=trans-p-1(6),8-menthadien-2-ol)",Alcohols,,
"MENTHA OILS, OTHER",MENTHA OILS,Spices & Condiments,"p-menthane-1,3-diol (=1-hydroxymenthol)",Alcohols,,
"MENTHA OILS, OTHER",MENTHA OILS,Spices & Condiments,trans-pinocarveol,Alcohols,,
"MENTHA OILS, OTHER",MENTHA OILS,Spices & Condiments,borneol,Alcohols,,
"MENTHA OILS, OTHER",MENTHA OILS,Spices & Condiments,sabinene hydrate (=4-thujanol),Alcohols,,
"MENTHA OILS, OTHER",MENTHA OILS,Spices & Condiments,cis-sabinene hydrate (=cis-4-thujanol),Alcohols,,
"MENTHA OILS, OTHER",MENTHA OILS,Spices & Condiments,trans-sabinene hydrate (=trans-4-thujanol),Alcohols,,
"MENTHA OILS, OTHER",MENTHA OILS,Spices & Condiments,α-cadinol,Alcohols,,
"MENTHA OILS, OTHER",MENTHA OILS,Spices & Condiments,cadinol-T,Alcohols,,
"MENTHA OILS, OTHER",MENTHA OILS,Spices & Condiments,cubenol,Alcohols,,
"MENTHA OILS, OTHER",MENTHA OILS,Spices & Condiments,viridiflorol,Alcohols,,
"MENTHA OILS, OTHER",MENTHA OILS,Spices & Condiments,spathulenol (=(+)-spathulenol),Alcohols,,
"MENTHA OILS, OTHER",MENTHA OILS,Spices & Condiments,2-butylhexanal,"Carbonyls, aldehydes",,
"MENTHA OILS, OTHER",MENTHA OILS,Spices & Condiments,nonanal (=pelargonaldehyde),"Carbonyls, aldehydes",,
"MENTHA OILS, OTHER",MENTHA OILS,Spices & Condiments,5-methylnonanal,"Carbonyls, aldehydes",,
"MENTHA OILS, OTHER",MENTHA OILS,Spices & Condiments,"acetone (=2-propanone, dimethyl ketone)","Carbonyls, ketones",,
"MENTHA OILS, OTHER",MENTHA OILS,Spices & Condiments,"1-hydroxy-2-propanone (=acetol, pyruvic alcohol)","Carbonyls, ketones",,
"MENTHA OILS, OTHER",MENTHA OILS,Spices & Condiments,3-octanone,"Carbonyls, ketones",,
"MENTHA OILS, OTHER",MENTHA OILS,Spices & Condiments,3-decanone,"Carbonyls, ketones",,
"MENTHA OILS, OTHER",MENTHA OILS,Spices & Condiments,3-dodecanone,"Carbonyls, ketones",,
"MENTHA OILS, OTHER",MENTHA OILS,Spices & Condiments,jasmone,"Carbonyls, ketones",,
"MENTHA OILS, OTHER",MENTHA OILS,Spices & Condiments,(Z)-jasmone,"Carbonyls, ketones",,
"MENTHA OILS, OTHER",MENTHA OILS,Spices & Condiments,3-methylcyclohexanone,"Carbonyls, ketones",,
"MENTHA OILS, OTHER",MENTHA OILS,Spices & Condiments,4-methylacetophenone,"Carbonyls, ketones",,
"MENTHA OILS, OTHER",MENTHA OILS,Spices & Condiments,menthone,"Carbonyls, ketones",,
"MENTHA OILS, OTHER",MENTHA OILS,Spices & Condiments,isomenthone,"Carbonyls, ketones",,
"MENTHA OILS, OTHER",MENTHA OILS,Spices & Condiments,piperitone,"Carbonyls, ketones",,
"MENTHA OILS, OTHER",MENTHA OILS,Spices & Condiments,pulegone,"Carbonyls, ketones",,
"MENTHA OILS, OTHER",MENTHA OILS,Spices & Condiments,isopulegone,"Carbonyls, ketones",,
"MENTHA OILS, OTHER",MENTHA OILS,Spices & Condiments,cis-isopulegone,"Carbonyls, ketones",,
"MENTHA OILS, OTHER",MENTHA OILS,Spices & Condiments,trans-isopulegone,"Carbonyls, ketones",,
"MENTHA OILS, OTHER",MENTHA OILS,Spices & Condiments,"piperitenone (=p-1,4(8)-menthadien-3-one)","Carbonyls, ketones",,
"MENTHA OILS, OTHER",MENTHA OILS,Spices & Condiments,4-hydroxypiperitone,"Carbonyls, ketones",,
"MENTHA OILS, OTHER",MENTHA OILS,Spices & Condiments,dihydrocarvone (=p-8-menthen-2-one),"Carbonyls, ketones",,
"MENTHA OILS, OTHER",MENTHA OILS,Spices & Condiments,trans-dihydrocarvone,"Carbonyls, ketones",,
"MENTHA OILS, OTHER",MENTHA OILS,Spices & Condiments,cis-dihydrocarvone,"Carbonyls, ketones",,
"MENTHA OILS, OTHER",MENTHA OILS,Spices & Condiments,"carvone (=p-6,8-menthadien-2-one)","Carbonyls, ketones",,
"MENTHA OILS, OTHER",MENTHA OILS,Spices & Condiments,"isopiperitenone (=p-1,8-menthadien-3-one)","Carbonyls, ketones",,
"MENTHA OILS, OTHER",MENTHA OILS,Spices & Condiments,camphor (=alcanfor),"Carbonyls, ketones",,
"MENTHA OILS, OTHER",MENTHA OILS,Spices & Condiments,pinocamphone,"Carbonyls, ketones",,
"MENTHA OILS, OTHER",MENTHA OILS,Spices & Condiments,isopinocamphone,"Carbonyls, ketones",,
"MENTHA OILS, OTHER",MENTHA OILS,Spices & Condiments,fenchone,"Carbonyls, ketones",,
"MENTHA OILS, OTHER",MENTHA OILS,Spices & Condiments,thujone (=α-thujone),"Carbonyls, ketones",,
"MENTHA OILS, OTHER",MENTHA OILS,Spices & Condiments,acetic acid,Acids,,
"MENTHA OILS, OTHER",MENTHA OILS,Spices & Condiments,octyl acetate,Esters,,
"MENTHA OILS, OTHER",MENTHA OILS,Spices & Condiments,1-ethylhexyl acetate (=3-octyl acetate),Esters,,
"MENTHA OILS, OTHER",MENTHA OILS,Spices & Condiments,1-octen-3-yl acetate,Esters,,
"MENTHA OILS, OTHER",MENTHA OILS,Spices & Condiments,"3,7-dimethyloctyl acetate",Esters,,
"MENTHA OILS, OTHER",MENTHA OILS,Spices & Condiments,geranyl acetate,Esters,,
"MENTHA OILS, OTHER",MENTHA OILS,Spices & Condiments,neryl acetate,Esters,,
"MENTHA OILS, OTHER",MENTHA OILS,Spices & Condiments,linalyl acetate,Esters,,
"MENTHA OILS, OTHER",MENTHA OILS,Spices & Condiments,farnesyl acetate,Esters,,
"MENTHA OILS, OTHER",MENTHA OILS,Spices & Condiments,eugenyl acetate (=acetyl eugenol),Esters,,
"MENTHA OILS, OTHER",MENTHA OILS,Spices & Condiments,menthyl acetate,Esters,,
"MENTHA OILS, OTHER",MENTHA OILS,Spices & Condiments,isomenthyl acetate,Esters,,
"MENTHA OILS, OTHER",MENTHA OILS,Spices & Condiments,neomenthyl acetate,Esters,,
"MENTHA OILS, OTHER",MENTHA OILS,Spices & Condiments,neoisomenthyl acetate,Esters,,
"MENTHA OILS, OTHER",MENTHA OILS,Spices & Condiments,p-8-menthen-10-yl acetate,Esters,,
"MENTHA OILS, OTHER",MENTHA OILS,Spices & Condiments,"1,2-epoxymenthyl acetate",Esters,,
"MENTHA OILS, OTHER",MENTHA OILS,Spices & Condiments,"1,2-epoxyneomenthyl acetate",Esters,,
"MENTHA OILS, OTHER",MENTHA OILS,Spices & Condiments,α-terpinyl acetate,Esters,,
"MENTHA OILS, OTHER",MENTHA OILS,Spices & Condiments,terpinyl acetate (unkn.str.),Esters,,
"MENTHA OILS, OTHER",MENTHA OILS,Spices & Condiments,dihydrocarvyl acetate,Esters,,
"MENTHA OILS, OTHER",MENTHA OILS,Spices & Condiments,neodihydrocarvyl acetate,Esters,,
"MENTHA OILS, OTHER",MENTHA OILS,Spices & Condiments,carvyl acetate,Esters,,
"MENTHA OILS, OTHER",MENTHA OILS,Spices & Condiments,trans-carvyl acetate,Esters,,
"MENTHA OILS, OTHER",MENTHA OILS,Spices & Condiments,cis-carvyl acetate,Esters,,
"MENTHA OILS, OTHER",MENTHA OILS,Spices & Condiments,"p-1,8(10)-menthadien-9-yl acetate",Esters,,
"MENTHA OILS, OTHER",MENTHA OILS,Spices & Condiments,1-acetoxymenthone,Esters,,
"MENTHA OILS, OTHER",MENTHA OILS,Spices & Condiments,bornyl acetate,Esters,,
"MENTHA OILS, OTHER",MENTHA OILS,Spices & Condiments,(Z)-3-hexenyl 2-methylbutanoate,Esters,,
"MENTHA OILS, OTHER",MENTHA OILS,Spices & Condiments,hexyl 3-methylbutanoate (=hexyl isovalerate),Esters,,
"MENTHA OILS, OTHER",MENTHA OILS,Spices & Condiments,(Z)-3-hexenyl 3-methylbutanoate,Esters,,
"MENTHA OILS, OTHER",MENTHA OILS,Spices & Condiments,hexenyl 3-methylbutanoate (unkn.str.),Esters,,
"MENTHA OILS, OTHER",MENTHA OILS,Spices & Condiments,pentyl pentanoate,Esters,,
"MENTHA OILS, OTHER",MENTHA OILS,Spices & Condiments,hexyl pentanoate,Esters,,
"MENTHA OILS, OTHER",MENTHA OILS,Spices & Condiments,3-hexenyl pentanoate,Esters,,
"MENTHA OILS, OTHER",MENTHA OILS,Spices & Condiments,hexenyl pentanoate (unkn.str.),Esters,,
"MENTHA OILS, OTHER",MENTHA OILS,Spices & Condiments,"1,8-cineole (=eucalyptol)",Ethers,,
"MENTHA OILS, OTHER",MENTHA OILS,Spices & Condiments,thymol (=2-isopropyl-5-methylphenol),Phenols,,
"MENTHA OILS, OTHER",MENTHA OILS,Spices & Condiments,carvacrol (=5-isopropyl-2-methylphenol),Phenols,,
"MENTHA OILS, OTHER",MENTHA OILS,Spices & Condiments,"trans-2,5-diethyl-tetrahydrofuran",Furans,,
"MENTHA OILS, OTHER",MENTHA OILS,Spices & Condiments,linalool oxide (5),Furans,,
"MENTHA OILS, OTHER",MENTHA OILS,Spices & Condiments,menthofuran,Furans,,
"MENTHA OILS, OTHER",MENTHA OILS,Spices & Condiments,menthofuran oxide,Furans,,
"MENTHA OILS, OTHER",MENTHA OILS,Spices & Condiments,dihydroxymenthofuran oxide (unkn.str.),Furans,,
"MENTHA OILS, OTHER",MENTHA OILS,Spices & Condiments,"neomenthol 1,2-oxide","(Ep)oxides, pyrans, coumarins",,
"MENTHA OILS, OTHER",MENTHA OILS,Spices & Condiments,cis-piperitol oxide,"(Ep)oxides, pyrans, coumarins",,
"MENTHA OILS, OTHER",MENTHA OILS,Spices & Condiments,trans-piperitol oxide,"(Ep)oxides, pyrans, coumarins",,
"MENTHA OILS, OTHER",MENTHA OILS,Spices & Condiments,piperitone oxide,"(Ep)oxides, pyrans, coumarins",,
"MENTHA OILS, OTHER",MENTHA OILS,Spices & Condiments,cis-piperitone oxide,"(Ep)oxides, pyrans, coumarins",,
"MENTHA OILS, OTHER",MENTHA OILS,Spices & Condiments,trans-piperitone oxide,"(Ep)oxides, pyrans, coumarins",,
"MENTHA OILS, OTHER",MENTHA OILS,Spices & Condiments,4-hydroxypiperitone oxide,"(Ep)oxides, pyrans, coumarins",,
"MENTHA OILS, OTHER",MENTHA OILS,Spices & Condiments,"piperitenone 1,2-oxide","(Ep)oxides, pyrans, coumarins",,
"MENTHA OILS, OTHER",MENTHA OILS,Spices & Condiments,cis-pulegone oxide,"(Ep)oxides, pyrans, coumarins",,
"MENTHA OILS, OTHER",MENTHA OILS,Spices & Condiments,trans-pulegone oxide,"(Ep)oxides, pyrans, coumarins",,
"MENTHA OILS, OTHER",MENTHA OILS,Spices & Condiments,β-caryophyllene oxide,"(Ep)oxides, pyrans, coumarins",,
"MENTHA OILS, OTHER",MENTHA OILS,Spices & Condiments,linalool oxide (unkn.str.),"(Ep)oxides, pyrans, coumarins",,
"MENTHA OILS, OTHER",MENTHA OILS,Spices & Condiments,cis-linalool oxide (unkn.str.),"(Ep)oxides, pyrans, coumarins",,
"MENTHA OILS, OTHER",MENTHA OILS,Spices & Condiments,trans-linalool oxide (unkn.str.),"(Ep)oxides, pyrans, coumarins",,
MUSTARD (Brassica species),,Spices & Condiments,dodecane,Hydrocarbons,2000,2000
MUSTARD (Brassica species),,Spices & Condiments,tridecane,Hydrocarbons,5000,5000
MUSTARD (Brassica species),,Spices & Condiments,"2,5-dimethyltridecane",Hydrocarbons,,
MUSTARD (Brassica species),,Spices & Condiments,tetradecane,Hydrocarbons,,
MUSTARD (Brassica species),,Spices & Condiments,pentadecane,Hydrocarbons,1000,1000
MUSTARD (Brassica species),,Spices & Condiments,hexadecane,Hydrocarbons,1000,1000
MUSTARD (Brassica species),,Spices & Condiments,heptadecane,Hydrocarbons,trace,trace
MUSTARD (Brassica species),,Spices & Condiments,octadecane,Hydrocarbons,trace,trace
MUSTARD (Brassica species),,Spices & Condiments,nonadecane,Hydrocarbons,,
MUSTARD (Brassica species),,Spices & Condiments,eicosane,Hydrocarbons,,
MUSTARD (Brassica species),,Spices & Condiments,heneicosane,Hydrocarbons,,
MUSTARD (Brassica species),,Spices & Condiments,docosane,Hydrocarbons,,
MUSTARD (Brassica species),,Spices & Condiments,limonene,Hydrocarbons,,
MUSTARD (Brassica species),,Spices & Condiments,γ-elemene,Hydrocarbons,,
MUSTARD (Brassica species),,Spices & Condiments,β-bisabolene,Hydrocarbons,,
MUSTARD (Brassica species),,Spices & Condiments,"1,3-diethylbenzene",Hydrocarbons,,
MUSTARD (Brassica species),,Spices & Condiments,cuparene,Hydrocarbons,,
MUSTARD (Brassica species),,Spices & Condiments,3-methyl-1-butanol (=isoamyl alcohol),Alcohols,5000,5000
MUSTARD (Brassica species),,Spices & Condiments,1-pentanol (=amyl alcohol),Alcohols,2000,2000
MUSTARD (Brassica species),,Spices & Condiments,1-penten-3-ol,Alcohols,,
MUSTARD (Brassica species),,Spices & Condiments,1-hexanol,Alcohols,4000,4000
MUSTARD (Brassica species),,Spices & Condiments,(Z)-3-hexen-1-ol (=leaf alcohol),Alcohols,,
MUSTARD (Brassica species),,Spices & Condiments,1-hexen-3-ol,Alcohols,,
MUSTARD (Brassica species),,Spices & Condiments,1-heptanol,Alcohols,1000,1000
MUSTARD (Brassica species),,Spices & Condiments,1-octanol,Alcohols,1000,1000
MUSTARD (Brassica species),,Spices & Condiments,1-octen-3-ol,Alcohols,1000,1000
MUSTARD (Brassica species),,Spices & Condiments,1-hexadecanol (=cetanol),Alcohols,,
MUSTARD (Brassica species),,Spices & Condiments,citronellol,Alcohols,5000,5000
MUSTARD (Brassica species),,Spices & Condiments,geraniol,Alcohols,2000,2000
MUSTARD (Brassica species),,Spices & Condiments,nerol,Alcohols,trace,trace
MUSTARD (Brassica species),,Spices & Condiments,linalool,Alcohols,4000,4000
MUSTARD (Brassica species),,Spices & Condiments,benzyl alcohol (=benzenemethanol),Alcohols,2000,2000
MUSTARD (Brassica species),,Spices & Condiments,2-phenylethanol (=phenethyl alcohol),Alcohols,23000,23000
MUSTARD (Brassica species),,Spices & Condiments,2-methyl-2-pentenal,"Carbonyls, aldehydes",,
MUSTARD (Brassica species),,Spices & Condiments,nonanal (=pelargonaldehyde),"Carbonyls, aldehydes",40000,40000
MUSTARD (Brassica species),,Spices & Condiments,benzaldehyde,"Carbonyls, aldehydes",,
MUSTARD (Brassica species),,Spices & Condiments,phenylacetaldehyde (=benzeneacetaldehyde),"Carbonyls, aldehydes",12000,12000
MUSTARD (Brassica species),,Spices & Condiments,1-octen-3-one,"Carbonyls, ketones",8000,8000
MUSTARD (Brassica species),,Spices & Condiments,ethyl acetate,Esters,,
MUSTARD (Brassica species),,Spices & Condiments,benzyl acetate,Esters,trace,trace
MUSTARD (Brassica species),,Spices & Condiments,ethyl octanoate (=ethyl caprylate),Esters,,
MUSTARD (Brassica species),,Spices & Condiments,"methyl 2,4,6-trimethylundecanoate",Esters,,
MUSTARD (Brassica species),,Spices & Condiments,methyl dodecanoate (=methyl laurate),Esters,,
MUSTARD (Brassica species),,Spices & Condiments,methyl tridecanoate,Esters,,
MUSTARD (Brassica species),,Spices & Condiments,methyl 2-methyltridecanoate,Esters,,
MUSTARD (Brassica species),,Spices & Condiments,methyl hexadecanoate (=methyl palmitate),Esters,,
MUSTARD (Brassica species),,Spices & Condiments,ethyl hexadecanoate (=ethyl palmitate),Esters,,
MUSTARD (Brassica species),,Spices & Condiments,ethyl octadecanoate (=ethyl stearate),Esters,,
MUSTARD (Brassica species),,Spices & Condiments,"methyl 14,17-octadecadienoate",Esters,,
MUSTARD (Brassica species),,Spices & Condiments,methyl benzoate,Esters,25000,25000
MUSTARD (Brassica species),,Spices & Condiments,dibutyl phthalate,Esters,,
MUSTARD (Brassica species),,Spices & Condiments,"2,4-diphenylpyrrole",Bases,,
MUSTARD (Brassica species),,Spices & Condiments,diethyl sulfide (=ethylthioethane),Sulfur compounds,,
MUSTARD (Brassica species),,Spices & Condiments,dipropyl sulfide (=1-(propylthio)propane),Sulfur compounds,,
MUSTARD (Brassica species),,Spices & Condiments,"diallyl sulfide (=thioallyl ether, 1-(allylthio)-2-propene)",Sulfur compounds,,
MUSTARD (Brassica species),,Spices & Condiments,carbon disulfide,Sulfur compounds,,
MUSTARD (Brassica species),,Spices & Condiments,"dimethyl trisulfide (=2,3,4-trithiapentane, methyltrithiomethane)",Sulfur compounds,,
MUSTARD (Brassica species),,Spices & Condiments,allyl thiocyanate,Sulfur compounds,,
MUSTARD (Brassica species),,Spices & Condiments,allyl isothiocyanate (=allyl mustard oil),Sulfur compounds,,
MUSTARD (Brassica species),,Spices & Condiments,butyl isothiocyanate,Sulfur compounds,44000,44000
MUSTARD (Brassica species),,Spices & Condiments,3-butenyl isothiocyanate,Sulfur compounds,,
MUSTARD (Brassica species),,Spices & Condiments,4-pentenyl isothiocyanate,Sulfur compounds,,
MUSTARD (Brassica species),,Spices & Condiments,benzyl isothiocyanate,Sulfur compounds,trace,trace
MUSTARD (Brassica species),,Spices & Condiments,phenethyl isothiocyanate,Sulfur compounds,,
MUSTARD (Brassica species),,Spices & Condiments,4-phenylisothiazole,Sulfur compounds,,
MUSTARD (Brassica species),,Spices & Condiments,"1,1-diethoxyethane (=acetal, acetaldehyde diethyl acetal)",Acetals,,
MUSTARD (Brassica species),,Spices & Condiments,"3-butenenitrile (=allyl cyanide, vinylacetonitrile)",Nitriles and amides,173000,173000
MUSTARD (Brassica species),,Spices & Condiments,"phenylacetonitrile (=benzyl cyanide, benzeneacetonitrile)",Nitriles and amides,,
MUSTARD (Brassica species),,Spices & Condiments,"3-phenylpropanenitrile (=phenethyl cyanide, benzenepropanenitrile)",Nitriles and amides,,
MUSTARD (Brassica species),,Spices & Condiments,3-phenylpropanamide,Nitriles and amides,,
MUSTARD (Brassica species),,Spices & Condiments,2-allylphenol,Phenols,,
MUSTARD (Brassica species),,Spices & Condiments,"1-allyl-4-methoxybenzene (=estragole, methylchavicol)",Phenols,,
MUSTARD (Brassica species),,Spices & Condiments,anethole (=1-methoxy-4-(1-propenyl)benzene),Phenols,,
MUSTARD (Brassica species),,Spices & Condiments,2-methoxyphenol (=guaiacol),Phenols,trace,trace
MUSTARD (Brassica species),,Spices & Condiments,7-methoxybenzofuran,Furans,,
MUSTARD (Brassica species),,Spices & Condiments,"furfural (=2-formylfuran, 2-furancarbaldehyde, 2-furaldehyde)",Furans,29000,29000
NUTMEG (Myristica fragrans Houttuyn),,Spices & Condiments,β-myrcene (=myrcene),Hydrocarbons,16000,40000
NUTMEG (Myristica fragrans Houttuyn),,Spices & Condiments,"(E,E)-α-farnesene (=α-farnesene)",Hydrocarbons,,
NUTMEG (Myristica fragrans Houttuyn),,Spices & Condiments,(E)-β-farnesene,Hydrocarbons,trace,trace
NUTMEG (Myristica fragrans Houttuyn),,Spices & Condiments,α-phellandrene,Hydrocarbons,7000,16000
NUTMEG (Myristica fragrans Houttuyn),,Spices & Condiments,(4S)-(+)-α-phellandrene,Hydrocarbons,,
NUTMEG (Myristica fragrans Houttuyn),,Spices & Condiments,β-phellandrene,Hydrocarbons,20000,24000
NUTMEG (Myristica fragrans Houttuyn),,Spices & Condiments,(4R)-(+)-β-phellandrene,Hydrocarbons,,
NUTMEG (Myristica fragrans Houttuyn),,Spices & Condiments,(4S)-(-)-β-phellandrene,Hydrocarbons,,
NUTMEG (Myristica fragrans Houttuyn),,Spices & Condiments,α-terpinene,Hydrocarbons,8000,40000
NUTMEG (Myristica fragrans Houttuyn),,Spices & Condiments,γ-terpinene,Hydrocarbons,10000,77000
NUTMEG (Myristica fragrans Houttuyn),,Spices & Condiments,terpinolene,Hydrocarbons,6000,30000
NUTMEG (Myristica fragrans Houttuyn),,Spices & Condiments,limonene,Hydrocarbons,26000,130000
NUTMEG (Myristica fragrans Houttuyn),,Spices & Condiments,(4R)-(+)-limonene,Hydrocarbons,,
NUTMEG (Myristica fragrans Houttuyn),,Spices & Condiments,(4S)-(-)-limonene,Hydrocarbons,,
NUTMEG (Myristica fragrans Houttuyn),,Spices & Condiments,β-sesquiphellandrene,Hydrocarbons,trace,trace
NUTMEG (Myristica fragrans Houttuyn),,Spices & Condiments,β-elemene,Hydrocarbons,trace,trace
NUTMEG (Myristica fragrans Houttuyn),,Spices & Condiments,β-bisabolene,Hydrocarbons,trace,trace
NUTMEG (Myristica fragrans Houttuyn),,Spices & Condiments,germacrene D,Hydrocarbons,,
NUTMEG (Myristica fragrans Houttuyn),,Spices & Condiments,α-humulene (=humulene),Hydrocarbons,trace,trace
NUTMEG (Myristica fragrans Houttuyn),,Spices & Condiments,α-pinene,Hydrocarbons,30000,460000
NUTMEG (Myristica fragrans Houttuyn),,Spices & Condiments,(1R)-α-pinene,Hydrocarbons,,
NUTMEG (Myristica fragrans Houttuyn),,Spices & Condiments,(1S)-α-pinene,Hydrocarbons,,
NUTMEG (Myristica fragrans Houttuyn),,Spices & Condiments,β-pinene,Hydrocarbons,70000,680000
NUTMEG (Myristica fragrans Houttuyn),,Spices & Condiments,(1R)-β-pinene,Hydrocarbons,,
NUTMEG (Myristica fragrans Houttuyn),,Spices & Condiments,(1S)-β-pinene,Hydrocarbons,,
NUTMEG (Myristica fragrans Houttuyn),,Spices & Condiments,camphene,Hydrocarbons,2000,100000
NUTMEG (Myristica fragrans Houttuyn),,Spices & Condiments,(1S)-(-)-camphene,Hydrocarbons,,
NUTMEG (Myristica fragrans Houttuyn),,Spices & Condiments,cyclocopacamphene,Hydrocarbons,trace,trace
NUTMEG (Myristica fragrans Houttuyn),,Spices & Condiments,α-thujene,Hydrocarbons,9000,9000
NUTMEG (Myristica fragrans Houttuyn),,Spices & Condiments,(1R)-(-)-α-thujene,Hydrocarbons,,
NUTMEG (Myristica fragrans Houttuyn),,Spices & Condiments,(1S)-(+)-α-thujene,Hydrocarbons,,
NUTMEG (Myristica fragrans Houttuyn),,Spices & Condiments,sabinene (=4(10)-thujene),Hydrocarbons,141000,510000
NUTMEG (Myristica fragrans Houttuyn),,Spices & Condiments,(1R)-sabinene,Hydrocarbons,,
NUTMEG (Myristica fragrans Houttuyn),,Spices & Condiments,(1S)-cis-sabinene,Hydrocarbons,,
NUTMEG (Myristica fragrans Houttuyn),,Spices & Condiments,3-carene,Hydrocarbons,7000,14000
NUTMEG (Myristica fragrans Houttuyn),,Spices & Condiments,(1S-cis)-(-)-3-carene (=isodiprene),Hydrocarbons,,
NUTMEG (Myristica fragrans Houttuyn),,Spices & Condiments,α-bergamotene,Hydrocarbons,,
NUTMEG (Myristica fragrans Houttuyn),,Spices & Condiments,trans-α-bergamotene,Hydrocarbons,trace,trace
NUTMEG (Myristica fragrans Houttuyn),,Spices & Condiments,α-amorphene,Hydrocarbons,trace,trace
NUTMEG (Myristica fragrans Houttuyn),,Spices & Condiments,γ-cadinene,Hydrocarbons,trace,trace
NUTMEG (Myristica fragrans Houttuyn),,Spices & Condiments,δ-cadinene,Hydrocarbons,trace,2000
NUTMEG (Myristica fragrans Houttuyn),,Spices & Condiments,cubenene,Hydrocarbons,trace,trace
NUTMEG (Myristica fragrans Houttuyn),,Spices & Condiments,α-muurolene,Hydrocarbons,trace,trace
NUTMEG (Myristica fragrans Houttuyn),,Spices & Condiments,γ-muurolene,Hydrocarbons,trace,trace
NUTMEG (Myristica fragrans Houttuyn),,Spices & Condiments,"α-selinene (=5β,7α,10α-selina-3,11-diene)",Hydrocarbons,trace,trace
NUTMEG (Myristica fragrans Houttuyn),,Spices & Condiments,bicyclogermacrene,Hydrocarbons,,
NUTMEG (Myristica fragrans Houttuyn),,Spices & Condiments,β-caryophyllene,Hydrocarbons,4000,20000
NUTMEG (Myristica fragrans Houttuyn),,Spices & Condiments,α-cubebene,Hydrocarbons,trace,2000
NUTMEG (Myristica fragrans Houttuyn),,Spices & Condiments,β-cubebene,Hydrocarbons,trace,trace
NUTMEG (Myristica fragrans Houttuyn),,Spices & Condiments,α-copaene (=copaene),Hydrocarbons,0,5000
NUTMEG (Myristica fragrans Houttuyn),,Spices & Condiments,β-ylangene,Hydrocarbons,trace,trace
NUTMEG (Myristica fragrans Houttuyn),,Spices & Condiments,α-gurjunene,Hydrocarbons,trace,trace
NUTMEG (Myristica fragrans Houttuyn),,Spices & Condiments,isopropylbenzene (=cumene),Hydrocarbons,10000,20000
NUTMEG (Myristica fragrans Houttuyn),,Spices & Condiments,1-isopropyl-4-methylbenzene (=p-cymene),Hydrocarbons,3000,31000
NUTMEG (Myristica fragrans Houttuyn),,Spices & Condiments,"1-isopropenyl-4-methylbenzene (=α,p-dimethyl styrene, p-cymenene, dehydro-p-cymene)",Hydrocarbons,trace,1000
NUTMEG (Myristica fragrans Houttuyn),,Spices & Condiments,calamenene,Hydrocarbons,,
NUTMEG (Myristica fragrans Houttuyn),,Spices & Condiments,α-calacorene,Hydrocarbons,trace,trace
NUTMEG (Myristica fragrans Houttuyn),,Spices & Condiments,viridiflorene (=ledene),Hydrocarbons,trace,trace
NUTMEG (Myristica fragrans Houttuyn),,Spices & Condiments,zonarene,Hydrocarbons,trace,trace
NUTMEG (Myristica fragrans Houttuyn),,Spices & Condiments,3-methyl-4-decen-1-ol,Alcohols,,
NUTMEG (Myristica fragrans Houttuyn),,Spices & Condiments,citronellol,Alcohols,,
NUTMEG (Myristica fragrans Houttuyn),,Spices & Condiments,geraniol,Alcohols,trace,trace
NUTMEG (Myristica fragrans Houttuyn),,Spices & Condiments,nerol,Alcohols,,
NUTMEG (Myristica fragrans Houttuyn),,Spices & Condiments,linalool,Alcohols,2000,60000
NUTMEG (Myristica fragrans Houttuyn),,Spices & Condiments,(R)-(-)-linalool (=licareol),Alcohols,,
NUTMEG (Myristica fragrans Houttuyn),,Spices & Condiments,(S)-(+)-linalool (=coriandrol),Alcohols,,
NUTMEG (Myristica fragrans Houttuyn),,Spices & Condiments,"4-isopropylbenzyl alcohol (=cumic alcohol, p-cymen-7-ol)",Alcohols,trace,trace
NUTMEG (Myristica fragrans Houttuyn),,Spices & Condiments,"p-cymen-8-ol (=α,α,p-trimethyl-benzyl alcohol)",Alcohols,,
NUTMEG (Myristica fragrans Houttuyn),,Spices & Condiments,α-terpineol,Alcohols,0,20000
NUTMEG (Myristica fragrans Houttuyn),,Spices & Condiments,β-terpineol,Alcohols,0,13000
NUTMEG (Myristica fragrans Houttuyn),,Spices & Condiments,4-terpineol (=terpinen-4-ol),Alcohols,20000,110000
NUTMEG (Myristica fragrans Houttuyn),,Spices & Condiments,cis-p-2-menthen-1-ol,Alcohols,1000,5000
NUTMEG (Myristica fragrans Houttuyn),,Spices & Condiments,trans-p-2-menthen-1-ol,Alcohols,2000,3000
NUTMEG (Myristica fragrans Houttuyn),,Spices & Condiments,cis-piperitol,Alcohols,1000,10000
NUTMEG (Myristica fragrans Houttuyn),,Spices & Condiments,trans-piperitol,Alcohols,,
NUTMEG (Myristica fragrans Houttuyn),,Spices & Condiments,"trans-p-2-menthene-1,4-diol",Alcohols,,
NUTMEG (Myristica fragrans Houttuyn),,Spices & Condiments,isopinocampheol,Alcohols,trace,trace
NUTMEG (Myristica fragrans Houttuyn),,Spices & Condiments,borneol,Alcohols,,
NUTMEG (Myristica fragrans Houttuyn),,Spices & Condiments,fenchol (=fenchyl alcohol),Alcohols,,
NUTMEG (Myristica fragrans Houttuyn),,Spices & Condiments,α-fenchol (=α-fenchyl alcohol),Alcohols,trace,trace
NUTMEG (Myristica fragrans Houttuyn),,Spices & Condiments,cis-sabinene hydrate (=cis-4-thujanol),Alcohols,1000,8000
NUTMEG (Myristica fragrans Houttuyn),,Spices & Condiments,trans-sabinene hydrate (=trans-4-thujanol),Alcohols,1000,9000
NUTMEG (Myristica fragrans Houttuyn),,Spices & Condiments,pentanal (=valeraldehyde),"Carbonyls, aldehydes",trace,trace
NUTMEG (Myristica fragrans Houttuyn),,Spices & Condiments,4-isopropylbenzaldehyde (=cuminaldehyde),"Carbonyls, aldehydes",trace,trace
NUTMEG (Myristica fragrans Houttuyn),,Spices & Condiments,vanillin (=4-hydroxy-3-methoxybenzaldehyde),"Carbonyls, aldehydes",,
NUTMEG (Myristica fragrans Houttuyn),,Spices & Condiments,3-(4-isopropylphenyl)-2-methyl-propanal (=cyclamen aldehyde),"Carbonyls, aldehydes",6000,6000
NUTMEG (Myristica fragrans Houttuyn),,Spices & Condiments,myrtenal,"Carbonyls, aldehydes",trace,trace
NUTMEG (Myristica fragrans Houttuyn),,Spices & Condiments,menthone,"Carbonyls, ketones",0,2000
NUTMEG (Myristica fragrans Houttuyn),,Spices & Condiments,piperitone,"Carbonyls, ketones",1000,1000
NUTMEG (Myristica fragrans Houttuyn),,Spices & Condiments,tetradecanoic acid (=myristic acid),Acids,<1000,<1000
NUTMEG (Myristica fragrans Houttuyn),,Spices & Condiments,benzoic acid,Acids,1.8,217
NUTMEG (Myristica fragrans Houttuyn),,Spices & Condiments,3-methyl-4-decenyl acetate,Esters,,
NUTMEG (Myristica fragrans Houttuyn),,Spices & Condiments,citronellyl acetate,Esters,trace,trace
NUTMEG (Myristica fragrans Houttuyn),,Spices & Condiments,geranyl acetate,Esters,<1000,3000
NUTMEG (Myristica fragrans Houttuyn),,Spices & Condiments,neryl acetate,Esters,trace,trace
NUTMEG (Myristica fragrans Houttuyn),,Spices & Condiments,linalyl acetate,Esters,15000,15000
NUTMEG (Myristica fragrans Houttuyn),,Spices & Condiments,α-terpinyl acetate,Esters,2000,2000
NUTMEG (Myristica fragrans Houttuyn),,Spices & Condiments,4-terpinenyl acetate,Esters,trace,2000
NUTMEG (Myristica fragrans Houttuyn),,Spices & Condiments,bornyl acetate,Esters,trace,9000
NUTMEG (Myristica fragrans Houttuyn),,Spices & Condiments,menthyl 3-methylbutanoate,Esters,4000,4000
NUTMEG (Myristica fragrans Houttuyn),,Spices & Condiments,"1,4-cineole",Ethers,,
NUTMEG (Myristica fragrans Houttuyn),,Spices & Condiments,"1,8-cineole (=eucalyptol)",Ethers,20000,40000
NUTMEG (Myristica fragrans Houttuyn),,Spices & Condiments,thymol (=2-isopropyl-5-methylphenol),Phenols,trace,trace
NUTMEG (Myristica fragrans Houttuyn),,Spices & Condiments,carvacrol (=5-isopropyl-2-methylphenol),Phenols,trace,trace
NUTMEG (Myristica fragrans Houttuyn),,Spices & Condiments,"(E)-anethole (=(E)-1-methoxy-4-(1-propenyl)benzene, anise camphor)",Phenols,trace,trace
NUTMEG (Myristica fragrans Houttuyn),,Spices & Condiments,eugenol (=4-allyl-2-methoxyphenol),Phenols,0,7000
NUTMEG (Myristica fragrans Houttuyn),,Spices & Condiments,isoeugenol (=2-methoxy-4-(1-propenyl)-phenol),Phenols,7000,7000
NUTMEG (Myristica fragrans Houttuyn),,Spices & Condiments,(Z)-isoeugenol (=(Z)-2-methoxy-4-(1-propenyl)-phenol),Phenols,,
NUTMEG (Myristica fragrans Houttuyn),,Spices & Condiments,(E)-isoeugenol (=(E)-2-methoxy-4-(1-propenyl)-phenol),Phenols,,
NUTMEG (Myristica fragrans Houttuyn),,Spices & Condiments,"methyleugenol (=4-allyl-1,2-dimethoxybenzene)",Phenols,0,10000
NUTMEG (Myristica fragrans Houttuyn),,Spices & Condiments,"(E)-1,2-dimethoxy-4-(1-propenyl)-benzene (=(E)-methylisoeugenol)",Phenols,trace,trace
NUTMEG (Myristica fragrans Houttuyn),,Spices & Condiments,"5-allyl-1,3-benzodioxole (=safrole)",Phenols,1000,30000
NUTMEG (Myristica fragrans Houttuyn),,Spices & Condiments,"4-allyl-2,6-dimethoxyphenol (=5-methoxyeugenol)",Phenols,,
NUTMEG (Myristica fragrans Houttuyn),,Spices & Condiments,methoxyeugenol (unkn.str.),Phenols,,
NUTMEG (Myristica fragrans Houttuyn),,Spices & Condiments,"5-allyl-1,2,3-trimethoxybenzene (=elemicin)",Phenols,1000,21000
NUTMEG (Myristica fragrans Houttuyn),,Spices & Condiments,"(Z)-1,2,3-trimethoxy-5-(1-propenyl)benzene (=Z-isoelemicin)",Phenols,,
NUTMEG (Myristica fragrans Houttuyn),,Spices & Condiments,"(E)-1,2,3-trimethoxy-5-(1-propenyl)benzene (=E-isoelemicin)",Phenols,trace,trace
NUTMEG (Myristica fragrans Houttuyn),,Spices & Condiments,"6-allyl-4-methoxy-1,3-benzodioxole (=myristicin)",Phenols,5000,140000
NUTMEG (Myristica fragrans Houttuyn),,Spices & Condiments,"(E)-4-methoxy-6-(1-propenyl)-1,3-benzodioxole (=E-isomyristicin)",Phenols,trace,trace
NUTMEG (Myristica fragrans Houttuyn),,Spices & Condiments,"6,8-epoxy-p-1-menthene (=pinol)","(Ep)oxides, pyrans, coumarins",trace,trace
NUTMEG (Myristica fragrans Houttuyn),,Spices & Condiments,β-caryophyllene oxide,"(Ep)oxides, pyrans, coumarins",trace,trace
PEPPER (Piper nigrum L.),,Spices & Condiments,trimethyltetradecane (unkn.str.),Hydrocarbons,,
PEPPER (Piper nigrum L.),,Spices & Condiments,(Z)-β-ocimene,Hydrocarbons,1000,1000
PEPPER (Piper nigrum L.),,Spices & Condiments,(E)-β-ocimene,Hydrocarbons,1000,5000
PEPPER (Piper nigrum L.),,Spices & Condiments,β-myrcene (=myrcene),Hydrocarbons,350,52000
PEPPER (Piper nigrum L.),,Spices & Condiments,"(E,E)-α-farnesene (=α-farnesene)",Hydrocarbons,,
PEPPER (Piper nigrum L.),,Spices & Condiments,β-farnesene,Hydrocarbons,10,30000
PEPPER (Piper nigrum L.),,Spices & Condiments,(E)-β-farnesene,Hydrocarbons,trace,7000
PEPPER (Piper nigrum L.),,Spices & Condiments,α-phellandrene,Hydrocarbons,trace,114000
PEPPER (Piper nigrum L.),,Spices & Condiments,(4S)-(+)-α-phellandrene,Hydrocarbons,,
PEPPER (Piper nigrum L.),,Spices & Condiments,β-phellandrene,Hydrocarbons,<30,590
PEPPER (Piper nigrum L.),,Spices & Condiments,(4R)-(+)-β-phellandrene,Hydrocarbons,,
PEPPER (Piper nigrum L.),,Spices & Condiments,α-terpinene,Hydrocarbons,<30,30000
PEPPER (Piper nigrum L.),,Spices & Condiments,γ-terpinene,Hydrocarbons,<30,12000
PEPPER (Piper nigrum L.),,Spices & Condiments,terpinolene,Hydrocarbons,70,34000
PEPPER (Piper nigrum L.),,Spices & Condiments,limonene,Hydrocarbons,2550,206000
PEPPER (Piper nigrum L.),,Spices & Condiments,(4R)-(+)-limonene,Hydrocarbons,,
PEPPER (Piper nigrum L.),,Spices & Condiments,(4S)-(-)-limonene,Hydrocarbons,,
PEPPER (Piper nigrum L.),,Spices & Condiments,"p-1,3,8-menthatriene",Hydrocarbons,,
PEPPER (Piper nigrum L.),,Spices & Condiments,sesquiphellandrene,Hydrocarbons,,
PEPPER (Piper nigrum L.),,Spices & Condiments,α-elemene,Hydrocarbons,,
PEPPER (Piper nigrum L.),,Spices & Condiments,β-elemene,Hydrocarbons,trace,620
PEPPER (Piper nigrum L.),,Spices & Condiments,trans-β-elemene,Hydrocarbons,,
PEPPER (Piper nigrum L.),,Spices & Condiments,γ-elemene,Hydrocarbons,50,75
PEPPER (Piper nigrum L.),,Spices & Condiments,δ-elemene,Hydrocarbons,trace,48000
PEPPER (Piper nigrum L.),,Spices & Condiments,α-bisabolene,Hydrocarbons,6000,6000
PEPPER (Piper nigrum L.),,Spices & Condiments,β-bisabolene,Hydrocarbons,20,20000
PEPPER (Piper nigrum L.),,Spices & Condiments,cis-γ-bisabolene,Hydrocarbons,7000,7000
PEPPER (Piper nigrum L.),,Spices & Condiments,zingiberene,Hydrocarbons,,
PEPPER (Piper nigrum L.),,Spices & Condiments,ar-curcumene,Hydrocarbons,6000,6000
PEPPER (Piper nigrum L.),,Spices & Condiments,α-curcumene,Hydrocarbons,trace,trace
PEPPER (Piper nigrum L.),,Spices & Condiments,germacrene A,Hydrocarbons,,
PEPPER (Piper nigrum L.),,Spices & Condiments,germacrene B,Hydrocarbons,,
PEPPER (Piper nigrum L.),,Spices & Condiments,germacrene D,Hydrocarbons,,
PEPPER (Piper nigrum L.),,Spices & Condiments,germacrene C,Hydrocarbons,,
PEPPER (Piper nigrum L.),,Spices & Condiments,α-humulene (=humulene),Hydrocarbons,240,18000
PEPPER (Piper nigrum L.),,Spices & Condiments,γ-humulene,Hydrocarbons,5000,5000
PEPPER (Piper nigrum L.),,Spices & Condiments,α-pinene,Hydrocarbons,300,90000
PEPPER (Piper nigrum L.),,Spices & Condiments,(1R)-α-pinene,Hydrocarbons,,
PEPPER (Piper nigrum L.),,Spices & Condiments,(1S)-α-pinene,Hydrocarbons,,
PEPPER (Piper nigrum L.),,Spices & Condiments,β-pinene,Hydrocarbons,100,120000
PEPPER (Piper nigrum L.),,Spices & Condiments,(1R)-β-pinene,Hydrocarbons,,
PEPPER (Piper nigrum L.),,Spices & Condiments,(1S)-β-pinene,Hydrocarbons,,
PEPPER (Piper nigrum L.),,Spices & Condiments,camphene,Hydrocarbons,15,6000
PEPPER (Piper nigrum L.),,Spices & Condiments,(1R)-(+)-camphene,Hydrocarbons,,
PEPPER (Piper nigrum L.),,Spices & Condiments,(1S)-(-)-camphene,Hydrocarbons,,
PEPPER (Piper nigrum L.),,Spices & Condiments,α-fenchene,Hydrocarbons,,
PEPPER (Piper nigrum L.),,Spices & Condiments,α-thujene,Hydrocarbons,60,18000
PEPPER (Piper nigrum L.),,Spices & Condiments,(1S)-(+)-α-thujene,Hydrocarbons,,
PEPPER (Piper nigrum L.),,Spices & Condiments,sabinene (=4(10)-thujene),Hydrocarbons,<30,220000
PEPPER (Piper nigrum L.),,Spices & Condiments,sesquisabinene,Hydrocarbons,,
PEPPER (Piper nigrum L.),,Spices & Condiments,2-carene,Hydrocarbons,,
PEPPER (Piper nigrum L.),,Spices & Condiments,3-carene,Hydrocarbons,20,160000
PEPPER (Piper nigrum L.),,Spices & Condiments,(1R)-(+)-3-carene,Hydrocarbons,,
PEPPER (Piper nigrum L.),,Spices & Condiments,(1S-cis)-(-)-3-carene (=isodiprene),Hydrocarbons,,
PEPPER (Piper nigrum L.),,Spices & Condiments,α-bergamotene,Hydrocarbons,750,750
PEPPER (Piper nigrum L.),,Spices & Condiments,cis-α-bergamotene,Hydrocarbons,7000,7000
PEPPER (Piper nigrum L.),,Spices & Condiments,trans-α-bergamotene,Hydrocarbons,2000,2000
PEPPER (Piper nigrum L.),,Spices & Condiments,β-bergamotene,Hydrocarbons,,
PEPPER (Piper nigrum L.),,Spices & Condiments,cis-β-bergamotene,Hydrocarbons,,
PEPPER (Piper nigrum L.),,Spices & Condiments,trans-β-bergamotene,Hydrocarbons,,
PEPPER (Piper nigrum L.),,Spices & Condiments,γ-cadinene,Hydrocarbons,,
PEPPER (Piper nigrum L.),,Spices & Condiments,δ-cadinene,Hydrocarbons,trace,5000
PEPPER (Piper nigrum L.),,Spices & Condiments,"1,4-cadinadiene",Hydrocarbons,,
PEPPER (Piper nigrum L.),,Spices & Condiments,α-muurolene,Hydrocarbons,,
PEPPER (Piper nigrum L.),,Spices & Condiments,γ-muurolene,Hydrocarbons,,
PEPPER (Piper nigrum L.),,Spices & Condiments,"α-selinene (=5β,7α,10α-selina-3,11-diene)",Hydrocarbons,70,6000
PEPPER (Piper nigrum L.),,Spices & Condiments,"β-selinene (=4(14),11-selinadiene)",Hydrocarbons,trace,1150
PEPPER (Piper nigrum L.),,Spices & Condiments,α-guaiene,Hydrocarbons,trace,trace
PEPPER (Piper nigrum L.),,Spices & Condiments,β-guaiene (=guaiene),Hydrocarbons,,
PEPPER (Piper nigrum L.),,Spices & Condiments,γ-guaiene,Hydrocarbons,,
PEPPER (Piper nigrum L.),,Spices & Condiments,δ-guaiene (=α-bulnesene),Hydrocarbons,trace,trace
PEPPER (Piper nigrum L.),,Spices & Condiments,bicyclogermacrene,Hydrocarbons,,
PEPPER (Piper nigrum L.),,Spices & Condiments,β-caryophyllene,Hydrocarbons,2300,203000
PEPPER (Piper nigrum L.),,Spices & Condiments,γ-caryophyllene (=isocaryophyllene),Hydrocarbons,,
PEPPER (Piper nigrum L.),,Spices & Condiments,α-cubebene,Hydrocarbons,trace,400
PEPPER (Piper nigrum L.),,Spices & Condiments,β-cubebene,Hydrocarbons,,
PEPPER (Piper nigrum L.),,Spices & Condiments,α-copaene (=copaene),Hydrocarbons,25,45000
PEPPER (Piper nigrum L.),,Spices & Condiments,α-cedrene,Hydrocarbons,,
PEPPER (Piper nigrum L.),,Spices & Condiments,α-gurjunene,Hydrocarbons,,
PEPPER (Piper nigrum L.),,Spices & Condiments,γ-gurjunene,Hydrocarbons,,
PEPPER (Piper nigrum L.),,Spices & Condiments,α-patchoulene,Hydrocarbons,,
PEPPER (Piper nigrum L.),,Spices & Condiments,tricyclene,Hydrocarbons,40,50
PEPPER (Piper nigrum L.),,Spices & Condiments,α-santalene,Hydrocarbons,,
PEPPER (Piper nigrum L.),,Spices & Condiments,1-isopropyl-3-methylbenzene (=m-cymene),Hydrocarbons,,
PEPPER (Piper nigrum L.),,Spices & Condiments,1-isopropyl-4-methylbenzene (=p-cymene),Hydrocarbons,trace,101000
PEPPER (Piper nigrum L.),,Spices & Condiments,"1-isopropenyl-3-methylbenzene (=α,m-dimethylstyrene, m-cymenene)",Hydrocarbons,,
PEPPER (Piper nigrum L.),,Spices & Condiments,"1-isopropenyl-4-methylbenzene (=α,p-dimethyl styrene, p-cymenene, dehydro-p-cymene)",Hydrocarbons,,
PEPPER (Piper nigrum L.),,Spices & Condiments,calamenene,Hydrocarbons,6000,6000
PEPPER (Piper nigrum L.),,Spices & Condiments,cis-calamenene,Hydrocarbons,,
PEPPER (Piper nigrum L.),,Spices & Condiments,thujopsene,Hydrocarbons,,
PEPPER (Piper nigrum L.),,Spices & Condiments,viridiflorene (=ledene),Hydrocarbons,,
PEPPER (Piper nigrum L.),,Spices & Condiments,geraniol,Alcohols,,
PEPPER (Piper nigrum L.),,Spices & Condiments,nerol,Alcohols,trace,trace
PEPPER (Piper nigrum L.),,Spices & Condiments,linalool,Alcohols,65,8000
PEPPER (Piper nigrum L.),,Spices & Condiments,"(Z,E)-farnesol",Alcohols,trace,trace
PEPPER (Piper nigrum L.),,Spices & Condiments,"2,6-dimethyl-2-octanol (=tetrahydromyrcenol)",Alcohols,,
PEPPER (Piper nigrum L.),,Spices & Condiments,nerolidol,Alcohols,6000,25000
PEPPER (Piper nigrum L.),,Spices & Condiments,(Z)-nerolidol,Alcohols,,
PEPPER (Piper nigrum L.),,Spices & Condiments,(E)-nerolidol,Alcohols,,
PEPPER (Piper nigrum L.),,Spices & Condiments,"p-cymen-8-ol (=α,α,p-trimethyl-benzyl alcohol)",Alcohols,,
PEPPER (Piper nigrum L.),,Spices & Condiments,m-cymen-8-ol,Alcohols,,
PEPPER (Piper nigrum L.),,Spices & Condiments,trans-p-menth-8-ol,Alcohols,,
PEPPER (Piper nigrum L.),,Spices & Condiments,β-phellandren-6-ol,Alcohols,,
PEPPER (Piper nigrum L.),,Spices & Condiments,"α-phellandren-8-ol (=p-1,5-menthadien-8-ol)",Alcohols,,
PEPPER (Piper nigrum L.),,Spices & Condiments,α-terpineol,Alcohols,1000,2000
PEPPER (Piper nigrum L.),,Spices & Condiments,4-terpineol (=terpinen-4-ol),Alcohols,<30,10000
PEPPER (Piper nigrum L.),,Spices & Condiments,5-terpineol,Alcohols,,
PEPPER (Piper nigrum L.),,Spices & Condiments,cis-p-2-menthen-1-ol,Alcohols,,
PEPPER (Piper nigrum L.),,Spices & Condiments,trans-p-2-menthen-1-ol,Alcohols,,
PEPPER (Piper nigrum L.),,Spices & Condiments,cis-piperitol,Alcohols,,
PEPPER (Piper nigrum L.),,Spices & Condiments,"p-2,8-menthadien-1-ol",Alcohols,,
PEPPER (Piper nigrum L.),,Spices & Condiments,"trans-p-2,8-menthadien-1-ol",Alcohols,,
PEPPER (Piper nigrum L.),,Spices & Condiments,"p-3,8-menthadien-1-ol",Alcohols,,
PEPPER (Piper nigrum L.),,Spices & Condiments,"cis-carveol (= cis-p-1(6),8-menthadien-2-ol)",Alcohols,,
PEPPER (Piper nigrum L.),,Spices & Condiments,"trans-carveol (=trans-p-1(6),8-menthadien-2-ol)",Alcohols,,
PEPPER (Piper nigrum L.),,Spices & Condiments,"p-1(7),2-menthadien-4-ol",Alcohols,,
PEPPER (Piper nigrum L.),,Spices & Condiments,"limonen-4-ol (=p-1,8-menthadien-4-ol)",Alcohols,,
PEPPER (Piper nigrum L.),,Spices & Condiments,"p-1,8-menthadien-5-ol",Alcohols,,
PEPPER (Piper nigrum L.),,Spices & Condiments,"limonen-10-ol (=p-1,8(10)-menthadien-9-ol)",Alcohols,,
PEPPER (Piper nigrum L.),,Spices & Condiments,menthadienol (unkn.str.),Alcohols,,
PEPPER (Piper nigrum L.),,Spices & Condiments,α-bisabolol,Alcohols,1000,1000
PEPPER (Piper nigrum L.),,Spices & Condiments,β-bisabolol,Alcohols,,
PEPPER (Piper nigrum L.),,Spices & Condiments,elemol,Alcohols,6000,9000
PEPPER (Piper nigrum L.),,Spices & Condiments,humulenol II,Alcohols,,
PEPPER (Piper nigrum L.),,Spices & Condiments,pinocarveol,Alcohols,13000,15000
PEPPER (Piper nigrum L.),,Spices & Condiments,trans-pinocarveol,Alcohols,,
PEPPER (Piper nigrum L.),,Spices & Condiments,myrtenol,Alcohols,trace,12000
PEPPER (Piper nigrum L.),,Spices & Condiments,borneol,Alcohols,,
PEPPER (Piper nigrum L.),,Spices & Condiments,fenchol (=fenchyl alcohol),Alcohols,,
PEPPER (Piper nigrum L.),,Spices & Condiments,cis-sabinol (=cis-4(10)-thujenol),Alcohols,,
PEPPER (Piper nigrum L.),,Spices & Condiments,sabinene hydrate (=4-thujanol),Alcohols,,
PEPPER (Piper nigrum L.),,Spices & Condiments,cis-sabinene hydrate (=cis-4-thujanol),Alcohols,7000,7000
PEPPER (Piper nigrum L.),,Spices & Condiments,trans-sabinene hydrate (=trans-4-thujanol),Alcohols,2000,4000
PEPPER (Piper nigrum L.),,Spices & Condiments,α-cadinol,Alcohols,,
PEPPER (Piper nigrum L.),,Spices & Condiments,δ-cadinol (=torreyol),Alcohols,<30,5000
PEPPER (Piper nigrum L.),,Spices & Condiments,"5,10(15)-cadinen-4-ol",Alcohols,,
PEPPER (Piper nigrum L.),,Spices & Condiments,cadinenol (unkn.str.),Alcohols,150,265
PEPPER (Piper nigrum L.),,Spices & Condiments,cubebol,Alcohols,1000,1000
PEPPER (Piper nigrum L.),,Spices & Condiments,muurolol-T,Alcohols,,
PEPPER (Piper nigrum L.),,Spices & Condiments,cubenol,Alcohols,,
PEPPER (Piper nigrum L.),,Spices & Condiments,epicubenol,Alcohols,,
PEPPER (Piper nigrum L.),,Spices & Condiments,β-eudesmol,Alcohols,6000,6000
PEPPER (Piper nigrum L.),,Spices & Condiments,γ-eudesmol,Alcohols,1000,1000
PEPPER (Piper nigrum L.),,Spices & Condiments,eudesmol (unkn.str.),Alcohols,,
PEPPER (Piper nigrum L.),,Spices & Condiments,guaiol,Alcohols,2000,2000
PEPPER (Piper nigrum L.),,Spices & Condiments,"2,7(15)-caryophylladien-4α-ol",Alcohols,,
PEPPER (Piper nigrum L.),,Spices & Condiments,"2(12),6-caryophylladien-5β-ol",Alcohols,,
PEPPER (Piper nigrum L.),,Spices & Condiments,"2(12),6(13)-caryophylladien-5-ol",Alcohols,,
PEPPER (Piper nigrum L.),,Spices & Condiments,β-caryophyllene alcohol,Alcohols,,
PEPPER (Piper nigrum L.),,Spices & Condiments,caryophyllenol I,Alcohols,,
PEPPER (Piper nigrum L.),,Spices & Condiments,caryophyllenol II,Alcohols,,
PEPPER (Piper nigrum L.),,Spices & Condiments,caryophyllenol III,Alcohols,,
PEPPER (Piper nigrum L.),,Spices & Condiments,caryophyllenol IV,Alcohols,,
PEPPER (Piper nigrum L.),,Spices & Condiments,viridiflorol,Alcohols,,
PEPPER (Piper nigrum L.),,Spices & Condiments,spathulenol (=(+)-spathulenol),Alcohols,,
PEPPER (Piper nigrum L.),,Spices & Condiments,"citronellal (=3,7-dimethyl-6-octenal)","Carbonyls, aldehydes",1000,1000
PEPPER (Piper nigrum L.),,Spices & Condiments,"hydroxycitronellal (=7-hydroxy-3,7-dimethyloctanal)","Carbonyls, aldehydes",,
PEPPER (Piper nigrum L.),,Spices & Condiments,benzaldehyde,"Carbonyls, aldehydes",,
PEPPER (Piper nigrum L.),,Spices & Condiments,phellandral,"Carbonyls, aldehydes",2000,2000
PEPPER (Piper nigrum L.),,Spices & Condiments,myrtenal,"Carbonyls, aldehydes",,
PEPPER (Piper nigrum L.),,Spices & Condiments,"4,10,10-trimethyl-7-methylene-bicyclo[6.2.0]decane-4-carbaldehyde","Carbonyls, aldehydes",,
PEPPER (Piper nigrum L.),,Spices & Condiments,piperonal (=heliotropin),"Carbonyls, aldehydes",,
PEPPER (Piper nigrum L.),,Spices & Condiments,"3-(1,3-benzodioxol-5-yl)-2-propenal","Carbonyls, aldehydes",,
PEPPER (Piper nigrum L.),,Spices & Condiments,methylheptenone (unkn.str.),"Carbonyls, ketones",,
PEPPER (Piper nigrum L.),,Spices & Condiments,2-undecanone,"Carbonyls, ketones",,
PEPPER (Piper nigrum L.),,Spices & Condiments,4-isopropyl-2-cyclohexen-1-one (=cryptone),"Carbonyls, ketones",,
PEPPER (Piper nigrum L.),,Spices & Condiments,3-methylacetophenone,"Carbonyls, ketones",,
PEPPER (Piper nigrum L.),,Spices & Condiments,4-methylacetophenone,"Carbonyls, ketones",,
PEPPER (Piper nigrum L.),,Spices & Condiments,1-phenyl-1-butanone (=butyrophenone),"Carbonyls, ketones",,
PEPPER (Piper nigrum L.),,Spices & Condiments,piperitone,"Carbonyls, ketones",8000,8000
PEPPER (Piper nigrum L.),,Spices & Condiments,dihydrocarvone (=p-8-menthen-2-one),"Carbonyls, ketones",,
PEPPER (Piper nigrum L.),,Spices & Condiments,cis-dihydrocarvone,"Carbonyls, ketones",,
PEPPER (Piper nigrum L.),,Spices & Condiments,"carvone (=p-6,8-menthadien-2-one)","Carbonyls, ketones",,
PEPPER (Piper nigrum L.),,Spices & Condiments,carvotanacetone (=p-1-menthen-6-one),"Carbonyls, ketones",,
PEPPER (Piper nigrum L.),,Spices & Condiments,camphor (=alcanfor),"Carbonyls, ketones",1000,1000
PEPPER (Piper nigrum L.),,Spices & Condiments,pinocamphone,"Carbonyls, ketones",,
PEPPER (Piper nigrum L.),,Spices & Condiments,isopinocamphone,"Carbonyls, ketones",,
PEPPER (Piper nigrum L.),,Spices & Condiments,β-pinone,"Carbonyls, ketones",,
PEPPER (Piper nigrum L.),,Spices & Condiments,fenchone,"Carbonyls, ketones",,
PEPPER (Piper nigrum L.),,Spices & Condiments,"3,6,6-trimethyl-2,4-cycloheptadienone","Carbonyls, ketones",,
PEPPER (Piper nigrum L.),,Spices & Condiments,"1,4,4-trimethylcycloheptadienone (unkn.str.)","Carbonyls, ketones",,
PEPPER (Piper nigrum L.),,Spices & Condiments,caryophyllene ketone,"Carbonyls, ketones",,
PEPPER (Piper nigrum L.),,Spices & Condiments,butanoic acid (=butyric acid),Acids,,
PEPPER (Piper nigrum L.),,Spices & Condiments,3-methylbutanoic acid (=isovaleric acid),Acids,,
PEPPER (Piper nigrum L.),,Spices & Condiments,2-methylpentanoic acid,Acids,,
PEPPER (Piper nigrum L.),,Spices & Condiments,hexanoic acid (=caproic acid),Acids,,
PEPPER (Piper nigrum L.),,Spices & Condiments,benzoic acid,Acids,,
PEPPER (Piper nigrum L.),,Spices & Condiments,"1,3-benzodioxole-5-carboxylic acid (=piperonylic acid)",Acids,,
PEPPER (Piper nigrum L.),,Spices & Condiments,phenylacetic acid,Acids,,
PEPPER (Piper nigrum L.),,Spices & Condiments,cinnamic acid,Acids,,
PEPPER (Piper nigrum L.),,Spices & Condiments,linalyl acetate,Esters,,
PEPPER (Piper nigrum L.),,Spices & Condiments,α-terpinyl acetate,Esters,,
PEPPER (Piper nigrum L.),,Spices & Condiments,terpinyl acetate (unkn.str.),Esters,,
PEPPER (Piper nigrum L.),,Spices & Condiments,4-terpinenyl acetate,Esters,,
PEPPER (Piper nigrum L.),,Spices & Condiments,sabinyl acetate,Esters,,
PEPPER (Piper nigrum L.),,Spices & Condiments,methyl 3-methylbutanoate (=methyl isovalerate),Esters,,
PEPPER (Piper nigrum L.),,Spices & Condiments,sabinyl 3-methylbutanoate,Esters,,
PEPPER (Piper nigrum L.),,Spices & Condiments,methyl hexanoate,Esters,,
PEPPER (Piper nigrum L.),,Spices & Condiments,methyl heptanoate,Esters,,
PEPPER (Piper nigrum L.),,Spices & Condiments,methyl octanoate,Esters,,
PEPPER (Piper nigrum L.),,Spices & Condiments,methyl citronellate,Esters,,
PEPPER (Piper nigrum L.),,Spices & Condiments,methyl geranate,Esters,,
PEPPER (Piper nigrum L.),,Spices & Condiments,methyl benzoate,Esters,,
PEPPER (Piper nigrum L.),,Spices & Condiments,"methyl 1,3-benzodioxole-5-carboxylate",Esters,,
PEPPER (Piper nigrum L.),,Spices & Condiments,methyl phenylacetate,Esters,,
PEPPER (Piper nigrum L.),,Spices & Condiments,3-hydroxybutanoic acid lactone (=β-butyrolactone),Lactones,,
PEPPER (Piper nigrum L.),,Spices & Condiments,"(E,E)-1-(2,4-decadienoyl)-pyrrolidine",Bases,,
PEPPER (Piper nigrum L.),,Spices & Condiments,"(E,E)-1-(2,4-dodecadienoyl)-pyrrolidine",Bases,,
PEPPER (Piper nigrum L.),,Spices & Condiments,"1-[5-(1,3-benzodioxol-5-yl)-2-pentenoyl]pyrrolidine",Bases,,
PEPPER (Piper nigrum L.),,Spices & Condiments,piperyline,Bases,,
PEPPER (Piper nigrum L.),,Spices & Condiments,"1-[7-(1,3-benzodioxol-5-yl)-6-heptenoyl]pyrrolidine",Bases,,
PEPPER (Piper nigrum L.),,Spices & Condiments,"1-[7-(1,3-benzodioxol-5-yl)-heptadienoyl]pyrrolidine (unkn.str.)",Bases,,
PEPPER (Piper nigrum L.),,Spices & Condiments,"1-[9-(1,3-benzodioxol-5-yl)-8-nonenoyl]pyrrolidine",Bases,,
PEPPER (Piper nigrum L.),,Spices & Condiments,piperidine,Bases,,
PEPPER (Piper nigrum L.),,Spices & Condiments,1-piperidinecarbaldehyde (=1-formylpiperidine),Bases,,
PEPPER (Piper nigrum L.),,Spices & Condiments,1-acetylpiperidine,Bases,,
PEPPER (Piper nigrum L.),,Spices & Condiments,(E)-1-(2-decenoyl)piperidine,Bases,,
PEPPER (Piper nigrum L.),,Spices & Condiments,"(E,E)-1-(2,4-decadienoyl)-piperidine",Bases,,
PEPPER (Piper nigrum L.),,Spices & Condiments,1-dodecanoylpiperidine,Bases,,
PEPPER (Piper nigrum L.),,Spices & Condiments,(E)-1-(2-dodecenoyl)piperidine,Bases,,
PEPPER (Piper nigrum L.),,Spices & Condiments,"(E,E)-1-(2,4-dodecadienoyl)-piperidine",Bases,,
PEPPER (Piper nigrum L.),,Spices & Condiments,(E)-1-(2-tetradecenoyl)piperidine,Bases,,
PEPPER (Piper nigrum L.),,Spices & Condiments,(E)-1-(2-hexadecenoyl)piperidine,Bases,,
PEPPER (Piper nigrum L.),,Spices & Condiments,1-octadecenoylpiperidine (unkn.str.),Bases,,
PEPPER (Piper nigrum L.),,Spices & Condiments,(E)-1-cinnamoylpiperidine,Bases,,
PEPPER (Piper nigrum L.),,Spices & Condiments,(E)-1-[3-(3-methoxy-4-hydroxy-phenyl)-2-propenoyl]- piperidine,Bases,,
PEPPER (Piper nigrum L.),,Spices & Condiments,(E)-1-[3-(3-methoxy-4-hydroxy-phenyl)-2-pentenoyl]- piperidine,Bases,,
PEPPER (Piper nigrum L.),,Spices & Condiments,"(E,E)-1-[3-(3-methoxy-4-hydroxy-phenyl)-2,4-pentadienoyl]- piperidine",Bases,,
PEPPER (Piper nigrum L.),,Spices & Condiments,"1-[3-(1,3-benzodioxol-5-yl)-2-propenoyl]piperidine",Bases,,
PEPPER (Piper nigrum L.),,Spices & Condiments,piperanine (=dihydropiperine),Bases,,
PEPPER (Piper nigrum L.),,Spices & Condiments,piperine,Bases,32000,62000
PEPPER (Piper nigrum L.),,Spices & Condiments,isopiperine,Bases,,
PEPPER (Piper nigrum L.),,Spices & Condiments,piperoleine A,Bases,,
PEPPER (Piper nigrum L.),,Spices & Condiments,chavicine,Bases,,
PEPPER (Piper nigrum L.),,Spices & Condiments,isochavicine,Bases,,
PEPPER (Piper nigrum L.),,Spices & Condiments,"1-[7-(1,3-benzodioxol-5-yl)-heptadienoyl]piperidine (unkn.str.)",Bases,,
PEPPER (Piper nigrum L.),,Spices & Condiments,dihydropiperettine,Bases,,
PEPPER (Piper nigrum L.),,Spices & Condiments,piperettine,Bases,3000,6000
PEPPER (Piper nigrum L.),,Spices & Condiments,piperoleine B,Bases,,
PEPPER (Piper nigrum L.),,Spices & Condiments,p-cymen-8-yl methyl ether,Ethers,,
PEPPER (Piper nigrum L.),,Spices & Condiments,"1,8-cineole (=eucalyptol)",Ethers,1000,1000
PEPPER (Piper nigrum L.),,Spices & Condiments,"dehydro-1,8-cineole (unkn.str.)",Ethers,,
PEPPER (Piper nigrum L.),,Spices & Condiments,"5-(1,3-benzodioxol-5-yl)-N-isobutyl-2-pentenamide",Nitriles and amides,,
PEPPER (Piper nigrum L.),,Spices & Condiments,"5-(1,3-benzodioxol-5-yl)-N-isobutyl-2,4-pentadien-amide",Nitriles and amides,,
PEPPER (Piper nigrum L.),,Spices & Condiments,pellitorine,Nitriles and amides,,
PEPPER (Piper nigrum L.),,Spices & Condiments,"(E,E)-N-isobutyl-2,4-dodecadien-amide",Nitriles and amides,,
PEPPER (Piper nigrum L.),,Spices & Condiments,"(E,E)-N-isobutyl-2,4-hexadecadien-amide",Nitriles and amides,,
PEPPER (Piper nigrum L.),,Spices & Condiments,"(E,E)-N-isobutyl-2,4-octadecadien-amide",Nitriles and amides,,
PEPPER (Piper nigrum L.),,Spices & Condiments,N-isobutyl-octadecatrienamide (unkn.str.),Nitriles and amides,,
PEPPER (Piper nigrum L.),,Spices & Condiments,3-methylphenol (=m-cresol),Phenols,,
PEPPER (Piper nigrum L.),,Spices & Condiments,4-methylphenol (=p-cresol),Phenols,,
PEPPER (Piper nigrum L.),,Spices & Condiments,carvacrol (=5-isopropyl-2-methylphenol),Phenols,,
PEPPER (Piper nigrum L.),,Spices & Condiments,anethole (=1-methoxy-4-(1-propenyl)benzene),Phenols,,
PEPPER (Piper nigrum L.),,Spices & Condiments,"(E)-anethole (=(E)-1-methoxy-4-(1-propenyl)benzene, anise camphor)",Phenols,,
PEPPER (Piper nigrum L.),,Spices & Condiments,4-isopropyl-2-methoxy-1-methylbenzene (=methylcarvacrol),Phenols,,
PEPPER (Piper nigrum L.),,Spices & Condiments,eugenol (=4-allyl-2-methoxyphenol),Phenols,trace,trace
PEPPER (Piper nigrum L.),,Spices & Condiments,"methyleugenol (=4-allyl-1,2-dimethoxybenzene)",Phenols,,
PEPPER (Piper nigrum L.),,Spices & Condiments,"5-allyl-1,3-benzodioxole (=safrole)",Phenols,,
PEPPER (Piper nigrum L.),,Spices & Condiments,"6-allyl-4-methoxy-1,3-benzodioxole (=myristicin)",Phenols,,
PEPPER (Piper nigrum L.),,Spices & Condiments,"6,8-epoxy-p-1-menthene (=pinol)","(Ep)oxides, pyrans, coumarins",,
PEPPER (Piper nigrum L.),,Spices & Condiments,ascaridole,"(Ep)oxides, pyrans, coumarins",,
PEPPER (Piper nigrum L.),,Spices & Condiments,terpinolene oxide (unkn.str.),"(Ep)oxides, pyrans, coumarins",,
PEPPER (Piper nigrum L.),,Spices & Condiments,"limonene 1,2-oxide","(Ep)oxides, pyrans, coumarins",,
PEPPER (Piper nigrum L.),,Spices & Condiments,limonene oxide (unkn.str.),"(Ep)oxides, pyrans, coumarins",,
PEPPER (Piper nigrum L.),,Spices & Condiments,"trans-limonene 1,2-oxide","(Ep)oxides, pyrans, coumarins",,
PEPPER (Piper nigrum L.),,Spices & Condiments,humulene epoxide II,"(Ep)oxides, pyrans, coumarins",,
PEPPER (Piper nigrum L.),,Spices & Condiments,humulene epoxide (unkn.str.),"(Ep)oxides, pyrans, coumarins",1000,18000
PEPPER (Piper nigrum L.),,Spices & Condiments,"carene 3,4-epoxide","(Ep)oxides, pyrans, coumarins",,
PEPPER (Piper nigrum L.),,Spices & Condiments,"α-pinene oxide (=1,2-epoxypinane)","(Ep)oxides, pyrans, coumarins",,
PEPPER (Piper nigrum L.),,Spices & Condiments,β-caryophyllene oxide,"(Ep)oxides, pyrans, coumarins",4000,60000
PEPPER (Piper nigrum L.),,Spices & Condiments,isocaryophyllene oxide,"(Ep)oxides, pyrans, coumarins",,
PEPPER (Piper nigrum L.),,Spices & Condiments,cis-linalool oxide (unkn.str.),"(Ep)oxides, pyrans, coumarins",,
PEPPER (Piper nigrum L.),,Spices & Condiments,trans-linalool oxide (unkn.str.),"(Ep)oxides, pyrans, coumarins",,
SAFFRON (Crocus sativus L.),,Spices & Condiments,naphthalene,Hydrocarbons,,
SAFFRON (Crocus sativus L.),,Spices & Condiments,2-phenylethanol (=phenethyl alcohol),Alcohols,,
SAFFRON (Crocus sativus L.),,Spices & Condiments,"2,4,6-trimethylbenzaldehyde (=mesitylaldehyde)","Carbonyls, aldehydes",,
SAFFRON (Crocus sativus L.),,Spices & Condiments,"safranal (=2,6,6-trimethyl-1,3-cyclohexadienecarbaldehyde)","Carbonyls, aldehydes",206,4080
SAFFRON (Crocus sativus L.),,Spices & Condiments,"2,6,6-trimethyl-1,4-cyclohexadienecarbaldehyde","Carbonyls, aldehydes",,
SAFFRON (Crocus sativus L.),,Spices & Condiments,"6,6-dimethyl-2-methylene-3-cyclohexenecarbaldehyde","Carbonyls, aldehydes",,
SAFFRON (Crocus sativus L.),,Spices & Condiments,"4-hydroxy-2,6,6-trimethyl-1-cyclohexenecarbaldehyde (=4-hydroxysafranal)","Carbonyls, aldehydes",840,1200
SAFFRON (Crocus sativus L.),,Spices & Condiments,"3,5,5-trimethyl-2-cyclohexen-1-one (=isophorone)","Carbonyls, ketones",,
SAFFRON (Crocus sativus L.),,Spices & Condiments,"3,5,5-trimethyl-3-cyclohexen-1-one","Carbonyls, ketones",,
SAFFRON (Crocus sativus L.),,Spices & Condiments,"3,3,4,5-tetramethylcyclohexanone","Carbonyls, ketones",,
SAFFRON (Crocus sativus L.),,Spices & Condiments,"3,5,5-trimethyl-4-methylene-2-cyclohexen-1-one","Carbonyls, ketones",,
SAFFRON (Crocus sativus L.),,Spices & Condiments,"4-hydroxy-3,5,5-trimethyl-2-cyclohexen-1-one","Carbonyls, ketones",,
SAFFRON (Crocus sativus L.),,Spices & Condiments,"2,3-epoxy-4-(hydroxymethylene)-3,5,5-trimethylcyclohexanone","Carbonyls, ketones",,
SAFFRON (Crocus sativus L.),,Spices & Condiments,"5,5-dimethyl-2-cyclohexene-1,4-dione","Carbonyls, ketones",,
SAFFRON (Crocus sativus L.),,Spices & Condiments,"2,6,6-trimethyl-2-cyclohexene-1,4-dione","Carbonyls, ketones",,
SAFFRON (Crocus sativus L.),,Spices & Condiments,"2,2,6-trimethylcyclohexane-1,4-dione (=3,5,5-trimethyl-cyclohexane-1,4-dione)","Carbonyls, ketones",,
SAFFRON (Crocus sativus L.),,Spices & Condiments,"2-hydroxy-3,5,5-trimethyl-2-cyclohexene-1,4-dione","Carbonyls, ketones",,
SAFFRON (Crocus sativus L.),,Spices & Condiments,"2-hydroxy-4,4,6-trimethyl-2,5-cyclohexadien-1-one","Carbonyls, ketones",,
SAFFRON (Crocus sativus L.),,Spices & Condiments,"2,6,6-trimethyl-3-oxo-1,4-cyclohexadienecarbaldehyde","Carbonyls, ketones",,
SAFFRON (Crocus sativus L.),,Spices & Condiments,"4-hydroxy-2,6,6-trimethyl-3-oxo-1,4-cyclohexadienecarbaldehyde","Carbonyls, ketones",,
SAFFRON (Crocus sativus L.),,Spices & Condiments,"4-hydroxy-2,6,6-trimethyl-3-oxo-1-cyclohexenecarbaldehyde","Carbonyls, ketones",,
SAFFRON (Crocus sativus L.),,Spices & Condiments,"3-hydroxy-2,6,6-trimethyl-4-oxo-2-cyclohexenecarbaldehyde","Carbonyls, ketones",,
SAFFRON (Crocus sativus L.),,Spices & Condiments,"4-(2,2,6-trimethyl-1-cyclohexyl)-3-buten-2-one","Carbonyls, ketones",,
SAFFRON (Crocus sativus L.),,Spices & Condiments,"4-(2,6,6-trimethyl-1-cyclohexen-1-yl)-3-buten-2-one (=β-ionone)","Carbonyls, ketones",,
SAFFRON (Crocus sativus L.),,Spices & Condiments,verbenone (=2-pinen-4-one),"Carbonyls, ketones",,
SAFFRON (Crocus sativus L.),,Spices & Condiments,hexadecanoic acid (=palmitic acid),Acids,,
SAFFRON (Crocus sativus L.),,Spices & Condiments,octadecanoic acid (=stearic acid),Acids,,
SAFFRON (Crocus sativus L.),,Spices & Condiments,(Z)-9-octadecenoic acid (=oleic acid),Acids,,
SAFFRON (Crocus sativus L.),,Spices & Condiments,"(Z,Z)-9,12-octadecadienoic acid (=linoleic acid)",Acids,,
SAFFRON (Crocus sativus L.),,Spices & Condiments,"(Z,Z,Z)-9,12,15-octadecatrienoic acid (=linolenic acid)",Acids,,
SAFFRON (Crocus sativus L.),,Spices & Condiments,"2(5H)-furanone (=crotonolactone, 2-buten-4-olide, 4-hydroxy-2-butenoic acid lactone)",Furans,,
