Product,Product Category,Product Group,Compound,Compound Group,Quantity Lower Bound,Quantity Upper Bound
,LAMB and MUTTON,Meat & Poultry,hexane,Hydrocarbons,,
,LAMB and MUTTON,Meat & Poultry,heptane,Hydrocarbons,<0.05,<0.05
,LAMB and MUTTON,Meat & Poultry,octane,Hydrocarbons,<0.05,<0.05
,LAMB and MUTTON,Meat & Poultry,octane (branched),Hydrocarbons,,
,LAMB and MUTTON,Meat & Poultry,nonane,Hydrocarbons,,
,LAMB and MUTTON,Meat & Poultry,decane,Hydrocarbons,,
,LAMB and MUTTON,Meat & Poultry,dodecane,Hydrocarbons,trace,0.1
,LAMB and MUTTON,Meat & Poultry,tridecane,Hydrocarbons,trace,0.1
,LAMB and MUTTON,Meat & Poultry,tetradecane,Hydrocarbons,trace,trace
,LAMB and MUTTON,Meat & Poultry,pentadecane,Hydrocarbons,,
,LAMB and MUTTON,Meat & Poultry,pentadecane (branched),Hydrocarbons,,
,LAMB and MUTTON,Meat & Poultry,hexadecane,Hydrocarbons,trace,0.9
,LAMB and MUTTON,Meat & Poultry,hexadecane (branched),Hydrocarbons,,
,LAMB and MUTTON,Meat & Poultry,1-phytene,Hydrocarbons,0.5,1.3
,LAMB and MUTTON,Meat & Poultry,2-phytene,Hydrocarbons,0.8,8.6
,LAMB and MUTTON,Meat & Poultry,neophytadiene,Hydrocarbons,0.4,5
,LAMB and MUTTON,Meat & Poultry,heptadecane,Hydrocarbons,,
,LAMB and MUTTON,Meat & Poultry,heptadecane (branched),Hydrocarbons,,
,LAMB and MUTTON,Meat & Poultry,octadecane,Hydrocarbons,0.8,1.2
,LAMB and MUTTON,Meat & Poultry,nonadecane,Hydrocarbons,,
,LAMB and MUTTON,Meat & Poultry,eicosane,Hydrocarbons,,
,LAMB and MUTTON,Meat & Poultry,heneicosane,Hydrocarbons,,
,LAMB and MUTTON,Meat & Poultry,docosane,Hydrocarbons,,
,LAMB and MUTTON,Meat & Poultry,tricosane,Hydrocarbons,,
,LAMB and MUTTON,Meat & Poultry,tetracosane,Hydrocarbons,,
,LAMB and MUTTON,Meat & Poultry,pentacosane,Hydrocarbons,,
,LAMB and MUTTON,Meat & Poultry,hexacosane,Hydrocarbons,,
,LAMB and MUTTON,Meat & Poultry,heptacosane,Hydrocarbons,,
,LAMB and MUTTON,Meat & Poultry,octacosane,Hydrocarbons,,
,LAMB and MUTTON,Meat & Poultry,α-pinene,Hydrocarbons,<0.1,<0.1
,LAMB and MUTTON,Meat & Poultry,benzene,Hydrocarbons,,
,LAMB and MUTTON,Meat & Poultry,methylbenzene (=toluene),Hydrocarbons,,
,LAMB and MUTTON,Meat & Poultry,ethylbenzene (=α-methyltoluene),Hydrocarbons,,
,LAMB and MUTTON,Meat & Poultry,propylbenzene,Hydrocarbons,,
,LAMB and MUTTON,Meat & Poultry,butylbenzene,Hydrocarbons,,
,LAMB and MUTTON,Meat & Poultry,dimethylbenzene (unkn.str.) (=xylene (unkn.str.)),Hydrocarbons,,
,LAMB and MUTTON,Meat & Poultry,"1,2,3-trimethylbenzene (=hemimellitene)",Hydrocarbons,,
,LAMB and MUTTON,Meat & Poultry,"1,2,4-trimethylbenzene (=pseudocumene)",Hydrocarbons,,
,LAMB and MUTTON,Meat & Poultry,"1,3,5-trimethylbenzene (=mesitylene)",Hydrocarbons,,
,LAMB and MUTTON,Meat & Poultry,ethyl-dimethylbenzene (unkn.str.),Hydrocarbons,,
,LAMB and MUTTON,Meat & Poultry,naphthalene,Hydrocarbons,,
,LAMB and MUTTON,Meat & Poultry,methylnaphthalene (unkn.str.),Hydrocarbons,,
,LAMB and MUTTON,Meat & Poultry,methanol,Alcohols,,
,LAMB and MUTTON,Meat & Poultry,ethanol,Alcohols,,
,LAMB and MUTTON,Meat & Poultry,1-propanol (=propyl alcohol),Alcohols,,
,LAMB and MUTTON,Meat & Poultry,2-propanol (=isopropyl alcohol),Alcohols,,
,LAMB and MUTTON,Meat & Poultry,1-butanol,Alcohols,,
,LAMB and MUTTON,Meat & Poultry,1-pentanol (=amyl alcohol),Alcohols,,
,LAMB and MUTTON,Meat & Poultry,1-hexanol,Alcohols,,
,LAMB and MUTTON,Meat & Poultry,1-heptanol,Alcohols,,
,LAMB and MUTTON,Meat & Poultry,1-octanol,Alcohols,,
,LAMB and MUTTON,Meat & Poultry,1-octen-3-ol,Alcohols,,
,LAMB and MUTTON,Meat & Poultry,"(E)-3,7,11,15-tetramethyl-2-hexadecen-1-ol (=phytol)",Alcohols,trace,0.3
,LAMB and MUTTON,Meat & Poultry,acetaldehyde (=ethanal),"Carbonyls, aldehydes",,
,LAMB and MUTTON,Meat & Poultry,"2-methylpropanal (=isobutanal, isobutyraldehyde)","Carbonyls, aldehydes",,
,LAMB and MUTTON,Meat & Poultry,2-methylbutanal (=α-methylbutanal),"Carbonyls, aldehydes",,
,LAMB and MUTTON,Meat & Poultry,"3-methylbutanal (=isopentanal, isovaleraldehyde)","Carbonyls, aldehydes",,
,LAMB and MUTTON,Meat & Poultry,pentanal (=valeraldehyde),"Carbonyls, aldehydes",<0.05,<0.05
,LAMB and MUTTON,Meat & Poultry,2-methyl-2-pentenal,"Carbonyls, aldehydes",,
,LAMB and MUTTON,Meat & Poultry,hexanal (=capronaldehyde),"Carbonyls, aldehydes",0.6,0.8
,LAMB and MUTTON,Meat & Poultry,"2,4-hexadienal","Carbonyls, aldehydes",,
,LAMB and MUTTON,Meat & Poultry,heptanal,"Carbonyls, aldehydes",0.3,1.4
,LAMB and MUTTON,Meat & Poultry,"2,4-heptadienal","Carbonyls, aldehydes",,
,LAMB and MUTTON,Meat & Poultry,octanal (=caprylaldehyde),"Carbonyls, aldehydes",0.2,0.5
,LAMB and MUTTON,Meat & Poultry,2-octenal,"Carbonyls, aldehydes",,
,LAMB and MUTTON,Meat & Poultry,nonanal (=pelargonaldehyde),"Carbonyls, aldehydes",0.4,0.4
,LAMB and MUTTON,Meat & Poultry,2-nonenal,"Carbonyls, aldehydes",0.3,1.1
,LAMB and MUTTON,Meat & Poultry,"2,4-nonadienal","Carbonyls, aldehydes",,
,LAMB and MUTTON,Meat & Poultry,decanal (=capraldehyde),"Carbonyls, aldehydes",,
,LAMB and MUTTON,Meat & Poultry,2-decenal,"Carbonyls, aldehydes",0.8,0.9
,LAMB and MUTTON,Meat & Poultry,"2,4-decadienal","Carbonyls, aldehydes",0.6,0.7
,LAMB and MUTTON,Meat & Poultry,2-undecenal,"Carbonyls, aldehydes",0.6,1
,LAMB and MUTTON,Meat & Poultry,"2,4-undecadienal","Carbonyls, aldehydes",,
,LAMB and MUTTON,Meat & Poultry,dodecanal,"Carbonyls, aldehydes",,
,LAMB and MUTTON,Meat & Poultry,tridecanal,"Carbonyls, aldehydes",,
,LAMB and MUTTON,Meat & Poultry,2-tridecenal,"Carbonyls, aldehydes",,
,LAMB and MUTTON,Meat & Poultry,tetradecanal,"Carbonyls, aldehydes",,
,LAMB and MUTTON,Meat & Poultry,2-tetradecenal,"Carbonyls, aldehydes",,
,LAMB and MUTTON,Meat & Poultry,pentadecanal,"Carbonyls, aldehydes",,
,LAMB and MUTTON,Meat & Poultry,2-pentadecenal,"Carbonyls, aldehydes",,
,LAMB and MUTTON,Meat & Poultry,heptadecanal,"Carbonyls, aldehydes",,
,LAMB and MUTTON,Meat & Poultry,benzaldehyde,"Carbonyls, aldehydes",,
,LAMB and MUTTON,Meat & Poultry,phenylacetaldehyde (=benzeneacetaldehyde),"Carbonyls, aldehydes",,
,LAMB and MUTTON,Meat & Poultry,"acetone (=2-propanone, dimethyl ketone)","Carbonyls, ketones",,
,LAMB and MUTTON,Meat & Poultry,2-butanone (=ethyl methyl ketone),"Carbonyls, ketones",,
,LAMB and MUTTON,Meat & Poultry,"2,3-butanedione (=diacetyl)","Carbonyls, ketones",,
,LAMB and MUTTON,Meat & Poultry,4-methyl-2-pentanone,"Carbonyls, ketones",,
,LAMB and MUTTON,Meat & Poultry,3-hydroxy-2-octanone,"Carbonyls, ketones",trace,15
,LAMB and MUTTON,Meat & Poultry,"2,3-octanedione","Carbonyls, ketones",trace,108
,LAMB and MUTTON,Meat & Poultry,2-decanone,"Carbonyls, ketones",,
,LAMB and MUTTON,Meat & Poultry,2-undecanone,"Carbonyls, ketones",0.2,0.3
,LAMB and MUTTON,Meat & Poultry,2-dodecanone,"Carbonyls, ketones",,
,LAMB and MUTTON,Meat & Poultry,2-tridecanone,"Carbonyls, ketones",0.7,1.2
,LAMB and MUTTON,Meat & Poultry,2-tetradecanone,"Carbonyls, ketones",,
,LAMB and MUTTON,Meat & Poultry,2-pentadecanone,"Carbonyls, ketones",,
,LAMB and MUTTON,Meat & Poultry,2-hexadecanone,"Carbonyls, ketones",,
,LAMB and MUTTON,Meat & Poultry,2-heptadecanone,"Carbonyls, ketones",,
,LAMB and MUTTON,Meat & Poultry,acetic acid,Acids,0.4,1.6
,LAMB and MUTTON,Meat & Poultry,propanoic acid (=propionic acid),Acids,<0.05,<0.05
,LAMB and MUTTON,Meat & Poultry,butanoic acid (=butyric acid),Acids,0.49,3.06
,LAMB and MUTTON,Meat & Poultry,2-methylbutanoic acid,Acids,0.14,2.24
,LAMB and MUTTON,Meat & Poultry,3-methylbutanoic acid (=isovaleric acid),Acids,0.05,0.44
,LAMB and MUTTON,Meat & Poultry,pentanoic acid (=valeric acid),Acids,0,0.6
,LAMB and MUTTON,Meat & Poultry,2-methylpentanoic acid,Acids,0.05,0.05
,LAMB and MUTTON,Meat & Poultry,3-methylpentanoic acid,Acids,0.27,0.27
,LAMB and MUTTON,Meat & Poultry,4-methylpentanoic acid (=isocaproic acid),Acids,0.02,2.42
,LAMB and MUTTON,Meat & Poultry,hexanoic acid (=caproic acid),Acids,0.2,4.32
,LAMB and MUTTON,Meat & Poultry,2-hexenoic acid,Acids,0.04,0.04
,LAMB and MUTTON,Meat & Poultry,2-methylhexanoic acid,Acids,0.07,1.53
,LAMB and MUTTON,Meat & Poultry,4-methylhexanoic acid,Acids,0.01,0.75
,LAMB and MUTTON,Meat & Poultry,2-ethylhexanoic acid,Acids,0.05,1.29
,LAMB and MUTTON,Meat & Poultry,heptanoic acid (=enanthic acid),Acids,trace,1.17
,LAMB and MUTTON,Meat & Poultry,heptenoic acid (unkn.str.),Acids,,
,LAMB and MUTTON,Meat & Poultry,2-methylheptanoic acid,Acids,,
,LAMB and MUTTON,Meat & Poultry,6-methylheptanoic acid,Acids,0.02,0.64
,LAMB and MUTTON,Meat & Poultry,methylheptanoic acid (unkn.str.),Acids,0.01,0.59
,LAMB and MUTTON,Meat & Poultry,2-ethylheptanoic acid,Acids,0.04,0.04
,LAMB and MUTTON,Meat & Poultry,ethylheptanoic acid (unkn.str.),Acids,0.03,0.1
,LAMB and MUTTON,Meat & Poultry,"2,4-dimethylheptanoic acid",Acids,0.03,0.05
,LAMB and MUTTON,Meat & Poultry,octanoic acid (=caprylic acid),Acids,0.3,1.75
,LAMB and MUTTON,Meat & Poultry,2-octenoic acid,Acids,,
,LAMB and MUTTON,Meat & Poultry,(Z)-2-octenoic acid,Acids,0.02,0.47
,LAMB and MUTTON,Meat & Poultry,(E)-2-octenoic acid,Acids,0.02,0.02
,LAMB and MUTTON,Meat & Poultry,7-octenoic acid,Acids,<0.01,<0.01
,LAMB and MUTTON,Meat & Poultry,octenoic acid (unkn.str.),Acids,,
,LAMB and MUTTON,Meat & Poultry,2-methyloctanoic acid,Acids,,
,LAMB and MUTTON,Meat & Poultry,4-methyloctanoic acid,Acids,0.08,1.65
,LAMB and MUTTON,Meat & Poultry,6-methyloctanoic acid,Acids,0.03,0.18
,LAMB and MUTTON,Meat & Poultry,methyloctanoic acid (unkn.str.),Acids,0.02,0.36
,LAMB and MUTTON,Meat & Poultry,4-ethyloctanoic acid,Acids,0.05,0.19
,LAMB and MUTTON,Meat & Poultry,4-oxooctanoic acid (unkn.str.),Acids,,
,LAMB and MUTTON,Meat & Poultry,"4,6-dimethyloctanoic acid",Acids,,
,LAMB and MUTTON,Meat & Poultry,nonanoic acid (=pelargonic acid),Acids,0.15,1.42
,LAMB and MUTTON,Meat & Poultry,2-nonenoic acid,Acids,,
,LAMB and MUTTON,Meat & Poultry,nonenoic acid (unkn.str.),Acids,0.04,0.66
,LAMB and MUTTON,Meat & Poultry,4-methylnonanoic acid,Acids,0.02,1.18
,LAMB and MUTTON,Meat & Poultry,8-methylnonanoic acid,Acids,0.06,0.27
,LAMB and MUTTON,Meat & Poultry,methylnonanoic acid (unkn.str.),Acids,0.04,0.41
,LAMB and MUTTON,Meat & Poultry,"4,6-dimethylnonanoic acid",Acids,,
,LAMB and MUTTON,Meat & Poultry,dimethylnonanoic acid (unkn.str.),Acids,0.12,0.72
,LAMB and MUTTON,Meat & Poultry,decanoic acid (=capric acid),Acids,1.5,8.12
,LAMB and MUTTON,Meat & Poultry,2-decenoic acid,Acids,,
,LAMB and MUTTON,Meat & Poultry,decenoic acid (unkn.str.),Acids,,
,LAMB and MUTTON,Meat & Poultry,2-methyldecanoic acid,Acids,,
,LAMB and MUTTON,Meat & Poultry,8-methyldecanoic acid,Acids,,
,LAMB and MUTTON,Meat & Poultry,9-methyldecanoic acid,Acids,,
,LAMB and MUTTON,Meat & Poultry,methyldecanoic acid (unkn.str.),Acids,0.6,10.67
,LAMB and MUTTON,Meat & Poultry,"4,6-dimethyldecanoic acid",Acids,,
,LAMB and MUTTON,Meat & Poultry,dimethyldecanoic acid (unkn.str.),Acids,0.16,0.65
,LAMB and MUTTON,Meat & Poultry,"4,8-dimethyldecanoic acid",Acids,,
,LAMB and MUTTON,Meat & Poultry,"6,8-dimethyldecanoic acid",Acids,,
,LAMB and MUTTON,Meat & Poultry,undecanoic acid,Acids,0.17,0.91
,LAMB and MUTTON,Meat & Poultry,10-methylundecanoic acid,Acids,,
,LAMB and MUTTON,Meat & Poultry,dodecanoic acid (=lauric acid),Acids,0.3,0.6
,LAMB and MUTTON,Meat & Poultry,tetradecanoic acid (=myristic acid),Acids,,
,LAMB and MUTTON,Meat & Poultry,pentadecanoic acid,Acids,,
,LAMB and MUTTON,Meat & Poultry,hexadecanoic acid (=palmitic acid),Acids,,
,LAMB and MUTTON,Meat & Poultry,octadecanoic acid (=stearic acid),Acids,,
,LAMB and MUTTON,Meat & Poultry,benzoic acid,Acids,,
,LAMB and MUTTON,Meat & Poultry,phenylacetic acid,Acids,,
,LAMB and MUTTON,Meat & Poultry,methyl hexanoate,Esters,,
,LAMB and MUTTON,Meat & Poultry,ethyl dodecanoate (=ethyl laurate),Esters,,
,LAMB and MUTTON,Meat & Poultry,ethyl tetradecanoate (=ethyl myristate),Esters,,
,LAMB and MUTTON,Meat & Poultry,methyl hexadecanoate (=methyl palmitate),Esters,,
,LAMB and MUTTON,Meat & Poultry,ethyl hexadecanoate (=ethyl palmitate),Esters,,
,LAMB and MUTTON,Meat & Poultry,butyl hexadecanoate,Esters,,
,LAMB and MUTTON,Meat & Poultry,methyl octadecanoate (=methyl stearate),Esters,,
,LAMB and MUTTON,Meat & Poultry,butyl octadecanoate,Esters,,
,LAMB and MUTTON,Meat & Poultry,methyl octadecenoate (unkn.str.),Esters,,
,LAMB and MUTTON,Meat & Poultry,"5-hydroxyoctanoic acid lactone (=5-octanolide, δ-octalactone)",Lactones,,
,LAMB and MUTTON,Meat & Poultry,"4-hydroxynonanoic acid lactone (=4-nonanolide, γ-nonalactone)",Lactones,,
,LAMB and MUTTON,Meat & Poultry,"4-hydroxydecanoic acid lactone (=4-decanolide, γ-decalactone)",Lactones,,
,LAMB and MUTTON,Meat & Poultry,"5-hydroxydecanoic acid lactone (=5-decanolide, δ-decalactone)",Lactones,0.2,0.3
,LAMB and MUTTON,Meat & Poultry,(Z)-4-hydroxy-6-dodecenoic acid lactone,Lactones,,
,LAMB and MUTTON,Meat & Poultry,"4-hydroxydodecanoic acid lactone (=4-dodecanolide, γ-dodecalactone)",Lactones,trace,2
,LAMB and MUTTON,Meat & Poultry,"5-hydroxydodecanoic acid lactone (=5-dodecanolide, δ-dodecalactone)",Lactones,0.2,0.6
,LAMB and MUTTON,Meat & Poultry,5-hydroxytetradecanoic acid lactone (=δ-tetradecalactone),Lactones,1.5,1.8
,LAMB and MUTTON,Meat & Poultry,5-hydroxyhexadecanoic acid lactone,Lactones,1.2,1.3
,LAMB and MUTTON,Meat & Poultry,trimethylamine,Bases,,
,LAMB and MUTTON,Meat & Poultry,pyridine,Bases,,
,LAMB and MUTTON,Meat & Poultry,2-methylpyridine (=α-picoline),Bases,,
,LAMB and MUTTON,Meat & Poultry,3-methylpyridine (=β-picoline),Bases,,
,LAMB and MUTTON,Meat & Poultry,2-ethylpyridine,Bases,,
,LAMB and MUTTON,Meat & Poultry,3-ethylpyridine,Bases,,
,LAMB and MUTTON,Meat & Poultry,2-butylpyridine,Bases,,
,LAMB and MUTTON,Meat & Poultry,3-isobutylpyridine,Bases,,
,LAMB and MUTTON,Meat & Poultry,2-pentylpyridine,Bases,,
,LAMB and MUTTON,Meat & Poultry,3-pentylpyridine,Bases,,
,LAMB and MUTTON,Meat & Poultry,2-hexylpyridine,Bases,,
,LAMB and MUTTON,Meat & Poultry,5-ethyl-2-methylpyridine,Bases,,
,LAMB and MUTTON,Meat & Poultry,2-methyl-5-pentylpyridine,Bases,,
,LAMB and MUTTON,Meat & Poultry,2-ethyl-5-pentylpyridine,Bases,,
,LAMB and MUTTON,Meat & Poultry,2-acetylpyridine,Bases,,
,LAMB and MUTTON,Meat & Poultry,methylpyrazine,Bases,,
,LAMB and MUTTON,Meat & Poultry,"2,3-dimethylpyrazine",Bases,,
,LAMB and MUTTON,Meat & Poultry,"2,5-dimethylpyrazine",Bases,,
,LAMB and MUTTON,Meat & Poultry,"2,6-dimethylpyrazine",Bases,,
,LAMB and MUTTON,Meat & Poultry,2-ethyl-5-methylpyrazine,Bases,,
,LAMB and MUTTON,Meat & Poultry,2-ethyl-6-methylpyrazine,Bases,,
,LAMB and MUTTON,Meat & Poultry,trimethylpyrazine,Bases,,
,LAMB and MUTTON,Meat & Poultry,"3-ethyl-2,5-dimethylpyrazine",Bases,,
,LAMB and MUTTON,Meat & Poultry,"2-ethyl-3,5-dimethylpyrazine",Bases,,
,LAMB and MUTTON,Meat & Poultry,"2,3-diethyl-5-methylpyrazine",Bases,,
,LAMB and MUTTON,Meat & Poultry,"3,5-diethyl-2-methylpyrazine",Bases,,
,LAMB and MUTTON,Meat & Poultry,tetramethylpyrazine,Bases,,
,LAMB and MUTTON,Meat & Poultry,"dimethyl sulfide (=thiobismethane, methylthiomethane, methyl sulfide)",Sulfur compounds,,
,LAMB and MUTTON,Meat & Poultry,dimethyl disulfide (=methyldithiomethane),Sulfur compounds,,
,LAMB and MUTTON,Meat & Poultry,2-thiophenecarbaldehyde (=2-formylthiophene),Sulfur compounds,,
,LAMB and MUTTON,Meat & Poultry,"3,5-dimethyl-1,2,4-trithiolane",Sulfur compounds,,
,LAMB and MUTTON,Meat & Poultry,"3,6-dimethyl-1,2,4,5-tetrathiane",Sulfur compounds,,
,LAMB and MUTTON,Meat & Poultry,"1,2,3,5,6-pentathiepane (=lenthionin, pentathiacycloheptane)",Sulfur compounds,,
,LAMB and MUTTON,Meat & Poultry,"2,4,5-trimethylthiazole",Sulfur compounds,,
,LAMB and MUTTON,Meat & Poultry,"5-ethyl-2,4-dimethylthiazole",Sulfur compounds,,
,LAMB and MUTTON,Meat & Poultry,"4-ethyl-2,5-dimethylthiazole",Sulfur compounds,,
,LAMB and MUTTON,Meat & Poultry,"2-isopropyl-4,5-dimethylthiazole",Sulfur compounds,,
,LAMB and MUTTON,Meat & Poultry,"2-isobutyl-4,5-dimethylthiazole",Sulfur compounds,,
,LAMB and MUTTON,Meat & Poultry,benzothiazole,Sulfur compounds,,
,LAMB and MUTTON,Meat & Poultry,"2,4,5-trimethyl-2-thiazoline",Sulfur compounds,,
,LAMB and MUTTON,Meat & Poultry,"dihydro-2,4,6-trimethyl-1,3,5(4H)-dithiazine (=thialdine)",Sulfur compounds,,
,LAMB and MUTTON,Meat & Poultry,phenol (=hydroxybenzene),Phenols,,
,LAMB and MUTTON,Meat & Poultry,methylphenol (unkn.str.) (=cresol (unkn.str.)),Phenols,,
,LAMB and MUTTON,Meat & Poultry,"2,6-di-tert-butyl-4-methyl-phenol (=B.H.T.)",Phenols,0.3,1.1
,LAMB and MUTTON,Meat & Poultry,furan,Furans,,
,LAMB and MUTTON,Meat & Poultry,2-methylfuran,Furans,,
,LAMB and MUTTON,Meat & Poultry,2-pentylfuran,Furans,,
,LAMB and MUTTON,Meat & Poultry,"furfural (=2-formylfuran, 2-furancarbaldehyde, 2-furaldehyde)",Furans,,
,LAMB and MUTTON,Meat & Poultry,"2-acetylfuran (=2-furyl methyl ketone, 1-(2-furyl)ethanone)",Furans,,
MUTTON (raw),LAMB and MUTTON,Meat & Poultry,butanoic acid (=butyric acid),Acids,2.79,2.79
MUTTON (raw),LAMB and MUTTON,Meat & Poultry,2-methylbutanoic acid,Acids,2.24,2.24
MUTTON (raw),LAMB and MUTTON,Meat & Poultry,pentanoic acid (=valeric acid),Acids,0.38,0.38
MUTTON (raw),LAMB and MUTTON,Meat & Poultry,4-methylpentanoic acid (=isocaproic acid),Acids,1.96,1.96
MUTTON (raw),LAMB and MUTTON,Meat & Poultry,hexanoic acid (=caproic acid),Acids,3.4,3.4
MUTTON (raw),LAMB and MUTTON,Meat & Poultry,2-methylhexanoic acid,Acids,1.53,1.53
MUTTON (raw),LAMB and MUTTON,Meat & Poultry,4-methylhexanoic acid,Acids,0.75,0.75
MUTTON (raw),LAMB and MUTTON,Meat & Poultry,2-ethylhexanoic acid,Acids,1.29,1.29
MUTTON (raw),LAMB and MUTTON,Meat & Poultry,heptanoic acid (=enanthic acid),Acids,0.43,0.43
MUTTON (raw),LAMB and MUTTON,Meat & Poultry,methylheptanoic acid (unkn.str.),Acids,0.59,0.59
MUTTON (raw),LAMB and MUTTON,Meat & Poultry,octanoic acid (=caprylic acid),Acids,0.55,0.55
MUTTON (raw),LAMB and MUTTON,Meat & Poultry,(Z)-2-octenoic acid,Acids,0.47,0.47
MUTTON (raw),LAMB and MUTTON,Meat & Poultry,4-methyloctanoic acid,Acids,0.37,0.37
MUTTON (raw),LAMB and MUTTON,Meat & Poultry,methyloctanoic acid (unkn.str.),Acids,0.36,0.36
MUTTON (raw),LAMB and MUTTON,Meat & Poultry,nonanoic acid (=pelargonic acid),Acids,0.38,0.38
MUTTON (raw),LAMB and MUTTON,Meat & Poultry,nonenoic acid (unkn.str.),Acids,0.22,0.22
MUTTON (raw),LAMB and MUTTON,Meat & Poultry,4-methylnonanoic acid,Acids,0.21,0.21
MUTTON (raw),LAMB and MUTTON,Meat & Poultry,methylnonanoic acid (unkn.str.),Acids,0.29,0.29
MUTTON (raw),LAMB and MUTTON,Meat & Poultry,decanoic acid (=capric acid),Acids,3.34,3.34
MUTTON (raw),LAMB and MUTTON,Meat & Poultry,methyldecanoic acid (unkn.str.),Acids,1.96,1.96
MUTTON (raw),LAMB and MUTTON,Meat & Poultry,undecanoic acid,Acids,0.28,0.28
MUTTON (cooked),LAMB and MUTTON,Meat & Poultry,butanoic acid (=butyric acid),Acids,0.49,0.49
MUTTON (cooked),LAMB and MUTTON,Meat & Poultry,pentanoic acid (=valeric acid),Acids,0.15,0.15
MUTTON (cooked),LAMB and MUTTON,Meat & Poultry,4-methylpentanoic acid (=isocaproic acid),Acids,0.02,0.02
MUTTON (cooked),LAMB and MUTTON,Meat & Poultry,hexanoic acid (=caproic acid),Acids,0.67,0.67
MUTTON (cooked),LAMB and MUTTON,Meat & Poultry,2-methylhexanoic acid,Acids,0.07,0.07
MUTTON (cooked),LAMB and MUTTON,Meat & Poultry,4-methylhexanoic acid,Acids,0.02,0.02
MUTTON (cooked),LAMB and MUTTON,Meat & Poultry,2-ethylhexanoic acid,Acids,0.1,0.1
MUTTON (cooked),LAMB and MUTTON,Meat & Poultry,heptanoic acid (=enanthic acid),Acids,0.2,0.2
MUTTON (cooked),LAMB and MUTTON,Meat & Poultry,6-methylheptanoic acid,Acids,0.07,0.07
MUTTON (cooked),LAMB and MUTTON,Meat & Poultry,methylheptanoic acid (unkn.str.),Acids,0.08,0.08
MUTTON (cooked),LAMB and MUTTON,Meat & Poultry,ethylheptanoic acid (unkn.str.),Acids,0.03,0.03
MUTTON (cooked),LAMB and MUTTON,Meat & Poultry,octanoic acid (=caprylic acid),Acids,0.76,0.76
MUTTON (cooked),LAMB and MUTTON,Meat & Poultry,(Z)-2-octenoic acid,Acids,0.02,0.02
MUTTON (cooked),LAMB and MUTTON,Meat & Poultry,4-methyloctanoic acid,Acids,0.44,0.44
MUTTON (cooked),LAMB and MUTTON,Meat & Poultry,6-methyloctanoic acid,Acids,0.04,0.04
MUTTON (cooked),LAMB and MUTTON,Meat & Poultry,methyloctanoic acid (unkn.str.),Acids,0.02,0.02
MUTTON (cooked),LAMB and MUTTON,Meat & Poultry,4-ethyloctanoic acid,Acids,0.07,0.07
MUTTON (cooked),LAMB and MUTTON,Meat & Poultry,nonanoic acid (=pelargonic acid),Acids,0.42,0.42
MUTTON (cooked),LAMB and MUTTON,Meat & Poultry,nonenoic acid (unkn.str.),Acids,0.12,0.12
MUTTON (cooked),LAMB and MUTTON,Meat & Poultry,4-methylnonanoic acid,Acids,0.2,0.2
MUTTON (cooked),LAMB and MUTTON,Meat & Poultry,methylnonanoic acid (unkn.str.),Acids,0.41,0.41
MUTTON (cooked),LAMB and MUTTON,Meat & Poultry,decanoic acid (=capric acid),Acids,6.26,6.26
MUTTON (cooked),LAMB and MUTTON,Meat & Poultry,methyldecanoic acid (unkn.str.),Acids,3.22,3.22
MUTTON (cooked),LAMB and MUTTON,Meat & Poultry,undecanoic acid,Acids,0.36,0.36
MUTTON (boiled),LAMB and MUTTON,Meat & Poultry,hexane,Hydrocarbons,,
MUTTON (boiled),LAMB and MUTTON,Meat & Poultry,heptane,Hydrocarbons,,
MUTTON (boiled),LAMB and MUTTON,Meat & Poultry,octane (branched),Hydrocarbons,,
MUTTON (boiled),LAMB and MUTTON,Meat & Poultry,nonane,Hydrocarbons,,
MUTTON (boiled),LAMB and MUTTON,Meat & Poultry,decane,Hydrocarbons,,
MUTTON (boiled),LAMB and MUTTON,Meat & Poultry,dodecane,Hydrocarbons,,
MUTTON (boiled),LAMB and MUTTON,Meat & Poultry,tridecane,Hydrocarbons,,
MUTTON (boiled),LAMB and MUTTON,Meat & Poultry,tetradecane,Hydrocarbons,,
MUTTON (boiled),LAMB and MUTTON,Meat & Poultry,pentadecane,Hydrocarbons,,
MUTTON (boiled),LAMB and MUTTON,Meat & Poultry,pentadecane (branched),Hydrocarbons,,
MUTTON (boiled),LAMB and MUTTON,Meat & Poultry,hexadecane,Hydrocarbons,,
MUTTON (boiled),LAMB and MUTTON,Meat & Poultry,hexadecane (branched),Hydrocarbons,,
MUTTON (boiled),LAMB and MUTTON,Meat & Poultry,1-phytene,Hydrocarbons,,
MUTTON (boiled),LAMB and MUTTON,Meat & Poultry,2-phytene,Hydrocarbons,,
MUTTON (boiled),LAMB and MUTTON,Meat & Poultry,heptadecane,Hydrocarbons,,
MUTTON (boiled),LAMB and MUTTON,Meat & Poultry,heptadecane (branched),Hydrocarbons,,
MUTTON (boiled),LAMB and MUTTON,Meat & Poultry,octadecane,Hydrocarbons,,
MUTTON (boiled),LAMB and MUTTON,Meat & Poultry,eicosane,Hydrocarbons,,
MUTTON (boiled),LAMB and MUTTON,Meat & Poultry,benzene,Hydrocarbons,,
MUTTON (boiled),LAMB and MUTTON,Meat & Poultry,methylbenzene (=toluene),Hydrocarbons,,
MUTTON (boiled),LAMB and MUTTON,Meat & Poultry,ethylbenzene (=α-methyltoluene),Hydrocarbons,,
MUTTON (boiled),LAMB and MUTTON,Meat & Poultry,propylbenzene,Hydrocarbons,,
MUTTON (boiled),LAMB and MUTTON,Meat & Poultry,butylbenzene,Hydrocarbons,,
MUTTON (boiled),LAMB and MUTTON,Meat & Poultry,dimethylbenzene (unkn.str.) (=xylene (unkn.str.)),Hydrocarbons,,
MUTTON (boiled),LAMB and MUTTON,Meat & Poultry,"1,2,3-trimethylbenzene (=hemimellitene)",Hydrocarbons,,
MUTTON (boiled),LAMB and MUTTON,Meat & Poultry,"1,2,4-trimethylbenzene (=pseudocumene)",Hydrocarbons,,
MUTTON (boiled),LAMB and MUTTON,Meat & Poultry,"1,3,5-trimethylbenzene (=mesitylene)",Hydrocarbons,,
MUTTON (boiled),LAMB and MUTTON,Meat & Poultry,ethyl-dimethylbenzene (unkn.str.),Hydrocarbons,,
MUTTON (boiled),LAMB and MUTTON,Meat & Poultry,naphthalene,Hydrocarbons,,
MUTTON (boiled),LAMB and MUTTON,Meat & Poultry,methylnaphthalene (unkn.str.),Hydrocarbons,,
MUTTON (boiled),LAMB and MUTTON,Meat & Poultry,methanol,Alcohols,,
MUTTON (boiled),LAMB and MUTTON,Meat & Poultry,ethanol,Alcohols,,
MUTTON (boiled),LAMB and MUTTON,Meat & Poultry,1-propanol (=propyl alcohol),Alcohols,,
MUTTON (boiled),LAMB and MUTTON,Meat & Poultry,2-propanol (=isopropyl alcohol),Alcohols,,
MUTTON (boiled),LAMB and MUTTON,Meat & Poultry,1-butanol,Alcohols,,
MUTTON (boiled),LAMB and MUTTON,Meat & Poultry,1-pentanol (=amyl alcohol),Alcohols,,
MUTTON (boiled),LAMB and MUTTON,Meat & Poultry,1-hexanol,Alcohols,,
MUTTON (boiled),LAMB and MUTTON,Meat & Poultry,1-octen-3-ol,Alcohols,,
MUTTON (boiled),LAMB and MUTTON,Meat & Poultry,acetaldehyde (=ethanal),"Carbonyls, aldehydes",,
MUTTON (boiled),LAMB and MUTTON,Meat & Poultry,"2-methylpropanal (=isobutanal, isobutyraldehyde)","Carbonyls, aldehydes",,
MUTTON (boiled),LAMB and MUTTON,Meat & Poultry,2-methylbutanal (=α-methylbutanal),"Carbonyls, aldehydes",,
MUTTON (boiled),LAMB and MUTTON,Meat & Poultry,"3-methylbutanal (=isopentanal, isovaleraldehyde)","Carbonyls, aldehydes",,
MUTTON (boiled),LAMB and MUTTON,Meat & Poultry,hexanal (=capronaldehyde),"Carbonyls, aldehydes",,
MUTTON (boiled),LAMB and MUTTON,Meat & Poultry,"2,4-hexadienal","Carbonyls, aldehydes",,
MUTTON (boiled),LAMB and MUTTON,Meat & Poultry,heptanal,"Carbonyls, aldehydes",,
MUTTON (boiled),LAMB and MUTTON,Meat & Poultry,"2,4-heptadienal","Carbonyls, aldehydes",,
MUTTON (boiled),LAMB and MUTTON,Meat & Poultry,nonanal (=pelargonaldehyde),"Carbonyls, aldehydes",,
MUTTON (boiled),LAMB and MUTTON,Meat & Poultry,2-nonenal,"Carbonyls, aldehydes",,
MUTTON (boiled),LAMB and MUTTON,Meat & Poultry,"2,4-nonadienal","Carbonyls, aldehydes",,
MUTTON (boiled),LAMB and MUTTON,Meat & Poultry,2-decenal,"Carbonyls, aldehydes",,
MUTTON (boiled),LAMB and MUTTON,Meat & Poultry,"2,4-decadienal","Carbonyls, aldehydes",,
MUTTON (boiled),LAMB and MUTTON,Meat & Poultry,2-undecenal,"Carbonyls, aldehydes",,
MUTTON (boiled),LAMB and MUTTON,Meat & Poultry,"2,4-undecadienal","Carbonyls, aldehydes",,
MUTTON (boiled),LAMB and MUTTON,Meat & Poultry,benzaldehyde,"Carbonyls, aldehydes",,
MUTTON (boiled),LAMB and MUTTON,Meat & Poultry,phenylacetaldehyde (=benzeneacetaldehyde),"Carbonyls, aldehydes",,
MUTTON (boiled),LAMB and MUTTON,Meat & Poultry,"acetone (=2-propanone, dimethyl ketone)","Carbonyls, ketones",,
MUTTON (boiled),LAMB and MUTTON,Meat & Poultry,2-butanone (=ethyl methyl ketone),"Carbonyls, ketones",,
MUTTON (boiled),LAMB and MUTTON,Meat & Poultry,"2,3-butanedione (=diacetyl)","Carbonyls, ketones",,
MUTTON (boiled),LAMB and MUTTON,Meat & Poultry,3-hydroxy-2-octanone,"Carbonyls, ketones",,
MUTTON (boiled),LAMB and MUTTON,Meat & Poultry,"2,3-octanedione","Carbonyls, ketones",,
MUTTON (boiled),LAMB and MUTTON,Meat & Poultry,2-decanone,"Carbonyls, ketones",,
MUTTON (boiled),LAMB and MUTTON,Meat & Poultry,2-undecanone,"Carbonyls, ketones",,
MUTTON (boiled),LAMB and MUTTON,Meat & Poultry,2-dodecanone,"Carbonyls, ketones",,
MUTTON (boiled),LAMB and MUTTON,Meat & Poultry,2-tridecanone,"Carbonyls, ketones",,
MUTTON (boiled),LAMB and MUTTON,Meat & Poultry,2-pentadecanone,"Carbonyls, ketones",,
MUTTON (boiled),LAMB and MUTTON,Meat & Poultry,2-heptadecanone,"Carbonyls, ketones",,
MUTTON (boiled),LAMB and MUTTON,Meat & Poultry,butanoic acid (=butyric acid),Acids,2.14,2.14
MUTTON (boiled),LAMB and MUTTON,Meat & Poultry,2-methylbutanoic acid,Acids,0.5,0.5
MUTTON (boiled),LAMB and MUTTON,Meat & Poultry,pentanoic acid (=valeric acid),Acids,0.36,0.36
MUTTON (boiled),LAMB and MUTTON,Meat & Poultry,hexanoic acid (=caproic acid),Acids,4.32,4.32
MUTTON (boiled),LAMB and MUTTON,Meat & Poultry,2-methylhexanoic acid,Acids,0.64,0.64
MUTTON (boiled),LAMB and MUTTON,Meat & Poultry,4-methylhexanoic acid,Acids,,
MUTTON (boiled),LAMB and MUTTON,Meat & Poultry,heptanoic acid (=enanthic acid),Acids,1.17,1.17
MUTTON (boiled),LAMB and MUTTON,Meat & Poultry,heptenoic acid (unkn.str.),Acids,,
MUTTON (boiled),LAMB and MUTTON,Meat & Poultry,2-methylheptanoic acid,Acids,,
MUTTON (boiled),LAMB and MUTTON,Meat & Poultry,6-methylheptanoic acid,Acids,0.11,0.11
MUTTON (boiled),LAMB and MUTTON,Meat & Poultry,2-ethylheptanoic acid,Acids,0.04,0.04
MUTTON (boiled),LAMB and MUTTON,Meat & Poultry,octanoic acid (=caprylic acid),Acids,1.75,1.75
MUTTON (boiled),LAMB and MUTTON,Meat & Poultry,2-octenoic acid,Acids,,
MUTTON (boiled),LAMB and MUTTON,Meat & Poultry,octenoic acid (unkn.str.),Acids,,
MUTTON (boiled),LAMB and MUTTON,Meat & Poultry,2-methyloctanoic acid,Acids,,
MUTTON (boiled),LAMB and MUTTON,Meat & Poultry,4-methyloctanoic acid,Acids,0.6,0.6
MUTTON (boiled),LAMB and MUTTON,Meat & Poultry,6-methyloctanoic acid,Acids,,
MUTTON (boiled),LAMB and MUTTON,Meat & Poultry,methyloctanoic acid (unkn.str.),Acids,0.2,0.2
MUTTON (boiled),LAMB and MUTTON,Meat & Poultry,4-ethyloctanoic acid,Acids,0.14,0.14
MUTTON (boiled),LAMB and MUTTON,Meat & Poultry,4-oxooctanoic acid (unkn.str.),Acids,,
MUTTON (boiled),LAMB and MUTTON,Meat & Poultry,"4,6-dimethyloctanoic acid",Acids,,
MUTTON (boiled),LAMB and MUTTON,Meat & Poultry,nonanoic acid (=pelargonic acid),Acids,1.42,1.42
MUTTON (boiled),LAMB and MUTTON,Meat & Poultry,2-nonenoic acid,Acids,,
MUTTON (boiled),LAMB and MUTTON,Meat & Poultry,nonenoic acid (unkn.str.),Acids,0.66,0.66
MUTTON (boiled),LAMB and MUTTON,Meat & Poultry,4-methylnonanoic acid,Acids,0.15,0.15
MUTTON (boiled),LAMB and MUTTON,Meat & Poultry,8-methylnonanoic acid,Acids,,
MUTTON (boiled),LAMB and MUTTON,Meat & Poultry,methylnonanoic acid (unkn.str.),Acids,0.32,0.32
MUTTON (boiled),LAMB and MUTTON,Meat & Poultry,"4,6-dimethylnonanoic acid",Acids,,
MUTTON (boiled),LAMB and MUTTON,Meat & Poultry,decanoic acid (=capric acid),Acids,6.83,6.83
MUTTON (boiled),LAMB and MUTTON,Meat & Poultry,2-decenoic acid,Acids,,
MUTTON (boiled),LAMB and MUTTON,Meat & Poultry,decenoic acid (unkn.str.),Acids,,
MUTTON (boiled),LAMB and MUTTON,Meat & Poultry,2-methyldecanoic acid,Acids,,
MUTTON (boiled),LAMB and MUTTON,Meat & Poultry,8-methyldecanoic acid,Acids,,
MUTTON (boiled),LAMB and MUTTON,Meat & Poultry,9-methyldecanoic acid,Acids,,
MUTTON (boiled),LAMB and MUTTON,Meat & Poultry,methyldecanoic acid (unkn.str.),Acids,2.49,2.49
MUTTON (boiled),LAMB and MUTTON,Meat & Poultry,"4,6-dimethyldecanoic acid",Acids,,
MUTTON (boiled),LAMB and MUTTON,Meat & Poultry,"4,8-dimethyldecanoic acid",Acids,,
MUTTON (boiled),LAMB and MUTTON,Meat & Poultry,"6,8-dimethyldecanoic acid",Acids,,
MUTTON (boiled),LAMB and MUTTON,Meat & Poultry,undecanoic acid,Acids,0.66,0.66
MUTTON (boiled),LAMB and MUTTON,Meat & Poultry,10-methylundecanoic acid,Acids,,
MUTTON (boiled),LAMB and MUTTON,Meat & Poultry,dodecanoic acid (=lauric acid),Acids,,
MUTTON (boiled),LAMB and MUTTON,Meat & Poultry,benzoic acid,Acids,,
MUTTON (boiled),LAMB and MUTTON,Meat & Poultry,phenylacetic acid,Acids,,
MUTTON (boiled),LAMB and MUTTON,Meat & Poultry,methyl hexanoate,Esters,,
MUTTON (boiled),LAMB and MUTTON,Meat & Poultry,ethyl tetradecanoate (=ethyl myristate),Esters,,
MUTTON (boiled),LAMB and MUTTON,Meat & Poultry,ethyl hexadecanoate (=ethyl palmitate),Esters,,
MUTTON (boiled),LAMB and MUTTON,Meat & Poultry,butyl hexadecanoate,Esters,,
MUTTON (boiled),LAMB and MUTTON,Meat & Poultry,butyl octadecanoate,Esters,,
MUTTON (boiled),LAMB and MUTTON,Meat & Poultry,"5-hydroxyoctanoic acid lactone (=5-octanolide, δ-octalactone)",Lactones,,
MUTTON (boiled),LAMB and MUTTON,Meat & Poultry,(Z)-4-hydroxy-6-dodecenoic acid lactone,Lactones,,
MUTTON (boiled),LAMB and MUTTON,Meat & Poultry,"4-hydroxydodecanoic acid lactone (=4-dodecanolide, γ-dodecalactone)",Lactones,,
MUTTON (boiled),LAMB and MUTTON,Meat & Poultry,"5-hydroxydodecanoic acid lactone (=5-dodecanolide, δ-dodecalactone)",Lactones,,
MUTTON (boiled),LAMB and MUTTON,Meat & Poultry,5-hydroxytetradecanoic acid lactone (=δ-tetradecalactone),Lactones,,
MUTTON (boiled),LAMB and MUTTON,Meat & Poultry,trimethylamine,Bases,,
MUTTON (boiled),LAMB and MUTTON,Meat & Poultry,"dimethyl sulfide (=thiobismethane, methylthiomethane, methyl sulfide)",Sulfur compounds,,
MUTTON (boiled),LAMB and MUTTON,Meat & Poultry,dimethyl disulfide (=methyldithiomethane),Sulfur compounds,,
MUTTON (boiled),LAMB and MUTTON,Meat & Poultry,2-thiophenecarbaldehyde (=2-formylthiophene),Sulfur compounds,,
MUTTON (boiled),LAMB and MUTTON,Meat & Poultry,"3,5-dimethyl-1,2,4-trithiolane",Sulfur compounds,,
MUTTON (boiled),LAMB and MUTTON,Meat & Poultry,"3,6-dimethyl-1,2,4,5-tetrathiane",Sulfur compounds,,
MUTTON (boiled),LAMB and MUTTON,Meat & Poultry,"1,2,3,5,6-pentathiepane (=lenthionin, pentathiacycloheptane)",Sulfur compounds,,
MUTTON (boiled),LAMB and MUTTON,Meat & Poultry,"dihydro-2,4,6-trimethyl-1,3,5(4H)-dithiazine (=thialdine)",Sulfur compounds,,
MUTTON (boiled),LAMB and MUTTON,Meat & Poultry,phenol (=hydroxybenzene),Phenols,,
MUTTON (boiled),LAMB and MUTTON,Meat & Poultry,methylphenol (unkn.str.) (=cresol (unkn.str.)),Phenols,,
MUTTON (boiled),LAMB and MUTTON,Meat & Poultry,furan,Furans,,
MUTTON (boiled),LAMB and MUTTON,Meat & Poultry,2-methylfuran,Furans,,
MUTTON (boiled),LAMB and MUTTON,Meat & Poultry,"furfural (=2-formylfuran, 2-furancarbaldehyde, 2-furaldehyde)",Furans,,
MUTTON (boiled),LAMB and MUTTON,Meat & Poultry,"2-acetylfuran (=2-furyl methyl ketone, 1-(2-furyl)ethanone)",Furans,,
LAMB (roasted),LAMB and MUTTON,Meat & Poultry,butanoic acid (=butyric acid),Acids,1.11,1.11
LAMB (roasted),LAMB and MUTTON,Meat & Poultry,2-methylbutanoic acid,Acids,0.94,0.94
LAMB (roasted),LAMB and MUTTON,Meat & Poultry,3-methylbutanoic acid (=isovaleric acid),Acids,0.05,0.05
LAMB (roasted),LAMB and MUTTON,Meat & Poultry,pentanoic acid (=valeric acid),Acids,0.07,0.07
LAMB (roasted),LAMB and MUTTON,Meat & Poultry,2-methylpentanoic acid,Acids,0.05,0.05
LAMB (roasted),LAMB and MUTTON,Meat & Poultry,hexanoic acid (=caproic acid),Acids,0.77,0.77
LAMB (roasted),LAMB and MUTTON,Meat & Poultry,2-methylhexanoic acid,Acids,0.24,0.24
LAMB (roasted),LAMB and MUTTON,Meat & Poultry,4-methylhexanoic acid,Acids,0.01,0.01
LAMB (roasted),LAMB and MUTTON,Meat & Poultry,heptanoic acid (=enanthic acid),Acids,0.18,0.18
LAMB (roasted),LAMB and MUTTON,Meat & Poultry,methylheptanoic acid (unkn.str.),Acids,0.01,0.01
LAMB (roasted),LAMB and MUTTON,Meat & Poultry,"2,4-dimethylheptanoic acid",Acids,0.05,0.05
LAMB (roasted),LAMB and MUTTON,Meat & Poultry,octanoic acid (=caprylic acid),Acids,0.38,0.38
LAMB (roasted),LAMB and MUTTON,Meat & Poultry,(Z)-2-octenoic acid,Acids,0.02,0.02
LAMB (roasted),LAMB and MUTTON,Meat & Poultry,(E)-2-octenoic acid,Acids,0.02,0.02
LAMB (roasted),LAMB and MUTTON,Meat & Poultry,7-octenoic acid,Acids,<0.01,<0.01
LAMB (roasted),LAMB and MUTTON,Meat & Poultry,4-methyloctanoic acid,Acids,0.08,0.08
LAMB (roasted),LAMB and MUTTON,Meat & Poultry,6-methyloctanoic acid,Acids,0.03,0.03
LAMB (roasted),LAMB and MUTTON,Meat & Poultry,4-ethyloctanoic acid,Acids,0.16,0.16
LAMB (roasted),LAMB and MUTTON,Meat & Poultry,nonanoic acid (=pelargonic acid),Acids,0.4,0.4
LAMB (roasted),LAMB and MUTTON,Meat & Poultry,nonenoic acid (unkn.str.),Acids,0.04,0.04
LAMB (roasted),LAMB and MUTTON,Meat & Poultry,4-methylnonanoic acid,Acids,0.02,0.02
LAMB (roasted),LAMB and MUTTON,Meat & Poultry,8-methylnonanoic acid,Acids,0.06,0.06
LAMB (roasted),LAMB and MUTTON,Meat & Poultry,methylnonanoic acid (unkn.str.),Acids,0.04,0.04
LAMB (roasted),LAMB and MUTTON,Meat & Poultry,dimethylnonanoic acid (unkn.str.),Acids,0.12,0.12
LAMB (roasted),LAMB and MUTTON,Meat & Poultry,decanoic acid (=capric acid),Acids,2.46,2.46
LAMB (roasted),LAMB and MUTTON,Meat & Poultry,methyldecanoic acid (unkn.str.),Acids,0.6,0.6
LAMB (roasted),LAMB and MUTTON,Meat & Poultry,dimethyldecanoic acid (unkn.str.),Acids,0.16,0.16
LAMB (roasted),LAMB and MUTTON,Meat & Poultry,undecanoic acid,Acids,0.17,0.17
LAMB and MUTTON FAT (heated),LAMB and MUTTON,Meat & Poultry,heptane,Hydrocarbons,<0.05,<0.05
LAMB and MUTTON FAT (heated),LAMB and MUTTON,Meat & Poultry,octane,Hydrocarbons,<0.05,<0.05
LAMB and MUTTON FAT (heated),LAMB and MUTTON,Meat & Poultry,dodecane,Hydrocarbons,trace,0.1
LAMB and MUTTON FAT (heated),LAMB and MUTTON,Meat & Poultry,tridecane,Hydrocarbons,trace,0.1
LAMB and MUTTON FAT (heated),LAMB and MUTTON,Meat & Poultry,tetradecane,Hydrocarbons,trace,trace
LAMB and MUTTON FAT (heated),LAMB and MUTTON,Meat & Poultry,hexadecane,Hydrocarbons,trace,0.9
LAMB and MUTTON FAT (heated),LAMB and MUTTON,Meat & Poultry,1-phytene,Hydrocarbons,0.5,1.3
LAMB and MUTTON FAT (heated),LAMB and MUTTON,Meat & Poultry,2-phytene,Hydrocarbons,0.8,8.6
LAMB and MUTTON FAT (heated),LAMB and MUTTON,Meat & Poultry,neophytadiene,Hydrocarbons,0.4,5
LAMB and MUTTON FAT (heated),LAMB and MUTTON,Meat & Poultry,octadecane,Hydrocarbons,0.8,1.2
LAMB and MUTTON FAT (heated),LAMB and MUTTON,Meat & Poultry,α-pinene,Hydrocarbons,<0.1,<0.1
LAMB and MUTTON FAT (heated),LAMB and MUTTON,Meat & Poultry,methylbenzene (=toluene),Hydrocarbons,,
LAMB and MUTTON FAT (heated),LAMB and MUTTON,Meat & Poultry,1-pentanol (=amyl alcohol),Alcohols,,
LAMB and MUTTON FAT (heated),LAMB and MUTTON,Meat & Poultry,1-heptanol,Alcohols,,
LAMB and MUTTON FAT (heated),LAMB and MUTTON,Meat & Poultry,1-octanol,Alcohols,,
LAMB and MUTTON FAT (heated),LAMB and MUTTON,Meat & Poultry,"(E)-3,7,11,15-tetramethyl-2-hexadecen-1-ol (=phytol)",Alcohols,trace,0.3
LAMB and MUTTON FAT (heated),LAMB and MUTTON,Meat & Poultry,pentanal (=valeraldehyde),"Carbonyls, aldehydes",<0.05,<0.05
LAMB and MUTTON FAT (heated),LAMB and MUTTON,Meat & Poultry,hexanal (=capronaldehyde),"Carbonyls, aldehydes",0.6,0.8
LAMB and MUTTON FAT (heated),LAMB and MUTTON,Meat & Poultry,heptanal,"Carbonyls, aldehydes",0.3,1.4
LAMB and MUTTON FAT (heated),LAMB and MUTTON,Meat & Poultry,"2,4-heptadienal","Carbonyls, aldehydes",,
LAMB and MUTTON FAT (heated),LAMB and MUTTON,Meat & Poultry,octanal (=caprylaldehyde),"Carbonyls, aldehydes",0.2,0.5
LAMB and MUTTON FAT (heated),LAMB and MUTTON,Meat & Poultry,2-octenal,"Carbonyls, aldehydes",,
LAMB and MUTTON FAT (heated),LAMB and MUTTON,Meat & Poultry,nonanal (=pelargonaldehyde),"Carbonyls, aldehydes",0.4,0.4
LAMB and MUTTON FAT (heated),LAMB and MUTTON,Meat & Poultry,2-nonenal,"Carbonyls, aldehydes",0.3,1.1
LAMB and MUTTON FAT (heated),LAMB and MUTTON,Meat & Poultry,decanal (=capraldehyde),"Carbonyls, aldehydes",,
LAMB and MUTTON FAT (heated),LAMB and MUTTON,Meat & Poultry,2-decenal,"Carbonyls, aldehydes",0.8,0.9
LAMB and MUTTON FAT (heated),LAMB and MUTTON,Meat & Poultry,"2,4-decadienal","Carbonyls, aldehydes",0.6,0.7
LAMB and MUTTON FAT (heated),LAMB and MUTTON,Meat & Poultry,2-undecenal,"Carbonyls, aldehydes",0.6,1
LAMB and MUTTON FAT (heated),LAMB and MUTTON,Meat & Poultry,tridecanal,"Carbonyls, aldehydes",,
LAMB and MUTTON FAT (heated),LAMB and MUTTON,Meat & Poultry,2-tridecenal,"Carbonyls, aldehydes",,
LAMB and MUTTON FAT (heated),LAMB and MUTTON,Meat & Poultry,2-tetradecenal,"Carbonyls, aldehydes",,
LAMB and MUTTON FAT (heated),LAMB and MUTTON,Meat & Poultry,pentadecanal,"Carbonyls, aldehydes",,
LAMB and MUTTON FAT (heated),LAMB and MUTTON,Meat & Poultry,2-pentadecenal,"Carbonyls, aldehydes",,
LAMB and MUTTON FAT (heated),LAMB and MUTTON,Meat & Poultry,heptadecanal,"Carbonyls, aldehydes",,
LAMB and MUTTON FAT (heated),LAMB and MUTTON,Meat & Poultry,4-methyl-2-pentanone,"Carbonyls, ketones",,
LAMB and MUTTON FAT (heated),LAMB and MUTTON,Meat & Poultry,3-hydroxy-2-octanone,"Carbonyls, ketones",trace,15
LAMB and MUTTON FAT (heated),LAMB and MUTTON,Meat & Poultry,"2,3-octanedione","Carbonyls, ketones",trace,108
LAMB and MUTTON FAT (heated),LAMB and MUTTON,Meat & Poultry,2-undecanone,"Carbonyls, ketones",0.2,0.3
LAMB and MUTTON FAT (heated),LAMB and MUTTON,Meat & Poultry,2-tridecanone,"Carbonyls, ketones",0.7,1.2
LAMB and MUTTON FAT (heated),LAMB and MUTTON,Meat & Poultry,2-tetradecanone,"Carbonyls, ketones",,
LAMB and MUTTON FAT (heated),LAMB and MUTTON,Meat & Poultry,2-pentadecanone,"Carbonyls, ketones",,
LAMB and MUTTON FAT (heated),LAMB and MUTTON,Meat & Poultry,2-hexadecanone,"Carbonyls, ketones",,
LAMB and MUTTON FAT (heated),LAMB and MUTTON,Meat & Poultry,2-heptadecanone,"Carbonyls, ketones",,
LAMB and MUTTON FAT (heated),LAMB and MUTTON,Meat & Poultry,acetic acid,Acids,0.4,1.6
LAMB and MUTTON FAT (heated),LAMB and MUTTON,Meat & Poultry,propanoic acid (=propionic acid),Acids,<0.05,<0.05
LAMB and MUTTON FAT (heated),LAMB and MUTTON,Meat & Poultry,butanoic acid (=butyric acid),Acids,3.06,3.06
LAMB and MUTTON FAT (heated),LAMB and MUTTON,Meat & Poultry,2-methylbutanoic acid,Acids,0.33,0.33
LAMB and MUTTON FAT (heated),LAMB and MUTTON,Meat & Poultry,3-methylbutanoic acid (=isovaleric acid),Acids,0.44,0.44
LAMB and MUTTON FAT (heated),LAMB and MUTTON,Meat & Poultry,pentanoic acid (=valeric acid),Acids,0,0.6
LAMB and MUTTON FAT (heated),LAMB and MUTTON,Meat & Poultry,3-methylpentanoic acid,Acids,0.27,0.27
LAMB and MUTTON FAT (heated),LAMB and MUTTON,Meat & Poultry,4-methylpentanoic acid (=isocaproic acid),Acids,2.42,2.42
LAMB and MUTTON FAT (heated),LAMB and MUTTON,Meat & Poultry,hexanoic acid (=caproic acid),Acids,0.2,2.08
LAMB and MUTTON FAT (heated),LAMB and MUTTON,Meat & Poultry,4-methylhexanoic acid,Acids,0.08,0.08
LAMB and MUTTON FAT (heated),LAMB and MUTTON,Meat & Poultry,heptanoic acid (=enanthic acid),Acids,trace,0.6
LAMB and MUTTON FAT (heated),LAMB and MUTTON,Meat & Poultry,6-methylheptanoic acid,Acids,0.64,0.64
LAMB and MUTTON FAT (heated),LAMB and MUTTON,Meat & Poultry,ethylheptanoic acid (unkn.str.),Acids,0.1,0.1
LAMB and MUTTON FAT (heated),LAMB and MUTTON,Meat & Poultry,octanoic acid (=caprylic acid),Acids,0.3,1.7
LAMB and MUTTON FAT (heated),LAMB and MUTTON,Meat & Poultry,(Z)-2-octenoic acid,Acids,,
LAMB and MUTTON FAT (heated),LAMB and MUTTON,Meat & Poultry,4-methyloctanoic acid,Acids,1.65,1.65
LAMB and MUTTON FAT (heated),LAMB and MUTTON,Meat & Poultry,6-methyloctanoic acid,Acids,0.13,0.13
LAMB and MUTTON FAT (heated),LAMB and MUTTON,Meat & Poultry,4-ethyloctanoic acid,Acids,0.05,0.05
LAMB and MUTTON FAT (heated),LAMB and MUTTON,Meat & Poultry,nonanoic acid (=pelargonic acid),Acids,0.3,1.2
LAMB and MUTTON FAT (heated),LAMB and MUTTON,Meat & Poultry,nonenoic acid (unkn.str.),Acids,0.21,0.21
LAMB and MUTTON FAT (heated),LAMB and MUTTON,Meat & Poultry,4-methylnonanoic acid,Acids,1.18,1.18
LAMB and MUTTON FAT (heated),LAMB and MUTTON,Meat & Poultry,methylnonanoic acid (unkn.str.),Acids,0.18,0.18
LAMB and MUTTON FAT (heated),LAMB and MUTTON,Meat & Poultry,decanoic acid (=capric acid),Acids,1.5,8.12
LAMB and MUTTON FAT (heated),LAMB and MUTTON,Meat & Poultry,methyldecanoic acid (unkn.str.),Acids,10.67,10.67
LAMB and MUTTON FAT (heated),LAMB and MUTTON,Meat & Poultry,undecanoic acid,Acids,0.7,0.91
LAMB and MUTTON FAT (heated),LAMB and MUTTON,Meat & Poultry,dodecanoic acid (=lauric acid),Acids,0.3,0.6
LAMB and MUTTON FAT (heated),LAMB and MUTTON,Meat & Poultry,"4-hydroxynonanoic acid lactone (=4-nonanolide, γ-nonalactone)",Lactones,,
LAMB and MUTTON FAT (heated),LAMB and MUTTON,Meat & Poultry,"4-hydroxydecanoic acid lactone (=4-decanolide, γ-decalactone)",Lactones,,
LAMB and MUTTON FAT (heated),LAMB and MUTTON,Meat & Poultry,"5-hydroxydecanoic acid lactone (=5-decanolide, δ-decalactone)",Lactones,0.2,0.3
LAMB and MUTTON FAT (heated),LAMB and MUTTON,Meat & Poultry,(Z)-4-hydroxy-6-dodecenoic acid lactone,Lactones,,
LAMB and MUTTON FAT (heated),LAMB and MUTTON,Meat & Poultry,"4-hydroxydodecanoic acid lactone (=4-dodecanolide, γ-dodecalactone)",Lactones,trace,2
LAMB and MUTTON FAT (heated),LAMB and MUTTON,Meat & Poultry,"5-hydroxydodecanoic acid lactone (=5-dodecanolide, δ-dodecalactone)",Lactones,0.2,0.6
LAMB and MUTTON FAT (heated),LAMB and MUTTON,Meat & Poultry,5-hydroxytetradecanoic acid lactone (=δ-tetradecalactone),Lactones,1.5,1.8
LAMB and MUTTON FAT (heated),LAMB and MUTTON,Meat & Poultry,5-hydroxyhexadecanoic acid lactone,Lactones,1.2,1.3
LAMB and MUTTON FAT (heated),LAMB and MUTTON,Meat & Poultry,pyridine,Bases,,
LAMB and MUTTON FAT (heated),LAMB and MUTTON,Meat & Poultry,2-methylpyridine (=α-picoline),Bases,,
LAMB and MUTTON FAT (heated),LAMB and MUTTON,Meat & Poultry,3-methylpyridine (=β-picoline),Bases,,
LAMB and MUTTON FAT (heated),LAMB and MUTTON,Meat & Poultry,2-ethylpyridine,Bases,,
LAMB and MUTTON FAT (heated),LAMB and MUTTON,Meat & Poultry,3-ethylpyridine,Bases,,
LAMB and MUTTON FAT (heated),LAMB and MUTTON,Meat & Poultry,2-butylpyridine,Bases,,
LAMB and MUTTON FAT (heated),LAMB and MUTTON,Meat & Poultry,2-pentylpyridine,Bases,,
LAMB and MUTTON FAT (heated),LAMB and MUTTON,Meat & Poultry,3-pentylpyridine,Bases,,
LAMB and MUTTON FAT (heated),LAMB and MUTTON,Meat & Poultry,2-hexylpyridine,Bases,,
LAMB and MUTTON FAT (heated),LAMB and MUTTON,Meat & Poultry,5-ethyl-2-methylpyridine,Bases,,
LAMB and MUTTON FAT (heated),LAMB and MUTTON,Meat & Poultry,2-methyl-5-pentylpyridine,Bases,,
LAMB and MUTTON FAT (heated),LAMB and MUTTON,Meat & Poultry,2-ethyl-5-pentylpyridine,Bases,,
LAMB and MUTTON FAT (heated),LAMB and MUTTON,Meat & Poultry,2-acetylpyridine,Bases,,
LAMB and MUTTON FAT (heated),LAMB and MUTTON,Meat & Poultry,methylpyrazine,Bases,,
LAMB and MUTTON FAT (heated),LAMB and MUTTON,Meat & Poultry,"2,3-dimethylpyrazine",Bases,,
LAMB and MUTTON FAT (heated),LAMB and MUTTON,Meat & Poultry,"2,5-dimethylpyrazine",Bases,,
LAMB and MUTTON FAT (heated),LAMB and MUTTON,Meat & Poultry,"2,6-dimethylpyrazine",Bases,,
LAMB and MUTTON FAT (heated),LAMB and MUTTON,Meat & Poultry,2-ethyl-5-methylpyrazine,Bases,,
LAMB and MUTTON FAT (heated),LAMB and MUTTON,Meat & Poultry,2-ethyl-6-methylpyrazine,Bases,,
LAMB and MUTTON FAT (heated),LAMB and MUTTON,Meat & Poultry,trimethylpyrazine,Bases,,
LAMB and MUTTON FAT (heated),LAMB and MUTTON,Meat & Poultry,"3-ethyl-2,5-dimethylpyrazine",Bases,,
LAMB and MUTTON FAT (heated),LAMB and MUTTON,Meat & Poultry,"2-ethyl-3,5-dimethylpyrazine",Bases,,
LAMB and MUTTON FAT (heated),LAMB and MUTTON,Meat & Poultry,"2,3-diethyl-5-methylpyrazine",Bases,,
LAMB and MUTTON FAT (heated),LAMB and MUTTON,Meat & Poultry,"3,5-diethyl-2-methylpyrazine",Bases,,
LAMB and MUTTON FAT (heated),LAMB and MUTTON,Meat & Poultry,tetramethylpyrazine,Bases,,
LAMB and MUTTON FAT (heated),LAMB and MUTTON,Meat & Poultry,"2,4,5-trimethylthiazole",Sulfur compounds,,
LAMB and MUTTON FAT (heated),LAMB and MUTTON,Meat & Poultry,"5-ethyl-2,4-dimethylthiazole",Sulfur compounds,,
LAMB and MUTTON FAT (heated),LAMB and MUTTON,Meat & Poultry,benzothiazole,Sulfur compounds,,
LAMB and MUTTON FAT (heated),LAMB and MUTTON,Meat & Poultry,"2,4,5-trimethyl-2-thiazoline",Sulfur compounds,,
LAMB and MUTTON FAT (heated),LAMB and MUTTON,Meat & Poultry,"dihydro-2,4,6-trimethyl-1,3,5(4H)-dithiazine (=thialdine)",Sulfur compounds,,
LAMB and MUTTON FAT (heated),LAMB and MUTTON,Meat & Poultry,"2,6-di-tert-butyl-4-methyl-phenol (=B.H.T.)",Phenols,0.3,1.1
LAMB and MUTTON FAT (heated),LAMB and MUTTON,Meat & Poultry,2-pentylfuran,Furans,,
LAMB and MUTTON LIVER,LAMB and MUTTON,Meat & Poultry,tridecane,Hydrocarbons,,
LAMB and MUTTON LIVER,LAMB and MUTTON,Meat & Poultry,tetradecane,Hydrocarbons,,
LAMB and MUTTON LIVER,LAMB and MUTTON,Meat & Poultry,pentadecane,Hydrocarbons,,
LAMB and MUTTON LIVER,LAMB and MUTTON,Meat & Poultry,hexadecane,Hydrocarbons,,
LAMB and MUTTON LIVER,LAMB and MUTTON,Meat & Poultry,heptadecane,Hydrocarbons,,
LAMB and MUTTON LIVER,LAMB and MUTTON,Meat & Poultry,octadecane,Hydrocarbons,,
LAMB and MUTTON LIVER,LAMB and MUTTON,Meat & Poultry,nonadecane,Hydrocarbons,,
LAMB and MUTTON LIVER,LAMB and MUTTON,Meat & Poultry,eicosane,Hydrocarbons,,
LAMB and MUTTON LIVER,LAMB and MUTTON,Meat & Poultry,heneicosane,Hydrocarbons,,
LAMB and MUTTON LIVER,LAMB and MUTTON,Meat & Poultry,docosane,Hydrocarbons,,
LAMB and MUTTON LIVER,LAMB and MUTTON,Meat & Poultry,tricosane,Hydrocarbons,,
LAMB and MUTTON LIVER,LAMB and MUTTON,Meat & Poultry,tetracosane,Hydrocarbons,,
LAMB and MUTTON LIVER,LAMB and MUTTON,Meat & Poultry,pentacosane,Hydrocarbons,,
LAMB and MUTTON LIVER,LAMB and MUTTON,Meat & Poultry,hexacosane,Hydrocarbons,,
LAMB and MUTTON LIVER,LAMB and MUTTON,Meat & Poultry,heptacosane,Hydrocarbons,,
LAMB and MUTTON LIVER,LAMB and MUTTON,Meat & Poultry,octacosane,Hydrocarbons,,
LAMB and MUTTON LIVER,LAMB and MUTTON,Meat & Poultry,"2-methylpropanal (=isobutanal, isobutyraldehyde)","Carbonyls, aldehydes",,
LAMB and MUTTON LIVER,LAMB and MUTTON,Meat & Poultry,2-methylbutanal (=α-methylbutanal),"Carbonyls, aldehydes",,
LAMB and MUTTON LIVER,LAMB and MUTTON,Meat & Poultry,"3-methylbutanal (=isopentanal, isovaleraldehyde)","Carbonyls, aldehydes",,
LAMB and MUTTON LIVER,LAMB and MUTTON,Meat & Poultry,pentanal (=valeraldehyde),"Carbonyls, aldehydes",,
LAMB and MUTTON LIVER,LAMB and MUTTON,Meat & Poultry,2-methyl-2-pentenal,"Carbonyls, aldehydes",,
LAMB and MUTTON LIVER,LAMB and MUTTON,Meat & Poultry,dodecanal,"Carbonyls, aldehydes",,
LAMB and MUTTON LIVER,LAMB and MUTTON,Meat & Poultry,tetradecanal,"Carbonyls, aldehydes",,
LAMB and MUTTON LIVER,LAMB and MUTTON,Meat & Poultry,2-butanone (=ethyl methyl ketone),"Carbonyls, ketones",,
LAMB and MUTTON LIVER,LAMB and MUTTON,Meat & Poultry,dodecanoic acid (=lauric acid),Acids,,
LAMB and MUTTON LIVER,LAMB and MUTTON,Meat & Poultry,tetradecanoic acid (=myristic acid),Acids,,
LAMB and MUTTON LIVER,LAMB and MUTTON,Meat & Poultry,pentadecanoic acid,Acids,,
LAMB and MUTTON LIVER,LAMB and MUTTON,Meat & Poultry,hexadecanoic acid (=palmitic acid),Acids,,
LAMB and MUTTON LIVER,LAMB and MUTTON,Meat & Poultry,octadecanoic acid (=stearic acid),Acids,,
LAMB and MUTTON LIVER,LAMB and MUTTON,Meat & Poultry,ethyl dodecanoate (=ethyl laurate),Esters,,
LAMB and MUTTON LIVER,LAMB and MUTTON,Meat & Poultry,ethyl tetradecanoate (=ethyl myristate),Esters,,
LAMB and MUTTON LIVER,LAMB and MUTTON,Meat & Poultry,methyl hexadecanoate (=methyl palmitate),Esters,,
LAMB and MUTTON LIVER,LAMB and MUTTON,Meat & Poultry,ethyl hexadecanoate (=ethyl palmitate),Esters,,
LAMB and MUTTON LIVER,LAMB and MUTTON,Meat & Poultry,methyl octadecanoate (=methyl stearate),Esters,,
LAMB and MUTTON LIVER,LAMB and MUTTON,Meat & Poultry,methyl octadecenoate (unkn.str.),Esters,,
LAMB and MUTTON LIVER,LAMB and MUTTON,Meat & Poultry,3-isobutylpyridine,Bases,,
LAMB and MUTTON LIVER,LAMB and MUTTON,Meat & Poultry,2-acetylpyridine,Bases,,
LAMB and MUTTON LIVER,LAMB and MUTTON,Meat & Poultry,methylpyrazine,Bases,,
LAMB and MUTTON LIVER,LAMB and MUTTON,Meat & Poultry,"2,3-dimethylpyrazine",Bases,,
LAMB and MUTTON LIVER,LAMB and MUTTON,Meat & Poultry,"2,6-dimethylpyrazine",Bases,,
LAMB and MUTTON LIVER,LAMB and MUTTON,Meat & Poultry,"3-ethyl-2,5-dimethylpyrazine",Bases,,
LAMB and MUTTON LIVER,LAMB and MUTTON,Meat & Poultry,"2-ethyl-3,5-dimethylpyrazine",Bases,,
LAMB and MUTTON LIVER,LAMB and MUTTON,Meat & Poultry,"2,4,5-trimethylthiazole",Sulfur compounds,,
LAMB and MUTTON LIVER,LAMB and MUTTON,Meat & Poultry,"5-ethyl-2,4-dimethylthiazole",Sulfur compounds,,
LAMB and MUTTON LIVER,LAMB and MUTTON,Meat & Poultry,"4-ethyl-2,5-dimethylthiazole",Sulfur compounds,,
LAMB and MUTTON LIVER,LAMB and MUTTON,Meat & Poultry,"2-isopropyl-4,5-dimethylthiazole",Sulfur compounds,,
LAMB and MUTTON LIVER,LAMB and MUTTON,Meat & Poultry,"2-isobutyl-4,5-dimethylthiazole",Sulfur compounds,,
,PORK,Meat & Poultry,2-methylbutane (=isopentane),Hydrocarbons,,
,PORK,Meat & Poultry,pentane,Hydrocarbons,,
,PORK,Meat & Poultry,2-pentene,Hydrocarbons,,
,PORK,Meat & Poultry,3-ethyl-2-pentene,Hydrocarbons,,
,PORK,Meat & Poultry,3-ethyl-3-methylpentane,Hydrocarbons,,
,PORK,Meat & Poultry,trimethylpentane (unkn.str.),Hydrocarbons,,
,PORK,Meat & Poultry,hexane,Hydrocarbons,,
,PORK,Meat & Poultry,hexene (unkn.str.),Hydrocarbons,,
,PORK,Meat & Poultry,hexadiene (unkn.str.),Hydrocarbons,,
,PORK,Meat & Poultry,2-methylhexane,Hydrocarbons,,
,PORK,Meat & Poultry,3-methylhexane,Hydrocarbons,,
,PORK,Meat & Poultry,heptane,Hydrocarbons,0.015,0.015
,PORK,Meat & Poultry,1-heptene,Hydrocarbons,,
,PORK,Meat & Poultry,(Z)-2-heptene,Hydrocarbons,,
,PORK,Meat & Poultry,(E)-2-heptene,Hydrocarbons,,
,PORK,Meat & Poultry,3-heptene,Hydrocarbons,,
,PORK,Meat & Poultry,heptadiene (unkn.str.),Hydrocarbons,,
,PORK,Meat & Poultry,4-methylheptane,Hydrocarbons,,
,PORK,Meat & Poultry,octane,Hydrocarbons,0.022,0.048
,PORK,Meat & Poultry,1-octene,Hydrocarbons,,
,PORK,Meat & Poultry,(Z)-2-octene,Hydrocarbons,,
,PORK,Meat & Poultry,(E)-2-octene,Hydrocarbons,,
,PORK,Meat & Poultry,octene (unkn.str.),Hydrocarbons,,
,PORK,Meat & Poultry,nonane,Hydrocarbons,,
,PORK,Meat & Poultry,1-nonene,Hydrocarbons,,
,PORK,Meat & Poultry,(Z)-2-nonene,Hydrocarbons,,
,PORK,Meat & Poultry,(E)-2-nonene,Hydrocarbons,,
,PORK,Meat & Poultry,decane,Hydrocarbons,,
,PORK,Meat & Poultry,1-decene,Hydrocarbons,,
,PORK,Meat & Poultry,(Z)-2-decene,Hydrocarbons,,
,PORK,Meat & Poultry,(E)-2-decene,Hydrocarbons,,
,PORK,Meat & Poultry,1-decyne,Hydrocarbons,,
,PORK,Meat & Poultry,3-methyldecane,Hydrocarbons,,
,PORK,Meat & Poultry,methyldecane (unkn.str.),Hydrocarbons,,
,PORK,Meat & Poultry,undecane,Hydrocarbons,,
,PORK,Meat & Poultry,1-undecene,Hydrocarbons,,
,PORK,Meat & Poultry,(Z)-2-undecene,Hydrocarbons,,
,PORK,Meat & Poultry,(E)-2-undecene,Hydrocarbons,,
,PORK,Meat & Poultry,undecadiene (unkn.str.),Hydrocarbons,,
,PORK,Meat & Poultry,"2,5-dimethylundecane",Hydrocarbons,,
,PORK,Meat & Poultry,dimethylundecane (unkn.str.),Hydrocarbons,,
,PORK,Meat & Poultry,dodecane,Hydrocarbons,,
,PORK,Meat & Poultry,1-dodecene,Hydrocarbons,,
,PORK,Meat & Poultry,(Z)-2-dodecene,Hydrocarbons,,
,PORK,Meat & Poultry,(E)-2-dodecene,Hydrocarbons,,
,PORK,Meat & Poultry,2-methyldodecane,Hydrocarbons,,
,PORK,Meat & Poultry,tridecane,Hydrocarbons,,
,PORK,Meat & Poultry,"4,8-dimethyltridecane",Hydrocarbons,,
,PORK,Meat & Poultry,tetradecane,Hydrocarbons,,
,PORK,Meat & Poultry,pentadecane,Hydrocarbons,,
,PORK,Meat & Poultry,pentadecene (unkn.str.),Hydrocarbons,,
,PORK,Meat & Poultry,hexadecane,Hydrocarbons,,
,PORK,Meat & Poultry,hexadecene (unkn.str.),Hydrocarbons,,
,PORK,Meat & Poultry,heptadecane,Hydrocarbons,,
,PORK,Meat & Poultry,octadecane,Hydrocarbons,,
,PORK,Meat & Poultry,nonadecane,Hydrocarbons,,
,PORK,Meat & Poultry,heneicosane,Hydrocarbons,,
,PORK,Meat & Poultry,docosane,Hydrocarbons,,
,PORK,Meat & Poultry,β-myrcene (=myrcene),Hydrocarbons,,
,PORK,Meat & Poultry,cyclopentane,Hydrocarbons,,
,PORK,Meat & Poultry,ethylcyclopentene (unkn.str.),Hydrocarbons,,
,PORK,Meat & Poultry,methylcyclohexane,Hydrocarbons,,
,PORK,Meat & Poultry,ethylcyclohexane,Hydrocarbons,,
,PORK,Meat & Poultry,propylcyclohexane,Hydrocarbons,,
,PORK,Meat & Poultry,butylcyclohexane,Hydrocarbons,,
,PORK,Meat & Poultry,pentylcyclohexane,Hydrocarbons,,
,PORK,Meat & Poultry,hexylcyclohexane,Hydrocarbons,,
,PORK,Meat & Poultry,cyclooctane,Hydrocarbons,,
,PORK,Meat & Poultry,α-phellandrene,Hydrocarbons,,
,PORK,Meat & Poultry,limonene,Hydrocarbons,,
,PORK,Meat & Poultry,α-pinene,Hydrocarbons,,
,PORK,Meat & Poultry,β-pinene,Hydrocarbons,,
,PORK,Meat & Poultry,sabinene (=4(10)-thujene),Hydrocarbons,,
,PORK,Meat & Poultry,3-carene,Hydrocarbons,,
,PORK,Meat & Poultry,benzene,Hydrocarbons,,
,PORK,Meat & Poultry,methylbenzene (=toluene),Hydrocarbons,,
,PORK,Meat & Poultry,ethylbenzene (=α-methyltoluene),Hydrocarbons,,
,PORK,Meat & Poultry,propylbenzene,Hydrocarbons,,
,PORK,Meat & Poultry,isopropylbenzene (=cumene),Hydrocarbons,,
,PORK,Meat & Poultry,butylbenzene,Hydrocarbons,,
,PORK,Meat & Poultry,pentylbenzene,Hydrocarbons,,
,PORK,Meat & Poultry,hexylbenzene,Hydrocarbons,,
,PORK,Meat & Poultry,"1,2-dimethylbenzene (=o-xylene)",Hydrocarbons,,
,PORK,Meat & Poultry,"1,3-dimethylbenzene (=m-xylene)",Hydrocarbons,,
,PORK,Meat & Poultry,"1,4-dimethylbenzene (=p-xylene)",Hydrocarbons,,
,PORK,Meat & Poultry,1-ethyl-4-methylbenzene (=p-ethyltoluene),Hydrocarbons,,
,PORK,Meat & Poultry,isopropyl-methylbenzene (unkn.str.) (=cymene (unkn.str.)),Hydrocarbons,,
,PORK,Meat & Poultry,"1,2,3-trimethylbenzene (=hemimellitene)",Hydrocarbons,,
,PORK,Meat & Poultry,"1,2,4-trimethylbenzene (=pseudocumene)",Hydrocarbons,,
,PORK,Meat & Poultry,"1,3,5-trimethylbenzene (=mesitylene)",Hydrocarbons,,
,PORK,Meat & Poultry,trimethylbenzene (unkn.str.),Hydrocarbons,,
,PORK,Meat & Poultry,"1-ethyl-2,3-dimethylbenzene",Hydrocarbons,,
,PORK,Meat & Poultry,naphthalene,Hydrocarbons,,
,PORK,Meat & Poultry,methanol,Alcohols,,
,PORK,Meat & Poultry,ethanol,Alcohols,,
,PORK,Meat & Poultry,2-ethoxyethanol (=ethylene glycol monoethyl ether),Alcohols,,
,PORK,Meat & Poultry,butoxy-ethoxyethanol (unkn.str.),Alcohols,,
,PORK,Meat & Poultry,1-propanol (=propyl alcohol),Alcohols,,
,PORK,Meat & Poultry,2-propanol (=isopropyl alcohol),Alcohols,,
,PORK,Meat & Poultry,2-methyl-1-propanol (=isobutanol),Alcohols,,
,PORK,Meat & Poultry,1-butanol,Alcohols,,
,PORK,Meat & Poultry,2-butanol (=sec-butanol),Alcohols,,
,PORK,Meat & Poultry,2-methyl-1-butanol (=active amyl alcohol),Alcohols,,
,PORK,Meat & Poultry,3-methyl-1-butanol (=isoamyl alcohol),Alcohols,,
,PORK,Meat & Poultry,2-methyl-2-butanol (=tert-amyl alcohol),Alcohols,,
,PORK,Meat & Poultry,3-methyl-2-buten-1-ol (=prenol),Alcohols,,
,PORK,Meat & Poultry,2-methyl-3-buten-2-ol,Alcohols,,
,PORK,Meat & Poultry,1-pentanol (=amyl alcohol),Alcohols,2E-005,0.0001
,PORK,Meat & Poultry,1-penten-3-ol,Alcohols,,
,PORK,Meat & Poultry,"2,2-dimethyl-1-pentanol",Alcohols,,
,PORK,Meat & Poultry,1-hexanol,Alcohols,0.0003,0.0007
,PORK,Meat & Poultry,2-methyl-1-hexanol,Alcohols,,
,PORK,Meat & Poultry,2-ethyl-1-hexanol,Alcohols,,
,PORK,Meat & Poultry,1-heptanol,Alcohols,0.0001,0.001
,PORK,Meat & Poultry,heptanol (unkn.str.),Alcohols,,
,PORK,Meat & Poultry,1-hepten-3-ol,Alcohols,,
,PORK,Meat & Poultry,1-octanol,Alcohols,6E-005,0.0007
,PORK,Meat & Poultry,1-octen-3-ol,Alcohols,0.002,0.01003
,PORK,Meat & Poultry,1-nonanol,Alcohols,,
,PORK,Meat & Poultry,1-decanol,Alcohols,,
,PORK,Meat & Poultry,1-undecanol,Alcohols,,
,PORK,Meat & Poultry,1-dodecanol,Alcohols,,
,PORK,Meat & Poultry,1-tetradecanol,Alcohols,,
,PORK,Meat & Poultry,1-octadecanol,Alcohols,,
,PORK,Meat & Poultry,farnesol,Alcohols,,
,PORK,Meat & Poultry,benzyl alcohol (=benzenemethanol),Alcohols,,
,PORK,Meat & Poultry,2-phenylethanol (=phenethyl alcohol),Alcohols,,
,PORK,Meat & Poultry,2-methyl-3-phenyl-2-butanol,Alcohols,,
,PORK,Meat & Poultry,ionol,Alcohols,,
,PORK,Meat & Poultry,formaldehyde (=methanal),"Carbonyls, aldehydes",,
,PORK,Meat & Poultry,acetaldehyde (=ethanal),"Carbonyls, aldehydes",,
,PORK,Meat & Poultry,ethanedial (=glyoxal),"Carbonyls, aldehydes",,
,PORK,Meat & Poultry,propanal (=propionaldehyde),"Carbonyls, aldehydes",,
,PORK,Meat & Poultry,2-propenal (=acrolein),"Carbonyls, aldehydes",,
,PORK,Meat & Poultry,"2-methylpropanal (=isobutanal, isobutyraldehyde)","Carbonyls, aldehydes",,
,PORK,Meat & Poultry,"2-oxopropanal (=pyruvaldehyde, methyl glyoxal, acetylformaldehyde)","Carbonyls, aldehydes",,
,PORK,Meat & Poultry,propanedial (=malonaldehyde),"Carbonyls, aldehydes",,
,PORK,Meat & Poultry,butanal (=butyraldehyde),"Carbonyls, aldehydes",,
,PORK,Meat & Poultry,2-butenal (=crotonaldehyde),"Carbonyls, aldehydes",,
,PORK,Meat & Poultry,2-methylbutanal (=α-methylbutanal),"Carbonyls, aldehydes",,
,PORK,Meat & Poultry,"3-methylbutanal (=isopentanal, isovaleraldehyde)","Carbonyls, aldehydes",,
,PORK,Meat & Poultry,2-methyl-2-butenal,"Carbonyls, aldehydes",,
,PORK,Meat & Poultry,pentanal (=valeraldehyde),"Carbonyls, aldehydes",,
,PORK,Meat & Poultry,2-methylpentanal,"Carbonyls, aldehydes",,
,PORK,Meat & Poultry,hexanal (=capronaldehyde),"Carbonyls, aldehydes",0.0014,13
,PORK,Meat & Poultry,hexanal (branched),"Carbonyls, aldehydes",,
,PORK,Meat & Poultry,2-hexenal,"Carbonyls, aldehydes",,
,PORK,Meat & Poultry,heptanal,"Carbonyls, aldehydes",0.00098,0.038
,PORK,Meat & Poultry,heptanal (branched),"Carbonyls, aldehydes",,
,PORK,Meat & Poultry,2-heptenal,"Carbonyls, aldehydes",,
,PORK,Meat & Poultry,"2,4-heptadienal","Carbonyls, aldehydes",,
,PORK,Meat & Poultry,octanal (=caprylaldehyde),"Carbonyls, aldehydes",0.0003,0.038
,PORK,Meat & Poultry,octanal (branched),"Carbonyls, aldehydes",,
,PORK,Meat & Poultry,2-octenal,"Carbonyls, aldehydes",,
,PORK,Meat & Poultry,nonanal (=pelargonaldehyde),"Carbonyls, aldehydes",0.00063,0.104
,PORK,Meat & Poultry,nonanal (branched),"Carbonyls, aldehydes",,
,PORK,Meat & Poultry,2-nonenal,"Carbonyls, aldehydes",,
,PORK,Meat & Poultry,(E)-2-nonenal,"Carbonyls, aldehydes",,
,PORK,Meat & Poultry,"2,4-nonadienal","Carbonyls, aldehydes",,
,PORK,Meat & Poultry,decanal (=capraldehyde),"Carbonyls, aldehydes",,
,PORK,Meat & Poultry,2-decenal,"Carbonyls, aldehydes",,
,PORK,Meat & Poultry,"2,4-decadienal","Carbonyls, aldehydes",,
,PORK,Meat & Poultry,"(E,Z)-2,4-decadienal","Carbonyls, aldehydes",,
,PORK,Meat & Poultry,"(E,E)-2,4-decadienal","Carbonyls, aldehydes",,
,PORK,Meat & Poultry,undecanal,"Carbonyls, aldehydes",,
,PORK,Meat & Poultry,2-undecenal,"Carbonyls, aldehydes",,
,PORK,Meat & Poultry,"2,4-undecadienal","Carbonyls, aldehydes",,
,PORK,Meat & Poultry,dodecanal,"Carbonyls, aldehydes",,
,PORK,Meat & Poultry,2-dodecenal,"Carbonyls, aldehydes",,
,PORK,Meat & Poultry,"2,4-dodecadienal","Carbonyls, aldehydes",,
,PORK,Meat & Poultry,tridecanal,"Carbonyls, aldehydes",,
,PORK,Meat & Poultry,tetradecanal,"Carbonyls, aldehydes",,
,PORK,Meat & Poultry,pentadecanal,"Carbonyls, aldehydes",,
,PORK,Meat & Poultry,hexadecanal,"Carbonyls, aldehydes",,
,PORK,Meat & Poultry,heptadecanal,"Carbonyls, aldehydes",,
,PORK,Meat & Poultry,octadecanal,"Carbonyls, aldehydes",,
,PORK,Meat & Poultry,9-octadecenal,"Carbonyls, aldehydes",,
,PORK,Meat & Poultry,octadecenal (unkn.str.),"Carbonyls, aldehydes",,
,PORK,Meat & Poultry,benzaldehyde,"Carbonyls, aldehydes",0.00326,0.00778
,PORK,Meat & Poultry,isopropylbenzaldehyde (unkn.str.),"Carbonyls, aldehydes",,
,PORK,Meat & Poultry,vanillin (=4-hydroxy-3-methoxybenzaldehyde),"Carbonyls, aldehydes",23.4,23.4
,PORK,Meat & Poultry,"syringaldehyde (=4-hydroxy-3,5-dimethoxy-benzaldehyde)","Carbonyls, aldehydes",8.3,8.3
,PORK,Meat & Poultry,phenylacetaldehyde (=benzeneacetaldehyde),"Carbonyls, aldehydes",,
,PORK,Meat & Poultry,coniferaldehyde (=4-hydroxy-3-methoxy-cinnamaldehyde),"Carbonyls, aldehydes",,
,PORK,Meat & Poultry,"sinapaldehyde (=4-hydroxy-3,5-dimethoxy-cinnamaldehyde)","Carbonyls, aldehydes",,
,PORK,Meat & Poultry,2-phenyl-2-butenal,"Carbonyls, aldehydes",,
,PORK,Meat & Poultry,5-methyl-2-phenyl-2-hexenal,"Carbonyls, aldehydes",,
,PORK,Meat & Poultry,"acetone (=2-propanone, dimethyl ketone)","Carbonyls, ketones",,
,PORK,Meat & Poultry,"1-hydroxy-2-propanone (=acetol, pyruvic alcohol)","Carbonyls, ketones",,
,PORK,Meat & Poultry,2-butanone (=ethyl methyl ketone),"Carbonyls, ketones",,
,PORK,Meat & Poultry,3-buten-2-one,"Carbonyls, ketones",,
,PORK,Meat & Poultry,3-methyl-2-butanone,"Carbonyls, ketones",,
,PORK,Meat & Poultry,3-methyl-3-buten-2-one,"Carbonyls, ketones",,
,PORK,Meat & Poultry,3-hydroxy-2-butanone (=acetoin),"Carbonyls, ketones",,
,PORK,Meat & Poultry,"2,3-butanedione (=diacetyl)","Carbonyls, ketones",,
,PORK,Meat & Poultry,2-pentanone,"Carbonyls, ketones",,
,PORK,Meat & Poultry,3-pentanone,"Carbonyls, ketones",,
,PORK,Meat & Poultry,3-penten-2-one,"Carbonyls, ketones",,
,PORK,Meat & Poultry,(E)-3-penten-2-one,"Carbonyls, ketones",,
,PORK,Meat & Poultry,4-methyl-2-pentanone,"Carbonyls, ketones",,
,PORK,Meat & Poultry,3-hydroxy-2-pentanone (=acetyl ethyl carbinol),"Carbonyls, ketones",,
,PORK,Meat & Poultry,2-hydroxy-3-pentanone,"Carbonyls, ketones",,
,PORK,Meat & Poultry,"3-oxopentanal (=1,3-pentanedione)","Carbonyls, ketones",,
,PORK,Meat & Poultry,"2,3-pentanedione (=acetylpropionyl)","Carbonyls, ketones",,
,PORK,Meat & Poultry,2-hexanone,"Carbonyls, ketones",,
,PORK,Meat & Poultry,3-hexanone,"Carbonyls, ketones",,
,PORK,Meat & Poultry,5-methyl-2-hexanone,"Carbonyls, ketones",,
,PORK,Meat & Poultry,2-heptanone,"Carbonyls, ketones",,
,PORK,Meat & Poultry,"2,5-heptanedione","Carbonyls, ketones",,
,PORK,Meat & Poultry,2-octanone,"Carbonyls, ketones",,
,PORK,Meat & Poultry,3-octanone,"Carbonyls, ketones",,
,PORK,Meat & Poultry,2-methyl-3-octanone,"Carbonyls, ketones",,
,PORK,Meat & Poultry,7-methyl-4-octanone,"Carbonyls, ketones",,
,PORK,Meat & Poultry,2-nonanone,"Carbonyls, ketones",,
,PORK,Meat & Poultry,2-decanone,"Carbonyls, ketones",,
,PORK,Meat & Poultry,"(E)-6,10-dimethyl-5,9-undecadien-2-one (=geranylacetone)","Carbonyls, ketones",,
,PORK,Meat & Poultry,2-tridecanone,"Carbonyls, ketones",,
,PORK,Meat & Poultry,pentadecanone (unkn.str.),"Carbonyls, ketones",,
,PORK,Meat & Poultry,2-heptadecanone,"Carbonyls, ketones",,
,PORK,Meat & Poultry,cyclopentanone,"Carbonyls, ketones",,
,PORK,Meat & Poultry,2-cyclopenten-1-one,"Carbonyls, ketones",,
,PORK,Meat & Poultry,3-methylcyclopentanone,"Carbonyls, ketones",,
,PORK,Meat & Poultry,3-methyl-2-cyclopenten-1-one,"Carbonyls, ketones",,
,PORK,Meat & Poultry,"2,3-dimethyl-2-cyclopenten-1-one","Carbonyls, ketones",,
,PORK,Meat & Poultry,"3-methyl-1,2-cyclopentanedione (=cyclotene)","Carbonyls, ketones",10,10
,PORK,Meat & Poultry,"3-ethyl-1,2-cyclopentanedione","Carbonyls, ketones",,
,PORK,Meat & Poultry,"3,4-dimethyl-1,2-cyclopentanedione","Carbonyls, ketones",,
,PORK,Meat & Poultry,"3,5-dimethyl-1,2-cyclopentanedione","Carbonyls, ketones",,
,PORK,Meat & Poultry,cyclohexanone,"Carbonyls, ketones",,
,PORK,Meat & Poultry,acetophenone (=1-phenylethanone),"Carbonyls, ketones",,
,PORK,Meat & Poultry,acetovanillone,"Carbonyls, ketones",9.3,9.3
,PORK,Meat & Poultry,acetosyringone,"Carbonyls, ketones",4.4,4.4
,PORK,Meat & Poultry,1-phenyl-2-propanone,"Carbonyls, ketones",,
,PORK,Meat & Poultry,propiosyringone,"Carbonyls, ketones",,
,PORK,Meat & Poultry,acetic acid,Acids,,
,PORK,Meat & Poultry,propanoic acid (=propionic acid),Acids,,
,PORK,Meat & Poultry,2-methylpropanoic acid (=isobutyric acid),Acids,,
,PORK,Meat & Poultry,butanoic acid (=butyric acid),Acids,,
,PORK,Meat & Poultry,2-methylbutanoic acid,Acids,,
,PORK,Meat & Poultry,pentanoic acid (=valeric acid),Acids,,
,PORK,Meat & Poultry,hexanoic acid (=caproic acid),Acids,,
,PORK,Meat & Poultry,(E)-2-hexenoic acid,Acids,,
,PORK,Meat & Poultry,(E)-3-hexenoic acid,Acids,,
,PORK,Meat & Poultry,2-ethylhexanoic acid,Acids,,
,PORK,Meat & Poultry,2-hydroxyhexanoic acid,Acids,,
,PORK,Meat & Poultry,3-hydroxyhexanoic acid,Acids,,
,PORK,Meat & Poultry,4-oxohexanoic acid,Acids,,
,PORK,Meat & Poultry,heptanoic acid (=enanthic acid),Acids,,
,PORK,Meat & Poultry,(E)-2-heptenoic acid,Acids,,
,PORK,Meat & Poultry,(E)-3-heptenoic acid,Acids,,
,PORK,Meat & Poultry,octanoic acid (=caprylic acid),Acids,,
,PORK,Meat & Poultry,(E)-2-octenoic acid,Acids,,
,PORK,Meat & Poultry,(E)-3-octenoic acid,Acids,,
,PORK,Meat & Poultry,3-hydroxyoctanoic acid,Acids,,
,PORK,Meat & Poultry,nonanoic acid (=pelargonic acid),Acids,,
,PORK,Meat & Poultry,(E)-2-nonenoic acid,Acids,,
,PORK,Meat & Poultry,(E)-3-nonenoic acid,Acids,,
,PORK,Meat & Poultry,decanoic acid (=capric acid),Acids,,
,PORK,Meat & Poultry,(E)-2-decenoic acid,Acids,,
,PORK,Meat & Poultry,(Z)-3-decenoic acid,Acids,,
,PORK,Meat & Poultry,undecanoic acid,Acids,,
,PORK,Meat & Poultry,undecanoic acid (branched),Acids,,
,PORK,Meat & Poultry,dodecanoic acid (=lauric acid),Acids,,
,PORK,Meat & Poultry,tetradecanoic acid (=myristic acid),Acids,,
,PORK,Meat & Poultry,pentadecanoic acid,Acids,,
,PORK,Meat & Poultry,hexadecanoic acid (=palmitic acid),Acids,,
,PORK,Meat & Poultry,9-hexadecenoic acid,Acids,,
,PORK,Meat & Poultry,(Z)-9-hexadecenoic acid (=palmitoleic acid),Acids,,
,PORK,Meat & Poultry,octadecanoic acid (=stearic acid),Acids,,
,PORK,Meat & Poultry,(Z)-9-octadecenoic acid (=oleic acid),Acids,,
,PORK,Meat & Poultry,"(Z,Z)-9,12-octadecadienoic acid (=linoleic acid)",Acids,,
,PORK,Meat & Poultry,"(Z,Z,Z)-9,12,15-octadecatrienoic acid (=linolenic acid)",Acids,,
,PORK,Meat & Poultry,eicosanoic acid (=arachidic acid),Acids,,
,PORK,Meat & Poultry,eicosadienoic acid (unkn.str.),Acids,,
,PORK,Meat & Poultry,hexanedioic acid (=adipic acid),Acids,,
,PORK,Meat & Poultry,heptanedioic acid (=pimelic acid),Acids,,
,PORK,Meat & Poultry,octanedioic acid (=suberic acid),Acids,,
,PORK,Meat & Poultry,decanedioic acid (=sebacic acid),Acids,,
,PORK,Meat & Poultry,benzoic acid,Acids,,
,PORK,Meat & Poultry,4-hydroxy-3-methoxybenzoic acid (=vanillic acid),Acids,,
,PORK,Meat & Poultry,methyl formate,Esters,,
,PORK,Meat & Poultry,ethyl formate,Esters,,
,PORK,Meat & Poultry,pentyl formate,Esters,,
,PORK,Meat & Poultry,ethyl acetate,Esters,,
,PORK,Meat & Poultry,"1,1-dimethylpropyl acetate",Esters,,
,PORK,Meat & Poultry,1-methyl-1-propenyl acetate (=2-acetoxy-2-butene),Esters,,
,PORK,Meat & Poultry,"2-oxopropyl acetate (=acetol acetate, 1-acetoxyacetone, acetonyl acetate)",Esters,,
,PORK,Meat & Poultry,pentyl acetate (=amyl acetate),Esters,,
,PORK,Meat & Poultry,"isopentyl acetate (=3-methylbutyl acetate, isoamyl acetate)",Esters,,
,PORK,Meat & Poultry,ethyl propanoate,Esters,,
,PORK,Meat & Poultry,ethyl 2-methylbutanoate,Esters,,
,PORK,Meat & Poultry,ethyl 3-methylbutanoate (=ethyl isovalerate),Esters,,
,PORK,Meat & Poultry,ethyl hexanoate (=ethyl caproate),Esters,,
,PORK,Meat & Poultry,ethyl octanoate (=ethyl caprylate),Esters,,
,PORK,Meat & Poultry,ethyl decanoate (=ethyl caprate),Esters,,
,PORK,Meat & Poultry,ethyl dodecanoate (=ethyl laurate),Esters,,
,PORK,Meat & Poultry,ethyl tetradecanoate (=ethyl myristate),Esters,,
,PORK,Meat & Poultry,methyl hexadecanoate (=methyl palmitate),Esters,,
,PORK,Meat & Poultry,dibutyl phthalate,Esters,,
,PORK,Meat & Poultry,pentyl nitrate,Esters,0.0002,15
,PORK,Meat & Poultry,hexyl nitrate,Esters,0.0005,7
,PORK,Meat & Poultry,heptyl nitrate,Esters,0.0001,30
,PORK,Meat & Poultry,octyl nitrate,Esters,0.0015,30
,PORK,Meat & Poultry,"4-hydroxybutanoic acid lactone (=dihydro-2(3H)-furanone, 4-butanolide, γ-butyrolactone)",Lactones,,
,PORK,Meat & Poultry,"4-hydroxypentanoic acid lactone (=γ-valerolactone, 4-pentanolide)",Lactones,,
,PORK,Meat & Poultry,"4-hydroxyhexanoic acid lactone (=γ-hexalactone, γ-caprolactone, 4-hexanolide)",Lactones,,
,PORK,Meat & Poultry,"5-hydroxyhexanoic acid lactone (=δ-caprolactone, δ-hexalactone)",Lactones,,
,PORK,Meat & Poultry,"4-hydroxyheptanoic acid lactone (=4-heptanolide, γ-heptalactone)",Lactones,,
,PORK,Meat & Poultry,5-hydroxyheptanoic acid lactone (=δ-heptalactone),Lactones,,
,PORK,Meat & Poultry,"4-hydroxyoctanoic acid lactone (=4-octanolide, γ-octalactone, 5-butyldihydro-2(3H)-furanone)",Lactones,,
,PORK,Meat & Poultry,"5-hydroxyoctanoic acid lactone (=5-octanolide, δ-octalactone)",Lactones,,
,PORK,Meat & Poultry,"4-hydroxynonanoic acid lactone (=4-nonanolide, γ-nonalactone)",Lactones,,
,PORK,Meat & Poultry,"5-hydroxynonanoic acid lactone (=5-nonanolide, δ-nonalactone)",Lactones,,
,PORK,Meat & Poultry,"4-hydroxydecanoic acid lactone (=4-decanolide, γ-decalactone)",Lactones,,
,PORK,Meat & Poultry,"5-hydroxydecanoic acid lactone (=5-decanolide, δ-decalactone)",Lactones,,
,PORK,Meat & Poultry,"4-hydroxyundecanoic acid lactone (=4-undecanolide, γ-undecalactone)",Lactones,,
,PORK,Meat & Poultry,"4-hydroxydodecanoic acid lactone (=4-dodecanolide, γ-dodecalactone)",Lactones,,
,PORK,Meat & Poultry,"5-hydroxydodecanoic acid lactone (=5-dodecanolide, δ-dodecalactone)",Lactones,,
,PORK,Meat & Poultry,5-hydroxytetradecanoic acid lactone (=δ-tetradecalactone),Lactones,,
,PORK,Meat & Poultry,ammonia,Bases,,
,PORK,Meat & Poultry,methylamine,Bases,0.7,0.7
,PORK,Meat & Poultry,propylamine,Bases,0.1,0.1
,PORK,Meat & Poultry,isopropylamine,Bases,0.1,0.1
,PORK,Meat & Poultry,isopentylamine,Bases,,
,PORK,Meat & Poultry,dimethylamine,Bases,0.2,0.2
,PORK,Meat & Poultry,diethylamine,Bases,trace,trace
,PORK,Meat & Poultry,trimethylamine,Bases,0.5,0.5
,PORK,Meat & Poultry,1-methyl-2-pyrrolidone,Bases,,
,PORK,Meat & Poultry,pyrrole,Bases,0,3E-005
,PORK,Meat & Poultry,2-pyrrolecarbaldehyde (=2-formylpyrrole),Bases,,
,PORK,Meat & Poultry,1-methyl-2-pyrrolecarbaldehyde (=2-formyl-1-methylpyrrole),Bases,,
,PORK,Meat & Poultry,5-methyl-2-pyrrolecarbaldehyde (=2-formyl-5-methylpyrrole),Bases,,
,PORK,Meat & Poultry,1-acetylpyrrole,Bases,,
,PORK,Meat & Poultry,2-acetylpyrrole (=methyl 2-pyrrolyl ketone),Bases,,
,PORK,Meat & Poultry,2-propanoylpyrrole,Bases,,
,PORK,Meat & Poultry,indole,Bases,0,0.047
,PORK,Meat & Poultry,3-methylindole (=skatole),Bases,0,0.078
,PORK,Meat & Poultry,pyridine,Bases,,
,PORK,Meat & Poultry,2-methylpyridine (=α-picoline),Bases,0.0002,0.0003
,PORK,Meat & Poultry,4-methylpyridine (=γ-picoline),Bases,8E-005,0.0001
,PORK,Meat & Poultry,2-ethylpyridine,Bases,4E-005,0.0001
,PORK,Meat & Poultry,4-ethylpyridine,Bases,0.0004,0.0005
,PORK,Meat & Poultry,3-methoxypyridine,Bases,,
,PORK,Meat & Poultry,"2,3-dimethylpyridine (=2,3-lutidine)",Bases,5E-005,8E-005
,PORK,Meat & Poultry,"2,4-dimethylpyridine (=2,4-lutidine)",Bases,2E-005,5E-005
,PORK,Meat & Poultry,"2,6-dimethylpyridine (=2,6-lutidine)",Bases,7E-005,8E-005
,PORK,Meat & Poultry,2-acetylpyridine,Bases,0,5E-005
,PORK,Meat & Poultry,pyrazine,Bases,0.2,0.3
,PORK,Meat & Poultry,methylpyrazine,Bases,trace,7.3
,PORK,Meat & Poultry,ethylpyrazine,Bases,,
,PORK,Meat & Poultry,vinylpyrazine,Bases,0.6,1.2
,PORK,Meat & Poultry,propylpyrazine,Bases,1,2.5
,PORK,Meat & Poultry,(2-furyl)pyrazine,Bases,,
,PORK,Meat & Poultry,"2,3-dimethylpyrazine",Bases,0,4.1
,PORK,Meat & Poultry,"2,5-dimethylpyrazine",Bases,trace,16.4
,PORK,Meat & Poultry,"2,6-dimethylpyrazine",Bases,2E-005,6.7
,PORK,Meat & Poultry,dimethylpyrazine (unkn.str.),Bases,,
,PORK,Meat & Poultry,2-ethyl-3-methylpyrazine,Bases,0.0003,8.1
,PORK,Meat & Poultry,2-ethyl-5-methylpyrazine,Bases,0.002,0.8
,PORK,Meat & Poultry,2-ethyl-6-methylpyrazine,Bases,0.003,5.3
,PORK,Meat & Poultry,2-methyl-3-vinylpyrazine,Bases,,
,PORK,Meat & Poultry,2-methyl-5-vinylpyrazine,Bases,,
,PORK,Meat & Poultry,2-methyl-5(or 6)-vinylpyrazine,Bases,trace,0.5
,PORK,Meat & Poultry,2-isobutyl-3-methylpyrazine,Bases,,
,PORK,Meat & Poultry,2-(2-furyl)-5(or 6)-methyl-pyrazine,Bases,,
,PORK,Meat & Poultry,"2,5-diethylpyrazine",Bases,,
,PORK,Meat & Poultry,2-ethyl-6-vinylpyrazine,Bases,,
,PORK,Meat & Poultry,trimethylpyrazine,Bases,0.02,0.02
,PORK,Meat & Poultry,"5-ethyl-2,3-dimethylpyrazine",Bases,,
,PORK,Meat & Poultry,"3-ethyl-2,5-dimethylpyrazine",Bases,0.008,12.5
,PORK,Meat & Poultry,"2-ethyl-3,5-dimethylpyrazine",Bases,0.003,2.9
,PORK,Meat & Poultry,"2,3-diethyl-5-methylpyrazine",Bases,0.0003,0.0005
,PORK,Meat & Poultry,"2,5-diethyl-3-methylpyrazine",Bases,,
,PORK,Meat & Poultry,"3,5-diethyl-2-methylpyrazine",Bases,0.1,0.5
,PORK,Meat & Poultry,diethyl-methylpyrazine (unkn.str.),Bases,0.6,1.2
,PORK,Meat & Poultry,triethylpyrazine,Bases,,
,PORK,Meat & Poultry,tetramethylpyrazine,Bases,0.0007,1.6
,PORK,Meat & Poultry,ethyl-trimethylpyrazine,Bases,,
,PORK,Meat & Poultry,acetylpyrazine,Bases,3E-005,7E-005
,PORK,Meat & Poultry,2-acetyl-3-methylpyrazine,Bases,,
,PORK,Meat & Poultry,2-acetyl-5-methylpyrazine,Bases,,
,PORK,Meat & Poultry,2-acetyl-5(or 6)-methylpyrazine,Bases,,
,PORK,Meat & Poultry,2-acetyl-3-ethylpyrazine,Bases,,
,PORK,Meat & Poultry,2-acetyl-5(or 6)-ethylpyrazine,Bases,,
,PORK,Meat & Poultry,"6,7-dihydro-5H-cyclopentapyrazine",Bases,,
,PORK,Meat & Poultry,"6,7-dihydro-2-methyl-5H-cyclopentapyrazine",Bases,,
,PORK,Meat & Poultry,"6,7-dihydro-5-methyl-5H-cyclopentapyrazine",Bases,trace,5E-005
,PORK,Meat & Poultry,"6,7-dihydro-2,5-dimethyl-5H-cyclopentapyrazine",Bases,1E-005,0.0001
,PORK,Meat & Poultry,"6,7-dihydro-3,5-dimethyl-5H-cyclopentapyrazine",Bases,0,2E-005
,PORK,Meat & Poultry,"6,7-dihydro-2(or 3),5-dimethyl-5H-cyclopentapyrazine (unkn.str.)",Bases,,
,PORK,Meat & Poultry,"5,6,7,8-tetrahydroquinoxaline",Bases,,
,PORK,Meat & Poultry,"5,6,7,8-tetrahydro-2-methyl-quinoxaline",Bases,,
,PORK,Meat & Poultry,quinoxaline,Bases,,
,PORK,Meat & Poultry,2-methylquinoxaline,Bases,,
,PORK,Meat & Poultry,6-methylquinoxaline,Bases,,
,PORK,Meat & Poultry,methanethiol (=methyl mercaptan),Sulfur compounds,,
,PORK,Meat & Poultry,2-methyl-1-propanethiol (=isobutyl mercaptan),Sulfur compounds,,
,PORK,Meat & Poultry,2-methyl-3-pentanethiol,Sulfur compounds,,
,PORK,Meat & Poultry,1-hexanethiol (=hexyl mercaptan),Sulfur compounds,,
,PORK,Meat & Poultry,"2-furanmethanethiol (=furfuryl mercaptan, 2-furfurylthiol)",Sulfur compounds,0.0001,0.0001
,PORK,Meat & Poultry,hydrogen sulfide,Sulfur compounds,,
,PORK,Meat & Poultry,ethylene sulfide (=thiirane),Sulfur compounds,,
,PORK,Meat & Poultry,"dimethyl sulfide (=thiobismethane, methylthiomethane, methyl sulfide)",Sulfur compounds,,
,PORK,Meat & Poultry,ethyl methyl sulfide (=methylthioethane),Sulfur compounds,,
,PORK,Meat & Poultry,diethyl sulfide (=ethylthioethane),Sulfur compounds,,
,PORK,Meat & Poultry,methyl propyl sulfide (=1-(methylthio)propane),Sulfur compounds,,
,PORK,Meat & Poultry,4-methoxyphenyl methyl sulfide (=p-methoxythioanisole),Sulfur compounds,,
,PORK,Meat & Poultry,benzyl methyl sulfide (=(methylthiomethyl)benzene),Sulfur compounds,,
,PORK,Meat & Poultry,furfuryl methyl sulfide (=furfurylthiomethane),Sulfur compounds,,
,PORK,Meat & Poultry,dimethyl disulfide (=methyldithiomethane),Sulfur compounds,,
,PORK,Meat & Poultry,ethyl methyl disulfide (=methyldithioethane),Sulfur compounds,,
,PORK,Meat & Poultry,"diethyl disulfide (=ethyldithioethane, 3,4-dithiahexane)",Sulfur compounds,,
,PORK,Meat & Poultry,furfuryl methyl disulfide,Sulfur compounds,,
,PORK,Meat & Poultry,"dimethyl trisulfide (=2,3,4-trithiapentane, methyltrithiomethane)",Sulfur compounds,,
,PORK,Meat & Poultry,"4-methyl-2,3,5-trithiahexane",Sulfur compounds,,
,PORK,Meat & Poultry,"4-ethyl-2,3,5-trithiahexane",Sulfur compounds,,
,PORK,Meat & Poultry,"4-propyl-2,3,5-trithiahexane",Sulfur compounds,,
,PORK,Meat & Poultry,"4-isopropyl-2,3,5-trithiahexane",Sulfur compounds,,
,PORK,Meat & Poultry,"4-isobutyl-2,3,5-trithiahexane",Sulfur compounds,,
,PORK,Meat & Poultry,"4-(sec-butyl)-2,3,5-trithiahexane",Sulfur compounds,,
,PORK,Meat & Poultry,"4,4-dimethyl-2,3,5-trithiahexane",Sulfur compounds,,
,PORK,Meat & Poultry,"4-ethyl-4-methyl-2,3,5-trithiahexane",Sulfur compounds,,
,PORK,Meat & Poultry,"4-phenyl-2,3,5-trithiahexane",Sulfur compounds,,
,PORK,Meat & Poultry,"4,6-dimethyl-2,3,5,7- tetrathiaoctane",Sulfur compounds,,
,PORK,Meat & Poultry,3-(methylthio)-1-propanol (=methionol),Sulfur compounds,,
,PORK,Meat & Poultry,1-mercapto-2-propanone (=acetylmethyl mercaptan),Sulfur compounds,,
,PORK,Meat & Poultry,S-methyl acetothioate (=methanethiol acetate),Sulfur compounds,,
,PORK,Meat & Poultry,methyl propanethioate,Sulfur compounds,,
,PORK,Meat & Poultry,ethyl propanethioate,Sulfur compounds,,
,PORK,Meat & Poultry,dimethyl sulfoxide (=methylsulfinylmethane),Sulfur compounds,,
,PORK,Meat & Poultry,dimethyl sulfone (=methylsulfonylmethane),Sulfur compounds,,
,PORK,Meat & Poultry,thiophene,Sulfur compounds,,
,PORK,Meat & Poultry,2-methylthiophene,Sulfur compounds,,
,PORK,Meat & Poultry,2-ethylthiophene,Sulfur compounds,trace,trace
,PORK,Meat & Poultry,2-propylthiophene,Sulfur compounds,trace,trace
,PORK,Meat & Poultry,2-ethyl-5-methylthiophene,Sulfur compounds,trace,trace
,PORK,Meat & Poultry,2-methyl-3(2H)-dihydrothiophenone (=2-methyl-3-thiolanone),Sulfur compounds,0.0001,0.0002
,PORK,Meat & Poultry,2-thiophenecarbaldehyde (=2-formylthiophene),Sulfur compounds,,
,PORK,Meat & Poultry,3-thiophenecarbaldehyde,Sulfur compounds,,
,PORK,Meat & Poultry,3-methyl-2-thiophenecarbaldehyde,Sulfur compounds,,
,PORK,Meat & Poultry,5-methyl-2-thiophenecarbaldehyde,Sulfur compounds,,
,PORK,Meat & Poultry,"2,5-dimethyl-3-thiophenecarbaldehyde",Sulfur compounds,,
,PORK,Meat & Poultry,3-(2-thienyl)-2-propenal,Sulfur compounds,,
,PORK,Meat & Poultry,2-acetylthiophene,Sulfur compounds,0,2E-005
,PORK,Meat & Poultry,3-acetylthiophene,Sulfur compounds,,
,PORK,Meat & Poultry,2-acetyl-5-methylthiophene,Sulfur compounds,,
,PORK,Meat & Poultry,"3,5-dimethyl-1,2,4-trithiolane",Sulfur compounds,,
,PORK,Meat & Poultry,thiazole,Sulfur compounds,,
,PORK,Meat & Poultry,2-methylthiazole,Sulfur compounds,,
,PORK,Meat & Poultry,4-methylthiazole,Sulfur compounds,trace,1E-005
,PORK,Meat & Poultry,"2,4-dimethylthiazole",Sulfur compounds,3E-005,4E-005
,PORK,Meat & Poultry,"4,5-dimethylthiazole",Sulfur compounds,0.0001,0.0001
,PORK,Meat & Poultry,2-ethyl-4-methylthiazole,Sulfur compounds,trace,trace
,PORK,Meat & Poultry,4-ethyl-2-methylthiazole,Sulfur compounds,trace,trace
,PORK,Meat & Poultry,4-ethyl-5-methylthiazole,Sulfur compounds,trace,1E-005
,PORK,Meat & Poultry,4-methyl-5-vinylthiazole,Sulfur compounds,trace,trace
,PORK,Meat & Poultry,"2,4,5-trimethylthiazole",Sulfur compounds,8E-005,8E-005
,PORK,Meat & Poultry,"4-ethyl-2,5-dimethylthiazole",Sulfur compounds,0,1E-005
,PORK,Meat & Poultry,"2-isopropyl-4,5-dimethylthiazole",Sulfur compounds,,
,PORK,Meat & Poultry,"2-butyl-4,5-dimethylthiazole",Sulfur compounds,,
,PORK,Meat & Poultry,benzothiazole,Sulfur compounds,trace,2E-005
,PORK,Meat & Poultry,2-acetylthiazole,Sulfur compounds,5E-005,0.00054
,PORK,Meat & Poultry,3-nitrosothiazolidine,Sulfur compounds,,
,PORK,Meat & Poultry,"1,1-diethoxyethane (=acetal, acetaldehyde diethyl acetal)",Acetals,,
,PORK,Meat & Poultry,"1,1-diethoxy-3-methylbutane",Acetals,,
,PORK,Meat & Poultry,diethyl ether,Ethers,,
,PORK,Meat & Poultry,ethyl vinyl ether,Ethers,,
,PORK,Meat & Poultry,allyl ethyl ether (=3-ethoxy-1-propene),Ethers,,
,PORK,Meat & Poultry,butyl ethyl ether,Ethers,,
,PORK,Meat & Poultry,"1,4-dichlorobenzene",Halogens,,
,PORK,Meat & Poultry,dichlorobenzene (unkn.str.),Halogens,,
,PORK,Meat & Poultry,2-chloronaphthalene,Halogens,,
,PORK,Meat & Poultry,bromo-trichloromethane,Halogens,,
,PORK,Meat & Poultry,1-acetyl-2-chloropyrrole,Halogens,,
,PORK,Meat & Poultry,1-acetyl-2-bromopyrrole,Halogens,,
,PORK,Meat & Poultry,4-chlorophenol,Halogens,,
,PORK,Meat & Poultry,4-methylpentanenitrile,Nitriles and amides,,
,PORK,Meat & Poultry,hexanenitrile,Nitriles and amides,25,25
,PORK,Meat & Poultry,heptanenitrile,Nitriles and amides,3,10
,PORK,Meat & Poultry,octanenitrile,Nitriles and amides,trace,3
,PORK,Meat & Poultry,nonanenitrile,Nitriles and amides,0.001,3
,PORK,Meat & Poultry,dodecanenitrile,Nitriles and amides,trace,trace
,PORK,Meat & Poultry,tridecanenitrile,Nitriles and amides,1,1
,PORK,Meat & Poultry,tetradecanenitrile,Nitriles and amides,8,8
,PORK,Meat & Poultry,pentadecanenitrile,Nitriles and amides,15,30
,PORK,Meat & Poultry,hexadecanenitrile,Nitriles and amides,90,90
,PORK,Meat & Poultry,benzonitrile,Nitriles and amides,0.0002,2
,PORK,Meat & Poultry,"phenylacetonitrile (=benzyl cyanide, benzeneacetonitrile)",Nitriles and amides,trace,0.0004
,PORK,Meat & Poultry,vanillonitrile,Nitriles and amides,,
,PORK,Meat & Poultry,butyl isocyanate,Nitriles and amides,,
,PORK,Meat & Poultry,phenol (=hydroxybenzene),Phenols,0.14,1.06
,PORK,Meat & Poultry,2-methylphenol (=o-cresol),Phenols,<0.1,0.19
,PORK,Meat & Poultry,3-methylphenol (=m-cresol),Phenols,<0.1,0.61
,PORK,Meat & Poultry,4-methylphenol (=p-cresol),Phenols,<0.1,0.25
,PORK,Meat & Poultry,methylphenol (unkn.str.) (=cresol (unkn.str.)),Phenols,,
,PORK,Meat & Poultry,2-ethylphenol,Phenols,,
,PORK,Meat & Poultry,4-ethylphenol,Phenols,,
,PORK,Meat & Poultry,"2,6-dimethylphenol",Phenols,,
,PORK,Meat & Poultry,"3,5-dimethylphenol (=3,5-xylenol)",Phenols,,
,PORK,Meat & Poultry,"2,6-di-tert-butyl-4-methyl-phenol (=B.H.T.)",Phenols,,
,PORK,Meat & Poultry,2-methoxyphenol (=guaiacol),Phenols,<0.1,35.6
,PORK,Meat & Poultry,"2-methoxy-4-methylphenol (=4-methylguaiacol, creosol)",Phenols,27.2,27.2
,PORK,Meat & Poultry,2-methoxy-6-methylphenol (=6-methylguaiacol),Phenols,,
,PORK,Meat & Poultry,4-ethyl-2-methoxyphenol (=4-ethylguaiacol),Phenols,,
,PORK,Meat & Poultry,2-ethyl-6-methoxyphenol (=6-ethylguaiacol),Phenols,,
,PORK,Meat & Poultry,2-methoxy-4-vinylphenol (=4-vinylguaiacol),Phenols,6,6
,PORK,Meat & Poultry,4-isopropyl-2-methoxyphenol (=4-isopropylguaiacol),Phenols,,
,PORK,Meat & Poultry,2-methoxy-4-propylphenol (=4-propylguaiacol),Phenols,,
,PORK,Meat & Poultry,eugenol (=4-allyl-2-methoxyphenol),Phenols,1,1
,PORK,Meat & Poultry,(Z)-isoeugenol (=(Z)-2-methoxy-4-(1-propenyl)-phenol),Phenols,1,1
,PORK,Meat & Poultry,(E)-isoeugenol (=(E)-2-methoxy-4-(1-propenyl)-phenol),Phenols,,
,PORK,Meat & Poultry,"2,6-dimethoxyphenol (=syringol)",Phenols,0.21,84
,PORK,Meat & Poultry,"2,6-dimethoxy-4-methylphenol (=4-methylsyringol)",Phenols,35.6,35.6
,PORK,Meat & Poultry,"4-ethyl-2,6-dimethoxyphenol (=4-ethylsyringol)",Phenols,8.7,8.7
,PORK,Meat & Poultry,"2,6-dimethoxy-4-vinylphenol (=4-vinylsyringol)",Phenols,,
,PORK,Meat & Poultry,"2,6-dimethoxy-4-propylphenol (=4-propylsyringol)",Phenols,,
,PORK,Meat & Poultry,"4-allyl-2,6-dimethoxyphenol (=5-methoxyeugenol)",Phenols,3.8,3.8
,PORK,Meat & Poultry,"(Z)-2,6-dimethoxy-4-(1-propenyl)-phenol",Phenols,,
,PORK,Meat & Poultry,"(E)-2,6-dimethoxy-4-(1-propenyl)-phenol",Phenols,,
,PORK,Meat & Poultry,"2,6-dimethoxy-4-propenylphenol (unkn.str.) (=4-propenyl-syringol (unkn.str.))",Phenols,,
,PORK,Meat & Poultry,furan,Furans,,
,PORK,Meat & Poultry,2-methylfuran,Furans,,
,PORK,Meat & Poultry,2-ethylfuran,Furans,,
,PORK,Meat & Poultry,2-butylfuran,Furans,,
,PORK,Meat & Poultry,2-pentylfuran,Furans,0.00015,0.001
,PORK,Meat & Poultry,"2,4-dimethylfuran",Furans,,
,PORK,Meat & Poultry,"2,3,4-trimethylfuran",Furans,,
,PORK,Meat & Poultry,phenylfuran (unkn.str.),Furans,,
,PORK,Meat & Poultry,"2,2'-methylenebisfuran (=2,2-difurylmethane)",Furans,,
,PORK,Meat & Poultry,"5-methyl-2,2'-methylenebisfuran (=(2-furyl)-(5-methylfuryl-2)-methane)",Furans,,
,PORK,Meat & Poultry,"furfural (=2-formylfuran, 2-furancarbaldehyde, 2-furaldehyde)",Furans,,
,PORK,Meat & Poultry,"3-furancarbaldehyde (=3-formylfuran, 3-furaldehyde)",Furans,,
,PORK,Meat & Poultry,5-methylfurfural,Furans,,
,PORK,Meat & Poultry,2-methyldihydro-3(2H)-furanone,Furans,0.0002,0.0002
,PORK,Meat & Poultry,"3,5-dimethyl-2(5H)-furanone",Furans,,
,PORK,Meat & Poultry,"2,4,5-trimethyl-3(2H)-furanone",Furans,,
,PORK,Meat & Poultry,"2-acetylfuran (=2-furyl methyl ketone, 1-(2-furyl)ethanone)",Furans,0.0004,0.0007
,PORK,Meat & Poultry,2-acetyl-5-methylfuran,Furans,,
,PORK,Meat & Poultry,2-(2-oxopropyl)furan (=2-acetonylfuran),Furans,,
,PORK,Meat & Poultry,propanoylfuran (unkn.str.),Furans,,
,PORK,Meat & Poultry,"furfuryl alcohol (=(2-furyl)-methanol, 2-furanmethanol)",Furans,,
,PORK,Meat & Poultry,2-furancarboxylic acid (=2-furoic acid),Furans,,
,PORK,Meat & Poultry,ethyl 2-furancarboxylate (=ethyl 2-furoate),Furans,,
,PORK,Meat & Poultry,ethyl furancarboxylate (unkn.str.),Furans,,
,PORK,Meat & Poultry,furfuryl formate,Furans,,
,PORK,Meat & Poultry,furfuryl acetate (=2-furanmethanol acetate),Furans,,
,PORK,Meat & Poultry,furfuryl propanoate,Furans,,
,PORK,Meat & Poultry,furfuryl butanoate,Furans,,
,PORK,Meat & Poultry,furfuryl pentanoate,Furans,,
,PORK,Meat & Poultry,furfuryl hexanoate,Furans,,
,PORK,Meat & Poultry,ethyl furfuryl ether (=2-(ethoxymethyl)furan),Furans,,
,PORK,Meat & Poultry,difurfuryl ether,Furans,,
,PORK,Meat & Poultry,3-hydroxy-2-methyl-4-pyrone (=maltol),"(Ep)oxides, pyrans, coumarins",18,18
,PORK,Meat & Poultry,"2,4,6-trimethyl-1,3,5-trioxane (=paraldehyde)","(Ep)oxides, pyrans, coumarins",,
,PORK,Meat & Poultry,"2,4-dimethyl-3-oxazoline",Oxazol(in)es,,
,PORK,Meat & Poultry,"4,5-dimethyloxazole",Oxazol(in)es,,
,PORK,Meat & Poultry,trimethyloxazole,Oxazol(in)es,0,2E-005
,PORK,Meat & Poultry,"2-isopropyl-4,5-dimethyloxazole",Oxazol(in)es,,
"PORK, UNCURED (raw)",PORK,Meat & Poultry,octane,Hydrocarbons,,
"PORK, UNCURED (raw)",PORK,Meat & Poultry,1-octene,Hydrocarbons,,
"PORK, UNCURED (raw)",PORK,Meat & Poultry,nonane,Hydrocarbons,,
"PORK, UNCURED (raw)",PORK,Meat & Poultry,1-nonene,Hydrocarbons,,
"PORK, UNCURED (raw)",PORK,Meat & Poultry,decane,Hydrocarbons,,
"PORK, UNCURED (raw)",PORK,Meat & Poultry,undecane,Hydrocarbons,,
"PORK, UNCURED (raw)",PORK,Meat & Poultry,dodecane,Hydrocarbons,,
"PORK, UNCURED (raw)",PORK,Meat & Poultry,methylbenzene (=toluene),Hydrocarbons,,
"PORK, UNCURED (raw)",PORK,Meat & Poultry,ethylbenzene (=α-methyltoluene),Hydrocarbons,,
"PORK, UNCURED (raw)",PORK,Meat & Poultry,"1,2-dimethylbenzene (=o-xylene)",Hydrocarbons,,
"PORK, UNCURED (raw)",PORK,Meat & Poultry,"1,3-dimethylbenzene (=m-xylene)",Hydrocarbons,,
"PORK, UNCURED (raw)",PORK,Meat & Poultry,"1,4-dimethylbenzene (=p-xylene)",Hydrocarbons,,
"PORK, UNCURED (raw)",PORK,Meat & Poultry,2-methyl-1-propanol (=isobutanol),Alcohols,,
"PORK, UNCURED (raw)",PORK,Meat & Poultry,1-butanol,Alcohols,,
"PORK, UNCURED (raw)",PORK,Meat & Poultry,3-methyl-1-butanol (=isoamyl alcohol),Alcohols,,
"PORK, UNCURED (raw)",PORK,Meat & Poultry,1-pentanol (=amyl alcohol),Alcohols,,
"PORK, UNCURED (raw)",PORK,Meat & Poultry,"3-methylbutanal (=isopentanal, isovaleraldehyde)","Carbonyls, aldehydes",,
"PORK, UNCURED (raw)",PORK,Meat & Poultry,hexanal (=capronaldehyde),"Carbonyls, aldehydes",,
"PORK, UNCURED (raw)",PORK,Meat & Poultry,heptanal,"Carbonyls, aldehydes",,
"PORK, UNCURED (raw)",PORK,Meat & Poultry,octanal (=caprylaldehyde),"Carbonyls, aldehydes",,
"PORK, UNCURED (raw)",PORK,Meat & Poultry,nonanal (=pelargonaldehyde),"Carbonyls, aldehydes",,
"PORK, UNCURED (raw)",PORK,Meat & Poultry,3-hydroxy-2-butanone (=acetoin),"Carbonyls, ketones",,
"PORK, UNCURED (raw)",PORK,Meat & Poultry,"2,3-butanedione (=diacetyl)","Carbonyls, ketones",,
"PORK, UNCURED (raw)",PORK,Meat & Poultry,indole,Bases,0,0.047
"PORK, UNCURED (raw)",PORK,Meat & Poultry,3-methylindole (=skatole),Bases,0,0.078
"PORK, UNCURED (boiled, cooked)",PORK,Meat & Poultry,pentane,Hydrocarbons,,
"PORK, UNCURED (boiled, cooked)",PORK,Meat & Poultry,hexane,Hydrocarbons,,
"PORK, UNCURED (boiled, cooked)",PORK,Meat & Poultry,heptane,Hydrocarbons,,
"PORK, UNCURED (boiled, cooked)",PORK,Meat & Poultry,decane,Hydrocarbons,,
"PORK, UNCURED (boiled, cooked)",PORK,Meat & Poultry,undecane,Hydrocarbons,,
"PORK, UNCURED (boiled, cooked)",PORK,Meat & Poultry,dodecane,Hydrocarbons,,
"PORK, UNCURED (boiled, cooked)",PORK,Meat & Poultry,tridecane,Hydrocarbons,,
"PORK, UNCURED (boiled, cooked)",PORK,Meat & Poultry,tetradecane,Hydrocarbons,,
"PORK, UNCURED (boiled, cooked)",PORK,Meat & Poultry,pentadecane,Hydrocarbons,,
"PORK, UNCURED (boiled, cooked)",PORK,Meat & Poultry,hexadecane,Hydrocarbons,,
"PORK, UNCURED (boiled, cooked)",PORK,Meat & Poultry,heptadecane,Hydrocarbons,,
"PORK, UNCURED (boiled, cooked)",PORK,Meat & Poultry,octadecane,Hydrocarbons,,
"PORK, UNCURED (boiled, cooked)",PORK,Meat & Poultry,nonadecane,Hydrocarbons,,
"PORK, UNCURED (boiled, cooked)",PORK,Meat & Poultry,benzene,Hydrocarbons,,
"PORK, UNCURED (boiled, cooked)",PORK,Meat & Poultry,methylbenzene (=toluene),Hydrocarbons,,
"PORK, UNCURED (boiled, cooked)",PORK,Meat & Poultry,ethylbenzene (=α-methyltoluene),Hydrocarbons,,
"PORK, UNCURED (boiled, cooked)",PORK,Meat & Poultry,"1,2-dimethylbenzene (=o-xylene)",Hydrocarbons,,
"PORK, UNCURED (boiled, cooked)",PORK,Meat & Poultry,"1,3-dimethylbenzene (=m-xylene)",Hydrocarbons,,
"PORK, UNCURED (boiled, cooked)",PORK,Meat & Poultry,"1,4-dimethylbenzene (=p-xylene)",Hydrocarbons,,
"PORK, UNCURED (boiled, cooked)",PORK,Meat & Poultry,1-ethyl-4-methylbenzene (=p-ethyltoluene),Hydrocarbons,,
"PORK, UNCURED (boiled, cooked)",PORK,Meat & Poultry,isopropyl-methylbenzene (unkn.str.) (=cymene (unkn.str.)),Hydrocarbons,,
"PORK, UNCURED (boiled, cooked)",PORK,Meat & Poultry,"1,2,3-trimethylbenzene (=hemimellitene)",Hydrocarbons,,
"PORK, UNCURED (boiled, cooked)",PORK,Meat & Poultry,"1,2,4-trimethylbenzene (=pseudocumene)",Hydrocarbons,,
"PORK, UNCURED (boiled, cooked)",PORK,Meat & Poultry,"1,3,5-trimethylbenzene (=mesitylene)",Hydrocarbons,,
"PORK, UNCURED (boiled, cooked)",PORK,Meat & Poultry,trimethylbenzene (unkn.str.),Hydrocarbons,,
"PORK, UNCURED (boiled, cooked)",PORK,Meat & Poultry,naphthalene,Hydrocarbons,,
"PORK, UNCURED (boiled, cooked)",PORK,Meat & Poultry,methanol,Alcohols,,
"PORK, UNCURED (boiled, cooked)",PORK,Meat & Poultry,ethanol,Alcohols,,
"PORK, UNCURED (boiled, cooked)",PORK,Meat & Poultry,1-propanol (=propyl alcohol),Alcohols,,
"PORK, UNCURED (boiled, cooked)",PORK,Meat & Poultry,2-methyl-1-propanol (=isobutanol),Alcohols,,
"PORK, UNCURED (boiled, cooked)",PORK,Meat & Poultry,1-butanol,Alcohols,,
"PORK, UNCURED (boiled, cooked)",PORK,Meat & Poultry,2-butanol (=sec-butanol),Alcohols,,
"PORK, UNCURED (boiled, cooked)",PORK,Meat & Poultry,3-methyl-2-buten-1-ol (=prenol),Alcohols,,
"PORK, UNCURED (boiled, cooked)",PORK,Meat & Poultry,1-pentanol (=amyl alcohol),Alcohols,6E-005,6E-005
"PORK, UNCURED (boiled, cooked)",PORK,Meat & Poultry,1-hexanol,Alcohols,0.00047,0.00069
"PORK, UNCURED (boiled, cooked)",PORK,Meat & Poultry,2-methyl-1-hexanol,Alcohols,,
"PORK, UNCURED (boiled, cooked)",PORK,Meat & Poultry,1-heptanol,Alcohols,0.00011,0.0003
"PORK, UNCURED (boiled, cooked)",PORK,Meat & Poultry,heptanol (unkn.str.),Alcohols,,
"PORK, UNCURED (boiled, cooked)",PORK,Meat & Poultry,1-octanol,Alcohols,6E-005,0.00035
"PORK, UNCURED (boiled, cooked)",PORK,Meat & Poultry,1-octen-3-ol,Alcohols,0.00538,0.01003
"PORK, UNCURED (boiled, cooked)",PORK,Meat & Poultry,1-nonanol,Alcohols,,
"PORK, UNCURED (boiled, cooked)",PORK,Meat & Poultry,1-decanol,Alcohols,,
"PORK, UNCURED (boiled, cooked)",PORK,Meat & Poultry,1-undecanol,Alcohols,,
"PORK, UNCURED (boiled, cooked)",PORK,Meat & Poultry,1-dodecanol,Alcohols,,
"PORK, UNCURED (boiled, cooked)",PORK,Meat & Poultry,formaldehyde (=methanal),"Carbonyls, aldehydes",,
"PORK, UNCURED (boiled, cooked)",PORK,Meat & Poultry,acetaldehyde (=ethanal),"Carbonyls, aldehydes",,
"PORK, UNCURED (boiled, cooked)",PORK,Meat & Poultry,ethanedial (=glyoxal),"Carbonyls, aldehydes",,
"PORK, UNCURED (boiled, cooked)",PORK,Meat & Poultry,propanal (=propionaldehyde),"Carbonyls, aldehydes",,
"PORK, UNCURED (boiled, cooked)",PORK,Meat & Poultry,"2-methylpropanal (=isobutanal, isobutyraldehyde)","Carbonyls, aldehydes",,
"PORK, UNCURED (boiled, cooked)",PORK,Meat & Poultry,"2-oxopropanal (=pyruvaldehyde, methyl glyoxal, acetylformaldehyde)","Carbonyls, aldehydes",,
"PORK, UNCURED (boiled, cooked)",PORK,Meat & Poultry,butanal (=butyraldehyde),"Carbonyls, aldehydes",,
"PORK, UNCURED (boiled, cooked)",PORK,Meat & Poultry,"3-methylbutanal (=isopentanal, isovaleraldehyde)","Carbonyls, aldehydes",,
"PORK, UNCURED (boiled, cooked)",PORK,Meat & Poultry,pentanal (=valeraldehyde),"Carbonyls, aldehydes",,
"PORK, UNCURED (boiled, cooked)",PORK,Meat & Poultry,hexanal (=capronaldehyde),"Carbonyls, aldehydes",0.00245,0.00409
"PORK, UNCURED (boiled, cooked)",PORK,Meat & Poultry,2-hexenal,"Carbonyls, aldehydes",,
"PORK, UNCURED (boiled, cooked)",PORK,Meat & Poultry,heptanal,"Carbonyls, aldehydes",0.00098,0.00221
"PORK, UNCURED (boiled, cooked)",PORK,Meat & Poultry,octanal (=caprylaldehyde),"Carbonyls, aldehydes",0.0003,0.00052
"PORK, UNCURED (boiled, cooked)",PORK,Meat & Poultry,nonanal (=pelargonaldehyde),"Carbonyls, aldehydes",0.00063,0.00209
"PORK, UNCURED (boiled, cooked)",PORK,Meat & Poultry,decanal (=capraldehyde),"Carbonyls, aldehydes",,
"PORK, UNCURED (boiled, cooked)",PORK,Meat & Poultry,"2,4-decadienal","Carbonyls, aldehydes",,
"PORK, UNCURED (boiled, cooked)",PORK,Meat & Poultry,undecanal,"Carbonyls, aldehydes",,
"PORK, UNCURED (boiled, cooked)",PORK,Meat & Poultry,benzaldehyde,"Carbonyls, aldehydes",0.00326,0.00778
"PORK, UNCURED (boiled, cooked)",PORK,Meat & Poultry,isopropylbenzaldehyde (unkn.str.),"Carbonyls, aldehydes",,
"PORK, UNCURED (boiled, cooked)",PORK,Meat & Poultry,"acetone (=2-propanone, dimethyl ketone)","Carbonyls, ketones",,
"PORK, UNCURED (boiled, cooked)",PORK,Meat & Poultry,3-hydroxy-2-butanone (=acetoin),"Carbonyls, ketones",,
"PORK, UNCURED (boiled, cooked)",PORK,Meat & Poultry,"2,3-butanedione (=diacetyl)","Carbonyls, ketones",,
"PORK, UNCURED (boiled, cooked)",PORK,Meat & Poultry,2-heptanone,"Carbonyls, ketones",,
"PORK, UNCURED (boiled, cooked)",PORK,Meat & Poultry,2-octanone,"Carbonyls, ketones",,
"PORK, UNCURED (boiled, cooked)",PORK,Meat & Poultry,2-nonanone,"Carbonyls, ketones",,
"PORK, UNCURED (boiled, cooked)",PORK,Meat & Poultry,cyclohexanone,"Carbonyls, ketones",,
"PORK, UNCURED (boiled, cooked)",PORK,Meat & Poultry,acetophenone (=1-phenylethanone),"Carbonyls, ketones",,
"PORK, UNCURED (boiled, cooked)",PORK,Meat & Poultry,acetic acid,Acids,,
"PORK, UNCURED (boiled, cooked)",PORK,Meat & Poultry,2-methylpropanoic acid (=isobutyric acid),Acids,,
"PORK, UNCURED (boiled, cooked)",PORK,Meat & Poultry,butanoic acid (=butyric acid),Acids,,
"PORK, UNCURED (boiled, cooked)",PORK,Meat & Poultry,hexanoic acid (=caproic acid),Acids,,
"PORK, UNCURED (boiled, cooked)",PORK,Meat & Poultry,heptanoic acid (=enanthic acid),Acids,,
"PORK, UNCURED (boiled, cooked)",PORK,Meat & Poultry,octanoic acid (=caprylic acid),Acids,,
"PORK, UNCURED (boiled, cooked)",PORK,Meat & Poultry,nonanoic acid (=pelargonic acid),Acids,,
"PORK, UNCURED (boiled, cooked)",PORK,Meat & Poultry,decanoic acid (=capric acid),Acids,,
"PORK, UNCURED (boiled, cooked)",PORK,Meat & Poultry,ammonia,Bases,,
"PORK, UNCURED (boiled, cooked)",PORK,Meat & Poultry,2-methylpyridine (=α-picoline),Bases,,
"PORK, UNCURED (boiled, cooked)",PORK,Meat & Poultry,methylpyrazine,Bases,trace,1E-005
"PORK, UNCURED (boiled, cooked)",PORK,Meat & Poultry,"2,3-dimethylpyrazine",Bases,0,2E-005
"PORK, UNCURED (boiled, cooked)",PORK,Meat & Poultry,"2,5-dimethylpyrazine",Bases,trace,2E-005
"PORK, UNCURED (boiled, cooked)",PORK,Meat & Poultry,"2,6-dimethylpyrazine",Bases,2E-005,3E-005
"PORK, UNCURED (boiled, cooked)",PORK,Meat & Poultry,methanethiol (=methyl mercaptan),Sulfur compounds,,
"PORK, UNCURED (boiled, cooked)",PORK,Meat & Poultry,2-methyl-1-propanethiol (=isobutyl mercaptan),Sulfur compounds,,
"PORK, UNCURED (boiled, cooked)",PORK,Meat & Poultry,1-hexanethiol (=hexyl mercaptan),Sulfur compounds,,
"PORK, UNCURED (boiled, cooked)",PORK,Meat & Poultry,hydrogen sulfide,Sulfur compounds,,
"PORK, UNCURED (boiled, cooked)",PORK,Meat & Poultry,ethylene sulfide (=thiirane),Sulfur compounds,,
"PORK, UNCURED (boiled, cooked)",PORK,Meat & Poultry,ethyl methyl sulfide (=methylthioethane),Sulfur compounds,,
"PORK, UNCURED (boiled, cooked)",PORK,Meat & Poultry,diethyl sulfide (=ethylthioethane),Sulfur compounds,,
"PORK, UNCURED (boiled, cooked)",PORK,Meat & Poultry,dimethyl disulfide (=methyldithiomethane),Sulfur compounds,,
"PORK, UNCURED (boiled, cooked)",PORK,Meat & Poultry,ethyl methyl disulfide (=methyldithioethane),Sulfur compounds,,
"PORK, UNCURED (boiled, cooked)",PORK,Meat & Poultry,"diethyl disulfide (=ethyldithioethane, 3,4-dithiahexane)",Sulfur compounds,,
"PORK, UNCURED (boiled, cooked)",PORK,Meat & Poultry,1-mercapto-2-propanone (=acetylmethyl mercaptan),Sulfur compounds,,
"PORK, UNCURED (boiled, cooked)",PORK,Meat & Poultry,thiophene,Sulfur compounds,,
"PORK, UNCURED (boiled, cooked)",PORK,Meat & Poultry,2-methylthiophene,Sulfur compounds,,
"PORK, UNCURED (boiled, cooked)",PORK,Meat & Poultry,"3,5-dimethyl-1,2,4-trithiolane",Sulfur compounds,,
"PORK, UNCURED (boiled, cooked)",PORK,Meat & Poultry,benzothiazole,Sulfur compounds,0,2E-005
"PORK, UNCURED (boiled, cooked)",PORK,Meat & Poultry,2-acetylthiazole,Sulfur compounds,0.00043,0.00054
"PORK, UNCURED (boiled, cooked)",PORK,Meat & Poultry,"1,4-dichlorobenzene",Halogens,,
"PORK, UNCURED (boiled, cooked)",PORK,Meat & Poultry,furan,Furans,,
"PORK, UNCURED (boiled, cooked)",PORK,Meat & Poultry,2-methylfuran,Furans,,
"PORK, UNCURED (boiled, cooked)",PORK,Meat & Poultry,2-pentylfuran,Furans,0.00018,0.0003
"PORK, UNCURED (boiled, cooked)",PORK,Meat & Poultry,"furfural (=2-formylfuran, 2-furancarbaldehyde, 2-furaldehyde)",Furans,,
"PORK, UNCURED (boiled, cooked)",PORK,Meat & Poultry,"2-acetylfuran (=2-furyl methyl ketone, 1-(2-furyl)ethanone)",Furans,,
"PORK, UNCURED (boiled, cooked)",PORK,Meat & Poultry,"furfuryl alcohol (=(2-furyl)-methanol, 2-furanmethanol)",Furans,,
"PORK, UNCURED (grilled, roasted)",PORK,Meat & Poultry,1-pentanol (=amyl alcohol),Alcohols,2E-005,0.0001
"PORK, UNCURED (grilled, roasted)",PORK,Meat & Poultry,1-hexanol,Alcohols,0.0003,0.0007
"PORK, UNCURED (grilled, roasted)",PORK,Meat & Poultry,1-heptanol,Alcohols,0.0001,0.001
"PORK, UNCURED (grilled, roasted)",PORK,Meat & Poultry,1-octanol,Alcohols,0.0002,0.0007
"PORK, UNCURED (grilled, roasted)",PORK,Meat & Poultry,1-octen-3-ol,Alcohols,0.002,0.005
"PORK, UNCURED (grilled, roasted)",PORK,Meat & Poultry,hexanal (=capronaldehyde),"Carbonyls, aldehydes",0.0014,0.003
"PORK, UNCURED (grilled, roasted)",PORK,Meat & Poultry,heptanal,"Carbonyls, aldehydes",0.002,0.005
"PORK, UNCURED (grilled, roasted)",PORK,Meat & Poultry,octanal (=caprylaldehyde),"Carbonyls, aldehydes",0.0005,0.002
"PORK, UNCURED (grilled, roasted)",PORK,Meat & Poultry,nonanal (=pelargonaldehyde),"Carbonyls, aldehydes",0.001,0.005
"PORK, UNCURED (grilled, roasted)",PORK,Meat & Poultry,benzaldehyde,"Carbonyls, aldehydes",0.005,0.005
"PORK, UNCURED (grilled, roasted)",PORK,Meat & Poultry,pyrrole,Bases,0,3E-005
"PORK, UNCURED (grilled, roasted)",PORK,Meat & Poultry,2-methylpyridine (=α-picoline),Bases,0.0002,0.0003
"PORK, UNCURED (grilled, roasted)",PORK,Meat & Poultry,4-methylpyridine (=γ-picoline),Bases,8E-005,0.0001
"PORK, UNCURED (grilled, roasted)",PORK,Meat & Poultry,2-ethylpyridine,Bases,4E-005,0.0001
"PORK, UNCURED (grilled, roasted)",PORK,Meat & Poultry,4-ethylpyridine,Bases,0.0004,0.0005
"PORK, UNCURED (grilled, roasted)",PORK,Meat & Poultry,"2,3-dimethylpyridine (=2,3-lutidine)",Bases,5E-005,8E-005
"PORK, UNCURED (grilled, roasted)",PORK,Meat & Poultry,"2,4-dimethylpyridine (=2,4-lutidine)",Bases,2E-005,5E-005
"PORK, UNCURED (grilled, roasted)",PORK,Meat & Poultry,"2,6-dimethylpyridine (=2,6-lutidine)",Bases,7E-005,8E-005
"PORK, UNCURED (grilled, roasted)",PORK,Meat & Poultry,2-acetylpyridine,Bases,0,5E-005
"PORK, UNCURED (grilled, roasted)",PORK,Meat & Poultry,methylpyrazine,Bases,0.0009,0.0009
"PORK, UNCURED (grilled, roasted)",PORK,Meat & Poultry,"2,3-dimethylpyrazine",Bases,0.0018,0.0022
"PORK, UNCURED (grilled, roasted)",PORK,Meat & Poultry,"2,5-dimethylpyrazine",Bases,0.019,0.024
"PORK, UNCURED (grilled, roasted)",PORK,Meat & Poultry,"2,6-dimethylpyrazine",Bases,0.01,0.02
"PORK, UNCURED (grilled, roasted)",PORK,Meat & Poultry,2-ethyl-3-methylpyrazine,Bases,0.0003,0.0004
"PORK, UNCURED (grilled, roasted)",PORK,Meat & Poultry,2-ethyl-5-methylpyrazine,Bases,0.002,0.003
"PORK, UNCURED (grilled, roasted)",PORK,Meat & Poultry,2-ethyl-6-methylpyrazine,Bases,0.003,0.005
"PORK, UNCURED (grilled, roasted)",PORK,Meat & Poultry,trimethylpyrazine,Bases,0.02,0.02
"PORK, UNCURED (grilled, roasted)",PORK,Meat & Poultry,"3-ethyl-2,5-dimethylpyrazine",Bases,0.008,0.012
"PORK, UNCURED (grilled, roasted)",PORK,Meat & Poultry,"2-ethyl-3,5-dimethylpyrazine",Bases,0.003,0.004
"PORK, UNCURED (grilled, roasted)",PORK,Meat & Poultry,"2,3-diethyl-5-methylpyrazine",Bases,0.0003,0.0005
"PORK, UNCURED (grilled, roasted)",PORK,Meat & Poultry,tetramethylpyrazine,Bases,0.0007,0.0012
"PORK, UNCURED (grilled, roasted)",PORK,Meat & Poultry,acetylpyrazine,Bases,3E-005,7E-005
"PORK, UNCURED (grilled, roasted)",PORK,Meat & Poultry,"6,7-dihydro-5-methyl-5H-cyclopentapyrazine",Bases,trace,5E-005
"PORK, UNCURED (grilled, roasted)",PORK,Meat & Poultry,"6,7-dihydro-2,5-dimethyl-5H-cyclopentapyrazine",Bases,1E-005,0.0001
"PORK, UNCURED (grilled, roasted)",PORK,Meat & Poultry,"6,7-dihydro-3,5-dimethyl-5H-cyclopentapyrazine",Bases,0,2E-005
"PORK, UNCURED (grilled, roasted)",PORK,Meat & Poultry,"2-furanmethanethiol (=furfuryl mercaptan, 2-furfurylthiol)",Sulfur compounds,0.0001,0.0001
"PORK, UNCURED (grilled, roasted)",PORK,Meat & Poultry,"4-methyl-2,3,5-trithiahexane",Sulfur compounds,,
"PORK, UNCURED (grilled, roasted)",PORK,Meat & Poultry,"4-ethyl-2,3,5-trithiahexane",Sulfur compounds,,
"PORK, UNCURED (grilled, roasted)",PORK,Meat & Poultry,"4-propyl-2,3,5-trithiahexane",Sulfur compounds,,
"PORK, UNCURED (grilled, roasted)",PORK,Meat & Poultry,"4-isopropyl-2,3,5-trithiahexane",Sulfur compounds,,
"PORK, UNCURED (grilled, roasted)",PORK,Meat & Poultry,"4-isobutyl-2,3,5-trithiahexane",Sulfur compounds,,
"PORK, UNCURED (grilled, roasted)",PORK,Meat & Poultry,"4-(sec-butyl)-2,3,5-trithiahexane",Sulfur compounds,,
"PORK, UNCURED (grilled, roasted)",PORK,Meat & Poultry,"4,4-dimethyl-2,3,5-trithiahexane",Sulfur compounds,,
"PORK, UNCURED (grilled, roasted)",PORK,Meat & Poultry,"4-ethyl-4-methyl-2,3,5-trithiahexane",Sulfur compounds,,
"PORK, UNCURED (grilled, roasted)",PORK,Meat & Poultry,"4-phenyl-2,3,5-trithiahexane",Sulfur compounds,,
"PORK, UNCURED (grilled, roasted)",PORK,Meat & Poultry,"4,6-dimethyl-2,3,5,7- tetrathiaoctane",Sulfur compounds,,
"PORK, UNCURED (grilled, roasted)",PORK,Meat & Poultry,2-ethylthiophene,Sulfur compounds,trace,trace
"PORK, UNCURED (grilled, roasted)",PORK,Meat & Poultry,2-propylthiophene,Sulfur compounds,trace,trace
"PORK, UNCURED (grilled, roasted)",PORK,Meat & Poultry,2-ethyl-5-methylthiophene,Sulfur compounds,trace,trace
"PORK, UNCURED (grilled, roasted)",PORK,Meat & Poultry,2-methyl-3(2H)-dihydrothiophenone (=2-methyl-3-thiolanone),Sulfur compounds,0.0001,0.0002
"PORK, UNCURED (grilled, roasted)",PORK,Meat & Poultry,2-acetylthiophene,Sulfur compounds,0,2E-005
"PORK, UNCURED (grilled, roasted)",PORK,Meat & Poultry,4-methylthiazole,Sulfur compounds,trace,1E-005
"PORK, UNCURED (grilled, roasted)",PORK,Meat & Poultry,"2,4-dimethylthiazole",Sulfur compounds,3E-005,4E-005
"PORK, UNCURED (grilled, roasted)",PORK,Meat & Poultry,"4,5-dimethylthiazole",Sulfur compounds,0.0001,0.0001
"PORK, UNCURED (grilled, roasted)",PORK,Meat & Poultry,2-ethyl-4-methylthiazole,Sulfur compounds,trace,trace
"PORK, UNCURED (grilled, roasted)",PORK,Meat & Poultry,4-ethyl-2-methylthiazole,Sulfur compounds,trace,trace
"PORK, UNCURED (grilled, roasted)",PORK,Meat & Poultry,4-ethyl-5-methylthiazole,Sulfur compounds,trace,1E-005
"PORK, UNCURED (grilled, roasted)",PORK,Meat & Poultry,4-methyl-5-vinylthiazole,Sulfur compounds,trace,trace
"PORK, UNCURED (grilled, roasted)",PORK,Meat & Poultry,"2,4,5-trimethylthiazole",Sulfur compounds,8E-005,8E-005
"PORK, UNCURED (grilled, roasted)",PORK,Meat & Poultry,"4-ethyl-2,5-dimethylthiazole",Sulfur compounds,0,1E-005
"PORK, UNCURED (grilled, roasted)",PORK,Meat & Poultry,benzothiazole,Sulfur compounds,trace,trace
"PORK, UNCURED (grilled, roasted)",PORK,Meat & Poultry,2-acetylthiazole,Sulfur compounds,5E-005,0.00015
"PORK, UNCURED (grilled, roasted)",PORK,Meat & Poultry,2-pentylfuran,Furans,0.00015,0.001
"PORK, UNCURED (grilled, roasted)",PORK,Meat & Poultry,2-methyldihydro-3(2H)-furanone,Furans,0.0002,0.0002
"PORK, UNCURED (grilled, roasted)",PORK,Meat & Poultry,"2-acetylfuran (=2-furyl methyl ketone, 1-(2-furyl)ethanone)",Furans,0.0004,0.0007
"PORK, UNCURED (grilled, roasted)",PORK,Meat & Poultry,trimethyloxazole,Oxazol(in)es,0,2E-005
"PORK, UNCURED (smoked)",PORK,Meat & Poultry,vanillin (=4-hydroxy-3-methoxybenzaldehyde),"Carbonyls, aldehydes",23.4,23.4
"PORK, UNCURED (smoked)",PORK,Meat & Poultry,"syringaldehyde (=4-hydroxy-3,5-dimethoxy-benzaldehyde)","Carbonyls, aldehydes",8.3,8.3
"PORK, UNCURED (smoked)",PORK,Meat & Poultry,coniferaldehyde (=4-hydroxy-3-methoxy-cinnamaldehyde),"Carbonyls, aldehydes",,
"PORK, UNCURED (smoked)",PORK,Meat & Poultry,"sinapaldehyde (=4-hydroxy-3,5-dimethoxy-cinnamaldehyde)","Carbonyls, aldehydes",,
"PORK, UNCURED (smoked)",PORK,Meat & Poultry,"3-methyl-1,2-cyclopentanedione (=cyclotene)","Carbonyls, ketones",10,10
"PORK, UNCURED (smoked)",PORK,Meat & Poultry,acetovanillone,"Carbonyls, ketones",9.3,9.3
"PORK, UNCURED (smoked)",PORK,Meat & Poultry,acetosyringone,"Carbonyls, ketones",4.4,4.4
"PORK, UNCURED (smoked)",PORK,Meat & Poultry,propiosyringone,"Carbonyls, ketones",,
"PORK, UNCURED (smoked)",PORK,Meat & Poultry,phenol (=hydroxybenzene),Phenols,0.14,0.14
"PORK, UNCURED (smoked)",PORK,Meat & Poultry,3-methylphenol (=m-cresol),Phenols,,
"PORK, UNCURED (smoked)",PORK,Meat & Poultry,4-methylphenol (=p-cresol),Phenols,,
"PORK, UNCURED (smoked)",PORK,Meat & Poultry,2-methoxyphenol (=guaiacol),Phenols,35.6,35.6
"PORK, UNCURED (smoked)",PORK,Meat & Poultry,"2-methoxy-4-methylphenol (=4-methylguaiacol, creosol)",Phenols,27.2,27.2
"PORK, UNCURED (smoked)",PORK,Meat & Poultry,4-ethyl-2-methoxyphenol (=4-ethylguaiacol),Phenols,,
"PORK, UNCURED (smoked)",PORK,Meat & Poultry,2-methoxy-4-vinylphenol (=4-vinylguaiacol),Phenols,6,6
"PORK, UNCURED (smoked)",PORK,Meat & Poultry,eugenol (=4-allyl-2-methoxyphenol),Phenols,1,1
"PORK, UNCURED (smoked)",PORK,Meat & Poultry,(Z)-isoeugenol (=(Z)-2-methoxy-4-(1-propenyl)-phenol),Phenols,1,1
"PORK, UNCURED (smoked)",PORK,Meat & Poultry,(E)-isoeugenol (=(E)-2-methoxy-4-(1-propenyl)-phenol),Phenols,,
"PORK, UNCURED (smoked)",PORK,Meat & Poultry,"2,6-dimethoxyphenol (=syringol)",Phenols,84,84
"PORK, UNCURED (smoked)",PORK,Meat & Poultry,"2,6-dimethoxy-4-methylphenol (=4-methylsyringol)",Phenols,35.6,35.6
"PORK, UNCURED (smoked)",PORK,Meat & Poultry,"4-ethyl-2,6-dimethoxyphenol (=4-ethylsyringol)",Phenols,8.7,8.7
"PORK, UNCURED (smoked)",PORK,Meat & Poultry,"2,6-dimethoxy-4-vinylphenol (=4-vinylsyringol)",Phenols,,
"PORK, UNCURED (smoked)",PORK,Meat & Poultry,"4-allyl-2,6-dimethoxyphenol (=5-methoxyeugenol)",Phenols,3.8,3.8
"PORK, UNCURED (smoked)",PORK,Meat & Poultry,"(Z)-2,6-dimethoxy-4-(1-propenyl)-phenol",Phenols,,
"PORK, UNCURED (smoked)",PORK,Meat & Poultry,"(E)-2,6-dimethoxy-4-(1-propenyl)-phenol",Phenols,,
"PORK, UNCURED (smoked)",PORK,Meat & Poultry,3-hydroxy-2-methyl-4-pyrone (=maltol),"(Ep)oxides, pyrans, coumarins",18,18
"PORK, UNCURED (fried and seasoned)",PORK,Meat & Poultry,pyrazine,Bases,0.2,0.3
"PORK, UNCURED (fried and seasoned)",PORK,Meat & Poultry,methylpyrazine,Bases,3.6,7.3
"PORK, UNCURED (fried and seasoned)",PORK,Meat & Poultry,vinylpyrazine,Bases,0.6,1.2
"PORK, UNCURED (fried and seasoned)",PORK,Meat & Poultry,propylpyrazine,Bases,1,2.5
"PORK, UNCURED (fried and seasoned)",PORK,Meat & Poultry,"2,3-dimethylpyrazine",Bases,2.1,4.1
"PORK, UNCURED (fried and seasoned)",PORK,Meat & Poultry,"2,5-dimethylpyrazine",Bases,12.5,16.4
"PORK, UNCURED (fried and seasoned)",PORK,Meat & Poultry,"2,6-dimethylpyrazine",Bases,4.2,6.7
"PORK, UNCURED (fried and seasoned)",PORK,Meat & Poultry,2-ethyl-3-methylpyrazine,Bases,6.4,8.1
"PORK, UNCURED (fried and seasoned)",PORK,Meat & Poultry,2-ethyl-5-methylpyrazine,Bases,0.2,0.8
"PORK, UNCURED (fried and seasoned)",PORK,Meat & Poultry,2-ethyl-6-methylpyrazine,Bases,3.8,5.3
"PORK, UNCURED (fried and seasoned)",PORK,Meat & Poultry,2-methyl-5(or 6)-vinylpyrazine,Bases,trace,0.5
"PORK, UNCURED (fried and seasoned)",PORK,Meat & Poultry,"3-ethyl-2,5-dimethylpyrazine",Bases,9.3,12.5
"PORK, UNCURED (fried and seasoned)",PORK,Meat & Poultry,"2-ethyl-3,5-dimethylpyrazine",Bases,1.1,2.9
"PORK, UNCURED (fried and seasoned)",PORK,Meat & Poultry,"3,5-diethyl-2-methylpyrazine",Bases,0.1,0.5
"PORK, UNCURED (fried and seasoned)",PORK,Meat & Poultry,diethyl-methylpyrazine (unkn.str.),Bases,0.6,1.2
"PORK, UNCURED (fried and seasoned)",PORK,Meat & Poultry,tetramethylpyrazine,Bases,0.8,1.6
"PORK, CURED (raw)",PORK,Meat & Poultry,trimethylpentane (unkn.str.),Hydrocarbons,,
"PORK, CURED (raw)",PORK,Meat & Poultry,heptane,Hydrocarbons,,
"PORK, CURED (raw)",PORK,Meat & Poultry,4-methylheptane,Hydrocarbons,,
"PORK, CURED (raw)",PORK,Meat & Poultry,octane,Hydrocarbons,0.048,0.048
"PORK, CURED (raw)",PORK,Meat & Poultry,nonane,Hydrocarbons,,
"PORK, CURED (raw)",PORK,Meat & Poultry,decane,Hydrocarbons,,
"PORK, CURED (raw)",PORK,Meat & Poultry,3-methyldecane,Hydrocarbons,,
"PORK, CURED (raw)",PORK,Meat & Poultry,methyldecane (unkn.str.),Hydrocarbons,,
"PORK, CURED (raw)",PORK,Meat & Poultry,undecane,Hydrocarbons,,
"PORK, CURED (raw)",PORK,Meat & Poultry,dimethylundecane (unkn.str.),Hydrocarbons,,
"PORK, CURED (raw)",PORK,Meat & Poultry,dodecane,Hydrocarbons,,
"PORK, CURED (raw)",PORK,Meat & Poultry,tridecane,Hydrocarbons,,
"PORK, CURED (raw)",PORK,Meat & Poultry,tetradecane,Hydrocarbons,,
"PORK, CURED (raw)",PORK,Meat & Poultry,pentadecane,Hydrocarbons,,
"PORK, CURED (raw)",PORK,Meat & Poultry,hexadecane,Hydrocarbons,,
"PORK, CURED (raw)",PORK,Meat & Poultry,heptadecane,Hydrocarbons,,
"PORK, CURED (raw)",PORK,Meat & Poultry,octadecane,Hydrocarbons,,
"PORK, CURED (raw)",PORK,Meat & Poultry,nonadecane,Hydrocarbons,,
"PORK, CURED (raw)",PORK,Meat & Poultry,heneicosane,Hydrocarbons,,
"PORK, CURED (raw)",PORK,Meat & Poultry,docosane,Hydrocarbons,,
"PORK, CURED (raw)",PORK,Meat & Poultry,methylbenzene (=toluene),Hydrocarbons,,
"PORK, CURED (raw)",PORK,Meat & Poultry,ethylbenzene (=α-methyltoluene),Hydrocarbons,,
"PORK, CURED (raw)",PORK,Meat & Poultry,"1,2-dimethylbenzene (=o-xylene)",Hydrocarbons,,
"PORK, CURED (raw)",PORK,Meat & Poultry,"1,3-dimethylbenzene (=m-xylene)",Hydrocarbons,,
"PORK, CURED (raw)",PORK,Meat & Poultry,"1,2,4-trimethylbenzene (=pseudocumene)",Hydrocarbons,,
"PORK, CURED (raw)",PORK,Meat & Poultry,butoxy-ethoxyethanol (unkn.str.),Alcohols,,
"PORK, CURED (raw)",PORK,Meat & Poultry,2-methyl-1-butanol (=active amyl alcohol),Alcohols,,
"PORK, CURED (raw)",PORK,Meat & Poultry,3-methyl-1-butanol (=isoamyl alcohol),Alcohols,,
"PORK, CURED (raw)",PORK,Meat & Poultry,1-pentanol (=amyl alcohol),Alcohols,,
"PORK, CURED (raw)",PORK,Meat & Poultry,1-hexanol,Alcohols,,
"PORK, CURED (raw)",PORK,Meat & Poultry,1-heptanol,Alcohols,,
"PORK, CURED (raw)",PORK,Meat & Poultry,1-octanol,Alcohols,,
"PORK, CURED (raw)",PORK,Meat & Poultry,1-octen-3-ol,Alcohols,,
"PORK, CURED (raw)",PORK,Meat & Poultry,1-tetradecanol,Alcohols,,
"PORK, CURED (raw)",PORK,Meat & Poultry,farnesol,Alcohols,,
"PORK, CURED (raw)",PORK,Meat & Poultry,2-phenylethanol (=phenethyl alcohol),Alcohols,,
"PORK, CURED (raw)",PORK,Meat & Poultry,formaldehyde (=methanal),"Carbonyls, aldehydes",,
"PORK, CURED (raw)",PORK,Meat & Poultry,acetaldehyde (=ethanal),"Carbonyls, aldehydes",,
"PORK, CURED (raw)",PORK,Meat & Poultry,propanal (=propionaldehyde),"Carbonyls, aldehydes",,
"PORK, CURED (raw)",PORK,Meat & Poultry,butanal (=butyraldehyde),"Carbonyls, aldehydes",,
"PORK, CURED (raw)",PORK,Meat & Poultry,2-methylbutanal (=α-methylbutanal),"Carbonyls, aldehydes",,
"PORK, CURED (raw)",PORK,Meat & Poultry,"3-methylbutanal (=isopentanal, isovaleraldehyde)","Carbonyls, aldehydes",,
"PORK, CURED (raw)",PORK,Meat & Poultry,pentanal (=valeraldehyde),"Carbonyls, aldehydes",,
"PORK, CURED (raw)",PORK,Meat & Poultry,hexanal (=capronaldehyde),"Carbonyls, aldehydes",0.057,13
"PORK, CURED (raw)",PORK,Meat & Poultry,2-hexenal,"Carbonyls, aldehydes",,
"PORK, CURED (raw)",PORK,Meat & Poultry,heptanal,"Carbonyls, aldehydes",0.038,0.038
"PORK, CURED (raw)",PORK,Meat & Poultry,2-heptenal,"Carbonyls, aldehydes",,
"PORK, CURED (raw)",PORK,Meat & Poultry,"2,4-heptadienal","Carbonyls, aldehydes",,
"PORK, CURED (raw)",PORK,Meat & Poultry,octanal (=caprylaldehyde),"Carbonyls, aldehydes",,
"PORK, CURED (raw)",PORK,Meat & Poultry,2-octenal,"Carbonyls, aldehydes",,
"PORK, CURED (raw)",PORK,Meat & Poultry,nonanal (=pelargonaldehyde),"Carbonyls, aldehydes",0.104,0.104
"PORK, CURED (raw)",PORK,Meat & Poultry,2-nonenal,"Carbonyls, aldehydes",,
"PORK, CURED (raw)",PORK,Meat & Poultry,(E)-2-nonenal,"Carbonyls, aldehydes",,
"PORK, CURED (raw)",PORK,Meat & Poultry,"2,4-nonadienal","Carbonyls, aldehydes",,
"PORK, CURED (raw)",PORK,Meat & Poultry,decanal (=capraldehyde),"Carbonyls, aldehydes",,
"PORK, CURED (raw)",PORK,Meat & Poultry,2-decenal,"Carbonyls, aldehydes",,
"PORK, CURED (raw)",PORK,Meat & Poultry,"2,4-decadienal","Carbonyls, aldehydes",,
"PORK, CURED (raw)",PORK,Meat & Poultry,"(E,Z)-2,4-decadienal","Carbonyls, aldehydes",,
"PORK, CURED (raw)",PORK,Meat & Poultry,"(E,E)-2,4-decadienal","Carbonyls, aldehydes",,
"PORK, CURED (raw)",PORK,Meat & Poultry,undecanal,"Carbonyls, aldehydes",,
"PORK, CURED (raw)",PORK,Meat & Poultry,2-undecenal,"Carbonyls, aldehydes",,
"PORK, CURED (raw)",PORK,Meat & Poultry,"2,4-undecadienal","Carbonyls, aldehydes",,
"PORK, CURED (raw)",PORK,Meat & Poultry,dodecanal,"Carbonyls, aldehydes",,
"PORK, CURED (raw)",PORK,Meat & Poultry,2-dodecenal,"Carbonyls, aldehydes",,
"PORK, CURED (raw)",PORK,Meat & Poultry,"2,4-dodecadienal","Carbonyls, aldehydes",,
"PORK, CURED (raw)",PORK,Meat & Poultry,tetradecanal,"Carbonyls, aldehydes",,
"PORK, CURED (raw)",PORK,Meat & Poultry,pentadecanal,"Carbonyls, aldehydes",,
"PORK, CURED (raw)",PORK,Meat & Poultry,hexadecanal,"Carbonyls, aldehydes",,
"PORK, CURED (raw)",PORK,Meat & Poultry,octadecanal,"Carbonyls, aldehydes",,
"PORK, CURED (raw)",PORK,Meat & Poultry,9-octadecenal,"Carbonyls, aldehydes",,
"PORK, CURED (raw)",PORK,Meat & Poultry,octadecenal (unkn.str.),"Carbonyls, aldehydes",,
"PORK, CURED (raw)",PORK,Meat & Poultry,phenylacetaldehyde (=benzeneacetaldehyde),"Carbonyls, aldehydes",,
"PORK, CURED (raw)",PORK,Meat & Poultry,2-butanone (=ethyl methyl ketone),"Carbonyls, ketones",,
"PORK, CURED (raw)",PORK,Meat & Poultry,3-methyl-2-butanone,"Carbonyls, ketones",,
"PORK, CURED (raw)",PORK,Meat & Poultry,3-hydroxy-2-butanone (=acetoin),"Carbonyls, ketones",,
"PORK, CURED (raw)",PORK,Meat & Poultry,"2,3-butanedione (=diacetyl)","Carbonyls, ketones",,
"PORK, CURED (raw)",PORK,Meat & Poultry,"2,3-pentanedione (=acetylpropionyl)","Carbonyls, ketones",,
"PORK, CURED (raw)",PORK,Meat & Poultry,2-heptanone,"Carbonyls, ketones",,
"PORK, CURED (raw)",PORK,Meat & Poultry,2-octanone,"Carbonyls, ketones",,
"PORK, CURED (raw)",PORK,Meat & Poultry,2-methyl-3-octanone,"Carbonyls, ketones",,
"PORK, CURED (raw)",PORK,Meat & Poultry,"(E)-6,10-dimethyl-5,9-undecadien-2-one (=geranylacetone)","Carbonyls, ketones",,
"PORK, CURED (raw)",PORK,Meat & Poultry,hexanoic acid (=caproic acid),Acids,,
"PORK, CURED (raw)",PORK,Meat & Poultry,heptanoic acid (=enanthic acid),Acids,,
"PORK, CURED (raw)",PORK,Meat & Poultry,octanoic acid (=caprylic acid),Acids,,
"PORK, CURED (raw)",PORK,Meat & Poultry,nonanoic acid (=pelargonic acid),Acids,,
"PORK, CURED (raw)",PORK,Meat & Poultry,undecanoic acid,Acids,,
"PORK, CURED (raw)",PORK,Meat & Poultry,tetradecanoic acid (=myristic acid),Acids,,
"PORK, CURED (raw)",PORK,Meat & Poultry,pentadecanoic acid,Acids,,
"PORK, CURED (raw)",PORK,Meat & Poultry,hexadecanoic acid (=palmitic acid),Acids,,
"PORK, CURED (raw)",PORK,Meat & Poultry,9-hexadecenoic acid,Acids,,
"PORK, CURED (raw)",PORK,Meat & Poultry,(Z)-9-hexadecenoic acid (=palmitoleic acid),Acids,,
"PORK, CURED (raw)",PORK,Meat & Poultry,octadecanoic acid (=stearic acid),Acids,,
"PORK, CURED (raw)",PORK,Meat & Poultry,(Z)-9-octadecenoic acid (=oleic acid),Acids,,
"PORK, CURED (raw)",PORK,Meat & Poultry,"(Z,Z)-9,12-octadecadienoic acid (=linoleic acid)",Acids,,
"PORK, CURED (raw)",PORK,Meat & Poultry,"(Z,Z,Z)-9,12,15-octadecatrienoic acid (=linolenic acid)",Acids,,
"PORK, CURED (raw)",PORK,Meat & Poultry,ethyl 2-methylbutanoate,Esters,,
"PORK, CURED (raw)",PORK,Meat & Poultry,ethyl hexanoate (=ethyl caproate),Esters,,
"PORK, CURED (raw)",PORK,Meat & Poultry,ethyl octanoate (=ethyl caprylate),Esters,,
"PORK, CURED (raw)",PORK,Meat & Poultry,ethyl decanoate (=ethyl caprate),Esters,,
"PORK, CURED (raw)",PORK,Meat & Poultry,methyl hexadecanoate (=methyl palmitate),Esters,,
"PORK, CURED (raw)",PORK,Meat & Poultry,"4-hydroxybutanoic acid lactone (=dihydro-2(3H)-furanone, 4-butanolide, γ-butyrolactone)",Lactones,,
"PORK, CURED (raw)",PORK,Meat & Poultry,"4-hydroxypentanoic acid lactone (=γ-valerolactone, 4-pentanolide)",Lactones,,
"PORK, CURED (raw)",PORK,Meat & Poultry,"4-hydroxyhexanoic acid lactone (=γ-hexalactone, γ-caprolactone, 4-hexanolide)",Lactones,,
"PORK, CURED (raw)",PORK,Meat & Poultry,"4-hydroxyoctanoic acid lactone (=4-octanolide, γ-octalactone, 5-butyldihydro-2(3H)-furanone)",Lactones,,
"PORK, CURED (raw)",PORK,Meat & Poultry,"4-hydroxynonanoic acid lactone (=4-nonanolide, γ-nonalactone)",Lactones,,
"PORK, CURED (raw)",PORK,Meat & Poultry,methylamine,Bases,0.7,0.7
"PORK, CURED (raw)",PORK,Meat & Poultry,propylamine,Bases,0.1,0.1
"PORK, CURED (raw)",PORK,Meat & Poultry,isopropylamine,Bases,0.1,0.1
"PORK, CURED (raw)",PORK,Meat & Poultry,dimethylamine,Bases,0.2,0.2
"PORK, CURED (raw)",PORK,Meat & Poultry,diethylamine,Bases,trace,trace
"PORK, CURED (raw)",PORK,Meat & Poultry,trimethylamine,Bases,0.5,0.5
"PORK, CURED (raw)",PORK,Meat & Poultry,1-methyl-2-pyrrolidone,Bases,,
"PORK, CURED (raw)",PORK,Meat & Poultry,dimethylpyrazine (unkn.str.),Bases,,
"PORK, CURED (raw)",PORK,Meat & Poultry,3-(methylthio)-1-propanol (=methionol),Sulfur compounds,,
"PORK, CURED (raw)",PORK,Meat & Poultry,3-nitrosothiazolidine,Sulfur compounds,,
"PORK, CURED (raw)",PORK,Meat & Poultry,2-chloronaphthalene,Halogens,,
"PORK, CURED (raw)",PORK,Meat & Poultry,"2,6-di-tert-butyl-4-methyl-phenol (=B.H.T.)",Phenols,,
"PORK, CURED (raw)",PORK,Meat & Poultry,"2,4,6-trimethyl-1,3,5-trioxane (=paraldehyde)","(Ep)oxides, pyrans, coumarins",,
"PORK, CURED (boiled, cooked)",PORK,Meat & Poultry,pentane,Hydrocarbons,,
"PORK, CURED (boiled, cooked)",PORK,Meat & Poultry,hexane,Hydrocarbons,,
"PORK, CURED (boiled, cooked)",PORK,Meat & Poultry,heptane,Hydrocarbons,0.015,0.015
"PORK, CURED (boiled, cooked)",PORK,Meat & Poultry,1-heptene,Hydrocarbons,,
"PORK, CURED (boiled, cooked)",PORK,Meat & Poultry,octane,Hydrocarbons,0.022,0.022
"PORK, CURED (boiled, cooked)",PORK,Meat & Poultry,1-nonene,Hydrocarbons,,
"PORK, CURED (boiled, cooked)",PORK,Meat & Poultry,decane,Hydrocarbons,,
"PORK, CURED (boiled, cooked)",PORK,Meat & Poultry,undecane,Hydrocarbons,,
"PORK, CURED (boiled, cooked)",PORK,Meat & Poultry,dodecane,Hydrocarbons,,
"PORK, CURED (boiled, cooked)",PORK,Meat & Poultry,tridecane,Hydrocarbons,,
"PORK, CURED (boiled, cooked)",PORK,Meat & Poultry,tetradecane,Hydrocarbons,,
"PORK, CURED (boiled, cooked)",PORK,Meat & Poultry,pentadecane,Hydrocarbons,,
"PORK, CURED (boiled, cooked)",PORK,Meat & Poultry,hexadecane,Hydrocarbons,,
"PORK, CURED (boiled, cooked)",PORK,Meat & Poultry,heptadecane,Hydrocarbons,,
"PORK, CURED (boiled, cooked)",PORK,Meat & Poultry,octadecane,Hydrocarbons,,
"PORK, CURED (boiled, cooked)",PORK,Meat & Poultry,nonadecane,Hydrocarbons,,
"PORK, CURED (boiled, cooked)",PORK,Meat & Poultry,benzene,Hydrocarbons,,
"PORK, CURED (boiled, cooked)",PORK,Meat & Poultry,methylbenzene (=toluene),Hydrocarbons,,
"PORK, CURED (boiled, cooked)",PORK,Meat & Poultry,ethylbenzene (=α-methyltoluene),Hydrocarbons,,
"PORK, CURED (boiled, cooked)",PORK,Meat & Poultry,"1,2-dimethylbenzene (=o-xylene)",Hydrocarbons,,
"PORK, CURED (boiled, cooked)",PORK,Meat & Poultry,"1,3-dimethylbenzene (=m-xylene)",Hydrocarbons,,
"PORK, CURED (boiled, cooked)",PORK,Meat & Poultry,"1,4-dimethylbenzene (=p-xylene)",Hydrocarbons,,
"PORK, CURED (boiled, cooked)",PORK,Meat & Poultry,1-ethyl-4-methylbenzene (=p-ethyltoluene),Hydrocarbons,,
"PORK, CURED (boiled, cooked)",PORK,Meat & Poultry,"1,2,3-trimethylbenzene (=hemimellitene)",Hydrocarbons,,
"PORK, CURED (boiled, cooked)",PORK,Meat & Poultry,"1,2,4-trimethylbenzene (=pseudocumene)",Hydrocarbons,,
"PORK, CURED (boiled, cooked)",PORK,Meat & Poultry,"1,3,5-trimethylbenzene (=mesitylene)",Hydrocarbons,,
"PORK, CURED (boiled, cooked)",PORK,Meat & Poultry,trimethylbenzene (unkn.str.),Hydrocarbons,,
"PORK, CURED (boiled, cooked)",PORK,Meat & Poultry,naphthalene,Hydrocarbons,,
"PORK, CURED (boiled, cooked)",PORK,Meat & Poultry,methanol,Alcohols,,
"PORK, CURED (boiled, cooked)",PORK,Meat & Poultry,ethanol,Alcohols,,
"PORK, CURED (boiled, cooked)",PORK,Meat & Poultry,1-butanol,Alcohols,,
"PORK, CURED (boiled, cooked)",PORK,Meat & Poultry,3-methyl-2-buten-1-ol (=prenol),Alcohols,,
"PORK, CURED (boiled, cooked)",PORK,Meat & Poultry,1-pentanol (=amyl alcohol),Alcohols,,
"PORK, CURED (boiled, cooked)",PORK,Meat & Poultry,1-hexanol,Alcohols,,
"PORK, CURED (boiled, cooked)",PORK,Meat & Poultry,1-heptanol,Alcohols,,
"PORK, CURED (boiled, cooked)",PORK,Meat & Poultry,heptanol (unkn.str.),Alcohols,,
"PORK, CURED (boiled, cooked)",PORK,Meat & Poultry,1-octanol,Alcohols,,
"PORK, CURED (boiled, cooked)",PORK,Meat & Poultry,1-octen-3-ol,Alcohols,,
"PORK, CURED (boiled, cooked)",PORK,Meat & Poultry,1-nonanol,Alcohols,,
"PORK, CURED (boiled, cooked)",PORK,Meat & Poultry,1-decanol,Alcohols,,
"PORK, CURED (boiled, cooked)",PORK,Meat & Poultry,1-undecanol,Alcohols,,
"PORK, CURED (boiled, cooked)",PORK,Meat & Poultry,1-dodecanol,Alcohols,,
"PORK, CURED (boiled, cooked)",PORK,Meat & Poultry,ionol,Alcohols,,
"PORK, CURED (boiled, cooked)",PORK,Meat & Poultry,acetaldehyde (=ethanal),"Carbonyls, aldehydes",,
"PORK, CURED (boiled, cooked)",PORK,Meat & Poultry,propanal (=propionaldehyde),"Carbonyls, aldehydes",,
"PORK, CURED (boiled, cooked)",PORK,Meat & Poultry,2-propenal (=acrolein),"Carbonyls, aldehydes",,
"PORK, CURED (boiled, cooked)",PORK,Meat & Poultry,"2-methylpropanal (=isobutanal, isobutyraldehyde)","Carbonyls, aldehydes",,
"PORK, CURED (boiled, cooked)",PORK,Meat & Poultry,butanal (=butyraldehyde),"Carbonyls, aldehydes",,
"PORK, CURED (boiled, cooked)",PORK,Meat & Poultry,"3-methylbutanal (=isopentanal, isovaleraldehyde)","Carbonyls, aldehydes",,
"PORK, CURED (boiled, cooked)",PORK,Meat & Poultry,pentanal (=valeraldehyde),"Carbonyls, aldehydes",,
"PORK, CURED (boiled, cooked)",PORK,Meat & Poultry,hexanal (=capronaldehyde),"Carbonyls, aldehydes",0.076,0.076
"PORK, CURED (boiled, cooked)",PORK,Meat & Poultry,heptanal,"Carbonyls, aldehydes",0.03,0.03
"PORK, CURED (boiled, cooked)",PORK,Meat & Poultry,octanal (=caprylaldehyde),"Carbonyls, aldehydes",0.038,0.038
"PORK, CURED (boiled, cooked)",PORK,Meat & Poultry,nonanal (=pelargonaldehyde),"Carbonyls, aldehydes",0.03,0.03
"PORK, CURED (boiled, cooked)",PORK,Meat & Poultry,2-nonenal,"Carbonyls, aldehydes",,
"PORK, CURED (boiled, cooked)",PORK,Meat & Poultry,"2,4-nonadienal","Carbonyls, aldehydes",,
"PORK, CURED (boiled, cooked)",PORK,Meat & Poultry,decanal (=capraldehyde),"Carbonyls, aldehydes",,
"PORK, CURED (boiled, cooked)",PORK,Meat & Poultry,"2,4-decadienal","Carbonyls, aldehydes",,
"PORK, CURED (boiled, cooked)",PORK,Meat & Poultry,undecanal,"Carbonyls, aldehydes",,
"PORK, CURED (boiled, cooked)",PORK,Meat & Poultry,dodecanal,"Carbonyls, aldehydes",,
"PORK, CURED (boiled, cooked)",PORK,Meat & Poultry,tetradecanal,"Carbonyls, aldehydes",,
"PORK, CURED (boiled, cooked)",PORK,Meat & Poultry,hexadecanal,"Carbonyls, aldehydes",,
"PORK, CURED (boiled, cooked)",PORK,Meat & Poultry,octadecanal,"Carbonyls, aldehydes",,
"PORK, CURED (boiled, cooked)",PORK,Meat & Poultry,benzaldehyde,"Carbonyls, aldehydes",,
"PORK, CURED (boiled, cooked)",PORK,Meat & Poultry,vanillin (=4-hydroxy-3-methoxybenzaldehyde),"Carbonyls, aldehydes",,
"PORK, CURED (boiled, cooked)",PORK,Meat & Poultry,phenylacetaldehyde (=benzeneacetaldehyde),"Carbonyls, aldehydes",,
"PORK, CURED (boiled, cooked)",PORK,Meat & Poultry,3-hydroxy-2-butanone (=acetoin),"Carbonyls, ketones",,
"PORK, CURED (boiled, cooked)",PORK,Meat & Poultry,"2,3-pentanedione (=acetylpropionyl)","Carbonyls, ketones",,
"PORK, CURED (boiled, cooked)",PORK,Meat & Poultry,2-heptanone,"Carbonyls, ketones",,
"PORK, CURED (boiled, cooked)",PORK,Meat & Poultry,2-octanone,"Carbonyls, ketones",,
"PORK, CURED (boiled, cooked)",PORK,Meat & Poultry,2-nonanone,"Carbonyls, ketones",,
"PORK, CURED (boiled, cooked)",PORK,Meat & Poultry,pentadecanone (unkn.str.),"Carbonyls, ketones",,
"PORK, CURED (boiled, cooked)",PORK,Meat & Poultry,3-methyl-2-cyclopenten-1-one,"Carbonyls, ketones",,
"PORK, CURED (boiled, cooked)",PORK,Meat & Poultry,"3-methyl-1,2-cyclopentanedione (=cyclotene)","Carbonyls, ketones",,
"PORK, CURED (boiled, cooked)",PORK,Meat & Poultry,"3-ethyl-1,2-cyclopentanedione","Carbonyls, ketones",,
"PORK, CURED (boiled, cooked)",PORK,Meat & Poultry,"3,4-dimethyl-1,2-cyclopentanedione","Carbonyls, ketones",,
"PORK, CURED (boiled, cooked)",PORK,Meat & Poultry,"3,5-dimethyl-1,2-cyclopentanedione","Carbonyls, ketones",,
"PORK, CURED (boiled, cooked)",PORK,Meat & Poultry,cyclohexanone,"Carbonyls, ketones",,
"PORK, CURED (boiled, cooked)",PORK,Meat & Poultry,acetophenone (=1-phenylethanone),"Carbonyls, ketones",,
"PORK, CURED (boiled, cooked)",PORK,Meat & Poultry,acetovanillone,"Carbonyls, ketones",,
"PORK, CURED (boiled, cooked)",PORK,Meat & Poultry,acetic acid,Acids,,
"PORK, CURED (boiled, cooked)",PORK,Meat & Poultry,propanoic acid (=propionic acid),Acids,,
"PORK, CURED (boiled, cooked)",PORK,Meat & Poultry,2-methylpropanoic acid (=isobutyric acid),Acids,,
"PORK, CURED (boiled, cooked)",PORK,Meat & Poultry,butanoic acid (=butyric acid),Acids,,
"PORK, CURED (boiled, cooked)",PORK,Meat & Poultry,hexanoic acid (=caproic acid),Acids,,
"PORK, CURED (boiled, cooked)",PORK,Meat & Poultry,2-ethylhexanoic acid,Acids,,
"PORK, CURED (boiled, cooked)",PORK,Meat & Poultry,heptanoic acid (=enanthic acid),Acids,,
"PORK, CURED (boiled, cooked)",PORK,Meat & Poultry,octanoic acid (=caprylic acid),Acids,,
"PORK, CURED (boiled, cooked)",PORK,Meat & Poultry,nonanoic acid (=pelargonic acid),Acids,,
"PORK, CURED (boiled, cooked)",PORK,Meat & Poultry,decanoic acid (=capric acid),Acids,,
"PORK, CURED (boiled, cooked)",PORK,Meat & Poultry,ethyl acetate,Esters,,
"PORK, CURED (boiled, cooked)",PORK,Meat & Poultry,pentyl nitrate,Esters,0.0002,2
"PORK, CURED (boiled, cooked)",PORK,Meat & Poultry,hexyl nitrate,Esters,0.0005,7
"PORK, CURED (boiled, cooked)",PORK,Meat & Poultry,heptyl nitrate,Esters,0.0001,0.0008
"PORK, CURED (boiled, cooked)",PORK,Meat & Poultry,octyl nitrate,Esters,0.0015,20
"PORK, CURED (boiled, cooked)",PORK,Meat & Poultry,"4-hydroxypentanoic acid lactone (=γ-valerolactone, 4-pentanolide)",Lactones,,
"PORK, CURED (boiled, cooked)",PORK,Meat & Poultry,"4-hydroxyhexanoic acid lactone (=γ-hexalactone, γ-caprolactone, 4-hexanolide)",Lactones,,
"PORK, CURED (boiled, cooked)",PORK,Meat & Poultry,"5-hydroxyhexanoic acid lactone (=δ-caprolactone, δ-hexalactone)",Lactones,,
"PORK, CURED (boiled, cooked)",PORK,Meat & Poultry,5-hydroxyheptanoic acid lactone (=δ-heptalactone),Lactones,,
"PORK, CURED (boiled, cooked)",PORK,Meat & Poultry,"5-hydroxyoctanoic acid lactone (=5-octanolide, δ-octalactone)",Lactones,,
"PORK, CURED (boiled, cooked)",PORK,Meat & Poultry,"4-hydroxynonanoic acid lactone (=4-nonanolide, γ-nonalactone)",Lactones,,
"PORK, CURED (boiled, cooked)",PORK,Meat & Poultry,"5-hydroxynonanoic acid lactone (=5-nonanolide, δ-nonalactone)",Lactones,,
"PORK, CURED (boiled, cooked)",PORK,Meat & Poultry,ammonia,Bases,,
"PORK, CURED (boiled, cooked)",PORK,Meat & Poultry,2-methylpyridine (=α-picoline),Bases,,
"PORK, CURED (boiled, cooked)",PORK,Meat & Poultry,methylpyrazine,Bases,,
"PORK, CURED (boiled, cooked)",PORK,Meat & Poultry,"2,3-dimethylpyrazine",Bases,,
"PORK, CURED (boiled, cooked)",PORK,Meat & Poultry,"2,5-dimethylpyrazine",Bases,,
"PORK, CURED (boiled, cooked)",PORK,Meat & Poultry,"2,6-dimethylpyrazine",Bases,,
"PORK, CURED (boiled, cooked)",PORK,Meat & Poultry,methanethiol (=methyl mercaptan),Sulfur compounds,,
"PORK, CURED (boiled, cooked)",PORK,Meat & Poultry,2-methyl-3-pentanethiol,Sulfur compounds,,
"PORK, CURED (boiled, cooked)",PORK,Meat & Poultry,hydrogen sulfide,Sulfur compounds,,
"PORK, CURED (boiled, cooked)",PORK,Meat & Poultry,ethylene sulfide (=thiirane),Sulfur compounds,,
"PORK, CURED (boiled, cooked)",PORK,Meat & Poultry,ethyl methyl sulfide (=methylthioethane),Sulfur compounds,,
"PORK, CURED (boiled, cooked)",PORK,Meat & Poultry,diethyl sulfide (=ethylthioethane),Sulfur compounds,,
"PORK, CURED (boiled, cooked)",PORK,Meat & Poultry,methyl propyl sulfide (=1-(methylthio)propane),Sulfur compounds,,
"PORK, CURED (boiled, cooked)",PORK,Meat & Poultry,dimethyl disulfide (=methyldithiomethane),Sulfur compounds,,
"PORK, CURED (boiled, cooked)",PORK,Meat & Poultry,ethyl methyl disulfide (=methyldithioethane),Sulfur compounds,,
"PORK, CURED (boiled, cooked)",PORK,Meat & Poultry,"diethyl disulfide (=ethyldithioethane, 3,4-dithiahexane)",Sulfur compounds,,
"PORK, CURED (boiled, cooked)",PORK,Meat & Poultry,"dimethyl trisulfide (=2,3,4-trithiapentane, methyltrithiomethane)",Sulfur compounds,,
"PORK, CURED (boiled, cooked)",PORK,Meat & Poultry,thiophene,Sulfur compounds,,
"PORK, CURED (boiled, cooked)",PORK,Meat & Poultry,2-methylthiophene,Sulfur compounds,,
"PORK, CURED (boiled, cooked)",PORK,Meat & Poultry,"3,5-dimethyl-1,2,4-trithiolane",Sulfur compounds,,
"PORK, CURED (boiled, cooked)",PORK,Meat & Poultry,2-methylthiazole,Sulfur compounds,,
"PORK, CURED (boiled, cooked)",PORK,Meat & Poultry,benzothiazole,Sulfur compounds,,
"PORK, CURED (boiled, cooked)",PORK,Meat & Poultry,2-acetylthiazole,Sulfur compounds,,
"PORK, CURED (boiled, cooked)",PORK,Meat & Poultry,"1,4-dichlorobenzene",Halogens,,
"PORK, CURED (boiled, cooked)",PORK,Meat & Poultry,dichlorobenzene (unkn.str.),Halogens,,
"PORK, CURED (boiled, cooked)",PORK,Meat & Poultry,heptanenitrile,Nitriles and amides,3,3
"PORK, CURED (boiled, cooked)",PORK,Meat & Poultry,octanenitrile,Nitriles and amides,3,3
"PORK, CURED (boiled, cooked)",PORK,Meat & Poultry,nonanenitrile,Nitriles and amides,0.001,3
"PORK, CURED (boiled, cooked)",PORK,Meat & Poultry,dodecanenitrile,Nitriles and amides,trace,trace
"PORK, CURED (boiled, cooked)",PORK,Meat & Poultry,tridecanenitrile,Nitriles and amides,1,1
"PORK, CURED (boiled, cooked)",PORK,Meat & Poultry,pentadecanenitrile,Nitriles and amides,30,30
"PORK, CURED (boiled, cooked)",PORK,Meat & Poultry,hexadecanenitrile,Nitriles and amides,90,90
"PORK, CURED (boiled, cooked)",PORK,Meat & Poultry,benzonitrile,Nitriles and amides,0.0002,2
"PORK, CURED (boiled, cooked)",PORK,Meat & Poultry,"phenylacetonitrile (=benzyl cyanide, benzeneacetonitrile)",Nitriles and amides,trace,0.0004
"PORK, CURED (boiled, cooked)",PORK,Meat & Poultry,phenol (=hydroxybenzene),Phenols,,
"PORK, CURED (boiled, cooked)",PORK,Meat & Poultry,2-methylphenol (=o-cresol),Phenols,,
"PORK, CURED (boiled, cooked)",PORK,Meat & Poultry,3-methylphenol (=m-cresol),Phenols,,
"PORK, CURED (boiled, cooked)",PORK,Meat & Poultry,4-methylphenol (=p-cresol),Phenols,,
"PORK, CURED (boiled, cooked)",PORK,Meat & Poultry,2-ethylphenol,Phenols,,
"PORK, CURED (boiled, cooked)",PORK,Meat & Poultry,4-ethylphenol,Phenols,,
"PORK, CURED (boiled, cooked)",PORK,Meat & Poultry,"2,6-dimethylphenol",Phenols,,
"PORK, CURED (boiled, cooked)",PORK,Meat & Poultry,2-methoxyphenol (=guaiacol),Phenols,,
"PORK, CURED (boiled, cooked)",PORK,Meat & Poultry,"2-methoxy-4-methylphenol (=4-methylguaiacol, creosol)",Phenols,,
"PORK, CURED (boiled, cooked)",PORK,Meat & Poultry,2-methoxy-6-methylphenol (=6-methylguaiacol),Phenols,,
"PORK, CURED (boiled, cooked)",PORK,Meat & Poultry,4-ethyl-2-methoxyphenol (=4-ethylguaiacol),Phenols,,
"PORK, CURED (boiled, cooked)",PORK,Meat & Poultry,2-ethyl-6-methoxyphenol (=6-ethylguaiacol),Phenols,,
"PORK, CURED (boiled, cooked)",PORK,Meat & Poultry,2-methoxy-4-vinylphenol (=4-vinylguaiacol),Phenols,,
"PORK, CURED (boiled, cooked)",PORK,Meat & Poultry,4-isopropyl-2-methoxyphenol (=4-isopropylguaiacol),Phenols,,
"PORK, CURED (boiled, cooked)",PORK,Meat & Poultry,2-methoxy-4-propylphenol (=4-propylguaiacol),Phenols,,
"PORK, CURED (boiled, cooked)",PORK,Meat & Poultry,eugenol (=4-allyl-2-methoxyphenol),Phenols,,
"PORK, CURED (boiled, cooked)",PORK,Meat & Poultry,(Z)-isoeugenol (=(Z)-2-methoxy-4-(1-propenyl)-phenol),Phenols,,
"PORK, CURED (boiled, cooked)",PORK,Meat & Poultry,(E)-isoeugenol (=(E)-2-methoxy-4-(1-propenyl)-phenol),Phenols,,
"PORK, CURED (boiled, cooked)",PORK,Meat & Poultry,"2,6-dimethoxyphenol (=syringol)",Phenols,,
"PORK, CURED (boiled, cooked)",PORK,Meat & Poultry,"2,6-dimethoxy-4-methylphenol (=4-methylsyringol)",Phenols,,
"PORK, CURED (boiled, cooked)",PORK,Meat & Poultry,"4-ethyl-2,6-dimethoxyphenol (=4-ethylsyringol)",Phenols,,
"PORK, CURED (boiled, cooked)",PORK,Meat & Poultry,"2,6-dimethoxy-4-propylphenol (=4-propylsyringol)",Phenols,,
"PORK, CURED (boiled, cooked)",PORK,Meat & Poultry,furan,Furans,,
"PORK, CURED (boiled, cooked)",PORK,Meat & Poultry,2-methylfuran,Furans,,
"PORK, CURED (boiled, cooked)",PORK,Meat & Poultry,2-pentylfuran,Furans,,
"PORK, CURED (boiled, cooked)",PORK,Meat & Poultry,"furfural (=2-formylfuran, 2-furancarbaldehyde, 2-furaldehyde)",Furans,,
"PORK, CURED (boiled, cooked)",PORK,Meat & Poultry,"3,5-dimethyl-2(5H)-furanone",Furans,,
"PORK, CURED (boiled, cooked)",PORK,Meat & Poultry,"2,4,5-trimethyl-3(2H)-furanone",Furans,,
"PORK, CURED (boiled, cooked)",PORK,Meat & Poultry,"2-acetylfuran (=2-furyl methyl ketone, 1-(2-furyl)ethanone)",Furans,,
"PORK, CURED (boiled, cooked)",PORK,Meat & Poultry,"furfuryl alcohol (=(2-furyl)-methanol, 2-furanmethanol)",Furans,,
"PORK, CURED (fried)",PORK,Meat & Poultry,2-methylbutane (=isopentane),Hydrocarbons,,
"PORK, CURED (fried)",PORK,Meat & Poultry,3-ethyl-3-methylpentane,Hydrocarbons,,
"PORK, CURED (fried)",PORK,Meat & Poultry,heptane,Hydrocarbons,,
"PORK, CURED (fried)",PORK,Meat & Poultry,octane,Hydrocarbons,,
"PORK, CURED (fried)",PORK,Meat & Poultry,1-decyne,Hydrocarbons,,
"PORK, CURED (fried)",PORK,Meat & Poultry,undecane,Hydrocarbons,,
"PORK, CURED (fried)",PORK,Meat & Poultry,"2,5-dimethylundecane",Hydrocarbons,,
"PORK, CURED (fried)",PORK,Meat & Poultry,dodecane,Hydrocarbons,,
"PORK, CURED (fried)",PORK,Meat & Poultry,2-methyldodecane,Hydrocarbons,,
"PORK, CURED (fried)",PORK,Meat & Poultry,tridecane,Hydrocarbons,,
"PORK, CURED (fried)",PORK,Meat & Poultry,"4,8-dimethyltridecane",Hydrocarbons,,
"PORK, CURED (fried)",PORK,Meat & Poultry,tetradecane,Hydrocarbons,,
"PORK, CURED (fried)",PORK,Meat & Poultry,methylbenzene (=toluene),Hydrocarbons,,
"PORK, CURED (fried)",PORK,Meat & Poultry,isopropylbenzene (=cumene),Hydrocarbons,,
"PORK, CURED (fried)",PORK,Meat & Poultry,pentylbenzene,Hydrocarbons,,
"PORK, CURED (fried)",PORK,Meat & Poultry,"1,2-dimethylbenzene (=o-xylene)",Hydrocarbons,,
"PORK, CURED (fried)",PORK,Meat & Poultry,1-ethyl-4-methylbenzene (=p-ethyltoluene),Hydrocarbons,,
"PORK, CURED (fried)",PORK,Meat & Poultry,"1-ethyl-2,3-dimethylbenzene",Hydrocarbons,,
"PORK, CURED (fried)",PORK,Meat & Poultry,ethanol,Alcohols,,
"PORK, CURED (fried)",PORK,Meat & Poultry,2-ethoxyethanol (=ethylene glycol monoethyl ether),Alcohols,,
"PORK, CURED (fried)",PORK,Meat & Poultry,1-butanol,Alcohols,,
"PORK, CURED (fried)",PORK,Meat & Poultry,2-butanol (=sec-butanol),Alcohols,,
"PORK, CURED (fried)",PORK,Meat & Poultry,2-methyl-2-butanol (=tert-amyl alcohol),Alcohols,,
"PORK, CURED (fried)",PORK,Meat & Poultry,1-pentanol (=amyl alcohol),Alcohols,,
"PORK, CURED (fried)",PORK,Meat & Poultry,"2,2-dimethyl-1-pentanol",Alcohols,,
"PORK, CURED (fried)",PORK,Meat & Poultry,1-hexanol,Alcohols,,
"PORK, CURED (fried)",PORK,Meat & Poultry,2-ethyl-1-hexanol,Alcohols,,
"PORK, CURED (fried)",PORK,Meat & Poultry,1-heptanol,Alcohols,,
"PORK, CURED (fried)",PORK,Meat & Poultry,1-hepten-3-ol,Alcohols,,
"PORK, CURED (fried)",PORK,Meat & Poultry,1-octanol,Alcohols,,
"PORK, CURED (fried)",PORK,Meat & Poultry,1-octen-3-ol,Alcohols,,
"PORK, CURED (fried)",PORK,Meat & Poultry,1-octadecanol,Alcohols,,
"PORK, CURED (fried)",PORK,Meat & Poultry,benzyl alcohol (=benzenemethanol),Alcohols,,
"PORK, CURED (fried)",PORK,Meat & Poultry,2-methyl-3-phenyl-2-butanol,Alcohols,,
"PORK, CURED (fried)",PORK,Meat & Poultry,"2-methylpropanal (=isobutanal, isobutyraldehyde)","Carbonyls, aldehydes",,
"PORK, CURED (fried)",PORK,Meat & Poultry,2-methylbutanal (=α-methylbutanal),"Carbonyls, aldehydes",,
"PORK, CURED (fried)",PORK,Meat & Poultry,"3-methylbutanal (=isopentanal, isovaleraldehyde)","Carbonyls, aldehydes",,
"PORK, CURED (fried)",PORK,Meat & Poultry,2-methylpentanal,"Carbonyls, aldehydes",,
"PORK, CURED (fried)",PORK,Meat & Poultry,hexanal (=capronaldehyde),"Carbonyls, aldehydes",,
"PORK, CURED (fried)",PORK,Meat & Poultry,heptanal,"Carbonyls, aldehydes",,
"PORK, CURED (fried)",PORK,Meat & Poultry,undecanal,"Carbonyls, aldehydes",,
"PORK, CURED (fried)",PORK,Meat & Poultry,benzaldehyde,"Carbonyls, aldehydes",,
"PORK, CURED (fried)",PORK,Meat & Poultry,3-methyl-3-buten-2-one,"Carbonyls, ketones",,
"PORK, CURED (fried)",PORK,Meat & Poultry,3-hydroxy-2-butanone (=acetoin),"Carbonyls, ketones",,
"PORK, CURED (fried)",PORK,Meat & Poultry,(E)-3-penten-2-one,"Carbonyls, ketones",,
"PORK, CURED (fried)",PORK,Meat & Poultry,"3-oxopentanal (=1,3-pentanedione)","Carbonyls, ketones",,
"PORK, CURED (fried)",PORK,Meat & Poultry,3-hexanone,"Carbonyls, ketones",,
"PORK, CURED (fried)",PORK,Meat & Poultry,5-methyl-2-hexanone,"Carbonyls, ketones",,
"PORK, CURED (fried)",PORK,Meat & Poultry,2-heptanone,"Carbonyls, ketones",,
"PORK, CURED (fried)",PORK,Meat & Poultry,"2,5-heptanedione","Carbonyls, ketones",,
"PORK, CURED (fried)",PORK,Meat & Poultry,7-methyl-4-octanone,"Carbonyls, ketones",,
"PORK, CURED (fried)",PORK,Meat & Poultry,"2,3-dimethyl-2-cyclopenten-1-one","Carbonyls, ketones",,
"PORK, CURED (fried)",PORK,Meat & Poultry,"3-methyl-1,2-cyclopentanedione (=cyclotene)","Carbonyls, ketones",,
"PORK, CURED (fried)",PORK,Meat & Poultry,acetovanillone,"Carbonyls, ketones",,
"PORK, CURED (fried)",PORK,Meat & Poultry,acetic acid,Acids,,
"PORK, CURED (fried)",PORK,Meat & Poultry,2-methylbutanoic acid,Acids,,
"PORK, CURED (fried)",PORK,Meat & Poultry,pentanoic acid (=valeric acid),Acids,,
"PORK, CURED (fried)",PORK,Meat & Poultry,heptanoic acid (=enanthic acid),Acids,,
"PORK, CURED (fried)",PORK,Meat & Poultry,4-hydroxy-3-methoxybenzoic acid (=vanillic acid),Acids,,
"PORK, CURED (fried)",PORK,Meat & Poultry,pentyl formate,Esters,,
"PORK, CURED (fried)",PORK,Meat & Poultry,ethyl acetate,Esters,,
"PORK, CURED (fried)",PORK,Meat & Poultry,"1,1-dimethylpropyl acetate",Esters,,
"PORK, CURED (fried)",PORK,Meat & Poultry,1-methyl-1-propenyl acetate (=2-acetoxy-2-butene),Esters,,
"PORK, CURED (fried)",PORK,Meat & Poultry,"2-oxopropyl acetate (=acetol acetate, 1-acetoxyacetone, acetonyl acetate)",Esters,,
"PORK, CURED (fried)",PORK,Meat & Poultry,pentyl acetate (=amyl acetate),Esters,,
"PORK, CURED (fried)",PORK,Meat & Poultry,"isopentyl acetate (=3-methylbutyl acetate, isoamyl acetate)",Esters,,
"PORK, CURED (fried)",PORK,Meat & Poultry,dibutyl phthalate,Esters,,
"PORK, CURED (fried)",PORK,Meat & Poultry,pentyl nitrate,Esters,15,15
"PORK, CURED (fried)",PORK,Meat & Poultry,hexyl nitrate,Esters,4,4
"PORK, CURED (fried)",PORK,Meat & Poultry,heptyl nitrate,Esters,30,30
"PORK, CURED (fried)",PORK,Meat & Poultry,octyl nitrate,Esters,30,30
"PORK, CURED (fried)",PORK,Meat & Poultry,isopentylamine,Bases,,
"PORK, CURED (fried)",PORK,Meat & Poultry,1-methyl-2-pyrrolecarbaldehyde (=2-formyl-1-methylpyrrole),Bases,,
"PORK, CURED (fried)",PORK,Meat & Poultry,5-methyl-2-pyrrolecarbaldehyde (=2-formyl-5-methylpyrrole),Bases,,
"PORK, CURED (fried)",PORK,Meat & Poultry,2-acetylpyrrole (=methyl 2-pyrrolyl ketone),Bases,,
"PORK, CURED (fried)",PORK,Meat & Poultry,indole,Bases,,
"PORK, CURED (fried)",PORK,Meat & Poultry,pyridine,Bases,,
"PORK, CURED (fried)",PORK,Meat & Poultry,2-methylpyridine (=α-picoline),Bases,,
"PORK, CURED (fried)",PORK,Meat & Poultry,4-methylpyridine (=γ-picoline),Bases,,
"PORK, CURED (fried)",PORK,Meat & Poultry,3-methoxypyridine,Bases,,
"PORK, CURED (fried)",PORK,Meat & Poultry,pyrazine,Bases,,
"PORK, CURED (fried)",PORK,Meat & Poultry,methylpyrazine,Bases,,
"PORK, CURED (fried)",PORK,Meat & Poultry,"2,3-dimethylpyrazine",Bases,,
"PORK, CURED (fried)",PORK,Meat & Poultry,"2,5-dimethylpyrazine",Bases,,
"PORK, CURED (fried)",PORK,Meat & Poultry,"2,6-dimethylpyrazine",Bases,,
"PORK, CURED (fried)",PORK,Meat & Poultry,2-ethyl-3-methylpyrazine,Bases,,
"PORK, CURED (fried)",PORK,Meat & Poultry,2-ethyl-5-methylpyrazine,Bases,,
"PORK, CURED (fried)",PORK,Meat & Poultry,2-ethyl-6-methylpyrazine,Bases,,
"PORK, CURED (fried)",PORK,Meat & Poultry,2-isobutyl-3-methylpyrazine,Bases,,
"PORK, CURED (fried)",PORK,Meat & Poultry,"2,5-diethylpyrazine",Bases,,
"PORK, CURED (fried)",PORK,Meat & Poultry,2-ethyl-6-vinylpyrazine,Bases,,
"PORK, CURED (fried)",PORK,Meat & Poultry,trimethylpyrazine,Bases,,
"PORK, CURED (fried)",PORK,Meat & Poultry,"5-ethyl-2,3-dimethylpyrazine",Bases,,
"PORK, CURED (fried)",PORK,Meat & Poultry,"3-ethyl-2,5-dimethylpyrazine",Bases,,
"PORK, CURED (fried)",PORK,Meat & Poultry,"2,3-diethyl-5-methylpyrazine",Bases,,
"PORK, CURED (fried)",PORK,Meat & Poultry,"2,5-diethyl-3-methylpyrazine",Bases,,
"PORK, CURED (fried)",PORK,Meat & Poultry,"3,5-diethyl-2-methylpyrazine",Bases,,
"PORK, CURED (fried)",PORK,Meat & Poultry,tetramethylpyrazine,Bases,,
"PORK, CURED (fried)",PORK,Meat & Poultry,ethyl-trimethylpyrazine,Bases,,
"PORK, CURED (fried)",PORK,Meat & Poultry,2-acetyl-3-methylpyrazine,Bases,,
"PORK, CURED (fried)",PORK,Meat & Poultry,2-acetyl-5-methylpyrazine,Bases,,
"PORK, CURED (fried)",PORK,Meat & Poultry,"5,6,7,8-tetrahydroquinoxaline",Bases,,
"PORK, CURED (fried)",PORK,Meat & Poultry,4-methoxyphenyl methyl sulfide (=p-methoxythioanisole),Sulfur compounds,,
"PORK, CURED (fried)",PORK,Meat & Poultry,"4-ethyl-2,5-dimethylthiazole",Sulfur compounds,,
"PORK, CURED (fried)",PORK,Meat & Poultry,"2-isopropyl-4,5-dimethylthiazole",Sulfur compounds,,
"PORK, CURED (fried)",PORK,Meat & Poultry,"2-butyl-4,5-dimethylthiazole",Sulfur compounds,,
"PORK, CURED (fried)",PORK,Meat & Poultry,"1,1-diethoxy-3-methylbutane",Acetals,,
"PORK, CURED (fried)",PORK,Meat & Poultry,allyl ethyl ether (=3-ethoxy-1-propene),Ethers,,
"PORK, CURED (fried)",PORK,Meat & Poultry,butyl ethyl ether,Ethers,,
"PORK, CURED (fried)",PORK,Meat & Poultry,dichlorobenzene (unkn.str.),Halogens,,
"PORK, CURED (fried)",PORK,Meat & Poultry,bromo-trichloromethane,Halogens,,
"PORK, CURED (fried)",PORK,Meat & Poultry,1-acetyl-2-chloropyrrole,Halogens,,
"PORK, CURED (fried)",PORK,Meat & Poultry,1-acetyl-2-bromopyrrole,Halogens,,
"PORK, CURED (fried)",PORK,Meat & Poultry,4-chlorophenol,Halogens,,
"PORK, CURED (fried)",PORK,Meat & Poultry,4-methylpentanenitrile,Nitriles and amides,,
"PORK, CURED (fried)",PORK,Meat & Poultry,hexanenitrile,Nitriles and amides,25,25
"PORK, CURED (fried)",PORK,Meat & Poultry,heptanenitrile,Nitriles and amides,10,10
"PORK, CURED (fried)",PORK,Meat & Poultry,octanenitrile,Nitriles and amides,trace,trace
"PORK, CURED (fried)",PORK,Meat & Poultry,nonanenitrile,Nitriles and amides,1,1
"PORK, CURED (fried)",PORK,Meat & Poultry,tetradecanenitrile,Nitriles and amides,8,8
"PORK, CURED (fried)",PORK,Meat & Poultry,pentadecanenitrile,Nitriles and amides,15,15
"PORK, CURED (fried)",PORK,Meat & Poultry,benzonitrile,Nitriles and amides,1,1
"PORK, CURED (fried)",PORK,Meat & Poultry,"phenylacetonitrile (=benzyl cyanide, benzeneacetonitrile)",Nitriles and amides,trace,trace
"PORK, CURED (fried)",PORK,Meat & Poultry,butyl isocyanate,Nitriles and amides,,
"PORK, CURED (fried)",PORK,Meat & Poultry,phenol (=hydroxybenzene),Phenols,,
"PORK, CURED (fried)",PORK,Meat & Poultry,2-methylphenol (=o-cresol),Phenols,,
"PORK, CURED (fried)",PORK,Meat & Poultry,3-methylphenol (=m-cresol),Phenols,,
"PORK, CURED (fried)",PORK,Meat & Poultry,4-methylphenol (=p-cresol),Phenols,,
"PORK, CURED (fried)",PORK,Meat & Poultry,"3,5-dimethylphenol (=3,5-xylenol)",Phenols,,
"PORK, CURED (fried)",PORK,Meat & Poultry,2-methoxyphenol (=guaiacol),Phenols,,
"PORK, CURED (fried)",PORK,Meat & Poultry,"2-methoxy-4-methylphenol (=4-methylguaiacol, creosol)",Phenols,,
"PORK, CURED (fried)",PORK,Meat & Poultry,2-butylfuran,Furans,,
"PORK, CURED (fried)",PORK,Meat & Poultry,2-pentylfuran,Furans,,
"PORK, CURED (fried)",PORK,Meat & Poultry,"2,4-dimethylfuran",Furans,,
"PORK, CURED (fried)",PORK,Meat & Poultry,"2,3,4-trimethylfuran",Furans,,
"PORK, CURED (fried)",PORK,Meat & Poultry,"furfural (=2-formylfuran, 2-furancarbaldehyde, 2-furaldehyde)",Furans,,
"PORK, CURED (fried)",PORK,Meat & Poultry,"3-furancarbaldehyde (=3-formylfuran, 3-furaldehyde)",Furans,,
"PORK, CURED (fried)",PORK,Meat & Poultry,2-methyldihydro-3(2H)-furanone,Furans,,
"PORK, CURED (fried)",PORK,Meat & Poultry,"2-acetylfuran (=2-furyl methyl ketone, 1-(2-furyl)ethanone)",Furans,,
"PORK, CURED (fried)",PORK,Meat & Poultry,2-acetyl-5-methylfuran,Furans,,
"PORK, CURED (fried)",PORK,Meat & Poultry,"furfuryl alcohol (=(2-furyl)-methanol, 2-furanmethanol)",Furans,,
"PORK, CURED (fried)",PORK,Meat & Poultry,2-furancarboxylic acid (=2-furoic acid),Furans,,
"PORK, CURED (fried)",PORK,Meat & Poultry,ethyl 2-furancarboxylate (=ethyl 2-furoate),Furans,,
"PORK, CURED (fried)",PORK,Meat & Poultry,"2,4,6-trimethyl-1,3,5-trioxane (=paraldehyde)","(Ep)oxides, pyrans, coumarins",,
"PORK, CURED (fried)",PORK,Meat & Poultry,"2,4-dimethyl-3-oxazoline",Oxazol(in)es,,
"PORK, CURED (fried)",PORK,Meat & Poultry,"4,5-dimethyloxazole",Oxazol(in)es,,
"PORK, CURED (fried)",PORK,Meat & Poultry,"2-isopropyl-4,5-dimethyloxazole",Oxazol(in)es,,
"PORK, CURED (smoked)",PORK,Meat & Poultry,pentane,Hydrocarbons,,
"PORK, CURED (smoked)",PORK,Meat & Poultry,hexane,Hydrocarbons,,
"PORK, CURED (smoked)",PORK,Meat & Poultry,2-methylhexane,Hydrocarbons,,
"PORK, CURED (smoked)",PORK,Meat & Poultry,3-methylhexane,Hydrocarbons,,
"PORK, CURED (smoked)",PORK,Meat & Poultry,heptane,Hydrocarbons,,
"PORK, CURED (smoked)",PORK,Meat & Poultry,octane,Hydrocarbons,,
"PORK, CURED (smoked)",PORK,Meat & Poultry,β-myrcene (=myrcene),Hydrocarbons,,
"PORK, CURED (smoked)",PORK,Meat & Poultry,α-phellandrene,Hydrocarbons,,
"PORK, CURED (smoked)",PORK,Meat & Poultry,limonene,Hydrocarbons,,
"PORK, CURED (smoked)",PORK,Meat & Poultry,α-pinene,Hydrocarbons,,
"PORK, CURED (smoked)",PORK,Meat & Poultry,β-pinene,Hydrocarbons,,
"PORK, CURED (smoked)",PORK,Meat & Poultry,sabinene (=4(10)-thujene),Hydrocarbons,,
"PORK, CURED (smoked)",PORK,Meat & Poultry,3-carene,Hydrocarbons,,
"PORK, CURED (smoked)",PORK,Meat & Poultry,benzene,Hydrocarbons,,
"PORK, CURED (smoked)",PORK,Meat & Poultry,methylbenzene (=toluene),Hydrocarbons,,
"PORK, CURED (smoked)",PORK,Meat & Poultry,ethanol,Alcohols,,
"PORK, CURED (smoked)",PORK,Meat & Poultry,2-methyl-1-propanol (=isobutanol),Alcohols,,
"PORK, CURED (smoked)",PORK,Meat & Poultry,3-methyl-1-butanol (=isoamyl alcohol),Alcohols,,
"PORK, CURED (smoked)",PORK,Meat & Poultry,"3-methylbutanal (=isopentanal, isovaleraldehyde)","Carbonyls, aldehydes",,
"PORK, CURED (smoked)",PORK,Meat & Poultry,"acetone (=2-propanone, dimethyl ketone)","Carbonyls, ketones",,
"PORK, CURED (smoked)",PORK,Meat & Poultry,2-butanone (=ethyl methyl ketone),"Carbonyls, ketones",,
"PORK, CURED (smoked)",PORK,Meat & Poultry,cyclopentanone,"Carbonyls, ketones",,
"PORK, CURED (smoked)",PORK,Meat & Poultry,3-methylcyclopentanone,"Carbonyls, ketones",,
"PORK, CURED (smoked)",PORK,Meat & Poultry,"3-methyl-1,2-cyclopentanedione (=cyclotene)","Carbonyls, ketones",,
"PORK, CURED (smoked)",PORK,Meat & Poultry,ethyl propanoate,Esters,,
"PORK, CURED (smoked)",PORK,Meat & Poultry,diethyl ether,Ethers,,
"PORK, CURED (smoked)",PORK,Meat & Poultry,phenol (=hydroxybenzene),Phenols,0.14,1.06
"PORK, CURED (smoked)",PORK,Meat & Poultry,2-methylphenol (=o-cresol),Phenols,<0.1,0.19
"PORK, CURED (smoked)",PORK,Meat & Poultry,3-methylphenol (=m-cresol),Phenols,<0.1,0.61
"PORK, CURED (smoked)",PORK,Meat & Poultry,4-methylphenol (=p-cresol),Phenols,<0.1,0.25
"PORK, CURED (smoked)",PORK,Meat & Poultry,methylphenol (unkn.str.) (=cresol (unkn.str.)),Phenols,,
"PORK, CURED (smoked)",PORK,Meat & Poultry,2-methoxyphenol (=guaiacol),Phenols,<0.1,1.58
"PORK, CURED (smoked)",PORK,Meat & Poultry,"2-methoxy-4-methylphenol (=4-methylguaiacol, creosol)",Phenols,,
"PORK, CURED (smoked)",PORK,Meat & Poultry,4-ethyl-2-methoxyphenol (=4-ethylguaiacol),Phenols,,
"PORK, CURED (smoked)",PORK,Meat & Poultry,2-methoxy-4-vinylphenol (=4-vinylguaiacol),Phenols,,
"PORK, CURED (smoked)",PORK,Meat & Poultry,2-methoxy-4-propylphenol (=4-propylguaiacol),Phenols,,
"PORK, CURED (smoked)",PORK,Meat & Poultry,eugenol (=4-allyl-2-methoxyphenol),Phenols,,
"PORK, CURED (smoked)",PORK,Meat & Poultry,(Z)-isoeugenol (=(Z)-2-methoxy-4-(1-propenyl)-phenol),Phenols,,
"PORK, CURED (smoked)",PORK,Meat & Poultry,(E)-isoeugenol (=(E)-2-methoxy-4-(1-propenyl)-phenol),Phenols,,
"PORK, CURED (smoked)",PORK,Meat & Poultry,"2,6-dimethoxyphenol (=syringol)",Phenols,0.21,14
"PORK, CURED (smoked)",PORK,Meat & Poultry,"2,6-dimethoxy-4-methylphenol (=4-methylsyringol)",Phenols,,
"PORK, CURED (smoked)",PORK,Meat & Poultry,"4-ethyl-2,6-dimethoxyphenol (=4-ethylsyringol)",Phenols,,
"PORK, CURED (smoked)",PORK,Meat & Poultry,"2,6-dimethoxy-4-propylphenol (=4-propylsyringol)",Phenols,,
"PORK, CURED (smoked)",PORK,Meat & Poultry,"4-allyl-2,6-dimethoxyphenol (=5-methoxyeugenol)",Phenols,,
"PORK, CURED (smoked)",PORK,Meat & Poultry,"2,6-dimethoxy-4-propenylphenol (unkn.str.) (=4-propenyl-syringol (unkn.str.))",Phenols,,
"PORK, CURED (smoked)",PORK,Meat & Poultry,furan,Furans,,
"PORK, CURED (smoked)",PORK,Meat & Poultry,2-methylfuran,Furans,,
"PORK, CURED (smoked)",PORK,Meat & Poultry,"furfuryl alcohol (=(2-furyl)-methanol, 2-furanmethanol)",Furans,,
HOP OIL,,Miscellaneous,2-methyl-1-propene,Hydrocarbons,,
HOP OIL,,Miscellaneous,2-methyl-2-butene,Hydrocarbons,,
HOP OIL,,Miscellaneous,"2-methyl-1,3-butadiene (=isoprene)",Hydrocarbons,,
HOP OIL,,Miscellaneous,pentane,Hydrocarbons,,
HOP OIL,,Miscellaneous,"2,6-dimethyl-2,5-heptadiene",Hydrocarbons,,
HOP OIL,,Miscellaneous,octane,Hydrocarbons,,
HOP OIL,,Miscellaneous,undecane,Hydrocarbons,,
HOP OIL,,Miscellaneous,dodecane,Hydrocarbons,,
HOP OIL,,Miscellaneous,tridecane,Hydrocarbons,,
HOP OIL,,Miscellaneous,tetradecane,Hydrocarbons,,
HOP OIL,,Miscellaneous,pentadecane,Hydrocarbons,,
HOP OIL,,Miscellaneous,hexadecane,Hydrocarbons,,
HOP OIL,,Miscellaneous,heptadecane,Hydrocarbons,,
HOP OIL,,Miscellaneous,octadecane,Hydrocarbons,,
HOP OIL,,Miscellaneous,nonadecane,Hydrocarbons,,
HOP OIL,,Miscellaneous,β-ocimene,Hydrocarbons,<400,3600
HOP OIL,,Miscellaneous,(Z)-β-ocimene,Hydrocarbons,200,200
HOP OIL,,Miscellaneous,(E)-β-ocimene,Hydrocarbons,1,9500
HOP OIL,,Miscellaneous,β-myrcene (=myrcene),Hydrocarbons,1049,734100
HOP OIL,,Miscellaneous,"(E,E)-α-farnesene (=α-farnesene)",Hydrocarbons,,
HOP OIL,,Miscellaneous,β-farnesene,Hydrocarbons,0,161900
HOP OIL,,Miscellaneous,farnesene (unkn.str.),Hydrocarbons,0,8800
HOP OIL,,Miscellaneous,"1,5,5-trimethyl-1,3-cyclohexadiene",Hydrocarbons,,
HOP OIL,,Miscellaneous,α-phellandrene,Hydrocarbons,100,100
HOP OIL,,Miscellaneous,β-phellandrene,Hydrocarbons,200,200
HOP OIL,,Miscellaneous,γ-terpinene,Hydrocarbons,3800,3800
HOP OIL,,Miscellaneous,terpinolene,Hydrocarbons,100,100
HOP OIL,,Miscellaneous,limonene,Hydrocarbons,9,5400
HOP OIL,,Miscellaneous,(4R)-(+)-limonene,Hydrocarbons,,
HOP OIL,,Miscellaneous,(4S)-(-)-limonene,Hydrocarbons,,
HOP OIL,,Miscellaneous,β-sesquiphellandrene,Hydrocarbons,,
HOP OIL,,Miscellaneous,β-elemene,Hydrocarbons,200,200
HOP OIL,,Miscellaneous,γ-elemene,Hydrocarbons,,
HOP OIL,,Miscellaneous,α-bisabolene,Hydrocarbons,7,30200
HOP OIL,,Miscellaneous,β-bisabolene,Hydrocarbons,41,2000
HOP OIL,,Miscellaneous,zingiberene,Hydrocarbons,,
HOP OIL,,Miscellaneous,ar-curcumene,Hydrocarbons,,
HOP OIL,,Miscellaneous,m-camphorene,Hydrocarbons,,
HOP OIL,,Miscellaneous,p-camphorene,Hydrocarbons,,
HOP OIL,,Miscellaneous,germacrene B,Hydrocarbons,,
HOP OIL,,Miscellaneous,germacrene D,Hydrocarbons,0,3600
HOP OIL,,Miscellaneous,α-humulene (=humulene),Hydrocarbons,1020,417200
HOP OIL,,Miscellaneous,β-humulene,Hydrocarbons,,
HOP OIL,,Miscellaneous,α-pinene,Hydrocarbons,2,3800
HOP OIL,,Miscellaneous,(1R)-α-pinene,Hydrocarbons,,
HOP OIL,,Miscellaneous,(1S)-α-pinene,Hydrocarbons,,
HOP OIL,,Miscellaneous,β-pinene,Hydrocarbons,6,18000
HOP OIL,,Miscellaneous,(1R)-β-pinene,Hydrocarbons,,
HOP OIL,,Miscellaneous,(1S)-β-pinene,Hydrocarbons,,
HOP OIL,,Miscellaneous,camphene,Hydrocarbons,200,200
HOP OIL,,Miscellaneous,sabinene (=4(10)-thujene),Hydrocarbons,2,13900
HOP OIL,,Miscellaneous,3-carene,Hydrocarbons,,
HOP OIL,,Miscellaneous,cis-α-bergamotene,Hydrocarbons,300,300
HOP OIL,,Miscellaneous,trans-α-bergamotene,Hydrocarbons,11,10000
HOP OIL,,Miscellaneous,α-amorphene,Hydrocarbons,,
HOP OIL,,Miscellaneous,α-cadinene,Hydrocarbons,0,6100
HOP OIL,,Miscellaneous,γ-cadinene,Hydrocarbons,0,12100
HOP OIL,,Miscellaneous,δ-cadinene,Hydrocarbons,1,36800
HOP OIL,,Miscellaneous,"1,4-cadinadiene",Hydrocarbons,4800,4800
HOP OIL,,Miscellaneous,α-muurolene,Hydrocarbons,28,5000
HOP OIL,,Miscellaneous,γ-muurolene,Hydrocarbons,48,18900
HOP OIL,,Miscellaneous,"α-selinene (=5β,7α,10α-selina-3,11-diene)",Hydrocarbons,0,70100
HOP OIL,,Miscellaneous,"β-selinene (=4(14),11-selinadiene)",Hydrocarbons,0,60700
HOP OIL,,Miscellaneous,"γ-selinene (=4(14),7(11)-selinadiene)",Hydrocarbons,,
HOP OIL,,Miscellaneous,δ-selinene,Hydrocarbons,,
HOP OIL,,Miscellaneous,selinene (unkn.str.),Hydrocarbons,,
HOP OIL,,Miscellaneous,"3,7(11)-selinadiene",Hydrocarbons,,
HOP OIL,,Miscellaneous,"4,11-selinadiene",Hydrocarbons,0,9000
HOP OIL,,Miscellaneous,selinadiene (unkn.str.),Hydrocarbons,,
HOP OIL,,Miscellaneous,α-guaiene,Hydrocarbons,0,57
HOP OIL,,Miscellaneous,δ-guaiene (=α-bulnesene),Hydrocarbons,,
HOP OIL,,Miscellaneous,bicyclogermacrene,Hydrocarbons,,
HOP OIL,,Miscellaneous,β-caryophyllene,Hydrocarbons,569,149000
HOP OIL,,Miscellaneous,γ-caryophyllene (=isocaryophyllene),Hydrocarbons,,
HOP OIL,,Miscellaneous,α-cubebene,Hydrocarbons,900,900
HOP OIL,,Miscellaneous,β-cubebene,Hydrocarbons,200,200
HOP OIL,,Miscellaneous,α-copaene (=copaene),Hydrocarbons,17,9500
HOP OIL,,Miscellaneous,β-copaene,Hydrocarbons,,
HOP OIL,,Miscellaneous,α-ylangene (=ylangene),Hydrocarbons,5,2700
HOP OIL,,Miscellaneous,β-bourbonene,Hydrocarbons,,
HOP OIL,,Miscellaneous,aromadendrene,Hydrocarbons,0,71
HOP OIL,,Miscellaneous,alloaromadendrene,Hydrocarbons,900,34800
HOP OIL,,Miscellaneous,α-gurjunene,Hydrocarbons,,
HOP OIL,,Miscellaneous,1-isopropyl-4-methylbenzene (=p-cymene),Hydrocarbons,,
HOP OIL,,Miscellaneous,calamene,Hydrocarbons,,
HOP OIL,,Miscellaneous,calamenene,Hydrocarbons,0,5700
HOP OIL,,Miscellaneous,α-calacorene,Hydrocarbons,0,8400
HOP OIL,,Miscellaneous,γ-calacorene,Hydrocarbons,,
HOP OIL,,Miscellaneous,calacorene (unkn.str.),Hydrocarbons,100,100
HOP OIL,,Miscellaneous,α-corocalene,Hydrocarbons,,
HOP OIL,,Miscellaneous,"4-isopropyl-1,6-dimethylnaphthalene (=cadalene)",Hydrocarbons,,
HOP OIL,,Miscellaneous,viridiflorene (=ledene),Hydrocarbons,,
HOP OIL,,Miscellaneous,2-butoxyethanol,Alcohols,,
HOP OIL,,Miscellaneous,2-propanol (=isopropyl alcohol),Alcohols,,
HOP OIL,,Miscellaneous,2-methyl-1-propanol (=isobutanol),Alcohols,,
HOP OIL,,Miscellaneous,1-butanol,Alcohols,,
HOP OIL,,Miscellaneous,2-methyl-1-butanol (=active amyl alcohol),Alcohols,0,6700
HOP OIL,,Miscellaneous,3-methyl-1-butanol (=isoamyl alcohol),Alcohols,,
HOP OIL,,Miscellaneous,3-methyl-2-buten-1-ol (=prenol),Alcohols,0,2900
HOP OIL,,Miscellaneous,2-methyl-3-buten-2-ol,Alcohols,2700,9700
HOP OIL,,Miscellaneous,1-pentanol (=amyl alcohol),Alcohols,,
HOP OIL,,Miscellaneous,2-pentanol,Alcohols,,
HOP OIL,,Miscellaneous,1-penten-3-ol,Alcohols,,
HOP OIL,,Miscellaneous,4-methyl-1-pentanol,Alcohols,,
HOP OIL,,Miscellaneous,4-methyl-3-penten-1-ol,Alcohols,,
HOP OIL,,Miscellaneous,1-hexanol,Alcohols,,
HOP OIL,,Miscellaneous,2-hexen-1-ol,Alcohols,,
HOP OIL,,Miscellaneous,(Z)-2-hexen-1-ol,Alcohols,,
HOP OIL,,Miscellaneous,(E)-3-hexen-1-ol,Alcohols,,
HOP OIL,,Miscellaneous,1-hexen-3-ol,Alcohols,,
HOP OIL,,Miscellaneous,1-heptanol,Alcohols,,
HOP OIL,,Miscellaneous,2-heptanol,Alcohols,,
HOP OIL,,Miscellaneous,1-octanol,Alcohols,7,7
HOP OIL,,Miscellaneous,2-octanol,Alcohols,30,30
HOP OIL,,Miscellaneous,1-octen-3-ol,Alcohols,100,100
HOP OIL,,Miscellaneous,1-nonanol,Alcohols,,
HOP OIL,,Miscellaneous,2-nonanol,Alcohols,200,200
HOP OIL,,Miscellaneous,2-decanol,Alcohols,100,100
HOP OIL,,Miscellaneous,2-undecanol,Alcohols,6100,6100
HOP OIL,,Miscellaneous,"10-methyl-5,9-undecadien-1-ol",Alcohols,,
HOP OIL,,Miscellaneous,2-tridecanol,Alcohols,50,50
HOP OIL,,Miscellaneous,2-tetradecanol,Alcohols,,
HOP OIL,,Miscellaneous,citronellol,Alcohols,200,200
HOP OIL,,Miscellaneous,geraniol,Alcohols,3,15200
HOP OIL,,Miscellaneous,nerol,Alcohols,0,1000
HOP OIL,,Miscellaneous,linalool,Alcohols,6,10900
HOP OIL,,Miscellaneous,farnesol,Alcohols,6,29
HOP OIL,,Miscellaneous,"(Z,E)-farnesol",Alcohols,,
HOP OIL,,Miscellaneous,nerolidol,Alcohols,200,200
HOP OIL,,Miscellaneous,(E)-nerolidol,Alcohols,2300,2300
HOP OIL,,Miscellaneous,benzyl alcohol (=benzenemethanol),Alcohols,,
HOP OIL,,Miscellaneous,2-phenylethanol (=phenethyl alcohol),Alcohols,,
HOP OIL,,Miscellaneous,α-terpineol,Alcohols,200,200
HOP OIL,,Miscellaneous,4-terpineol (=terpinen-4-ol),Alcohols,30,30
HOP OIL,,Miscellaneous,"p-1,8-menthadien-5-ol",Alcohols,,
HOP OIL,,Miscellaneous,"perilla alcohol (=p-1,8-menthadien-7-ol)",Alcohols,,
HOP OIL,,Miscellaneous,ionol,Alcohols,,
HOP OIL,,Miscellaneous,α-bisabolol,Alcohols,,
HOP OIL,,Miscellaneous,humulol,Alcohols,0,900
HOP OIL,,Miscellaneous,humulenol II,Alcohols,0,14600
HOP OIL,,Miscellaneous,humulenol (unkn.str.),Alcohols,100,100
HOP OIL,,Miscellaneous,pinocarveol,Alcohols,,
HOP OIL,,Miscellaneous,myrtenol,Alcohols,,
HOP OIL,,Miscellaneous,borneol,Alcohols,,
HOP OIL,,Miscellaneous,fenchol (=fenchyl alcohol),Alcohols,,
HOP OIL,,Miscellaneous,α-cadinol,Alcohols,0,800
HOP OIL,,Miscellaneous,δ-cadinol (=torreyol),Alcohols,0,1000
HOP OIL,,Miscellaneous,cadinol (unkn.str.),Alcohols,,
HOP OIL,,Miscellaneous,cadinol-T,Alcohols,0,2500
HOP OIL,,Miscellaneous,muurolol-T,Alcohols,0,2000
HOP OIL,,Miscellaneous,cubenol,Alcohols,700,700
HOP OIL,,Miscellaneous,epicubenol,Alcohols,0,1500
HOP OIL,,Miscellaneous,junenol,Alcohols,,
HOP OIL,,Miscellaneous,juniper camphor,Alcohols,,
HOP OIL,,Miscellaneous,α-eudesmol,Alcohols,0,2200
HOP OIL,,Miscellaneous,β-eudesmol,Alcohols,0,90
HOP OIL,,Miscellaneous,γ-eudesmol,Alcohols,0,300
HOP OIL,,Miscellaneous,11-selinen-4-ol,Alcohols,,
HOP OIL,,Miscellaneous,guaiol,Alcohols,2,23
HOP OIL,,Miscellaneous,"3(12),6-caryophylladien-4-ol",Alcohols,,
HOP OIL,,Miscellaneous,"11,11-dimethyl-4,8-dimethylenebicyclo[7.2.0]undecan-5-ol",Alcohols,,
HOP OIL,,Miscellaneous,β-caryophyllene alcohol,Alcohols,,
HOP OIL,,Miscellaneous,caryophyllenol I,Alcohols,,
HOP OIL,,Miscellaneous,caryolan-1-ol,Alcohols,200,200
HOP OIL,,Miscellaneous,bulnesol,Alcohols,,
HOP OIL,,Miscellaneous,ledol,Alcohols,,
HOP OIL,,Miscellaneous,viridiflorol,Alcohols,,
HOP OIL,,Miscellaneous,globulol,Alcohols,,
HOP OIL,,Miscellaneous,epiglobulol,Alcohols,,
HOP OIL,,Miscellaneous,spathulenol (=(+)-spathulenol),Alcohols,,
HOP OIL,,Miscellaneous,palustrol (ledum),Alcohols,,
HOP OIL,,Miscellaneous,tricyclohumuladiol,Alcohols,,
HOP OIL,,Miscellaneous,"2-methylpropanal (=isobutanal, isobutyraldehyde)","Carbonyls, aldehydes",,
HOP OIL,,Miscellaneous,"3-methylbutanal (=isopentanal, isovaleraldehyde)","Carbonyls, aldehydes",,
HOP OIL,,Miscellaneous,3-methyl-2-butenal,"Carbonyls, aldehydes",,
HOP OIL,,Miscellaneous,hexanal (=capronaldehyde),"Carbonyls, aldehydes",<1,10
HOP OIL,,Miscellaneous,2-hexenal,"Carbonyls, aldehydes",,
HOP OIL,,Miscellaneous,(E)-2-hexenal (=leaf aldehyde),"Carbonyls, aldehydes",2,7
HOP OIL,,Miscellaneous,"2,4-hexadienal","Carbonyls, aldehydes",,
HOP OIL,,Miscellaneous,heptanal,"Carbonyls, aldehydes",,
HOP OIL,,Miscellaneous,"2,4-heptadienal","Carbonyls, aldehydes",,
HOP OIL,,Miscellaneous,octanal (=caprylaldehyde),"Carbonyls, aldehydes",,
HOP OIL,,Miscellaneous,nonanal (=pelargonaldehyde),"Carbonyls, aldehydes",,
HOP OIL,,Miscellaneous,2-nonenal,"Carbonyls, aldehydes",,
HOP OIL,,Miscellaneous,decanal (=capraldehyde),"Carbonyls, aldehydes",,
HOP OIL,,Miscellaneous,undecanal,"Carbonyls, aldehydes",,
HOP OIL,,Miscellaneous,dodecanal,"Carbonyls, aldehydes",,
HOP OIL,,Miscellaneous,geranial (=α-citral),"Carbonyls, aldehydes",100,100
HOP OIL,,Miscellaneous,neral (=β-citral),"Carbonyls, aldehydes",,
HOP OIL,,Miscellaneous,benzaldehyde,"Carbonyls, aldehydes",trace,70
HOP OIL,,Miscellaneous,phenylacetaldehyde (=benzeneacetaldehyde),"Carbonyls, aldehydes",,
HOP OIL,,Miscellaneous,"4,10,10-trimethyl-7-methylene-bicyclo[6.2.0]decane-4-carbaldehyde","Carbonyls, aldehydes",,
HOP OIL,,Miscellaneous,"acetone (=2-propanone, dimethyl ketone)","Carbonyls, ketones",,
HOP OIL,,Miscellaneous,3-methyl-2-butanone,"Carbonyls, ketones",,
HOP OIL,,Miscellaneous,2-pentanone,"Carbonyls, ketones",3,15
HOP OIL,,Miscellaneous,3-methyl-2-pentanone,"Carbonyls, ketones",100,100
HOP OIL,,Miscellaneous,4-methyl-2-pentanone,"Carbonyls, ketones",0,8000
HOP OIL,,Miscellaneous,4-methyl-3-penten-2-one (=mesityl oxide),"Carbonyls, ketones",,
HOP OIL,,Miscellaneous,2-heptanone,"Carbonyls, ketones",10,10
HOP OIL,,Miscellaneous,3-hepten-2-one,"Carbonyls, ketones",,
HOP OIL,,Miscellaneous,6-methyl-5-hepten-2-one,"Carbonyls, ketones",200,200
HOP OIL,,Miscellaneous,6-methylhepten-2-one (unkn.str.),"Carbonyls, ketones",,
HOP OIL,,Miscellaneous,2-octanone,"Carbonyls, ketones",100,100
HOP OIL,,Miscellaneous,7-methyl-2-octanone,"Carbonyls, ketones",10,10
HOP OIL,,Miscellaneous,2-nonanone,"Carbonyls, ketones",0,5500
HOP OIL,,Miscellaneous,nonen-2-one (unkn.str.),"Carbonyls, ketones",,
HOP OIL,,Miscellaneous,8-methyl-2-nonanone,"Carbonyls, ketones",10,10
HOP OIL,,Miscellaneous,2-decanone,"Carbonyls, ketones",0,2600
HOP OIL,,Miscellaneous,decen-2-one (unkn.str.),"Carbonyls, ketones",200,200
HOP OIL,,Miscellaneous,9-methyl-2-decanone,"Carbonyls, ketones",0,3000
HOP OIL,,Miscellaneous,2-undecanone,"Carbonyls, ketones",100,15000
HOP OIL,,Miscellaneous,2-undecanone (branched),"Carbonyls, ketones",0,2500
HOP OIL,,Miscellaneous,4-undecen-2-one,"Carbonyls, ketones",,
HOP OIL,,Miscellaneous,undecen-2-one (unkn.str.),"Carbonyls, ketones",<400,700
HOP OIL,,Miscellaneous,undecadien-2-one (unkn.str.),"Carbonyls, ketones",300,300
HOP OIL,,Miscellaneous,10-methyl-2-undecanone,"Carbonyls, ketones",100,100
HOP OIL,,Miscellaneous,2-dodecanone,"Carbonyls, ketones",<400,2700
HOP OIL,,Miscellaneous,2-dodecanone (branched),"Carbonyls, ketones",,
HOP OIL,,Miscellaneous,dodecen-2-one (unkn.str.),"Carbonyls, ketones",,
HOP OIL,,Miscellaneous,10-methyl-2-dodecanone,"Carbonyls, ketones",,
HOP OIL,,Miscellaneous,11-methyl-2-dodecanone,"Carbonyls, ketones",20,20
HOP OIL,,Miscellaneous,2-tridecanone,"Carbonyls, ketones",0,17000
HOP OIL,,Miscellaneous,2-tridecanone (branched),"Carbonyls, ketones",<400,700
HOP OIL,,Miscellaneous,tridecen-2-one (unkn.str.),"Carbonyls, ketones",0,2300
HOP OIL,,Miscellaneous,2-tetradecanone,"Carbonyls, ketones",1600,1600
HOP OIL,,Miscellaneous,2-tetradecanone (branched),"Carbonyls, ketones",,
HOP OIL,,Miscellaneous,methyl-2-tetradecanone (unkn.str.),"Carbonyls, ketones",50,50
HOP OIL,,Miscellaneous,9-tetradecen-2-one,"Carbonyls, ketones",,
HOP OIL,,Miscellaneous,tetradecen-2-one (unkn.str.),"Carbonyls, ketones",500,500
HOP OIL,,Miscellaneous,tetradecadien-2-one (unkn.str.),"Carbonyls, ketones",900,900
HOP OIL,,Miscellaneous,2-pentadecanone,"Carbonyls, ketones",15,1500
HOP OIL,,Miscellaneous,6-pentadecen-2-one,"Carbonyls, ketones",,
HOP OIL,,Miscellaneous,12-pentadecen-2-one,"Carbonyls, ketones",,
HOP OIL,,Miscellaneous,pentadecen-2-one (unkn.str.),"Carbonyls, ketones",0,1800
HOP OIL,,Miscellaneous,"6,9-pentadecadien-2-one","Carbonyls, ketones",,
HOP OIL,,Miscellaneous,pentadecadien-2-one (unkn.str.),"Carbonyls, ketones",0,12400
HOP OIL,,Miscellaneous,"6,9,13-pentadecatrien-2-one","Carbonyls, ketones",,
HOP OIL,,Miscellaneous,2-hexadecanone,"Carbonyls, ketones",300,300
HOP OIL,,Miscellaneous,2-heptadecanone,"Carbonyls, ketones",100,100
HOP OIL,,Miscellaneous,β-damascenone (=(E)-β-damascenone),"Carbonyls, ketones",,
HOP OIL,,Miscellaneous,(E)-β-ionone,"Carbonyls, ketones",,
HOP OIL,,Miscellaneous,"carvone (=p-6,8-menthadien-2-one)","Carbonyls, ketones",,
HOP OIL,,Miscellaneous,humulenone II,"Carbonyls, ketones",,
HOP OIL,,Miscellaneous,humuladienone,"Carbonyls, ketones",,
HOP OIL,,Miscellaneous,α-cyperone,"Carbonyls, ketones",,
HOP OIL,,Miscellaneous,"4,11,11-trimethyl-8-methylene-bicyclo[7.2.0]undecan-5-one","Carbonyls, ketones",,
HOP OIL,,Miscellaneous,2-methylpropanoic acid (=isobutyric acid),Acids,1000,1000
HOP OIL,,Miscellaneous,butanoic acid (=butyric acid),Acids,,
HOP OIL,,Miscellaneous,2-methylbutanoic acid,Acids,,
HOP OIL,,Miscellaneous,3-methylbutanoic acid (=isovaleric acid),Acids,10200,10200
HOP OIL,,Miscellaneous,pentanoic acid (=valeric acid),Acids,,
HOP OIL,,Miscellaneous,pentenoic acid (unkn.str.),Acids,,
HOP OIL,,Miscellaneous,4-methylpentanoic acid (=isocaproic acid),Acids,1200,1200
HOP OIL,,Miscellaneous,4-methyl-3-pentenoic acid (=isohexenoic acid),Acids,,
HOP OIL,,Miscellaneous,hexanoic acid (=caproic acid),Acids,900,900
HOP OIL,,Miscellaneous,2-hexenoic acid,Acids,,
HOP OIL,,Miscellaneous,3-hexenoic acid,Acids,10,10
HOP OIL,,Miscellaneous,4-methyl-2-hexenoic acid,Acids,300,300
HOP OIL,,Miscellaneous,4-methylhexenoic acid (unkn.str.),Acids,,
HOP OIL,,Miscellaneous,heptanoic acid (=enanthic acid),Acids,1300,1300
HOP OIL,,Miscellaneous,6-methylheptanoic acid,Acids,300,300
HOP OIL,,Miscellaneous,octanoic acid (=caprylic acid),Acids,16,200
HOP OIL,,Miscellaneous,7-methyloctanoic acid,Acids,10,10
HOP OIL,,Miscellaneous,nonanoic acid (=pelargonic acid),Acids,100,100
HOP OIL,,Miscellaneous,nonenoic acid (unkn.str.),Acids,100,100
HOP OIL,,Miscellaneous,decanoic acid (=capric acid),Acids,200,200
HOP OIL,,Miscellaneous,4-decenoic acid,Acids,600,600
HOP OIL,,Miscellaneous,decenoic acid (unkn.str.),Acids,,
HOP OIL,,Miscellaneous,"4,8-decadienoic acid",Acids,200,200
HOP OIL,,Miscellaneous,decadienoic acid (unkn.str.),Acids,,
HOP OIL,,Miscellaneous,undecenoic acid (unkn.str.),Acids,,
HOP OIL,,Miscellaneous,dodecanoic acid (=lauric acid),Acids,,
HOP OIL,,Miscellaneous,dodecadienoic acid (unkn.str.),Acids,100,100
HOP OIL,,Miscellaneous,tetradecanoic acid (=myristic acid),Acids,,
HOP OIL,,Miscellaneous,hexadecanoic acid (=palmitic acid),Acids,,
HOP OIL,,Miscellaneous,(Z)-9-hexadecenoic acid (=palmitoleic acid),Acids,,
HOP OIL,,Miscellaneous,octadecanoic acid (=stearic acid),Acids,,
HOP OIL,,Miscellaneous,(Z)-9-octadecenoic acid (=oleic acid),Acids,,
HOP OIL,,Miscellaneous,"(Z,Z)-9,12-octadecadienoic acid (=linoleic acid)",Acids,,
HOP OIL,,Miscellaneous,"(Z,Z,Z)-9,12,15-octadecatrienoic acid (=linolenic acid)",Acids,,
HOP OIL,,Miscellaneous,geranic acid,Acids,,
HOP OIL,,Miscellaneous,benzoic acid,Acids,,
HOP OIL,,Miscellaneous,octyl acetate,Esters,100,100
HOP OIL,,Miscellaneous,geranyl acetate,Esters,0,14000
HOP OIL,,Miscellaneous,neryl acetate,Esters,0,1500
HOP OIL,,Miscellaneous,2-methylbutyl propanoate,Esters,800,10000
HOP OIL,,Miscellaneous,isopentyl propanoate,Esters,1,46
HOP OIL,,Miscellaneous,hexyl propanoate,Esters,1100,3800
HOP OIL,,Miscellaneous,heptyl propanoate,Esters,0,900
HOP OIL,,Miscellaneous,octyl propanoate,Esters,,
HOP OIL,,Miscellaneous,geranyl propanoate,Esters,0,7400
HOP OIL,,Miscellaneous,neryl propanoate,Esters,,
HOP OIL,,Miscellaneous,propyl 2-methylpropanoate (=propyl isobutyrate),Esters,,
HOP OIL,,Miscellaneous,butyl 2-methylpropanoate (=butyl isobutyrate),Esters,,
HOP OIL,,Miscellaneous,isobutyl 2-methylpropanoate (=isobutyl isobutyrate),Esters,0,9200
HOP OIL,,Miscellaneous,2-methylbutyl 2-methylpropanoate (=2-methylbutyl isobutyrate),Esters,0,44000
HOP OIL,,Miscellaneous,pentyl 2-methylpropanoate (=amyl isobutyrate),Esters,,
HOP OIL,,Miscellaneous,isopentyl 2-methylpropanoate (=isoamyl isobutyrate),Esters,1,7100
HOP OIL,,Miscellaneous,hexyl 2-methylpropanoate (=hexyl isobutyrate),Esters,0,900
HOP OIL,,Miscellaneous,heptyl 2-methylpropanoate (=heptyl isobutyrate),Esters,200,1000
HOP OIL,,Miscellaneous,octyl 2-methylpropanoate (=octyl isobutyrate),Esters,0,900
HOP OIL,,Miscellaneous,geranyl 2-methylpropanoate (=geranyl isobutyrate),Esters,10000,10000
HOP OIL,,Miscellaneous,neryl 2-methylpropanoate (=neryl isobutyrate),Esters,,
HOP OIL,,Miscellaneous,isobutyl 2-methylbutanoate (=2-methylpropyl 2-methyl-butanoate),Esters,,
HOP OIL,,Miscellaneous,2-methylbutyl 2-methylbutanoate,Esters,0,2200
HOP OIL,,Miscellaneous,2-methylbutyl 3-methylbutanoate,Esters,0,1500
HOP OIL,,Miscellaneous,2-methylbutyl pentanoate,Esters,,
HOP OIL,,Miscellaneous,methyl hexanoate,Esters,0,1500
HOP OIL,,Miscellaneous,2-methylbutyl hexanoate,Esters,,
HOP OIL,,Miscellaneous,methyl hexenoate (unkn.str.),Esters,30,30
HOP OIL,,Miscellaneous,methyl 5-methylhexanoate,Esters,0,6100
HOP OIL,,Miscellaneous,methyl 4-methylhexanoate,Esters,70,70
HOP OIL,,Miscellaneous,methyl 4-methyl-2-hexenoate,Esters,0,4400
HOP OIL,,Miscellaneous,methyl 4-methylhexenoate (unkn.str.),Esters,7,40
HOP OIL,,Miscellaneous,"methyl 2,5-dimethylhexanoate",Esters,,
HOP OIL,,Miscellaneous,methyl heptanoate,Esters,6,7100
HOP OIL,,Miscellaneous,ethyl heptanoate,Esters,,
HOP OIL,,Miscellaneous,2-methylbutyl heptanoate,Esters,,
HOP OIL,,Miscellaneous,methyl 6-methylheptanoate,Esters,10,7500
HOP OIL,,Miscellaneous,methyl octanoate,Esters,3,12500
HOP OIL,,Miscellaneous,methyl octanoate (branched),Esters,9500,9500
HOP OIL,,Miscellaneous,methyl 2-octenoate,Esters,20,20
HOP OIL,,Miscellaneous,methyl octenoate (unkn.str.),Esters,20,20
HOP OIL,,Miscellaneous,methyl 7-methyloctanoate,Esters,0,1200
HOP OIL,,Miscellaneous,methyl nonanoate,Esters,0,5000
HOP OIL,,Miscellaneous,methyl nonanoate (branched),Esters,1400,1400
HOP OIL,,Miscellaneous,methyl 4-nonenoate,Esters,,
HOP OIL,,Miscellaneous,methyl 5-nonenoate,Esters,200,200
HOP OIL,,Miscellaneous,methyl nonenoate (unkn.str.),Esters,<400,2200
HOP OIL,,Miscellaneous,methyl 7-methylnonanoate,Esters,100,100
HOP OIL,,Miscellaneous,methyl 8-methylnonanoate,Esters,<400,2500
HOP OIL,,Miscellaneous,methyl decanoate,Esters,0,14000
HOP OIL,,Miscellaneous,methyl decanoate (branched),Esters,0,4900
HOP OIL,,Miscellaneous,methyl 4-decenoate,Esters,22,56200
HOP OIL,,Miscellaneous,methyl decenoate (unkn.str.),Esters,11000,11000
HOP OIL,,Miscellaneous,"methyl 4,8-decadienoate",Esters,13,24000
HOP OIL,,Miscellaneous,methyl decadienoate (unkn.str.),Esters,4900,24000
HOP OIL,,Miscellaneous,methyl 9-methyldecanoate,Esters,,
HOP OIL,,Miscellaneous,methyl undecanoate,Esters,,
HOP OIL,,Miscellaneous,methyl 2-undecenoate,Esters,110,110
HOP OIL,,Miscellaneous,methyl undecenoate (unkn.str.),Esters,200,200
HOP OIL,,Miscellaneous,methyl undecadienoate (unkn.str.),Esters,1200,1200
HOP OIL,,Miscellaneous,methyl methylundecanoate (unkn.str.),Esters,100,100
HOP OIL,,Miscellaneous,methyl dodecanoate (=methyl laurate),Esters,,
HOP OIL,,Miscellaneous,methyl 8-dodecenoate,Esters,,
HOP OIL,,Miscellaneous,methyl dodecenoate (unkn.str.),Esters,0,6600
HOP OIL,,Miscellaneous,methyl dodecadienoate (unkn.str.),Esters,900,3600
HOP OIL,,Miscellaneous,methyl tridecenoate (unkn.str.),Esters,0,3200
HOP OIL,,Miscellaneous,methyl geranate,Esters,0,15000
HOP OIL,,Miscellaneous,methyl benzoate,Esters,100,100
HOP OIL,,Miscellaneous,methyl phenylacetate,Esters,200,200
HOP OIL,,Miscellaneous,ammonia,Bases,10660,10660
HOP OIL,,Miscellaneous,methylamine,Bases,3.7,3.7
HOP OIL,,Miscellaneous,ethylamine,Bases,5.2,5.2
HOP OIL,,Miscellaneous,isopentylamine,Bases,0.4,0.4
HOP OIL,,Miscellaneous,dimethylamine,Bases,1.4,1.4
HOP OIL,,Miscellaneous,N-ethylmethylamine,Bases,3.7,3.7
HOP OIL,,Miscellaneous,diethylamine,Bases,3.1,3.1
HOP OIL,,Miscellaneous,pyrrolidine,Bases,1,1
HOP OIL,,Miscellaneous,piperidine,Bases,2.5,2.5
HOP OIL,,Miscellaneous,methanethiol (=methyl mercaptan),Sulfur compounds,,
HOP OIL,,Miscellaneous,hydrogen sulfide,Sulfur compounds,,
HOP OIL,,Miscellaneous,"dimethyl sulfide (=thiobismethane, methylthiomethane, methyl sulfide)",Sulfur compounds,,
HOP OIL,,Miscellaneous,diethyl sulfide (=ethylthioethane),Sulfur compounds,,
HOP OIL,,Miscellaneous,methyl 3-methyl-2-butenyl sulfide (=5-methyl-2-thiahex-4-ene),Sulfur compounds,,
HOP OIL,,Miscellaneous,dimethyl disulfide (=methyldithiomethane),Sulfur compounds,1.52,3.39
HOP OIL,,Miscellaneous,"diethyl disulfide (=ethyldithioethane, 3,4-dithiahexane)",Sulfur compounds,,
HOP OIL,,Miscellaneous,"dimethyl trisulfide (=2,3,4-trithiapentane, methyltrithiomethane)",Sulfur compounds,0.9,2.37
HOP OIL,,Miscellaneous,dimethyl tetrasulfide (=methyltetrathiomethane),Sulfur compounds,,
HOP OIL,,Miscellaneous,"2,3,5-trithiahexane",Sulfur compounds,,
HOP OIL,,Miscellaneous,3-(methylthio)propanal (=methional),Sulfur compounds,,
HOP OIL,,Miscellaneous,S-methyl 2-methylpropanethioate,Sulfur compounds,1.6,2.78
HOP OIL,,Miscellaneous,S-[(methylthio)methyl] 2-methylpropanethioate,Sulfur compounds,,
HOP OIL,,Miscellaneous,S-methyl butanethioate (=2-thiahexan-3-one),Sulfur compounds,0,2.02
HOP OIL,,Miscellaneous,S-methyl 2-methylbutanethioate,Sulfur compounds,,
HOP OIL,,Miscellaneous,S-[(methylthio)methyl] 2-methylbutanethioate,Sulfur compounds,,
HOP OIL,,Miscellaneous,S-methyl 3-methylbutanethioate,Sulfur compounds,1.46,3.44
HOP OIL,,Miscellaneous,S-[(methylthio)methyl] 3-methylbutanethioate,Sulfur compounds,,
HOP OIL,,Miscellaneous,S-methyl pentanethioate,Sulfur compounds,0,1.68
HOP OIL,,Miscellaneous,S-methyl 4-methylpentanethioate,Sulfur compounds,1.93,200
HOP OIL,,Miscellaneous,S-[(methylthio)methyl] 4-methylpentanethioate,Sulfur compounds,,
HOP OIL,,Miscellaneous,methyl hexanethioate,Sulfur compounds,1200,1200
HOP OIL,,Miscellaneous,S-methyl hexanethioate,Sulfur compounds,2.55,100
HOP OIL,,Miscellaneous,S-[(methylthio)methyl] hexanethioate,Sulfur compounds,,
HOP OIL,,Miscellaneous,S-methyl heptanethioate,Sulfur compounds,1.47,4.2
HOP OIL,,Miscellaneous,methyl heptanethioate,Sulfur compounds,100,2500
HOP OIL,,Miscellaneous,S-methyl 5-methylhexanethioate,Sulfur compounds,0,2.1
HOP OIL,,Miscellaneous,S-methyl octanethioate,Sulfur compounds,1.6,2.9
HOP OIL,,Miscellaneous,S-methyl nonanethioate,Sulfur compounds,0,1.79
HOP OIL,,Miscellaneous,S-methyl decanethioate,Sulfur compounds,0,2.48
HOP OIL,,Miscellaneous,methyl acetodithioate (=methyl dithioacetate),Sulfur compounds,,
HOP OIL,,Miscellaneous,3-methylthiophene,Sulfur compounds,,
HOP OIL,,Miscellaneous,3-(4-methyl-3-pentenyl)thiophene,Sulfur compounds,,
HOP OIL,,Miscellaneous,"1,2-epithiohumulene",Sulfur compounds,2.2,9300
HOP OIL,,Miscellaneous,"4,5-epithiohumulene",Sulfur compounds,0,2.1
HOP OIL,,Miscellaneous,myrcene sulfide,Sulfur compounds,,
HOP OIL,,Miscellaneous,myrcene disulfide,Sulfur compounds,0,2
HOP OIL,,Miscellaneous,myrcene trisulfide,Sulfur compounds,,
HOP OIL,,Miscellaneous,(methylthio)humulene (unkn.str.),Sulfur compounds,,
HOP OIL,,Miscellaneous,"8,9-epithiohumulene",Sulfur compounds,,
HOP OIL,,Miscellaneous,"4,5-epithiocaryophyllene",Sulfur compounds,0.78,3360
HOP OIL,,Miscellaneous,"1,1-dimethoxyethane (=acetaldehyde dimethyl acetal)",Acetals,,
HOP OIL,,Miscellaneous,diethyl ether,Ethers,,
HOP OIL,,Miscellaneous,hop ether,Ethers,trace,454
HOP OIL,,Miscellaneous,"karahana ether (=8,8-dimethyl-2-methylene-6-oxabicyclo- [3.2.1]octane)",Ethers,0.11,885
HOP OIL,,Miscellaneous,chloromethane,Halogens,,
HOP OIL,,Miscellaneous,"linalool oxide B (cis, 5-ring)",Furans,50,50
HOP OIL,,Miscellaneous,"linalool oxide A (trans, 5-ring)",Furans,50,50
HOP OIL,,Miscellaneous,pentylfuran (unkn.str.),Furans,,
HOP OIL,,Miscellaneous,hexenylfuran (unkn.str.),Furans,,
HOP OIL,,Miscellaneous,3-(4-methyl-3-pentenyl)furan (=perillene),Furans,0,3600
HOP OIL,,Miscellaneous,"furfural (=2-formylfuran, 2-furancarbaldehyde, 2-furaldehyde)",Furans,,
HOP OIL,,Miscellaneous,"5,5-dimethyl-2(5H)-furanone (=4,4-dimethyl-2-buten-1,4-olide)",Furans,trace,3700
HOP OIL,,Miscellaneous,humulene epoxide I,"(Ep)oxides, pyrans, coumarins",0,4200
HOP OIL,,Miscellaneous,humulene epoxide II,"(Ep)oxides, pyrans, coumarins",0,18600
HOP OIL,,Miscellaneous,humulene epoxide III,"(Ep)oxides, pyrans, coumarins",1,40
HOP OIL,,Miscellaneous,humulene epoxide (unkn.str.),"(Ep)oxides, pyrans, coumarins",,
HOP OIL,,Miscellaneous,humulene diepoxide (5 isomers),"(Ep)oxides, pyrans, coumarins",12,146
HOP OIL,,Miscellaneous,humulene diepoxide,"(Ep)oxides, pyrans, coumarins",0,2100
HOP OIL,,Miscellaneous,β-selinene epoxide I,"(Ep)oxides, pyrans, coumarins",,
HOP OIL,,Miscellaneous,β-caryophyllene oxide,"(Ep)oxides, pyrans, coumarins",0,6400
HOP OIL,,Miscellaneous,aromadendrene oxide,"(Ep)oxides, pyrans, coumarins",,
HOP OIL,,Miscellaneous,alloaromadendrene oxide,"(Ep)oxides, pyrans, coumarins",,
HOP OIL,,Miscellaneous,cis-linalool oxide (unkn.str.),"(Ep)oxides, pyrans, coumarins",,
HOP OIL,,Miscellaneous,trans-linalool oxide (unkn.str.),"(Ep)oxides, pyrans, coumarins",trace,trace
HOP OIL,,Miscellaneous,α-bisabolol oxide (unkn.str.),"(Ep)oxides, pyrans, coumarins",3400,3400
HOP OIL,,Miscellaneous,"7,7-dimethyl-6,8-dioxa-bicyclo[3.2.1]octane","(Ep)oxides, pyrans, coumarins",50,50
HOP OIL,,Miscellaneous,"2,2,7,7-tetramethyl-1,6-dioxa-spiro[4.4]non-3-ene (=dihydrospiroacetal)","(Ep)oxides, pyrans, coumarins",,
HOP OIL,,Miscellaneous,"2,2,7,7-tetramethyl-1,6-dioxa-spiro[4.4]nona-3,8-diene (=spiroacetal)","(Ep)oxides, pyrans, coumarins",,
BEER,,Alcoholic Beverages < 20% alc.,2-methyl-2-butene,Hydrocarbons,0.002,0.002
BEER,,Alcoholic Beverages < 20% alc.,"2-methyl-1,3-butadiene (=isoprene)",Hydrocarbons,0.004,0.004
BEER,,Alcoholic Beverages < 20% alc.,β-myrcene (=myrcene),Hydrocarbons,0.2,0.2
BEER,,Alcoholic Beverages < 20% alc.,farnesene (unkn.str.),Hydrocarbons,,
BEER,,Alcoholic Beverages < 20% alc.,terpinolene,Hydrocarbons,0.02,0.02
BEER,,Alcoholic Beverages < 20% alc.,limonene,Hydrocarbons,0.08,0.1
BEER,,Alcoholic Beverages < 20% alc.,α-humulene (=humulene),Hydrocarbons,,
BEER,,Alcoholic Beverages < 20% alc.,β-caryophyllene,Hydrocarbons,,
BEER,,Alcoholic Beverages < 20% alc.,methylbenzene (=toluene),Hydrocarbons,,
BEER,,Alcoholic Beverages < 20% alc.,vinylbenzene (=styrene),Hydrocarbons,0.01,0.2
BEER,,Alcoholic Beverages < 20% alc.,"1,2-dimethylbenzene (=o-xylene)",Hydrocarbons,0.02,0.02
BEER,,Alcoholic Beverages < 20% alc.,ethyl-methylbenzene (unkn.str.),Hydrocarbons,0.02,0.02
BEER,,Alcoholic Beverages < 20% alc.,naphthalene,Hydrocarbons,0.02,0.02
BEER,,Alcoholic Beverages < 20% alc.,methanol,Alcohols,,
BEER,,Alcoholic Beverages < 20% alc.,ethanol,Alcohols,Present,Present
BEER,,Alcoholic Beverages < 20% alc.,2-aminoethanol (=ethanolamine),Alcohols,,
BEER,,Alcoholic Beverages < 20% alc.,1-propanol (=propyl alcohol),Alcohols,3.5,47
BEER,,Alcoholic Beverages < 20% alc.,3-ethoxy-1-propanol,Alcohols,0.004,0.24
BEER,,Alcoholic Beverages < 20% alc.,2-propanol (=isopropyl alcohol),Alcohols,,
BEER,,Alcoholic Beverages < 20% alc.,2-methyl-1-propanol (=isobutanol),Alcohols,5,56.6
BEER,,Alcoholic Beverages < 20% alc.,"glycerol (=1,2,3-propanetriol, glycerin)",Alcohols,1090,2500
BEER,,Alcoholic Beverages < 20% alc.,1-butanol,Alcohols,<0.1,<0.1
BEER,,Alcoholic Beverages < 20% alc.,2-butanol (=sec-butanol),Alcohols,,
BEER,,Alcoholic Beverages < 20% alc.,2-methyl-1-butanol (=active amyl alcohol),Alcohols,10.2,33.9
BEER,,Alcoholic Beverages < 20% alc.,3-methyl-1-butanol (=isoamyl alcohol),Alcohols,6.7,122.5
BEER,,Alcoholic Beverages < 20% alc.,3-methyl-2-buten-1-ol (=prenol),Alcohols,,
BEER,,Alcoholic Beverages < 20% alc.,2-methyl-3-buten-2-ol,Alcohols,,
BEER,,Alcoholic Beverages < 20% alc.,"2,3-butanediol (=2,3-butylene glycol)",Alcohols,,
BEER,,Alcoholic Beverages < 20% alc.,1-pentanol (=amyl alcohol),Alcohols,0.15,0.15
BEER,,Alcoholic Beverages < 20% alc.,2-pentanol,Alcohols,,
BEER,,Alcoholic Beverages < 20% alc.,1-hexanol,Alcohols,0.3,0.3
BEER,,Alcoholic Beverages < 20% alc.,2-hexanol,Alcohols,,
BEER,,Alcoholic Beverages < 20% alc.,2-hexen-1-ol,Alcohols,0.02,0.02
BEER,,Alcoholic Beverages < 20% alc.,3-hexen-1-ol,Alcohols,0.03,0.03
BEER,,Alcoholic Beverages < 20% alc.,2-ethyl-1-hexanol,Alcohols,,
BEER,,Alcoholic Beverages < 20% alc.,1-heptanol,Alcohols,,
BEER,,Alcoholic Beverages < 20% alc.,2-heptanol,Alcohols,0.02,0.02
BEER,,Alcoholic Beverages < 20% alc.,1-hepten-3-ol,Alcohols,,
BEER,,Alcoholic Beverages < 20% alc.,6-methyl-2-hepten-1-ol,Alcohols,0.008,0.008
BEER,,Alcoholic Beverages < 20% alc.,1-octanol,Alcohols,0.04,0.04
BEER,,Alcoholic Beverages < 20% alc.,2-octanol,Alcohols,<0.01,0.08
BEER,,Alcoholic Beverages < 20% alc.,1-octen-3-ol,Alcohols,0.03,0.03
BEER,,Alcoholic Beverages < 20% alc.,1-nonanol,Alcohols,,
BEER,,Alcoholic Beverages < 20% alc.,2-nonanol,Alcohols,0.01,0.01
BEER,,Alcoholic Beverages < 20% alc.,1-decanol,Alcohols,,
BEER,,Alcoholic Beverages < 20% alc.,2-decanol,Alcohols,<0.01,<0.01
BEER,,Alcoholic Beverages < 20% alc.,1-dodecanol,Alcohols,,
BEER,,Alcoholic Beverages < 20% alc.,2-dodecanol,Alcohols,,
BEER,,Alcoholic Beverages < 20% alc.,citronellol,Alcohols,0.003,0.09
BEER,,Alcoholic Beverages < 20% alc.,geraniol,Alcohols,0.0009,0.09
BEER,,Alcoholic Beverages < 20% alc.,nerol,Alcohols,0.001,0.003
BEER,,Alcoholic Beverages < 20% alc.,linalool,Alcohols,0.001,0.5
BEER,,Alcoholic Beverages < 20% alc.,farnesol,Alcohols,,
BEER,,Alcoholic Beverages < 20% alc.,nerolidol,Alcohols,0.03,0.08
BEER,,Alcoholic Beverages < 20% alc.,(E)-nerolidol,Alcohols,0.004,0.004
BEER,,Alcoholic Beverages < 20% alc.,benzyl alcohol (=benzenemethanol),Alcohols,,
BEER,,Alcoholic Beverages < 20% alc.,4-hydroxy-3-methoxybenzyl alcohol (=vanillin alcohol),Alcohols,0.01,0.03
BEER,,Alcoholic Beverages < 20% alc.,2-phenylethanol (=phenethyl alcohol),Alcohols,1.8,59
BEER,,Alcoholic Beverages < 20% alc.,2-(4-hydroxyphenyl)ethanol (=tyrosol),Alcohols,1.4,59
BEER,,Alcoholic Beverages < 20% alc.,α-terpineol,Alcohols,0.002,0.08
BEER,,Alcoholic Beverages < 20% alc.,4-terpineol (=terpinen-4-ol),Alcohols,0.006,0.02
BEER,,Alcoholic Beverages < 20% alc.,humulol,Alcohols,0.001,0.2
BEER,,Alcoholic Beverages < 20% alc.,humulenol II,Alcohols,0.006,1.2
BEER,,Alcoholic Beverages < 20% alc.,borneol,Alcohols,0.01,0.01
BEER,,Alcoholic Beverages < 20% alc.,fenchol (=fenchyl alcohol),Alcohols,0.006,0.04
BEER,,Alcoholic Beverages < 20% alc.,α-cadinol,Alcohols,0.002,0.002
BEER,,Alcoholic Beverages < 20% alc.,δ-cadinol (=torreyol),Alcohols,0.04,0.1
BEER,,Alcoholic Beverages < 20% alc.,cadinol-T,Alcohols,0.002,0.2
BEER,,Alcoholic Beverages < 20% alc.,cubenol,Alcohols,0.001,0.001
BEER,,Alcoholic Beverages < 20% alc.,epicubenol,Alcohols,0.001,0.02
BEER,,Alcoholic Beverages < 20% alc.,junenol,Alcohols,<0.01,<0.01
BEER,,Alcoholic Beverages < 20% alc.,juniper camphor,Alcohols,,
BEER,,Alcoholic Beverages < 20% alc.,α-eudesmol,Alcohols,0.009,0.1
BEER,,Alcoholic Beverages < 20% alc.,β-eudesmol,Alcohols,0.009,0.06
BEER,,Alcoholic Beverages < 20% alc.,γ-eudesmol,Alcohols,,
BEER,,Alcoholic Beverages < 20% alc.,11-selinen-4-ol,Alcohols,0.007,0.025
BEER,,Alcoholic Beverages < 20% alc.,caryophyllenol (unkn.str.),Alcohols,<0.01,<0.01
BEER,,Alcoholic Beverages < 20% alc.,caryolan-1-ol,Alcohols,0.03,0.03
BEER,,Alcoholic Beverages < 20% alc.,viridiflorol,Alcohols,,
BEER,,Alcoholic Beverages < 20% alc.,globulol,Alcohols,,
BEER,,Alcoholic Beverages < 20% alc.,spathulenol (=(+)-spathulenol),Alcohols,,
BEER,,Alcoholic Beverages < 20% alc.,clovandiol,Alcohols,0.05,0.68
BEER,,Alcoholic Beverages < 20% alc.,formaldehyde (=methanal),"Carbonyls, aldehydes",0.009,0.08
BEER,,Alcoholic Beverages < 20% alc.,acetaldehyde (=ethanal),"Carbonyls, aldehydes",0.6,11
BEER,,Alcoholic Beverages < 20% alc.,ethanedial (=glyoxal),"Carbonyls, aldehydes",0.2,1
BEER,,Alcoholic Beverages < 20% alc.,propanal (=propionaldehyde),"Carbonyls, aldehydes",0.006,1
BEER,,Alcoholic Beverages < 20% alc.,2-propenal (=acrolein),"Carbonyls, aldehydes",0.007,0.5
BEER,,Alcoholic Beverages < 20% alc.,"2-methylpropanal (=isobutanal, isobutyraldehyde)","Carbonyls, aldehydes",<0.003,0.1
BEER,,Alcoholic Beverages < 20% alc.,3-hydroxypropanal,"Carbonyls, aldehydes",,
BEER,,Alcoholic Beverages < 20% alc.,"2-oxopropanal (=pyruvaldehyde, methyl glyoxal, acetylformaldehyde)","Carbonyls, aldehydes",0.04,11
BEER,,Alcoholic Beverages < 20% alc.,butanal (=butyraldehyde),"Carbonyls, aldehydes",0.006,0.006
BEER,,Alcoholic Beverages < 20% alc.,2-butenal (=crotonaldehyde),"Carbonyls, aldehydes",0,0.04
BEER,,Alcoholic Beverages < 20% alc.,(E)-2-butenal,"Carbonyls, aldehydes",0,0.009
BEER,,Alcoholic Beverages < 20% alc.,2-methylbutanal (=α-methylbutanal),"Carbonyls, aldehydes",,
BEER,,Alcoholic Beverages < 20% alc.,"3-methylbutanal (=isopentanal, isovaleraldehyde)","Carbonyls, aldehydes",0.004,0.1
BEER,,Alcoholic Beverages < 20% alc.,2-methyl-2-butenal,"Carbonyls, aldehydes",0,0.002
BEER,,Alcoholic Beverages < 20% alc.,(E)-2-methyl-2-butenal (=tiglicaldehyde),"Carbonyls, aldehydes",,
BEER,,Alcoholic Beverages < 20% alc.,pentanal (=valeraldehyde),"Carbonyls, aldehydes",,
BEER,,Alcoholic Beverages < 20% alc.,pentenal (unkn.str.),"Carbonyls, aldehydes",0.002,0.002
BEER,,Alcoholic Beverages < 20% alc.,2-methylpentanal,"Carbonyls, aldehydes",,
BEER,,Alcoholic Beverages < 20% alc.,3-methylpentanal,"Carbonyls, aldehydes",,
BEER,,Alcoholic Beverages < 20% alc.,2-methyl-2-pentenal,"Carbonyls, aldehydes",,
BEER,,Alcoholic Beverages < 20% alc.,5-hydroxypentanal,"Carbonyls, aldehydes",,
BEER,,Alcoholic Beverages < 20% alc.,"1,5-pentanedial (=glutaraldehyde)","Carbonyls, aldehydes",,
BEER,,Alcoholic Beverages < 20% alc.,hexanal (=capronaldehyde),"Carbonyls, aldehydes",0,0.007
BEER,,Alcoholic Beverages < 20% alc.,2-hexenal,"Carbonyls, aldehydes",0.004,0.004
BEER,,Alcoholic Beverages < 20% alc.,(E)-2-hexenal (=leaf aldehyde),"Carbonyls, aldehydes",0,0.004
BEER,,Alcoholic Beverages < 20% alc.,(Z)-3-hexenal,"Carbonyls, aldehydes",,
BEER,,Alcoholic Beverages < 20% alc.,hexenal (unkn.str.),"Carbonyls, aldehydes",0.0003,0.0003
BEER,,Alcoholic Beverages < 20% alc.,"2,4-hexadienal","Carbonyls, aldehydes",,
BEER,,Alcoholic Beverages < 20% alc.,"(E,E)-2,4-hexadienal","Carbonyls, aldehydes",0.0003,0.005
BEER,,Alcoholic Beverages < 20% alc.,3-hydroxyhexanal,"Carbonyls, aldehydes",,
BEER,,Alcoholic Beverages < 20% alc.,heptanal,"Carbonyls, aldehydes",0.001,0.0014
BEER,,Alcoholic Beverages < 20% alc.,(E)-2-heptenal,"Carbonyls, aldehydes",0,0.0004
BEER,,Alcoholic Beverages < 20% alc.,4-heptenal,"Carbonyls, aldehydes",,
BEER,,Alcoholic Beverages < 20% alc.,heptenal (unkn.str.),"Carbonyls, aldehydes",0.0002,0.0002
BEER,,Alcoholic Beverages < 20% alc.,octanal (=caprylaldehyde),"Carbonyls, aldehydes",0.0002,0.017
BEER,,Alcoholic Beverages < 20% alc.,(E)-2-octenal,"Carbonyls, aldehydes",<0,0.0002
BEER,,Alcoholic Beverages < 20% alc.,octenal (unkn.str.),"Carbonyls, aldehydes",0.0001,0.0001
BEER,,Alcoholic Beverages < 20% alc.,"(E,E)-2,4-octadienal","Carbonyls, aldehydes",0,0.008
BEER,,Alcoholic Beverages < 20% alc.,2-methyl-2-octenal,"Carbonyls, aldehydes",,
BEER,,Alcoholic Beverages < 20% alc.,nonanal (=pelargonaldehyde),"Carbonyls, aldehydes",0,0.014
BEER,,Alcoholic Beverages < 20% alc.,2-nonenal,"Carbonyls, aldehydes",3E-005,0.05
BEER,,Alcoholic Beverages < 20% alc.,(E)-2-nonenal,"Carbonyls, aldehydes",<2E-005,0.0006
BEER,,Alcoholic Beverages < 20% alc.,(Z)-3-nonenal,"Carbonyls, aldehydes",,
BEER,,Alcoholic Beverages < 20% alc.,nonenal (unkn.str.),"Carbonyls, aldehydes",0.0001,0.0001
BEER,,Alcoholic Beverages < 20% alc.,"(E,E)-2,4-nonadienal","Carbonyls, aldehydes",0,0.001
BEER,,Alcoholic Beverages < 20% alc.,"2,6-nonadienal","Carbonyls, aldehydes",,
BEER,,Alcoholic Beverages < 20% alc.,"(E,Z)-2,6-nonadienal","Carbonyls, aldehydes",<0.0002,0.007
BEER,,Alcoholic Beverages < 20% alc.,3-hydroxynonanal,"Carbonyls, aldehydes",,
BEER,,Alcoholic Beverages < 20% alc.,decanal (=capraldehyde),"Carbonyls, aldehydes",0.0012,0.015
BEER,,Alcoholic Beverages < 20% alc.,decenal (unkn.str.),"Carbonyls, aldehydes",,
BEER,,Alcoholic Beverages < 20% alc.,"(E,E)-2,4-decadienal","Carbonyls, aldehydes",0.0005,0.0025
BEER,,Alcoholic Beverages < 20% alc.,undecanal,"Carbonyls, aldehydes",0.0008,0.0016
BEER,,Alcoholic Beverages < 20% alc.,"(E,E)-2,4-undecadienal","Carbonyls, aldehydes",0.0003,0.003
BEER,,Alcoholic Beverages < 20% alc.,dodecanal,"Carbonyls, aldehydes",0.0002,0.01
BEER,,Alcoholic Beverages < 20% alc.,tridecanal,"Carbonyls, aldehydes",0.0001,0.0002
BEER,,Alcoholic Beverages < 20% alc.,tetradecanal,"Carbonyls, aldehydes",0.0001,0.0001
BEER,,Alcoholic Beverages < 20% alc.,octadecenal (unkn.str.),"Carbonyls, aldehydes",,
BEER,,Alcoholic Beverages < 20% alc.,octadecadienal (unkn.str.),"Carbonyls, aldehydes",,
BEER,,Alcoholic Beverages < 20% alc.,benzaldehyde,"Carbonyls, aldehydes",0.0008,0.04
BEER,,Alcoholic Beverages < 20% alc.,3-methylbenzaldehyde (=m-tolualdehyde),"Carbonyls, aldehydes",,
BEER,,Alcoholic Beverages < 20% alc.,4-methylbenzaldehyde (=p-tolualdehyde),"Carbonyls, aldehydes",,
BEER,,Alcoholic Beverages < 20% alc.,2-hydroxybenzaldehyde (=salicylaldehyde),"Carbonyls, aldehydes",,
BEER,,Alcoholic Beverages < 20% alc.,4-hydroxybenzaldehyde (=4-formylphenol),"Carbonyls, aldehydes",<0.005,0.03
BEER,,Alcoholic Beverages < 20% alc.,4-methoxybenzaldehyde (=anisaldehyde),"Carbonyls, aldehydes",,
BEER,,Alcoholic Beverages < 20% alc.,"3,4-dihydroxybenzaldehyde","Carbonyls, aldehydes",,
BEER,,Alcoholic Beverages < 20% alc.,vanillin (=4-hydroxy-3-methoxybenzaldehyde),"Carbonyls, aldehydes",<0.005,0.03
BEER,,Alcoholic Beverages < 20% alc.,"syringaldehyde (=4-hydroxy-3,5-dimethoxy-benzaldehyde)","Carbonyls, aldehydes",<0.01,0.7
BEER,,Alcoholic Beverages < 20% alc.,phenylacetaldehyde (=benzeneacetaldehyde),"Carbonyls, aldehydes",0,0.01
BEER,,Alcoholic Beverages < 20% alc.,3-phenylpropanal (=dihydrocinnamaldehyde),"Carbonyls, aldehydes",,
BEER,,Alcoholic Beverages < 20% alc.,cinnamaldehyde (=3-phenyl-2-propenal),"Carbonyls, aldehydes",,
BEER,,Alcoholic Beverages < 20% alc.,"acetone (=2-propanone, dimethyl ketone)","Carbonyls, ketones",0.004,1.4
BEER,,Alcoholic Beverages < 20% alc.,"1-hydroxy-2-propanone (=acetol, pyruvic alcohol)","Carbonyls, ketones",,
BEER,,Alcoholic Beverages < 20% alc.,2-butanone (=ethyl methyl ketone),"Carbonyls, ketones",0.005,0.06
BEER,,Alcoholic Beverages < 20% alc.,3-methyl-2-butanone,"Carbonyls, ketones",,
BEER,,Alcoholic Beverages < 20% alc.,3-hydroxy-2-butanone (=acetoin),"Carbonyls, ketones",0,11
BEER,,Alcoholic Beverages < 20% alc.,"2,3-butanedione (=diacetyl)","Carbonyls, ketones",0.018,0.63
BEER,,Alcoholic Beverages < 20% alc.,2-pentanone,"Carbonyls, ketones",0.02,0.02
BEER,,Alcoholic Beverages < 20% alc.,3-methyl-2-pentanone,"Carbonyls, ketones",0.06,0.06
BEER,,Alcoholic Beverages < 20% alc.,4-methyl-2-pentanone,"Carbonyls, ketones",0.01,0.12
BEER,,Alcoholic Beverages < 20% alc.,3-hydroxy-2-pentanone (=acetyl ethyl carbinol),"Carbonyls, ketones",0.04,0.16
BEER,,Alcoholic Beverages < 20% alc.,hydroxypentanone (unkn.str.),"Carbonyls, ketones",0,0.07
BEER,,Alcoholic Beverages < 20% alc.,"2,3-pentanedione (=acetylpropionyl)","Carbonyls, ketones",0,0.3
BEER,,Alcoholic Beverages < 20% alc.,"4-methyl-2,3-pentanedione","Carbonyls, ketones",,
BEER,,Alcoholic Beverages < 20% alc.,2-hexanone,"Carbonyls, ketones",,
BEER,,Alcoholic Beverages < 20% alc.,3-hexanone,"Carbonyls, ketones",,
BEER,,Alcoholic Beverages < 20% alc.,"2,3-hexanedione","Carbonyls, ketones",<0.01,<0.01
BEER,,Alcoholic Beverages < 20% alc.,"2,5-hexanedione (=acetonylacetone)","Carbonyls, ketones",,
BEER,,Alcoholic Beverages < 20% alc.,2-heptanone,"Carbonyls, ketones",0.03,0.1
BEER,,Alcoholic Beverages < 20% alc.,2-hepten-4-one,"Carbonyls, ketones",,
BEER,,Alcoholic Beverages < 20% alc.,6-methyl-5-hepten-2-one,"Carbonyls, ketones",0.001,0.05
BEER,,Alcoholic Beverages < 20% alc.,2-octanone,"Carbonyls, ketones",0.01,0.01
BEER,,Alcoholic Beverages < 20% alc.,2-nonanone,"Carbonyls, ketones",0.03,0.03
BEER,,Alcoholic Beverages < 20% alc.,2-undecanone,"Carbonyls, ketones",<0.01,0.015
BEER,,Alcoholic Beverages < 20% alc.,undecanone (unkn.str.),"Carbonyls, ketones",,
BEER,,Alcoholic Beverages < 20% alc.,(Z)-jasmone,"Carbonyls, ketones",0.01,0.01
BEER,,Alcoholic Beverages < 20% alc.,"3-methyl-1,2-cyclopentanedione (=cyclotene)","Carbonyls, ketones",1.3,1.3
BEER,,Alcoholic Beverages < 20% alc.,"2-methyl-1,3-cyclopentanedione","Carbonyls, ketones",,
BEER,,Alcoholic Beverages < 20% alc.,"2-methylcyclohexane-1,3-dione","Carbonyls, ketones",,
BEER,,Alcoholic Beverages < 20% alc.,4-hydroxyacetophenone,"Carbonyls, ketones",,
BEER,,Alcoholic Beverages < 20% alc.,2-aminoacetophenone,"Carbonyls, ketones",,
BEER,,Alcoholic Beverages < 20% alc.,acetovanillone,"Carbonyls, ketones",<0.01,0.03
BEER,,Alcoholic Beverages < 20% alc.,β-damascenone (=(E)-β-damascenone),"Carbonyls, ketones",trace,0.01
BEER,,Alcoholic Beverages < 20% alc.,(E)-β-ionone,"Carbonyls, ketones",0.0001,0.01
BEER,,Alcoholic Beverages < 20% alc.,humuladienone,"Carbonyls, ketones",0.01,0.07
BEER,,Alcoholic Beverages < 20% alc.,formic acid,Acids,30,30
BEER,,Alcoholic Beverages < 20% alc.,acetic acid,Acids,12,156
BEER,,Alcoholic Beverages < 20% alc.,hydroxyacetic acid (=glycolic acid),Acids,29,29
BEER,,Alcoholic Beverages < 20% alc.,oxoacetic acid (=glyoxylic acid),Acids,,
BEER,,Alcoholic Beverages < 20% alc.,propanoic acid (=propionic acid),Acids,1.3,5
BEER,,Alcoholic Beverages < 20% alc.,2-methylpropanoic acid (=isobutyric acid),Acids,0.3,5.2
BEER,,Alcoholic Beverages < 20% alc.,2-hydroxypropanoic acid (=lactic acid),Acids,44,292
BEER,,Alcoholic Beverages < 20% alc.,"2-oxopropanoic acid (=pyruvic acid, acetylformic acid)",Acids,trace,290
BEER,,Alcoholic Beverages < 20% alc.,3-hydroxy-2-oxopropanoic acid,Acids,,
BEER,,Alcoholic Beverages < 20% alc.,butanoic acid (=butyric acid),Acids,0.17,3.3
BEER,,Alcoholic Beverages < 20% alc.,2-butenoic acid (=crotonic acid),Acids,,
BEER,,Alcoholic Beverages < 20% alc.,2-methylbutanoic acid,Acids,0.5,0.5
BEER,,Alcoholic Beverages < 20% alc.,(S)-2-methylbutanoic acid,Acids,,
BEER,,Alcoholic Beverages < 20% alc.,(R)-2-methylbutanoic acid,Acids,,
BEER,,Alcoholic Beverages < 20% alc.,3-methylbutanoic acid (=isovaleric acid),Acids,0.24,3.6
BEER,,Alcoholic Beverages < 20% alc.,2-hydroxy-3-methylbutanoic acid,Acids,0.26,0.26
BEER,,Alcoholic Beverages < 20% alc.,2-oxobutanoic acid,Acids,0.1,1
BEER,,Alcoholic Beverages < 20% alc.,3-methyl-2-oxobutanoic acid,Acids,0.2,1.3
BEER,,Alcoholic Beverages < 20% alc.,2-hydroxy-2-methyl-3-oxobutanoic acid (=α-acetolactic acid),Acids,0,0.17
BEER,,Alcoholic Beverages < 20% alc.,2-ethyl-2-hydroxy-3-oxobutanoic acid,Acids,0,0.022
BEER,,Alcoholic Beverages < 20% alc.,pentanoic acid (=valeric acid),Acids,0.03,0.2
BEER,,Alcoholic Beverages < 20% alc.,2-pentenoic acid,Acids,,
BEER,,Alcoholic Beverages < 20% alc.,pentenoic acid (unkn.str.),Acids,,
BEER,,Alcoholic Beverages < 20% alc.,4-methylpentanoic acid (=isocaproic acid),Acids,,
BEER,,Alcoholic Beverages < 20% alc.,4-methyl-3-pentenoic acid (=isohexenoic acid),Acids,0.32,0.32
BEER,,Alcoholic Beverages < 20% alc.,2-hydroxy-3-methylpentanoic acid,Acids,0.29,0.29
BEER,,Alcoholic Beverages < 20% alc.,2-hydroxy-4-methylpentanoic acid,Acids,0.33,0.33
BEER,,Alcoholic Beverages < 20% alc.,3-methyl-2-oxopentanoic acid,Acids,1,2.8
BEER,,Alcoholic Beverages < 20% alc.,4-methyl-2-oxopentanoic acid,Acids,0.4,1.5
BEER,,Alcoholic Beverages < 20% alc.,hexanoic acid (=caproic acid),Acids,0.9,5.8
BEER,,Alcoholic Beverages < 20% alc.,2-hexenoic acid,Acids,,
BEER,,Alcoholic Beverages < 20% alc.,3-hexenoic acid,Acids,,
BEER,,Alcoholic Beverages < 20% alc.,5-hexenoic acid,Acids,,
BEER,,Alcoholic Beverages < 20% alc.,hexenoic acid (unkn.str.),Acids,0.01,0.01
BEER,,Alcoholic Beverages < 20% alc.,2-ethylhexanoic acid,Acids,0.01,2
BEER,,Alcoholic Beverages < 20% alc.,heptanoic acid (=enanthic acid),Acids,0.02,1
BEER,,Alcoholic Beverages < 20% alc.,2-heptenoic acid,Acids,<0.01,<0.01
BEER,,Alcoholic Beverages < 20% alc.,3-heptenoic acid,Acids,,
BEER,,Alcoholic Beverages < 20% alc.,2-hydroxyheptanoic acid,Acids,0.06,0.06
BEER,,Alcoholic Beverages < 20% alc.,octanoic acid (=caprylic acid),Acids,1.3,21
BEER,,Alcoholic Beverages < 20% alc.,2-octenoic acid,Acids,<0.01,<0.01
BEER,,Alcoholic Beverages < 20% alc.,2-hydroxyoctanoic acid,Acids,0.04,0.04
BEER,,Alcoholic Beverages < 20% alc.,3-hydroxyoctanoic acid,Acids,0.07,0.07
BEER,,Alcoholic Beverages < 20% alc.,nonanoic acid (=pelargonic acid),Acids,0.02,0.4
BEER,,Alcoholic Beverages < 20% alc.,2-nonenoic acid,Acids,<0.01,<0.01
BEER,,Alcoholic Beverages < 20% alc.,nonenoic acid (unkn.str.),Acids,,
BEER,,Alcoholic Beverages < 20% alc.,decanoic acid (=capric acid),Acids,0.1,4.1
BEER,,Alcoholic Beverages < 20% alc.,4-decenoic acid,Acids,0.23,0.23
BEER,,Alcoholic Beverages < 20% alc.,9-decenoic acid,Acids,0.3,0.7
BEER,,Alcoholic Beverages < 20% alc.,decenoic acid (unkn.str.),Acids,,
BEER,,Alcoholic Beverages < 20% alc.,"4,8-decadienoic acid",Acids,0.03,0.03
BEER,,Alcoholic Beverages < 20% alc.,decadienoic acid (unkn.str.),Acids,,
BEER,,Alcoholic Beverages < 20% alc.,3-hydroxydecanoic acid,Acids,0.16,0.16
BEER,,Alcoholic Beverages < 20% alc.,undecanoic acid,Acids,<0.01,1.4
BEER,,Alcoholic Beverages < 20% alc.,dodecanoic acid (=lauric acid),Acids,0.01,0.7
BEER,,Alcoholic Beverages < 20% alc.,dodecenoic acid (unkn.str.),Acids,0.01,0.01
BEER,,Alcoholic Beverages < 20% alc.,tridecanoic acid,Acids,<0.01,1.2
BEER,,Alcoholic Beverages < 20% alc.,tetradecanoic acid (=myristic acid),Acids,0.02,2.5
BEER,,Alcoholic Beverages < 20% alc.,pentadecanoic acid,Acids,<0.01,0.02
BEER,,Alcoholic Beverages < 20% alc.,hexadecanoic acid (=palmitic acid),Acids,0.03,0.5
BEER,,Alcoholic Beverages < 20% alc.,9-hexadecenoic acid,Acids,0.04,0.16
BEER,,Alcoholic Beverages < 20% alc.,(Z)-9-hexadecenoic acid (=palmitoleic acid),Acids,0.02,0.02
BEER,,Alcoholic Beverages < 20% alc.,heptadecanoic acid (=margaric acid),Acids,<0.01,0.06
BEER,,Alcoholic Beverages < 20% alc.,octadecanoic acid (=stearic acid),Acids,0.02,0.5
BEER,,Alcoholic Beverages < 20% alc.,(Z)-9-octadecenoic acid (=oleic acid),Acids,0.02,0.3
BEER,,Alcoholic Beverages < 20% alc.,"(Z,Z)-9,12-octadecadienoic acid (=linoleic acid)",Acids,0.01,0.6
BEER,,Alcoholic Beverages < 20% alc.,"(Z,Z,Z)-9,12,15-octadecatrienoic acid (=linolenic acid)",Acids,<0.01,0.14
BEER,,Alcoholic Beverages < 20% alc.,"9,10,13-trihydroxy-octadec-11-enoic acid",Acids,4,12
BEER,,Alcoholic Beverages < 20% alc.,docosanoic acid,Acids,,
BEER,,Alcoholic Beverages < 20% alc.,hexacosanoic acid,Acids,,
BEER,,Alcoholic Beverages < 20% alc.,malonic acid (=propanedioic acid),Acids,0.02,0.02
BEER,,Alcoholic Beverages < 20% alc.,succinic acid (=butanedioic acid),Acids,36,166
BEER,,Alcoholic Beverages < 20% alc.,pentanedioic acid (=glutaric acid),Acids,0.01,0.01
BEER,,Alcoholic Beverages < 20% alc.,2-hydroxypentanedioic acid,Acids,0,17
BEER,,Alcoholic Beverages < 20% alc.,2-oxopentanedioic acid,Acids,trace,20
BEER,,Alcoholic Beverages < 20% alc.,heptanedioic acid (=pimelic acid),Acids,0.01,0.01
BEER,,Alcoholic Beverages < 20% alc.,octanedioic acid (=suberic acid),Acids,0.15,0.15
BEER,,Alcoholic Beverages < 20% alc.,nonanedioic acid (=azelaic acid),Acids,1.5,1.5
BEER,,Alcoholic Beverages < 20% alc.,decanedioic acid (=sebacic acid),Acids,0.2,0.2
BEER,,Alcoholic Beverages < 20% alc.,undecanedioic acid,Acids,0.13,0.13
BEER,,Alcoholic Beverages < 20% alc.,dodecanedioic acid,Acids,0.18,0.18
BEER,,Alcoholic Beverages < 20% alc.,malic acid (=hydroxybutanedioic acid),Acids,14,97
BEER,,Alcoholic Beverages < 20% alc.,benzoic acid,Acids,0.45,0.45
BEER,,Alcoholic Beverages < 20% alc.,2-hydroxybenzoic acid (=salicylic acid),Acids,0.001,0.02
BEER,,Alcoholic Beverages < 20% alc.,3-hydroxybenzoic acid,Acids,,
BEER,,Alcoholic Beverages < 20% alc.,4-hydroxybenzoic acid,Acids,0.012,0.7
BEER,,Alcoholic Beverages < 20% alc.,2-methoxybenzoic acid,Acids,,
BEER,,Alcoholic Beverages < 20% alc.,"2,3-dihydroxybenzoic acid",Acids,,
BEER,,Alcoholic Beverages < 20% alc.,"2,4-dihydroxybenzoic acid (=β-resorcylic acid)",Acids,,
BEER,,Alcoholic Beverages < 20% alc.,"2,5-dihydroxybenzoic acid (=gentisic acid)",Acids,0.003,0.005
BEER,,Alcoholic Beverages < 20% alc.,"2,6-dihydroxybenzoic acid (=γ-resorcylic acid)",Acids,,
BEER,,Alcoholic Beverages < 20% alc.,"3,4-dihydroxybenzoic acid (=protocatechuic acid)",Acids,0.013,0.4
BEER,,Alcoholic Beverages < 20% alc.,"3,5-dihydroxybenzoic acid (=α-resorcylic acid)",Acids,,
BEER,,Alcoholic Beverages < 20% alc.,4-hydroxy-3-methoxybenzoic acid (=vanillic acid),Acids,0.0003,3.6
BEER,,Alcoholic Beverages < 20% alc.,"3,4,5-trihydroxybenzoic acid (=gallic acid)",Acids,0.021,0.6
BEER,,Alcoholic Beverages < 20% alc.,"3,4,5-trihydroxy-1-cyclohexene-carboxylic acid (=shikimic acid)",Acids,,
BEER,,Alcoholic Beverages < 20% alc.,quinic acid,Acids,,
BEER,,Alcoholic Beverages < 20% alc.,"4-hydroxy-3,5-dimethoxybenzoic acid (=syringic acid)",Acids,0.0035,1.1
BEER,,Alcoholic Beverages < 20% alc.,phenylacetic acid,Acids,0.93,0.93
BEER,,Alcoholic Beverages < 20% alc.,(2-hydroxyphenyl)acetic acid,Acids,,
BEER,,Alcoholic Beverages < 20% alc.,(3-hydroxyphenyl)acetic acid,Acids,,
BEER,,Alcoholic Beverages < 20% alc.,(4-hydroxyphenyl)acetic acid,Acids,0.04,1.2
BEER,,Alcoholic Beverages < 20% alc.,2-phenylpropanoic acid,Acids,,
BEER,,Alcoholic Beverages < 20% alc.,3-phenylpropanoic acid (=hydrocinnamic acid),Acids,,
BEER,,Alcoholic Beverages < 20% alc.,phenylpropanoic acid (unkn.str.),Acids,0.01,0.01
BEER,,Alcoholic Beverages < 20% alc.,2-oxo-3-phenylpropanoic acid (=3-phenylpyruvic acid),Acids,,
BEER,,Alcoholic Beverages < 20% alc.,cinnamic acid,Acids,0.0033,0.026
BEER,,Alcoholic Beverages < 20% alc.,(Z)-cinnamic acid,Acids,<0.01,<0.01
BEER,,Alcoholic Beverages < 20% alc.,(E)-cinnamic acid,Acids,0.5,0.5
BEER,,Alcoholic Beverages < 20% alc.,2-hydroxy-3-phenylpropanoic acid (=3-phenyllactic acid),Acids,1.2,1.2
BEER,,Alcoholic Beverages < 20% alc.,3-(4-hydroxyphenyl)propanoic acid,Acids,0.02,0.02
BEER,,Alcoholic Beverages < 20% alc.,3-hydroxycinnamic acid (=m-coumaric acid),Acids,,
BEER,,Alcoholic Beverages < 20% alc.,4-hydroxycinnamic acid (=p-coumaric acid),Acids,<0.001,1
BEER,,Alcoholic Beverages < 20% alc.,(E)-4-hydroxycinnamic acid (=(E)-p-coumaric acid),Acids,1.9,1.9
BEER,,Alcoholic Beverages < 20% alc.,(Z)-4-hydroxycinnamic acid (=(Z)-p-coumaric acid),Acids,0.02,0.02
BEER,,Alcoholic Beverages < 20% alc.,6-hydroxycinnamic acid (unkn.str.),Acids,,
BEER,,Alcoholic Beverages < 20% alc.,"3,4-dihydroxycinnamic acid (=caffeic acid)",Acids,0.002,0.3
BEER,,Alcoholic Beverages < 20% alc.,4-hydroxy-3-methoxycinnamic acid (=ferulic acid),Acids,<0.001,6.5
BEER,,Alcoholic Beverages < 20% alc.,(E)-4-hydroxy-3-methoxycinnamic acid (=(E)-ferulic acid),Acids,4.6,4.6
BEER,,Alcoholic Beverages < 20% alc.,(Z)-4-hydroxy-3-methoxycinnamic acid (=(Z)-ferulic acid),Acids,1.1,1.1
BEER,,Alcoholic Beverages < 20% alc.,3-hydroxy-4-methoxycinnamic acid (=isoferulic acid),Acids,,
BEER,,Alcoholic Beverages < 20% alc.,"2,3-dimethoxycinnamic acid",Acids,,
BEER,,Alcoholic Beverages < 20% alc.,"4-hydroxy-3,5-dimethoxycinnamic acid (=sinapic acid)",Acids,0.0007,0.3
BEER,,Alcoholic Beverages < 20% alc.,2-phenylbutanoic acid,Acids,,
BEER,,Alcoholic Beverages < 20% alc.,4-phenylbutanoic acid,Acids,,
BEER,,Alcoholic Beverages < 20% alc.,phthalic acid,Acids,0.02,0.02
BEER,,Alcoholic Beverages < 20% alc.,ethyl formate,Esters,,
BEER,,Alcoholic Beverages < 20% alc.,isobutyl formate,Esters,,
BEER,,Alcoholic Beverages < 20% alc.,isopentyl formate,Esters,,
BEER,,Alcoholic Beverages < 20% alc.,heptyl formate,Esters,,
BEER,,Alcoholic Beverages < 20% alc.,methyl acetate,Esters,,
BEER,,Alcoholic Beverages < 20% alc.,ethyl acetate,Esters,11,64
BEER,,Alcoholic Beverages < 20% alc.,propyl acetate,Esters,0.001,0.01
BEER,,Alcoholic Beverages < 20% alc.,isopropyl acetate,Esters,,
BEER,,Alcoholic Beverages < 20% alc.,"2-oxopropyl acetate (=acetol acetate, 1-acetoxyacetone, acetonyl acetate)",Esters,,
BEER,,Alcoholic Beverages < 20% alc.,butyl acetate,Esters,,
BEER,,Alcoholic Beverages < 20% alc.,isobutyl acetate (=2-methylpropyl acetate),Esters,0.01,0.4
BEER,,Alcoholic Beverages < 20% alc.,"sec-butyl acetate (=2-butyl acetate, 1-methylpropyl acetate)",Esters,,
BEER,,Alcoholic Beverages < 20% alc.,2-methylbutyl acetate,Esters,,
BEER,,Alcoholic Beverages < 20% alc.,"isopentyl acetate (=3-methylbutyl acetate, isoamyl acetate)",Esters,0.1,6
BEER,,Alcoholic Beverages < 20% alc.,hexyl acetate,Esters,0.004,0.1
BEER,,Alcoholic Beverages < 20% alc.,hexyl acetate (branched),Esters,,
BEER,,Alcoholic Beverages < 20% alc.,heptyl acetate,Esters,<0.01,0.03
BEER,,Alcoholic Beverages < 20% alc.,octyl acetate,Esters,0.03,0.03
BEER,,Alcoholic Beverages < 20% alc.,nonyl acetate,Esters,<0.01,<0.01
BEER,,Alcoholic Beverages < 20% alc.,citronellyl acetate,Esters,0.0014,0.0014
BEER,,Alcoholic Beverages < 20% alc.,geranyl acetate,Esters,0.015,0.035
BEER,,Alcoholic Beverages < 20% alc.,phenethyl acetate,Esters,0.003,2.4
BEER,,Alcoholic Beverages < 20% alc.,2-(4-hydroxyphenyl)ethyl acetate (=tyrosyl acetate),Esters,0.2,0.8
BEER,,Alcoholic Beverages < 20% alc.,ethyl propanoate,Esters,0.01,1
BEER,,Alcoholic Beverages < 20% alc.,isopentyl propanoate,Esters,0.02,0.02
BEER,,Alcoholic Beverages < 20% alc.,phenethyl propanoate,Esters,0.01,0.01
BEER,,Alcoholic Beverages < 20% alc.,ethyl 2-methylpropanoate (=ethyl isobutyrate),Esters,0.5,0.5
BEER,,Alcoholic Beverages < 20% alc.,2-methylbutyl 2-methylpropanoate (=2-methylbutyl isobutyrate),Esters,,
BEER,,Alcoholic Beverages < 20% alc.,isopentyl 2-methylpropanoate (=isoamyl isobutyrate),Esters,0.1,0.1
BEER,,Alcoholic Beverages < 20% alc.,hexyl 2-methylpropanoate (=hexyl isobutyrate),Esters,,
BEER,,Alcoholic Beverages < 20% alc.,geranyl 2-methylpropanoate (=geranyl isobutyrate),Esters,0.02,0.02
BEER,,Alcoholic Beverages < 20% alc.,benzyl 2-methylpropanoate (=benzyl isobutyrate),Esters,,
BEER,,Alcoholic Beverages < 20% alc.,phenethyl 2-methylpropanoate (=phenethyl isobutyrate),Esters,,
BEER,,Alcoholic Beverages < 20% alc.,ethyl 2-hydroxypropanoate (=ethyl lactate),Esters,0.3,0.6
BEER,,Alcoholic Beverages < 20% alc.,ethyl butanoate,Esters,0.01,0.4
BEER,,Alcoholic Beverages < 20% alc.,pentyl butanoate,Esters,,
BEER,,Alcoholic Beverages < 20% alc.,hexyl butanoate,Esters,,
BEER,,Alcoholic Beverages < 20% alc.,1-methylhexyl butanoate (=2-heptyl butanoate),Esters,,
BEER,,Alcoholic Beverages < 20% alc.,octyl butanoate,Esters,,
BEER,,Alcoholic Beverages < 20% alc.,phenethyl butanoate,Esters,,
BEER,,Alcoholic Beverages < 20% alc.,ethyl 3-methylbutanoate (=ethyl isovalerate),Esters,0.01,0.01
BEER,,Alcoholic Beverages < 20% alc.,"isopentyl 3-methylbutanoate (=3-methylbutyl 3-methylbutanoate, isoamyl isovalerate)",Esters,0.04,0.04
BEER,,Alcoholic Beverages < 20% alc.,phenethyl 3-methylbutanoate (=phenethyl isovalerate),Esters,0.02,0.02
BEER,,Alcoholic Beverages < 20% alc.,ethyl pentanoate,Esters,,
BEER,,Alcoholic Beverages < 20% alc.,ethyl hexanoate (=ethyl caproate),Esters,0.014,1
BEER,,Alcoholic Beverages < 20% alc.,isobutyl hexanoate,Esters,0.03,0.03
BEER,,Alcoholic Beverages < 20% alc.,pentyl hexanoate,Esters,,
BEER,,Alcoholic Beverages < 20% alc.,isopentyl hexanoate,Esters,0.4,0.4
BEER,,Alcoholic Beverages < 20% alc.,1-methylbutyl hexanoate,Esters,,
BEER,,Alcoholic Beverages < 20% alc.,hexyl hexanoate,Esters,,
BEER,,Alcoholic Beverages < 20% alc.,octyl hexanoate,Esters,,
BEER,,Alcoholic Beverages < 20% alc.,1-methylheptyl hexanoate,Esters,,
BEER,,Alcoholic Beverages < 20% alc.,phenethyl hexanoate,Esters,0.08,0.08
BEER,,Alcoholic Beverages < 20% alc.,ethyl 3-hexenoate,Esters,,
BEER,,Alcoholic Beverages < 20% alc.,ethyl hexenoate (unkn.str.),Esters,,
BEER,,Alcoholic Beverages < 20% alc.,ethyl 5-methylhexanoate,Esters,,
BEER,,Alcoholic Beverages < 20% alc.,methyl 4-methyl-2-hexenoate,Esters,0.013,0.06
BEER,,Alcoholic Beverages < 20% alc.,ethyl heptanoate,Esters,,
BEER,,Alcoholic Beverages < 20% alc.,isopentyl heptanoate,Esters,0.02,0.02
BEER,,Alcoholic Beverages < 20% alc.,ethyl octanoate (=ethyl caprylate),Esters,0.002,4
BEER,,Alcoholic Beverages < 20% alc.,2-methylbutyl octanoate,Esters,0.02,0.02
BEER,,Alcoholic Beverages < 20% alc.,isopentyl octanoate,Esters,0.8,0.8
BEER,,Alcoholic Beverages < 20% alc.,hexyl octanoate,Esters,,
BEER,,Alcoholic Beverages < 20% alc.,phenethyl octanoate,Esters,0.15,0.15
BEER,,Alcoholic Beverages < 20% alc.,ethyl nonanoate,Esters,,
BEER,,Alcoholic Beverages < 20% alc.,isopentyl nonanoate,Esters,,
BEER,,Alcoholic Beverages < 20% alc.,ethyl nonanoate (branched),Esters,,
BEER,,Alcoholic Beverages < 20% alc.,ethyl nonenoate (unkn.str.),Esters,0.05,0.05
BEER,,Alcoholic Beverages < 20% alc.,methyl decanoate,Esters,,
BEER,,Alcoholic Beverages < 20% alc.,ethyl decanoate (=ethyl caprate),Esters,0.001,0.3
BEER,,Alcoholic Beverages < 20% alc.,2-methylbutyl decanoate,Esters,<0.01,<0.01
BEER,,Alcoholic Beverages < 20% alc.,isopentyl decanoate,Esters,0.1,0.1
BEER,,Alcoholic Beverages < 20% alc.,ethyl 4-decenoate,Esters,0.001,0.04
BEER,,Alcoholic Beverages < 20% alc.,isopentyl 4-decenoate,Esters,0.02,0.02
BEER,,Alcoholic Beverages < 20% alc.,ethyl 9-decenoate,Esters,,
BEER,,Alcoholic Beverages < 20% alc.,"ethyl 4,8-decadienoate",Esters,0.001,0.02
BEER,,Alcoholic Beverages < 20% alc.,ethyl dodecanoate (=ethyl laurate),Esters,0.001,0.5
BEER,,Alcoholic Beverages < 20% alc.,isobutyl dodecanoate,Esters,,
BEER,,Alcoholic Beverages < 20% alc.,isopentyl dodecanoate (=3-methylbutyl dodecanoate),Esters,0.01,0.01
BEER,,Alcoholic Beverages < 20% alc.,ethyl tetradecanoate (=ethyl myristate),Esters,,
BEER,,Alcoholic Beverages < 20% alc.,ethyl hexadecanoate (=ethyl palmitate),Esters,,
BEER,,Alcoholic Beverages < 20% alc.,methyl geranate,Esters,0.022,0.022
BEER,,Alcoholic Beverages < 20% alc.,ethyl geranate,Esters,0.004,0.016
BEER,,Alcoholic Beverages < 20% alc.,monoethyl succinate (=monoethyl butanedioate),Esters,0.22,0.22
BEER,,Alcoholic Beverages < 20% alc.,ethyl benzoate,Esters,0.01,0.01
BEER,,Alcoholic Beverages < 20% alc.,isobutyl benzoate,Esters,,
BEER,,Alcoholic Beverages < 20% alc.,pentyl benzoate,Esters,,
BEER,,Alcoholic Beverages < 20% alc.,isopentyl benzoate,Esters,0.01,0.01
BEER,,Alcoholic Beverages < 20% alc.,ethyl phenylacetate,Esters,,
BEER,,Alcoholic Beverages < 20% alc.,ethyl (4-hydroxyphenyl)propanoate (unkn.str.),Esters,0.02,0.02
BEER,,Alcoholic Beverages < 20% alc.,ethyl cinnamate,Esters,<0.01,<0.01
BEER,,Alcoholic Beverages < 20% alc.,"4-hydroxybutanoic acid lactone (=dihydro-2(3H)-furanone, 4-butanolide, γ-butyrolactone)",Lactones,1.3,2
BEER,,Alcoholic Beverages < 20% alc.,"4-hydroxypentanoic acid lactone (=γ-valerolactone, 4-pentanolide)",Lactones,1.6,1.6
BEER,,Alcoholic Beverages < 20% alc.,"5-hydroxypentanoic acid lactone (=δ-pentalactone, tetrahydro-2-pyrone)",Lactones,,
BEER,,Alcoholic Beverages < 20% alc.,"4-hydroxy-4-methylpentanoic acid lactone (=4,4-dimethyl-butanolide)",Lactones,0.002,0.2
BEER,,Alcoholic Beverages < 20% alc.,"4-hydroxyhexanoic acid lactone (=γ-hexalactone, γ-caprolactone, 4-hexanolide)",Lactones,0.02,0.02
BEER,,Alcoholic Beverages < 20% alc.,"4-hydroxyheptanoic acid lactone (=4-heptanolide, γ-heptalactone)",Lactones,0.02,0.02
BEER,,Alcoholic Beverages < 20% alc.,"4-hydroxyoctanoic acid lactone (=4-octanolide, γ-octalactone, 5-butyldihydro-2(3H)-furanone)",Lactones,0.02,0.03
BEER,,Alcoholic Beverages < 20% alc.,"4-hydroxynonanoic acid lactone (=4-nonanolide, γ-nonalactone)",Lactones,0.04,0.38
BEER,,Alcoholic Beverages < 20% alc.,"4-hydroxydecanoic acid lactone (=4-decanolide, γ-decalactone)",Lactones,0.001,0.2
BEER,,Alcoholic Beverages < 20% alc.,"4-hydroxydodecanoic acid lactone (=4-dodecanolide, γ-dodecalactone)",Lactones,,
BEER,,Alcoholic Beverages < 20% alc.,dihydroactinidiolide,Lactones,0.03,0.03
BEER,,Alcoholic Beverages < 20% alc.,methylamine,Bases,,
BEER,,Alcoholic Beverages < 20% alc.,ethylamine,Bases,0.1,0.3
BEER,,Alcoholic Beverages < 20% alc.,propylamine,Bases,,
BEER,,Alcoholic Beverages < 20% alc.,butylamine,Bases,,
BEER,,Alcoholic Beverages < 20% alc.,isobutylamine,Bases,0.05,0.1
BEER,,Alcoholic Beverages < 20% alc.,sec-butylamine,Bases,,
BEER,,Alcoholic Beverages < 20% alc.,pentylamine,Bases,,
BEER,,Alcoholic Beverages < 20% alc.,isopentylamine,Bases,,
BEER,,Alcoholic Beverages < 20% alc.,hexylamine,Bases,,
BEER,,Alcoholic Beverages < 20% alc.,dimethylamine,Bases,0.4,1.2
BEER,,Alcoholic Beverages < 20% alc.,diisobutylamine,Bases,,
BEER,,Alcoholic Beverages < 20% alc.,trimethylamine,Bases,0.03,0.06
BEER,,Alcoholic Beverages < 20% alc.,N-butyldimethylamine,Bases,,
BEER,,Alcoholic Beverages < 20% alc.,tripropylamine,Bases,,
BEER,,Alcoholic Beverages < 20% alc.,"1,3-propanediamine",Bases,,
BEER,,Alcoholic Beverages < 20% alc.,"1,4-butanediamine (=putrescine)",Bases,0.5,7.5
BEER,,Alcoholic Beverages < 20% alc.,"N,N'-dimethyl-1,4-butanediamine",Bases,,
BEER,,Alcoholic Beverages < 20% alc.,"1,5-pentanediamine (=cadaverine)",Bases,0,37.5
BEER,,Alcoholic Beverages < 20% alc.,(4-hydroxybenzyl)amine,Bases,,
BEER,,Alcoholic Beverages < 20% alc.,phenethylamine,Bases,0,4.2
BEER,,Alcoholic Beverages < 20% alc.,2-(4-hydroxyphenyl)ethylamine (=tyramine),Bases,0.1,53
BEER,,Alcoholic Beverages < 20% alc.,(4-aminobutyl)guanidine (=agmatine),Bases,13,27
BEER,,Alcoholic Beverages < 20% alc.,histamine,Bases,0,25
BEER,,Alcoholic Beverages < 20% alc.,pyrrolidine,Bases,,
BEER,,Alcoholic Beverages < 20% alc.,2-pyrrolidone (=γ-butyrolactam),Bases,,
BEER,,Alcoholic Beverages < 20% alc.,1-methyl-2-pyrrolidone,Bases,,
BEER,,Alcoholic Beverages < 20% alc.,2-pyrrolidone-5-carboxylic acid,Bases,26,137
BEER,,Alcoholic Beverages < 20% alc.,2-acetyl-1-pyrroline,Bases,,
BEER,,Alcoholic Beverages < 20% alc.,pyrrole,Bases,<0.001,0.002
BEER,,Alcoholic Beverages < 20% alc.,2-methylpyrrole,Bases,,
BEER,,Alcoholic Beverages < 20% alc.,1-furfurylpyrrole,Bases,,
BEER,,Alcoholic Beverages < 20% alc.,2-pyrrolecarbaldehyde (=2-formylpyrrole),Bases,,
BEER,,Alcoholic Beverages < 20% alc.,5-methyl-2-pyrrolecarbaldehyde (=2-formyl-5-methylpyrrole),Bases,,
BEER,,Alcoholic Beverages < 20% alc.,methylpyrrolecarbaldehyde (unkn.str.) (=formyl-methylpyrrole (unkn.str.)),Bases,,
BEER,,Alcoholic Beverages < 20% alc.,1-furfuryl-2-pyrrolecarbaldehyde (=2-formyl-1-furfurylpyrrole),Bases,<0.01,<0.01
BEER,,Alcoholic Beverages < 20% alc.,1-acetylpyrrole,Bases,,
BEER,,Alcoholic Beverages < 20% alc.,2-acetylpyrrole (=methyl 2-pyrrolyl ketone),Bases,0.04,1.7
BEER,,Alcoholic Beverages < 20% alc.,acetylpyrrole (unkn.str.),Bases,trace,0.02
BEER,,Alcoholic Beverages < 20% alc.,2-acetyl-5-methylpyrrole,Bases,,
BEER,,Alcoholic Beverages < 20% alc.,"2,3-dihydro-6-methyl-1H-pyrrolizine-5-carbaldehyde",Bases,,
BEER,,Alcoholic Beverages < 20% alc.,"5-acetyl-2,3-dihydro-1H-pyrrolizine",Bases,,
BEER,,Alcoholic Beverages < 20% alc.,indole,Bases,0.001,0.003
BEER,,Alcoholic Beverages < 20% alc.,tryptamine,Bases,0,7.5
BEER,,Alcoholic Beverages < 20% alc.,3-indoleethanol (=tryptophol),Bases,0.1,31
BEER,,Alcoholic Beverages < 20% alc.,1-methylpiperidine,Bases,,
BEER,,Alcoholic Beverages < 20% alc.,pyridine,Bases,0.006,0.006
BEER,,Alcoholic Beverages < 20% alc.,3-methylpyridine (=β-picoline),Bases,0.0008,0.0008
BEER,,Alcoholic Beverages < 20% alc.,methylpyridine (unkn.str.) (=picoline (unkn.str.)),Bases,,
BEER,,Alcoholic Beverages < 20% alc.,2-ethylpyridine,Bases,,
BEER,,Alcoholic Beverages < 20% alc.,3-ethylpyridine,Bases,0.0002,0.0002
BEER,,Alcoholic Beverages < 20% alc.,4-ethylpyridine,Bases,,
BEER,,Alcoholic Beverages < 20% alc.,"2,4-dimethylpyridine (=2,4-lutidine)",Bases,,
BEER,,Alcoholic Beverages < 20% alc.,"2,5-dimethylpyridine (=2,5-lutidine)",Bases,,
BEER,,Alcoholic Beverages < 20% alc.,"2,6-dimethylpyridine (=2,6-lutidine)",Bases,,
BEER,,Alcoholic Beverages < 20% alc.,"3,4-dimethylpyridine (=3,4-lutidine)",Bases,,
BEER,,Alcoholic Beverages < 20% alc.,"3,5-dimethylpyridine (=3,5-lutidine)",Bases,,
BEER,,Alcoholic Beverages < 20% alc.,2-acetylpyridine,Bases,0.001,0.006
BEER,,Alcoholic Beverages < 20% alc.,3-acetylpyridine,Bases,,
BEER,,Alcoholic Beverages < 20% alc.,methyl nicotinate,Bases,,
BEER,,Alcoholic Beverages < 20% alc.,ethyl nicotinate,Bases,0.001,1.4
BEER,,Alcoholic Beverages < 20% alc.,isopentyl nicotinate,Bases,,
BEER,,Alcoholic Beverages < 20% alc.,phenethyl nicotinate,Bases,,
BEER,,Alcoholic Beverages < 20% alc.,pyrazine,Bases,,
BEER,,Alcoholic Beverages < 20% alc.,methylpyrazine,Bases,0.001,0.07
BEER,,Alcoholic Beverages < 20% alc.,ethylpyrazine,Bases,0.01,0.01
BEER,,Alcoholic Beverages < 20% alc.,(2-furyl)pyrazine,Bases,0.025,0.025
BEER,,Alcoholic Beverages < 20% alc.,"2,3-dimethylpyrazine",Bases,<0.001,0.015
BEER,,Alcoholic Beverages < 20% alc.,"2,5-dimethylpyrazine",Bases,<0.002,0.11
BEER,,Alcoholic Beverages < 20% alc.,"2,6-dimethylpyrazine",Bases,0.001,0.035
BEER,,Alcoholic Beverages < 20% alc.,2-ethyl-3-methylpyrazine,Bases,,
BEER,,Alcoholic Beverages < 20% alc.,2-ethyl-5-methylpyrazine,Bases,,
BEER,,Alcoholic Beverages < 20% alc.,2-ethyl-6-methylpyrazine,Bases,0.035,0.035
BEER,,Alcoholic Beverages < 20% alc.,2-ethyl-5(or 6)-methylpyrazine,Bases,,
BEER,,Alcoholic Beverages < 20% alc.,(2-furyl)-methylpyrazine (unkn.str.),Bases,0.01,0.01
BEER,,Alcoholic Beverages < 20% alc.,trimethylpyrazine,Bases,0.0008,0.02
BEER,,Alcoholic Beverages < 20% alc.,"5-ethyl-2,3-dimethylpyrazine",Bases,,
BEER,,Alcoholic Beverages < 20% alc.,"3-ethyl-2,5-dimethylpyrazine",Bases,0.001,0.02
BEER,,Alcoholic Beverages < 20% alc.,"2-ethyl-3,5-dimethylpyrazine",Bases,<0.001,0.01
BEER,,Alcoholic Beverages < 20% alc.,(2-furyl)-dimethylpyrazine (unkn.str.),Bases,,
BEER,,Alcoholic Beverages < 20% alc.,tetramethylpyrazine,Bases,,
BEER,,Alcoholic Beverages < 20% alc.,5-methyl-5H-cyclopentapyrazine,Bases,,
BEER,,Alcoholic Beverages < 20% alc.,"6,7-dihydro-5H-cyclopentapyrazine",Bases,0.01,0.01
BEER,,Alcoholic Beverages < 20% alc.,"6,7-dihydro-2-methyl-5H-cyclopentapyrazine",Bases,0.01,0.01
BEER,,Alcoholic Beverages < 20% alc.,"6,7-dihydro-5-methyl-5H-cyclopentapyrazine",Bases,0.015,0.015
BEER,,Alcoholic Beverages < 20% alc.,"1,2,3,4-tetrahydro-9H-pyrido[3,4-b]indole-3-carboxylic acid",Bases,0.0027,0.0109
BEER,,Alcoholic Beverages < 20% alc.,"1,2,3,4-tetrahydro-1-methyl-9H-pyrido[3,4-b]indole-3-carboxylic acid",Bases,0.0003,0.0042
BEER,,Alcoholic Beverages < 20% alc.,methanethiol (=methyl mercaptan),Sulfur compounds,0,0.005
BEER,,Alcoholic Beverages < 20% alc.,ethanethiol (=ethyl mercaptan),Sulfur compounds,0,0.006
BEER,,Alcoholic Beverages < 20% alc.,1-propanethiol (=propyl mercaptan),Sulfur compounds,trace,0.00022
BEER,,Alcoholic Beverages < 20% alc.,2-propanethiol (=isopropyl mercaptan),Sulfur compounds,trace,trace
BEER,,Alcoholic Beverages < 20% alc.,2-methyl-1-propanethiol (=isobutyl mercaptan),Sulfur compounds,trace,trace
BEER,,Alcoholic Beverages < 20% alc.,1-butanethiol (=butyl mercaptan),Sulfur compounds,trace,trace
BEER,,Alcoholic Beverages < 20% alc.,3-methyl-1-butanethiol,Sulfur compounds,0,0.0009
BEER,,Alcoholic Beverages < 20% alc.,2-butanethiol (=sec-butyl mercaptan),Sulfur compounds,0.0001,0.0002
BEER,,Alcoholic Beverages < 20% alc.,3-methyl-2-butene-1-thiol,Sulfur compounds,1E-006,5E-006
BEER,,Alcoholic Beverages < 20% alc.,1-pentanethiol (=pentyl mercaptan),Sulfur compounds,0.0001,0.008
BEER,,Alcoholic Beverages < 20% alc.,hydrogen sulfide,Sulfur compounds,0,0.0224
BEER,,Alcoholic Beverages < 20% alc.,ethylene sulfide (=thiirane),Sulfur compounds,0,0.0017
BEER,,Alcoholic Beverages < 20% alc.,"dimethyl sulfide (=thiobismethane, methylthiomethane, methyl sulfide)",Sulfur compounds,0.007,0.2
BEER,,Alcoholic Beverages < 20% alc.,diethyl sulfide (=ethylthioethane),Sulfur compounds,0.0002,0.0017
BEER,,Alcoholic Beverages < 20% alc.,butyl methyl sulfide (=1-(methylthio)butane),Sulfur compounds,0.001,0.001
BEER,,Alcoholic Beverages < 20% alc.,carbon disulfide,Sulfur compounds,1E-005,0.026
BEER,,Alcoholic Beverages < 20% alc.,dimethyl disulfide (=methyldithiomethane),Sulfur compounds,0,0.01
BEER,,Alcoholic Beverages < 20% alc.,"diethyl disulfide (=ethyldithioethane, 3,4-dithiahexane)",Sulfur compounds,0,0.002
BEER,,Alcoholic Beverages < 20% alc.,"dimethyl trisulfide (=2,3,4-trithiapentane, methyltrithiomethane)",Sulfur compounds,0,0.002
BEER,,Alcoholic Beverages < 20% alc.,dimethyl tetrasulfide (=methyltetrathiomethane),Sulfur compounds,0.0002,0.001
BEER,,Alcoholic Beverages < 20% alc.,3-(methylthio)-1-propanol (=methionol),Sulfur compounds,0.3,4
BEER,,Alcoholic Beverages < 20% alc.,3-(methylthio)propanal (=methional),Sulfur compounds,,
BEER,,Alcoholic Beverages < 20% alc.,3-(methylthio)propyl acetate (=methionyl acetate),Sulfur compounds,0.009,0.1
BEER,,Alcoholic Beverages < 20% alc.,3-(methylthio)propanoic acid,Sulfur compounds,0.03,0.03
BEER,,Alcoholic Beverages < 20% alc.,S-methyl acetothioate (=methanethiol acetate),Sulfur compounds,0.0006,0.096
BEER,,Alcoholic Beverages < 20% alc.,S-ethyl acetothioate,Sulfur compounds,0.0008,0.004
BEER,,Alcoholic Beverages < 20% alc.,ethyl acetothioate (=ethyl thioacetate),Sulfur compounds,0,0.006
BEER,,Alcoholic Beverages < 20% alc.,(methylthio)acetic acid,Sulfur compounds,0.006,0.01
BEER,,Alcoholic Beverages < 20% alc.,S-methyl 2-methylpropanethioate,Sulfur compounds,trace,0.0001
BEER,,Alcoholic Beverages < 20% alc.,ethyl 3-(methylthio)propanoate,Sulfur compounds,0.00025,0.0035
BEER,,Alcoholic Beverages < 20% alc.,2-hydroxy-4-(methylthio)butanoic acid,Sulfur compounds,0,0.2
BEER,,Alcoholic Beverages < 20% alc.,S-methyl 2-methylbutanethioate,Sulfur compounds,trace,0.0001
BEER,,Alcoholic Beverages < 20% alc.,S-methyl 4-methylpentanethioate,Sulfur compounds,,
BEER,,Alcoholic Beverages < 20% alc.,S-methyl hexanethioate,Sulfur compounds,trace,0.0001
BEER,,Alcoholic Beverages < 20% alc.,dimethyl sulfoxide (=methylsulfinylmethane),Sulfur compounds,0.9,1.4
BEER,,Alcoholic Beverages < 20% alc.,dimethyl sulfone (=methylsulfonylmethane),Sulfur compounds,0.1,0.1
BEER,,Alcoholic Beverages < 20% alc.,2-methyl-3(2H)-dihydrothiophenone (=2-methyl-3-thiolanone),Sulfur compounds,<0.01,0.04
BEER,,Alcoholic Beverages < 20% alc.,2-thiophenecarboxylic acid,Sulfur compounds,<0.01,<0.01
BEER,,Alcoholic Beverages < 20% alc.,myrcene disulfide,Sulfur compounds,,
BEER,,Alcoholic Beverages < 20% alc.,thiazole,Sulfur compounds,<0.001,0.009
BEER,,Alcoholic Beverages < 20% alc.,4-methylthiazole,Sulfur compounds,<0.001,0.002
BEER,,Alcoholic Beverages < 20% alc.,benzothiazole,Sulfur compounds,0.001,0.005
BEER,,Alcoholic Beverages < 20% alc.,5-(2-hydroxyethyl)-4-methylthiazole,Sulfur compounds,,
BEER,,Alcoholic Beverages < 20% alc.,2-acetylthiazole,Sulfur compounds,<0.001,0.006
BEER,,Alcoholic Beverages < 20% alc.,"1,1-diethoxyethane (=acetal, acetaldehyde diethyl acetal)",Acetals,,
BEER,,Alcoholic Beverages < 20% alc.,hop ether,Ethers,0.0008,0.04
BEER,,Alcoholic Beverages < 20% alc.,"karahana ether (=8,8-dimethyl-2-methylene-6-oxabicyclo- [3.2.1]octane)",Ethers,0.0008,0.06
BEER,,Alcoholic Beverages < 20% alc.,"N,N-dimethylformamide",Nitriles and amides,,
BEER,,Alcoholic Beverages < 20% alc.,N-methylacetamide,Nitriles and amides,,
BEER,,Alcoholic Beverages < 20% alc.,N-ethylacetamide,Nitriles and amides,,
BEER,,Alcoholic Beverages < 20% alc.,N-(2-methylbutyl)acetamide,Nitriles and amides,,
BEER,,Alcoholic Beverages < 20% alc.,N-isopentylacetamide,Nitriles and amides,,
BEER,,Alcoholic Beverages < 20% alc.,N-(2-phenethyl)acetamide,Nitriles and amides,,
BEER,,Alcoholic Beverages < 20% alc.,N-furfurylacetamide,Nitriles and amides,,
BEER,,Alcoholic Beverages < 20% alc.,"N,N-dimethylacetamide",Nitriles and amides,,
BEER,,Alcoholic Beverages < 20% alc.,phenol (=hydroxybenzene),Phenols,<0.005,0.01
BEER,,Alcoholic Beverages < 20% alc.,2-methylphenol (=o-cresol),Phenols,,
BEER,,Alcoholic Beverages < 20% alc.,3-methylphenol (=m-cresol),Phenols,,
BEER,,Alcoholic Beverages < 20% alc.,4-methylphenol (=p-cresol),Phenols,,
BEER,,Alcoholic Beverages < 20% alc.,methylphenol (unkn.str.) (=cresol (unkn.str.)),Phenols,0.03,0.06
BEER,,Alcoholic Beverages < 20% alc.,4-ethylphenol,Phenols,0.01,0.08
BEER,,Alcoholic Beverages < 20% alc.,4-[2-(dimethylamino)ethyl]phenol (=hordenine),Phenols,0.5,7.1
BEER,,Alcoholic Beverages < 20% alc.,4-vinylphenol,Phenols,0.04,1.5
BEER,,Alcoholic Beverages < 20% alc.,carvacrol (=5-isopropyl-2-methylphenol),Phenols,0.2,2
BEER,,Alcoholic Beverages < 20% alc.,"1,2-benzenediol (=pyrocatechol, catechol and catechin)",Phenols,,
BEER,,Alcoholic Beverages < 20% alc.,"1,3-benzenediol (=resorcinol)",Phenols,,
BEER,,Alcoholic Beverages < 20% alc.,"1,4-benzenediol (=hydroquinone)",Phenols,,
BEER,,Alcoholic Beverages < 20% alc.,"5-methyl-1,3-benzenediol",Phenols,,
BEER,,Alcoholic Beverages < 20% alc.,2-methoxyphenol (=guaiacol),Phenols,<0.005,0.04
BEER,,Alcoholic Beverages < 20% alc.,"2-methoxy-4-methylphenol (=4-methylguaiacol, creosol)",Phenols,0.2,0.4
BEER,,Alcoholic Beverages < 20% alc.,4-ethyl-2-methoxyphenol (=4-ethylguaiacol),Phenols,<0.01,1.3
BEER,,Alcoholic Beverages < 20% alc.,2-methoxy-4-vinylphenol (=4-vinylguaiacol),Phenols,<0.005,3.8
BEER,,Alcoholic Beverages < 20% alc.,4-isopropyl-2-methoxyphenol (=4-isopropylguaiacol),Phenols,0,0.3
BEER,,Alcoholic Beverages < 20% alc.,eugenol (=4-allyl-2-methoxyphenol),Phenols,0.03,0.04
BEER,,Alcoholic Beverages < 20% alc.,isoeugenol (=2-methoxy-4-(1-propenyl)-phenol),Phenols,<0.005,0.01
BEER,,Alcoholic Beverages < 20% alc.,"1,2,3-benzenetriol (=pyrogallol)",Phenols,,
BEER,,Alcoholic Beverages < 20% alc.,"1,3,5-benzenetriol (=phloroglucinol)",Phenols,,
BEER,,Alcoholic Beverages < 20% alc.,"2,6-dimethoxy-4-methylphenol (=4-methylsyringol)",Phenols,<0.005,<0.005
BEER,,Alcoholic Beverages < 20% alc.,"4-ethyl-2,6-dimethoxyphenol (=4-ethylsyringol)",Phenols,<0.01,<0.01
BEER,,Alcoholic Beverages < 20% alc.,"2,6-dimethoxy-4-vinylphenol (=4-vinylsyringol)",Phenols,<0.01,0.03
BEER,,Alcoholic Beverages < 20% alc.,"2,6-dimethoxy-4-propylphenol (=4-propylsyringol)",Phenols,<0.005,<0.005
BEER,,Alcoholic Beverages < 20% alc.,"2,6-dimethoxy-4-propenylphenol (unkn.str.) (=4-propenyl-syringol (unkn.str.))",Phenols,<0.01,<0.01
BEER,,Alcoholic Beverages < 20% alc.,"linalool oxide B (cis, 5-ring)",Furans,0.006,0.006
BEER,,Alcoholic Beverages < 20% alc.,"linalool oxide A (trans, 5-ring)",Furans,0.009,0.009
BEER,,Alcoholic Beverages < 20% alc.,furan,Furans,0.01,0.01
BEER,,Alcoholic Beverages < 20% alc.,"furfural (=2-formylfuran, 2-furancarbaldehyde, 2-furaldehyde)",Furans,0,0.3
BEER,,Alcoholic Beverages < 20% alc.,5-methylfurfural,Furans,<0.01,<0.01
BEER,,Alcoholic Beverages < 20% alc.,5-(hydroxymethyl)furfural,Furans,0.5,8
BEER,,Alcoholic Beverages < 20% alc.,2-methyldihydro-3(2H)-furanone,Furans,0.03,0.03
BEER,,Alcoholic Beverages < 20% alc.,"2(5H)-furanone (=crotonolactone, 2-buten-4-olide, 4-hydroxy-2-butenoic acid lactone)",Furans,0.01,0.01
BEER,,Alcoholic Beverages < 20% alc.,"3-hydroxy-4,5-dimethyl-2(5H)-furanone (=sotolone)",Furans,,
BEER,,Alcoholic Beverages < 20% alc.,"5,5-dimethyl-2(5H)-furanone (=4,4-dimethyl-2-buten-1,4-olide)",Furans,0.004,1.8
BEER,,Alcoholic Beverages < 20% alc.,"4-hydroxy-2,5-dimethyl-3(2H)-furanone (=furaneol)",Furans,0.19,2.6
BEER,,Alcoholic Beverages < 20% alc.,"2-acetylfuran (=2-furyl methyl ketone, 1-(2-furyl)ethanone)",Furans,0.03,0.15
BEER,,Alcoholic Beverages < 20% alc.,acetylfuran (unkn.str.),Furans,0,0.01
BEER,,Alcoholic Beverages < 20% alc.,2-acetyl-5-methylfuran,Furans,<0.01,<0.01
BEER,,Alcoholic Beverages < 20% alc.,2-acetyl-3-hydroxyfuran (=isomaltol),Furans,0.8,0.8
BEER,,Alcoholic Beverages < 20% alc.,"furfuryl alcohol (=(2-furyl)-methanol, 2-furanmethanol)",Furans,0.2,8
BEER,,Alcoholic Beverages < 20% alc.,5-methylfurfuryl alcohol,Furans,<0.01,0.02
BEER,,Alcoholic Beverages < 20% alc.,"2,5-bis(hydroxymethyl)furan",Furans,8,25
BEER,,Alcoholic Beverages < 20% alc.,2-furancarboxylic acid (=2-furoic acid),Furans,0.3,0.8
BEER,,Alcoholic Beverages < 20% alc.,ethyl 2-furancarboxylate (=ethyl 2-furoate),Furans,0.01,0.05
BEER,,Alcoholic Beverages < 20% alc.,furfuryl acetate (=2-furanmethanol acetate),Furans,0.03,0.06
BEER,,Alcoholic Beverages < 20% alc.,humulene epoxide I,"(Ep)oxides, pyrans, coumarins",trace,0.1
BEER,,Alcoholic Beverages < 20% alc.,humulene epoxide II,"(Ep)oxides, pyrans, coumarins",0.007,0.14
BEER,,Alcoholic Beverages < 20% alc.,humulene diepoxide (4 isomers),"(Ep)oxides, pyrans, coumarins",0.01,0.13
BEER,,Alcoholic Beverages < 20% alc.,humulene diepoxide (5 isomers),"(Ep)oxides, pyrans, coumarins",0.08,0.17
BEER,,Alcoholic Beverages < 20% alc.,humulene diepoxide (unkn.str.),"(Ep)oxides, pyrans, coumarins",0.0026,0.0026
BEER,,Alcoholic Beverages < 20% alc.,β-caryophyllene oxide,"(Ep)oxides, pyrans, coumarins",0.002,0.08
BEER,,Alcoholic Beverages < 20% alc.,aromadendrene oxide,"(Ep)oxides, pyrans, coumarins",,
BEER,,Alcoholic Beverages < 20% alc.,alloaromadendrene oxide,"(Ep)oxides, pyrans, coumarins",,
BEER,,Alcoholic Beverages < 20% alc.,linalool oxide (unkn.str.),"(Ep)oxides, pyrans, coumarins",0.02,0.02
BEER,,Alcoholic Beverages < 20% alc.,cis-linalool oxide (unkn.str.),"(Ep)oxides, pyrans, coumarins",,
BEER,,Alcoholic Beverages < 20% alc.,trans-linalool oxide (unkn.str.),"(Ep)oxides, pyrans, coumarins",,
BEER,,Alcoholic Beverages < 20% alc.,3-hydroxy-2-methyl-4-pyrone (=maltol),"(Ep)oxides, pyrans, coumarins",8,8
BEER,,Alcoholic Beverages < 20% alc.,"2,3-dihydro-3,5-dihydroxy-6-methyl-4-pyrone (=5,6-dihydro-5-hydroxymaltol)","(Ep)oxides, pyrans, coumarins",23,23
BEER,,Alcoholic Beverages < 20% alc.,"3,5-dihydroxy-2-methyl-4-pyrone (=5-hydroxymaltol)","(Ep)oxides, pyrans, coumarins",1.2,1.2
BEER,,Alcoholic Beverages < 20% alc.,7-hydroxycoumarin (=umbelliferone),"(Ep)oxides, pyrans, coumarins",,
BEER,,Alcoholic Beverages < 20% alc.,"7,8-dihydroxycoumarin","(Ep)oxides, pyrans, coumarins",,
BEER,,Alcoholic Beverages < 20% alc.,7-hydroxy-6-methoxycoumarin (=scopoletin),"(Ep)oxides, pyrans, coumarins",,
BEER,,Alcoholic Beverages < 20% alc.,"7,7-dimethyl-6,8-dioxa-bicyclo[3.2.1]octane","(Ep)oxides, pyrans, coumarins",0.05,0.05
BEER,,Alcoholic Beverages < 20% alc.,"2,2,7,7-tetramethyl-1,6-dioxa-spiro[4.4]non-3-ene (=dihydrospiroacetal)","(Ep)oxides, pyrans, coumarins",<0.01,<0.01
BEER,,Alcoholic Beverages < 20% alc.,"2,2,7,7-tetramethyl-1,6-dioxa-spiro[4.4]nona-3,8-diene (=spiroacetal)","(Ep)oxides, pyrans, coumarins",0.001,0.01
BEER,,Alcoholic Beverages < 20% alc.,"2,4,5-trimethyl-1,3-dioxolane","(Ep)oxides, pyrans, coumarins",0.1,0.1
BEER,,Alcoholic Beverages < 20% alc.,2(3H)-benzoxazolone (=2-benzoxazolinone),Oxazol(in)es,1.5,5.6
,GRAPE BRANDY,Alcoholic Beverages > 20% alc.,"(E,E)-α-farnesene (=α-farnesene)",Hydrocarbons,trace,trace
,GRAPE BRANDY,Alcoholic Beverages > 20% alc.,limonene,Hydrocarbons,,
,GRAPE BRANDY,Alcoholic Beverages > 20% alc.,"1,2-dimethylbenzene (=o-xylene)",Hydrocarbons,,
,GRAPE BRANDY,Alcoholic Beverages > 20% alc.,"1,2-dihydro-1,1,6-trimethylnaphthalene (=3,4-dehydroionene)",Hydrocarbons,,
,GRAPE BRANDY,Alcoholic Beverages > 20% alc.,methanol,Alcohols,40.85,2360
,GRAPE BRANDY,Alcoholic Beverages > 20% alc.,"2,2-diethoxyethanol",Alcohols,,
,GRAPE BRANDY,Alcoholic Beverages > 20% alc.,1-propanol (=propyl alcohol),Alcohols,18,5330
,GRAPE BRANDY,Alcoholic Beverages > 20% alc.,3-ethoxy-1-propanol,Alcohols,,
,GRAPE BRANDY,Alcoholic Beverages > 20% alc.,2-propanol (=isopropyl alcohol),Alcohols,,
,GRAPE BRANDY,Alcoholic Beverages > 20% alc.,"1,3-diethoxy-2-propanol",Alcohols,,
,GRAPE BRANDY,Alcoholic Beverages > 20% alc.,1-ethoxy-3-propoxy-2-propanol,Alcohols,,
,GRAPE BRANDY,Alcoholic Beverages > 20% alc.,2-propen-1-ol (=allyl alcohol),Alcohols,0.34,13.9
,GRAPE BRANDY,Alcoholic Beverages > 20% alc.,2-methyl-1-propanol (=isobutanol),Alcohols,16,720
,GRAPE BRANDY,Alcoholic Beverages > 20% alc.,1-butanol,Alcohols,trace,40
,GRAPE BRANDY,Alcoholic Beverages > 20% alc.,2-butanol (=sec-butanol),Alcohols,trace,200
,GRAPE BRANDY,Alcoholic Beverages > 20% alc.,2-methyl-1-butanol (=active amyl alcohol),Alcohols,25,767
,GRAPE BRANDY,Alcoholic Beverages > 20% alc.,3-methyl-1-butanol (=isoamyl alcohol),Alcohols,103,2500
,GRAPE BRANDY,Alcoholic Beverages > 20% alc.,3-methyl-3-buten-1-ol,Alcohols,,
,GRAPE BRANDY,Alcoholic Beverages > 20% alc.,1-pentanol (=amyl alcohol),Alcohols,0.1,1.2
,GRAPE BRANDY,Alcoholic Beverages > 20% alc.,2-pentanol,Alcohols,0.03,0.03
,GRAPE BRANDY,Alcoholic Beverages > 20% alc.,3-pentanol,Alcohols,0.02,0.02
,GRAPE BRANDY,Alcoholic Beverages > 20% alc.,3-methyl-1-pentanol,Alcohols,0.1,0.8
,GRAPE BRANDY,Alcoholic Beverages > 20% alc.,4-methyl-1-pentanol,Alcohols,,
,GRAPE BRANDY,Alcoholic Beverages > 20% alc.,3-ethyl-4-methyl-1-pentanol,Alcohols,trace,trace
,GRAPE BRANDY,Alcoholic Beverages > 20% alc.,1-hexanol,Alcohols,0,110
,GRAPE BRANDY,Alcoholic Beverages > 20% alc.,3-hexanol,Alcohols,,
,GRAPE BRANDY,Alcoholic Beverages > 20% alc.,2-hexen-1-ol,Alcohols,,
,GRAPE BRANDY,Alcoholic Beverages > 20% alc.,(E)-2-hexen-1-ol,Alcohols,0.05,0.8
,GRAPE BRANDY,Alcoholic Beverages > 20% alc.,(Z)-2-hexen-1-ol,Alcohols,0.04,0.04
,GRAPE BRANDY,Alcoholic Beverages > 20% alc.,3-hexen-1-ol,Alcohols,,
,GRAPE BRANDY,Alcoholic Beverages > 20% alc.,(Z)-3-hexen-1-ol (=leaf alcohol),Alcohols,0.19,2.32
,GRAPE BRANDY,Alcoholic Beverages > 20% alc.,(E)-3-hexen-1-ol,Alcohols,,
,GRAPE BRANDY,Alcoholic Beverages > 20% alc.,2-ethyl-1-hexanol,Alcohols,0.04,0.08
,GRAPE BRANDY,Alcoholic Beverages > 20% alc.,1-heptanol,Alcohols,trace,0.9
,GRAPE BRANDY,Alcoholic Beverages > 20% alc.,2-heptanol,Alcohols,0.1,0.5
,GRAPE BRANDY,Alcoholic Beverages > 20% alc.,3-heptanol,Alcohols,,
,GRAPE BRANDY,Alcoholic Beverages > 20% alc.,4-heptanol,Alcohols,,
,GRAPE BRANDY,Alcoholic Beverages > 20% alc.,(E)-2-hepten-1-ol,Alcohols,,
,GRAPE BRANDY,Alcoholic Beverages > 20% alc.,6-methyl-5-hepten-2-ol,Alcohols,,
,GRAPE BRANDY,Alcoholic Beverages > 20% alc.,"2,6-dimethyl-4-heptanol",Alcohols,,
,GRAPE BRANDY,Alcoholic Beverages > 20% alc.,1-octanol,Alcohols,0.2,0.8
,GRAPE BRANDY,Alcoholic Beverages > 20% alc.,2-octanol,Alcohols,0.009,0.009
,GRAPE BRANDY,Alcoholic Beverages > 20% alc.,3-octanol,Alcohols,,
,GRAPE BRANDY,Alcoholic Beverages > 20% alc.,(E)-2-octen-1-ol,Alcohols,,
,GRAPE BRANDY,Alcoholic Beverages > 20% alc.,1-octen-3-ol,Alcohols,0.1,0.2
,GRAPE BRANDY,Alcoholic Beverages > 20% alc.,"4,6-dimethyl-4-octanol",Alcohols,,
,GRAPE BRANDY,Alcoholic Beverages > 20% alc.,"4,7-dimethyl-4-octanol",Alcohols,,
,GRAPE BRANDY,Alcoholic Beverages > 20% alc.,"3,7-dimethyl-1,5,7-octatrien-3-ol (=hotrienol)",Alcohols,,
,GRAPE BRANDY,Alcoholic Beverages > 20% alc.,1-nonanol,Alcohols,0.05,0.05
,GRAPE BRANDY,Alcoholic Beverages > 20% alc.,2-nonanol,Alcohols,,
,GRAPE BRANDY,Alcoholic Beverages > 20% alc.,(E)-2-nonen-1-ol,Alcohols,,
,GRAPE BRANDY,Alcoholic Beverages > 20% alc.,1-decanol,Alcohols,0.07,0.8
,GRAPE BRANDY,Alcoholic Beverages > 20% alc.,4-decen-1-ol,Alcohols,,
,GRAPE BRANDY,Alcoholic Beverages > 20% alc.,9-decen-1-ol,Alcohols,,
,GRAPE BRANDY,Alcoholic Beverages > 20% alc.,2-undecanol,Alcohols,,
,GRAPE BRANDY,Alcoholic Beverages > 20% alc.,(Z)-6-undecen-2-ol,Alcohols,,
,GRAPE BRANDY,Alcoholic Beverages > 20% alc.,(E)-6-undecen-2-ol,Alcohols,,
,GRAPE BRANDY,Alcoholic Beverages > 20% alc.,6-undecen-2-ol,Alcohols,,
,GRAPE BRANDY,Alcoholic Beverages > 20% alc.,1-dodecanol,Alcohols,trace,trace
,GRAPE BRANDY,Alcoholic Beverages > 20% alc.,dodecanol (unkn.str.),Alcohols,,
,GRAPE BRANDY,Alcoholic Beverages > 20% alc.,1-tetradecanol,Alcohols,,
,GRAPE BRANDY,Alcoholic Beverages > 20% alc.,1-hexadecanol (=cetanol),Alcohols,,
,GRAPE BRANDY,Alcoholic Beverages > 20% alc.,citronellol,Alcohols,,
,GRAPE BRANDY,Alcoholic Beverages > 20% alc.,geraniol,Alcohols,,
,GRAPE BRANDY,Alcoholic Beverages > 20% alc.,nerol,Alcohols,,
,GRAPE BRANDY,Alcoholic Beverages > 20% alc.,linalool,Alcohols,0.13,0.649
,GRAPE BRANDY,Alcoholic Beverages > 20% alc.,farnesol,Alcohols,,
,GRAPE BRANDY,Alcoholic Beverages > 20% alc.,(Z)-farnesol,Alcohols,0.2,0.9
,GRAPE BRANDY,Alcoholic Beverages > 20% alc.,(E)-farnesol,Alcohols,1.8,2.9
,GRAPE BRANDY,Alcoholic Beverages > 20% alc.,myrcenol,Alcohols,,
,GRAPE BRANDY,Alcoholic Beverages > 20% alc.,nerolidol,Alcohols,,
,GRAPE BRANDY,Alcoholic Beverages > 20% alc.,(E)-nerolidol,Alcohols,0.17,0.511
,GRAPE BRANDY,Alcoholic Beverages > 20% alc.,cyclopentanediol (unkn.str.),Alcohols,,
,GRAPE BRANDY,Alcoholic Beverages > 20% alc.,benzyl alcohol (=benzenemethanol),Alcohols,0.02,0.8
,GRAPE BRANDY,Alcoholic Beverages > 20% alc.,"4-isopropylbenzyl alcohol (=cumic alcohol, p-cymen-7-ol)",Alcohols,,
,GRAPE BRANDY,Alcoholic Beverages > 20% alc.,1-phenylethanol (=α-methylbenzyl alcohol),Alcohols,,
,GRAPE BRANDY,Alcoholic Beverages > 20% alc.,2-phenylethanol (=phenethyl alcohol),Alcohols,1.6,180
,GRAPE BRANDY,Alcoholic Beverages > 20% alc.,"p-cymen-8-ol (=α,α,p-trimethyl-benzyl alcohol)",Alcohols,,
,GRAPE BRANDY,Alcoholic Beverages > 20% alc.,m-cymen-8-ol,Alcohols,,
,GRAPE BRANDY,Alcoholic Beverages > 20% alc.,α-terpineol,Alcohols,0.05,0.8
,GRAPE BRANDY,Alcoholic Beverages > 20% alc.,β-terpineol,Alcohols,,
,GRAPE BRANDY,Alcoholic Beverages > 20% alc.,γ-terpineol,Alcohols,,
,GRAPE BRANDY,Alcoholic Beverages > 20% alc.,1-terpineol (=p-3-menthen-1-ol),Alcohols,,
,GRAPE BRANDY,Alcoholic Beverages > 20% alc.,4-terpineol (=terpinen-4-ol),Alcohols,0.02,0.04
,GRAPE BRANDY,Alcoholic Beverages > 20% alc.,carvotanacetol,Alcohols,,
,GRAPE BRANDY,Alcoholic Beverages > 20% alc.,cis-carvotanacetol,Alcohols,,
,GRAPE BRANDY,Alcoholic Beverages > 20% alc.,isopulegol,Alcohols,,
,GRAPE BRANDY,Alcoholic Beverages > 20% alc.,p-1-menthen-9-ol,Alcohols,,
,GRAPE BRANDY,Alcoholic Beverages > 20% alc.,"isocarveol (=p-1(7),8-menthadien-2-ol)",Alcohols,,
,GRAPE BRANDY,Alcoholic Beverages > 20% alc.,pinocarveol,Alcohols,,
,GRAPE BRANDY,Alcoholic Beverages > 20% alc.,trans-pinocarveol,Alcohols,,
,GRAPE BRANDY,Alcoholic Beverages > 20% alc.,myrtenol,Alcohols,,
,GRAPE BRANDY,Alcoholic Beverages > 20% alc.,borneol,Alcohols,,
,GRAPE BRANDY,Alcoholic Beverages > 20% alc.,isoborneol,Alcohols,,
,GRAPE BRANDY,Alcoholic Beverages > 20% alc.,fenchol (=fenchyl alcohol),Alcohols,,
,GRAPE BRANDY,Alcoholic Beverages > 20% alc.,α-cadinol,Alcohols,,
,GRAPE BRANDY,Alcoholic Beverages > 20% alc.,acetaldehyde (=ethanal),"Carbonyls, aldehydes",8,216
,GRAPE BRANDY,Alcoholic Beverages > 20% alc.,ethanedial (=glyoxal),"Carbonyls, aldehydes",,
,GRAPE BRANDY,Alcoholic Beverages > 20% alc.,propanal (=propionaldehyde),"Carbonyls, aldehydes",0.3,2
,GRAPE BRANDY,Alcoholic Beverages > 20% alc.,2-propenal (=acrolein),"Carbonyls, aldehydes",1.42,1.5
,GRAPE BRANDY,Alcoholic Beverages > 20% alc.,"2-methylpropanal (=isobutanal, isobutyraldehyde)","Carbonyls, aldehydes",<0.8,23
,GRAPE BRANDY,Alcoholic Beverages > 20% alc.,2-methyl-2-propenal (=methacrolein),"Carbonyls, aldehydes",,
,GRAPE BRANDY,Alcoholic Beverages > 20% alc.,"2-oxopropanal (=pyruvaldehyde, methyl glyoxal, acetylformaldehyde)","Carbonyls, aldehydes",0.4,0.8
,GRAPE BRANDY,Alcoholic Beverages > 20% alc.,2-ethoxypropanal,"Carbonyls, aldehydes",,
,GRAPE BRANDY,Alcoholic Beverages > 20% alc.,3-ethoxypropanal,"Carbonyls, aldehydes",,
,GRAPE BRANDY,Alcoholic Beverages > 20% alc.,butanal (=butyraldehyde),"Carbonyls, aldehydes",,
,GRAPE BRANDY,Alcoholic Beverages > 20% alc.,2-methylbutanal (=α-methylbutanal),"Carbonyls, aldehydes",0.35,0.39
,GRAPE BRANDY,Alcoholic Beverages > 20% alc.,"3-methylbutanal (=isopentanal, isovaleraldehyde)","Carbonyls, aldehydes",0.88,6
,GRAPE BRANDY,Alcoholic Beverages > 20% alc.,(E)-2-methyl-2-butenal (=tiglicaldehyde),"Carbonyls, aldehydes",,
,GRAPE BRANDY,Alcoholic Beverages > 20% alc.,3-methyl-2-butenal,"Carbonyls, aldehydes",,
,GRAPE BRANDY,Alcoholic Beverages > 20% alc.,pentanal (=valeraldehyde),"Carbonyls, aldehydes",0.013,0.075
,GRAPE BRANDY,Alcoholic Beverages > 20% alc.,2-pentenal,"Carbonyls, aldehydes",,
,GRAPE BRANDY,Alcoholic Beverages > 20% alc.,2-methyl-2-pentenal,"Carbonyls, aldehydes",,
,GRAPE BRANDY,Alcoholic Beverages > 20% alc.,hexanal (=capronaldehyde),"Carbonyls, aldehydes",0.064,0.214
,GRAPE BRANDY,Alcoholic Beverages > 20% alc.,2-hexenal,"Carbonyls, aldehydes",,
,GRAPE BRANDY,Alcoholic Beverages > 20% alc.,heptanal,"Carbonyls, aldehydes",0.002,0.007
,GRAPE BRANDY,Alcoholic Beverages > 20% alc.,2-heptenal,"Carbonyls, aldehydes",,
,GRAPE BRANDY,Alcoholic Beverages > 20% alc.,"2,4-heptadienal","Carbonyls, aldehydes",,
,GRAPE BRANDY,Alcoholic Beverages > 20% alc.,octanal (=caprylaldehyde),"Carbonyls, aldehydes",0.001,0.004
,GRAPE BRANDY,Alcoholic Beverages > 20% alc.,2-octenal,"Carbonyls, aldehydes",,
,GRAPE BRANDY,Alcoholic Beverages > 20% alc.,nonanal (=pelargonaldehyde),"Carbonyls, aldehydes",0.004,0.016
,GRAPE BRANDY,Alcoholic Beverages > 20% alc.,2-nonenal,"Carbonyls, aldehydes",,
,GRAPE BRANDY,Alcoholic Beverages > 20% alc.,"2,4-nonadienal","Carbonyls, aldehydes",,
,GRAPE BRANDY,Alcoholic Beverages > 20% alc.,decanal (=capraldehyde),"Carbonyls, aldehydes",0.004,0.026
,GRAPE BRANDY,Alcoholic Beverages > 20% alc.,"2,4-decadienal","Carbonyls, aldehydes",,
,GRAPE BRANDY,Alcoholic Beverages > 20% alc.,undecanal,"Carbonyls, aldehydes",0.001,0.002
,GRAPE BRANDY,Alcoholic Beverages > 20% alc.,2-tridecenal,"Carbonyls, aldehydes",,
,GRAPE BRANDY,Alcoholic Beverages > 20% alc.,"3-(2,6,6-trimethyl-2-cyclohexenyl)-2-propenal (=α-cyclocitrylidenacetaldehyde)","Carbonyls, aldehydes",,
,GRAPE BRANDY,Alcoholic Beverages > 20% alc.,benzaldehyde,"Carbonyls, aldehydes",0.14,0.8
,GRAPE BRANDY,Alcoholic Beverages > 20% alc.,2-methylbenzaldehyde (=o-tolualdehyde),"Carbonyls, aldehydes",,
,GRAPE BRANDY,Alcoholic Beverages > 20% alc.,3-methylbenzaldehyde (=m-tolualdehyde),"Carbonyls, aldehydes",,
,GRAPE BRANDY,Alcoholic Beverages > 20% alc.,4-isopropylbenzaldehyde (=cuminaldehyde),"Carbonyls, aldehydes",,
,GRAPE BRANDY,Alcoholic Beverages > 20% alc.,4-hydroxybenzaldehyde (=4-formylphenol),"Carbonyls, aldehydes",,
,GRAPE BRANDY,Alcoholic Beverages > 20% alc.,4-methoxybenzaldehyde (=anisaldehyde),"Carbonyls, aldehydes",,
,GRAPE BRANDY,Alcoholic Beverages > 20% alc.,2-ethoxybenzaldehyde,"Carbonyls, aldehydes",,
,GRAPE BRANDY,Alcoholic Beverages > 20% alc.,"2,4-dimethylbenzaldehyde","Carbonyls, aldehydes",,
,GRAPE BRANDY,Alcoholic Beverages > 20% alc.,vanillin (=4-hydroxy-3-methoxybenzaldehyde),"Carbonyls, aldehydes",0.18,5.2
,GRAPE BRANDY,Alcoholic Beverages > 20% alc.,"syringaldehyde (=4-hydroxy-3,5-dimethoxy-benzaldehyde)","Carbonyls, aldehydes",0.22,9.2
,GRAPE BRANDY,Alcoholic Beverages > 20% alc.,phenylacetaldehyde (=benzeneacetaldehyde),"Carbonyls, aldehydes",,
,GRAPE BRANDY,Alcoholic Beverages > 20% alc.,cinnamaldehyde (=3-phenyl-2-propenal),"Carbonyls, aldehydes",,
,GRAPE BRANDY,Alcoholic Beverages > 20% alc.,coniferaldehyde (=4-hydroxy-3-methoxy-cinnamaldehyde),"Carbonyls, aldehydes",0.19,8.5
,GRAPE BRANDY,Alcoholic Beverages > 20% alc.,"sinapaldehyde (=4-hydroxy-3,5-dimethoxy-cinnamaldehyde)","Carbonyls, aldehydes",2.2,5.2
,GRAPE BRANDY,Alcoholic Beverages > 20% alc.,β-cyclocitral,"Carbonyls, aldehydes",,
,GRAPE BRANDY,Alcoholic Beverages > 20% alc.,phellandral,"Carbonyls, aldehydes",,
,GRAPE BRANDY,Alcoholic Beverages > 20% alc.,"(2,2,3-trimethyl-3-cyclopentenyl)-acetaldehyde (=α-campholene aldehyde)","Carbonyls, aldehydes",,
,GRAPE BRANDY,Alcoholic Beverages > 20% alc.,1-cyclohexenecarbaldehyde (=1-formylcyclohexene),"Carbonyls, aldehydes",,
,GRAPE BRANDY,Alcoholic Beverages > 20% alc.,"acetone (=2-propanone, dimethyl ketone)","Carbonyls, ketones",0.3,6
,GRAPE BRANDY,Alcoholic Beverages > 20% alc.,"1-hydroxy-2-propanone (=acetol, pyruvic alcohol)","Carbonyls, ketones",,
,GRAPE BRANDY,Alcoholic Beverages > 20% alc.,"1,1-diethoxy-2-propanone","Carbonyls, ketones",0.08,1.2
,GRAPE BRANDY,Alcoholic Beverages > 20% alc.,2-butanone (=ethyl methyl ketone),"Carbonyls, ketones",,
,GRAPE BRANDY,Alcoholic Beverages > 20% alc.,3-methyl-2-butanone,"Carbonyls, ketones",,
,GRAPE BRANDY,Alcoholic Beverages > 20% alc.,3-hydroxy-2-butanone (=acetoin),"Carbonyls, ketones",0,20.44
,GRAPE BRANDY,Alcoholic Beverages > 20% alc.,3-ethoxy-2-butanone,"Carbonyls, ketones",,
,GRAPE BRANDY,Alcoholic Beverages > 20% alc.,"3,3-diethoxy-2-butanone","Carbonyls, ketones",0.02,0.1
,GRAPE BRANDY,Alcoholic Beverages > 20% alc.,"2,3-butanedione (=diacetyl)","Carbonyls, ketones",0,3.87
,GRAPE BRANDY,Alcoholic Beverages > 20% alc.,2-pentanone,"Carbonyls, ketones",0.06,0.2
,GRAPE BRANDY,Alcoholic Beverages > 20% alc.,(E)-3-penten-2-one,"Carbonyls, ketones",,
,GRAPE BRANDY,Alcoholic Beverages > 20% alc.,4-methyl-2-pentanone,"Carbonyls, ketones",,
,GRAPE BRANDY,Alcoholic Beverages > 20% alc.,4-hydroxy-4-methyl-2-pentanone (=diacetone alcohol),"Carbonyls, ketones",,
,GRAPE BRANDY,Alcoholic Beverages > 20% alc.,"2,3-pentanedione (=acetylpropionyl)","Carbonyls, ketones",<0.006,0.023
,GRAPE BRANDY,Alcoholic Beverages > 20% alc.,2-hexanone,"Carbonyls, ketones",0.02,0.07
,GRAPE BRANDY,Alcoholic Beverages > 20% alc.,2-heptanone,"Carbonyls, ketones",0.018,0.3
,GRAPE BRANDY,Alcoholic Beverages > 20% alc.,3-heptanone,"Carbonyls, ketones",,
,GRAPE BRANDY,Alcoholic Beverages > 20% alc.,6-methyl-5-hepten-2-one,"Carbonyls, ketones",,
,GRAPE BRANDY,Alcoholic Beverages > 20% alc.,"(E)-6-methyl-3,5-heptadien-2-one","Carbonyls, ketones",,
,GRAPE BRANDY,Alcoholic Beverages > 20% alc.,"(Z)-6-methyl-3,5-heptadien-2-one","Carbonyls, ketones",,
,GRAPE BRANDY,Alcoholic Beverages > 20% alc.,2-octanone,"Carbonyls, ketones",,
,GRAPE BRANDY,Alcoholic Beverages > 20% alc.,3-octanone,"Carbonyls, ketones",,
,GRAPE BRANDY,Alcoholic Beverages > 20% alc.,1-octen-3-one,"Carbonyls, ketones",,
,GRAPE BRANDY,Alcoholic Beverages > 20% alc.,2-nonanone,"Carbonyls, ketones",0.013,0.3
,GRAPE BRANDY,Alcoholic Beverages > 20% alc.,(E)-3-nonen-2-one,"Carbonyls, ketones",,
,GRAPE BRANDY,Alcoholic Beverages > 20% alc.,(E)-2-nonen-4-one,"Carbonyls, ketones",,
,GRAPE BRANDY,Alcoholic Beverages > 20% alc.,2-decanone,"Carbonyls, ketones",,
,GRAPE BRANDY,Alcoholic Beverages > 20% alc.,2-undecanone,"Carbonyls, ketones",0.002,0.011
,GRAPE BRANDY,Alcoholic Beverages > 20% alc.,"(E)-6,10-dimethyl-5,9-undecadien-2-one (=geranylacetone)","Carbonyls, ketones",,
,GRAPE BRANDY,Alcoholic Beverages > 20% alc.,2-dodecanone,"Carbonyls, ketones",,
,GRAPE BRANDY,Alcoholic Beverages > 20% alc.,2-tridecanone,"Carbonyls, ketones",0.0005,0.0014
,GRAPE BRANDY,Alcoholic Beverages > 20% alc.,2-pentadecanone,"Carbonyls, ketones",,
,GRAPE BRANDY,Alcoholic Beverages > 20% alc.,2-heptadecanone,"Carbonyls, ketones",,
,GRAPE BRANDY,Alcoholic Beverages > 20% alc.,2-methylcyclopentanone,"Carbonyls, ketones",0.01,0.03
,GRAPE BRANDY,Alcoholic Beverages > 20% alc.,1-indanone,"Carbonyls, ketones",,
,GRAPE BRANDY,Alcoholic Beverages > 20% alc.,"2,6,6-trimethyl-2-cyclohexene-1,4-dione","Carbonyls, ketones",,
,GRAPE BRANDY,Alcoholic Beverages > 20% alc.,"2,6,6-trimethyl-2-cyclohexenecarbaldehyde (=α-cyclocitral)","Carbonyls, ketones",,
,GRAPE BRANDY,Alcoholic Beverages > 20% alc.,acetophenone (=1-phenylethanone),"Carbonyls, ketones",,
,GRAPE BRANDY,Alcoholic Beverages > 20% alc.,4-methylacetophenone,"Carbonyls, ketones",,
,GRAPE BRANDY,Alcoholic Beverages > 20% alc.,5-isopropyl-2-methyl-acetophenone (=2-acetyl-p-cymene),"Carbonyls, ketones",,
,GRAPE BRANDY,Alcoholic Beverages > 20% alc.,1-phenyl-2-propanone,"Carbonyls, ketones",,
,GRAPE BRANDY,Alcoholic Beverages > 20% alc.,β-damascone,"Carbonyls, ketones",,
,GRAPE BRANDY,Alcoholic Beverages > 20% alc.,β-damascenone (=(E)-β-damascenone),"Carbonyls, ketones",0.02,0.222
,GRAPE BRANDY,Alcoholic Beverages > 20% alc.,"3-ethoxy-1-(2,6,6-trimethyl-1,3-cyclohexadienyl)-1-butanone","Carbonyls, ketones",,
,GRAPE BRANDY,Alcoholic Beverages > 20% alc.,"(Z)-1-(2,6,6-trimethyl-1,3-cyclo-hexadienyl)-2-buten-1-one (=(Z)-β-damascenone)","Carbonyls, ketones",,
,GRAPE BRANDY,Alcoholic Beverages > 20% alc.,"1-(2,3,6-trimethylphenyl)-2-buten-1-one","Carbonyls, ketones",,
,GRAPE BRANDY,Alcoholic Beverages > 20% alc.,"4-(2,6,6-trimethyl-1-cyclohexen-1-yl)-3-buten-2-one (=β-ionone)","Carbonyls, ketones",,
,GRAPE BRANDY,Alcoholic Beverages > 20% alc.,α-ionone,"Carbonyls, ketones",0.2,0.2
,GRAPE BRANDY,Alcoholic Beverages > 20% alc.,(E)-β-ionone,"Carbonyls, ketones",0.4,0.4
,GRAPE BRANDY,Alcoholic Beverages > 20% alc.,didehydro-γ-ionone,"Carbonyls, ketones",,
,GRAPE BRANDY,Alcoholic Beverages > 20% alc.,"(Z)-4-(6,6-dimethyl-2-methylene-3-cyclohexenyl)-3-buten-2-one","Carbonyls, ketones",,
,GRAPE BRANDY,Alcoholic Beverages > 20% alc.,"(E)-4-(6,6-dimethyl-2-methylene-3-cyclohexenyl)-3-buten-2-one","Carbonyls, ketones",,
,GRAPE BRANDY,Alcoholic Beverages > 20% alc.,"1-(2,3,6-trimethylphenyl)-3-buten-2-one","Carbonyls, ketones",,
,GRAPE BRANDY,Alcoholic Beverages > 20% alc.,"4-(2,3,6-trimethylphenyl)-3-buten-2-one","Carbonyls, ketones",,
,GRAPE BRANDY,Alcoholic Beverages > 20% alc.,"carvone (=p-6,8-menthadien-2-one)","Carbonyls, ketones",,
,GRAPE BRANDY,Alcoholic Beverages > 20% alc.,carvenone (=p-3-menthen-2-one),"Carbonyls, ketones",,
,GRAPE BRANDY,Alcoholic Beverages > 20% alc.,camphor (=alcanfor),"Carbonyls, ketones",,
,GRAPE BRANDY,Alcoholic Beverages > 20% alc.,fenchone,"Carbonyls, ketones",,
,GRAPE BRANDY,Alcoholic Beverages > 20% alc.,pinocarvone,"Carbonyls, ketones",,
,GRAPE BRANDY,Alcoholic Beverages > 20% alc.,formic acid,Acids,0.1,296.3
,GRAPE BRANDY,Alcoholic Beverages > 20% alc.,acetic acid,Acids,10,454.9
,GRAPE BRANDY,Alcoholic Beverages > 20% alc.,propanoic acid (=propionic acid),Acids,1.08,10
,GRAPE BRANDY,Alcoholic Beverages > 20% alc.,2-methylpropanoic acid (=isobutyric acid),Acids,8,8
,GRAPE BRANDY,Alcoholic Beverages > 20% alc.,2-hydroxypropanoic acid (=lactic acid),Acids,,
,GRAPE BRANDY,Alcoholic Beverages > 20% alc.,butanoic acid (=butyric acid),Acids,8,8
,GRAPE BRANDY,Alcoholic Beverages > 20% alc.,2-methylbutanoic acid,Acids,,
,GRAPE BRANDY,Alcoholic Beverages > 20% alc.,3-methylbutanoic acid (=isovaleric acid),Acids,0.08,7
,GRAPE BRANDY,Alcoholic Beverages > 20% alc.,pentanoic acid (=valeric acid),Acids,trace,3
,GRAPE BRANDY,Alcoholic Beverages > 20% alc.,hexanoic acid (=caproic acid),Acids,0.39,22
,GRAPE BRANDY,Alcoholic Beverages > 20% alc.,2-methylhexanoic acid,Acids,,
,GRAPE BRANDY,Alcoholic Beverages > 20% alc.,heptanoic acid (=enanthic acid),Acids,trace,trace
,GRAPE BRANDY,Alcoholic Beverages > 20% alc.,octanoic acid (=caprylic acid),Acids,1.14,112
,GRAPE BRANDY,Alcoholic Beverages > 20% alc.,nonanoic acid (=pelargonic acid),Acids,trace,1
,GRAPE BRANDY,Alcoholic Beverages > 20% alc.,decanoic acid (=capric acid),Acids,0.52,100
,GRAPE BRANDY,Alcoholic Beverages > 20% alc.,undecanoic acid,Acids,trace,trace
,GRAPE BRANDY,Alcoholic Beverages > 20% alc.,dodecanoic acid (=lauric acid),Acids,0.1,28
,GRAPE BRANDY,Alcoholic Beverages > 20% alc.,tridecanoic acid,Acids,trace,2
,GRAPE BRANDY,Alcoholic Beverages > 20% alc.,tetradecanoic acid (=myristic acid),Acids,4,4
,GRAPE BRANDY,Alcoholic Beverages > 20% alc.,pentadecanoic acid,Acids,trace,trace
,GRAPE BRANDY,Alcoholic Beverages > 20% alc.,hexadecanoic acid (=palmitic acid),Acids,2,7
,GRAPE BRANDY,Alcoholic Beverages > 20% alc.,9-hexadecenoic acid,Acids,1,1
,GRAPE BRANDY,Alcoholic Beverages > 20% alc.,(Z)-9-hexadecenoic acid (=palmitoleic acid),Acids,,
,GRAPE BRANDY,Alcoholic Beverages > 20% alc.,heptadecanoic acid (=margaric acid),Acids,trace,trace
,GRAPE BRANDY,Alcoholic Beverages > 20% alc.,octadecanoic acid (=stearic acid),Acids,0.4,3
,GRAPE BRANDY,Alcoholic Beverages > 20% alc.,(Z)-9-octadecenoic acid (=oleic acid),Acids,0.3,1.2
,GRAPE BRANDY,Alcoholic Beverages > 20% alc.,"(Z,Z)-9,12-octadecadienoic acid (=linoleic acid)",Acids,0,3
,GRAPE BRANDY,Alcoholic Beverages > 20% alc.,"(Z,Z,Z)-9,12,15-octadecatrienoic acid (=linolenic acid)",Acids,0.3,0.3
,GRAPE BRANDY,Alcoholic Beverages > 20% alc.,benzoic acid,Acids,,
,GRAPE BRANDY,Alcoholic Beverages > 20% alc.,2-hydroxybenzoic acid (=salicylic acid),Acids,,
,GRAPE BRANDY,Alcoholic Beverages > 20% alc.,4-hydroxybenzoic acid,Acids,0.06,0.06
,GRAPE BRANDY,Alcoholic Beverages > 20% alc.,"3,4-dihydroxybenzoic acid (=protocatechuic acid)",Acids,0.3,0.4
,GRAPE BRANDY,Alcoholic Beverages > 20% alc.,4-hydroxy-3-methoxybenzoic acid (=vanillic acid),Acids,0.04,5.3
,GRAPE BRANDY,Alcoholic Beverages > 20% alc.,"3,4,5-trihydroxybenzoic acid (=gallic acid)",Acids,1.06,17.1
,GRAPE BRANDY,Alcoholic Beverages > 20% alc.,"4-hydroxy-3,5-dimethoxybenzoic acid (=syringic acid)",Acids,0.49,2.8
,GRAPE BRANDY,Alcoholic Beverages > 20% alc.,phenylacetic acid,Acids,,
,GRAPE BRANDY,Alcoholic Beverages > 20% alc.,"3,4,5-trimethoxyphenylacetic acid",Acids,6.3,6.53
,GRAPE BRANDY,Alcoholic Beverages > 20% alc.,3-phenylpropanoic acid (=hydrocinnamic acid),Acids,,
,GRAPE BRANDY,Alcoholic Beverages > 20% alc.,cinnamic acid,Acids,0.1,0.2
,GRAPE BRANDY,Alcoholic Beverages > 20% alc.,4-hydroxycinnamic acid (=p-coumaric acid),Acids,0.3,5.2
,GRAPE BRANDY,Alcoholic Beverages > 20% alc.,"3,4-dihydroxycinnamic acid (=caffeic acid)",Acids,,
,GRAPE BRANDY,Alcoholic Beverages > 20% alc.,4-hydroxy-3-methoxycinnamic acid (=ferulic acid),Acids,0.2,0.2
,GRAPE BRANDY,Alcoholic Beverages > 20% alc.,"4-hydroxy-3,5-dimethoxycinnamic acid (=sinapic acid)",Acids,0.18,1
,GRAPE BRANDY,Alcoholic Beverages > 20% alc.,ellagic acid,Acids,0.18,30.78
,GRAPE BRANDY,Alcoholic Beverages > 20% alc.,methyl formate,Esters,,
,GRAPE BRANDY,Alcoholic Beverages > 20% alc.,ethyl formate,Esters,0,65
,GRAPE BRANDY,Alcoholic Beverages > 20% alc.,isobutyl formate,Esters,,
,GRAPE BRANDY,Alcoholic Beverages > 20% alc.,pentyl formate,Esters,,
,GRAPE BRANDY,Alcoholic Beverages > 20% alc.,isopentyl formate,Esters,,
,GRAPE BRANDY,Alcoholic Beverages > 20% alc.,phenethyl formate,Esters,,
,GRAPE BRANDY,Alcoholic Beverages > 20% alc.,methyl acetate,Esters,0,0.8
,GRAPE BRANDY,Alcoholic Beverages > 20% alc.,ethyl acetate,Esters,14,738
,GRAPE BRANDY,Alcoholic Beverages > 20% alc.,ethoxyethyl acetate (unkn.str.),Esters,,
,GRAPE BRANDY,Alcoholic Beverages > 20% alc.,diethoxyethyl acetate (unkn.str.),Esters,0.02,0.03
,GRAPE BRANDY,Alcoholic Beverages > 20% alc.,propyl acetate,Esters,0,0.08
,GRAPE BRANDY,Alcoholic Beverages > 20% alc.,butyl acetate,Esters,0,0.4
,GRAPE BRANDY,Alcoholic Beverages > 20% alc.,isobutyl acetate (=2-methylpropyl acetate),Esters,0.08,3
,GRAPE BRANDY,Alcoholic Beverages > 20% alc.,2-methylbutyl acetate,Esters,,
,GRAPE BRANDY,Alcoholic Beverages > 20% alc.,pentyl acetate (=amyl acetate),Esters,,
,GRAPE BRANDY,Alcoholic Beverages > 20% alc.,"isopentyl acetate (=3-methylbutyl acetate, isoamyl acetate)",Esters,0.45,10
,GRAPE BRANDY,Alcoholic Beverages > 20% alc.,2-methylpentyl acetate,Esters,,
,GRAPE BRANDY,Alcoholic Beverages > 20% alc.,hexyl acetate,Esters,trace,3
,GRAPE BRANDY,Alcoholic Beverages > 20% alc.,3-hexenyl acetate,Esters,,
,GRAPE BRANDY,Alcoholic Beverages > 20% alc.,(Z)-3-hexenyl acetate,Esters,,
,GRAPE BRANDY,Alcoholic Beverages > 20% alc.,(E)-3-hexenyl acetate,Esters,,
,GRAPE BRANDY,Alcoholic Beverages > 20% alc.,octyl acetate,Esters,0.4,0.4
,GRAPE BRANDY,Alcoholic Beverages > 20% alc.,decyl acetate,Esters,,
,GRAPE BRANDY,Alcoholic Beverages > 20% alc.,linalyl acetate,Esters,,
,GRAPE BRANDY,Alcoholic Beverages > 20% alc.,benzyl acetate,Esters,,
,GRAPE BRANDY,Alcoholic Beverages > 20% alc.,phenethyl acetate,Esters,0.08,1.705
,GRAPE BRANDY,Alcoholic Beverages > 20% alc.,ethyl propanoate,Esters,0.3,79
,GRAPE BRANDY,Alcoholic Beverages > 20% alc.,isopentyl propanoate,Esters,0.01,0.01
,GRAPE BRANDY,Alcoholic Beverages > 20% alc.,ethyl 2-methylpropanoate (=ethyl isobutyrate),Esters,,
,GRAPE BRANDY,Alcoholic Beverages > 20% alc.,isopentyl 2-methylpropanoate (=isoamyl isobutyrate),Esters,0.01,0.01
,GRAPE BRANDY,Alcoholic Beverages > 20% alc.,phenethyl 2-methylpropanoate (=phenethyl isobutyrate),Esters,,
,GRAPE BRANDY,Alcoholic Beverages > 20% alc.,ethyl 2-hydroxypropanoate (=ethyl lactate),Esters,0.8,280
,GRAPE BRANDY,Alcoholic Beverages > 20% alc.,butyl 2-hydroxypropanoate (=butyl lactate),Esters,,
,GRAPE BRANDY,Alcoholic Beverages > 20% alc.,isobutyl 2-hydroxypropanoate (=isobutyl lactate),Esters,0.2,0.2
,GRAPE BRANDY,Alcoholic Beverages > 20% alc.,isopentyl 2-hydroxypropanoate (=isoamyl lactate),Esters,0.2,2.4
,GRAPE BRANDY,Alcoholic Beverages > 20% alc.,hexyl 2-hydroxypropanoate (=hexyl lactate),Esters,0.04,0.06
,GRAPE BRANDY,Alcoholic Beverages > 20% alc.,(Z)-3-hexenyl 2-hydroxypropanoate,Esters,,
,GRAPE BRANDY,Alcoholic Beverages > 20% alc.,ethyl 2-oxopropanoate (=ethyl pyruvate),Esters,,
,GRAPE BRANDY,Alcoholic Beverages > 20% alc.,ethyl 3-ethoxypropanoate (=ethyl 4-oxahexanoate),Esters,trace,0.5
,GRAPE BRANDY,Alcoholic Beverages > 20% alc.,ethyl butanoate,Esters,0,12.7
,GRAPE BRANDY,Alcoholic Beverages > 20% alc.,butyl butanoate,Esters,,
,GRAPE BRANDY,Alcoholic Beverages > 20% alc.,isobutyl butanoate,Esters,0.008,0.01
,GRAPE BRANDY,Alcoholic Beverages > 20% alc.,2-methylbutyl butanoate,Esters,,
,GRAPE BRANDY,Alcoholic Beverages > 20% alc.,"isopentyl butanoate (=3-methylbutyl butanoate, isoamyl butyrate)",Esters,,
,GRAPE BRANDY,Alcoholic Beverages > 20% alc.,hexyl butanoate,Esters,,
,GRAPE BRANDY,Alcoholic Beverages > 20% alc.,3-hexenyl butanoate,Esters,,
,GRAPE BRANDY,Alcoholic Beverages > 20% alc.,phenethyl butanoate,Esters,0.009,0.02
,GRAPE BRANDY,Alcoholic Beverages > 20% alc.,ethyl 2-butenoate (=ethyl crotonate),Esters,,
,GRAPE BRANDY,Alcoholic Beverages > 20% alc.,ethyl 2-methylbutanoate,Esters,trace,0.46
,GRAPE BRANDY,Alcoholic Beverages > 20% alc.,isobutyl 2-methylbutanoate (=2-methylpropyl 2-methyl-butanoate),Esters,,
,GRAPE BRANDY,Alcoholic Beverages > 20% alc.,isopentyl 2-methylbutanoate (=3-methylbutyl 2-methyl-butanoate),Esters,,
,GRAPE BRANDY,Alcoholic Beverages > 20% alc.,ethyl 3-methylbutanoate (=ethyl isovalerate),Esters,trace,0.8
,GRAPE BRANDY,Alcoholic Beverages > 20% alc.,"isopentyl 3-methylbutanoate (=3-methylbutyl 3-methylbutanoate, isoamyl isovalerate)",Esters,,
,GRAPE BRANDY,Alcoholic Beverages > 20% alc.,phenethyl 3-methylbutanoate (=phenethyl isovalerate),Esters,,
,GRAPE BRANDY,Alcoholic Beverages > 20% alc.,ethyl 2-hydroxybutanoate,Esters,,
,GRAPE BRANDY,Alcoholic Beverages > 20% alc.,ethyl 3-hydroxybutanoate,Esters,trace,trace
,GRAPE BRANDY,Alcoholic Beverages > 20% alc.,ethyl 2-hydroxy-3-methylbutanoate,Esters,0.05,0.1
,GRAPE BRANDY,Alcoholic Beverages > 20% alc.,ethyl pentanoate,Esters,0.05,0.1
,GRAPE BRANDY,Alcoholic Beverages > 20% alc.,isopentyl pentanoate,Esters,,
,GRAPE BRANDY,Alcoholic Beverages > 20% alc.,"ethyl 4-oxopentanoate (=ethyl levulate, ethyl levulinate)",Esters,,
,GRAPE BRANDY,Alcoholic Beverages > 20% alc.,ethyl 2-hydroxy-3-methyl-pentanoate,Esters,0.04,0.04
,GRAPE BRANDY,Alcoholic Beverages > 20% alc.,ethyl 2-hydroxy-4-methylpentanoate,Esters,0.04,1.2
,GRAPE BRANDY,Alcoholic Beverages > 20% alc.,ethyl hexanoate (=ethyl caproate),Esters,0.3,6
,GRAPE BRANDY,Alcoholic Beverages > 20% alc.,propyl hexanoate,Esters,,
,GRAPE BRANDY,Alcoholic Beverages > 20% alc.,isobutyl hexanoate,Esters,0.01,0.4
,GRAPE BRANDY,Alcoholic Beverages > 20% alc.,2-methylbutyl hexanoate,Esters,,
,GRAPE BRANDY,Alcoholic Beverages > 20% alc.,isopentyl hexanoate,Esters,trace,0.8
,GRAPE BRANDY,Alcoholic Beverages > 20% alc.,phenethyl hexanoate,Esters,0.08,0.3
,GRAPE BRANDY,Alcoholic Beverages > 20% alc.,ethyl 2-hexenoate,Esters,,
,GRAPE BRANDY,Alcoholic Beverages > 20% alc.,ethyl (E)-2-hexenoate,Esters,,
,GRAPE BRANDY,Alcoholic Beverages > 20% alc.,ethyl 3-hexenoate,Esters,,
,GRAPE BRANDY,Alcoholic Beverages > 20% alc.,ethyl (Z)-3-hexenoate,Esters,,
,GRAPE BRANDY,Alcoholic Beverages > 20% alc.,"ethyl 2,4-hexadienoate",Esters,,
,GRAPE BRANDY,Alcoholic Beverages > 20% alc.,ethyl 2-hydroxyhexanoate,Esters,,
,GRAPE BRANDY,Alcoholic Beverages > 20% alc.,ethyl 3-hydroxyhexanoate,Esters,,
,GRAPE BRANDY,Alcoholic Beverages > 20% alc.,ethyl heptanoate,Esters,0,1.2
,GRAPE BRANDY,Alcoholic Beverages > 20% alc.,isobutyl heptanoate,Esters,,
,GRAPE BRANDY,Alcoholic Beverages > 20% alc.,hexyl heptanoate,Esters,0.2,0.2
,GRAPE BRANDY,Alcoholic Beverages > 20% alc.,methyl octanoate,Esters,0,0.3
,GRAPE BRANDY,Alcoholic Beverages > 20% alc.,ethyl octanoate (=ethyl caprylate),Esters,1.99,39
,GRAPE BRANDY,Alcoholic Beverages > 20% alc.,propyl octanoate,Esters,,
,GRAPE BRANDY,Alcoholic Beverages > 20% alc.,isobutyl octanoate,Esters,0.01,0.01
,GRAPE BRANDY,Alcoholic Beverages > 20% alc.,2-methylbutyl octanoate,Esters,,
,GRAPE BRANDY,Alcoholic Beverages > 20% alc.,isopentyl octanoate,Esters,0.04,0.8
,GRAPE BRANDY,Alcoholic Beverages > 20% alc.,phenethyl octanoate,Esters,,
,GRAPE BRANDY,Alcoholic Beverages > 20% alc.,ethyl 3-hydroxyoctanoate,Esters,,
,GRAPE BRANDY,Alcoholic Beverages > 20% alc.,ethyl nonanoate,Esters,trace,0.8
,GRAPE BRANDY,Alcoholic Beverages > 20% alc.,isobutyl nonanoate,Esters,,
,GRAPE BRANDY,Alcoholic Beverages > 20% alc.,methyl decanoate,Esters,0,0.1
,GRAPE BRANDY,Alcoholic Beverages > 20% alc.,ethyl decanoate (=ethyl caprate),Esters,0.35,85
,GRAPE BRANDY,Alcoholic Beverages > 20% alc.,propyl decanoate,Esters,,
,GRAPE BRANDY,Alcoholic Beverages > 20% alc.,isobutyl decanoate,Esters,trace,0.01
,GRAPE BRANDY,Alcoholic Beverages > 20% alc.,2-methylbutyl decanoate,Esters,,
,GRAPE BRANDY,Alcoholic Beverages > 20% alc.,pentyl decanoate,Esters,0.2,0.2
,GRAPE BRANDY,Alcoholic Beverages > 20% alc.,isopentyl decanoate,Esters,trace,5.19
,GRAPE BRANDY,Alcoholic Beverages > 20% alc.,hexyl decanoate,Esters,,
,GRAPE BRANDY,Alcoholic Beverages > 20% alc.,ethyl 9-decenoate,Esters,0.08,0.1
,GRAPE BRANDY,Alcoholic Beverages > 20% alc.,ethyl 3-hydroxydecanoate,Esters,,
,GRAPE BRANDY,Alcoholic Beverages > 20% alc.,ethyl undecanoate,Esters,,
,GRAPE BRANDY,Alcoholic Beverages > 20% alc.,ethyl 10-undecenoate,Esters,,
,GRAPE BRANDY,Alcoholic Beverages > 20% alc.,methyl dodecanoate (=methyl laurate),Esters,0,0.08
,GRAPE BRANDY,Alcoholic Beverages > 20% alc.,ethyl dodecanoate (=ethyl laurate),Esters,0.05,39
,GRAPE BRANDY,Alcoholic Beverages > 20% alc.,propyl dodecanoate,Esters,trace,trace
,GRAPE BRANDY,Alcoholic Beverages > 20% alc.,butyl dodecanoate,Esters,,
,GRAPE BRANDY,Alcoholic Beverages > 20% alc.,isobutyl dodecanoate,Esters,,
,GRAPE BRANDY,Alcoholic Beverages > 20% alc.,isopentyl dodecanoate (=3-methylbutyl dodecanoate),Esters,0.03,0.05
,GRAPE BRANDY,Alcoholic Beverages > 20% alc.,phenethyl dodecanoate,Esters,,
,GRAPE BRANDY,Alcoholic Beverages > 20% alc.,methyl tetradecanoate (=methyl myristate),Esters,trace,0.08
,GRAPE BRANDY,Alcoholic Beverages > 20% alc.,ethyl tetradecanoate (=ethyl myristate),Esters,0.09,6
,GRAPE BRANDY,Alcoholic Beverages > 20% alc.,isobutyl tetradecanoate,Esters,0.3,0.3
,GRAPE BRANDY,Alcoholic Beverages > 20% alc.,isopentyl tetradecanoate,Esters,0.04,6.8
,GRAPE BRANDY,Alcoholic Beverages > 20% alc.,hexyl tetradecanoate,Esters,0.2,0.2
,GRAPE BRANDY,Alcoholic Beverages > 20% alc.,ethyl pentadecanoate,Esters,,
,GRAPE BRANDY,Alcoholic Beverages > 20% alc.,methyl hexadecanoate (=methyl palmitate),Esters,0,0.2
,GRAPE BRANDY,Alcoholic Beverages > 20% alc.,ethyl hexadecanoate (=ethyl palmitate),Esters,0.08,13
,GRAPE BRANDY,Alcoholic Beverages > 20% alc.,ethyl 9-hexadecenoate,Esters,trace,2
,GRAPE BRANDY,Alcoholic Beverages > 20% alc.,ethyl heptadecanoate,Esters,,
,GRAPE BRANDY,Alcoholic Beverages > 20% alc.,ethyl octadecanoate (=ethyl stearate),Esters,0.4,0.7
,GRAPE BRANDY,Alcoholic Beverages > 20% alc.,ethyl 9-octadecenoate,Esters,1,2
,GRAPE BRANDY,Alcoholic Beverages > 20% alc.,ethyl (Z)-9-octadecenoate (=ethyl oleate),Esters,,
,GRAPE BRANDY,Alcoholic Beverages > 20% alc.,ethyl (E)-9-octadecenoate (=ethyl elaidate),Esters,,
,GRAPE BRANDY,Alcoholic Beverages > 20% alc.,"ethyl 9,12-octadecadienoate",Esters,0.5,10
,GRAPE BRANDY,Alcoholic Beverages > 20% alc.,"ethyl (Z,Z)-9,12-octadecadienoate (=ethyl linoleate)",Esters,,
,GRAPE BRANDY,Alcoholic Beverages > 20% alc.,"ethyl 9,12,15-octadecatrienoate",Esters,2,3
,GRAPE BRANDY,Alcoholic Beverages > 20% alc.,"ethyl (Z,Z,Z)-9,12,15-octadecatrienoate (=ethyl linolenate)",Esters,,
,GRAPE BRANDY,Alcoholic Beverages > 20% alc.,diethyl oxalate,Esters,0.02,0.02
,GRAPE BRANDY,Alcoholic Beverages > 20% alc.,diethyl malonate (=diethyl propanedioate),Esters,,
,GRAPE BRANDY,Alcoholic Beverages > 20% alc.,monoethyl succinate (=monoethyl butanedioate),Esters,13,16
,GRAPE BRANDY,Alcoholic Beverages > 20% alc.,ethyl methyl succinate (=ethyl methyl butanedioate),Esters,trace,trace
,GRAPE BRANDY,Alcoholic Beverages > 20% alc.,diethyl succinate (=diethyl butanedioate),Esters,0.93,10
,GRAPE BRANDY,Alcoholic Beverages > 20% alc.,ethyl propyl succinate (=ethyl propyl butanedioate),Esters,0.01,0.02
,GRAPE BRANDY,Alcoholic Beverages > 20% alc.,butyl ethyl succinate,Esters,,
,GRAPE BRANDY,Alcoholic Beverages > 20% alc.,ethyl isobutyl succinate (=ethyl isobutyl butanedioate),Esters,0.04,0.05
,GRAPE BRANDY,Alcoholic Beverages > 20% alc.,pentyl ethyl succinate,Esters,,
,GRAPE BRANDY,Alcoholic Beverages > 20% alc.,ethyl isopentyl succinate,Esters,0.2,0.3
,GRAPE BRANDY,Alcoholic Beverages > 20% alc.,ethyl hexyl succinate,Esters,,
,GRAPE BRANDY,Alcoholic Beverages > 20% alc.,diisopentyl succinate,Esters,0.06,0.2
,GRAPE BRANDY,Alcoholic Beverages > 20% alc.,diethyl fumarate,Esters,,
,GRAPE BRANDY,Alcoholic Beverages > 20% alc.,diethyl 2-methylbutanedioate,Esters,0.02,0.02
,GRAPE BRANDY,Alcoholic Beverages > 20% alc.,ethyl methyl pentanedioate,Esters,0.02,0.1
,GRAPE BRANDY,Alcoholic Beverages > 20% alc.,diethyl pentanedioate (=diethyl glutarate),Esters,0.02,0.02
,GRAPE BRANDY,Alcoholic Beverages > 20% alc.,diethyl hexanedioate (=diethyl adipate),Esters,,
,GRAPE BRANDY,Alcoholic Beverages > 20% alc.,diethyl heptanedioate (=diethyl pimelate),Esters,,
,GRAPE BRANDY,Alcoholic Beverages > 20% alc.,diethyl malate,Esters,0.2,2.81
,GRAPE BRANDY,Alcoholic Beverages > 20% alc.,methyl benzoate,Esters,,
,GRAPE BRANDY,Alcoholic Beverages > 20% alc.,ethyl benzoate,Esters,,
,GRAPE BRANDY,Alcoholic Beverages > 20% alc.,methyl 2-hydroxybenzoate (=methyl salicylate),Esters,,
,GRAPE BRANDY,Alcoholic Beverages > 20% alc.,ethyl 2-hydroxybenzoate (=ethyl salicylate),Esters,,
,GRAPE BRANDY,Alcoholic Beverages > 20% alc.,methyl phenylacetate,Esters,,
,GRAPE BRANDY,Alcoholic Beverages > 20% alc.,ethyl phenylacetate,Esters,0,0.8
,GRAPE BRANDY,Alcoholic Beverages > 20% alc.,ethyl 2-phenylpropanoate,Esters,,
,GRAPE BRANDY,Alcoholic Beverages > 20% alc.,ethyl 3-phenylpropanoate (=ethyl hydrocinnamate),Esters,,
,GRAPE BRANDY,Alcoholic Beverages > 20% alc.,ethyl cinnamate,Esters,,
,GRAPE BRANDY,Alcoholic Beverages > 20% alc.,dimethyl phthalate,Esters,,
,GRAPE BRANDY,Alcoholic Beverages > 20% alc.,diethyl phthalate,Esters,,
,GRAPE BRANDY,Alcoholic Beverages > 20% alc.,"4-hydroxybutanoic acid lactone (=dihydro-2(3H)-furanone, 4-butanolide, γ-butyrolactone)",Lactones,,
,GRAPE BRANDY,Alcoholic Beverages > 20% alc.,"4-hydroxyhexanoic acid lactone (=γ-hexalactone, γ-caprolactone, 4-hexanolide)",Lactones,,
,GRAPE BRANDY,Alcoholic Beverages > 20% alc.,"4-hydroxyoctanoic acid lactone (=4-octanolide, γ-octalactone, 5-butyldihydro-2(3H)-furanone)",Lactones,0.05,0.2
,GRAPE BRANDY,Alcoholic Beverages > 20% alc.,4-hydroxy-3-methyloctanoic acid lactone,Lactones,0.4,4.2
,GRAPE BRANDY,Alcoholic Beverages > 20% alc.,cis-4-hydroxy-3-methyloctanoic acid lactone,Lactones,0.05,1.2
,GRAPE BRANDY,Alcoholic Beverages > 20% alc.,trans-4-hydroxy-3-methyloctanoic acid lactone,Lactones,0.08,2.6
,GRAPE BRANDY,Alcoholic Beverages > 20% alc.,"4-hydroxynonanoic acid lactone (=4-nonanolide, γ-nonalactone)",Lactones,0.07,0.1
,GRAPE BRANDY,Alcoholic Beverages > 20% alc.,4-hydroxy-3-methylnonanoic acid lactone,Lactones,,
,GRAPE BRANDY,Alcoholic Beverages > 20% alc.,"4-hydroxydecanoic acid lactone (=4-decanolide, γ-decalactone)",Lactones,,
,GRAPE BRANDY,Alcoholic Beverages > 20% alc.,1-methyl-2-pyrrolecarbaldehyde (=2-formyl-1-methylpyrrole),Bases,,
,GRAPE BRANDY,Alcoholic Beverages > 20% alc.,"1-ethyl-2-pyrrolecarbaldehyde (=1-ethyl-2-formylpyrrole, 1-ethylpyrrole-2-aldehyde)",Bases,,
,GRAPE BRANDY,Alcoholic Beverages > 20% alc.,1-isopentyl-2-pyrrolecarbaldehyde (=2-formyl-1-isopentylpyrrole),Bases,,
,GRAPE BRANDY,Alcoholic Beverages > 20% alc.,pyridine,Bases,,
,GRAPE BRANDY,Alcoholic Beverages > 20% alc.,2-methylpyridine (=α-picoline),Bases,,
,GRAPE BRANDY,Alcoholic Beverages > 20% alc.,2-ethylpyridine,Bases,,
,GRAPE BRANDY,Alcoholic Beverages > 20% alc.,3-methoxypyridine,Bases,,
,GRAPE BRANDY,Alcoholic Beverages > 20% alc.,2-acetylpyridine,Bases,,
,GRAPE BRANDY,Alcoholic Beverages > 20% alc.,3-acetylpyridine,Bases,,
,GRAPE BRANDY,Alcoholic Beverages > 20% alc.,methyl nicotinate,Bases,,
,GRAPE BRANDY,Alcoholic Beverages > 20% alc.,ethyl nicotinate,Bases,,
,GRAPE BRANDY,Alcoholic Beverages > 20% alc.,quinoline,Bases,,
,GRAPE BRANDY,Alcoholic Beverages > 20% alc.,"2,5-dimethyl-3-propylpyrazine",Bases,,
,GRAPE BRANDY,Alcoholic Beverages > 20% alc.,methanethiol (=methyl mercaptan),Sulfur compounds,,
,GRAPE BRANDY,Alcoholic Beverages > 20% alc.,ethanethiol (=ethyl mercaptan),Sulfur compounds,,
,GRAPE BRANDY,Alcoholic Beverages > 20% alc.,1-butanethiol (=butyl mercaptan),Sulfur compounds,0,0.0068
,GRAPE BRANDY,Alcoholic Beverages > 20% alc.,1-pentanethiol (=pentyl mercaptan),Sulfur compounds,0,0.0004
,GRAPE BRANDY,Alcoholic Beverages > 20% alc.,benzenethiol (=thiophenol),Sulfur compounds,0,0.0016
,GRAPE BRANDY,Alcoholic Beverages > 20% alc.,sulfur dioxide,Sulfur compounds,,
,GRAPE BRANDY,Alcoholic Beverages > 20% alc.,"dimethyl sulfide (=thiobismethane, methylthiomethane, methyl sulfide)",Sulfur compounds,trace,trace
,GRAPE BRANDY,Alcoholic Beverages > 20% alc.,diethyl sulfide (=ethylthioethane),Sulfur compounds,,
,GRAPE BRANDY,Alcoholic Beverages > 20% alc.,ethyl propyl sulfide (=1-(ethylthio)propane),Sulfur compounds,0.013,0.017
,GRAPE BRANDY,Alcoholic Beverages > 20% alc.,dipropyl sulfide (=1-(propylthio)propane),Sulfur compounds,0,0.0008
,GRAPE BRANDY,Alcoholic Beverages > 20% alc.,diisopropyl sulfide (=2-(isopropylthio)propane),Sulfur compounds,,
,GRAPE BRANDY,Alcoholic Beverages > 20% alc.,dibutyl sulfide (=1-(butylthio)butane),Sulfur compounds,0.0084,0.039
,GRAPE BRANDY,Alcoholic Beverages > 20% alc.,diisopentyl sulfide,Sulfur compounds,,
,GRAPE BRANDY,Alcoholic Beverages > 20% alc.,dimethyl disulfide (=methyldithiomethane),Sulfur compounds,0.001,0.2
,GRAPE BRANDY,Alcoholic Beverages > 20% alc.,ethyl methyl disulfide (=methyldithioethane),Sulfur compounds,0,0.004
,GRAPE BRANDY,Alcoholic Beverages > 20% alc.,"diethyl disulfide (=ethyldithioethane, 3,4-dithiahexane)",Sulfur compounds,,
,GRAPE BRANDY,Alcoholic Beverages > 20% alc.,ethyl propyl disulfide,Sulfur compounds,0.0024,0.049
,GRAPE BRANDY,Alcoholic Beverages > 20% alc.,dipropyl disulfide,Sulfur compounds,0.002,0.014
,GRAPE BRANDY,Alcoholic Beverages > 20% alc.,diisopropyl disulfide,Sulfur compounds,,
,GRAPE BRANDY,Alcoholic Beverages > 20% alc.,"dimethyl trisulfide (=2,3,4-trithiapentane, methyltrithiomethane)",Sulfur compounds,0.0004,0.004
,GRAPE BRANDY,Alcoholic Beverages > 20% alc.,2-(methylthio)ethanol,Sulfur compounds,0,0.0052
,GRAPE BRANDY,Alcoholic Beverages > 20% alc.,3-(methylthio)-1-propanol (=methionol),Sulfur compounds,trace,trace
,GRAPE BRANDY,Alcoholic Beverages > 20% alc.,4-(methylthio)-1-butanol,Sulfur compounds,0,0.036
,GRAPE BRANDY,Alcoholic Beverages > 20% alc.,3-(methylthio)propanal (=methional),Sulfur compounds,0,39
,GRAPE BRANDY,Alcoholic Beverages > 20% alc.,3-(methylthio)propyl acetate (=methionyl acetate),Sulfur compounds,0.0056,0.012
,GRAPE BRANDY,Alcoholic Beverages > 20% alc.,ethyl 3-(methylthio)propanoate,Sulfur compounds,0.01,0.03
,GRAPE BRANDY,Alcoholic Beverages > 20% alc.,2-methyl-3(2H)-dihydrothiophenone (=2-methyl-3-thiolanone),Sulfur compounds,,
,GRAPE BRANDY,Alcoholic Beverages > 20% alc.,2-thiophenecarbaldehyde (=2-formylthiophene),Sulfur compounds,0.02,0.49
,GRAPE BRANDY,Alcoholic Beverages > 20% alc.,3-thiophenecarbaldehyde,Sulfur compounds,0.14,0.23
,GRAPE BRANDY,Alcoholic Beverages > 20% alc.,5-methyl-2-thiophenecarbaldehyde,Sulfur compounds,,
,GRAPE BRANDY,Alcoholic Beverages > 20% alc.,ethyl 2-thiophenecarboxylate,Sulfur compounds,,
,GRAPE BRANDY,Alcoholic Beverages > 20% alc.,thiazole,Sulfur compounds,,
,GRAPE BRANDY,Alcoholic Beverages > 20% alc.,4-methyl-5-vinylthiazole,Sulfur compounds,,
,GRAPE BRANDY,Alcoholic Beverages > 20% alc.,benzothiazole,Sulfur compounds,0.0052,0.0068
,GRAPE BRANDY,Alcoholic Beverages > 20% alc.,2-(methylthio)benzothiazole,Sulfur compounds,,
,GRAPE BRANDY,Alcoholic Beverages > 20% alc.,5-(2-hydroxyethyl)-4-methylthiazole,Sulfur compounds,,
,GRAPE BRANDY,Alcoholic Beverages > 20% alc.,"sulfurous acid, diethyl ester",Sulfur compounds,0.01,0.021
,GRAPE BRANDY,Alcoholic Beverages > 20% alc.,"1,1-diethoxymethane",Acetals,trace,15.82
,GRAPE BRANDY,Alcoholic Beverages > 20% alc.,"1,1-dimethoxyethane (=acetaldehyde dimethyl acetal)",Acetals,34.23,40.39
,GRAPE BRANDY,Alcoholic Beverages > 20% alc.,"1,1-diethoxyethane (=acetal, acetaldehyde diethyl acetal)",Acetals,5.2,129
,GRAPE BRANDY,Alcoholic Beverages > 20% alc.,"1,1,2-triethoxyethane",Acetals,0.02,0.02
,GRAPE BRANDY,Alcoholic Beverages > 20% alc.,1-ethoxy-1-propoxyethane,Acetals,,
,GRAPE BRANDY,Alcoholic Beverages > 20% alc.,1-ethoxy-1-isopropoxyethane,Acetals,,
,GRAPE BRANDY,Alcoholic Beverages > 20% alc.,1-ethoxy-1-isobutoxyethane,Acetals,,
,GRAPE BRANDY,Alcoholic Beverages > 20% alc.,1-ethoxy-1-(2-methylbutoxy)-ethane,Acetals,,
,GRAPE BRANDY,Alcoholic Beverages > 20% alc.,1-ethoxy-1-(3-methylbutoxy)-ethane,Acetals,0.008,0.01
,GRAPE BRANDY,Alcoholic Beverages > 20% alc.,1-ethoxy-1-pentoxyethane,Acetals,,
,GRAPE BRANDY,Alcoholic Beverages > 20% alc.,1-ethoxy-1-hexoxyethane,Acetals,,
,GRAPE BRANDY,Alcoholic Beverages > 20% alc.,1-ethoxy-1-(3-hexenoxy)ethane,Acetals,,
,GRAPE BRANDY,Alcoholic Beverages > 20% alc.,1-benzyloxy-1-ethoxyethane,Acetals,,
,GRAPE BRANDY,Alcoholic Beverages > 20% alc.,1-ethoxy-1-phenethoxyethane,Acetals,,
,GRAPE BRANDY,Alcoholic Beverages > 20% alc.,"1,1-bis(2-methylbutoxy)ethane",Acetals,,
,GRAPE BRANDY,Alcoholic Beverages > 20% alc.,1-(2-methylbutoxy)-1-(3-methyl-butoxy)ethane,Acetals,,
,GRAPE BRANDY,Alcoholic Beverages > 20% alc.,"1,1-bis(3-methylbutoxy)ethane",Acetals,0.009,0.04
,GRAPE BRANDY,Alcoholic Beverages > 20% alc.,"1,1-diethoxypropane",Acetals,,
,GRAPE BRANDY,Alcoholic Beverages > 20% alc.,"1,1,3-triethoxypropane",Acetals,0.7,2
,GRAPE BRANDY,Alcoholic Beverages > 20% alc.,"1,3-diethoxy-1-(3-methylbutoxy)-propane",Acetals,,
,GRAPE BRANDY,Alcoholic Beverages > 20% alc.,"1,1-diethoxy-2-methylpropane",Acetals,0.3,1.7
,GRAPE BRANDY,Alcoholic Beverages > 20% alc.,"1,1,3-triethoxy-2-methylpropane",Acetals,,
,GRAPE BRANDY,Alcoholic Beverages > 20% alc.,"1,1-diethoxybutane",Acetals,trace,trace
,GRAPE BRANDY,Alcoholic Beverages > 20% alc.,"1,1,3-triethoxybutane",Acetals,,
,GRAPE BRANDY,Alcoholic Beverages > 20% alc.,"1,1-diethoxy-2-methylbutane",Acetals,,
,GRAPE BRANDY,Alcoholic Beverages > 20% alc.,"1,1-diethoxy-3-methylbutane",Acetals,0.2,0.2
,GRAPE BRANDY,Alcoholic Beverages > 20% alc.,"1,1-diethoxypentane",Acetals,0.005,0.03
,GRAPE BRANDY,Alcoholic Beverages > 20% alc.,"1,1-dimethoxyhexane",Acetals,,
,GRAPE BRANDY,Alcoholic Beverages > 20% alc.,"1,1-diethoxyhexane",Acetals,0.01,0.03
,GRAPE BRANDY,Alcoholic Beverages > 20% alc.,"1,1-diethoxy-2-phenylethane",Acetals,0.01,0.02
,GRAPE BRANDY,Alcoholic Beverages > 20% alc.,"ethyl 2,2-diethoxypropanoate",Acetals,0.02,0.02
,GRAPE BRANDY,Alcoholic Beverages > 20% alc.,ethyl geranyl ether,Ethers,,
,GRAPE BRANDY,Alcoholic Beverages > 20% alc.,ethyl linalyl ether,Ethers,,
,GRAPE BRANDY,Alcoholic Beverages > 20% alc.,1-ethoxy-4-methoxybenzene,Ethers,,
,GRAPE BRANDY,Alcoholic Beverages > 20% alc.,ethyl 4-hydroxy-3-methoxy-benzyl ether (=ethyl vanillyl ether),Ethers,,
,GRAPE BRANDY,Alcoholic Beverages > 20% alc.,1-ethoxy-1-(4-methoxyphenyl)-ethane,Ethers,,
,GRAPE BRANDY,Alcoholic Beverages > 20% alc.,"3-ethoxy-1-(2,3,6-trimethyl-phenyl)-1-butene",Ethers,,
,GRAPE BRANDY,Alcoholic Beverages > 20% alc.,"1,4-cineole",Ethers,,
,GRAPE BRANDY,Alcoholic Beverages > 20% alc.,"1,8-cineole (=eucalyptol)",Ethers,,
,GRAPE BRANDY,Alcoholic Beverages > 20% alc.,"phenylacetonitrile (=benzyl cyanide, benzeneacetonitrile)",Nitriles and amides,,
,GRAPE BRANDY,Alcoholic Beverages > 20% alc.,phenol (=hydroxybenzene),Phenols,0.01,0.06
,GRAPE BRANDY,Alcoholic Beverages > 20% alc.,2-methylphenol (=o-cresol),Phenols,trace,0.02
,GRAPE BRANDY,Alcoholic Beverages > 20% alc.,3-methylphenol (=m-cresol),Phenols,trace,0.02
,GRAPE BRANDY,Alcoholic Beverages > 20% alc.,4-methylphenol (=p-cresol),Phenols,trace,trace
,GRAPE BRANDY,Alcoholic Beverages > 20% alc.,4-ethylphenol,Phenols,0.03,0.2
,GRAPE BRANDY,Alcoholic Beverages > 20% alc.,4-vinylphenol,Phenols,,
,GRAPE BRANDY,Alcoholic Beverages > 20% alc.,carvacrol (=5-isopropyl-2-methylphenol),Phenols,,
,GRAPE BRANDY,Alcoholic Beverages > 20% alc.,2-methoxyphenol (=guaiacol),Phenols,trace,0.04
,GRAPE BRANDY,Alcoholic Beverages > 20% alc.,4-ethyl-2-methoxyphenol (=4-ethylguaiacol),Phenols,0.2,0.7
,GRAPE BRANDY,Alcoholic Beverages > 20% alc.,2-methoxy-4-vinylphenol (=4-vinylguaiacol),Phenols,,
,GRAPE BRANDY,Alcoholic Beverages > 20% alc.,2-methoxy-4-propylphenol (=4-propylguaiacol),Phenols,,
,GRAPE BRANDY,Alcoholic Beverages > 20% alc.,eugenol (=4-allyl-2-methoxyphenol),Phenols,trace,0.19
,GRAPE BRANDY,Alcoholic Beverages > 20% alc.,"1,2-dimethoxybenzene (=veratrole)",Phenols,,
,GRAPE BRANDY,Alcoholic Beverages > 20% alc.,"1,3-dimethoxybenzene (=resorcinol dimethyl ether)",Phenols,,
,GRAPE BRANDY,Alcoholic Beverages > 20% alc.,"methyleugenol (=4-allyl-1,2-dimethoxybenzene)",Phenols,,
,GRAPE BRANDY,Alcoholic Beverages > 20% alc.,1-(1-ethoxyethyl)-4-methoxy-benzene,Phenols,,
,GRAPE BRANDY,Alcoholic Beverages > 20% alc.,"2,6-dimethoxyphenol (=syringol)",Phenols,0.03,0.06
,GRAPE BRANDY,Alcoholic Beverages > 20% alc.,"4-allyl-2,6-dimethoxyphenol (=5-methoxyeugenol)",Phenols,0.08,0.09
,GRAPE BRANDY,Alcoholic Beverages > 20% alc.,2-methyltetrahydrofuran,Furans,,
,GRAPE BRANDY,Alcoholic Beverages > 20% alc.,anhydrolinalool oxide (5),Furans,,
,GRAPE BRANDY,Alcoholic Beverages > 20% alc.,"linalool oxide B (cis, 5-ring)",Furans,,
,GRAPE BRANDY,Alcoholic Beverages > 20% alc.,"linalool oxide A (trans, 5-ring)",Furans,,
,GRAPE BRANDY,Alcoholic Beverages > 20% alc.,2-methylfuran,Furans,,
,GRAPE BRANDY,Alcoholic Beverages > 20% alc.,2-pentylfuran,Furans,,
,GRAPE BRANDY,Alcoholic Beverages > 20% alc.,"furfural (=2-formylfuran, 2-furancarbaldehyde, 2-furaldehyde)",Furans,0.2,33
,GRAPE BRANDY,Alcoholic Beverages > 20% alc.,3-methylfurfural,Furans,,
,GRAPE BRANDY,Alcoholic Beverages > 20% alc.,5-methylfurfural,Furans,0.7,1.03
,GRAPE BRANDY,Alcoholic Beverages > 20% alc.,5-(hydroxymethyl)furfural,Furans,3.2,37
,GRAPE BRANDY,Alcoholic Beverages > 20% alc.,2-(ethoxymethyl)-3-(2-furyl)-2-propenal,Furans,,
,GRAPE BRANDY,Alcoholic Beverages > 20% alc.,"4-hydroxy-2,5-dimethyl-3(2H)-furanone (=furaneol)",Furans,,
,GRAPE BRANDY,Alcoholic Beverages > 20% alc.,"2-acetylfuran (=2-furyl methyl ketone, 1-(2-furyl)ethanone)",Furans,0.03,1
,GRAPE BRANDY,Alcoholic Beverages > 20% alc.,2-acetyl-5-methylfuran,Furans,,
,GRAPE BRANDY,Alcoholic Beverages > 20% alc.,2-acetyl-5-ethylfuran,Furans,,
,GRAPE BRANDY,Alcoholic Beverages > 20% alc.,"2-acetyl-4,5-dimethylfuran",Furans,,
,GRAPE BRANDY,Alcoholic Beverages > 20% alc.,2-propanoylfuran,Furans,,
,GRAPE BRANDY,Alcoholic Beverages > 20% alc.,1-(2-furyl)-2-buten-1-one,Furans,,
,GRAPE BRANDY,Alcoholic Beverages > 20% alc.,1-(2-furyl)-1-penten-3-one,Furans,,
,GRAPE BRANDY,Alcoholic Beverages > 20% alc.,"furfuryl alcohol (=(2-furyl)-methanol, 2-furanmethanol)",Furans,5,14
,GRAPE BRANDY,Alcoholic Beverages > 20% alc.,2-furancarboxylic acid (=2-furoic acid),Furans,,
,GRAPE BRANDY,Alcoholic Beverages > 20% alc.,methyl 2-furancarboxylate,Furans,,
,GRAPE BRANDY,Alcoholic Beverages > 20% alc.,ethyl 2-furancarboxylate (=ethyl 2-furoate),Furans,0.03,0.1
,GRAPE BRANDY,Alcoholic Beverages > 20% alc.,ethyl furancarboxylate (unkn.str.),Furans,,
,GRAPE BRANDY,Alcoholic Beverages > 20% alc.,isobutyl 2-furancarboxylate,Furans,,
,GRAPE BRANDY,Alcoholic Beverages > 20% alc.,isopentyl 2-furancarboxylate,Furans,,
,GRAPE BRANDY,Alcoholic Beverages > 20% alc.,ethyl 3-(2-furyl)-2-propenoate,Furans,,
,GRAPE BRANDY,Alcoholic Beverages > 20% alc.,"furfural, diethyl acetal",Furans,,
,GRAPE BRANDY,Alcoholic Beverages > 20% alc.,"furfural, ethyl propyl acetal",Furans,,
,GRAPE BRANDY,Alcoholic Beverages > 20% alc.,"furfural, ethyl isobutyl acetal",Furans,,
,GRAPE BRANDY,Alcoholic Beverages > 20% alc.,"furfural, ethyl 2-methylbutyl acetal",Furans,,
,GRAPE BRANDY,Alcoholic Beverages > 20% alc.,"furfural, ethyl isopentyl acetal",Furans,,
,GRAPE BRANDY,Alcoholic Beverages > 20% alc.,"furfural, isobutyl isopentyl acetal",Furans,,
,GRAPE BRANDY,Alcoholic Beverages > 20% alc.,"furfural, diisopentyl acetal",Furans,,
,GRAPE BRANDY,Alcoholic Beverages > 20% alc.,ethyl furfuryl ether (=2-(ethoxymethyl)furan),Furans,,
,GRAPE BRANDY,Alcoholic Beverages > 20% alc.,"6,8-epoxy-p-1-menthene (=pinol)","(Ep)oxides, pyrans, coumarins",,
,GRAPE BRANDY,Alcoholic Beverages > 20% alc.,rose oxide,"(Ep)oxides, pyrans, coumarins",,
,GRAPE BRANDY,Alcoholic Beverages > 20% alc.,cis-rose oxide,"(Ep)oxides, pyrans, coumarins",,
,GRAPE BRANDY,Alcoholic Beverages > 20% alc.,trans-rose oxide,"(Ep)oxides, pyrans, coumarins",,
,GRAPE BRANDY,Alcoholic Beverages > 20% alc.,nerol oxide,"(Ep)oxides, pyrans, coumarins",,
,GRAPE BRANDY,Alcoholic Beverages > 20% alc.,linalool oxide (unkn.str.),"(Ep)oxides, pyrans, coumarins",,
,GRAPE BRANDY,Alcoholic Beverages > 20% alc.,cis-linalool oxide (unkn.str.),"(Ep)oxides, pyrans, coumarins",0.1,0.8
,GRAPE BRANDY,Alcoholic Beverages > 20% alc.,trans-linalool oxide (unkn.str.),"(Ep)oxides, pyrans, coumarins",0.1,0.8
,GRAPE BRANDY,Alcoholic Beverages > 20% alc.,3-acetyl-4-hydroxy-6-methyl-2-pyrone,"(Ep)oxides, pyrans, coumarins",,
,GRAPE BRANDY,Alcoholic Beverages > 20% alc.,edulan,"(Ep)oxides, pyrans, coumarins",,
,GRAPE BRANDY,Alcoholic Beverages > 20% alc.,"4,4a-epoxy-4,4a-dihydroedulan","(Ep)oxides, pyrans, coumarins",,
,GRAPE BRANDY,Alcoholic Beverages > 20% alc.,"6,7,8,8a-tetrahydro-2,5,5,8a-tetramethyl-5H-1-benzopyran","(Ep)oxides, pyrans, coumarins",,
,GRAPE BRANDY,Alcoholic Beverages > 20% alc.,7-hydroxy-6-methoxycoumarin (=scopoletin),"(Ep)oxides, pyrans, coumarins",,
,GRAPE BRANDY,Alcoholic Beverages > 20% alc.,vitispirane,"(Ep)oxides, pyrans, coumarins",,
,GRAPE BRANDY,Alcoholic Beverages > 20% alc.,cis-vitispirane,"(Ep)oxides, pyrans, coumarins",,
,GRAPE BRANDY,Alcoholic Beverages > 20% alc.,trans-vitispirane,"(Ep)oxides, pyrans, coumarins",,
,GRAPE BRANDY,Alcoholic Beverages > 20% alc.,"2,4,5-trimethyl-1,3-dioxolane","(Ep)oxides, pyrans, coumarins",0.02,0.2
,GRAPE BRANDY,Alcoholic Beverages > 20% alc.,"2,4,6-trimethyl-1,3,5-trioxane (=paraldehyde)","(Ep)oxides, pyrans, coumarins",0.02,0.08
,GRAPE BRANDY,Alcoholic Beverages > 20% alc.,trimethyloxazole,Oxazol(in)es,,
,RUM,Alcoholic Beverages > 20% alc.,"1,2-dihydro-1,1,6-trimethylnaphthalene (=3,4-dehydroionene)",Hydrocarbons,0.25,0.25
,RUM,Alcoholic Beverages > 20% alc.,methanol,Alcohols,0.08,36
,RUM,Alcoholic Beverages > 20% alc.,1-propanol (=propyl alcohol),Alcohols,7.5,2200
,RUM,Alcoholic Beverages > 20% alc.,2-methyl-1-propanol (=isobutanol),Alcohols,2,380
,RUM,Alcoholic Beverages > 20% alc.,1-butanol,Alcohols,0,40
,RUM,Alcoholic Beverages > 20% alc.,2-butanol (=sec-butanol),Alcohols,0,120
,RUM,Alcoholic Beverages > 20% alc.,2-methyl-1-butanol (=active amyl alcohol),Alcohols,trace,225
,RUM,Alcoholic Beverages > 20% alc.,3-methyl-1-butanol (=isoamyl alcohol),Alcohols,trace,968
,RUM,Alcoholic Beverages > 20% alc.,2-methyl-2-butanol (=tert-amyl alcohol),Alcohols,0.2,0.2
,RUM,Alcoholic Beverages > 20% alc.,1-pentanol (=amyl alcohol),Alcohols,2.5,2.5
,RUM,Alcoholic Beverages > 20% alc.,2-pentanol,Alcohols,0.5,0.5
,RUM,Alcoholic Beverages > 20% alc.,3-pentanol,Alcohols,0.1,0.1
,RUM,Alcoholic Beverages > 20% alc.,1-hexanol,Alcohols,2.5,2.5
,RUM,Alcoholic Beverages > 20% alc.,2-hexanol,Alcohols,0.02,0.02
,RUM,Alcoholic Beverages > 20% alc.,2-phenylethanol (=phenethyl alcohol),Alcohols,0.5,0.5
,RUM,Alcoholic Beverages > 20% alc.,menthol,Alcohols,0.5,0.5
,RUM,Alcoholic Beverages > 20% alc.,acetaldehyde (=ethanal),"Carbonyls, aldehydes",0.5,72
,RUM,Alcoholic Beverages > 20% alc.,propanal (=propionaldehyde),"Carbonyls, aldehydes",0.01,0.01
,RUM,Alcoholic Beverages > 20% alc.,"2-methylpropanal (=isobutanal, isobutyraldehyde)","Carbonyls, aldehydes",0.25,0.25
,RUM,Alcoholic Beverages > 20% alc.,2-methylbutanal (=α-methylbutanal),"Carbonyls, aldehydes",1.5,1.5
,RUM,Alcoholic Beverages > 20% alc.,"3-methylbutanal (=isopentanal, isovaleraldehyde)","Carbonyls, aldehydes",1.8,1.8
,RUM,Alcoholic Beverages > 20% alc.,benzaldehyde,"Carbonyls, aldehydes",2,2
,RUM,Alcoholic Beverages > 20% alc.,vanillin (=4-hydroxy-3-methoxybenzaldehyde),"Carbonyls, aldehydes",0.25,9.6
,RUM,Alcoholic Beverages > 20% alc.,"syringaldehyde (=4-hydroxy-3,5-dimethoxy-benzaldehyde)","Carbonyls, aldehydes",0.4,19.9
,RUM,Alcoholic Beverages > 20% alc.,coniferaldehyde (=4-hydroxy-3-methoxy-cinnamaldehyde),"Carbonyls, aldehydes",0.1,1
,RUM,Alcoholic Beverages > 20% alc.,"sinapaldehyde (=4-hydroxy-3,5-dimethoxy-cinnamaldehyde)","Carbonyls, aldehydes",0.3,1.1
,RUM,Alcoholic Beverages > 20% alc.,"acetone (=2-propanone, dimethyl ketone)","Carbonyls, ketones",0.25,0.25
,RUM,Alcoholic Beverages > 20% alc.,"1,1-diethoxy-2-propanone","Carbonyls, ketones",0.2,1.5
,RUM,Alcoholic Beverages > 20% alc.,2-butanone (=ethyl methyl ketone),"Carbonyls, ketones",0.03,0.03
,RUM,Alcoholic Beverages > 20% alc.,4-ethoxy-2-butanone,"Carbonyls, ketones",5,5
,RUM,Alcoholic Beverages > 20% alc.,"2,3-butanedione (=diacetyl)","Carbonyls, ketones",0.03,4.4
,RUM,Alcoholic Beverages > 20% alc.,2-pentanone,"Carbonyls, ketones",1.2,1.2
,RUM,Alcoholic Beverages > 20% alc.,3-penten-2-one,"Carbonyls, ketones",7,7
,RUM,Alcoholic Beverages > 20% alc.,4-ethoxy-2-pentanone,"Carbonyls, ketones",7.5,7.5
,RUM,Alcoholic Beverages > 20% alc.,"2,3-pentanedione (=acetylpropionyl)","Carbonyls, ketones",0.05,0.6
,RUM,Alcoholic Beverages > 20% alc.,2-hydroxyacetophenone,"Carbonyls, ketones",0.01,0.01
,RUM,Alcoholic Beverages > 20% alc.,acetic acid,Acids,3.5,11.7
,RUM,Alcoholic Beverages > 20% alc.,propanoic acid (=propionic acid),Acids,0,4.2
,RUM,Alcoholic Beverages > 20% alc.,2-propenoic acid (=acrylic acid),Acids,0,0.2
,RUM,Alcoholic Beverages > 20% alc.,2-methylpropanoic acid (=isobutyric acid),Acids,0.1,0.9
,RUM,Alcoholic Beverages > 20% alc.,3-ethoxypropanoic acid,Acids,0.15,0.15
,RUM,Alcoholic Beverages > 20% alc.,butanoic acid (=butyric acid),Acids,0.1,7.5
,RUM,Alcoholic Beverages > 20% alc.,2-methylbutanoic acid,Acids,0.6,0.6
,RUM,Alcoholic Beverages > 20% alc.,3-methylbutanoic acid (=isovaleric acid),Acids,0.1,0.7
,RUM,Alcoholic Beverages > 20% alc.,2-ethyl-3-methylbutanoic acid,Acids,0.01,2.2
,RUM,Alcoholic Beverages > 20% alc.,pentanoic acid (=valeric acid),Acids,0.01,7.5
,RUM,Alcoholic Beverages > 20% alc.,4-methylpentanoic acid (=isocaproic acid),Acids,0.09,0.09
,RUM,Alcoholic Beverages > 20% alc.,hexanoic acid (=caproic acid),Acids,0.1,15
,RUM,Alcoholic Beverages > 20% alc.,heptanoic acid (=enanthic acid),Acids,0.01,2.5
,RUM,Alcoholic Beverages > 20% alc.,heptenoic acid (unkn.str.),Acids,0.5,0.5
,RUM,Alcoholic Beverages > 20% alc.,6-methylheptanoic acid,Acids,0.03,0.03
,RUM,Alcoholic Beverages > 20% alc.,octanoic acid (=caprylic acid),Acids,0.5,7.5
,RUM,Alcoholic Beverages > 20% alc.,nonanoic acid (=pelargonic acid),Acids,0.06,0.06
,RUM,Alcoholic Beverages > 20% alc.,decanoic acid (=capric acid),Acids,0.3,10
,RUM,Alcoholic Beverages > 20% alc.,dodecanoic acid (=lauric acid),Acids,trace,3.7
,RUM,Alcoholic Beverages > 20% alc.,tetradecanoic acid (=myristic acid),Acids,0.02,0.3
,RUM,Alcoholic Beverages > 20% alc.,hexadecanoic acid (=palmitic acid),Acids,0.1,0.5
,RUM,Alcoholic Beverages > 20% alc.,9-hexadecenoic acid,Acids,trace,0.1
,RUM,Alcoholic Beverages > 20% alc.,octadecanoic acid (=stearic acid),Acids,0.02,0.05
,RUM,Alcoholic Beverages > 20% alc.,(Z)-9-octadecenoic acid (=oleic acid),Acids,0.01,0.1
,RUM,Alcoholic Beverages > 20% alc.,"(Z,Z)-9,12-octadecadienoic acid (=linoleic acid)",Acids,0.01,0.05
,RUM,Alcoholic Beverages > 20% alc.,benzoic acid,Acids,0.4,0.4
,RUM,Alcoholic Beverages > 20% alc.,4-hydroxybenzoic acid,Acids,0.02,0.85
,RUM,Alcoholic Beverages > 20% alc.,"3,4-dihydroxybenzoic acid (=protocatechuic acid)",Acids,0.15,0.15
,RUM,Alcoholic Beverages > 20% alc.,4-hydroxy-3-methoxybenzoic acid (=vanillic acid),Acids,0.11,4.2
,RUM,Alcoholic Beverages > 20% alc.,"3,4,5-trihydroxybenzoic acid (=gallic acid)",Acids,0.67,0.67
,RUM,Alcoholic Beverages > 20% alc.,"4-hydroxy-3,5-dimethoxybenzoic acid (=syringic acid)",Acids,0.35,18
,RUM,Alcoholic Beverages > 20% alc.,4-hydroxycinnamic acid (=p-coumaric acid),Acids,0.1,1.2
,RUM,Alcoholic Beverages > 20% alc.,4-hydroxy-3-methoxycinnamic acid (=ferulic acid),Acids,0.02,0.4
,RUM,Alcoholic Beverages > 20% alc.,ellagic acid,Acids,2.13,2.13
,RUM,Alcoholic Beverages > 20% alc.,ethyl formate,Esters,1.2,10
,RUM,Alcoholic Beverages > 20% alc.,isopentyl formate,Esters,2,2
,RUM,Alcoholic Beverages > 20% alc.,ethyl acetate,Esters,20,3600
,RUM,Alcoholic Beverages > 20% alc.,propyl acetate,Esters,0.5,0.5
,RUM,Alcoholic Beverages > 20% alc.,butyl acetate,Esters,0.01,0.01
,RUM,Alcoholic Beverages > 20% alc.,isobutyl acetate (=2-methylpropyl acetate),Esters,1.5,1.5
,RUM,Alcoholic Beverages > 20% alc.,"isopentyl acetate (=3-methylbutyl acetate, isoamyl acetate)",Esters,trace,11
,RUM,Alcoholic Beverages > 20% alc.,hexyl acetate,Esters,1,1
,RUM,Alcoholic Beverages > 20% alc.,phenethyl acetate,Esters,1,1
,RUM,Alcoholic Beverages > 20% alc.,ethyl propanoate,Esters,50,50
,RUM,Alcoholic Beverages > 20% alc.,propyl propanoate,Esters,0.2,0.2
,RUM,Alcoholic Beverages > 20% alc.,isobutyl propanoate (=2-methylpropyl propanoate),Esters,0.5,0.5
,RUM,Alcoholic Beverages > 20% alc.,isopentyl propanoate,Esters,0.1,0.1
,RUM,Alcoholic Beverages > 20% alc.,ethyl 2-methylpropanoate (=ethyl isobutyrate),Esters,8,8
,RUM,Alcoholic Beverages > 20% alc.,ethyl 2-hydroxypropanoate (=ethyl lactate),Esters,trace,52
,RUM,Alcoholic Beverages > 20% alc.,ethyl butanoate,Esters,220,220
,RUM,Alcoholic Beverages > 20% alc.,propyl butanoate,Esters,0.03,0.03
,RUM,Alcoholic Beverages > 20% alc.,"isopentyl butanoate (=3-methylbutyl butanoate, isoamyl butyrate)",Esters,1.5,1.5
,RUM,Alcoholic Beverages > 20% alc.,ethyl 2-methylbutanoate,Esters,2.5,2.5
,RUM,Alcoholic Beverages > 20% alc.,ethyl 3-methylbutanoate (=ethyl isovalerate),Esters,2.5,2.5
,RUM,Alcoholic Beverages > 20% alc.,ethyl pentanoate,Esters,40,40
,RUM,Alcoholic Beverages > 20% alc.,isopentyl pentanoate,Esters,0.5,0.5
,RUM,Alcoholic Beverages > 20% alc.,ethyl hexanoate (=ethyl caproate),Esters,trace,64
,RUM,Alcoholic Beverages > 20% alc.,isopentyl hexanoate,Esters,1,1
,RUM,Alcoholic Beverages > 20% alc.,ethyl heptanoate,Esters,2.5,2.5
,RUM,Alcoholic Beverages > 20% alc.,ethyl heptenoate (unkn.str.),Esters,1.2,1.2
,RUM,Alcoholic Beverages > 20% alc.,methyl octanoate,Esters,0.1,0.1
,RUM,Alcoholic Beverages > 20% alc.,ethyl octanoate (=ethyl caprylate),Esters,0.1,15
,RUM,Alcoholic Beverages > 20% alc.,isopentyl octanoate,Esters,1,1
,RUM,Alcoholic Beverages > 20% alc.,phenethyl octanoate,Esters,0.1,0.1
,RUM,Alcoholic Beverages > 20% alc.,ethyl nonanoate,Esters,0.3,0.3
,RUM,Alcoholic Beverages > 20% alc.,methyl decanoate,Esters,0.2,0.2
,RUM,Alcoholic Beverages > 20% alc.,ethyl decanoate (=ethyl caprate),Esters,0,25
,RUM,Alcoholic Beverages > 20% alc.,isobutyl decanoate,Esters,0.15,0.15
,RUM,Alcoholic Beverages > 20% alc.,isopentyl decanoate,Esters,1,1
,RUM,Alcoholic Beverages > 20% alc.,phenethyl decanoate,Esters,0.2,0.2
,RUM,Alcoholic Beverages > 20% alc.,ethyl undecanoate,Esters,0.1,0.1
,RUM,Alcoholic Beverages > 20% alc.,methyl dodecanoate (=methyl laurate),Esters,0.1,0.1
,RUM,Alcoholic Beverages > 20% alc.,ethyl dodecanoate (=ethyl laurate),Esters,trace,15
,RUM,Alcoholic Beverages > 20% alc.,isopentyl dodecanoate (=3-methylbutyl dodecanoate),Esters,1,1
,RUM,Alcoholic Beverages > 20% alc.,ethyl dodecenoate (unkn.str.),Esters,0.1,0.1
,RUM,Alcoholic Beverages > 20% alc.,ethyl tetradecanoate (=ethyl myristate),Esters,trace,6
,RUM,Alcoholic Beverages > 20% alc.,isopentyl tetradecanoate,Esters,0.2,0.2
,RUM,Alcoholic Beverages > 20% alc.,ethyl pentadecanoate,Esters,0.8,0.8
,RUM,Alcoholic Beverages > 20% alc.,methyl hexadecanoate (=methyl palmitate),Esters,0.3,0.3
,RUM,Alcoholic Beverages > 20% alc.,ethyl hexadecanoate (=ethyl palmitate),Esters,trace,50
,RUM,Alcoholic Beverages > 20% alc.,propyl hexadecanoate,Esters,0.05,0.05
,RUM,Alcoholic Beverages > 20% alc.,isopentyl hexadecanoate (=isoamyl palmitate),Esters,1,1
,RUM,Alcoholic Beverages > 20% alc.,ethyl 9-hexadecenoate,Esters,trace,1.6
,RUM,Alcoholic Beverages > 20% alc.,ethyl heptadecanoate,Esters,0.05,0.05
,RUM,Alcoholic Beverages > 20% alc.,ethyl octadecanoate (=ethyl stearate),Esters,0.5,0.5
,RUM,Alcoholic Beverages > 20% alc.,ethyl 9-octadecenoate,Esters,8,8
,RUM,Alcoholic Beverages > 20% alc.,"ethyl 9,12-octadecadienoate",Esters,50,50
,RUM,Alcoholic Beverages > 20% alc.,monoethyl succinate (=monoethyl butanedioate),Esters,2,2
,RUM,Alcoholic Beverages > 20% alc.,diethyl succinate (=diethyl butanedioate),Esters,0.8,0.8
,RUM,Alcoholic Beverages > 20% alc.,monoethyl citrate,Esters,1,1
,RUM,Alcoholic Beverages > 20% alc.,ethyl benzoate,Esters,0.5,0.5
,RUM,Alcoholic Beverages > 20% alc.,methyl 2-hydroxybenzoate (=methyl salicylate),Esters,0.15,0.15
,RUM,Alcoholic Beverages > 20% alc.,ethyl 4-hydroxy-3-methoxybenzoate (=ethyl vanillate),Esters,0.3,0.3
,RUM,Alcoholic Beverages > 20% alc.,ethyl 3-phenylpropanoate (=ethyl hydrocinnamate),Esters,0.5,0.5
,RUM,Alcoholic Beverages > 20% alc.,"5-hydroxyoctanoic acid lactone (=5-octanolide, δ-octalactone)",Lactones,0.01,0.01
,RUM,Alcoholic Beverages > 20% alc.,cis-4-hydroxy-3-methyloctanoic acid lactone,Lactones,0.05,0.05
,RUM,Alcoholic Beverages > 20% alc.,trans-4-hydroxy-3-methyloctanoic acid lactone,Lactones,1.2,1.2
,RUM,Alcoholic Beverages > 20% alc.,"4-hydroxynonanoic acid lactone (=4-nonanolide, γ-nonalactone)",Lactones,0.02,0.02
,RUM,Alcoholic Beverages > 20% alc.,"4-hydroxydecanoic acid lactone (=4-decanolide, γ-decalactone)",Lactones,0.02,0.02
,RUM,Alcoholic Beverages > 20% alc.,"5-hydroxydecanoic acid lactone (=5-decanolide, δ-decalactone)",Lactones,0.02,0.02
,RUM,Alcoholic Beverages > 20% alc.,"4-hydroxydodecanoic acid lactone (=4-dodecanolide, γ-dodecalactone)",Lactones,0.02,0.02
,RUM,Alcoholic Beverages > 20% alc.,"5-hydroxydodecanoic acid lactone (=5-dodecanolide, δ-dodecalactone)",Lactones,0.02,0.02
,RUM,Alcoholic Beverages > 20% alc.,methylpyrazine,Bases,0.5,0.5
,RUM,Alcoholic Beverages > 20% alc.,"2,5-dimethylpyrazine",Bases,0.8,0.8
,RUM,Alcoholic Beverages > 20% alc.,"2,6-dimethylpyrazine",Bases,1.5,1.5
,RUM,Alcoholic Beverages > 20% alc.,2-ethyl-3-methylpyrazine,Bases,0.25,0.25
,RUM,Alcoholic Beverages > 20% alc.,2-ethyl-6-methylpyrazine,Bases,0.1,0.1
,RUM,Alcoholic Beverages > 20% alc.,"3-ethyl-2,5-dimethylpyrazine",Bases,0.2,0.2
,RUM,Alcoholic Beverages > 20% alc.,"2-ethyl-3,5-dimethylpyrazine",Bases,0.1,0.1
,RUM,Alcoholic Beverages > 20% alc.,"dimethyl sulfide (=thiobismethane, methylthiomethane, methyl sulfide)",Sulfur compounds,0.1,0.1
,RUM,Alcoholic Beverages > 20% alc.,ethyl methyl sulfide (=methylthioethane),Sulfur compounds,0.1,0.1
,RUM,Alcoholic Beverages > 20% alc.,"1,1-diethoxymethane",Acetals,0.8,0.8
,RUM,Alcoholic Beverages > 20% alc.,1-ethoxy-1-methoxyethane,Acetals,0.3,0.3
,RUM,Alcoholic Beverages > 20% alc.,"1,1-diethoxyethane (=acetal, acetaldehyde diethyl acetal)",Acetals,320,320
,RUM,Alcoholic Beverages > 20% alc.,1-ethoxy-1-propoxyethane,Acetals,1.2,1.2
,RUM,Alcoholic Beverages > 20% alc.,1-ethoxy-1-isobutoxyethane,Acetals,1.5,1.5
,RUM,Alcoholic Beverages > 20% alc.,1-butoxy-1-ethoxyethane,Acetals,0.5,0.5
,RUM,Alcoholic Beverages > 20% alc.,1-ethoxy-1-(2-methylbutoxy)-ethane,Acetals,2.5,2.5
,RUM,Alcoholic Beverages > 20% alc.,1-ethoxy-1-(3-methylbutoxy)-ethane,Acetals,10,10
,RUM,Alcoholic Beverages > 20% alc.,1-ethoxy-1-pentoxyethane,Acetals,0.5,0.5
,RUM,Alcoholic Beverages > 20% alc.,"1,1-dipropoxyethane",Acetals,0.25,0.25
,RUM,Alcoholic Beverages > 20% alc.,1-(3-methylbutoxy)-1-propoxyethane,Acetals,2.5,2.5
,RUM,Alcoholic Beverages > 20% alc.,1-isobutoxy-1-(3-methylbutoxy)-ethane,Acetals,5,5
,RUM,Alcoholic Beverages > 20% alc.,"1,1-diisobutoxyethane",Acetals,1.5,1.5
,RUM,Alcoholic Beverages > 20% alc.,1-butoxy-1-(3-methylbutoxy)-ethane,Acetals,0.5,0.5
,RUM,Alcoholic Beverages > 20% alc.,1-(2-methylbutoxy)-1-(3-methyl-butoxy)ethane,Acetals,2.3,2.3
,RUM,Alcoholic Beverages > 20% alc.,"1,1-bis(3-methylbutoxy)ethane",Acetals,7.5,7.5
,RUM,Alcoholic Beverages > 20% alc.,1-(3-methylbutoxy)-1-pentoxy-ethane,Acetals,0.08,0.08
,RUM,Alcoholic Beverages > 20% alc.,"1,1-diethoxypropane",Acetals,1.2,1.2
,RUM,Alcoholic Beverages > 20% alc.,1-ethoxy-1-isobutoxypropane,Acetals,0.25,0.25
,RUM,Alcoholic Beverages > 20% alc.,1-ethoxy-1-(3-methylbutoxy)-propane,Acetals,0.5,0.5
,RUM,Alcoholic Beverages > 20% alc.,1-(3-methylbutoxy)-1-propoxy-propane,Acetals,0.1,0.1
,RUM,Alcoholic Beverages > 20% alc.,"1,1-diisobutoxypropane",Acetals,1.3,1.3
,RUM,Alcoholic Beverages > 20% alc.,"1,1-diethoxy-2-methylpropane",Acetals,6,6
,RUM,Alcoholic Beverages > 20% alc.,1-ethoxy-2-methyl-1-propoxy-propane,Acetals,1,1
,RUM,Alcoholic Beverages > 20% alc.,1-ethoxy-1-isobutoxy-2-methyl-propane,Acetals,0.1,0.1
,RUM,Alcoholic Beverages > 20% alc.,1-ethoxy-2-methyl-1-(3-methyl-butoxy)propane,Acetals,5,5
,RUM,Alcoholic Beverages > 20% alc.,1-isobutoxy-2-methyl-1-propoxypropane,Acetals,0.1,0.1
,RUM,Alcoholic Beverages > 20% alc.,2-methyl-1-(3-methylbutoxy)-1-propoxypropane,Acetals,0.1,0.1
,RUM,Alcoholic Beverages > 20% alc.,"1,1-diisobutoxy-2-methyl-propane",Acetals,0.5,0.5
,RUM,Alcoholic Beverages > 20% alc.,1-isobutoxy-2-methyl-1-(3-methylbutoxy)propane,Acetals,0.8,0.8
,RUM,Alcoholic Beverages > 20% alc.,"2-methyl-1,1-bis(3-methylbutoxy)-propane",Acetals,0.1,0.1
,RUM,Alcoholic Beverages > 20% alc.,"1,1-diethoxybutane",Acetals,0.1,0.1
,RUM,Alcoholic Beverages > 20% alc.,"1,1-diethoxy-2-methylbutane",Acetals,2.5,2.5
,RUM,Alcoholic Beverages > 20% alc.,"1,1-diethoxy-3-methylbutane",Acetals,13,13
,RUM,Alcoholic Beverages > 20% alc.,1-ethoxy-1-isobutoxy-3-methyl-butane,Acetals,5,5
,RUM,Alcoholic Beverages > 20% alc.,1-ethoxy-3-methyl-1-(3-methylbutoxy)butane,Acetals,4,4
,RUM,Alcoholic Beverages > 20% alc.,"3-methyl-1,1-dipropoxybutane",Acetals,0.1,0.1
,RUM,Alcoholic Beverages > 20% alc.,1-isobutoxy-3-methyl-1-propoxybutane,Acetals,0.1,0.1
,RUM,Alcoholic Beverages > 20% alc.,1-(3-methylbutoxy)-1-propoxy-3-methylbutane,Acetals,0.25,0.25
,RUM,Alcoholic Beverages > 20% alc.,"1,1-diisobutoxy-3-methyl-butane",Acetals,0.8,0.8
,RUM,Alcoholic Beverages > 20% alc.,1-isobutoxy-1-(3-methylbutoxy)-3-methylbutane,Acetals,0.25,0.25
,RUM,Alcoholic Beverages > 20% alc.,"3-methyl-1,1-bis(3-methyl-butoxy)butane",Acetals,0.1,0.1
,RUM,Alcoholic Beverages > 20% alc.,1-ethoxy-1-isobutoxypentane,Acetals,0.25,0.25
,RUM,Alcoholic Beverages > 20% alc.,"1,1-diisobutoxypentane",Acetals,0.05,0.05
,RUM,Alcoholic Beverages > 20% alc.,phenol (=hydroxybenzene),Phenols,0,0.19
,RUM,Alcoholic Beverages > 20% alc.,2-methylphenol (=o-cresol),Phenols,0,0.1
,RUM,Alcoholic Beverages > 20% alc.,3-methylphenol (=m-cresol),Phenols,0,0.05
,RUM,Alcoholic Beverages > 20% alc.,4-methylphenol (=p-cresol),Phenols,trace,0.2
,RUM,Alcoholic Beverages > 20% alc.,4-ethylphenol,Phenols,0,2
,RUM,Alcoholic Beverages > 20% alc.,2-methoxyphenol (=guaiacol),Phenols,0,0.8
,RUM,Alcoholic Beverages > 20% alc.,"2-methoxy-4-methylphenol (=4-methylguaiacol, creosol)",Phenols,0.05,0.05
,RUM,Alcoholic Beverages > 20% alc.,4-ethyl-2-methoxyphenol (=4-ethylguaiacol),Phenols,trace,1.8
,RUM,Alcoholic Beverages > 20% alc.,2-methoxy-4-propylphenol (=4-propylguaiacol),Phenols,0,0.8
,RUM,Alcoholic Beverages > 20% alc.,eugenol (=4-allyl-2-methoxyphenol),Phenols,0,1.4
,RUM,Alcoholic Beverages > 20% alc.,isoeugenol (=2-methoxy-4-(1-propenyl)-phenol),Phenols,0.08,0.08
,RUM,Alcoholic Beverages > 20% alc.,2-methylfuran,Furans,0.05,0.05
,RUM,Alcoholic Beverages > 20% alc.,"furfural (=2-formylfuran, 2-furancarbaldehyde, 2-furaldehyde)",Furans,trace,25
,RUM,Alcoholic Beverages > 20% alc.,5-methylfurfural,Furans,1.2,1.2
,RUM,Alcoholic Beverages > 20% alc.,2-methyldihydro-3(2H)-furanone,Furans,5,5
,RUM,Alcoholic Beverages > 20% alc.,"2-acetylfuran (=2-furyl methyl ketone, 1-(2-furyl)ethanone)",Furans,1.2,1.2
,RUM,Alcoholic Beverages > 20% alc.,2-furancarboxylic acid (=2-furoic acid),Furans,0.4,0.4
,RUM,Alcoholic Beverages > 20% alc.,3-furancarboxylic acid (=3-furoic acid),Furans,0.3,0.3
,RUM,Alcoholic Beverages > 20% alc.,ethyl 2-furancarboxylate (=ethyl 2-furoate),Furans,0.1,0.1
RUM Category I (total volatiles > 3600 ppm),RUM,Alcoholic Beverages > 20% alc.,methanol,Alcohols,36,36
RUM Category I (total volatiles > 3600 ppm),RUM,Alcoholic Beverages > 20% alc.,1-propanol (=propyl alcohol),Alcohols,2200,2200
RUM Category I (total volatiles > 3600 ppm),RUM,Alcoholic Beverages > 20% alc.,2-methyl-1-propanol (=isobutanol),Alcohols,64,124
RUM Category I (total volatiles > 3600 ppm),RUM,Alcoholic Beverages > 20% alc.,1-butanol,Alcohols,40,40
RUM Category I (total volatiles > 3600 ppm),RUM,Alcoholic Beverages > 20% alc.,2-methyl-1-butanol (=active amyl alcohol),Alcohols,32,74
RUM Category I (total volatiles > 3600 ppm),RUM,Alcoholic Beverages > 20% alc.,3-methyl-1-butanol (=isoamyl alcohol),Alcohols,176,220
RUM Category I (total volatiles > 3600 ppm),RUM,Alcoholic Beverages > 20% alc.,acetaldehyde (=ethanal),"Carbonyls, aldehydes",49,49
RUM Category I (total volatiles > 3600 ppm),RUM,Alcoholic Beverages > 20% alc.,ethyl acetate,Esters,3100,3600
RUM Category I (total volatiles > 3600 ppm),RUM,Alcoholic Beverages > 20% alc.,"isopentyl acetate (=3-methylbutyl acetate, isoamyl acetate)",Esters,11,11
RUM Category I (total volatiles > 3600 ppm),RUM,Alcoholic Beverages > 20% alc.,ethyl 2-hydroxypropanoate (=ethyl lactate),Esters,32,32
RUM Category I (total volatiles > 3600 ppm),RUM,Alcoholic Beverages > 20% alc.,ethyl hexanoate (=ethyl caproate),Esters,24,64
RUM Category I (total volatiles > 3600 ppm),RUM,Alcoholic Beverages > 20% alc.,ethyl octanoate (=ethyl caprylate),Esters,3,4
RUM Category I (total volatiles > 3600 ppm),RUM,Alcoholic Beverages > 20% alc.,ethyl decanoate (=ethyl caprate),Esters,2,6
RUM Category I (total volatiles > 3600 ppm),RUM,Alcoholic Beverages > 20% alc.,ethyl dodecanoate (=ethyl laurate),Esters,2,4
RUM Category I (total volatiles > 3600 ppm),RUM,Alcoholic Beverages > 20% alc.,ethyl tetradecanoate (=ethyl myristate),Esters,1,2
RUM Category I (total volatiles > 3600 ppm),RUM,Alcoholic Beverages > 20% alc.,ethyl hexadecanoate (=ethyl palmitate),Esters,8,11
RUM Category I (total volatiles > 3600 ppm),RUM,Alcoholic Beverages > 20% alc.,cis-4-hydroxy-3-methyloctanoic acid lactone,Lactones,0.05,0.05
RUM Category I (total volatiles > 3600 ppm),RUM,Alcoholic Beverages > 20% alc.,trans-4-hydroxy-3-methyloctanoic acid lactone,Lactones,1.2,1.2
RUM Category I (total volatiles > 3600 ppm),RUM,Alcoholic Beverages > 20% alc.,"furfural (=2-formylfuran, 2-furancarbaldehyde, 2-furaldehyde)",Furans,22,22
RUM Category II (total volatiles 1100-3600 ppm),RUM,Alcoholic Beverages > 20% alc.,"1,2-dihydro-1,1,6-trimethylnaphthalene (=3,4-dehydroionene)",Hydrocarbons,0.25,0.25
RUM Category II (total volatiles 1100-3600 ppm),RUM,Alcoholic Beverages > 20% alc.,methanol,Alcohols,0.08,25
RUM Category II (total volatiles 1100-3600 ppm),RUM,Alcoholic Beverages > 20% alc.,1-propanol (=propyl alcohol),Alcohols,7.5,1216
RUM Category II (total volatiles 1100-3600 ppm),RUM,Alcoholic Beverages > 20% alc.,2-methyl-1-propanol (=isobutanol),Alcohols,12,380
RUM Category II (total volatiles 1100-3600 ppm),RUM,Alcoholic Beverages > 20% alc.,1-butanol,Alcohols,10,10
RUM Category II (total volatiles 1100-3600 ppm),RUM,Alcoholic Beverages > 20% alc.,2-butanol (=sec-butanol),Alcohols,3,120
RUM Category II (total volatiles 1100-3600 ppm),RUM,Alcoholic Beverages > 20% alc.,2-methyl-1-butanol (=active amyl alcohol),Alcohols,trace,225
RUM Category II (total volatiles 1100-3600 ppm),RUM,Alcoholic Beverages > 20% alc.,3-methyl-1-butanol (=isoamyl alcohol),Alcohols,trace,968
RUM Category II (total volatiles 1100-3600 ppm),RUM,Alcoholic Beverages > 20% alc.,2-methyl-2-butanol (=tert-amyl alcohol),Alcohols,0.2,0.2
RUM Category II (total volatiles 1100-3600 ppm),RUM,Alcoholic Beverages > 20% alc.,1-pentanol (=amyl alcohol),Alcohols,2.5,2.5
RUM Category II (total volatiles 1100-3600 ppm),RUM,Alcoholic Beverages > 20% alc.,2-pentanol,Alcohols,0.5,0.5
RUM Category II (total volatiles 1100-3600 ppm),RUM,Alcoholic Beverages > 20% alc.,3-pentanol,Alcohols,0.1,0.1
RUM Category II (total volatiles 1100-3600 ppm),RUM,Alcoholic Beverages > 20% alc.,1-hexanol,Alcohols,2.5,2.5
RUM Category II (total volatiles 1100-3600 ppm),RUM,Alcoholic Beverages > 20% alc.,2-hexanol,Alcohols,0.02,0.02
RUM Category II (total volatiles 1100-3600 ppm),RUM,Alcoholic Beverages > 20% alc.,2-phenylethanol (=phenethyl alcohol),Alcohols,0.5,0.5
RUM Category II (total volatiles 1100-3600 ppm),RUM,Alcoholic Beverages > 20% alc.,menthol,Alcohols,0.5,0.5
RUM Category II (total volatiles 1100-3600 ppm),RUM,Alcoholic Beverages > 20% alc.,acetaldehyde (=ethanal),"Carbonyls, aldehydes",0.5,72
RUM Category II (total volatiles 1100-3600 ppm),RUM,Alcoholic Beverages > 20% alc.,propanal (=propionaldehyde),"Carbonyls, aldehydes",0.01,0.01
RUM Category II (total volatiles 1100-3600 ppm),RUM,Alcoholic Beverages > 20% alc.,"2-methylpropanal (=isobutanal, isobutyraldehyde)","Carbonyls, aldehydes",0.25,0.25
RUM Category II (total volatiles 1100-3600 ppm),RUM,Alcoholic Beverages > 20% alc.,2-methylbutanal (=α-methylbutanal),"Carbonyls, aldehydes",1.5,1.5
RUM Category II (total volatiles 1100-3600 ppm),RUM,Alcoholic Beverages > 20% alc.,"3-methylbutanal (=isopentanal, isovaleraldehyde)","Carbonyls, aldehydes",1.8,1.8
RUM Category II (total volatiles 1100-3600 ppm),RUM,Alcoholic Beverages > 20% alc.,benzaldehyde,"Carbonyls, aldehydes",2,2
RUM Category II (total volatiles 1100-3600 ppm),RUM,Alcoholic Beverages > 20% alc.,vanillin (=4-hydroxy-3-methoxybenzaldehyde),"Carbonyls, aldehydes",0.25,9.6
RUM Category II (total volatiles 1100-3600 ppm),RUM,Alcoholic Beverages > 20% alc.,"syringaldehyde (=4-hydroxy-3,5-dimethoxy-benzaldehyde)","Carbonyls, aldehydes",0.4,19.9
RUM Category II (total volatiles 1100-3600 ppm),RUM,Alcoholic Beverages > 20% alc.,coniferaldehyde (=4-hydroxy-3-methoxy-cinnamaldehyde),"Carbonyls, aldehydes",0.1,1
RUM Category II (total volatiles 1100-3600 ppm),RUM,Alcoholic Beverages > 20% alc.,"sinapaldehyde (=4-hydroxy-3,5-dimethoxy-cinnamaldehyde)","Carbonyls, aldehydes",0.3,1.1
RUM Category II (total volatiles 1100-3600 ppm),RUM,Alcoholic Beverages > 20% alc.,"acetone (=2-propanone, dimethyl ketone)","Carbonyls, ketones",0.25,0.25
RUM Category II (total volatiles 1100-3600 ppm),RUM,Alcoholic Beverages > 20% alc.,"1,1-diethoxy-2-propanone","Carbonyls, ketones",0.2,1.5
RUM Category II (total volatiles 1100-3600 ppm),RUM,Alcoholic Beverages > 20% alc.,2-butanone (=ethyl methyl ketone),"Carbonyls, ketones",0.03,0.03
RUM Category II (total volatiles 1100-3600 ppm),RUM,Alcoholic Beverages > 20% alc.,4-ethoxy-2-butanone,"Carbonyls, ketones",5,5
RUM Category II (total volatiles 1100-3600 ppm),RUM,Alcoholic Beverages > 20% alc.,"2,3-butanedione (=diacetyl)","Carbonyls, ketones",0.03,4.4
RUM Category II (total volatiles 1100-3600 ppm),RUM,Alcoholic Beverages > 20% alc.,2-pentanone,"Carbonyls, ketones",1.2,1.2
RUM Category II (total volatiles 1100-3600 ppm),RUM,Alcoholic Beverages > 20% alc.,3-penten-2-one,"Carbonyls, ketones",7,7
RUM Category II (total volatiles 1100-3600 ppm),RUM,Alcoholic Beverages > 20% alc.,4-ethoxy-2-pentanone,"Carbonyls, ketones",7.5,7.5
RUM Category II (total volatiles 1100-3600 ppm),RUM,Alcoholic Beverages > 20% alc.,"2,3-pentanedione (=acetylpropionyl)","Carbonyls, ketones",0.3,0.3
RUM Category II (total volatiles 1100-3600 ppm),RUM,Alcoholic Beverages > 20% alc.,2-hydroxyacetophenone,"Carbonyls, ketones",0.01,0.01
RUM Category II (total volatiles 1100-3600 ppm),RUM,Alcoholic Beverages > 20% alc.,acetic acid,Acids,3.5,7.5
RUM Category II (total volatiles 1100-3600 ppm),RUM,Alcoholic Beverages > 20% alc.,propanoic acid (=propionic acid),Acids,1.1,1.5
RUM Category II (total volatiles 1100-3600 ppm),RUM,Alcoholic Beverages > 20% alc.,2-propenoic acid (=acrylic acid),Acids,0.2,0.2
RUM Category II (total volatiles 1100-3600 ppm),RUM,Alcoholic Beverages > 20% alc.,2-methylpropanoic acid (=isobutyric acid),Acids,0.7,0.9
RUM Category II (total volatiles 1100-3600 ppm),RUM,Alcoholic Beverages > 20% alc.,3-ethoxypropanoic acid,Acids,0.15,0.15
RUM Category II (total volatiles 1100-3600 ppm),RUM,Alcoholic Beverages > 20% alc.,butanoic acid (=butyric acid),Acids,1.8,7.5
RUM Category II (total volatiles 1100-3600 ppm),RUM,Alcoholic Beverages > 20% alc.,2-methylbutanoic acid,Acids,0.6,0.6
RUM Category II (total volatiles 1100-3600 ppm),RUM,Alcoholic Beverages > 20% alc.,3-methylbutanoic acid (=isovaleric acid),Acids,0.7,0.7
RUM Category II (total volatiles 1100-3600 ppm),RUM,Alcoholic Beverages > 20% alc.,2-ethyl-3-methylbutanoic acid,Acids,1.8,1.8
RUM Category II (total volatiles 1100-3600 ppm),RUM,Alcoholic Beverages > 20% alc.,pentanoic acid (=valeric acid),Acids,0.09,7.5
RUM Category II (total volatiles 1100-3600 ppm),RUM,Alcoholic Beverages > 20% alc.,4-methylpentanoic acid (=isocaproic acid),Acids,0.09,0.09
RUM Category II (total volatiles 1100-3600 ppm),RUM,Alcoholic Beverages > 20% alc.,hexanoic acid (=caproic acid),Acids,1.1,15
RUM Category II (total volatiles 1100-3600 ppm),RUM,Alcoholic Beverages > 20% alc.,heptanoic acid (=enanthic acid),Acids,0.08,2.5
RUM Category II (total volatiles 1100-3600 ppm),RUM,Alcoholic Beverages > 20% alc.,heptenoic acid (unkn.str.),Acids,0.5,0.5
RUM Category II (total volatiles 1100-3600 ppm),RUM,Alcoholic Beverages > 20% alc.,6-methylheptanoic acid,Acids,0.03,0.03
RUM Category II (total volatiles 1100-3600 ppm),RUM,Alcoholic Beverages > 20% alc.,octanoic acid (=caprylic acid),Acids,7.5,7.5
RUM Category II (total volatiles 1100-3600 ppm),RUM,Alcoholic Beverages > 20% alc.,nonanoic acid (=pelargonic acid),Acids,0.06,0.06
RUM Category II (total volatiles 1100-3600 ppm),RUM,Alcoholic Beverages > 20% alc.,decanoic acid (=capric acid),Acids,0.6,0.6
RUM Category II (total volatiles 1100-3600 ppm),RUM,Alcoholic Beverages > 20% alc.,benzoic acid,Acids,0.4,0.4
RUM Category II (total volatiles 1100-3600 ppm),RUM,Alcoholic Beverages > 20% alc.,4-hydroxybenzoic acid,Acids,0.02,0.85
RUM Category II (total volatiles 1100-3600 ppm),RUM,Alcoholic Beverages > 20% alc.,"3,4-dihydroxybenzoic acid (=protocatechuic acid)",Acids,0.15,0.15
RUM Category II (total volatiles 1100-3600 ppm),RUM,Alcoholic Beverages > 20% alc.,4-hydroxy-3-methoxybenzoic acid (=vanillic acid),Acids,0.11,4.2
RUM Category II (total volatiles 1100-3600 ppm),RUM,Alcoholic Beverages > 20% alc.,"3,4,5-trihydroxybenzoic acid (=gallic acid)",Acids,0.67,0.67
RUM Category II (total volatiles 1100-3600 ppm),RUM,Alcoholic Beverages > 20% alc.,"4-hydroxy-3,5-dimethoxybenzoic acid (=syringic acid)",Acids,0.35,18
RUM Category II (total volatiles 1100-3600 ppm),RUM,Alcoholic Beverages > 20% alc.,4-hydroxycinnamic acid (=p-coumaric acid),Acids,0.1,1.2
RUM Category II (total volatiles 1100-3600 ppm),RUM,Alcoholic Beverages > 20% alc.,4-hydroxy-3-methoxycinnamic acid (=ferulic acid),Acids,0.02,0.4
RUM Category II (total volatiles 1100-3600 ppm),RUM,Alcoholic Beverages > 20% alc.,ellagic acid,Acids,2.13,2.13
RUM Category II (total volatiles 1100-3600 ppm),RUM,Alcoholic Beverages > 20% alc.,ethyl formate,Esters,10,10
RUM Category II (total volatiles 1100-3600 ppm),RUM,Alcoholic Beverages > 20% alc.,isopentyl formate,Esters,2,2
RUM Category II (total volatiles 1100-3600 ppm),RUM,Alcoholic Beverages > 20% alc.,ethyl acetate,Esters,132,1800
RUM Category II (total volatiles 1100-3600 ppm),RUM,Alcoholic Beverages > 20% alc.,propyl acetate,Esters,0.5,0.5
RUM Category II (total volatiles 1100-3600 ppm),RUM,Alcoholic Beverages > 20% alc.,butyl acetate,Esters,0.01,0.01
RUM Category II (total volatiles 1100-3600 ppm),RUM,Alcoholic Beverages > 20% alc.,isobutyl acetate (=2-methylpropyl acetate),Esters,1.5,1.5
RUM Category II (total volatiles 1100-3600 ppm),RUM,Alcoholic Beverages > 20% alc.,"isopentyl acetate (=3-methylbutyl acetate, isoamyl acetate)",Esters,trace,10
RUM Category II (total volatiles 1100-3600 ppm),RUM,Alcoholic Beverages > 20% alc.,hexyl acetate,Esters,1,1
RUM Category II (total volatiles 1100-3600 ppm),RUM,Alcoholic Beverages > 20% alc.,phenethyl acetate,Esters,1,1
RUM Category II (total volatiles 1100-3600 ppm),RUM,Alcoholic Beverages > 20% alc.,ethyl propanoate,Esters,50,50
RUM Category II (total volatiles 1100-3600 ppm),RUM,Alcoholic Beverages > 20% alc.,propyl propanoate,Esters,0.2,0.2
RUM Category II (total volatiles 1100-3600 ppm),RUM,Alcoholic Beverages > 20% alc.,isobutyl propanoate (=2-methylpropyl propanoate),Esters,0.5,0.5
RUM Category II (total volatiles 1100-3600 ppm),RUM,Alcoholic Beverages > 20% alc.,isopentyl propanoate,Esters,0.1,0.1
RUM Category II (total volatiles 1100-3600 ppm),RUM,Alcoholic Beverages > 20% alc.,ethyl 2-methylpropanoate (=ethyl isobutyrate),Esters,8,8
RUM Category II (total volatiles 1100-3600 ppm),RUM,Alcoholic Beverages > 20% alc.,ethyl 2-hydroxypropanoate (=ethyl lactate),Esters,10,52
RUM Category II (total volatiles 1100-3600 ppm),RUM,Alcoholic Beverages > 20% alc.,ethyl butanoate,Esters,220,220
RUM Category II (total volatiles 1100-3600 ppm),RUM,Alcoholic Beverages > 20% alc.,propyl butanoate,Esters,0.03,0.03
RUM Category II (total volatiles 1100-3600 ppm),RUM,Alcoholic Beverages > 20% alc.,"isopentyl butanoate (=3-methylbutyl butanoate, isoamyl butyrate)",Esters,1.5,1.5
RUM Category II (total volatiles 1100-3600 ppm),RUM,Alcoholic Beverages > 20% alc.,ethyl 2-methylbutanoate,Esters,2.5,2.5
RUM Category II (total volatiles 1100-3600 ppm),RUM,Alcoholic Beverages > 20% alc.,ethyl 3-methylbutanoate (=ethyl isovalerate),Esters,2.5,2.5
RUM Category II (total volatiles 1100-3600 ppm),RUM,Alcoholic Beverages > 20% alc.,ethyl pentanoate,Esters,40,40
RUM Category II (total volatiles 1100-3600 ppm),RUM,Alcoholic Beverages > 20% alc.,isopentyl pentanoate,Esters,0.5,0.5
RUM Category II (total volatiles 1100-3600 ppm),RUM,Alcoholic Beverages > 20% alc.,ethyl hexanoate (=ethyl caproate),Esters,trace,40
RUM Category II (total volatiles 1100-3600 ppm),RUM,Alcoholic Beverages > 20% alc.,isopentyl hexanoate,Esters,1,1
RUM Category II (total volatiles 1100-3600 ppm),RUM,Alcoholic Beverages > 20% alc.,ethyl heptanoate,Esters,2.5,2.5
RUM Category II (total volatiles 1100-3600 ppm),RUM,Alcoholic Beverages > 20% alc.,ethyl heptenoate (unkn.str.),Esters,1.2,1.2
RUM Category II (total volatiles 1100-3600 ppm),RUM,Alcoholic Beverages > 20% alc.,methyl octanoate,Esters,0.1,0.1
RUM Category II (total volatiles 1100-3600 ppm),RUM,Alcoholic Beverages > 20% alc.,ethyl octanoate (=ethyl caprylate),Esters,0.6,15
RUM Category II (total volatiles 1100-3600 ppm),RUM,Alcoholic Beverages > 20% alc.,isopentyl octanoate,Esters,1,1
RUM Category II (total volatiles 1100-3600 ppm),RUM,Alcoholic Beverages > 20% alc.,phenethyl octanoate,Esters,0.1,0.1
RUM Category II (total volatiles 1100-3600 ppm),RUM,Alcoholic Beverages > 20% alc.,ethyl nonanoate,Esters,0.3,0.3
RUM Category II (total volatiles 1100-3600 ppm),RUM,Alcoholic Beverages > 20% alc.,methyl decanoate,Esters,0.2,0.2
RUM Category II (total volatiles 1100-3600 ppm),RUM,Alcoholic Beverages > 20% alc.,ethyl decanoate (=ethyl caprate),Esters,1.2,25
RUM Category II (total volatiles 1100-3600 ppm),RUM,Alcoholic Beverages > 20% alc.,isobutyl decanoate,Esters,0.15,0.15
RUM Category II (total volatiles 1100-3600 ppm),RUM,Alcoholic Beverages > 20% alc.,isopentyl decanoate,Esters,1,1
RUM Category II (total volatiles 1100-3600 ppm),RUM,Alcoholic Beverages > 20% alc.,phenethyl decanoate,Esters,0.2,0.2
RUM Category II (total volatiles 1100-3600 ppm),RUM,Alcoholic Beverages > 20% alc.,ethyl undecanoate,Esters,0.1,0.1
RUM Category II (total volatiles 1100-3600 ppm),RUM,Alcoholic Beverages > 20% alc.,methyl dodecanoate (=methyl laurate),Esters,0.1,0.1
RUM Category II (total volatiles 1100-3600 ppm),RUM,Alcoholic Beverages > 20% alc.,ethyl dodecanoate (=ethyl laurate),Esters,1.2,15
RUM Category II (total volatiles 1100-3600 ppm),RUM,Alcoholic Beverages > 20% alc.,isopentyl dodecanoate (=3-methylbutyl dodecanoate),Esters,1,1
RUM Category II (total volatiles 1100-3600 ppm),RUM,Alcoholic Beverages > 20% alc.,ethyl dodecenoate (unkn.str.),Esters,0.1,0.1
RUM Category II (total volatiles 1100-3600 ppm),RUM,Alcoholic Beverages > 20% alc.,ethyl tetradecanoate (=ethyl myristate),Esters,1,6
RUM Category II (total volatiles 1100-3600 ppm),RUM,Alcoholic Beverages > 20% alc.,isopentyl tetradecanoate,Esters,0.2,0.2
RUM Category II (total volatiles 1100-3600 ppm),RUM,Alcoholic Beverages > 20% alc.,ethyl pentadecanoate,Esters,0.8,0.8
RUM Category II (total volatiles 1100-3600 ppm),RUM,Alcoholic Beverages > 20% alc.,methyl hexadecanoate (=methyl palmitate),Esters,0.3,0.3
RUM Category II (total volatiles 1100-3600 ppm),RUM,Alcoholic Beverages > 20% alc.,ethyl hexadecanoate (=ethyl palmitate),Esters,4,50
RUM Category II (total volatiles 1100-3600 ppm),RUM,Alcoholic Beverages > 20% alc.,propyl hexadecanoate,Esters,0.05,0.05
RUM Category II (total volatiles 1100-3600 ppm),RUM,Alcoholic Beverages > 20% alc.,isopentyl hexadecanoate (=isoamyl palmitate),Esters,1,1
RUM Category II (total volatiles 1100-3600 ppm),RUM,Alcoholic Beverages > 20% alc.,ethyl 9-hexadecenoate,Esters,1.5,1.6
RUM Category II (total volatiles 1100-3600 ppm),RUM,Alcoholic Beverages > 20% alc.,ethyl heptadecanoate,Esters,0.05,0.05
RUM Category II (total volatiles 1100-3600 ppm),RUM,Alcoholic Beverages > 20% alc.,ethyl octadecanoate (=ethyl stearate),Esters,0.5,0.5
RUM Category II (total volatiles 1100-3600 ppm),RUM,Alcoholic Beverages > 20% alc.,ethyl 9-octadecenoate,Esters,8,8
RUM Category II (total volatiles 1100-3600 ppm),RUM,Alcoholic Beverages > 20% alc.,"ethyl 9,12-octadecadienoate",Esters,50,50
RUM Category II (total volatiles 1100-3600 ppm),RUM,Alcoholic Beverages > 20% alc.,monoethyl succinate (=monoethyl butanedioate),Esters,2,2
RUM Category II (total volatiles 1100-3600 ppm),RUM,Alcoholic Beverages > 20% alc.,diethyl succinate (=diethyl butanedioate),Esters,0.8,0.8
RUM Category II (total volatiles 1100-3600 ppm),RUM,Alcoholic Beverages > 20% alc.,monoethyl citrate,Esters,1,1
RUM Category II (total volatiles 1100-3600 ppm),RUM,Alcoholic Beverages > 20% alc.,ethyl benzoate,Esters,0.5,0.5
RUM Category II (total volatiles 1100-3600 ppm),RUM,Alcoholic Beverages > 20% alc.,methyl 2-hydroxybenzoate (=methyl salicylate),Esters,0.15,0.15
RUM Category II (total volatiles 1100-3600 ppm),RUM,Alcoholic Beverages > 20% alc.,ethyl 4-hydroxy-3-methoxybenzoate (=ethyl vanillate),Esters,0.3,0.3
RUM Category II (total volatiles 1100-3600 ppm),RUM,Alcoholic Beverages > 20% alc.,ethyl 3-phenylpropanoate (=ethyl hydrocinnamate),Esters,0.5,0.5
RUM Category II (total volatiles 1100-3600 ppm),RUM,Alcoholic Beverages > 20% alc.,"5-hydroxyoctanoic acid lactone (=5-octanolide, δ-octalactone)",Lactones,0.01,0.01
RUM Category II (total volatiles 1100-3600 ppm),RUM,Alcoholic Beverages > 20% alc.,"4-hydroxynonanoic acid lactone (=4-nonanolide, γ-nonalactone)",Lactones,0.02,0.02
RUM Category II (total volatiles 1100-3600 ppm),RUM,Alcoholic Beverages > 20% alc.,"4-hydroxydecanoic acid lactone (=4-decanolide, γ-decalactone)",Lactones,0.02,0.02
RUM Category II (total volatiles 1100-3600 ppm),RUM,Alcoholic Beverages > 20% alc.,"5-hydroxydecanoic acid lactone (=5-decanolide, δ-decalactone)",Lactones,0.02,0.02
RUM Category II (total volatiles 1100-3600 ppm),RUM,Alcoholic Beverages > 20% alc.,"4-hydroxydodecanoic acid lactone (=4-dodecanolide, γ-dodecalactone)",Lactones,0.02,0.02
RUM Category II (total volatiles 1100-3600 ppm),RUM,Alcoholic Beverages > 20% alc.,"5-hydroxydodecanoic acid lactone (=5-dodecanolide, δ-dodecalactone)",Lactones,0.02,0.02
RUM Category II (total volatiles 1100-3600 ppm),RUM,Alcoholic Beverages > 20% alc.,methylpyrazine,Bases,0.5,0.5
RUM Category II (total volatiles 1100-3600 ppm),RUM,Alcoholic Beverages > 20% alc.,"2,5-dimethylpyrazine",Bases,0.8,0.8
RUM Category II (total volatiles 1100-3600 ppm),RUM,Alcoholic Beverages > 20% alc.,"2,6-dimethylpyrazine",Bases,1.5,1.5
RUM Category II (total volatiles 1100-3600 ppm),RUM,Alcoholic Beverages > 20% alc.,2-ethyl-3-methylpyrazine,Bases,0.25,0.25
RUM Category II (total volatiles 1100-3600 ppm),RUM,Alcoholic Beverages > 20% alc.,2-ethyl-6-methylpyrazine,Bases,0.1,0.1
RUM Category II (total volatiles 1100-3600 ppm),RUM,Alcoholic Beverages > 20% alc.,"3-ethyl-2,5-dimethylpyrazine",Bases,0.2,0.2
RUM Category II (total volatiles 1100-3600 ppm),RUM,Alcoholic Beverages > 20% alc.,"2-ethyl-3,5-dimethylpyrazine",Bases,0.1,0.1
RUM Category II (total volatiles 1100-3600 ppm),RUM,Alcoholic Beverages > 20% alc.,"dimethyl sulfide (=thiobismethane, methylthiomethane, methyl sulfide)",Sulfur compounds,0.1,0.1
RUM Category II (total volatiles 1100-3600 ppm),RUM,Alcoholic Beverages > 20% alc.,ethyl methyl sulfide (=methylthioethane),Sulfur compounds,0.1,0.1
RUM Category II (total volatiles 1100-3600 ppm),RUM,Alcoholic Beverages > 20% alc.,"1,1-diethoxymethane",Acetals,0.8,0.8
RUM Category II (total volatiles 1100-3600 ppm),RUM,Alcoholic Beverages > 20% alc.,1-ethoxy-1-methoxyethane,Acetals,0.3,0.3
RUM Category II (total volatiles 1100-3600 ppm),RUM,Alcoholic Beverages > 20% alc.,"1,1-diethoxyethane (=acetal, acetaldehyde diethyl acetal)",Acetals,320,320
RUM Category II (total volatiles 1100-3600 ppm),RUM,Alcoholic Beverages > 20% alc.,1-ethoxy-1-propoxyethane,Acetals,1.2,1.2
RUM Category II (total volatiles 1100-3600 ppm),RUM,Alcoholic Beverages > 20% alc.,1-ethoxy-1-isobutoxyethane,Acetals,1.5,1.5
RUM Category II (total volatiles 1100-3600 ppm),RUM,Alcoholic Beverages > 20% alc.,1-butoxy-1-ethoxyethane,Acetals,0.5,0.5
RUM Category II (total volatiles 1100-3600 ppm),RUM,Alcoholic Beverages > 20% alc.,1-ethoxy-1-(2-methylbutoxy)-ethane,Acetals,2.5,2.5
RUM Category II (total volatiles 1100-3600 ppm),RUM,Alcoholic Beverages > 20% alc.,1-ethoxy-1-(3-methylbutoxy)-ethane,Acetals,10,10
RUM Category II (total volatiles 1100-3600 ppm),RUM,Alcoholic Beverages > 20% alc.,1-ethoxy-1-pentoxyethane,Acetals,0.5,0.5
RUM Category II (total volatiles 1100-3600 ppm),RUM,Alcoholic Beverages > 20% alc.,"1,1-dipropoxyethane",Acetals,0.25,0.25
RUM Category II (total volatiles 1100-3600 ppm),RUM,Alcoholic Beverages > 20% alc.,1-(3-methylbutoxy)-1-propoxyethane,Acetals,2.5,2.5
RUM Category II (total volatiles 1100-3600 ppm),RUM,Alcoholic Beverages > 20% alc.,1-isobutoxy-1-(3-methylbutoxy)-ethane,Acetals,5,5
RUM Category II (total volatiles 1100-3600 ppm),RUM,Alcoholic Beverages > 20% alc.,"1,1-diisobutoxyethane",Acetals,1.5,1.5
RUM Category II (total volatiles 1100-3600 ppm),RUM,Alcoholic Beverages > 20% alc.,1-butoxy-1-(3-methylbutoxy)-ethane,Acetals,0.5,0.5
RUM Category II (total volatiles 1100-3600 ppm),RUM,Alcoholic Beverages > 20% alc.,1-(2-methylbutoxy)-1-(3-methyl-butoxy)ethane,Acetals,2.3,2.3
RUM Category II (total volatiles 1100-3600 ppm),RUM,Alcoholic Beverages > 20% alc.,"1,1-bis(3-methylbutoxy)ethane",Acetals,7.5,7.5
RUM Category II (total volatiles 1100-3600 ppm),RUM,Alcoholic Beverages > 20% alc.,1-(3-methylbutoxy)-1-pentoxy-ethane,Acetals,0.08,0.08
RUM Category II (total volatiles 1100-3600 ppm),RUM,Alcoholic Beverages > 20% alc.,"1,1-diethoxypropane",Acetals,1.2,1.2
RUM Category II (total volatiles 1100-3600 ppm),RUM,Alcoholic Beverages > 20% alc.,1-ethoxy-1-isobutoxypropane,Acetals,0.25,0.25
RUM Category II (total volatiles 1100-3600 ppm),RUM,Alcoholic Beverages > 20% alc.,1-ethoxy-1-(3-methylbutoxy)-propane,Acetals,0.5,0.5
RUM Category II (total volatiles 1100-3600 ppm),RUM,Alcoholic Beverages > 20% alc.,1-(3-methylbutoxy)-1-propoxy-propane,Acetals,0.1,0.1
RUM Category II (total volatiles 1100-3600 ppm),RUM,Alcoholic Beverages > 20% alc.,"1,1-diisobutoxypropane",Acetals,1.3,1.3
RUM Category II (total volatiles 1100-3600 ppm),RUM,Alcoholic Beverages > 20% alc.,"1,1-diethoxy-2-methylpropane",Acetals,6,6
RUM Category II (total volatiles 1100-3600 ppm),RUM,Alcoholic Beverages > 20% alc.,1-ethoxy-2-methyl-1-propoxy-propane,Acetals,1,1
RUM Category II (total volatiles 1100-3600 ppm),RUM,Alcoholic Beverages > 20% alc.,1-ethoxy-1-isobutoxy-2-methyl-propane,Acetals,0.1,0.1
RUM Category II (total volatiles 1100-3600 ppm),RUM,Alcoholic Beverages > 20% alc.,1-ethoxy-2-methyl-1-(3-methyl-butoxy)propane,Acetals,5,5
RUM Category II (total volatiles 1100-3600 ppm),RUM,Alcoholic Beverages > 20% alc.,1-isobutoxy-2-methyl-1-propoxypropane,Acetals,0.1,0.1
RUM Category II (total volatiles 1100-3600 ppm),RUM,Alcoholic Beverages > 20% alc.,2-methyl-1-(3-methylbutoxy)-1-propoxypropane,Acetals,0.1,0.1
RUM Category II (total volatiles 1100-3600 ppm),RUM,Alcoholic Beverages > 20% alc.,"1,1-diisobutoxy-2-methyl-propane",Acetals,0.5,0.5
RUM Category II (total volatiles 1100-3600 ppm),RUM,Alcoholic Beverages > 20% alc.,1-isobutoxy-2-methyl-1-(3-methylbutoxy)propane,Acetals,0.8,0.8
RUM Category II (total volatiles 1100-3600 ppm),RUM,Alcoholic Beverages > 20% alc.,"2-methyl-1,1-bis(3-methylbutoxy)-propane",Acetals,0.1,0.1
RUM Category II (total volatiles 1100-3600 ppm),RUM,Alcoholic Beverages > 20% alc.,"1,1-diethoxybutane",Acetals,0.1,0.1
RUM Category II (total volatiles 1100-3600 ppm),RUM,Alcoholic Beverages > 20% alc.,"1,1-diethoxy-2-methylbutane",Acetals,2.5,2.5
RUM Category II (total volatiles 1100-3600 ppm),RUM,Alcoholic Beverages > 20% alc.,"1,1-diethoxy-3-methylbutane",Acetals,13,13
RUM Category II (total volatiles 1100-3600 ppm),RUM,Alcoholic Beverages > 20% alc.,1-ethoxy-1-isobutoxy-3-methyl-butane,Acetals,5,5
RUM Category II (total volatiles 1100-3600 ppm),RUM,Alcoholic Beverages > 20% alc.,1-ethoxy-3-methyl-1-(3-methylbutoxy)butane,Acetals,4,4
RUM Category II (total volatiles 1100-3600 ppm),RUM,Alcoholic Beverages > 20% alc.,"3-methyl-1,1-dipropoxybutane",Acetals,0.1,0.1
RUM Category II (total volatiles 1100-3600 ppm),RUM,Alcoholic Beverages > 20% alc.,1-isobutoxy-3-methyl-1-propoxybutane,Acetals,0.1,0.1
RUM Category II (total volatiles 1100-3600 ppm),RUM,Alcoholic Beverages > 20% alc.,1-(3-methylbutoxy)-1-propoxy-3-methylbutane,Acetals,0.25,0.25
RUM Category II (total volatiles 1100-3600 ppm),RUM,Alcoholic Beverages > 20% alc.,"1,1-diisobutoxy-3-methyl-butane",Acetals,0.8,0.8
RUM Category II (total volatiles 1100-3600 ppm),RUM,Alcoholic Beverages > 20% alc.,1-isobutoxy-1-(3-methylbutoxy)-3-methylbutane,Acetals,0.25,0.25
RUM Category II (total volatiles 1100-3600 ppm),RUM,Alcoholic Beverages > 20% alc.,"3-methyl-1,1-bis(3-methyl-butoxy)butane",Acetals,0.1,0.1
RUM Category II (total volatiles 1100-3600 ppm),RUM,Alcoholic Beverages > 20% alc.,1-ethoxy-1-isobutoxypentane,Acetals,0.25,0.25
RUM Category II (total volatiles 1100-3600 ppm),RUM,Alcoholic Beverages > 20% alc.,"1,1-diisobutoxypentane",Acetals,0.05,0.05
RUM Category II (total volatiles 1100-3600 ppm),RUM,Alcoholic Beverages > 20% alc.,phenol (=hydroxybenzene),Phenols,0,0.19
RUM Category II (total volatiles 1100-3600 ppm),RUM,Alcoholic Beverages > 20% alc.,2-methylphenol (=o-cresol),Phenols,0,0.07
RUM Category II (total volatiles 1100-3600 ppm),RUM,Alcoholic Beverages > 20% alc.,3-methylphenol (=m-cresol),Phenols,<0,0.04
RUM Category II (total volatiles 1100-3600 ppm),RUM,Alcoholic Beverages > 20% alc.,4-methylphenol (=p-cresol),Phenols,trace,0.2
RUM Category II (total volatiles 1100-3600 ppm),RUM,Alcoholic Beverages > 20% alc.,4-ethylphenol,Phenols,0.25,2
RUM Category II (total volatiles 1100-3600 ppm),RUM,Alcoholic Beverages > 20% alc.,2-methoxyphenol (=guaiacol),Phenols,0.1,0.8
RUM Category II (total volatiles 1100-3600 ppm),RUM,Alcoholic Beverages > 20% alc.,"2-methoxy-4-methylphenol (=4-methylguaiacol, creosol)",Phenols,0.05,0.05
RUM Category II (total volatiles 1100-3600 ppm),RUM,Alcoholic Beverages > 20% alc.,4-ethyl-2-methoxyphenol (=4-ethylguaiacol),Phenols,0.02,1.3
RUM Category II (total volatiles 1100-3600 ppm),RUM,Alcoholic Beverages > 20% alc.,2-methoxy-4-propylphenol (=4-propylguaiacol),Phenols,0,0.8
RUM Category II (total volatiles 1100-3600 ppm),RUM,Alcoholic Beverages > 20% alc.,eugenol (=4-allyl-2-methoxyphenol),Phenols,0.08,1.4
RUM Category II (total volatiles 1100-3600 ppm),RUM,Alcoholic Beverages > 20% alc.,isoeugenol (=2-methoxy-4-(1-propenyl)-phenol),Phenols,0.08,0.08
RUM Category II (total volatiles 1100-3600 ppm),RUM,Alcoholic Beverages > 20% alc.,2-methylfuran,Furans,0.05,0.05
RUM Category II (total volatiles 1100-3600 ppm),RUM,Alcoholic Beverages > 20% alc.,"furfural (=2-formylfuran, 2-furancarbaldehyde, 2-furaldehyde)",Furans,trace,25
RUM Category II (total volatiles 1100-3600 ppm),RUM,Alcoholic Beverages > 20% alc.,5-methylfurfural,Furans,1.2,1.2
RUM Category II (total volatiles 1100-3600 ppm),RUM,Alcoholic Beverages > 20% alc.,2-methyldihydro-3(2H)-furanone,Furans,5,5
RUM Category II (total volatiles 1100-3600 ppm),RUM,Alcoholic Beverages > 20% alc.,"2-acetylfuran (=2-furyl methyl ketone, 1-(2-furyl)ethanone)",Furans,1.2,1.2
RUM Category II (total volatiles 1100-3600 ppm),RUM,Alcoholic Beverages > 20% alc.,2-furancarboxylic acid (=2-furoic acid),Furans,0.4,0.4
RUM Category II (total volatiles 1100-3600 ppm),RUM,Alcoholic Beverages > 20% alc.,3-furancarboxylic acid (=3-furoic acid),Furans,0.3,0.3
RUM Category II (total volatiles 1100-3600 ppm),RUM,Alcoholic Beverages > 20% alc.,ethyl 2-furancarboxylate (=ethyl 2-furoate),Furans,0.1,0.1
RUM Category III (total volatiles 240-1100 ppm),RUM,Alcoholic Beverages > 20% alc.,methanol,Alcohols,8,25
RUM Category III (total volatiles 240-1100 ppm),RUM,Alcoholic Beverages > 20% alc.,1-propanol (=propyl alcohol),Alcohols,48,260
RUM Category III (total volatiles 240-1100 ppm),RUM,Alcoholic Beverages > 20% alc.,2-methyl-1-propanol (=isobutanol),Alcohols,2,180
RUM Category III (total volatiles 240-1100 ppm),RUM,Alcoholic Beverages > 20% alc.,1-butanol,Alcohols,0,8
RUM Category III (total volatiles 240-1100 ppm),RUM,Alcoholic Beverages > 20% alc.,2-butanol (=sec-butanol),Alcohols,0,28
RUM Category III (total volatiles 240-1100 ppm),RUM,Alcoholic Beverages > 20% alc.,2-methyl-1-butanol (=active amyl alcohol),Alcohols,trace,68
RUM Category III (total volatiles 240-1100 ppm),RUM,Alcoholic Beverages > 20% alc.,3-methyl-1-butanol (=isoamyl alcohol),Alcohols,4,516
RUM Category III (total volatiles 240-1100 ppm),RUM,Alcoholic Beverages > 20% alc.,acetaldehyde (=ethanal),"Carbonyls, aldehydes",11,64
RUM Category III (total volatiles 240-1100 ppm),RUM,Alcoholic Beverages > 20% alc.,"2,3-butanedione (=diacetyl)","Carbonyls, ketones",0.5,0.9
RUM Category III (total volatiles 240-1100 ppm),RUM,Alcoholic Beverages > 20% alc.,"2,3-pentanedione (=acetylpropionyl)","Carbonyls, ketones",0.05,0.6
RUM Category III (total volatiles 240-1100 ppm),RUM,Alcoholic Beverages > 20% alc.,acetic acid,Acids,11.7,11.7
RUM Category III (total volatiles 240-1100 ppm),RUM,Alcoholic Beverages > 20% alc.,propanoic acid (=propionic acid),Acids,0,4.2
RUM Category III (total volatiles 240-1100 ppm),RUM,Alcoholic Beverages > 20% alc.,2-propenoic acid (=acrylic acid),Acids,0,0.01
RUM Category III (total volatiles 240-1100 ppm),RUM,Alcoholic Beverages > 20% alc.,2-methylpropanoic acid (=isobutyric acid),Acids,0.1,0.7
RUM Category III (total volatiles 240-1100 ppm),RUM,Alcoholic Beverages > 20% alc.,butanoic acid (=butyric acid),Acids,0.1,2.6
RUM Category III (total volatiles 240-1100 ppm),RUM,Alcoholic Beverages > 20% alc.,3-methylbutanoic acid (=isovaleric acid),Acids,0.1,0.5
RUM Category III (total volatiles 240-1100 ppm),RUM,Alcoholic Beverages > 20% alc.,2-ethyl-3-methylbutanoic acid,Acids,0.01,2.2
RUM Category III (total volatiles 240-1100 ppm),RUM,Alcoholic Beverages > 20% alc.,pentanoic acid (=valeric acid),Acids,0.01,0.1
RUM Category III (total volatiles 240-1100 ppm),RUM,Alcoholic Beverages > 20% alc.,hexanoic acid (=caproic acid),Acids,0.1,1.3
RUM Category III (total volatiles 240-1100 ppm),RUM,Alcoholic Beverages > 20% alc.,heptanoic acid (=enanthic acid),Acids,0.01,0.1
RUM Category III (total volatiles 240-1100 ppm),RUM,Alcoholic Beverages > 20% alc.,octanoic acid (=caprylic acid),Acids,0.5,6.3
RUM Category III (total volatiles 240-1100 ppm),RUM,Alcoholic Beverages > 20% alc.,decanoic acid (=capric acid),Acids,0.3,10
RUM Category III (total volatiles 240-1100 ppm),RUM,Alcoholic Beverages > 20% alc.,dodecanoic acid (=lauric acid),Acids,trace,3.7
RUM Category III (total volatiles 240-1100 ppm),RUM,Alcoholic Beverages > 20% alc.,tetradecanoic acid (=myristic acid),Acids,0.02,0.3
RUM Category III (total volatiles 240-1100 ppm),RUM,Alcoholic Beverages > 20% alc.,hexadecanoic acid (=palmitic acid),Acids,0.1,0.5
RUM Category III (total volatiles 240-1100 ppm),RUM,Alcoholic Beverages > 20% alc.,9-hexadecenoic acid,Acids,trace,0.1
RUM Category III (total volatiles 240-1100 ppm),RUM,Alcoholic Beverages > 20% alc.,octadecanoic acid (=stearic acid),Acids,0.02,0.05
RUM Category III (total volatiles 240-1100 ppm),RUM,Alcoholic Beverages > 20% alc.,(Z)-9-octadecenoic acid (=oleic acid),Acids,0.01,0.1
RUM Category III (total volatiles 240-1100 ppm),RUM,Alcoholic Beverages > 20% alc.,"(Z,Z)-9,12-octadecadienoic acid (=linoleic acid)",Acids,0.01,0.05
RUM Category III (total volatiles 240-1100 ppm),RUM,Alcoholic Beverages > 20% alc.,ethyl formate,Esters,1.2,2.4
RUM Category III (total volatiles 240-1100 ppm),RUM,Alcoholic Beverages > 20% alc.,ethyl acetate,Esters,20,384
RUM Category III (total volatiles 240-1100 ppm),RUM,Alcoholic Beverages > 20% alc.,"isopentyl acetate (=3-methylbutyl acetate, isoamyl acetate)",Esters,trace,trace
RUM Category III (total volatiles 240-1100 ppm),RUM,Alcoholic Beverages > 20% alc.,ethyl 2-hydroxypropanoate (=ethyl lactate),Esters,trace,trace
RUM Category III (total volatiles 240-1100 ppm),RUM,Alcoholic Beverages > 20% alc.,ethyl hexanoate (=ethyl caproate),Esters,trace,3.2
RUM Category III (total volatiles 240-1100 ppm),RUM,Alcoholic Beverages > 20% alc.,ethyl octanoate (=ethyl caprylate),Esters,0.1,3.4
RUM Category III (total volatiles 240-1100 ppm),RUM,Alcoholic Beverages > 20% alc.,ethyl decanoate (=ethyl caprate),Esters,0,7.4
RUM Category III (total volatiles 240-1100 ppm),RUM,Alcoholic Beverages > 20% alc.,ethyl dodecanoate (=ethyl laurate),Esters,trace,5.3
RUM Category III (total volatiles 240-1100 ppm),RUM,Alcoholic Beverages > 20% alc.,ethyl tetradecanoate (=ethyl myristate),Esters,trace,0.9
RUM Category III (total volatiles 240-1100 ppm),RUM,Alcoholic Beverages > 20% alc.,ethyl hexadecanoate (=ethyl palmitate),Esters,trace,3.8
RUM Category III (total volatiles 240-1100 ppm),RUM,Alcoholic Beverages > 20% alc.,ethyl 9-hexadecenoate,Esters,trace,trace
RUM Category III (total volatiles 240-1100 ppm),RUM,Alcoholic Beverages > 20% alc.,phenol (=hydroxybenzene),Phenols,0.02,0.1
RUM Category III (total volatiles 240-1100 ppm),RUM,Alcoholic Beverages > 20% alc.,2-methylphenol (=o-cresol),Phenols,0,0.1
RUM Category III (total volatiles 240-1100 ppm),RUM,Alcoholic Beverages > 20% alc.,3-methylphenol (=m-cresol),Phenols,0,0.05
RUM Category III (total volatiles 240-1100 ppm),RUM,Alcoholic Beverages > 20% alc.,4-methylphenol (=p-cresol),Phenols,0,0.1
RUM Category III (total volatiles 240-1100 ppm),RUM,Alcoholic Beverages > 20% alc.,4-ethylphenol,Phenols,0,1.6
RUM Category III (total volatiles 240-1100 ppm),RUM,Alcoholic Beverages > 20% alc.,2-methoxyphenol (=guaiacol),Phenols,0,0.8
RUM Category III (total volatiles 240-1100 ppm),RUM,Alcoholic Beverages > 20% alc.,4-ethyl-2-methoxyphenol (=4-ethylguaiacol),Phenols,trace,1.8
RUM Category III (total volatiles 240-1100 ppm),RUM,Alcoholic Beverages > 20% alc.,2-methoxy-4-propylphenol (=4-propylguaiacol),Phenols,0,0.6
RUM Category III (total volatiles 240-1100 ppm),RUM,Alcoholic Beverages > 20% alc.,eugenol (=4-allyl-2-methoxyphenol),Phenols,0,1
RUM Category III (total volatiles 240-1100 ppm),RUM,Alcoholic Beverages > 20% alc.,"furfural (=2-formylfuran, 2-furancarbaldehyde, 2-furaldehyde)",Furans,trace,trace
,WHISKY,Alcoholic Beverages > 20% alc.,heptane,Hydrocarbons,,
,WHISKY,Alcoholic Beverages > 20% alc.,limonene,Hydrocarbons,,
,WHISKY,Alcoholic Beverages > 20% alc.,α-pinene,Hydrocarbons,,
,WHISKY,Alcoholic Beverages > 20% alc.,benzene,Hydrocarbons,,
,WHISKY,Alcoholic Beverages > 20% alc.,methylbenzene (=toluene),Hydrocarbons,,
,WHISKY,Alcoholic Beverages > 20% alc.,ethylbenzene (=α-methyltoluene),Hydrocarbons,,
,WHISKY,Alcoholic Beverages > 20% alc.,vinylbenzene (=styrene),Hydrocarbons,,
,WHISKY,Alcoholic Beverages > 20% alc.,anthracene,Hydrocarbons,trace,0.0004
,WHISKY,Alcoholic Beverages > 20% alc.,phenanthrene,Hydrocarbons,trace,0.007
,WHISKY,Alcoholic Beverages > 20% alc.,fluoranthene,Hydrocarbons,trace,0.002
,WHISKY,Alcoholic Beverages > 20% alc.,pyrene,Hydrocarbons,trace,0.002
,WHISKY,Alcoholic Beverages > 20% alc.,chrysene,Hydrocarbons,4E-005,6E-005
,WHISKY,Alcoholic Beverages > 20% alc.,benzo[a]fluorene,Hydrocarbons,4E-005,4E-005
,WHISKY,Alcoholic Beverages > 20% alc.,"benz[a]anthracene (=1,2-benzanthracene)",Hydrocarbons,4E-005,8E-005
,WHISKY,Alcoholic Beverages > 20% alc.,benzo[b]fluoranthene,Hydrocarbons,5E-005,5E-005
,WHISKY,Alcoholic Beverages > 20% alc.,"benzo[a]pyrene (=1,2-benzopyrene)",Hydrocarbons,4E-005,4E-005
,WHISKY,Alcoholic Beverages > 20% alc.,"benzo[e]pyrene (=4,5-benzopyrene)",Hydrocarbons,3E-005,3E-005
,WHISKY,Alcoholic Beverages > 20% alc.,methanol,Alcohols,15,160
,WHISKY,Alcoholic Beverages > 20% alc.,ethanol,Alcohols,,
,WHISKY,Alcoholic Beverages > 20% alc.,"2,2-diethoxyethanol",Alcohols,,
,WHISKY,Alcoholic Beverages > 20% alc.,1-propanol (=propyl alcohol),Alcohols,trace,370
,WHISKY,Alcoholic Beverages > 20% alc.,2-propanol (=isopropyl alcohol),Alcohols,1.7,1.7
,WHISKY,Alcoholic Beverages > 20% alc.,2-propen-1-ol (=allyl alcohol),Alcohols,0.8,0.8
,WHISKY,Alcoholic Beverages > 20% alc.,2-methyl-1-propanol (=isobutanol),Alcohols,48,556
,WHISKY,Alcoholic Beverages > 20% alc.,1-butanol,Alcohols,<0.8,6
,WHISKY,Alcoholic Beverages > 20% alc.,2-butanol (=sec-butanol),Alcohols,0.42,6.4
,WHISKY,Alcoholic Beverages > 20% alc.,2-methyl-1-butanol (=active amyl alcohol),Alcohols,40,1390
,WHISKY,Alcoholic Beverages > 20% alc.,3-methyl-1-butanol (=isoamyl alcohol),Alcohols,96,1685
,WHISKY,Alcoholic Beverages > 20% alc.,1-pentanol (=amyl alcohol),Alcohols,<0.8,<0.8
,WHISKY,Alcoholic Beverages > 20% alc.,2-pentanol,Alcohols,trace,trace
,WHISKY,Alcoholic Beverages > 20% alc.,3-methyl-1-pentanol,Alcohols,<0.8,<0.8
,WHISKY,Alcoholic Beverages > 20% alc.,1-hexanol,Alcohols,0.2,8
,WHISKY,Alcoholic Beverages > 20% alc.,(E)-2-hexen-1-ol,Alcohols,,
,WHISKY,Alcoholic Beverages > 20% alc.,(Z)-3-hexen-1-ol (=leaf alcohol),Alcohols,,
,WHISKY,Alcoholic Beverages > 20% alc.,1-heptanol,Alcohols,,
,WHISKY,Alcoholic Beverages > 20% alc.,1-octanol,Alcohols,0.05,0.8
,WHISKY,Alcoholic Beverages > 20% alc.,2-nonanol,Alcohols,,
,WHISKY,Alcoholic Beverages > 20% alc.,1-decanol,Alcohols,0.04,0.8
,WHISKY,Alcoholic Beverages > 20% alc.,1-dodecanol,Alcohols,0.001,0.3
,WHISKY,Alcoholic Beverages > 20% alc.,1-tetradecanol,Alcohols,0.005,7
,WHISKY,Alcoholic Beverages > 20% alc.,1-hexadecanol (=cetanol),Alcohols,0.01,6
,WHISKY,Alcoholic Beverages > 20% alc.,geraniol,Alcohols,,
,WHISKY,Alcoholic Beverages > 20% alc.,farnesol,Alcohols,,
,WHISKY,Alcoholic Beverages > 20% alc.,2-phenylethanol (=phenethyl alcohol),Alcohols,0,39
,WHISKY,Alcoholic Beverages > 20% alc.,2-(4-hydroxyphenyl)ethanol (=tyrosol),Alcohols,2.47,2.47
,WHISKY,Alcoholic Beverages > 20% alc.,acetaldehyde (=ethanal),"Carbonyls, aldehydes",5.7,104
,WHISKY,Alcoholic Beverages > 20% alc.,propanal (=propionaldehyde),"Carbonyls, aldehydes",<0.8,2.4
,WHISKY,Alcoholic Beverages > 20% alc.,2-propenal (=acrolein),"Carbonyls, aldehydes",1.62,1.62
,WHISKY,Alcoholic Beverages > 20% alc.,"2-methylpropanal (=isobutanal, isobutyraldehyde)","Carbonyls, aldehydes",<0.8,15
,WHISKY,Alcoholic Beverages > 20% alc.,3-ethoxypropanal,"Carbonyls, aldehydes",<0.8,<0.8
,WHISKY,Alcoholic Beverages > 20% alc.,butanal (=butyraldehyde),"Carbonyls, aldehydes",<0.3,0.5
,WHISKY,Alcoholic Beverages > 20% alc.,(E)-2-butenal,"Carbonyls, aldehydes",0.04,0.04
,WHISKY,Alcoholic Beverages > 20% alc.,"3-methylbutanal (=isopentanal, isovaleraldehyde)","Carbonyls, aldehydes",<0.3,21
,WHISKY,Alcoholic Beverages > 20% alc.,pentanal (=valeraldehyde),"Carbonyls, aldehydes",0.2,0.5
,WHISKY,Alcoholic Beverages > 20% alc.,hexanal (=capronaldehyde),"Carbonyls, aldehydes",,
,WHISKY,Alcoholic Beverages > 20% alc.,heptanal,"Carbonyls, aldehydes",,
,WHISKY,Alcoholic Beverages > 20% alc.,nonanal (=pelargonaldehyde),"Carbonyls, aldehydes",,
,WHISKY,Alcoholic Beverages > 20% alc.,benzaldehyde,"Carbonyls, aldehydes",<0.8,<0.8
,WHISKY,Alcoholic Beverages > 20% alc.,2-hydroxybenzaldehyde (=salicylaldehyde),"Carbonyls, aldehydes",0.001,0.001
,WHISKY,Alcoholic Beverages > 20% alc.,4-hydroxybenzaldehyde (=4-formylphenol),"Carbonyls, aldehydes",,
,WHISKY,Alcoholic Beverages > 20% alc.,vanillin (=4-hydroxy-3-methoxybenzaldehyde),"Carbonyls, aldehydes",0.04,4.3
,WHISKY,Alcoholic Beverages > 20% alc.,"syringaldehyde (=4-hydroxy-3,5-dimethoxy-benzaldehyde)","Carbonyls, aldehydes",0.28,8.7
,WHISKY,Alcoholic Beverages > 20% alc.,coniferaldehyde (=4-hydroxy-3-methoxy-cinnamaldehyde),"Carbonyls, aldehydes",0.04,1.4
,WHISKY,Alcoholic Beverages > 20% alc.,"sinapaldehyde (=4-hydroxy-3,5-dimethoxy-cinnamaldehyde)","Carbonyls, aldehydes",0.65,2.7
,WHISKY,Alcoholic Beverages > 20% alc.,"acetone (=2-propanone, dimethyl ketone)","Carbonyls, ketones",0,10
,WHISKY,Alcoholic Beverages > 20% alc.,"1,1-diethoxy-2-propanone","Carbonyls, ketones",0.1,1.7
,WHISKY,Alcoholic Beverages > 20% alc.,2-butanone (=ethyl methyl ketone),"Carbonyls, ketones",,
,WHISKY,Alcoholic Beverages > 20% alc.,3-hydroxy-2-butanone (=acetoin),"Carbonyls, ketones",,
,WHISKY,Alcoholic Beverages > 20% alc.,"2,3-butanedione (=diacetyl)","Carbonyls, ketones",0.02,1
,WHISKY,Alcoholic Beverages > 20% alc.,2-pentanone,"Carbonyls, ketones",,
,WHISKY,Alcoholic Beverages > 20% alc.,"2,3-pentanedione (=acetylpropionyl)","Carbonyls, ketones",<0.001,0.04
,WHISKY,Alcoholic Beverages > 20% alc.,2-heptanone,"Carbonyls, ketones",,
,WHISKY,Alcoholic Beverages > 20% alc.,2-nonanone,"Carbonyls, ketones",,
,WHISKY,Alcoholic Beverages > 20% alc.,2-hydroxyacetophenone,"Carbonyls, ketones",0.001,0.001
,WHISKY,Alcoholic Beverages > 20% alc.,2-hydroxy-5-methylacetophenone,"Carbonyls, ketones",,
,WHISKY,Alcoholic Beverages > 20% alc.,propiovanillone,"Carbonyls, ketones",,
,WHISKY,Alcoholic Beverages > 20% alc.,β-damascenone (=(E)-β-damascenone),"Carbonyls, ketones",0.01,0.1
,WHISKY,Alcoholic Beverages > 20% alc.,α-ionone,"Carbonyls, ketones",,
,WHISKY,Alcoholic Beverages > 20% alc.,(E)-β-ionone,"Carbonyls, ketones",,
,WHISKY,Alcoholic Beverages > 20% alc.,formic acid,Acids,,
,WHISKY,Alcoholic Beverages > 20% alc.,acetic acid,Acids,1.2,581
,WHISKY,Alcoholic Beverages > 20% alc.,propanoic acid (=propionic acid),Acids,0.04,16
,WHISKY,Alcoholic Beverages > 20% alc.,2-methylpropanoic acid (=isobutyric acid),Acids,0.03,7.7
,WHISKY,Alcoholic Beverages > 20% alc.,butanoic acid (=butyric acid),Acids,0.01,15.7
,WHISKY,Alcoholic Beverages > 20% alc.,2-methylbutanoic acid,Acids,,
,WHISKY,Alcoholic Beverages > 20% alc.,3-methylbutanoic acid (=isovaleric acid),Acids,0.04,10.9
,WHISKY,Alcoholic Beverages > 20% alc.,pentanoic acid (=valeric acid),Acids,0.1,0.9
,WHISKY,Alcoholic Beverages > 20% alc.,hexanoic acid (=caproic acid),Acids,0.04,16.7
,WHISKY,Alcoholic Beverages > 20% alc.,heptanoic acid (=enanthic acid),Acids,trace,0.9
,WHISKY,Alcoholic Beverages > 20% alc.,octanoic acid (=caprylic acid),Acids,0.2,46.6
,WHISKY,Alcoholic Beverages > 20% alc.,nonanoic acid (=pelargonic acid),Acids,0.02,1.6
,WHISKY,Alcoholic Beverages > 20% alc.,decanoic acid (=capric acid),Acids,0.3,51.5
,WHISKY,Alcoholic Beverages > 20% alc.,undecanoic acid,Acids,trace,0.4
,WHISKY,Alcoholic Beverages > 20% alc.,dodecanoic acid (=lauric acid),Acids,0.2,25.4
,WHISKY,Alcoholic Beverages > 20% alc.,tridecanoic acid,Acids,trace,0.24
,WHISKY,Alcoholic Beverages > 20% alc.,tetradecanoic acid (=myristic acid),Acids,0.2,3.1
,WHISKY,Alcoholic Beverages > 20% alc.,pentadecanoic acid,Acids,trace,0.2
,WHISKY,Alcoholic Beverages > 20% alc.,hexadecanoic acid (=palmitic acid),Acids,0.5,3.8
,WHISKY,Alcoholic Beverages > 20% alc.,9-hexadecenoic acid,Acids,0.1,3.1
,WHISKY,Alcoholic Beverages > 20% alc.,(Z)-9-hexadecenoic acid (=palmitoleic acid),Acids,,
,WHISKY,Alcoholic Beverages > 20% alc.,heptadecanoic acid (=margaric acid),Acids,trace,trace
,WHISKY,Alcoholic Beverages > 20% alc.,octadecanoic acid (=stearic acid),Acids,0.1,0.7
,WHISKY,Alcoholic Beverages > 20% alc.,(Z)-9-octadecenoic acid (=oleic acid),Acids,0.1,1.1
,WHISKY,Alcoholic Beverages > 20% alc.,"(Z,Z)-9,12-octadecadienoic acid (=linoleic acid)",Acids,0.1,0.8
,WHISKY,Alcoholic Beverages > 20% alc.,"3,4-dihydroxybenzoic acid (=protocatechuic acid)",Acids,0.05,0.3
,WHISKY,Alcoholic Beverages > 20% alc.,4-hydroxy-3-methoxybenzoic acid (=vanillic acid),Acids,trace,0.8
,WHISKY,Alcoholic Beverages > 20% alc.,"3,4,5-trihydroxybenzoic acid (=gallic acid)",Acids,0,6.1
,WHISKY,Alcoholic Beverages > 20% alc.,"4-hydroxy-3,5-dimethoxybenzoic acid (=syringic acid)",Acids,trace,2.1
,WHISKY,Alcoholic Beverages > 20% alc.,"3,4,5-trimethoxyphenylacetic acid",Acids,2.38,7.95
,WHISKY,Alcoholic Beverages > 20% alc.,4-hydroxy-3-methoxycinnamic acid (=ferulic acid),Acids,trace,trace
,WHISKY,Alcoholic Beverages > 20% alc.,ellagic acid,Acids,5,12
,WHISKY,Alcoholic Beverages > 20% alc.,ethyl formate,Esters,1.6,8
,WHISKY,Alcoholic Beverages > 20% alc.,phenethyl formate,Esters,trace,0.1
,WHISKY,Alcoholic Beverages > 20% alc.,ethyl carbamate (=urethane),Esters,0.015,0.15
,WHISKY,Alcoholic Beverages > 20% alc.,methyl acetate,Esters,<0.8,2.4
,WHISKY,Alcoholic Beverages > 20% alc.,ethyl acetate,Esters,44,764
,WHISKY,Alcoholic Beverages > 20% alc.,propyl acetate,Esters,,
,WHISKY,Alcoholic Beverages > 20% alc.,butyl acetate,Esters,,
,WHISKY,Alcoholic Beverages > 20% alc.,isobutyl acetate (=2-methylpropyl acetate),Esters,0.02,1.2
,WHISKY,Alcoholic Beverages > 20% alc.,2-methylbutyl acetate,Esters,,
,WHISKY,Alcoholic Beverages > 20% alc.,methylbutyl acetate (unkn.str.),Esters,,
,WHISKY,Alcoholic Beverages > 20% alc.,pentyl acetate (=amyl acetate),Esters,,
,WHISKY,Alcoholic Beverages > 20% alc.,"isopentyl acetate (=3-methylbutyl acetate, isoamyl acetate)",Esters,0.3,30
,WHISKY,Alcoholic Beverages > 20% alc.,hexyl acetate,Esters,<0.8,<0.8
,WHISKY,Alcoholic Beverages > 20% alc.,heptyl acetate,Esters,,
,WHISKY,Alcoholic Beverages > 20% alc.,benzyl acetate,Esters,<0.8,<0.8
,WHISKY,Alcoholic Beverages > 20% alc.,phenethyl acetate,Esters,0.2,19.2
,WHISKY,Alcoholic Beverages > 20% alc.,ethyl propanoate,Esters,0.02,6
,WHISKY,Alcoholic Beverages > 20% alc.,propyl propanoate,Esters,,
,WHISKY,Alcoholic Beverages > 20% alc.,ethyl 2-methylpropanoate (=ethyl isobutyrate),Esters,,
,WHISKY,Alcoholic Beverages > 20% alc.,isopentyl 2-methylpropanoate (=isoamyl isobutyrate),Esters,<0.08,2.3
,WHISKY,Alcoholic Beverages > 20% alc.,ethyl 2-hydroxypropanoate (=ethyl lactate),Esters,trace,200
,WHISKY,Alcoholic Beverages > 20% alc.,pentyl 2-hydroxypropanoate (=amyl lactate),Esters,,
,WHISKY,Alcoholic Beverages > 20% alc.,isopentyl 2-hydroxypropanoate (=isoamyl lactate),Esters,<0.8,<0.8
,WHISKY,Alcoholic Beverages > 20% alc.,ethyl 3-ethoxypropanoate (=ethyl 4-oxahexanoate),Esters,<0.8,<0.8
,WHISKY,Alcoholic Beverages > 20% alc.,ethyl butanoate,Esters,0.1,2.9
,WHISKY,Alcoholic Beverages > 20% alc.,pentyl butanoate,Esters,,
,WHISKY,Alcoholic Beverages > 20% alc.,"isopentyl butanoate (=3-methylbutyl butanoate, isoamyl butyrate)",Esters,,
,WHISKY,Alcoholic Beverages > 20% alc.,ethyl 2-methylbutanoate,Esters,,
,WHISKY,Alcoholic Beverages > 20% alc.,ethyl 3-methylbutanoate (=ethyl isovalerate),Esters,,
,WHISKY,Alcoholic Beverages > 20% alc.,"isopentyl 3-methylbutanoate (=3-methylbutyl 3-methylbutanoate, isoamyl isovalerate)",Esters,0.003,0.5
,WHISKY,Alcoholic Beverages > 20% alc.,ethyl methylbutanoate (unkn.str.),Esters,,
,WHISKY,Alcoholic Beverages > 20% alc.,ethyl pentanoate,Esters,,
,WHISKY,Alcoholic Beverages > 20% alc.,butyl pentanoate,Esters,,
,WHISKY,Alcoholic Beverages > 20% alc.,isopentyl pentanoate,Esters,0.001,0.2
,WHISKY,Alcoholic Beverages > 20% alc.,2-methylbutyl pentanoate,Esters,,
,WHISKY,Alcoholic Beverages > 20% alc.,"ethyl 4-oxopentanoate (=ethyl levulate, ethyl levulinate)",Esters,,
,WHISKY,Alcoholic Beverages > 20% alc.,ethyl hexanoate (=ethyl caproate),Esters,0,5
,WHISKY,Alcoholic Beverages > 20% alc.,propyl hexanoate,Esters,,
,WHISKY,Alcoholic Beverages > 20% alc.,butyl hexanoate,Esters,,
,WHISKY,Alcoholic Beverages > 20% alc.,isobutyl hexanoate,Esters,,
,WHISKY,Alcoholic Beverages > 20% alc.,2-methylbutyl hexanoate,Esters,,
,WHISKY,Alcoholic Beverages > 20% alc.,isopentyl hexanoate,Esters,0.1,0.8
,WHISKY,Alcoholic Beverages > 20% alc.,phenethyl hexanoate,Esters,,
,WHISKY,Alcoholic Beverages > 20% alc.,ethyl 3-hydroxyhexanoate,Esters,,
,WHISKY,Alcoholic Beverages > 20% alc.,ethyl heptanoate,Esters,<0.8,<0.8
,WHISKY,Alcoholic Beverages > 20% alc.,ethyl octanoate (=ethyl caprylate),Esters,0.6,24
,WHISKY,Alcoholic Beverages > 20% alc.,propyl octanoate,Esters,,
,WHISKY,Alcoholic Beverages > 20% alc.,butyl octanoate,Esters,,
,WHISKY,Alcoholic Beverages > 20% alc.,isobutyl octanoate,Esters,,
,WHISKY,Alcoholic Beverages > 20% alc.,2-methylbutyl octanoate,Esters,,
,WHISKY,Alcoholic Beverages > 20% alc.,pentyl octanoate,Esters,,
,WHISKY,Alcoholic Beverages > 20% alc.,isopentyl octanoate,Esters,0.02,3.6
,WHISKY,Alcoholic Beverages > 20% alc.,hexyl octanoate,Esters,,
,WHISKY,Alcoholic Beverages > 20% alc.,ethyl nonanoate,Esters,<0.8,<0.8
,WHISKY,Alcoholic Beverages > 20% alc.,ethyl decanoate (=ethyl caprate),Esters,0.9,58
,WHISKY,Alcoholic Beverages > 20% alc.,propyl decanoate,Esters,,
,WHISKY,Alcoholic Beverages > 20% alc.,butyl decanoate,Esters,,
,WHISKY,Alcoholic Beverages > 20% alc.,isobutyl decanoate,Esters,,
,WHISKY,Alcoholic Beverages > 20% alc.,2-methylbutyl decanoate,Esters,,
,WHISKY,Alcoholic Beverages > 20% alc.,pentyl decanoate,Esters,,
,WHISKY,Alcoholic Beverages > 20% alc.,isopentyl decanoate,Esters,0,1.6
,WHISKY,Alcoholic Beverages > 20% alc.,phenethyl decanoate,Esters,,
,WHISKY,Alcoholic Beverages > 20% alc.,ethyl 9-decenoate,Esters,0.09,0.9
,WHISKY,Alcoholic Beverages > 20% alc.,ethyl decenoate (unkn.str.),Esters,,
,WHISKY,Alcoholic Beverages > 20% alc.,ethyl undecanoate,Esters,0.8,0.8
,WHISKY,Alcoholic Beverages > 20% alc.,ethyl dodecanoate (=ethyl laurate),Esters,0.5,45
,WHISKY,Alcoholic Beverages > 20% alc.,propyl dodecanoate,Esters,,
,WHISKY,Alcoholic Beverages > 20% alc.,butyl dodecanoate,Esters,,
,WHISKY,Alcoholic Beverages > 20% alc.,isobutyl dodecanoate,Esters,,
,WHISKY,Alcoholic Beverages > 20% alc.,2-methylbutyl dodecanoate,Esters,,
,WHISKY,Alcoholic Beverages > 20% alc.,isopentyl dodecanoate (=3-methylbutyl dodecanoate),Esters,,
,WHISKY,Alcoholic Beverages > 20% alc.,phenethyl dodecanoate,Esters,,
,WHISKY,Alcoholic Beverages > 20% alc.,ethyl tridecanoate,Esters,,
,WHISKY,Alcoholic Beverages > 20% alc.,ethyl tetradecanoate (=ethyl myristate),Esters,trace,7.8
,WHISKY,Alcoholic Beverages > 20% alc.,propyl tetradecanoate,Esters,,
,WHISKY,Alcoholic Beverages > 20% alc.,2-methylbutyl tetradecanoate,Esters,,
,WHISKY,Alcoholic Beverages > 20% alc.,isopentyl tetradecanoate,Esters,,
,WHISKY,Alcoholic Beverages > 20% alc.,ethyl pentadecanoate,Esters,,
,WHISKY,Alcoholic Beverages > 20% alc.,ethyl hexadecanoate (=ethyl palmitate),Esters,0.2,36.7
,WHISKY,Alcoholic Beverages > 20% alc.,propyl hexadecanoate,Esters,,
,WHISKY,Alcoholic Beverages > 20% alc.,isobutyl hexadecanoate,Esters,,
,WHISKY,Alcoholic Beverages > 20% alc.,isopentyl hexadecanoate (=isoamyl palmitate),Esters,,
,WHISKY,Alcoholic Beverages > 20% alc.,ethyl 9-hexadecenoate,Esters,trace,27.4
,WHISKY,Alcoholic Beverages > 20% alc.,ethyl octadecanoate (=ethyl stearate),Esters,trace,0.4
,WHISKY,Alcoholic Beverages > 20% alc.,2-methylbutyl octadecanoate,Esters,,
,WHISKY,Alcoholic Beverages > 20% alc.,isopentyl octadecanoate,Esters,,
,WHISKY,Alcoholic Beverages > 20% alc.,ethyl 9-octadecenoate,Esters,0.1,0.5
,WHISKY,Alcoholic Beverages > 20% alc.,"ethyl 9,12-octadecadienoate",Esters,trace,2.9
,WHISKY,Alcoholic Beverages > 20% alc.,diethyl malonate (=diethyl propanedioate),Esters,,
,WHISKY,Alcoholic Beverages > 20% alc.,diethyl succinate (=diethyl butanedioate),Esters,trace,1
,WHISKY,Alcoholic Beverages > 20% alc.,dipentyl succinate,Esters,,
,WHISKY,Alcoholic Beverages > 20% alc.,diethyl malate,Esters,,
,WHISKY,Alcoholic Beverages > 20% alc.,ethyl benzoate,Esters,,
,WHISKY,Alcoholic Beverages > 20% alc.,methyl 2-hydroxybenzoate (=methyl salicylate),Esters,,
,WHISKY,Alcoholic Beverages > 20% alc.,ethyl 2-hydroxybenzoate (=ethyl salicylate),Esters,,
,WHISKY,Alcoholic Beverages > 20% alc.,ethyl 4-hydroxy-3-methoxybenzoate (=ethyl vanillate),Esters,,
,WHISKY,Alcoholic Beverages > 20% alc.,diethyl phthalate,Esters,,
,WHISKY,Alcoholic Beverages > 20% alc.,dibutyl phthalate,Esters,,
,WHISKY,Alcoholic Beverages > 20% alc.,4-hydroxy-3-methyloctanoic acid lactone,Lactones,<0.04,4.2
,WHISKY,Alcoholic Beverages > 20% alc.,cis-4-hydroxy-3-methyloctanoic acid lactone,Lactones,0.07,0.39
,WHISKY,Alcoholic Beverages > 20% alc.,trans-4-hydroxy-3-methyloctanoic acid lactone,Lactones,0.58,3.8
,WHISKY,Alcoholic Beverages > 20% alc.,"4-hydroxynonanoic acid lactone (=4-nonanolide, γ-nonalactone)",Lactones,,
,WHISKY,Alcoholic Beverages > 20% alc.,"5-hydroxynonanoic acid lactone (=5-nonanolide, δ-nonalactone)",Lactones,,
,WHISKY,Alcoholic Beverages > 20% alc.,pyrrolidine,Bases,,
,WHISKY,Alcoholic Beverages > 20% alc.,2-pyrrolidone (=γ-butyrolactam),Bases,,
,WHISKY,Alcoholic Beverages > 20% alc.,1-methyl-2-pyrrolidone,Bases,,
,WHISKY,Alcoholic Beverages > 20% alc.,pyrrole,Bases,,
,WHISKY,Alcoholic Beverages > 20% alc.,2-acetylpyrrole (=methyl 2-pyrrolyl ketone),Bases,,
,WHISKY,Alcoholic Beverages > 20% alc.,indole,Bases,,
,WHISKY,Alcoholic Beverages > 20% alc.,1-methylpiperidine,Bases,,
,WHISKY,Alcoholic Beverages > 20% alc.,pyridine,Bases,0.003,0.033
,WHISKY,Alcoholic Beverages > 20% alc.,2-methylpyridine (=α-picoline),Bases,0.0001,0.002
,WHISKY,Alcoholic Beverages > 20% alc.,3-methylpyridine (=β-picoline),Bases,0.0001,0.0006
,WHISKY,Alcoholic Beverages > 20% alc.,4-methylpyridine (=γ-picoline),Bases,,
,WHISKY,Alcoholic Beverages > 20% alc.,2-ethylpyridine,Bases,,
,WHISKY,Alcoholic Beverages > 20% alc.,3-ethylpyridine,Bases,4E-005,0.0004
,WHISKY,Alcoholic Beverages > 20% alc.,4-ethylpyridine,Bases,,
,WHISKY,Alcoholic Beverages > 20% alc.,2-isopropylpyridine,Bases,,
,WHISKY,Alcoholic Beverages > 20% alc.,"2,5-dimethylpyridine (=2,5-lutidine)",Bases,,
,WHISKY,Alcoholic Beverages > 20% alc.,"2,6-dimethylpyridine (=2,6-lutidine)",Bases,4E-005,0.0005
,WHISKY,Alcoholic Beverages > 20% alc.,"3,4-dimethylpyridine (=3,4-lutidine)",Bases,4E-005,0.0002
,WHISKY,Alcoholic Beverages > 20% alc.,"3,5-dimethylpyridine (=3,5-lutidine)",Bases,,
,WHISKY,Alcoholic Beverages > 20% alc.,5-ethyl-2-methylpyridine,Bases,,
,WHISKY,Alcoholic Beverages > 20% alc.,"2,4,6-trimethylpyridine (=s-collidine, γ-collidine)",Bases,,
,WHISKY,Alcoholic Beverages > 20% alc.,2-acetylpyridine,Bases,5E-005,0.0002
,WHISKY,Alcoholic Beverages > 20% alc.,3-acetylpyridine,Bases,,
,WHISKY,Alcoholic Beverages > 20% alc.,4-acetylpyridine,Bases,,
,WHISKY,Alcoholic Beverages > 20% alc.,quinoline,Bases,,
,WHISKY,Alcoholic Beverages > 20% alc.,2-methylquinoline,Bases,,
,WHISKY,Alcoholic Beverages > 20% alc.,6-methylquinoline,Bases,,
,WHISKY,Alcoholic Beverages > 20% alc.,methylpyrazine,Bases,0.01,0.01
,WHISKY,Alcoholic Beverages > 20% alc.,ethylpyrazine,Bases,,
,WHISKY,Alcoholic Beverages > 20% alc.,"2,3-dimethylpyrazine",Bases,0.001,0.001
,WHISKY,Alcoholic Beverages > 20% alc.,"2,5-dimethylpyrazine",Bases,0.007,0.007
,WHISKY,Alcoholic Beverages > 20% alc.,"2,6-dimethylpyrazine",Bases,,
,WHISKY,Alcoholic Beverages > 20% alc.,2-ethyl-3-methylpyrazine,Bases,,
,WHISKY,Alcoholic Beverages > 20% alc.,2-ethyl-5-methylpyrazine,Bases,,
,WHISKY,Alcoholic Beverages > 20% alc.,2-ethyl-6-methylpyrazine,Bases,,
,WHISKY,Alcoholic Beverages > 20% alc.,"2,5-diethylpyrazine",Bases,,
,WHISKY,Alcoholic Beverages > 20% alc.,trimethylpyrazine,Bases,0.007,0.007
,WHISKY,Alcoholic Beverages > 20% alc.,"3-ethyl-2,5-dimethylpyrazine",Bases,,
,WHISKY,Alcoholic Beverages > 20% alc.,tetramethylpyrazine,Bases,,
,WHISKY,Alcoholic Beverages > 20% alc.,ethyl methyl sulfide (=methylthioethane),Sulfur compounds,,
,WHISKY,Alcoholic Beverages > 20% alc.,dimethyl disulfide (=methyldithiomethane),Sulfur compounds,0.005,0.143
,WHISKY,Alcoholic Beverages > 20% alc.,"dimethyl trisulfide (=2,3,4-trithiapentane, methyltrithiomethane)",Sulfur compounds,0.0007,0.0094
,WHISKY,Alcoholic Beverages > 20% alc.,3-(methylthio)-1-propanol (=methionol),Sulfur compounds,0,0.003
,WHISKY,Alcoholic Beverages > 20% alc.,3-(methylthio)propanal (=methional),Sulfur compounds,0,0.003
,WHISKY,Alcoholic Beverages > 20% alc.,3-(methylthio)propyl acetate (=methionyl acetate),Sulfur compounds,0,0.11
,WHISKY,Alcoholic Beverages > 20% alc.,S-methyl acetothioate (=methanethiol acetate),Sulfur compounds,0.023,0.05
,WHISKY,Alcoholic Beverages > 20% alc.,ethyl 3-(methylthio)propanoate,Sulfur compounds,0,0.008
,WHISKY,Alcoholic Beverages > 20% alc.,thiophene,Sulfur compounds,<0.0007,0.0032
,WHISKY,Alcoholic Beverages > 20% alc.,2-methylthiophene,Sulfur compounds,<0.0005,0.0073
,WHISKY,Alcoholic Beverages > 20% alc.,"2,5-dimethylthiophene",Sulfur compounds,<0.0001,0.0007
,WHISKY,Alcoholic Beverages > 20% alc.,benzothiophene,Sulfur compounds,0.01,0.02
,WHISKY,Alcoholic Beverages > 20% alc.,2-methyl-3(2H)-dihydrothiophenone (=2-methyl-3-thiolanone),Sulfur compounds,0,0.03
,WHISKY,Alcoholic Beverages > 20% alc.,2-thiophenecarbaldehyde (=2-formylthiophene),Sulfur compounds,0.02,0.03
,WHISKY,Alcoholic Beverages > 20% alc.,5-methyl-2-thiophenecarbaldehyde,Sulfur compounds,0.004,0.006
,WHISKY,Alcoholic Beverages > 20% alc.,thiazole,Sulfur compounds,,
,WHISKY,Alcoholic Beverages > 20% alc.,benzothiazole,Sulfur compounds,0.006,0.013
,WHISKY,Alcoholic Beverages > 20% alc.,5-(2-hydroxyethyl)-4-methylthiazole,Sulfur compounds,,
,WHISKY,Alcoholic Beverages > 20% alc.,2-acetylthiazole,Sulfur compounds,,
,WHISKY,Alcoholic Beverages > 20% alc.,"1,1-diethoxymethane",Acetals,,
,WHISKY,Alcoholic Beverages > 20% alc.,"1,1-diethoxyethane (=acetal, acetaldehyde diethyl acetal)",Acetals,3.6,99.4
,WHISKY,Alcoholic Beverages > 20% alc.,1-ethoxy-1-propoxyethane,Acetals,,
,WHISKY,Alcoholic Beverages > 20% alc.,1-ethoxy-1-isobutoxyethane,Acetals,,
,WHISKY,Alcoholic Beverages > 20% alc.,1-ethoxy-1-pentoxyethane,Acetals,,
,WHISKY,Alcoholic Beverages > 20% alc.,1-pentoxy-1-propoxyethane,Acetals,,
,WHISKY,Alcoholic Beverages > 20% alc.,"1,1-diethoxypropane",Acetals,,
,WHISKY,Alcoholic Beverages > 20% alc.,"1,1,3-triethoxypropane",Acetals,<0.8,<0.8
,WHISKY,Alcoholic Beverages > 20% alc.,"3,3-diethoxy-1-propene",Acetals,,
,WHISKY,Alcoholic Beverages > 20% alc.,"1,1-diethoxy-2-methylpropane",Acetals,,
,WHISKY,Alcoholic Beverages > 20% alc.,"1,1-diethoxybutane",Acetals,,
,WHISKY,Alcoholic Beverages > 20% alc.,"1,1-diethoxy-2-methylbutane",Acetals,,
,WHISKY,Alcoholic Beverages > 20% alc.,"1,1-diethoxy-3-methylbutane",Acetals,,
,WHISKY,Alcoholic Beverages > 20% alc.,"1,1-diethoxyhexane",Acetals,,
,WHISKY,Alcoholic Beverages > 20% alc.,"1,1-diethoxyheptane",Acetals,,
,WHISKY,Alcoholic Beverages > 20% alc.,"1,1-diethoxynonane",Acetals,,
,WHISKY,Alcoholic Beverages > 20% alc.,diethyl ether,Ethers,,
,WHISKY,Alcoholic Beverages > 20% alc.,ethyl 4-hydroxy-3-methoxy-benzyl ether (=ethyl vanillyl ether),Ethers,,
,WHISKY,Alcoholic Beverages > 20% alc.,phenol (=hydroxybenzene),Phenols,trace,0.2
,WHISKY,Alcoholic Beverages > 20% alc.,2-methylphenol (=o-cresol),Phenols,trace,0.09
,WHISKY,Alcoholic Beverages > 20% alc.,3-methylphenol (=m-cresol),Phenols,trace,0.04
,WHISKY,Alcoholic Beverages > 20% alc.,4-methylphenol (=p-cresol),Phenols,trace,0.05
,WHISKY,Alcoholic Beverages > 20% alc.,2-ethylphenol,Phenols,0.002,0.002
,WHISKY,Alcoholic Beverages > 20% alc.,3-ethylphenol,Phenols,,
,WHISKY,Alcoholic Beverages > 20% alc.,4-ethylphenol,Phenols,0.002,0.39
,WHISKY,Alcoholic Beverages > 20% alc.,4-propylphenol,Phenols,,
,WHISKY,Alcoholic Beverages > 20% alc.,2-isopropylphenol,Phenols,,
,WHISKY,Alcoholic Beverages > 20% alc.,"2,5-dimethylphenol",Phenols,,
,WHISKY,Alcoholic Beverages > 20% alc.,"2,6-dimethylphenol",Phenols,0.001,0.001
,WHISKY,Alcoholic Beverages > 20% alc.,"3,5-dimethylphenol (=3,5-xylenol)",Phenols,,
,WHISKY,Alcoholic Beverages > 20% alc.,dimethylphenol (unkn.str.),Phenols,,
,WHISKY,Alcoholic Beverages > 20% alc.,ethyl-methylphenol (unkn.str.),Phenols,,
,WHISKY,Alcoholic Beverages > 20% alc.,trimethylphenol (unkn.str.),Phenols,,
,WHISKY,Alcoholic Beverages > 20% alc.,2-methoxyphenol (=guaiacol),Phenols,0.001,0.12
,WHISKY,Alcoholic Beverages > 20% alc.,"2-methoxy-4-methylphenol (=4-methylguaiacol, creosol)",Phenols,0.005,0.005
,WHISKY,Alcoholic Beverages > 20% alc.,2-methoxy-6-methylphenol (=6-methylguaiacol),Phenols,,
,WHISKY,Alcoholic Beverages > 20% alc.,4-ethyl-2-methoxyphenol (=4-ethylguaiacol),Phenols,0.002,0.36
,WHISKY,Alcoholic Beverages > 20% alc.,2-methoxy-4-propylphenol (=4-propylguaiacol),Phenols,,
,WHISKY,Alcoholic Beverages > 20% alc.,eugenol (=4-allyl-2-methoxyphenol),Phenols,0.01,0.2
,WHISKY,Alcoholic Beverages > 20% alc.,2-methylfuran,Furans,2.97,2.97
,WHISKY,Alcoholic Beverages > 20% alc.,"furfural (=2-formylfuran, 2-furancarbaldehyde, 2-furaldehyde)",Furans,0.2,37
,WHISKY,Alcoholic Beverages > 20% alc.,5-methylfurfural,Furans,trace,0.8
,WHISKY,Alcoholic Beverages > 20% alc.,5-(hydroxymethyl)furfural,Furans,0.5,10.1
,WHISKY,Alcoholic Beverages > 20% alc.,2-(ethoxymethyl)-3-(2-furyl)-2-propenal,Furans,,
,WHISKY,Alcoholic Beverages > 20% alc.,"2-acetylfuran (=2-furyl methyl ketone, 1-(2-furyl)ethanone)",Furans,,
,WHISKY,Alcoholic Beverages > 20% alc.,3-acetylfuran,Furans,,
,WHISKY,Alcoholic Beverages > 20% alc.,2-acetyl-5-methylfuran,Furans,,
,WHISKY,Alcoholic Beverages > 20% alc.,"furfuryl alcohol (=(2-furyl)-methanol, 2-furanmethanol)",Furans,,
,WHISKY,Alcoholic Beverages > 20% alc.,2-furancarboxylic acid (=2-furoic acid),Furans,0.83,0.83
,WHISKY,Alcoholic Beverages > 20% alc.,ethyl 2-furancarboxylate (=ethyl 2-furoate),Furans,,
,WHISKY,Alcoholic Beverages > 20% alc.,furfuryl formate,Furans,,
,WHISKY,Alcoholic Beverages > 20% alc.,"furfural, diethyl acetal",Furans,,
,WHISKY,Alcoholic Beverages > 20% alc.,"furfural, ethyl isobutyl acetal",Furans,,
,WHISKY,Alcoholic Beverages > 20% alc.,"furfural, ethyl 2-methylbutyl acetal",Furans,,
,WHISKY,Alcoholic Beverages > 20% alc.,"furfural, ethyl isopentyl acetal",Furans,,
,WHISKY,Alcoholic Beverages > 20% alc.,"furfural, diisopentyl acetal",Furans,,
,WHISKY,Alcoholic Beverages > 20% alc.,"2,3-dihydro-3,5-dihydroxy-6-methyl-4-pyrone (=5,6-dihydro-5-hydroxymaltol)","(Ep)oxides, pyrans, coumarins",,
,WHISKY,Alcoholic Beverages > 20% alc.,7-hydroxy-6-methoxycoumarin (=scopoletin),"(Ep)oxides, pyrans, coumarins",0.57,0.57
BOURBON WHISKEY,WHISKY,Alcoholic Beverages > 20% alc.,heptane,Hydrocarbons,,
BOURBON WHISKEY,WHISKY,Alcoholic Beverages > 20% alc.,α-pinene,Hydrocarbons,,
BOURBON WHISKEY,WHISKY,Alcoholic Beverages > 20% alc.,benzene,Hydrocarbons,,
BOURBON WHISKEY,WHISKY,Alcoholic Beverages > 20% alc.,methylbenzene (=toluene),Hydrocarbons,,
BOURBON WHISKEY,WHISKY,Alcoholic Beverages > 20% alc.,vinylbenzene (=styrene),Hydrocarbons,,
BOURBON WHISKEY,WHISKY,Alcoholic Beverages > 20% alc.,phenanthrene,Hydrocarbons,0.002,0.007
BOURBON WHISKEY,WHISKY,Alcoholic Beverages > 20% alc.,fluoranthene,Hydrocarbons,trace,0.0008
BOURBON WHISKEY,WHISKY,Alcoholic Beverages > 20% alc.,pyrene,Hydrocarbons,trace,0.0003
BOURBON WHISKEY,WHISKY,Alcoholic Beverages > 20% alc.,methanol,Alcohols,60,106
BOURBON WHISKEY,WHISKY,Alcoholic Beverages > 20% alc.,1-propanol (=propyl alcohol),Alcohols,78,169
BOURBON WHISKEY,WHISKY,Alcoholic Beverages > 20% alc.,2-propen-1-ol (=allyl alcohol),Alcohols,<0.8,<0.8
BOURBON WHISKEY,WHISKY,Alcoholic Beverages > 20% alc.,2-methyl-1-propanol (=isobutanol),Alcohols,225,556
BOURBON WHISKEY,WHISKY,Alcoholic Beverages > 20% alc.,1-butanol,Alcohols,2.8,2.8
BOURBON WHISKEY,WHISKY,Alcoholic Beverages > 20% alc.,2-butanol (=sec-butanol),Alcohols,,
BOURBON WHISKEY,WHISKY,Alcoholic Beverages > 20% alc.,2-methyl-1-butanol (=active amyl alcohol),Alcohols,360,1390
BOURBON WHISKEY,WHISKY,Alcoholic Beverages > 20% alc.,3-methyl-1-butanol (=isoamyl alcohol),Alcohols,772,1685
BOURBON WHISKEY,WHISKY,Alcoholic Beverages > 20% alc.,1-pentanol (=amyl alcohol),Alcohols,<0.8,<0.8
BOURBON WHISKEY,WHISKY,Alcoholic Beverages > 20% alc.,3-methyl-1-pentanol,Alcohols,<0.8,<0.8
BOURBON WHISKEY,WHISKY,Alcoholic Beverages > 20% alc.,1-hexanol,Alcohols,1.2,1.2
BOURBON WHISKEY,WHISKY,Alcoholic Beverages > 20% alc.,1-heptanol,Alcohols,,
BOURBON WHISKEY,WHISKY,Alcoholic Beverages > 20% alc.,1-octanol,Alcohols,0.7,0.8
BOURBON WHISKEY,WHISKY,Alcoholic Beverages > 20% alc.,1-decanol,Alcohols,0.04,0.8
BOURBON WHISKEY,WHISKY,Alcoholic Beverages > 20% alc.,1-tetradecanol,Alcohols,0.1,0.1
BOURBON WHISKEY,WHISKY,Alcoholic Beverages > 20% alc.,geraniol,Alcohols,,
BOURBON WHISKEY,WHISKY,Alcoholic Beverages > 20% alc.,2-phenylethanol (=phenethyl alcohol),Alcohols,1.8,39
BOURBON WHISKEY,WHISKY,Alcoholic Beverages > 20% alc.,acetaldehyde (=ethanal),"Carbonyls, aldehydes",5.7,104
BOURBON WHISKEY,WHISKY,Alcoholic Beverages > 20% alc.,propanal (=propionaldehyde),"Carbonyls, aldehydes",2.4,2.4
BOURBON WHISKEY,WHISKY,Alcoholic Beverages > 20% alc.,2-propenal (=acrolein),"Carbonyls, aldehydes",1.62,1.62
BOURBON WHISKEY,WHISKY,Alcoholic Beverages > 20% alc.,"2-methylpropanal (=isobutanal, isobutyraldehyde)","Carbonyls, aldehydes",<0.8,13.8
BOURBON WHISKEY,WHISKY,Alcoholic Beverages > 20% alc.,3-ethoxypropanal,"Carbonyls, aldehydes",<0.8,<0.8
BOURBON WHISKEY,WHISKY,Alcoholic Beverages > 20% alc.,(E)-2-butenal,"Carbonyls, aldehydes",0.04,0.04
BOURBON WHISKEY,WHISKY,Alcoholic Beverages > 20% alc.,"3-methylbutanal (=isopentanal, isovaleraldehyde)","Carbonyls, aldehydes",8.3,8.3
BOURBON WHISKEY,WHISKY,Alcoholic Beverages > 20% alc.,benzaldehyde,"Carbonyls, aldehydes",<0.8,<0.8
BOURBON WHISKEY,WHISKY,Alcoholic Beverages > 20% alc.,vanillin (=4-hydroxy-3-methoxybenzaldehyde),"Carbonyls, aldehydes",0.94,2.4
BOURBON WHISKEY,WHISKY,Alcoholic Beverages > 20% alc.,"syringaldehyde (=4-hydroxy-3,5-dimethoxy-benzaldehyde)","Carbonyls, aldehydes",1.9,4.44
BOURBON WHISKEY,WHISKY,Alcoholic Beverages > 20% alc.,coniferaldehyde (=4-hydroxy-3-methoxy-cinnamaldehyde),"Carbonyls, aldehydes",1.4,1.4
BOURBON WHISKEY,WHISKY,Alcoholic Beverages > 20% alc.,"sinapaldehyde (=4-hydroxy-3,5-dimethoxy-cinnamaldehyde)","Carbonyls, aldehydes",2.7,2.7
BOURBON WHISKEY,WHISKY,Alcoholic Beverages > 20% alc.,"acetone (=2-propanone, dimethyl ketone)","Carbonyls, ketones",<0.8,10
BOURBON WHISKEY,WHISKY,Alcoholic Beverages > 20% alc.,"1,1-diethoxy-2-propanone","Carbonyls, ketones",0.6,1.7
BOURBON WHISKEY,WHISKY,Alcoholic Beverages > 20% alc.,2-butanone (=ethyl methyl ketone),"Carbonyls, ketones",,
BOURBON WHISKEY,WHISKY,Alcoholic Beverages > 20% alc.,"2,3-butanedione (=diacetyl)","Carbonyls, ketones",0.06,1
BOURBON WHISKEY,WHISKY,Alcoholic Beverages > 20% alc.,2-pentanone,"Carbonyls, ketones",,
BOURBON WHISKEY,WHISKY,Alcoholic Beverages > 20% alc.,"2,3-pentanedione (=acetylpropionyl)","Carbonyls, ketones",<0.01,<0.01
BOURBON WHISKEY,WHISKY,Alcoholic Beverages > 20% alc.,β-damascenone (=(E)-β-damascenone),"Carbonyls, ketones",0.01,0.01
BOURBON WHISKEY,WHISKY,Alcoholic Beverages > 20% alc.,α-ionone,"Carbonyls, ketones",,
BOURBON WHISKEY,WHISKY,Alcoholic Beverages > 20% alc.,(E)-β-ionone,"Carbonyls, ketones",,
BOURBON WHISKEY,WHISKY,Alcoholic Beverages > 20% alc.,acetic acid,Acids,297,581
BOURBON WHISKEY,WHISKY,Alcoholic Beverages > 20% alc.,propanoic acid (=propionic acid),Acids,1.4,6.3
BOURBON WHISKEY,WHISKY,Alcoholic Beverages > 20% alc.,2-methylpropanoic acid (=isobutyric acid),Acids,0.6,2.9
BOURBON WHISKEY,WHISKY,Alcoholic Beverages > 20% alc.,butanoic acid (=butyric acid),Acids,1.7,15.7
BOURBON WHISKEY,WHISKY,Alcoholic Beverages > 20% alc.,2-methylbutanoic acid,Acids,,
BOURBON WHISKEY,WHISKY,Alcoholic Beverages > 20% alc.,3-methylbutanoic acid (=isovaleric acid),Acids,1.1,10.9
BOURBON WHISKEY,WHISKY,Alcoholic Beverages > 20% alc.,pentanoic acid (=valeric acid),Acids,<0.1,0.9
BOURBON WHISKEY,WHISKY,Alcoholic Beverages > 20% alc.,hexanoic acid (=caproic acid),Acids,1.9,16.7
BOURBON WHISKEY,WHISKY,Alcoholic Beverages > 20% alc.,heptanoic acid (=enanthic acid),Acids,0.2,0.9
BOURBON WHISKEY,WHISKY,Alcoholic Beverages > 20% alc.,octanoic acid (=caprylic acid),Acids,3.7,23
BOURBON WHISKEY,WHISKY,Alcoholic Beverages > 20% alc.,nonanoic acid (=pelargonic acid),Acids,<0.1,0.5
BOURBON WHISKEY,WHISKY,Alcoholic Beverages > 20% alc.,decanoic acid (=capric acid),Acids,6.8,23.8
BOURBON WHISKEY,WHISKY,Alcoholic Beverages > 20% alc.,dodecanoic acid (=lauric acid),Acids,2.3,8.3
BOURBON WHISKEY,WHISKY,Alcoholic Beverages > 20% alc.,tetradecanoic acid (=myristic acid),Acids,2.7,2.7
BOURBON WHISKEY,WHISKY,Alcoholic Beverages > 20% alc.,pentadecanoic acid,Acids,0.1,0.1
BOURBON WHISKEY,WHISKY,Alcoholic Beverages > 20% alc.,hexadecanoic acid (=palmitic acid),Acids,3.8,3.8
BOURBON WHISKEY,WHISKY,Alcoholic Beverages > 20% alc.,9-hexadecenoic acid,Acids,0.8,0.8
BOURBON WHISKEY,WHISKY,Alcoholic Beverages > 20% alc.,octadecanoic acid (=stearic acid),Acids,0.5,0.5
BOURBON WHISKEY,WHISKY,Alcoholic Beverages > 20% alc.,(Z)-9-octadecenoic acid (=oleic acid),Acids,1.1,1.1
BOURBON WHISKEY,WHISKY,Alcoholic Beverages > 20% alc.,"3,4-dihydroxybenzoic acid (=protocatechuic acid)",Acids,0.05,0.05
BOURBON WHISKEY,WHISKY,Alcoholic Beverages > 20% alc.,4-hydroxy-3-methoxybenzoic acid (=vanillic acid),Acids,0.6,0.6
BOURBON WHISKEY,WHISKY,Alcoholic Beverages > 20% alc.,"3,4,5-trihydroxybenzoic acid (=gallic acid)",Acids,1.3,1.3
BOURBON WHISKEY,WHISKY,Alcoholic Beverages > 20% alc.,"4-hydroxy-3,5-dimethoxybenzoic acid (=syringic acid)",Acids,2.1,2.1
BOURBON WHISKEY,WHISKY,Alcoholic Beverages > 20% alc.,"3,4,5-trimethoxyphenylacetic acid",Acids,7.95,7.95
BOURBON WHISKEY,WHISKY,Alcoholic Beverages > 20% alc.,ellagic acid,Acids,12,12
BOURBON WHISKEY,WHISKY,Alcoholic Beverages > 20% alc.,ethyl formate,Esters,8,8
BOURBON WHISKEY,WHISKY,Alcoholic Beverages > 20% alc.,phenethyl formate,Esters,0.1,0.1
BOURBON WHISKEY,WHISKY,Alcoholic Beverages > 20% alc.,ethyl carbamate (=urethane),Esters,0.1,0.1
BOURBON WHISKEY,WHISKY,Alcoholic Beverages > 20% alc.,methyl acetate,Esters,<0.8,<0.8
BOURBON WHISKEY,WHISKY,Alcoholic Beverages > 20% alc.,ethyl acetate,Esters,139,764
BOURBON WHISKEY,WHISKY,Alcoholic Beverages > 20% alc.,propyl acetate,Esters,,
BOURBON WHISKEY,WHISKY,Alcoholic Beverages > 20% alc.,isobutyl acetate (=2-methylpropyl acetate),Esters,0.3,0.3
BOURBON WHISKEY,WHISKY,Alcoholic Beverages > 20% alc.,"isopentyl acetate (=3-methylbutyl acetate, isoamyl acetate)",Esters,1.1,5.1
BOURBON WHISKEY,WHISKY,Alcoholic Beverages > 20% alc.,hexyl acetate,Esters,<0.8,<0.8
BOURBON WHISKEY,WHISKY,Alcoholic Beverages > 20% alc.,benzyl acetate,Esters,<0.8,<0.8
BOURBON WHISKEY,WHISKY,Alcoholic Beverages > 20% alc.,phenethyl acetate,Esters,0.3,2.3
BOURBON WHISKEY,WHISKY,Alcoholic Beverages > 20% alc.,ethyl propanoate,Esters,0.8,1
BOURBON WHISKEY,WHISKY,Alcoholic Beverages > 20% alc.,ethyl 2-methylpropanoate (=ethyl isobutyrate),Esters,,
BOURBON WHISKEY,WHISKY,Alcoholic Beverages > 20% alc.,isopentyl 2-methylpropanoate (=isoamyl isobutyrate),Esters,2.3,2.3
BOURBON WHISKEY,WHISKY,Alcoholic Beverages > 20% alc.,ethyl 2-hydroxypropanoate (=ethyl lactate),Esters,trace,174
BOURBON WHISKEY,WHISKY,Alcoholic Beverages > 20% alc.,isopentyl 2-hydroxypropanoate (=isoamyl lactate),Esters,<0.8,<0.8
BOURBON WHISKEY,WHISKY,Alcoholic Beverages > 20% alc.,ethyl 3-ethoxypropanoate (=ethyl 4-oxahexanoate),Esters,<0.8,<0.8
BOURBON WHISKEY,WHISKY,Alcoholic Beverages > 20% alc.,ethyl butanoate,Esters,1,1
BOURBON WHISKEY,WHISKY,Alcoholic Beverages > 20% alc.,"isopentyl 3-methylbutanoate (=3-methylbutyl 3-methylbutanoate, isoamyl isovalerate)",Esters,0.5,0.5
BOURBON WHISKEY,WHISKY,Alcoholic Beverages > 20% alc.,ethyl pentanoate,Esters,,
BOURBON WHISKEY,WHISKY,Alcoholic Beverages > 20% alc.,isopentyl pentanoate,Esters,0.2,0.2
BOURBON WHISKEY,WHISKY,Alcoholic Beverages > 20% alc.,ethyl hexanoate (=ethyl caproate),Esters,1.2,5
BOURBON WHISKEY,WHISKY,Alcoholic Beverages > 20% alc.,isopentyl hexanoate,Esters,0.7,0.8
BOURBON WHISKEY,WHISKY,Alcoholic Beverages > 20% alc.,ethyl heptanoate,Esters,<0.8,<0.8
BOURBON WHISKEY,WHISKY,Alcoholic Beverages > 20% alc.,ethyl octanoate (=ethyl caprylate),Esters,3.4,16.2
BOURBON WHISKEY,WHISKY,Alcoholic Beverages > 20% alc.,isopentyl octanoate,Esters,0.5,0.8
BOURBON WHISKEY,WHISKY,Alcoholic Beverages > 20% alc.,ethyl nonanoate,Esters,,
BOURBON WHISKEY,WHISKY,Alcoholic Beverages > 20% alc.,ethyl decanoate (=ethyl caprate),Esters,5.2,28.5
BOURBON WHISKEY,WHISKY,Alcoholic Beverages > 20% alc.,isopentyl decanoate,Esters,0.6,0.8
BOURBON WHISKEY,WHISKY,Alcoholic Beverages > 20% alc.,ethyl 9-decenoate,Esters,0.9,0.9
BOURBON WHISKEY,WHISKY,Alcoholic Beverages > 20% alc.,ethyl undecanoate,Esters,0.8,0.8
BOURBON WHISKEY,WHISKY,Alcoholic Beverages > 20% alc.,ethyl dodecanoate (=ethyl laurate),Esters,2.1,12.4
BOURBON WHISKEY,WHISKY,Alcoholic Beverages > 20% alc.,ethyl tetradecanoate (=ethyl myristate),Esters,0.8,7.8
BOURBON WHISKEY,WHISKY,Alcoholic Beverages > 20% alc.,ethyl pentadecanoate,Esters,,
BOURBON WHISKEY,WHISKY,Alcoholic Beverages > 20% alc.,ethyl hexadecanoate (=ethyl palmitate),Esters,0.3,6.2
BOURBON WHISKEY,WHISKY,Alcoholic Beverages > 20% alc.,ethyl 9-hexadecenoate,Esters,trace,1.2
BOURBON WHISKEY,WHISKY,Alcoholic Beverages > 20% alc.,ethyl octadecanoate (=ethyl stearate),Esters,,
BOURBON WHISKEY,WHISKY,Alcoholic Beverages > 20% alc.,ethyl 9-octadecenoate,Esters,0.2,0.2
BOURBON WHISKEY,WHISKY,Alcoholic Beverages > 20% alc.,"ethyl 9,12-octadecadienoate",Esters,,
BOURBON WHISKEY,WHISKY,Alcoholic Beverages > 20% alc.,diethyl succinate (=diethyl butanedioate),Esters,0.8,1
BOURBON WHISKEY,WHISKY,Alcoholic Beverages > 20% alc.,ethyl benzoate,Esters,,
BOURBON WHISKEY,WHISKY,Alcoholic Beverages > 20% alc.,diethyl phthalate,Esters,,
BOURBON WHISKEY,WHISKY,Alcoholic Beverages > 20% alc.,4-hydroxy-3-methyloctanoic acid lactone,Lactones,1.4,4.2
BOURBON WHISKEY,WHISKY,Alcoholic Beverages > 20% alc.,cis-4-hydroxy-3-methyloctanoic acid lactone,Lactones,0.39,0.39
BOURBON WHISKEY,WHISKY,Alcoholic Beverages > 20% alc.,trans-4-hydroxy-3-methyloctanoic acid lactone,Lactones,3.8,3.8
BOURBON WHISKEY,WHISKY,Alcoholic Beverages > 20% alc.,"4-hydroxynonanoic acid lactone (=4-nonanolide, γ-nonalactone)",Lactones,,
BOURBON WHISKEY,WHISKY,Alcoholic Beverages > 20% alc.,"5-hydroxynonanoic acid lactone (=5-nonanolide, δ-nonalactone)",Lactones,,
BOURBON WHISKEY,WHISKY,Alcoholic Beverages > 20% alc.,ethyl methyl sulfide (=methylthioethane),Sulfur compounds,,
BOURBON WHISKEY,WHISKY,Alcoholic Beverages > 20% alc.,"1,1-diethoxymethane",Acetals,,
BOURBON WHISKEY,WHISKY,Alcoholic Beverages > 20% alc.,"1,1-diethoxyethane (=acetal, acetaldehyde diethyl acetal)",Acetals,10,48
BOURBON WHISKEY,WHISKY,Alcoholic Beverages > 20% alc.,1-ethoxy-1-propoxyethane,Acetals,,
BOURBON WHISKEY,WHISKY,Alcoholic Beverages > 20% alc.,"1,1-diethoxypropane",Acetals,,
BOURBON WHISKEY,WHISKY,Alcoholic Beverages > 20% alc.,"1,1,3-triethoxypropane",Acetals,<0.8,<0.8
BOURBON WHISKEY,WHISKY,Alcoholic Beverages > 20% alc.,"3,3-diethoxy-1-propene",Acetals,,
BOURBON WHISKEY,WHISKY,Alcoholic Beverages > 20% alc.,"1,1-diethoxy-2-methylpropane",Acetals,,
BOURBON WHISKEY,WHISKY,Alcoholic Beverages > 20% alc.,4-ethylphenol,Phenols,0.39,0.39
BOURBON WHISKEY,WHISKY,Alcoholic Beverages > 20% alc.,2-methoxyphenol (=guaiacol),Phenols,0.09,0.09
BOURBON WHISKEY,WHISKY,Alcoholic Beverages > 20% alc.,"2-methoxy-4-methylphenol (=4-methylguaiacol, creosol)",Phenols,,
BOURBON WHISKEY,WHISKY,Alcoholic Beverages > 20% alc.,4-ethyl-2-methoxyphenol (=4-ethylguaiacol),Phenols,0.36,0.36
BOURBON WHISKEY,WHISKY,Alcoholic Beverages > 20% alc.,eugenol (=4-allyl-2-methoxyphenol),Phenols,0.2,0.2
BOURBON WHISKEY,WHISKY,Alcoholic Beverages > 20% alc.,2-methylfuran,Furans,2.97,2.97
BOURBON WHISKEY,WHISKY,Alcoholic Beverages > 20% alc.,"furfural (=2-formylfuran, 2-furancarbaldehyde, 2-furaldehyde)",Furans,2,11.6
BOURBON WHISKEY,WHISKY,Alcoholic Beverages > 20% alc.,5-methylfurfural,Furans,<0.8,<0.8
BOURBON WHISKEY,WHISKY,Alcoholic Beverages > 20% alc.,5-(hydroxymethyl)furfural,Furans,1.4,1.4
BOURBON WHISKEY,WHISKY,Alcoholic Beverages > 20% alc.,7-hydroxy-6-methoxycoumarin (=scopoletin),"(Ep)oxides, pyrans, coumarins",0.57,0.57
IRISH WHISKEY,WHISKY,Alcoholic Beverages > 20% alc.,methanol,Alcohols,15,56
IRISH WHISKEY,WHISKY,Alcoholic Beverages > 20% alc.,1-propanol (=propyl alcohol),Alcohols,144,236
IRISH WHISKEY,WHISKY,Alcoholic Beverages > 20% alc.,2-methyl-1-propanol (=isobutanol),Alcohols,248,464
IRISH WHISKEY,WHISKY,Alcoholic Beverages > 20% alc.,1-butanol,Alcohols,<0.8,3.6
IRISH WHISKEY,WHISKY,Alcoholic Beverages > 20% alc.,2-methyl-1-butanol (=active amyl alcohol),Alcohols,48,316
IRISH WHISKEY,WHISKY,Alcoholic Beverages > 20% alc.,3-methyl-1-butanol (=isoamyl alcohol),Alcohols,112,852
IRISH WHISKEY,WHISKY,Alcoholic Beverages > 20% alc.,1-pentanol (=amyl alcohol),Alcohols,<0.8,<0.8
IRISH WHISKEY,WHISKY,Alcoholic Beverages > 20% alc.,1-hexanol,Alcohols,0.65,2.4
IRISH WHISKEY,WHISKY,Alcoholic Beverages > 20% alc.,1-octanol,Alcohols,0.45,0.8
IRISH WHISKEY,WHISKY,Alcoholic Beverages > 20% alc.,1-decanol,Alcohols,<0.8,<0.8
IRISH WHISKEY,WHISKY,Alcoholic Beverages > 20% alc.,1-dodecanol,Alcohols,0.006,0.006
IRISH WHISKEY,WHISKY,Alcoholic Beverages > 20% alc.,1-tetradecanol,Alcohols,0.005,0.005
IRISH WHISKEY,WHISKY,Alcoholic Beverages > 20% alc.,1-hexadecanol (=cetanol),Alcohols,0.01,0.01
IRISH WHISKEY,WHISKY,Alcoholic Beverages > 20% alc.,2-phenylethanol (=phenethyl alcohol),Alcohols,0.65,3.2
IRISH WHISKEY,WHISKY,Alcoholic Beverages > 20% alc.,acetaldehyde (=ethanal),"Carbonyls, aldehydes",12,56
IRISH WHISKEY,WHISKY,Alcoholic Beverages > 20% alc.,3-ethoxypropanal,"Carbonyls, aldehydes",<0.8,<0.8
IRISH WHISKEY,WHISKY,Alcoholic Beverages > 20% alc.,vanillin (=4-hydroxy-3-methoxybenzaldehyde),"Carbonyls, aldehydes",0.5,0.7
IRISH WHISKEY,WHISKY,Alcoholic Beverages > 20% alc.,"syringaldehyde (=4-hydroxy-3,5-dimethoxy-benzaldehyde)","Carbonyls, aldehydes",1.1,1.6
IRISH WHISKEY,WHISKY,Alcoholic Beverages > 20% alc.,"acetone (=2-propanone, dimethyl ketone)","Carbonyls, ketones",<0.8,<0.8
IRISH WHISKEY,WHISKY,Alcoholic Beverages > 20% alc.,"2,3-butanedione (=diacetyl)","Carbonyls, ketones",0.2,0.2
IRISH WHISKEY,WHISKY,Alcoholic Beverages > 20% alc.,"2,3-pentanedione (=acetylpropionyl)","Carbonyls, ketones",0.03,0.03
IRISH WHISKEY,WHISKY,Alcoholic Beverages > 20% alc.,α-ionone,"Carbonyls, ketones",,
IRISH WHISKEY,WHISKY,Alcoholic Beverages > 20% alc.,(E)-β-ionone,"Carbonyls, ketones",,
IRISH WHISKEY,WHISKY,Alcoholic Beverages > 20% alc.,acetic acid,Acids,112,112
IRISH WHISKEY,WHISKY,Alcoholic Beverages > 20% alc.,propanoic acid (=propionic acid),Acids,0.6,1.6
IRISH WHISKEY,WHISKY,Alcoholic Beverages > 20% alc.,2-methylpropanoic acid (=isobutyric acid),Acids,0.2,1.2
IRISH WHISKEY,WHISKY,Alcoholic Beverages > 20% alc.,butanoic acid (=butyric acid),Acids,0.2,1.7
IRISH WHISKEY,WHISKY,Alcoholic Beverages > 20% alc.,3-methylbutanoic acid (=isovaleric acid),Acids,0.3,1.6
IRISH WHISKEY,WHISKY,Alcoholic Beverages > 20% alc.,pentanoic acid (=valeric acid),Acids,<0.1,0.4
IRISH WHISKEY,WHISKY,Alcoholic Beverages > 20% alc.,hexanoic acid (=caproic acid),Acids,0.2,1.8
IRISH WHISKEY,WHISKY,Alcoholic Beverages > 20% alc.,heptanoic acid (=enanthic acid),Acids,0.1,0.1
IRISH WHISKEY,WHISKY,Alcoholic Beverages > 20% alc.,octanoic acid (=caprylic acid),Acids,0.2,9.1
IRISH WHISKEY,WHISKY,Alcoholic Beverages > 20% alc.,nonanoic acid (=pelargonic acid),Acids,<0.1,0.4
IRISH WHISKEY,WHISKY,Alcoholic Beverages > 20% alc.,decanoic acid (=capric acid),Acids,3,20.7
IRISH WHISKEY,WHISKY,Alcoholic Beverages > 20% alc.,dodecanoic acid (=lauric acid),Acids,1.2,6.3
IRISH WHISKEY,WHISKY,Alcoholic Beverages > 20% alc.,tetradecanoic acid (=myristic acid),Acids,0.2,0.5
IRISH WHISKEY,WHISKY,Alcoholic Beverages > 20% alc.,hexadecanoic acid (=palmitic acid),Acids,0.6,0.8
IRISH WHISKEY,WHISKY,Alcoholic Beverages > 20% alc.,9-hexadecenoic acid,Acids,0.2,0.3
IRISH WHISKEY,WHISKY,Alcoholic Beverages > 20% alc.,octadecanoic acid (=stearic acid),Acids,0.3,0.4
IRISH WHISKEY,WHISKY,Alcoholic Beverages > 20% alc.,(Z)-9-octadecenoic acid (=oleic acid),Acids,0.2,0.3
IRISH WHISKEY,WHISKY,Alcoholic Beverages > 20% alc.,4-hydroxy-3-methoxybenzoic acid (=vanillic acid),Acids,0.3,0.4
IRISH WHISKEY,WHISKY,Alcoholic Beverages > 20% alc.,"3,4,5-trihydroxybenzoic acid (=gallic acid)",Acids,1.4,3.4
IRISH WHISKEY,WHISKY,Alcoholic Beverages > 20% alc.,"4-hydroxy-3,5-dimethoxybenzoic acid (=syringic acid)",Acids,0.4,0.7
IRISH WHISKEY,WHISKY,Alcoholic Beverages > 20% alc.,4-hydroxy-3-methoxycinnamic acid (=ferulic acid),Acids,trace,trace
IRISH WHISKEY,WHISKY,Alcoholic Beverages > 20% alc.,ethyl formate,Esters,1.6,5.6
IRISH WHISKEY,WHISKY,Alcoholic Beverages > 20% alc.,phenethyl formate,Esters,0.01,0.01
IRISH WHISKEY,WHISKY,Alcoholic Beverages > 20% alc.,ethyl acetate,Esters,44,280
IRISH WHISKEY,WHISKY,Alcoholic Beverages > 20% alc.,isobutyl acetate (=2-methylpropyl acetate),Esters,0.12,0.12
IRISH WHISKEY,WHISKY,Alcoholic Beverages > 20% alc.,"isopentyl acetate (=3-methylbutyl acetate, isoamyl acetate)",Esters,0.8,5
IRISH WHISKEY,WHISKY,Alcoholic Beverages > 20% alc.,phenethyl acetate,Esters,0.2,2
IRISH WHISKEY,WHISKY,Alcoholic Beverages > 20% alc.,ethyl propanoate,Esters,0.06,0.8
IRISH WHISKEY,WHISKY,Alcoholic Beverages > 20% alc.,isopentyl 2-methylpropanoate (=isoamyl isobutyrate),Esters,0.7,0.7
IRISH WHISKEY,WHISKY,Alcoholic Beverages > 20% alc.,ethyl 2-hydroxypropanoate (=ethyl lactate),Esters,1.8,6.8
IRISH WHISKEY,WHISKY,Alcoholic Beverages > 20% alc.,isopentyl 2-hydroxypropanoate (=isoamyl lactate),Esters,<0.8,<0.8
IRISH WHISKEY,WHISKY,Alcoholic Beverages > 20% alc.,ethyl 3-ethoxypropanoate (=ethyl 4-oxahexanoate),Esters,<0.8,<0.8
IRISH WHISKEY,WHISKY,Alcoholic Beverages > 20% alc.,ethyl butanoate,Esters,0.2,0.2
IRISH WHISKEY,WHISKY,Alcoholic Beverages > 20% alc.,"isopentyl 3-methylbutanoate (=3-methylbutyl 3-methylbutanoate, isoamyl isovalerate)",Esters,0.1,0.1
IRISH WHISKEY,WHISKY,Alcoholic Beverages > 20% alc.,isopentyl pentanoate,Esters,0.005,0.005
IRISH WHISKEY,WHISKY,Alcoholic Beverages > 20% alc.,ethyl hexanoate (=ethyl caproate),Esters,0,1.2
IRISH WHISKEY,WHISKY,Alcoholic Beverages > 20% alc.,isopentyl hexanoate,Esters,0.3,0.8
IRISH WHISKEY,WHISKY,Alcoholic Beverages > 20% alc.,ethyl heptanoate,Esters,<0.8,<0.8
IRISH WHISKEY,WHISKY,Alcoholic Beverages > 20% alc.,ethyl octanoate (=ethyl caprylate),Esters,1.2,7.5
IRISH WHISKEY,WHISKY,Alcoholic Beverages > 20% alc.,isopentyl octanoate,Esters,0.1,0.8
IRISH WHISKEY,WHISKY,Alcoholic Beverages > 20% alc.,ethyl nonanoate,Esters,<0.8,<0.8
IRISH WHISKEY,WHISKY,Alcoholic Beverages > 20% alc.,ethyl decanoate (=ethyl caprate),Esters,1.2,23.9
IRISH WHISKEY,WHISKY,Alcoholic Beverages > 20% alc.,isopentyl decanoate,Esters,0.2,0.8
IRISH WHISKEY,WHISKY,Alcoholic Beverages > 20% alc.,ethyl 9-decenoate,Esters,0.3,0.3
IRISH WHISKEY,WHISKY,Alcoholic Beverages > 20% alc.,ethyl dodecanoate (=ethyl laurate),Esters,<0.8,15.2
IRISH WHISKEY,WHISKY,Alcoholic Beverages > 20% alc.,ethyl tetradecanoate (=ethyl myristate),Esters,0.14,2.6
IRISH WHISKEY,WHISKY,Alcoholic Beverages > 20% alc.,ethyl hexadecanoate (=ethyl palmitate),Esters,0.6,2.4
IRISH WHISKEY,WHISKY,Alcoholic Beverages > 20% alc.,ethyl 9-hexadecenoate,Esters,0,2.5
IRISH WHISKEY,WHISKY,Alcoholic Beverages > 20% alc.,ethyl octadecanoate (=ethyl stearate),Esters,0.005,0.005
IRISH WHISKEY,WHISKY,Alcoholic Beverages > 20% alc.,ethyl 9-octadecenoate,Esters,0.3,0.3
IRISH WHISKEY,WHISKY,Alcoholic Beverages > 20% alc.,"ethyl 9,12-octadecadienoate",Esters,0.4,0.4
IRISH WHISKEY,WHISKY,Alcoholic Beverages > 20% alc.,diethyl succinate (=diethyl butanedioate),Esters,0,0.8
IRISH WHISKEY,WHISKY,Alcoholic Beverages > 20% alc.,4-hydroxy-3-methyloctanoic acid lactone,Lactones,0.7,0.7
IRISH WHISKEY,WHISKY,Alcoholic Beverages > 20% alc.,cis-4-hydroxy-3-methyloctanoic acid lactone,Lactones,0.21,0.21
IRISH WHISKEY,WHISKY,Alcoholic Beverages > 20% alc.,trans-4-hydroxy-3-methyloctanoic acid lactone,Lactones,0.58,0.58
IRISH WHISKEY,WHISKY,Alcoholic Beverages > 20% alc.,"1,1-diethoxyethane (=acetal, acetaldehyde diethyl acetal)",Acetals,3.6,15.2
IRISH WHISKEY,WHISKY,Alcoholic Beverages > 20% alc.,"1,1,3-triethoxypropane",Acetals,<0.8,<0.8
IRISH WHISKEY,WHISKY,Alcoholic Beverages > 20% alc.,phenol (=hydroxybenzene),Phenols,0.01,0.01
IRISH WHISKEY,WHISKY,Alcoholic Beverages > 20% alc.,4-ethylphenol,Phenols,0.01,0.03
IRISH WHISKEY,WHISKY,Alcoholic Beverages > 20% alc.,2-methoxyphenol (=guaiacol),Phenols,0.02,0.02
IRISH WHISKEY,WHISKY,Alcoholic Beverages > 20% alc.,4-ethyl-2-methoxyphenol (=4-ethylguaiacol),Phenols,0.01,0.06
IRISH WHISKEY,WHISKY,Alcoholic Beverages > 20% alc.,eugenol (=4-allyl-2-methoxyphenol),Phenols,0.05,0.06
IRISH WHISKEY,WHISKY,Alcoholic Beverages > 20% alc.,"furfural (=2-formylfuran, 2-furancarbaldehyde, 2-furaldehyde)",Furans,0.8,13.6
IRISH WHISKEY,WHISKY,Alcoholic Beverages > 20% alc.,5-methylfurfural,Furans,<0.8,<0.8
IRISH WHISKEY,WHISKY,Alcoholic Beverages > 20% alc.,5-(hydroxymethyl)furfural,Furans,8.7,8.7
MALT WHISKY,WHISKY,Alcoholic Beverages > 20% alc.,vinylbenzene (=styrene),Hydrocarbons,,
MALT WHISKY,WHISKY,Alcoholic Beverages > 20% alc.,anthracene,Hydrocarbons,0.0004,0.0004
MALT WHISKY,WHISKY,Alcoholic Beverages > 20% alc.,phenanthrene,Hydrocarbons,trace,0.007
MALT WHISKY,WHISKY,Alcoholic Beverages > 20% alc.,fluoranthene,Hydrocarbons,trace,0.002
MALT WHISKY,WHISKY,Alcoholic Beverages > 20% alc.,pyrene,Hydrocarbons,0.0004,0.002
MALT WHISKY,WHISKY,Alcoholic Beverages > 20% alc.,chrysene,Hydrocarbons,6E-005,6E-005
MALT WHISKY,WHISKY,Alcoholic Beverages > 20% alc.,benzo[a]fluorene,Hydrocarbons,4E-005,4E-005
MALT WHISKY,WHISKY,Alcoholic Beverages > 20% alc.,"benz[a]anthracene (=1,2-benzanthracene)",Hydrocarbons,8E-005,8E-005
MALT WHISKY,WHISKY,Alcoholic Beverages > 20% alc.,benzo[b]fluoranthene,Hydrocarbons,5E-005,5E-005
MALT WHISKY,WHISKY,Alcoholic Beverages > 20% alc.,"benzo[a]pyrene (=1,2-benzopyrene)",Hydrocarbons,4E-005,4E-005
MALT WHISKY,WHISKY,Alcoholic Beverages > 20% alc.,"benzo[e]pyrene (=4,5-benzopyrene)",Hydrocarbons,3E-005,3E-005
MALT WHISKY,WHISKY,Alcoholic Beverages > 20% alc.,methanol,Alcohols,<20,160
MALT WHISKY,WHISKY,Alcoholic Beverages > 20% alc.,1-propanol (=propyl alcohol),Alcohols,144,360
MALT WHISKY,WHISKY,Alcoholic Beverages > 20% alc.,2-propen-1-ol (=allyl alcohol),Alcohols,0.8,0.8
MALT WHISKY,WHISKY,Alcoholic Beverages > 20% alc.,2-methyl-1-propanol (=isobutanol),Alcohols,268,510
MALT WHISKY,WHISKY,Alcoholic Beverages > 20% alc.,1-butanol,Alcohols,2,6
MALT WHISKY,WHISKY,Alcoholic Beverages > 20% alc.,2-butanol (=sec-butanol),Alcohols,2.4,2.4
MALT WHISKY,WHISKY,Alcoholic Beverages > 20% alc.,2-methyl-1-butanol (=active amyl alcohol),Alcohols,188,268
MALT WHISKY,WHISKY,Alcoholic Beverages > 20% alc.,3-methyl-1-butanol (=isoamyl alcohol),Alcohols,512,1610
MALT WHISKY,WHISKY,Alcoholic Beverages > 20% alc.,1-pentanol (=amyl alcohol),Alcohols,<0.8,<0.8
MALT WHISKY,WHISKY,Alcoholic Beverages > 20% alc.,1-hexanol,Alcohols,1.2,8
MALT WHISKY,WHISKY,Alcoholic Beverages > 20% alc.,(E)-2-hexen-1-ol,Alcohols,,
MALT WHISKY,WHISKY,Alcoholic Beverages > 20% alc.,(Z)-3-hexen-1-ol (=leaf alcohol),Alcohols,,
MALT WHISKY,WHISKY,Alcoholic Beverages > 20% alc.,1-octanol,Alcohols,0.3,0.8
MALT WHISKY,WHISKY,Alcoholic Beverages > 20% alc.,2-nonanol,Alcohols,,
MALT WHISKY,WHISKY,Alcoholic Beverages > 20% alc.,1-decanol,Alcohols,0.2,0.8
MALT WHISKY,WHISKY,Alcoholic Beverages > 20% alc.,1-dodecanol,Alcohols,<0.1,<0.1
MALT WHISKY,WHISKY,Alcoholic Beverages > 20% alc.,1-tetradecanol,Alcohols,1.7,7
MALT WHISKY,WHISKY,Alcoholic Beverages > 20% alc.,1-hexadecanol (=cetanol),Alcohols,<0.3,<0.3
MALT WHISKY,WHISKY,Alcoholic Beverages > 20% alc.,farnesol,Alcohols,,
MALT WHISKY,WHISKY,Alcoholic Beverages > 20% alc.,2-phenylethanol (=phenethyl alcohol),Alcohols,15,31
MALT WHISKY,WHISKY,Alcoholic Beverages > 20% alc.,2-(4-hydroxyphenyl)ethanol (=tyrosol),Alcohols,2.47,2.47
MALT WHISKY,WHISKY,Alcoholic Beverages > 20% alc.,acetaldehyde (=ethanal),"Carbonyls, aldehydes",35,92
MALT WHISKY,WHISKY,Alcoholic Beverages > 20% alc.,propanal (=propionaldehyde),"Carbonyls, aldehydes",1.6,1.6
MALT WHISKY,WHISKY,Alcoholic Beverages > 20% alc.,"2-methylpropanal (=isobutanal, isobutyraldehyde)","Carbonyls, aldehydes",2.4,15
MALT WHISKY,WHISKY,Alcoholic Beverages > 20% alc.,3-ethoxypropanal,"Carbonyls, aldehydes",<0.8,<0.8
MALT WHISKY,WHISKY,Alcoholic Beverages > 20% alc.,butanal (=butyraldehyde),"Carbonyls, aldehydes",<0.5,<0.5
MALT WHISKY,WHISKY,Alcoholic Beverages > 20% alc.,"3-methylbutanal (=isopentanal, isovaleraldehyde)","Carbonyls, aldehydes",2,21
MALT WHISKY,WHISKY,Alcoholic Beverages > 20% alc.,pentanal (=valeraldehyde),"Carbonyls, aldehydes",<0.5,<0.5
MALT WHISKY,WHISKY,Alcoholic Beverages > 20% alc.,benzaldehyde,"Carbonyls, aldehydes",<0.8,<0.8
MALT WHISKY,WHISKY,Alcoholic Beverages > 20% alc.,4-hydroxybenzaldehyde (=4-formylphenol),"Carbonyls, aldehydes",,
MALT WHISKY,WHISKY,Alcoholic Beverages > 20% alc.,vanillin (=4-hydroxy-3-methoxybenzaldehyde),"Carbonyls, aldehydes",0.5,0.5
MALT WHISKY,WHISKY,Alcoholic Beverages > 20% alc.,"syringaldehyde (=4-hydroxy-3,5-dimethoxy-benzaldehyde)","Carbonyls, aldehydes",1,1
MALT WHISKY,WHISKY,Alcoholic Beverages > 20% alc.,coniferaldehyde (=4-hydroxy-3-methoxy-cinnamaldehyde),"Carbonyls, aldehydes",0.05,0.05
MALT WHISKY,WHISKY,Alcoholic Beverages > 20% alc.,"acetone (=2-propanone, dimethyl ketone)","Carbonyls, ketones",<0.2,0.8
MALT WHISKY,WHISKY,Alcoholic Beverages > 20% alc.,"1,1-diethoxy-2-propanone","Carbonyls, ketones",0.1,0.1
MALT WHISKY,WHISKY,Alcoholic Beverages > 20% alc.,"2,3-butanedione (=diacetyl)","Carbonyls, ketones",0.1,0.3
MALT WHISKY,WHISKY,Alcoholic Beverages > 20% alc.,"2,3-pentanedione (=acetylpropionyl)","Carbonyls, ketones",<0.01,0.02
MALT WHISKY,WHISKY,Alcoholic Beverages > 20% alc.,2-heptanone,"Carbonyls, ketones",,
MALT WHISKY,WHISKY,Alcoholic Beverages > 20% alc.,2-nonanone,"Carbonyls, ketones",,
MALT WHISKY,WHISKY,Alcoholic Beverages > 20% alc.,2-hydroxyacetophenone,"Carbonyls, ketones",0.001,0.001
MALT WHISKY,WHISKY,Alcoholic Beverages > 20% alc.,2-hydroxy-5-methylacetophenone,"Carbonyls, ketones",,
MALT WHISKY,WHISKY,Alcoholic Beverages > 20% alc.,propiovanillone,"Carbonyls, ketones",,
MALT WHISKY,WHISKY,Alcoholic Beverages > 20% alc.,β-damascenone (=(E)-β-damascenone),"Carbonyls, ketones",0.1,0.1
MALT WHISKY,WHISKY,Alcoholic Beverages > 20% alc.,α-ionone,"Carbonyls, ketones",,
MALT WHISKY,WHISKY,Alcoholic Beverages > 20% alc.,(E)-β-ionone,"Carbonyls, ketones",,
MALT WHISKY,WHISKY,Alcoholic Beverages > 20% alc.,acetic acid,Acids,6.3,166
MALT WHISKY,WHISKY,Alcoholic Beverages > 20% alc.,propanoic acid (=propionic acid),Acids,0.1,13.8
MALT WHISKY,WHISKY,Alcoholic Beverages > 20% alc.,2-methylpropanoic acid (=isobutyric acid),Acids,0.15,3.4
MALT WHISKY,WHISKY,Alcoholic Beverages > 20% alc.,butanoic acid (=butyric acid),Acids,0.1,1.9
MALT WHISKY,WHISKY,Alcoholic Beverages > 20% alc.,2-methylbutanoic acid,Acids,,
MALT WHISKY,WHISKY,Alcoholic Beverages > 20% alc.,3-methylbutanoic acid (=isovaleric acid),Acids,0.1,4.1
MALT WHISKY,WHISKY,Alcoholic Beverages > 20% alc.,pentanoic acid (=valeric acid),Acids,0.1,0.1
MALT WHISKY,WHISKY,Alcoholic Beverages > 20% alc.,hexanoic acid (=caproic acid),Acids,0.3,3.8
MALT WHISKY,WHISKY,Alcoholic Beverages > 20% alc.,heptanoic acid (=enanthic acid),Acids,0.3,0.4
MALT WHISKY,WHISKY,Alcoholic Beverages > 20% alc.,octanoic acid (=caprylic acid),Acids,4,29
MALT WHISKY,WHISKY,Alcoholic Beverages > 20% alc.,nonanoic acid (=pelargonic acid),Acids,0.02,1.6
MALT WHISKY,WHISKY,Alcoholic Beverages > 20% alc.,decanoic acid (=capric acid),Acids,8,37
MALT WHISKY,WHISKY,Alcoholic Beverages > 20% alc.,undecanoic acid,Acids,0.1,0.1
MALT WHISKY,WHISKY,Alcoholic Beverages > 20% alc.,dodecanoic acid (=lauric acid),Acids,5.6,15
MALT WHISKY,WHISKY,Alcoholic Beverages > 20% alc.,tridecanoic acid,Acids,0.005,0.005
MALT WHISKY,WHISKY,Alcoholic Beverages > 20% alc.,tetradecanoic acid (=myristic acid),Acids,1.1,1.1
MALT WHISKY,WHISKY,Alcoholic Beverages > 20% alc.,pentadecanoic acid,Acids,0.05,0.05
MALT WHISKY,WHISKY,Alcoholic Beverages > 20% alc.,hexadecanoic acid (=palmitic acid),Acids,1.1,1.1
MALT WHISKY,WHISKY,Alcoholic Beverages > 20% alc.,9-hexadecenoic acid,Acids,0.2,0.2
MALT WHISKY,WHISKY,Alcoholic Beverages > 20% alc.,octadecanoic acid (=stearic acid),Acids,0.3,0.3
MALT WHISKY,WHISKY,Alcoholic Beverages > 20% alc.,(Z)-9-octadecenoic acid (=oleic acid),Acids,0.5,0.5
MALT WHISKY,WHISKY,Alcoholic Beverages > 20% alc.,"(Z,Z)-9,12-octadecadienoic acid (=linoleic acid)",Acids,0.3,0.3
MALT WHISKY,WHISKY,Alcoholic Beverages > 20% alc.,"3,4-dihydroxybenzoic acid (=protocatechuic acid)",Acids,0.3,0.3
MALT WHISKY,WHISKY,Alcoholic Beverages > 20% alc.,4-hydroxy-3-methoxybenzoic acid (=vanillic acid),Acids,0.2,0.2
MALT WHISKY,WHISKY,Alcoholic Beverages > 20% alc.,"3,4,5-trihydroxybenzoic acid (=gallic acid)",Acids,1.3,1.3
MALT WHISKY,WHISKY,Alcoholic Beverages > 20% alc.,"4-hydroxy-3,5-dimethoxybenzoic acid (=syringic acid)",Acids,0.9,0.9
MALT WHISKY,WHISKY,Alcoholic Beverages > 20% alc.,"3,4,5-trimethoxyphenylacetic acid",Acids,2.61,2.61
MALT WHISKY,WHISKY,Alcoholic Beverages > 20% alc.,ellagic acid,Acids,10,10
MALT WHISKY,WHISKY,Alcoholic Beverages > 20% alc.,ethyl formate,Esters,4.4,4.4
MALT WHISKY,WHISKY,Alcoholic Beverages > 20% alc.,phenethyl formate,Esters,,
MALT WHISKY,WHISKY,Alcoholic Beverages > 20% alc.,ethyl carbamate (=urethane),Esters,0.015,0.1
MALT WHISKY,WHISKY,Alcoholic Beverages > 20% alc.,ethyl acetate,Esters,136,440
MALT WHISKY,WHISKY,Alcoholic Beverages > 20% alc.,propyl acetate,Esters,,
MALT WHISKY,WHISKY,Alcoholic Beverages > 20% alc.,butyl acetate,Esters,,
MALT WHISKY,WHISKY,Alcoholic Beverages > 20% alc.,isobutyl acetate (=2-methylpropyl acetate),Esters,0.2,0.2
MALT WHISKY,WHISKY,Alcoholic Beverages > 20% alc.,2-methylbutyl acetate,Esters,,
MALT WHISKY,WHISKY,Alcoholic Beverages > 20% alc.,pentyl acetate (=amyl acetate),Esters,,
MALT WHISKY,WHISKY,Alcoholic Beverages > 20% alc.,"isopentyl acetate (=3-methylbutyl acetate, isoamyl acetate)",Esters,0.8,30
MALT WHISKY,WHISKY,Alcoholic Beverages > 20% alc.,hexyl acetate,Esters,<0.8,<0.8
MALT WHISKY,WHISKY,Alcoholic Beverages > 20% alc.,heptyl acetate,Esters,,
MALT WHISKY,WHISKY,Alcoholic Beverages > 20% alc.,phenethyl acetate,Esters,0.4,19.2
MALT WHISKY,WHISKY,Alcoholic Beverages > 20% alc.,ethyl propanoate,Esters,1,4.4
MALT WHISKY,WHISKY,Alcoholic Beverages > 20% alc.,propyl propanoate,Esters,,
MALT WHISKY,WHISKY,Alcoholic Beverages > 20% alc.,ethyl 2-methylpropanoate (=ethyl isobutyrate),Esters,,
MALT WHISKY,WHISKY,Alcoholic Beverages > 20% alc.,isopentyl 2-methylpropanoate (=isoamyl isobutyrate),Esters,<0.1,<0.1
MALT WHISKY,WHISKY,Alcoholic Beverages > 20% alc.,ethyl 2-hydroxypropanoate (=ethyl lactate),Esters,trace,200
MALT WHISKY,WHISKY,Alcoholic Beverages > 20% alc.,pentyl 2-hydroxypropanoate (=amyl lactate),Esters,,
MALT WHISKY,WHISKY,Alcoholic Beverages > 20% alc.,isopentyl 2-hydroxypropanoate (=isoamyl lactate),Esters,<0.8,<0.8
MALT WHISKY,WHISKY,Alcoholic Beverages > 20% alc.,ethyl 3-ethoxypropanoate (=ethyl 4-oxahexanoate),Esters,<0.8,<0.8
MALT WHISKY,WHISKY,Alcoholic Beverages > 20% alc.,ethyl butanoate,Esters,1.3,2.9
MALT WHISKY,WHISKY,Alcoholic Beverages > 20% alc.,pentyl butanoate,Esters,,
MALT WHISKY,WHISKY,Alcoholic Beverages > 20% alc.,"isopentyl 3-methylbutanoate (=3-methylbutyl 3-methylbutanoate, isoamyl isovalerate)",Esters,,
MALT WHISKY,WHISKY,Alcoholic Beverages > 20% alc.,butyl pentanoate,Esters,,
MALT WHISKY,WHISKY,Alcoholic Beverages > 20% alc.,isopentyl pentanoate,Esters,,
MALT WHISKY,WHISKY,Alcoholic Beverages > 20% alc.,2-methylbutyl pentanoate,Esters,,
MALT WHISKY,WHISKY,Alcoholic Beverages > 20% alc.,"ethyl 4-oxopentanoate (=ethyl levulate, ethyl levulinate)",Esters,,
MALT WHISKY,WHISKY,Alcoholic Beverages > 20% alc.,ethyl hexanoate (=ethyl caproate),Esters,1.6,4
MALT WHISKY,WHISKY,Alcoholic Beverages > 20% alc.,propyl hexanoate,Esters,,
MALT WHISKY,WHISKY,Alcoholic Beverages > 20% alc.,butyl hexanoate,Esters,,
MALT WHISKY,WHISKY,Alcoholic Beverages > 20% alc.,isobutyl hexanoate,Esters,,
MALT WHISKY,WHISKY,Alcoholic Beverages > 20% alc.,2-methylbutyl hexanoate,Esters,,
MALT WHISKY,WHISKY,Alcoholic Beverages > 20% alc.,isopentyl hexanoate,Esters,0.2,0.8
MALT WHISKY,WHISKY,Alcoholic Beverages > 20% alc.,phenethyl hexanoate,Esters,,
MALT WHISKY,WHISKY,Alcoholic Beverages > 20% alc.,ethyl heptanoate,Esters,<0.8,<0.8
MALT WHISKY,WHISKY,Alcoholic Beverages > 20% alc.,ethyl octanoate (=ethyl caprylate),Esters,10.8,24
MALT WHISKY,WHISKY,Alcoholic Beverages > 20% alc.,propyl octanoate,Esters,,
MALT WHISKY,WHISKY,Alcoholic Beverages > 20% alc.,butyl octanoate,Esters,,
MALT WHISKY,WHISKY,Alcoholic Beverages > 20% alc.,isobutyl octanoate,Esters,,
MALT WHISKY,WHISKY,Alcoholic Beverages > 20% alc.,2-methylbutyl octanoate,Esters,,
MALT WHISKY,WHISKY,Alcoholic Beverages > 20% alc.,pentyl octanoate,Esters,,
MALT WHISKY,WHISKY,Alcoholic Beverages > 20% alc.,isopentyl octanoate,Esters,<0.8,3.6
MALT WHISKY,WHISKY,Alcoholic Beverages > 20% alc.,hexyl octanoate,Esters,,
MALT WHISKY,WHISKY,Alcoholic Beverages > 20% alc.,ethyl nonanoate,Esters,<0.8,<0.8
MALT WHISKY,WHISKY,Alcoholic Beverages > 20% alc.,ethyl decanoate (=ethyl caprate),Esters,21,58
MALT WHISKY,WHISKY,Alcoholic Beverages > 20% alc.,propyl decanoate,Esters,,
MALT WHISKY,WHISKY,Alcoholic Beverages > 20% alc.,butyl decanoate,Esters,,
MALT WHISKY,WHISKY,Alcoholic Beverages > 20% alc.,isobutyl decanoate,Esters,,
MALT WHISKY,WHISKY,Alcoholic Beverages > 20% alc.,pentyl decanoate,Esters,,
MALT WHISKY,WHISKY,Alcoholic Beverages > 20% alc.,isopentyl decanoate,Esters,<0.1,1.2
MALT WHISKY,WHISKY,Alcoholic Beverages > 20% alc.,phenethyl decanoate,Esters,,
MALT WHISKY,WHISKY,Alcoholic Beverages > 20% alc.,ethyl 9-decenoate,Esters,<0.1,<0.1
MALT WHISKY,WHISKY,Alcoholic Beverages > 20% alc.,ethyl undecanoate,Esters,<0.8,<0.8
MALT WHISKY,WHISKY,Alcoholic Beverages > 20% alc.,ethyl dodecanoate (=ethyl laurate),Esters,6.6,45
MALT WHISKY,WHISKY,Alcoholic Beverages > 20% alc.,propyl dodecanoate,Esters,,
MALT WHISKY,WHISKY,Alcoholic Beverages > 20% alc.,butyl dodecanoate,Esters,,
MALT WHISKY,WHISKY,Alcoholic Beverages > 20% alc.,isobutyl dodecanoate,Esters,,
MALT WHISKY,WHISKY,Alcoholic Beverages > 20% alc.,2-methylbutyl dodecanoate,Esters,,
MALT WHISKY,WHISKY,Alcoholic Beverages > 20% alc.,isopentyl dodecanoate (=3-methylbutyl dodecanoate),Esters,,
MALT WHISKY,WHISKY,Alcoholic Beverages > 20% alc.,phenethyl dodecanoate,Esters,,
MALT WHISKY,WHISKY,Alcoholic Beverages > 20% alc.,ethyl tridecanoate,Esters,,
MALT WHISKY,WHISKY,Alcoholic Beverages > 20% alc.,ethyl tetradecanoate (=ethyl myristate),Esters,0.3,3.7
MALT WHISKY,WHISKY,Alcoholic Beverages > 20% alc.,propyl tetradecanoate,Esters,,
MALT WHISKY,WHISKY,Alcoholic Beverages > 20% alc.,2-methylbutyl tetradecanoate,Esters,,
MALT WHISKY,WHISKY,Alcoholic Beverages > 20% alc.,isopentyl tetradecanoate,Esters,,
MALT WHISKY,WHISKY,Alcoholic Beverages > 20% alc.,ethyl pentadecanoate,Esters,,
MALT WHISKY,WHISKY,Alcoholic Beverages > 20% alc.,ethyl hexadecanoate (=ethyl palmitate),Esters,0.2,36.7
MALT WHISKY,WHISKY,Alcoholic Beverages > 20% alc.,propyl hexadecanoate,Esters,,
MALT WHISKY,WHISKY,Alcoholic Beverages > 20% alc.,isobutyl hexadecanoate,Esters,,
MALT WHISKY,WHISKY,Alcoholic Beverages > 20% alc.,isopentyl hexadecanoate (=isoamyl palmitate),Esters,,
MALT WHISKY,WHISKY,Alcoholic Beverages > 20% alc.,ethyl 9-hexadecenoate,Esters,<0.1,27.4
MALT WHISKY,WHISKY,Alcoholic Beverages > 20% alc.,ethyl octadecanoate (=ethyl stearate),Esters,0.4,0.4
MALT WHISKY,WHISKY,Alcoholic Beverages > 20% alc.,2-methylbutyl octadecanoate,Esters,,
MALT WHISKY,WHISKY,Alcoholic Beverages > 20% alc.,isopentyl octadecanoate,Esters,,
MALT WHISKY,WHISKY,Alcoholic Beverages > 20% alc.,ethyl 9-octadecenoate,Esters,0.5,0.5
MALT WHISKY,WHISKY,Alcoholic Beverages > 20% alc.,"ethyl 9,12-octadecadienoate",Esters,2.9,2.9
MALT WHISKY,WHISKY,Alcoholic Beverages > 20% alc.,diethyl malonate (=diethyl propanedioate),Esters,,
MALT WHISKY,WHISKY,Alcoholic Beverages > 20% alc.,diethyl succinate (=diethyl butanedioate),Esters,trace,0.8
MALT WHISKY,WHISKY,Alcoholic Beverages > 20% alc.,dipentyl succinate,Esters,,
MALT WHISKY,WHISKY,Alcoholic Beverages > 20% alc.,diethyl malate,Esters,,
MALT WHISKY,WHISKY,Alcoholic Beverages > 20% alc.,ethyl 4-hydroxy-3-methoxybenzoate (=ethyl vanillate),Esters,,
MALT WHISKY,WHISKY,Alcoholic Beverages > 20% alc.,dibutyl phthalate,Esters,,
MALT WHISKY,WHISKY,Alcoholic Beverages > 20% alc.,4-hydroxy-3-methyloctanoic acid lactone,Lactones,0.2,0.7
MALT WHISKY,WHISKY,Alcoholic Beverages > 20% alc.,cis-4-hydroxy-3-methyloctanoic acid lactone,Lactones,,
MALT WHISKY,WHISKY,Alcoholic Beverages > 20% alc.,trans-4-hydroxy-3-methyloctanoic acid lactone,Lactones,,
MALT WHISKY,WHISKY,Alcoholic Beverages > 20% alc.,"4-hydroxynonanoic acid lactone (=4-nonanolide, γ-nonalactone)",Lactones,,
MALT WHISKY,WHISKY,Alcoholic Beverages > 20% alc.,"5-hydroxynonanoic acid lactone (=5-nonanolide, δ-nonalactone)",Lactones,,
MALT WHISKY,WHISKY,Alcoholic Beverages > 20% alc.,2-acetylpyrrole (=methyl 2-pyrrolyl ketone),Bases,,
MALT WHISKY,WHISKY,Alcoholic Beverages > 20% alc.,2-methylpyridine (=α-picoline),Bases,,
MALT WHISKY,WHISKY,Alcoholic Beverages > 20% alc.,4-methylpyridine (=γ-picoline),Bases,,
MALT WHISKY,WHISKY,Alcoholic Beverages > 20% alc.,2-ethylpyridine,Bases,,
MALT WHISKY,WHISKY,Alcoholic Beverages > 20% alc.,4-ethylpyridine,Bases,,
MALT WHISKY,WHISKY,Alcoholic Beverages > 20% alc.,2-isopropylpyridine,Bases,,
MALT WHISKY,WHISKY,Alcoholic Beverages > 20% alc.,quinoline,Bases,,
MALT WHISKY,WHISKY,Alcoholic Beverages > 20% alc.,2-methylquinoline,Bases,,
MALT WHISKY,WHISKY,Alcoholic Beverages > 20% alc.,ethylpyrazine,Bases,,
MALT WHISKY,WHISKY,Alcoholic Beverages > 20% alc.,"2,3-dimethylpyrazine",Bases,,
MALT WHISKY,WHISKY,Alcoholic Beverages > 20% alc.,"2,5-dimethylpyrazine",Bases,,
MALT WHISKY,WHISKY,Alcoholic Beverages > 20% alc.,2-ethyl-5-methylpyrazine,Bases,,
MALT WHISKY,WHISKY,Alcoholic Beverages > 20% alc.,trimethylpyrazine,Bases,,
MALT WHISKY,WHISKY,Alcoholic Beverages > 20% alc.,"3-ethyl-2,5-dimethylpyrazine",Bases,,
MALT WHISKY,WHISKY,Alcoholic Beverages > 20% alc.,tetramethylpyrazine,Bases,,
MALT WHISKY,WHISKY,Alcoholic Beverages > 20% alc.,dimethyl disulfide (=methyldithiomethane),Sulfur compounds,0.011,0.143
MALT WHISKY,WHISKY,Alcoholic Beverages > 20% alc.,"dimethyl trisulfide (=2,3,4-trithiapentane, methyltrithiomethane)",Sulfur compounds,0.003,0.0094
MALT WHISKY,WHISKY,Alcoholic Beverages > 20% alc.,3-(methylthio)-1-propanol (=methionol),Sulfur compounds,0,0.003
MALT WHISKY,WHISKY,Alcoholic Beverages > 20% alc.,3-(methylthio)propanal (=methional),Sulfur compounds,0,0.003
MALT WHISKY,WHISKY,Alcoholic Beverages > 20% alc.,3-(methylthio)propyl acetate (=methionyl acetate),Sulfur compounds,0,0.11
MALT WHISKY,WHISKY,Alcoholic Beverages > 20% alc.,S-methyl acetothioate (=methanethiol acetate),Sulfur compounds,0.023,0.023
MALT WHISKY,WHISKY,Alcoholic Beverages > 20% alc.,ethyl 3-(methylthio)propanoate,Sulfur compounds,0,0.008
MALT WHISKY,WHISKY,Alcoholic Beverages > 20% alc.,thiophene,Sulfur compounds,<0.0007,<0.0007
MALT WHISKY,WHISKY,Alcoholic Beverages > 20% alc.,2-methylthiophene,Sulfur compounds,0.0008,0.0008
MALT WHISKY,WHISKY,Alcoholic Beverages > 20% alc.,"2,5-dimethylthiophene",Sulfur compounds,<0.0001,<0.0001
MALT WHISKY,WHISKY,Alcoholic Beverages > 20% alc.,benzothiophene,Sulfur compounds,0.01,0.02
MALT WHISKY,WHISKY,Alcoholic Beverages > 20% alc.,2-methyl-3(2H)-dihydrothiophenone (=2-methyl-3-thiolanone),Sulfur compounds,0,0.03
MALT WHISKY,WHISKY,Alcoholic Beverages > 20% alc.,2-thiophenecarbaldehyde (=2-formylthiophene),Sulfur compounds,0.02,0.03
MALT WHISKY,WHISKY,Alcoholic Beverages > 20% alc.,5-methyl-2-thiophenecarbaldehyde,Sulfur compounds,0.004,0.006
MALT WHISKY,WHISKY,Alcoholic Beverages > 20% alc.,benzothiazole,Sulfur compounds,0.006,0.013
MALT WHISKY,WHISKY,Alcoholic Beverages > 20% alc.,"1,1-diethoxyethane (=acetal, acetaldehyde diethyl acetal)",Acetals,15,99.4
MALT WHISKY,WHISKY,Alcoholic Beverages > 20% alc.,"1,1,3-triethoxypropane",Acetals,<0.8,<0.8
MALT WHISKY,WHISKY,Alcoholic Beverages > 20% alc.,diethyl ether,Ethers,,
MALT WHISKY,WHISKY,Alcoholic Beverages > 20% alc.,phenol (=hydroxybenzene),Phenols,0.003,0.1
MALT WHISKY,WHISKY,Alcoholic Beverages > 20% alc.,2-methylphenol (=o-cresol),Phenols,0.015,0.08
MALT WHISKY,WHISKY,Alcoholic Beverages > 20% alc.,3-methylphenol (=m-cresol),Phenols,0.03,0.03
MALT WHISKY,WHISKY,Alcoholic Beverages > 20% alc.,4-methylphenol (=p-cresol),Phenols,0.009,0.05
MALT WHISKY,WHISKY,Alcoholic Beverages > 20% alc.,2-ethylphenol,Phenols,0.002,0.002
MALT WHISKY,WHISKY,Alcoholic Beverages > 20% alc.,3-ethylphenol,Phenols,,
MALT WHISKY,WHISKY,Alcoholic Beverages > 20% alc.,4-ethylphenol,Phenols,0.009,0.07
MALT WHISKY,WHISKY,Alcoholic Beverages > 20% alc.,4-propylphenol,Phenols,,
MALT WHISKY,WHISKY,Alcoholic Beverages > 20% alc.,"2,5-dimethylphenol",Phenols,,
MALT WHISKY,WHISKY,Alcoholic Beverages > 20% alc.,"2,6-dimethylphenol",Phenols,0.001,0.001
MALT WHISKY,WHISKY,Alcoholic Beverages > 20% alc.,"3,5-dimethylphenol (=3,5-xylenol)",Phenols,,
MALT WHISKY,WHISKY,Alcoholic Beverages > 20% alc.,dimethylphenol (unkn.str.),Phenols,,
MALT WHISKY,WHISKY,Alcoholic Beverages > 20% alc.,ethyl-methylphenol (unkn.str.),Phenols,,
MALT WHISKY,WHISKY,Alcoholic Beverages > 20% alc.,trimethylphenol (unkn.str.),Phenols,,
MALT WHISKY,WHISKY,Alcoholic Beverages > 20% alc.,2-methoxyphenol (=guaiacol),Phenols,0.012,0.09
MALT WHISKY,WHISKY,Alcoholic Beverages > 20% alc.,"2-methoxy-4-methylphenol (=4-methylguaiacol, creosol)",Phenols,0.005,0.005
MALT WHISKY,WHISKY,Alcoholic Beverages > 20% alc.,4-ethyl-2-methoxyphenol (=4-ethylguaiacol),Phenols,0.035,0.1
MALT WHISKY,WHISKY,Alcoholic Beverages > 20% alc.,2-methoxy-4-propylphenol (=4-propylguaiacol),Phenols,,
MALT WHISKY,WHISKY,Alcoholic Beverages > 20% alc.,eugenol (=4-allyl-2-methoxyphenol),Phenols,0.032,0.05
MALT WHISKY,WHISKY,Alcoholic Beverages > 20% alc.,"furfural (=2-formylfuran, 2-furancarbaldehyde, 2-furaldehyde)",Furans,3.6,37
MALT WHISKY,WHISKY,Alcoholic Beverages > 20% alc.,5-methylfurfural,Furans,trace,trace
MALT WHISKY,WHISKY,Alcoholic Beverages > 20% alc.,5-(hydroxymethyl)furfural,Furans,5.4,5.4
MALT WHISKY,WHISKY,Alcoholic Beverages > 20% alc.,"2-acetylfuran (=2-furyl methyl ketone, 1-(2-furyl)ethanone)",Furans,,
MALT WHISKY,WHISKY,Alcoholic Beverages > 20% alc.,3-acetylfuran,Furans,,
MALT WHISKY,WHISKY,Alcoholic Beverages > 20% alc.,2-acetyl-5-methylfuran,Furans,,
MALT WHISKY,WHISKY,Alcoholic Beverages > 20% alc.,"furfuryl alcohol (=(2-furyl)-methanol, 2-furanmethanol)",Furans,,
MALT WHISKY,WHISKY,Alcoholic Beverages > 20% alc.,ethyl 2-furancarboxylate (=ethyl 2-furoate),Furans,,
MALT WHISKY,WHISKY,Alcoholic Beverages > 20% alc.,furfuryl formate,Furans,,
MALT WHISKY,WHISKY,Alcoholic Beverages > 20% alc.,"2,3-dihydro-3,5-dihydroxy-6-methyl-4-pyrone (=5,6-dihydro-5-hydroxymaltol)","(Ep)oxides, pyrans, coumarins",,
SCOTCH BLENDED WHISKY,WHISKY,Alcoholic Beverages > 20% alc.,limonene,Hydrocarbons,,
SCOTCH BLENDED WHISKY,WHISKY,Alcoholic Beverages > 20% alc.,ethylbenzene (=α-methyltoluene),Hydrocarbons,,
SCOTCH BLENDED WHISKY,WHISKY,Alcoholic Beverages > 20% alc.,vinylbenzene (=styrene),Hydrocarbons,,
SCOTCH BLENDED WHISKY,WHISKY,Alcoholic Beverages > 20% alc.,methanol,Alcohols,<20,72
SCOTCH BLENDED WHISKY,WHISKY,Alcoholic Beverages > 20% alc.,ethanol,Alcohols,,
SCOTCH BLENDED WHISKY,WHISKY,Alcoholic Beverages > 20% alc.,"2,2-diethoxyethanol",Alcohols,,
SCOTCH BLENDED WHISKY,WHISKY,Alcoholic Beverages > 20% alc.,1-propanol (=propyl alcohol),Alcohols,128,260
SCOTCH BLENDED WHISKY,WHISKY,Alcoholic Beverages > 20% alc.,2-propanol (=isopropyl alcohol),Alcohols,1.7,1.7
SCOTCH BLENDED WHISKY,WHISKY,Alcoholic Beverages > 20% alc.,2-propen-1-ol (=allyl alcohol),Alcohols,0.8,0.8
SCOTCH BLENDED WHISKY,WHISKY,Alcoholic Beverages > 20% alc.,2-methyl-1-propanol (=isobutanol),Alcohols,236,472
SCOTCH BLENDED WHISKY,WHISKY,Alcoholic Beverages > 20% alc.,1-butanol,Alcohols,1.2,4
SCOTCH BLENDED WHISKY,WHISKY,Alcoholic Beverages > 20% alc.,2-butanol (=sec-butanol),Alcohols,0.42,6.4
SCOTCH BLENDED WHISKY,WHISKY,Alcoholic Beverages > 20% alc.,2-methyl-1-butanol (=active amyl alcohol),Alcohols,40,276
SCOTCH BLENDED WHISKY,WHISKY,Alcoholic Beverages > 20% alc.,3-methyl-1-butanol (=isoamyl alcohol),Alcohols,112,664
SCOTCH BLENDED WHISKY,WHISKY,Alcoholic Beverages > 20% alc.,1-pentanol (=amyl alcohol),Alcohols,<0.8,<0.8
SCOTCH BLENDED WHISKY,WHISKY,Alcoholic Beverages > 20% alc.,2-pentanol,Alcohols,trace,trace
SCOTCH BLENDED WHISKY,WHISKY,Alcoholic Beverages > 20% alc.,1-hexanol,Alcohols,0.2,1.6
SCOTCH BLENDED WHISKY,WHISKY,Alcoholic Beverages > 20% alc.,1-octanol,Alcohols,<0.08,0.8
SCOTCH BLENDED WHISKY,WHISKY,Alcoholic Beverages > 20% alc.,1-decanol,Alcohols,<0.08,0.8
SCOTCH BLENDED WHISKY,WHISKY,Alcoholic Beverages > 20% alc.,1-dodecanol,Alcohols,<0.08,0.3
SCOTCH BLENDED WHISKY,WHISKY,Alcoholic Beverages > 20% alc.,1-tetradecanol,Alcohols,0.2,6
SCOTCH BLENDED WHISKY,WHISKY,Alcoholic Beverages > 20% alc.,1-hexadecanol (=cetanol),Alcohols,0.1,6
SCOTCH BLENDED WHISKY,WHISKY,Alcoholic Beverages > 20% alc.,geraniol,Alcohols,,
SCOTCH BLENDED WHISKY,WHISKY,Alcoholic Beverages > 20% alc.,2-phenylethanol (=phenethyl alcohol),Alcohols,4.3,31.6
SCOTCH BLENDED WHISKY,WHISKY,Alcoholic Beverages > 20% alc.,acetaldehyde (=ethanal),"Carbonyls, aldehydes",18,80
SCOTCH BLENDED WHISKY,WHISKY,Alcoholic Beverages > 20% alc.,propanal (=propionaldehyde),"Carbonyls, aldehydes",2,2
SCOTCH BLENDED WHISKY,WHISKY,Alcoholic Beverages > 20% alc.,2-propenal (=acrolein),"Carbonyls, aldehydes",,
SCOTCH BLENDED WHISKY,WHISKY,Alcoholic Beverages > 20% alc.,"2-methylpropanal (=isobutanal, isobutyraldehyde)","Carbonyls, aldehydes",1.6,8
SCOTCH BLENDED WHISKY,WHISKY,Alcoholic Beverages > 20% alc.,3-ethoxypropanal,"Carbonyls, aldehydes",<0.8,<0.8
SCOTCH BLENDED WHISKY,WHISKY,Alcoholic Beverages > 20% alc.,butanal (=butyraldehyde),"Carbonyls, aldehydes",<0.3,<0.3
SCOTCH BLENDED WHISKY,WHISKY,Alcoholic Beverages > 20% alc.,"3-methylbutanal (=isopentanal, isovaleraldehyde)","Carbonyls, aldehydes",<0.3,4.5
SCOTCH BLENDED WHISKY,WHISKY,Alcoholic Beverages > 20% alc.,pentanal (=valeraldehyde),"Carbonyls, aldehydes",0.2,0.3
SCOTCH BLENDED WHISKY,WHISKY,Alcoholic Beverages > 20% alc.,hexanal (=capronaldehyde),"Carbonyls, aldehydes",,
SCOTCH BLENDED WHISKY,WHISKY,Alcoholic Beverages > 20% alc.,heptanal,"Carbonyls, aldehydes",,
SCOTCH BLENDED WHISKY,WHISKY,Alcoholic Beverages > 20% alc.,nonanal (=pelargonaldehyde),"Carbonyls, aldehydes",,
SCOTCH BLENDED WHISKY,WHISKY,Alcoholic Beverages > 20% alc.,benzaldehyde,"Carbonyls, aldehydes",<0.8,<0.8
SCOTCH BLENDED WHISKY,WHISKY,Alcoholic Beverages > 20% alc.,vanillin (=4-hydroxy-3-methoxybenzaldehyde),"Carbonyls, aldehydes",0.3,2.1
SCOTCH BLENDED WHISKY,WHISKY,Alcoholic Beverages > 20% alc.,"syringaldehyde (=4-hydroxy-3,5-dimethoxy-benzaldehyde)","Carbonyls, aldehydes",0.7,4
SCOTCH BLENDED WHISKY,WHISKY,Alcoholic Beverages > 20% alc.,"acetone (=2-propanone, dimethyl ketone)","Carbonyls, ketones",0.41,10
SCOTCH BLENDED WHISKY,WHISKY,Alcoholic Beverages > 20% alc.,3-hydroxy-2-butanone (=acetoin),"Carbonyls, ketones",,
SCOTCH BLENDED WHISKY,WHISKY,Alcoholic Beverages > 20% alc.,"2,3-butanedione (=diacetyl)","Carbonyls, ketones",0.06,0.8
SCOTCH BLENDED WHISKY,WHISKY,Alcoholic Beverages > 20% alc.,"2,3-pentanedione (=acetylpropionyl)","Carbonyls, ketones",<0.001,0.04
SCOTCH BLENDED WHISKY,WHISKY,Alcoholic Beverages > 20% alc.,β-damascenone (=(E)-β-damascenone),"Carbonyls, ketones",,
SCOTCH BLENDED WHISKY,WHISKY,Alcoholic Beverages > 20% alc.,α-ionone,"Carbonyls, ketones",,
SCOTCH BLENDED WHISKY,WHISKY,Alcoholic Beverages > 20% alc.,(E)-β-ionone,"Carbonyls, ketones",,
SCOTCH BLENDED WHISKY,WHISKY,Alcoholic Beverages > 20% alc.,formic acid,Acids,,
SCOTCH BLENDED WHISKY,WHISKY,Alcoholic Beverages > 20% alc.,acetic acid,Acids,1.2,183
SCOTCH BLENDED WHISKY,WHISKY,Alcoholic Beverages > 20% alc.,propanoic acid (=propionic acid),Acids,0.04,2.7
SCOTCH BLENDED WHISKY,WHISKY,Alcoholic Beverages > 20% alc.,2-methylpropanoic acid (=isobutyric acid),Acids,0.03,7.7
SCOTCH BLENDED WHISKY,WHISKY,Alcoholic Beverages > 20% alc.,butanoic acid (=butyric acid),Acids,0.01,2.7
SCOTCH BLENDED WHISKY,WHISKY,Alcoholic Beverages > 20% alc.,2-methylbutanoic acid,Acids,,
SCOTCH BLENDED WHISKY,WHISKY,Alcoholic Beverages > 20% alc.,3-methylbutanoic acid (=isovaleric acid),Acids,0.04,9.9
SCOTCH BLENDED WHISKY,WHISKY,Alcoholic Beverages > 20% alc.,pentanoic acid (=valeric acid),Acids,0.1,0.5
SCOTCH BLENDED WHISKY,WHISKY,Alcoholic Beverages > 20% alc.,hexanoic acid (=caproic acid),Acids,0.04,8.4
SCOTCH BLENDED WHISKY,WHISKY,Alcoholic Beverages > 20% alc.,heptanoic acid (=enanthic acid),Acids,0.004,0.3
SCOTCH BLENDED WHISKY,WHISKY,Alcoholic Beverages > 20% alc.,octanoic acid (=caprylic acid),Acids,0.4,46.6
SCOTCH BLENDED WHISKY,WHISKY,Alcoholic Beverages > 20% alc.,nonanoic acid (=pelargonic acid),Acids,0.04,1.3
SCOTCH BLENDED WHISKY,WHISKY,Alcoholic Beverages > 20% alc.,decanoic acid (=capric acid),Acids,1.6,51.5
SCOTCH BLENDED WHISKY,WHISKY,Alcoholic Beverages > 20% alc.,undecanoic acid,Acids,0.03,0.4
SCOTCH BLENDED WHISKY,WHISKY,Alcoholic Beverages > 20% alc.,dodecanoic acid (=lauric acid),Acids,1.2,25.4
SCOTCH BLENDED WHISKY,WHISKY,Alcoholic Beverages > 20% alc.,tridecanoic acid,Acids,0.01,0.24
SCOTCH BLENDED WHISKY,WHISKY,Alcoholic Beverages > 20% alc.,tetradecanoic acid (=myristic acid),Acids,0.2,3.1
SCOTCH BLENDED WHISKY,WHISKY,Alcoholic Beverages > 20% alc.,pentadecanoic acid,Acids,0.02,0.2
SCOTCH BLENDED WHISKY,WHISKY,Alcoholic Beverages > 20% alc.,hexadecanoic acid (=palmitic acid),Acids,0.8,2.7
SCOTCH BLENDED WHISKY,WHISKY,Alcoholic Beverages > 20% alc.,9-hexadecenoic acid,Acids,0.2,3.1
SCOTCH BLENDED WHISKY,WHISKY,Alcoholic Beverages > 20% alc.,(Z)-9-hexadecenoic acid (=palmitoleic acid),Acids,,
SCOTCH BLENDED WHISKY,WHISKY,Alcoholic Beverages > 20% alc.,heptadecanoic acid (=margaric acid),Acids,,
SCOTCH BLENDED WHISKY,WHISKY,Alcoholic Beverages > 20% alc.,octadecanoic acid (=stearic acid),Acids,0.1,0.5
SCOTCH BLENDED WHISKY,WHISKY,Alcoholic Beverages > 20% alc.,(Z)-9-octadecenoic acid (=oleic acid),Acids,0.2,0.8
SCOTCH BLENDED WHISKY,WHISKY,Alcoholic Beverages > 20% alc.,"(Z,Z)-9,12-octadecadienoic acid (=linoleic acid)",Acids,0.1,0.8
SCOTCH BLENDED WHISKY,WHISKY,Alcoholic Beverages > 20% alc.,4-hydroxy-3-methoxybenzoic acid (=vanillic acid),Acids,0.1,0.8
SCOTCH BLENDED WHISKY,WHISKY,Alcoholic Beverages > 20% alc.,"3,4,5-trihydroxybenzoic acid (=gallic acid)",Acids,0.8,6.1
SCOTCH BLENDED WHISKY,WHISKY,Alcoholic Beverages > 20% alc.,"4-hydroxy-3,5-dimethoxybenzoic acid (=syringic acid)",Acids,0.2,1.4
SCOTCH BLENDED WHISKY,WHISKY,Alcoholic Beverages > 20% alc.,"3,4,5-trimethoxyphenylacetic acid",Acids,2.38,2.38
SCOTCH BLENDED WHISKY,WHISKY,Alcoholic Beverages > 20% alc.,4-hydroxy-3-methoxycinnamic acid (=ferulic acid),Acids,trace,trace
SCOTCH BLENDED WHISKY,WHISKY,Alcoholic Beverages > 20% alc.,ellagic acid,Acids,5,5
SCOTCH BLENDED WHISKY,WHISKY,Alcoholic Beverages > 20% alc.,ethyl formate,Esters,4,4.4
SCOTCH BLENDED WHISKY,WHISKY,Alcoholic Beverages > 20% alc.,phenethyl formate,Esters,0.03,0.03
SCOTCH BLENDED WHISKY,WHISKY,Alcoholic Beverages > 20% alc.,ethyl carbamate (=urethane),Esters,0.02,0.075
SCOTCH BLENDED WHISKY,WHISKY,Alcoholic Beverages > 20% alc.,methyl acetate,Esters,2.4,2.4
SCOTCH BLENDED WHISKY,WHISKY,Alcoholic Beverages > 20% alc.,ethyl acetate,Esters,82,247
SCOTCH BLENDED WHISKY,WHISKY,Alcoholic Beverages > 20% alc.,butyl acetate,Esters,,
SCOTCH BLENDED WHISKY,WHISKY,Alcoholic Beverages > 20% alc.,isobutyl acetate (=2-methylpropyl acetate),Esters,0.2,1.2
SCOTCH BLENDED WHISKY,WHISKY,Alcoholic Beverages > 20% alc.,2-methylbutyl acetate,Esters,,
SCOTCH BLENDED WHISKY,WHISKY,Alcoholic Beverages > 20% alc.,methylbutyl acetate (unkn.str.),Esters,,
SCOTCH BLENDED WHISKY,WHISKY,Alcoholic Beverages > 20% alc.,"isopentyl acetate (=3-methylbutyl acetate, isoamyl acetate)",Esters,1.6,8
SCOTCH BLENDED WHISKY,WHISKY,Alcoholic Beverages > 20% alc.,hexyl acetate,Esters,<0.8,<0.8
SCOTCH BLENDED WHISKY,WHISKY,Alcoholic Beverages > 20% alc.,phenethyl acetate,Esters,0.3,6.4
SCOTCH BLENDED WHISKY,WHISKY,Alcoholic Beverages > 20% alc.,ethyl propanoate,Esters,0.4,6
SCOTCH BLENDED WHISKY,WHISKY,Alcoholic Beverages > 20% alc.,ethyl 2-methylpropanoate (=ethyl isobutyrate),Esters,,
SCOTCH BLENDED WHISKY,WHISKY,Alcoholic Beverages > 20% alc.,isopentyl 2-methylpropanoate (=isoamyl isobutyrate),Esters,<0.08,0.1
SCOTCH BLENDED WHISKY,WHISKY,Alcoholic Beverages > 20% alc.,ethyl 2-hydroxypropanoate (=ethyl lactate),Esters,trace,60
SCOTCH BLENDED WHISKY,WHISKY,Alcoholic Beverages > 20% alc.,isopentyl 2-hydroxypropanoate (=isoamyl lactate),Esters,<0.8,<0.8
SCOTCH BLENDED WHISKY,WHISKY,Alcoholic Beverages > 20% alc.,ethyl 3-ethoxypropanoate (=ethyl 4-oxahexanoate),Esters,<0.8,<0.8
SCOTCH BLENDED WHISKY,WHISKY,Alcoholic Beverages > 20% alc.,ethyl butanoate,Esters,0.1,1.2
SCOTCH BLENDED WHISKY,WHISKY,Alcoholic Beverages > 20% alc.,"isopentyl butanoate (=3-methylbutyl butanoate, isoamyl butyrate)",Esters,,
SCOTCH BLENDED WHISKY,WHISKY,Alcoholic Beverages > 20% alc.,ethyl 2-methylbutanoate,Esters,,
SCOTCH BLENDED WHISKY,WHISKY,Alcoholic Beverages > 20% alc.,ethyl 3-methylbutanoate (=ethyl isovalerate),Esters,,
SCOTCH BLENDED WHISKY,WHISKY,Alcoholic Beverages > 20% alc.,"isopentyl 3-methylbutanoate (=3-methylbutyl 3-methylbutanoate, isoamyl isovalerate)",Esters,0.1,0.1
SCOTCH BLENDED WHISKY,WHISKY,Alcoholic Beverages > 20% alc.,ethyl methylbutanoate (unkn.str.),Esters,,
SCOTCH BLENDED WHISKY,WHISKY,Alcoholic Beverages > 20% alc.,isopentyl pentanoate,Esters,0.001,0.001
SCOTCH BLENDED WHISKY,WHISKY,Alcoholic Beverages > 20% alc.,ethyl hexanoate (=ethyl caproate),Esters,0.6,2
SCOTCH BLENDED WHISKY,WHISKY,Alcoholic Beverages > 20% alc.,isopentyl hexanoate,Esters,0.1,0.8
SCOTCH BLENDED WHISKY,WHISKY,Alcoholic Beverages > 20% alc.,ethyl 3-hydroxyhexanoate,Esters,,
SCOTCH BLENDED WHISKY,WHISKY,Alcoholic Beverages > 20% alc.,ethyl heptanoate,Esters,<0.8,<0.8
SCOTCH BLENDED WHISKY,WHISKY,Alcoholic Beverages > 20% alc.,ethyl octanoate (=ethyl caprylate),Esters,2.4,11.6
SCOTCH BLENDED WHISKY,WHISKY,Alcoholic Beverages > 20% alc.,isopentyl octanoate,Esters,0.2,1.6
SCOTCH BLENDED WHISKY,WHISKY,Alcoholic Beverages > 20% alc.,ethyl nonanoate,Esters,<0.8,<0.8
SCOTCH BLENDED WHISKY,WHISKY,Alcoholic Beverages > 20% alc.,ethyl decanoate (=ethyl caprate),Esters,4.8,32
SCOTCH BLENDED WHISKY,WHISKY,Alcoholic Beverages > 20% alc.,2-methylbutyl decanoate,Esters,,
SCOTCH BLENDED WHISKY,WHISKY,Alcoholic Beverages > 20% alc.,isopentyl decanoate,Esters,0,1.6
SCOTCH BLENDED WHISKY,WHISKY,Alcoholic Beverages > 20% alc.,ethyl 9-decenoate,Esters,0.1,0.3
SCOTCH BLENDED WHISKY,WHISKY,Alcoholic Beverages > 20% alc.,ethyl decenoate (unkn.str.),Esters,,
SCOTCH BLENDED WHISKY,WHISKY,Alcoholic Beverages > 20% alc.,ethyl undecanoate,Esters,<0.8,<0.8
SCOTCH BLENDED WHISKY,WHISKY,Alcoholic Beverages > 20% alc.,ethyl dodecanoate (=ethyl laurate),Esters,3.6,35.6
SCOTCH BLENDED WHISKY,WHISKY,Alcoholic Beverages > 20% alc.,ethyl tridecanoate,Esters,,
SCOTCH BLENDED WHISKY,WHISKY,Alcoholic Beverages > 20% alc.,ethyl tetradecanoate (=ethyl myristate),Esters,0.6,5.2
SCOTCH BLENDED WHISKY,WHISKY,Alcoholic Beverages > 20% alc.,ethyl hexadecanoate (=ethyl palmitate),Esters,0.2,16.8
SCOTCH BLENDED WHISKY,WHISKY,Alcoholic Beverages > 20% alc.,ethyl 9-hexadecenoate,Esters,1.9,5.5
SCOTCH BLENDED WHISKY,WHISKY,Alcoholic Beverages > 20% alc.,ethyl octadecanoate (=ethyl stearate),Esters,0.05,0.05
SCOTCH BLENDED WHISKY,WHISKY,Alcoholic Beverages > 20% alc.,ethyl 9-octadecenoate,Esters,0.1,0.1
SCOTCH BLENDED WHISKY,WHISKY,Alcoholic Beverages > 20% alc.,"ethyl 9,12-octadecadienoate",Esters,0.1,0.1
SCOTCH BLENDED WHISKY,WHISKY,Alcoholic Beverages > 20% alc.,diethyl succinate (=diethyl butanedioate),Esters,trace,0.8
SCOTCH BLENDED WHISKY,WHISKY,Alcoholic Beverages > 20% alc.,methyl 2-hydroxybenzoate (=methyl salicylate),Esters,,
SCOTCH BLENDED WHISKY,WHISKY,Alcoholic Beverages > 20% alc.,ethyl 2-hydroxybenzoate (=ethyl salicylate),Esters,,
SCOTCH BLENDED WHISKY,WHISKY,Alcoholic Beverages > 20% alc.,4-hydroxy-3-methyloctanoic acid lactone,Lactones,<0.04,0.2
SCOTCH BLENDED WHISKY,WHISKY,Alcoholic Beverages > 20% alc.,cis-4-hydroxy-3-methyloctanoic acid lactone,Lactones,,
SCOTCH BLENDED WHISKY,WHISKY,Alcoholic Beverages > 20% alc.,trans-4-hydroxy-3-methyloctanoic acid lactone,Lactones,,
SCOTCH BLENDED WHISKY,WHISKY,Alcoholic Beverages > 20% alc.,pyridine,Bases,,
SCOTCH BLENDED WHISKY,WHISKY,Alcoholic Beverages > 20% alc.,2-methylpyridine (=α-picoline),Bases,,
SCOTCH BLENDED WHISKY,WHISKY,Alcoholic Beverages > 20% alc.,3-methylpyridine (=β-picoline),Bases,,
SCOTCH BLENDED WHISKY,WHISKY,Alcoholic Beverages > 20% alc.,quinoline,Bases,,
SCOTCH BLENDED WHISKY,WHISKY,Alcoholic Beverages > 20% alc.,2-methylquinoline,Bases,,
SCOTCH BLENDED WHISKY,WHISKY,Alcoholic Beverages > 20% alc.,methylpyrazine,Bases,,
SCOTCH BLENDED WHISKY,WHISKY,Alcoholic Beverages > 20% alc.,"2,3-dimethylpyrazine",Bases,,
SCOTCH BLENDED WHISKY,WHISKY,Alcoholic Beverages > 20% alc.,"2,5-dimethylpyrazine",Bases,,
SCOTCH BLENDED WHISKY,WHISKY,Alcoholic Beverages > 20% alc.,"2,6-dimethylpyrazine",Bases,,
SCOTCH BLENDED WHISKY,WHISKY,Alcoholic Beverages > 20% alc.,2-ethyl-5-methylpyrazine,Bases,,
SCOTCH BLENDED WHISKY,WHISKY,Alcoholic Beverages > 20% alc.,2-ethyl-6-methylpyrazine,Bases,,
SCOTCH BLENDED WHISKY,WHISKY,Alcoholic Beverages > 20% alc.,"2,5-diethylpyrazine",Bases,,
SCOTCH BLENDED WHISKY,WHISKY,Alcoholic Beverages > 20% alc.,trimethylpyrazine,Bases,,
SCOTCH BLENDED WHISKY,WHISKY,Alcoholic Beverages > 20% alc.,"3-ethyl-2,5-dimethylpyrazine",Bases,,
SCOTCH BLENDED WHISKY,WHISKY,Alcoholic Beverages > 20% alc.,dimethyl disulfide (=methyldithiomethane),Sulfur compounds,0.005,0.079
SCOTCH BLENDED WHISKY,WHISKY,Alcoholic Beverages > 20% alc.,"dimethyl trisulfide (=2,3,4-trithiapentane, methyltrithiomethane)",Sulfur compounds,0.0007,0.004
SCOTCH BLENDED WHISKY,WHISKY,Alcoholic Beverages > 20% alc.,S-methyl acetothioate (=methanethiol acetate),Sulfur compounds,0.024,0.05
SCOTCH BLENDED WHISKY,WHISKY,Alcoholic Beverages > 20% alc.,thiophene,Sulfur compounds,<0.0007,0.0032
SCOTCH BLENDED WHISKY,WHISKY,Alcoholic Beverages > 20% alc.,2-methylthiophene,Sulfur compounds,<0.0005,0.0073
SCOTCH BLENDED WHISKY,WHISKY,Alcoholic Beverages > 20% alc.,"2,5-dimethylthiophene",Sulfur compounds,<0.0001,0.0007
SCOTCH BLENDED WHISKY,WHISKY,Alcoholic Beverages > 20% alc.,thiazole,Sulfur compounds,,
SCOTCH BLENDED WHISKY,WHISKY,Alcoholic Beverages > 20% alc.,"1,1-diethoxymethane",Acetals,,
SCOTCH BLENDED WHISKY,WHISKY,Alcoholic Beverages > 20% alc.,"1,1-diethoxyethane (=acetal, acetaldehyde diethyl acetal)",Acetals,11.5,32
SCOTCH BLENDED WHISKY,WHISKY,Alcoholic Beverages > 20% alc.,1-ethoxy-1-propoxyethane,Acetals,,
SCOTCH BLENDED WHISKY,WHISKY,Alcoholic Beverages > 20% alc.,1-ethoxy-1-isobutoxyethane,Acetals,,
SCOTCH BLENDED WHISKY,WHISKY,Alcoholic Beverages > 20% alc.,1-ethoxy-1-pentoxyethane,Acetals,,
SCOTCH BLENDED WHISKY,WHISKY,Alcoholic Beverages > 20% alc.,1-pentoxy-1-propoxyethane,Acetals,,
SCOTCH BLENDED WHISKY,WHISKY,Alcoholic Beverages > 20% alc.,"1,1-diethoxypropane",Acetals,,
SCOTCH BLENDED WHISKY,WHISKY,Alcoholic Beverages > 20% alc.,"1,1,3-triethoxypropane",Acetals,<0.8,<0.8
SCOTCH BLENDED WHISKY,WHISKY,Alcoholic Beverages > 20% alc.,"1,1-diethoxy-2-methylpropane",Acetals,,
SCOTCH BLENDED WHISKY,WHISKY,Alcoholic Beverages > 20% alc.,"1,1-diethoxybutane",Acetals,,
SCOTCH BLENDED WHISKY,WHISKY,Alcoholic Beverages > 20% alc.,"1,1-diethoxy-2-methylbutane",Acetals,,
SCOTCH BLENDED WHISKY,WHISKY,Alcoholic Beverages > 20% alc.,"1,1-diethoxy-3-methylbutane",Acetals,,
SCOTCH BLENDED WHISKY,WHISKY,Alcoholic Beverages > 20% alc.,"1,1-diethoxyhexane",Acetals,,
SCOTCH BLENDED WHISKY,WHISKY,Alcoholic Beverages > 20% alc.,"1,1-diethoxyheptane",Acetals,,
SCOTCH BLENDED WHISKY,WHISKY,Alcoholic Beverages > 20% alc.,"1,1-diethoxynonane",Acetals,,
SCOTCH BLENDED WHISKY,WHISKY,Alcoholic Beverages > 20% alc.,ethyl 4-hydroxy-3-methoxy-benzyl ether (=ethyl vanillyl ether),Ethers,,
SCOTCH BLENDED WHISKY,WHISKY,Alcoholic Beverages > 20% alc.,phenol (=hydroxybenzene),Phenols,0.1,0.2
SCOTCH BLENDED WHISKY,WHISKY,Alcoholic Beverages > 20% alc.,2-methylphenol (=o-cresol),Phenols,0.08,0.09
SCOTCH BLENDED WHISKY,WHISKY,Alcoholic Beverages > 20% alc.,3-methylphenol (=m-cresol),Phenols,0.03,0.04
SCOTCH BLENDED WHISKY,WHISKY,Alcoholic Beverages > 20% alc.,4-methylphenol (=p-cresol),Phenols,0.05,0.05
SCOTCH BLENDED WHISKY,WHISKY,Alcoholic Beverages > 20% alc.,4-ethylphenol,Phenols,0.04,0.05
SCOTCH BLENDED WHISKY,WHISKY,Alcoholic Beverages > 20% alc.,"2,5-dimethylphenol",Phenols,,
SCOTCH BLENDED WHISKY,WHISKY,Alcoholic Beverages > 20% alc.,2-methoxyphenol (=guaiacol),Phenols,0.1,0.12
SCOTCH BLENDED WHISKY,WHISKY,Alcoholic Beverages > 20% alc.,"2-methoxy-4-methylphenol (=4-methylguaiacol, creosol)",Phenols,,
SCOTCH BLENDED WHISKY,WHISKY,Alcoholic Beverages > 20% alc.,4-ethyl-2-methoxyphenol (=4-ethylguaiacol),Phenols,0.03,0.04
SCOTCH BLENDED WHISKY,WHISKY,Alcoholic Beverages > 20% alc.,eugenol (=4-allyl-2-methoxyphenol),Phenols,0.1,0.1
SCOTCH BLENDED WHISKY,WHISKY,Alcoholic Beverages > 20% alc.,"furfural (=2-formylfuran, 2-furancarbaldehyde, 2-furaldehyde)",Furans,1.1,30
SCOTCH BLENDED WHISKY,WHISKY,Alcoholic Beverages > 20% alc.,5-methylfurfural,Furans,<0.8,<0.8
SCOTCH BLENDED WHISKY,WHISKY,Alcoholic Beverages > 20% alc.,5-(hydroxymethyl)furfural,Furans,2.6,10.1
SCOTCH BLENDED WHISKY,WHISKY,Alcoholic Beverages > 20% alc.,2-(ethoxymethyl)-3-(2-furyl)-2-propenal,Furans,,
SCOTCH BLENDED WHISKY,WHISKY,Alcoholic Beverages > 20% alc.,"2-acetylfuran (=2-furyl methyl ketone, 1-(2-furyl)ethanone)",Furans,,
SCOTCH BLENDED WHISKY,WHISKY,Alcoholic Beverages > 20% alc.,"furfuryl alcohol (=(2-furyl)-methanol, 2-furanmethanol)",Furans,,
SCOTCH BLENDED WHISKY,WHISKY,Alcoholic Beverages > 20% alc.,"furfural, diethyl acetal",Furans,,
SCOTCH BLENDED WHISKY,WHISKY,Alcoholic Beverages > 20% alc.,"furfural, ethyl isobutyl acetal",Furans,,
SCOTCH BLENDED WHISKY,WHISKY,Alcoholic Beverages > 20% alc.,"furfural, ethyl 2-methylbutyl acetal",Furans,,
SCOTCH BLENDED WHISKY,WHISKY,Alcoholic Beverages > 20% alc.,"furfural, ethyl isopentyl acetal",Furans,,
SCOTCH BLENDED WHISKY,WHISKY,Alcoholic Beverages > 20% alc.,"furfural, diisopentyl acetal",Furans,,
CANADIAN WHISKY,WHISKY,Alcoholic Beverages > 20% alc.,methanol,Alcohols,48,60
CANADIAN WHISKY,WHISKY,Alcoholic Beverages > 20% alc.,1-propanol (=propyl alcohol),Alcohols,trace,30
CANADIAN WHISKY,WHISKY,Alcoholic Beverages > 20% alc.,2-methyl-1-propanol (=isobutanol),Alcohols,48,80
CANADIAN WHISKY,WHISKY,Alcoholic Beverages > 20% alc.,1-butanol,Alcohols,<0.8,<0.8
CANADIAN WHISKY,WHISKY,Alcoholic Beverages > 20% alc.,2-methyl-1-butanol (=active amyl alcohol),Alcohols,47,109
CANADIAN WHISKY,WHISKY,Alcoholic Beverages > 20% alc.,3-methyl-1-butanol (=isoamyl alcohol),Alcohols,96,237
CANADIAN WHISKY,WHISKY,Alcoholic Beverages > 20% alc.,1-pentanol (=amyl alcohol),Alcohols,<0.8,<0.8
CANADIAN WHISKY,WHISKY,Alcoholic Beverages > 20% alc.,1-hexanol,Alcohols,0.3,0.8
CANADIAN WHISKY,WHISKY,Alcoholic Beverages > 20% alc.,1-octanol,Alcohols,0.05,0.8
CANADIAN WHISKY,WHISKY,Alcoholic Beverages > 20% alc.,1-decanol,Alcohols,<0.8,<0.8
CANADIAN WHISKY,WHISKY,Alcoholic Beverages > 20% alc.,1-dodecanol,Alcohols,0.001,0.001
CANADIAN WHISKY,WHISKY,Alcoholic Beverages > 20% alc.,1-tetradecanol,Alcohols,0.05,0.05
CANADIAN WHISKY,WHISKY,Alcoholic Beverages > 20% alc.,1-hexadecanol (=cetanol),Alcohols,0.04,0.04
CANADIAN WHISKY,WHISKY,Alcoholic Beverages > 20% alc.,2-phenylethanol (=phenethyl alcohol),Alcohols,1.8,8
CANADIAN WHISKY,WHISKY,Alcoholic Beverages > 20% alc.,acetaldehyde (=ethanal),"Carbonyls, aldehydes",13,26
CANADIAN WHISKY,WHISKY,Alcoholic Beverages > 20% alc.,propanal (=propionaldehyde),"Carbonyls, aldehydes",<0.8,<0.8
CANADIAN WHISKY,WHISKY,Alcoholic Beverages > 20% alc.,"2-methylpropanal (=isobutanal, isobutyraldehyde)","Carbonyls, aldehydes",5.5,5.5
CANADIAN WHISKY,WHISKY,Alcoholic Beverages > 20% alc.,"3-methylbutanal (=isopentanal, isovaleraldehyde)","Carbonyls, aldehydes",3,3
CANADIAN WHISKY,WHISKY,Alcoholic Beverages > 20% alc.,benzaldehyde,"Carbonyls, aldehydes",<0.8,<0.8
CANADIAN WHISKY,WHISKY,Alcoholic Beverages > 20% alc.,vanillin (=4-hydroxy-3-methoxybenzaldehyde),"Carbonyls, aldehydes",0.38,4.3
CANADIAN WHISKY,WHISKY,Alcoholic Beverages > 20% alc.,"syringaldehyde (=4-hydroxy-3,5-dimethoxy-benzaldehyde)","Carbonyls, aldehydes",1.14,8.7
CANADIAN WHISKY,WHISKY,Alcoholic Beverages > 20% alc.,coniferaldehyde (=4-hydroxy-3-methoxy-cinnamaldehyde),"Carbonyls, aldehydes",0.04,1.02
CANADIAN WHISKY,WHISKY,Alcoholic Beverages > 20% alc.,"sinapaldehyde (=4-hydroxy-3,5-dimethoxy-cinnamaldehyde)","Carbonyls, aldehydes",0.65,0.95
CANADIAN WHISKY,WHISKY,Alcoholic Beverages > 20% alc.,"acetone (=2-propanone, dimethyl ketone)","Carbonyls, ketones",<0.8,5
CANADIAN WHISKY,WHISKY,Alcoholic Beverages > 20% alc.,"2,3-butanedione (=diacetyl)","Carbonyls, ketones",0.02,0.5
CANADIAN WHISKY,WHISKY,Alcoholic Beverages > 20% alc.,"2,3-pentanedione (=acetylpropionyl)","Carbonyls, ketones",<0.01,<0.01
CANADIAN WHISKY,WHISKY,Alcoholic Beverages > 20% alc.,α-ionone,"Carbonyls, ketones",,
CANADIAN WHISKY,WHISKY,Alcoholic Beverages > 20% alc.,(E)-β-ionone,"Carbonyls, ketones",,
CANADIAN WHISKY,WHISKY,Alcoholic Beverages > 20% alc.,acetic acid,Acids,138,138
CANADIAN WHISKY,WHISKY,Alcoholic Beverages > 20% alc.,propanoic acid (=propionic acid),Acids,0.5,0.5
CANADIAN WHISKY,WHISKY,Alcoholic Beverages > 20% alc.,2-methylpropanoic acid (=isobutyric acid),Acids,0.2,0.2
CANADIAN WHISKY,WHISKY,Alcoholic Beverages > 20% alc.,butanoic acid (=butyric acid),Acids,0.3,0.3
CANADIAN WHISKY,WHISKY,Alcoholic Beverages > 20% alc.,3-methylbutanoic acid (=isovaleric acid),Acids,0.2,0.2
CANADIAN WHISKY,WHISKY,Alcoholic Beverages > 20% alc.,pentanoic acid (=valeric acid),Acids,<0.1,<0.1
CANADIAN WHISKY,WHISKY,Alcoholic Beverages > 20% alc.,hexanoic acid (=caproic acid),Acids,0.3,0.3
CANADIAN WHISKY,WHISKY,Alcoholic Beverages > 20% alc.,heptanoic acid (=enanthic acid),Acids,<0.1,<0.1
CANADIAN WHISKY,WHISKY,Alcoholic Beverages > 20% alc.,octanoic acid (=caprylic acid),Acids,0.2,0.2
CANADIAN WHISKY,WHISKY,Alcoholic Beverages > 20% alc.,nonanoic acid (=pelargonic acid),Acids,<0.1,<0.1
CANADIAN WHISKY,WHISKY,Alcoholic Beverages > 20% alc.,decanoic acid (=capric acid),Acids,0.3,0.3
CANADIAN WHISKY,WHISKY,Alcoholic Beverages > 20% alc.,dodecanoic acid (=lauric acid),Acids,0.2,0.2
CANADIAN WHISKY,WHISKY,Alcoholic Beverages > 20% alc.,"3,4-dihydroxybenzoic acid (=protocatechuic acid)",Acids,0.27,0.27
CANADIAN WHISKY,WHISKY,Alcoholic Beverages > 20% alc.,4-hydroxy-3-methoxybenzoic acid (=vanillic acid),Acids,0.21,0.62
CANADIAN WHISKY,WHISKY,Alcoholic Beverages > 20% alc.,"3,4,5-trihydroxybenzoic acid (=gallic acid)",Acids,0.57,2.93
CANADIAN WHISKY,WHISKY,Alcoholic Beverages > 20% alc.,"4-hydroxy-3,5-dimethoxybenzoic acid (=syringic acid)",Acids,0.98,1.08
CANADIAN WHISKY,WHISKY,Alcoholic Beverages > 20% alc.,4-hydroxy-3-methoxycinnamic acid (=ferulic acid),Acids,trace,trace
CANADIAN WHISKY,WHISKY,Alcoholic Beverages > 20% alc.,ellagic acid,Acids,6,6
CANADIAN WHISKY,WHISKY,Alcoholic Beverages > 20% alc.,ethyl formate,Esters,4.4,6
CANADIAN WHISKY,WHISKY,Alcoholic Beverages > 20% alc.,ethyl carbamate (=urethane),Esters,<0.05,0.15
CANADIAN WHISKY,WHISKY,Alcoholic Beverages > 20% alc.,ethyl acetate,Esters,65,180
CANADIAN WHISKY,WHISKY,Alcoholic Beverages > 20% alc.,isobutyl acetate (=2-methylpropyl acetate),Esters,0.05,0.05
CANADIAN WHISKY,WHISKY,Alcoholic Beverages > 20% alc.,"isopentyl acetate (=3-methylbutyl acetate, isoamyl acetate)",Esters,0.3,0.8
CANADIAN WHISKY,WHISKY,Alcoholic Beverages > 20% alc.,phenethyl acetate,Esters,0.2,0.8
CANADIAN WHISKY,WHISKY,Alcoholic Beverages > 20% alc.,ethyl propanoate,Esters,0.04,0.8
CANADIAN WHISKY,WHISKY,Alcoholic Beverages > 20% alc.,isopentyl 2-methylpropanoate (=isoamyl isobutyrate),Esters,0.6,0.6
CANADIAN WHISKY,WHISKY,Alcoholic Beverages > 20% alc.,ethyl 2-hydroxypropanoate (=ethyl lactate),Esters,1.2,16
CANADIAN WHISKY,WHISKY,Alcoholic Beverages > 20% alc.,ethyl butanoate,Esters,0.2,0.2
CANADIAN WHISKY,WHISKY,Alcoholic Beverages > 20% alc.,"isopentyl 3-methylbutanoate (=3-methylbutyl 3-methylbutanoate, isoamyl isovalerate)",Esters,0.01,0.01
CANADIAN WHISKY,WHISKY,Alcoholic Beverages > 20% alc.,isopentyl pentanoate,Esters,0.003,0.003
CANADIAN WHISKY,WHISKY,Alcoholic Beverages > 20% alc.,ethyl hexanoate (=ethyl caproate),Esters,0.3,0.8
CANADIAN WHISKY,WHISKY,Alcoholic Beverages > 20% alc.,isopentyl hexanoate,Esters,0.1,0.1
CANADIAN WHISKY,WHISKY,Alcoholic Beverages > 20% alc.,ethyl octanoate (=ethyl caprylate),Esters,0.6,1
CANADIAN WHISKY,WHISKY,Alcoholic Beverages > 20% alc.,isopentyl octanoate,Esters,0.02,0.02
CANADIAN WHISKY,WHISKY,Alcoholic Beverages > 20% alc.,ethyl nonanoate,Esters,<0.8,<0.8
CANADIAN WHISKY,WHISKY,Alcoholic Beverages > 20% alc.,ethyl decanoate (=ethyl caprate),Esters,0.9,1.6
CANADIAN WHISKY,WHISKY,Alcoholic Beverages > 20% alc.,isopentyl decanoate,Esters,0.2,0.8
CANADIAN WHISKY,WHISKY,Alcoholic Beverages > 20% alc.,ethyl 9-decenoate,Esters,0.09,0.09
CANADIAN WHISKY,WHISKY,Alcoholic Beverages > 20% alc.,ethyl dodecanoate (=ethyl laurate),Esters,0.5,1.2
CANADIAN WHISKY,WHISKY,Alcoholic Beverages > 20% alc.,ethyl tetradecanoate (=ethyl myristate),Esters,0.3,0.8
CANADIAN WHISKY,WHISKY,Alcoholic Beverages > 20% alc.,ethyl hexadecanoate (=ethyl palmitate),Esters,1.2,1.8
CANADIAN WHISKY,WHISKY,Alcoholic Beverages > 20% alc.,ethyl 9-hexadecenoate,Esters,0.01,0.8
CANADIAN WHISKY,WHISKY,Alcoholic Beverages > 20% alc.,ethyl octadecanoate (=ethyl stearate),Esters,0.01,0.01
CANADIAN WHISKY,WHISKY,Alcoholic Beverages > 20% alc.,ethyl 9-octadecenoate,Esters,0.3,0.3
CANADIAN WHISKY,WHISKY,Alcoholic Beverages > 20% alc.,"ethyl 9,12-octadecadienoate",Esters,0.03,0.03
CANADIAN WHISKY,WHISKY,Alcoholic Beverages > 20% alc.,diethyl succinate (=diethyl butanedioate),Esters,<0.8,<0.8
CANADIAN WHISKY,WHISKY,Alcoholic Beverages > 20% alc.,4-hydroxy-3-methyloctanoic acid lactone,Lactones,0.9,0.9
CANADIAN WHISKY,WHISKY,Alcoholic Beverages > 20% alc.,cis-4-hydroxy-3-methyloctanoic acid lactone,Lactones,0.07,0.07
CANADIAN WHISKY,WHISKY,Alcoholic Beverages > 20% alc.,trans-4-hydroxy-3-methyloctanoic acid lactone,Lactones,0.95,0.95
CANADIAN WHISKY,WHISKY,Alcoholic Beverages > 20% alc.,"1,1-diethoxyethane (=acetal, acetaldehyde diethyl acetal)",Acetals,9.6,26
CANADIAN WHISKY,WHISKY,Alcoholic Beverages > 20% alc.,"1,1,3-triethoxypropane",Acetals,<0.8,<0.8
CANADIAN WHISKY,WHISKY,Alcoholic Beverages > 20% alc.,phenol (=hydroxybenzene),Phenols,trace,trace
CANADIAN WHISKY,WHISKY,Alcoholic Beverages > 20% alc.,2-methylphenol (=o-cresol),Phenols,trace,trace
CANADIAN WHISKY,WHISKY,Alcoholic Beverages > 20% alc.,3-methylphenol (=m-cresol),Phenols,trace,trace
CANADIAN WHISKY,WHISKY,Alcoholic Beverages > 20% alc.,4-methylphenol (=p-cresol),Phenols,trace,trace
CANADIAN WHISKY,WHISKY,Alcoholic Beverages > 20% alc.,4-ethylphenol,Phenols,0.05,0.1
CANADIAN WHISKY,WHISKY,Alcoholic Beverages > 20% alc.,2-methoxyphenol (=guaiacol),Phenols,0.01,0.01
CANADIAN WHISKY,WHISKY,Alcoholic Beverages > 20% alc.,4-ethyl-2-methoxyphenol (=4-ethylguaiacol),Phenols,0.03,0.08
CANADIAN WHISKY,WHISKY,Alcoholic Beverages > 20% alc.,eugenol (=4-allyl-2-methoxyphenol),Phenols,0.05,0.05
CANADIAN WHISKY,WHISKY,Alcoholic Beverages > 20% alc.,"furfural (=2-formylfuran, 2-furancarbaldehyde, 2-furaldehyde)",Furans,0.2,0.8
CANADIAN WHISKY,WHISKY,Alcoholic Beverages > 20% alc.,5-(hydroxymethyl)furfural,Furans,0.5,0.5
CANADIAN WHISKY,WHISKY,Alcoholic Beverages > 20% alc.,2-furancarboxylic acid (=2-furoic acid),Furans,0.83,0.83
JAPANESE WHISKY,WHISKY,Alcoholic Beverages > 20% alc.,anthracene,Hydrocarbons,trace,trace
JAPANESE WHISKY,WHISKY,Alcoholic Beverages > 20% alc.,phenanthrene,Hydrocarbons,0.0005,0.0005
JAPANESE WHISKY,WHISKY,Alcoholic Beverages > 20% alc.,fluoranthene,Hydrocarbons,0.0001,0.0001
JAPANESE WHISKY,WHISKY,Alcoholic Beverages > 20% alc.,pyrene,Hydrocarbons,0.0001,0.0001
JAPANESE WHISKY,WHISKY,Alcoholic Beverages > 20% alc.,chrysene,Hydrocarbons,4E-005,4E-005
JAPANESE WHISKY,WHISKY,Alcoholic Beverages > 20% alc.,"benz[a]anthracene (=1,2-benzanthracene)",Hydrocarbons,4E-005,4E-005
JAPANESE WHISKY,WHISKY,Alcoholic Beverages > 20% alc.,1-propanol (=propyl alcohol),Alcohols,57,370
JAPANESE WHISKY,WHISKY,Alcoholic Beverages > 20% alc.,2-methyl-1-propanol (=isobutanol),Alcohols,69,225
JAPANESE WHISKY,WHISKY,Alcoholic Beverages > 20% alc.,2-methyl-1-butanol (=active amyl alcohol),Alcohols,,
JAPANESE WHISKY,WHISKY,Alcoholic Beverages > 20% alc.,3-methyl-1-butanol (=isoamyl alcohol),Alcohols,150,460
JAPANESE WHISKY,WHISKY,Alcoholic Beverages > 20% alc.,1-hexanol,Alcohols,0.5,1.1
JAPANESE WHISKY,WHISKY,Alcoholic Beverages > 20% alc.,1-octanol,Alcohols,0.1,0.3
JAPANESE WHISKY,WHISKY,Alcoholic Beverages > 20% alc.,1-dodecanol,Alcohols,0.01,0.1
JAPANESE WHISKY,WHISKY,Alcoholic Beverages > 20% alc.,1-tetradecanol,Alcohols,0.4,0.4
JAPANESE WHISKY,WHISKY,Alcoholic Beverages > 20% alc.,1-hexadecanol (=cetanol),Alcohols,0.04,0.1
JAPANESE WHISKY,WHISKY,Alcoholic Beverages > 20% alc.,2-phenylethanol (=phenethyl alcohol),Alcohols,0,10.4
JAPANESE WHISKY,WHISKY,Alcoholic Beverages > 20% alc.,acetaldehyde (=ethanal),"Carbonyls, aldehydes",12,49
JAPANESE WHISKY,WHISKY,Alcoholic Beverages > 20% alc.,2-hydroxybenzaldehyde (=salicylaldehyde),"Carbonyls, aldehydes",0.001,0.001
JAPANESE WHISKY,WHISKY,Alcoholic Beverages > 20% alc.,vanillin (=4-hydroxy-3-methoxybenzaldehyde),"Carbonyls, aldehydes",0.04,0.78
JAPANESE WHISKY,WHISKY,Alcoholic Beverages > 20% alc.,"syringaldehyde (=4-hydroxy-3,5-dimethoxy-benzaldehyde)","Carbonyls, aldehydes",0.28,1.79
JAPANESE WHISKY,WHISKY,Alcoholic Beverages > 20% alc.,"acetone (=2-propanone, dimethyl ketone)","Carbonyls, ketones",0,8
JAPANESE WHISKY,WHISKY,Alcoholic Beverages > 20% alc.,propanoic acid (=propionic acid),Acids,1.4,1.6
JAPANESE WHISKY,WHISKY,Alcoholic Beverages > 20% alc.,2-methylpropanoic acid (=isobutyric acid),Acids,1.7,3.9
JAPANESE WHISKY,WHISKY,Alcoholic Beverages > 20% alc.,butanoic acid (=butyric acid),Acids,1.8,1.9
JAPANESE WHISKY,WHISKY,Alcoholic Beverages > 20% alc.,3-methylbutanoic acid (=isovaleric acid),Acids,3.4,6
JAPANESE WHISKY,WHISKY,Alcoholic Beverages > 20% alc.,pentanoic acid (=valeric acid),Acids,0.4,0.8
JAPANESE WHISKY,WHISKY,Alcoholic Beverages > 20% alc.,hexanoic acid (=caproic acid),Acids,4.2,6.4
JAPANESE WHISKY,WHISKY,Alcoholic Beverages > 20% alc.,heptanoic acid (=enanthic acid),Acids,trace,0.5
JAPANESE WHISKY,WHISKY,Alcoholic Beverages > 20% alc.,octanoic acid (=caprylic acid),Acids,17.8,37.9
JAPANESE WHISKY,WHISKY,Alcoholic Beverages > 20% alc.,nonanoic acid (=pelargonic acid),Acids,1,1.1
JAPANESE WHISKY,WHISKY,Alcoholic Beverages > 20% alc.,decanoic acid (=capric acid),Acids,29.4,49.8
JAPANESE WHISKY,WHISKY,Alcoholic Beverages > 20% alc.,undecanoic acid,Acids,trace,trace
JAPANESE WHISKY,WHISKY,Alcoholic Beverages > 20% alc.,dodecanoic acid (=lauric acid),Acids,8.6,22.5
JAPANESE WHISKY,WHISKY,Alcoholic Beverages > 20% alc.,tridecanoic acid,Acids,trace,trace
JAPANESE WHISKY,WHISKY,Alcoholic Beverages > 20% alc.,tetradecanoic acid (=myristic acid),Acids,0.5,1.8
JAPANESE WHISKY,WHISKY,Alcoholic Beverages > 20% alc.,pentadecanoic acid,Acids,trace,trace
JAPANESE WHISKY,WHISKY,Alcoholic Beverages > 20% alc.,hexadecanoic acid (=palmitic acid),Acids,0.5,1.5
JAPANESE WHISKY,WHISKY,Alcoholic Beverages > 20% alc.,9-hexadecenoic acid,Acids,0.1,1.4
JAPANESE WHISKY,WHISKY,Alcoholic Beverages > 20% alc.,heptadecanoic acid (=margaric acid),Acids,trace,trace
JAPANESE WHISKY,WHISKY,Alcoholic Beverages > 20% alc.,octadecanoic acid (=stearic acid),Acids,0.3,0.7
JAPANESE WHISKY,WHISKY,Alcoholic Beverages > 20% alc.,(Z)-9-octadecenoic acid (=oleic acid),Acids,0.1,0.6
JAPANESE WHISKY,WHISKY,Alcoholic Beverages > 20% alc.,"(Z,Z)-9,12-octadecadienoic acid (=linoleic acid)",Acids,0.3,0.8
JAPANESE WHISKY,WHISKY,Alcoholic Beverages > 20% alc.,4-hydroxy-3-methoxybenzoic acid (=vanillic acid),Acids,trace,0.44
JAPANESE WHISKY,WHISKY,Alcoholic Beverages > 20% alc.,"3,4,5-trihydroxybenzoic acid (=gallic acid)",Acids,0,0.26
JAPANESE WHISKY,WHISKY,Alcoholic Beverages > 20% alc.,"4-hydroxy-3,5-dimethoxybenzoic acid (=syringic acid)",Acids,trace,0.68
JAPANESE WHISKY,WHISKY,Alcoholic Beverages > 20% alc.,4-hydroxy-3-methoxycinnamic acid (=ferulic acid),Acids,trace,trace
JAPANESE WHISKY,WHISKY,Alcoholic Beverages > 20% alc.,phenethyl formate,Esters,trace,trace
JAPANESE WHISKY,WHISKY,Alcoholic Beverages > 20% alc.,ethyl acetate,Esters,45,255
JAPANESE WHISKY,WHISKY,Alcoholic Beverages > 20% alc.,isobutyl acetate (=2-methylpropyl acetate),Esters,0.02,0.03
JAPANESE WHISKY,WHISKY,Alcoholic Beverages > 20% alc.,"isopentyl acetate (=3-methylbutyl acetate, isoamyl acetate)",Esters,1.1,1.1
JAPANESE WHISKY,WHISKY,Alcoholic Beverages > 20% alc.,phenethyl acetate,Esters,0.7,3.4
JAPANESE WHISKY,WHISKY,Alcoholic Beverages > 20% alc.,ethyl propanoate,Esters,0.02,0.05
JAPANESE WHISKY,WHISKY,Alcoholic Beverages > 20% alc.,isopentyl 2-methylpropanoate (=isoamyl isobutyrate),Esters,0.1,0.2
JAPANESE WHISKY,WHISKY,Alcoholic Beverages > 20% alc.,ethyl 2-hydroxypropanoate (=ethyl lactate),Esters,1.7,8
JAPANESE WHISKY,WHISKY,Alcoholic Beverages > 20% alc.,ethyl butanoate,Esters,0.1,0.2
JAPANESE WHISKY,WHISKY,Alcoholic Beverages > 20% alc.,"isopentyl 3-methylbutanoate (=3-methylbutyl 3-methylbutanoate, isoamyl isovalerate)",Esters,0.003,0.05
JAPANESE WHISKY,WHISKY,Alcoholic Beverages > 20% alc.,isopentyl pentanoate,Esters,0.005,0.01
JAPANESE WHISKY,WHISKY,Alcoholic Beverages > 20% alc.,ethyl hexanoate (=ethyl caproate),Esters,0.7,0.8
JAPANESE WHISKY,WHISKY,Alcoholic Beverages > 20% alc.,isopentyl hexanoate,Esters,0.1,0.2
JAPANESE WHISKY,WHISKY,Alcoholic Beverages > 20% alc.,ethyl octanoate (=ethyl caprylate),Esters,1,4.5
JAPANESE WHISKY,WHISKY,Alcoholic Beverages > 20% alc.,isopentyl octanoate,Esters,0.1,0.4
JAPANESE WHISKY,WHISKY,Alcoholic Beverages > 20% alc.,ethyl decanoate (=ethyl caprate),Esters,2.4,10.2
JAPANESE WHISKY,WHISKY,Alcoholic Beverages > 20% alc.,isopentyl decanoate,Esters,0.5,0.5
JAPANESE WHISKY,WHISKY,Alcoholic Beverages > 20% alc.,ethyl 9-decenoate,Esters,0.4,0.5
JAPANESE WHISKY,WHISKY,Alcoholic Beverages > 20% alc.,ethyl dodecanoate (=ethyl laurate),Esters,2.3,6.8
JAPANESE WHISKY,WHISKY,Alcoholic Beverages > 20% alc.,ethyl tetradecanoate (=ethyl myristate),Esters,trace,1.5
JAPANESE WHISKY,WHISKY,Alcoholic Beverages > 20% alc.,ethyl hexadecanoate (=ethyl palmitate),Esters,0.5,0.8
JAPANESE WHISKY,WHISKY,Alcoholic Beverages > 20% alc.,ethyl 9-hexadecenoate,Esters,0.08,0.4
JAPANESE WHISKY,WHISKY,Alcoholic Beverages > 20% alc.,ethyl octadecanoate (=ethyl stearate),Esters,trace,0.001
JAPANESE WHISKY,WHISKY,Alcoholic Beverages > 20% alc.,ethyl 9-octadecenoate,Esters,0.1,0.1
JAPANESE WHISKY,WHISKY,Alcoholic Beverages > 20% alc.,"ethyl 9,12-octadecadienoate",Esters,trace,0.3
JAPANESE WHISKY,WHISKY,Alcoholic Beverages > 20% alc.,4-hydroxy-3-methyloctanoic acid lactone,Lactones,0.3,0.3
JAPANESE WHISKY,WHISKY,Alcoholic Beverages > 20% alc.,cis-4-hydroxy-3-methyloctanoic acid lactone,Lactones,,
JAPANESE WHISKY,WHISKY,Alcoholic Beverages > 20% alc.,trans-4-hydroxy-3-methyloctanoic acid lactone,Lactones,,
JAPANESE WHISKY,WHISKY,Alcoholic Beverages > 20% alc.,"4-hydroxynonanoic acid lactone (=4-nonanolide, γ-nonalactone)",Lactones,,
JAPANESE WHISKY,WHISKY,Alcoholic Beverages > 20% alc.,2-methylpyridine (=α-picoline),Bases,,
JAPANESE WHISKY,WHISKY,Alcoholic Beverages > 20% alc.,4-methylpyridine (=γ-picoline),Bases,,
JAPANESE WHISKY,WHISKY,Alcoholic Beverages > 20% alc.,2-ethylpyridine,Bases,,
JAPANESE WHISKY,WHISKY,Alcoholic Beverages > 20% alc.,2-isopropylpyridine,Bases,,
JAPANESE WHISKY,WHISKY,Alcoholic Beverages > 20% alc.,"2,5-dimethylpyridine (=2,5-lutidine)",Bases,,
JAPANESE WHISKY,WHISKY,Alcoholic Beverages > 20% alc.,"2,6-dimethylpyridine (=2,6-lutidine)",Bases,,
JAPANESE WHISKY,WHISKY,Alcoholic Beverages > 20% alc.,"3,5-dimethylpyridine (=3,5-lutidine)",Bases,,
JAPANESE WHISKY,WHISKY,Alcoholic Beverages > 20% alc.,5-ethyl-2-methylpyridine,Bases,,
JAPANESE WHISKY,WHISKY,Alcoholic Beverages > 20% alc.,quinoline,Bases,,
JAPANESE WHISKY,WHISKY,Alcoholic Beverages > 20% alc.,2-methylquinoline,Bases,,
JAPANESE WHISKY,WHISKY,Alcoholic Beverages > 20% alc.,6-methylquinoline,Bases,,
JAPANESE WHISKY,WHISKY,Alcoholic Beverages > 20% alc.,"2,3-dimethylpyrazine",Bases,,
JAPANESE WHISKY,WHISKY,Alcoholic Beverages > 20% alc.,2-ethyl-5-methylpyrazine,Bases,,
JAPANESE WHISKY,WHISKY,Alcoholic Beverages > 20% alc.,"2,5-diethylpyrazine",Bases,,
JAPANESE WHISKY,WHISKY,Alcoholic Beverages > 20% alc.,trimethylpyrazine,Bases,,
JAPANESE WHISKY,WHISKY,Alcoholic Beverages > 20% alc.,"3-ethyl-2,5-dimethylpyrazine",Bases,,
JAPANESE WHISKY,WHISKY,Alcoholic Beverages > 20% alc.,tetramethylpyrazine,Bases,,
JAPANESE WHISKY,WHISKY,Alcoholic Beverages > 20% alc.,"1,1-diethoxyethane (=acetal, acetaldehyde diethyl acetal)",Acetals,5,20
JAPANESE WHISKY,WHISKY,Alcoholic Beverages > 20% alc.,phenol (=hydroxybenzene),Phenols,0.006,0.07
JAPANESE WHISKY,WHISKY,Alcoholic Beverages > 20% alc.,2-methylphenol (=o-cresol),Phenols,0.01,0.05
JAPANESE WHISKY,WHISKY,Alcoholic Beverages > 20% alc.,3-methylphenol (=m-cresol),Phenols,0.02,0.02
JAPANESE WHISKY,WHISKY,Alcoholic Beverages > 20% alc.,4-methylphenol (=p-cresol),Phenols,0.01,0.03
JAPANESE WHISKY,WHISKY,Alcoholic Beverages > 20% alc.,2-ethylphenol,Phenols,0.002,0.002
JAPANESE WHISKY,WHISKY,Alcoholic Beverages > 20% alc.,4-ethylphenol,Phenols,0.002,0.03
JAPANESE WHISKY,WHISKY,Alcoholic Beverages > 20% alc.,2-isopropylphenol,Phenols,,
JAPANESE WHISKY,WHISKY,Alcoholic Beverages > 20% alc.,"2,6-dimethylphenol",Phenols,0.001,0.001
JAPANESE WHISKY,WHISKY,Alcoholic Beverages > 20% alc.,2-methoxyphenol (=guaiacol),Phenols,0.001,0.04
JAPANESE WHISKY,WHISKY,Alcoholic Beverages > 20% alc.,2-methoxy-6-methylphenol (=6-methylguaiacol),Phenols,,
JAPANESE WHISKY,WHISKY,Alcoholic Beverages > 20% alc.,4-ethyl-2-methoxyphenol (=4-ethylguaiacol),Phenols,0.002,0.02
JAPANESE WHISKY,WHISKY,Alcoholic Beverages > 20% alc.,eugenol (=4-allyl-2-methoxyphenol),Phenols,0.01,0.03
JAPANESE WHISKY,WHISKY,Alcoholic Beverages > 20% alc.,"furfural (=2-formylfuran, 2-furancarbaldehyde, 2-furaldehyde)",Furans,0.5,4.5
JAPANESE WHISKY,WHISKY,Alcoholic Beverages > 20% alc.,5-methylfurfural,Furans,,
JAPANESE WHISKY,WHISKY,Alcoholic Beverages > 20% alc.,"2-acetylfuran (=2-furyl methyl ketone, 1-(2-furyl)ethanone)",Furans,,
JAPANESE WHISKY,WHISKY,Alcoholic Beverages > 20% alc.,"furfuryl alcohol (=(2-furyl)-methanol, 2-furanmethanol)",Furans,,
FINNISH WHISKY,WHISKY,Alcoholic Beverages > 20% alc.,acetic acid,Acids,95,117
FINNISH WHISKY,WHISKY,Alcoholic Beverages > 20% alc.,propanoic acid (=propionic acid),Acids,1.5,16
FINNISH WHISKY,WHISKY,Alcoholic Beverages > 20% alc.,2-methylpropanoic acid (=isobutyric acid),Acids,0.5,1
FINNISH WHISKY,WHISKY,Alcoholic Beverages > 20% alc.,butanoic acid (=butyric acid),Acids,0.4,0.6
FINNISH WHISKY,WHISKY,Alcoholic Beverages > 20% alc.,3-methylbutanoic acid (=isovaleric acid),Acids,0.8,0.8
FINNISH WHISKY,WHISKY,Alcoholic Beverages > 20% alc.,pentanoic acid (=valeric acid),Acids,<0.1,<0.1
FINNISH WHISKY,WHISKY,Alcoholic Beverages > 20% alc.,hexanoic acid (=caproic acid),Acids,0.3,1.2
FINNISH WHISKY,WHISKY,Alcoholic Beverages > 20% alc.,heptanoic acid (=enanthic acid),Acids,0.3,0.3
FINNISH WHISKY,WHISKY,Alcoholic Beverages > 20% alc.,octanoic acid (=caprylic acid),Acids,3.2,3.5
FINNISH WHISKY,WHISKY,Alcoholic Beverages > 20% alc.,nonanoic acid (=pelargonic acid),Acids,0.2,0.2
FINNISH WHISKY,WHISKY,Alcoholic Beverages > 20% alc.,decanoic acid (=capric acid),Acids,2.7,3.8
FINNISH WHISKY,WHISKY,Alcoholic Beverages > 20% alc.,dodecanoic acid (=lauric acid),Acids,1.4,1.9
FINNISH WHISKY,WHISKY,Alcoholic Beverages > 20% alc.,pyrrolidine,Bases,,
FINNISH WHISKY,WHISKY,Alcoholic Beverages > 20% alc.,2-pyrrolidone (=γ-butyrolactam),Bases,,
FINNISH WHISKY,WHISKY,Alcoholic Beverages > 20% alc.,1-methyl-2-pyrrolidone,Bases,,
FINNISH WHISKY,WHISKY,Alcoholic Beverages > 20% alc.,pyrrole,Bases,,
FINNISH WHISKY,WHISKY,Alcoholic Beverages > 20% alc.,indole,Bases,,
FINNISH WHISKY,WHISKY,Alcoholic Beverages > 20% alc.,1-methylpiperidine,Bases,,
FINNISH WHISKY,WHISKY,Alcoholic Beverages > 20% alc.,pyridine,Bases,0.003,0.033
FINNISH WHISKY,WHISKY,Alcoholic Beverages > 20% alc.,2-methylpyridine (=α-picoline),Bases,0.0001,0.002
FINNISH WHISKY,WHISKY,Alcoholic Beverages > 20% alc.,3-methylpyridine (=β-picoline),Bases,0.0001,0.0006
FINNISH WHISKY,WHISKY,Alcoholic Beverages > 20% alc.,4-methylpyridine (=γ-picoline),Bases,,
FINNISH WHISKY,WHISKY,Alcoholic Beverages > 20% alc.,3-ethylpyridine,Bases,4E-005,0.0004
FINNISH WHISKY,WHISKY,Alcoholic Beverages > 20% alc.,4-ethylpyridine,Bases,,
FINNISH WHISKY,WHISKY,Alcoholic Beverages > 20% alc.,2-isopropylpyridine,Bases,,
FINNISH WHISKY,WHISKY,Alcoholic Beverages > 20% alc.,"2,6-dimethylpyridine (=2,6-lutidine)",Bases,4E-005,0.0005
FINNISH WHISKY,WHISKY,Alcoholic Beverages > 20% alc.,"3,4-dimethylpyridine (=3,4-lutidine)",Bases,4E-005,0.0002
FINNISH WHISKY,WHISKY,Alcoholic Beverages > 20% alc.,"2,4,6-trimethylpyridine (=s-collidine, γ-collidine)",Bases,,
FINNISH WHISKY,WHISKY,Alcoholic Beverages > 20% alc.,2-acetylpyridine,Bases,5E-005,0.0002
FINNISH WHISKY,WHISKY,Alcoholic Beverages > 20% alc.,3-acetylpyridine,Bases,,
FINNISH WHISKY,WHISKY,Alcoholic Beverages > 20% alc.,4-acetylpyridine,Bases,,
FINNISH WHISKY,WHISKY,Alcoholic Beverages > 20% alc.,quinoline,Bases,,
FINNISH WHISKY,WHISKY,Alcoholic Beverages > 20% alc.,2-methylquinoline,Bases,,
FINNISH WHISKY,WHISKY,Alcoholic Beverages > 20% alc.,6-methylquinoline,Bases,,
FINNISH WHISKY,WHISKY,Alcoholic Beverages > 20% alc.,methylpyrazine,Bases,0.01,0.01
FINNISH WHISKY,WHISKY,Alcoholic Beverages > 20% alc.,ethylpyrazine,Bases,,
FINNISH WHISKY,WHISKY,Alcoholic Beverages > 20% alc.,"2,3-dimethylpyrazine",Bases,0.001,0.001
FINNISH WHISKY,WHISKY,Alcoholic Beverages > 20% alc.,"2,5-dimethylpyrazine",Bases,0.007,0.007
FINNISH WHISKY,WHISKY,Alcoholic Beverages > 20% alc.,"2,6-dimethylpyrazine",Bases,,
FINNISH WHISKY,WHISKY,Alcoholic Beverages > 20% alc.,2-ethyl-3-methylpyrazine,Bases,,
FINNISH WHISKY,WHISKY,Alcoholic Beverages > 20% alc.,trimethylpyrazine,Bases,0.007,0.007
FINNISH WHISKY,WHISKY,Alcoholic Beverages > 20% alc.,thiazole,Sulfur compounds,,
FINNISH WHISKY,WHISKY,Alcoholic Beverages > 20% alc.,benzothiazole,Sulfur compounds,,
FINNISH WHISKY,WHISKY,Alcoholic Beverages > 20% alc.,5-(2-hydroxyethyl)-4-methylthiazole,Sulfur compounds,,
FINNISH WHISKY,WHISKY,Alcoholic Beverages > 20% alc.,2-acetylthiazole,Sulfur compounds,,
CIDER (APPLE WINE),,Alcoholic Beverages < 20% alc.,decane (branched),Hydrocarbons,,
CIDER (APPLE WINE),,Alcoholic Beverages < 20% alc.,vinylbenzene (=styrene),Hydrocarbons,,
CIDER (APPLE WINE),,Alcoholic Beverages < 20% alc.,naphthalene,Hydrocarbons,,
CIDER (APPLE WINE),,Alcoholic Beverages < 20% alc.,methanol,Alcohols,16,248
CIDER (APPLE WINE),,Alcoholic Beverages < 20% alc.,ethanol,Alcohols,Present,Present
CIDER (APPLE WINE),,Alcoholic Beverages < 20% alc.,1-propanol (=propyl alcohol),Alcohols,0.8,71
CIDER (APPLE WINE),,Alcoholic Beverages < 20% alc.,3-ethoxy-1-propanol,Alcohols,,
CIDER (APPLE WINE),,Alcoholic Beverages < 20% alc.,2-propanol (=isopropyl alcohol),Alcohols,13,45
CIDER (APPLE WINE),,Alcoholic Beverages < 20% alc.,2-methyl-1-propanol (=isobutanol),Alcohols,2,103
CIDER (APPLE WINE),,Alcoholic Beverages < 20% alc.,"1,3-propanediol",Alcohols,,
CIDER (APPLE WINE),,Alcoholic Beverages < 20% alc.,"glycerol (=1,2,3-propanetriol, glycerin)",Alcohols,120,5780
CIDER (APPLE WINE),,Alcoholic Beverages < 20% alc.,1-butanol,Alcohols,1.4,32
CIDER (APPLE WINE),,Alcoholic Beverages < 20% alc.,2-butanol (=sec-butanol),Alcohols,0.07,0.07
CIDER (APPLE WINE),,Alcoholic Beverages < 20% alc.,2-methyl-1-butanol (=active amyl alcohol),Alcohols,,
CIDER (APPLE WINE),,Alcoholic Beverages < 20% alc.,(S)-2-methyl-1-butanol,Alcohols,,
CIDER (APPLE WINE),,Alcoholic Beverages < 20% alc.,3-methyl-1-butanol (=isoamyl alcohol),Alcohols,16,202
CIDER (APPLE WINE),,Alcoholic Beverages < 20% alc.,3-methyl-2-butanol,Alcohols,,
CIDER (APPLE WINE),,Alcoholic Beverages < 20% alc.,"2,3-butanediol (=2,3-butylene glycol)",Alcohols,14,91
CIDER (APPLE WINE),,Alcoholic Beverages < 20% alc.,"threo-2,3-butanediol",Alcohols,,
CIDER (APPLE WINE),,Alcoholic Beverages < 20% alc.,"(2R,3S)-2,3-butanediol (meso, erythro)",Alcohols,22,75
CIDER (APPLE WINE),,Alcoholic Beverages < 20% alc.,1-pentanol (=amyl alcohol),Alcohols,0.1,15
CIDER (APPLE WINE),,Alcoholic Beverages < 20% alc.,2-pentanol,Alcohols,,
CIDER (APPLE WINE),,Alcoholic Beverages < 20% alc.,pentanol (unkn.str.),Alcohols,134,171
CIDER (APPLE WINE),,Alcoholic Beverages < 20% alc.,4-penten-2-ol,Alcohols,,
CIDER (APPLE WINE),,Alcoholic Beverages < 20% alc.,3-methyl-1-pentanol,Alcohols,,
CIDER (APPLE WINE),,Alcoholic Beverages < 20% alc.,4-methyl-1-pentanol,Alcohols,,
CIDER (APPLE WINE),,Alcoholic Beverages < 20% alc.,1-hexanol,Alcohols,2,9
CIDER (APPLE WINE),,Alcoholic Beverages < 20% alc.,(E)-2-hexen-1-ol,Alcohols,,
CIDER (APPLE WINE),,Alcoholic Beverages < 20% alc.,(Z)-2-hexen-1-ol,Alcohols,,
CIDER (APPLE WINE),,Alcoholic Beverages < 20% alc.,(Z)-3-hexen-1-ol (=leaf alcohol),Alcohols,0.1,1
CIDER (APPLE WINE),,Alcoholic Beverages < 20% alc.,(E)-3-hexen-1-ol,Alcohols,,
CIDER (APPLE WINE),,Alcoholic Beverages < 20% alc.,2-ethyl-1-hexanol,Alcohols,,
CIDER (APPLE WINE),,Alcoholic Beverages < 20% alc.,1-heptanol,Alcohols,,
CIDER (APPLE WINE),,Alcoholic Beverages < 20% alc.,2-heptanol,Alcohols,,
CIDER (APPLE WINE),,Alcoholic Beverages < 20% alc.,6-methyl-5-hepten-2-ol,Alcohols,,
CIDER (APPLE WINE),,Alcoholic Beverages < 20% alc.,1-octanol,Alcohols,,
CIDER (APPLE WINE),,Alcoholic Beverages < 20% alc.,2-octanol,Alcohols,,
CIDER (APPLE WINE),,Alcoholic Beverages < 20% alc.,3-octanol,Alcohols,,
CIDER (APPLE WINE),,Alcoholic Beverages < 20% alc.,(Z)-3-octen-1-ol,Alcohols,,
CIDER (APPLE WINE),,Alcoholic Beverages < 20% alc.,1-octen-3-ol,Alcohols,,
CIDER (APPLE WINE),,Alcoholic Beverages < 20% alc.,"1,3-octanediol",Alcohols,,
CIDER (APPLE WINE),,Alcoholic Beverages < 20% alc.,"5-octene-1,3-diol",Alcohols,,
CIDER (APPLE WINE),,Alcoholic Beverages < 20% alc.,1-nonanol,Alcohols,,
CIDER (APPLE WINE),,Alcoholic Beverages < 20% alc.,1-decanol,Alcohols,,
CIDER (APPLE WINE),,Alcoholic Beverages < 20% alc.,linalool,Alcohols,0.03,0.03
CIDER (APPLE WINE),,Alcoholic Beverages < 20% alc.,farnesol,Alcohols,,
CIDER (APPLE WINE),,Alcoholic Beverages < 20% alc.,benzyl alcohol (=benzenemethanol),Alcohols,0.1,1.5
CIDER (APPLE WINE),,Alcoholic Beverages < 20% alc.,2-phenylethanol (=phenethyl alcohol),Alcohols,3,244
CIDER (APPLE WINE),,Alcoholic Beverages < 20% alc.,2-(4-hydroxyphenyl)ethanol (=tyrosol),Alcohols,10,10
CIDER (APPLE WINE),,Alcoholic Beverages < 20% alc.,α-terpineol,Alcohols,,
CIDER (APPLE WINE),,Alcoholic Beverages < 20% alc.,acetaldehyde (=ethanal),"Carbonyls, aldehydes",1.4,98
CIDER (APPLE WINE),,Alcoholic Beverages < 20% alc.,propanal (=propionaldehyde),"Carbonyls, aldehydes",,
CIDER (APPLE WINE),,Alcoholic Beverages < 20% alc.,"2-methylpropanal (=isobutanal, isobutyraldehyde)","Carbonyls, aldehydes",,
CIDER (APPLE WINE),,Alcoholic Beverages < 20% alc.,butanal (=butyraldehyde),"Carbonyls, aldehydes",,
CIDER (APPLE WINE),,Alcoholic Beverages < 20% alc.,"3-methylbutanal (=isopentanal, isovaleraldehyde)","Carbonyls, aldehydes",,
CIDER (APPLE WINE),,Alcoholic Beverages < 20% alc.,pentanal (=valeraldehyde),"Carbonyls, aldehydes",,
CIDER (APPLE WINE),,Alcoholic Beverages < 20% alc.,hexanal (=capronaldehyde),"Carbonyls, aldehydes",,
CIDER (APPLE WINE),,Alcoholic Beverages < 20% alc.,hexanal (branched),"Carbonyls, aldehydes",,
CIDER (APPLE WINE),,Alcoholic Beverages < 20% alc.,heptanal,"Carbonyls, aldehydes",,
CIDER (APPLE WINE),,Alcoholic Beverages < 20% alc.,octanal (=caprylaldehyde),"Carbonyls, aldehydes",,
CIDER (APPLE WINE),,Alcoholic Beverages < 20% alc.,nonanal (=pelargonaldehyde),"Carbonyls, aldehydes",,
CIDER (APPLE WINE),,Alcoholic Beverages < 20% alc.,benzaldehyde,"Carbonyls, aldehydes",0.1,0.1
CIDER (APPLE WINE),,Alcoholic Beverages < 20% alc.,methylbenzaldehyde (unkn.str.) (=tolualdehyde (unkn.str.)),"Carbonyls, aldehydes",,
CIDER (APPLE WINE),,Alcoholic Beverages < 20% alc.,4-ethylbenzaldehyde,"Carbonyls, aldehydes",,
CIDER (APPLE WINE),,Alcoholic Beverages < 20% alc.,phenylacetaldehyde (=benzeneacetaldehyde),"Carbonyls, aldehydes",0.2,0.2
CIDER (APPLE WINE),,Alcoholic Beverages < 20% alc.,"acetone (=2-propanone, dimethyl ketone)","Carbonyls, ketones",2,2
CIDER (APPLE WINE),,Alcoholic Beverages < 20% alc.,2-butanone (=ethyl methyl ketone),"Carbonyls, ketones",,
CIDER (APPLE WINE),,Alcoholic Beverages < 20% alc.,3-hydroxy-2-butanone (=acetoin),"Carbonyls, ketones",0,2
CIDER (APPLE WINE),,Alcoholic Beverages < 20% alc.,"2,3-butanedione (=diacetyl)","Carbonyls, ketones",0.02,0.05
CIDER (APPLE WINE),,Alcoholic Beverages < 20% alc.,2-hexanone,"Carbonyls, ketones",0,4.8
CIDER (APPLE WINE),,Alcoholic Beverages < 20% alc.,2-heptanone,"Carbonyls, ketones",,
CIDER (APPLE WINE),,Alcoholic Beverages < 20% alc.,6-methyl-5-hepten-2-one,"Carbonyls, ketones",,
CIDER (APPLE WINE),,Alcoholic Beverages < 20% alc.,1-octen-3-one,"Carbonyls, ketones",,
CIDER (APPLE WINE),,Alcoholic Beverages < 20% alc.,2-nonanone,"Carbonyls, ketones",,
CIDER (APPLE WINE),,Alcoholic Beverages < 20% alc.,nonanone (unkn.str.),"Carbonyls, ketones",,
CIDER (APPLE WINE),,Alcoholic Beverages < 20% alc.,acetophenone (=1-phenylethanone),"Carbonyls, ketones",,
CIDER (APPLE WINE),,Alcoholic Beverages < 20% alc.,4-ethylacetophenone,"Carbonyls, ketones",,
CIDER (APPLE WINE),,Alcoholic Beverages < 20% alc.,ethylacetophenone (unkn.str.),"Carbonyls, ketones",,
CIDER (APPLE WINE),,Alcoholic Beverages < 20% alc.,β-damascenone (=(E)-β-damascenone),"Carbonyls, ketones",,
CIDER (APPLE WINE),,Alcoholic Beverages < 20% alc.,α-ionone,"Carbonyls, ketones",,
CIDER (APPLE WINE),,Alcoholic Beverages < 20% alc.,(E)-β-ionone,"Carbonyls, ketones",,
CIDER (APPLE WINE),,Alcoholic Beverages < 20% alc.,formic acid,Acids,,
CIDER (APPLE WINE),,Alcoholic Beverages < 20% alc.,acetic acid,Acids,139,2400
CIDER (APPLE WINE),,Alcoholic Beverages < 20% alc.,propanoic acid (=propionic acid),Acids,1,1
CIDER (APPLE WINE),,Alcoholic Beverages < 20% alc.,2-methylpropanoic acid (=isobutyric acid),Acids,0.8,0.8
CIDER (APPLE WINE),,Alcoholic Beverages < 20% alc.,2-hydroxypropanoic acid (=lactic acid),Acids,450,4800
CIDER (APPLE WINE),,Alcoholic Beverages < 20% alc.,butanoic acid (=butyric acid),Acids,3.5,3.5
CIDER (APPLE WINE),,Alcoholic Beverages < 20% alc.,2-methylbutanoic acid,Acids,,
CIDER (APPLE WINE),,Alcoholic Beverages < 20% alc.,(S)-2-methylbutanoic acid,Acids,2.4,2.4
CIDER (APPLE WINE),,Alcoholic Beverages < 20% alc.,3-methylbutanoic acid (=isovaleric acid),Acids,,
CIDER (APPLE WINE),,Alcoholic Beverages < 20% alc.,pentanoic acid (=valeric acid),Acids,,
CIDER (APPLE WINE),,Alcoholic Beverages < 20% alc.,hexanoic acid (=caproic acid),Acids,2.5,2.5
CIDER (APPLE WINE),,Alcoholic Beverages < 20% alc.,hexenoic acid (unkn.str.),Acids,0.1,0.1
CIDER (APPLE WINE),,Alcoholic Beverages < 20% alc.,"(E,E)-2,4-hexadienoic acid (=sorbic acid)",Acids,,
CIDER (APPLE WINE),,Alcoholic Beverages < 20% alc.,heptanoic acid (=enanthic acid),Acids,,
CIDER (APPLE WINE),,Alcoholic Beverages < 20% alc.,octanoic acid (=caprylic acid),Acids,1,3
CIDER (APPLE WINE),,Alcoholic Beverages < 20% alc.,decanoic acid (=capric acid),Acids,0.02,2
CIDER (APPLE WINE),,Alcoholic Beverages < 20% alc.,2-hydroxydecanoic acid,Acids,,
CIDER (APPLE WINE),,Alcoholic Beverages < 20% alc.,dodecanoic acid (=lauric acid),Acids,trace,5
CIDER (APPLE WINE),,Alcoholic Beverages < 20% alc.,tetradecanoic acid (=myristic acid),Acids,0,2
CIDER (APPLE WINE),,Alcoholic Beverages < 20% alc.,hexadecanoic acid (=palmitic acid),Acids,,
CIDER (APPLE WINE),,Alcoholic Beverages < 20% alc.,octadecanoic acid (=stearic acid),Acids,,
CIDER (APPLE WINE),,Alcoholic Beverages < 20% alc.,succinic acid (=butanedioic acid),Acids,60,1240
CIDER (APPLE WINE),,Alcoholic Beverages < 20% alc.,malic acid (=hydroxybutanedioic acid),Acids,20,2940
CIDER (APPLE WINE),,Alcoholic Beverages < 20% alc.,benzoic acid,Acids,,
CIDER (APPLE WINE),,Alcoholic Beverages < 20% alc.,methoxybenzoic acid (unkn.str.),Acids,,
CIDER (APPLE WINE),,Alcoholic Beverages < 20% alc.,phenylacetic acid,Acids,,
CIDER (APPLE WINE),,Alcoholic Beverages < 20% alc.,(4-hydroxyphenyl)acetic acid,Acids,,
CIDER (APPLE WINE),,Alcoholic Beverages < 20% alc.,(4-methoxyphenyl)acetic acid,Acids,,
CIDER (APPLE WINE),,Alcoholic Beverages < 20% alc.,cinnamic acid,Acids,,
CIDER (APPLE WINE),,Alcoholic Beverages < 20% alc.,diethyl carbonate,Esters,,
CIDER (APPLE WINE),,Alcoholic Beverages < 20% alc.,bis(methylbutyl) carbonate (unkn.str.),Esters,,
CIDER (APPLE WINE),,Alcoholic Beverages < 20% alc.,diphenethyl carbonate,Esters,,
CIDER (APPLE WINE),,Alcoholic Beverages < 20% alc.,methyl formate,Esters,0.5,0.5
CIDER (APPLE WINE),,Alcoholic Beverages < 20% alc.,ethyl formate,Esters,0.2,0.2
CIDER (APPLE WINE),,Alcoholic Beverages < 20% alc.,methylbutyl formate (unkn.str.),Esters,,
CIDER (APPLE WINE),,Alcoholic Beverages < 20% alc.,isopentyl formate,Esters,,
CIDER (APPLE WINE),,Alcoholic Beverages < 20% alc.,phenethyl formate,Esters,0.1,0.1
CIDER (APPLE WINE),,Alcoholic Beverages < 20% alc.,methyl acetate,Esters,trace,3
CIDER (APPLE WINE),,Alcoholic Beverages < 20% alc.,ethyl acetate,Esters,3,222
CIDER (APPLE WINE),,Alcoholic Beverages < 20% alc.,propyl acetate,Esters,0.06,0.1
CIDER (APPLE WINE),,Alcoholic Beverages < 20% alc.,"1,3-propanediol diacetate",Esters,,
CIDER (APPLE WINE),,Alcoholic Beverages < 20% alc.,butyl acetate,Esters,0.1,1.3
CIDER (APPLE WINE),,Alcoholic Beverages < 20% alc.,isobutyl acetate (=2-methylpropyl acetate),Esters,0.04,1.8
CIDER (APPLE WINE),,Alcoholic Beverages < 20% alc.,2-methylbutyl acetate,Esters,,
CIDER (APPLE WINE),,Alcoholic Beverages < 20% alc.,methylbutyl acetate (unkn.str.),Esters,,
CIDER (APPLE WINE),,Alcoholic Beverages < 20% alc.,pentyl acetate (=amyl acetate),Esters,,
CIDER (APPLE WINE),,Alcoholic Beverages < 20% alc.,"isopentyl acetate (=3-methylbutyl acetate, isoamyl acetate)",Esters,0.3,13
CIDER (APPLE WINE),,Alcoholic Beverages < 20% alc.,(S)-2-methylbutyl acetate,Esters,,
CIDER (APPLE WINE),,Alcoholic Beverages < 20% alc.,hexyl acetate,Esters,0.1,1.2
CIDER (APPLE WINE),,Alcoholic Beverages < 20% alc.,3-hexenyl acetate,Esters,,
CIDER (APPLE WINE),,Alcoholic Beverages < 20% alc.,octyl acetate,Esters,,
CIDER (APPLE WINE),,Alcoholic Beverages < 20% alc.,"1,3-octanediol monoacetate",Esters,,
CIDER (APPLE WINE),,Alcoholic Beverages < 20% alc.,"1,3-octanediol diacetate",Esters,,
CIDER (APPLE WINE),,Alcoholic Beverages < 20% alc.,2-methylbenzyl acetate,Esters,,
CIDER (APPLE WINE),,Alcoholic Beverages < 20% alc.,phenethyl acetate,Esters,0,4
CIDER (APPLE WINE),,Alcoholic Beverages < 20% alc.,ethyl propanoate,Esters,0.2,0.2
CIDER (APPLE WINE),,Alcoholic Beverages < 20% alc.,propyl propanoate,Esters,,
CIDER (APPLE WINE),,Alcoholic Beverages < 20% alc.,isobutyl propanoate (=2-methylpropyl propanoate),Esters,,
CIDER (APPLE WINE),,Alcoholic Beverages < 20% alc.,methylbutyl propaonate (unkn.str.),Esters,,
CIDER (APPLE WINE),,Alcoholic Beverages < 20% alc.,isopentyl propanoate,Esters,,
CIDER (APPLE WINE),,Alcoholic Beverages < 20% alc.,phenethyl propanoate,Esters,,
CIDER (APPLE WINE),,Alcoholic Beverages < 20% alc.,ethyl 2-methylpropanoate (=ethyl isobutyrate),Esters,,
CIDER (APPLE WINE),,Alcoholic Beverages < 20% alc.,isobutyl 2-methylpropanoate (=isobutyl isobutyrate),Esters,,
CIDER (APPLE WINE),,Alcoholic Beverages < 20% alc.,methylbutyl 2-methylpropanoate (unkn.str.),Esters,,
CIDER (APPLE WINE),,Alcoholic Beverages < 20% alc.,phenethyl 2-methylpropanoate (=phenethyl isobutyrate),Esters,,
CIDER (APPLE WINE),,Alcoholic Beverages < 20% alc.,ethyl 2-hydroxypropanoate (=ethyl lactate),Esters,0.8,100
CIDER (APPLE WINE),,Alcoholic Beverages < 20% alc.,butyl 2-hydroxypropanoate (=butyl lactate),Esters,,
CIDER (APPLE WINE),,Alcoholic Beverages < 20% alc.,methylbutyl 2-hydroxypropanoate (unkn.str.),Esters,,
CIDER (APPLE WINE),,Alcoholic Beverages < 20% alc.,isopentyl 2-hydroxypropanoate (=isoamyl lactate),Esters,,
CIDER (APPLE WINE),,Alcoholic Beverages < 20% alc.,hexyl 2-hydroxypropanoate (=hexyl lactate),Esters,0.04,0.04
CIDER (APPLE WINE),,Alcoholic Beverages < 20% alc.,ethyl 2-oxopropanoate (=ethyl pyruvate),Esters,,
CIDER (APPLE WINE),,Alcoholic Beverages < 20% alc.,ethyl butanoate,Esters,0.1,0.5
CIDER (APPLE WINE),,Alcoholic Beverages < 20% alc.,butyl butanoate,Esters,,
CIDER (APPLE WINE),,Alcoholic Beverages < 20% alc.,methylbutyl butanoate (unkn.str.),Esters,,
CIDER (APPLE WINE),,Alcoholic Beverages < 20% alc.,"isopentyl butanoate (=3-methylbutyl butanoate, isoamyl butyrate)",Esters,,
CIDER (APPLE WINE),,Alcoholic Beverages < 20% alc.,hexyl butanoate,Esters,,
CIDER (APPLE WINE),,Alcoholic Beverages < 20% alc.,phenethyl butanoate,Esters,trace,trace
CIDER (APPLE WINE),,Alcoholic Beverages < 20% alc.,ethyl 2-methylbutanoate,Esters,0.02,0.02
CIDER (APPLE WINE),,Alcoholic Beverages < 20% alc.,ethyl (S)-2-methylbutanoate,Esters,,
CIDER (APPLE WINE),,Alcoholic Beverages < 20% alc.,isobutyl 2-methylbutanoate (=2-methylpropyl 2-methyl-butanoate),Esters,,
CIDER (APPLE WINE),,Alcoholic Beverages < 20% alc.,methylbutyl 2-methylbutanoate (unkn.str.),Esters,,
CIDER (APPLE WINE),,Alcoholic Beverages < 20% alc.,isopentyl 2-methylbutanoate (=3-methylbutyl 2-methyl-butanoate),Esters,,
CIDER (APPLE WINE),,Alcoholic Beverages < 20% alc.,phenethyl 2-methylbutanoate,Esters,,
CIDER (APPLE WINE),,Alcoholic Beverages < 20% alc.,ethyl 3-methylbutanoate (=ethyl isovalerate),Esters,4,4
CIDER (APPLE WINE),,Alcoholic Beverages < 20% alc.,"isopentyl 3-methylbutanoate (=3-methylbutyl 3-methylbutanoate, isoamyl isovalerate)",Esters,,
CIDER (APPLE WINE),,Alcoholic Beverages < 20% alc.,hexyl 3-methylbutanoate (=hexyl isovalerate),Esters,0.1,0.1
CIDER (APPLE WINE),,Alcoholic Beverages < 20% alc.,phenethyl 3-methylbutanoate (=phenethyl isovalerate),Esters,,
CIDER (APPLE WINE),,Alcoholic Beverages < 20% alc.,isobutyl methylbutanoate (unkn.str.),Esters,,
CIDER (APPLE WINE),,Alcoholic Beverages < 20% alc.,ethyl 2-hydroxybutanoate,Esters,,
CIDER (APPLE WINE),,Alcoholic Beverages < 20% alc.,ethyl 3-hydroxybutanoate,Esters,,
CIDER (APPLE WINE),,Alcoholic Beverages < 20% alc.,ethyl pentanoate,Esters,,
CIDER (APPLE WINE),,Alcoholic Beverages < 20% alc.,butyl pentanoate (branched),Esters,,
CIDER (APPLE WINE),,Alcoholic Beverages < 20% alc.,pentyl pentanoate,Esters,,
CIDER (APPLE WINE),,Alcoholic Beverages < 20% alc.,isopentyl pentanoate,Esters,,
CIDER (APPLE WINE),,Alcoholic Beverages < 20% alc.,2-methylbutyl pentanoate,Esters,,
CIDER (APPLE WINE),,Alcoholic Beverages < 20% alc.,methylbutyl pentanoate (unkn.str.),Esters,,
CIDER (APPLE WINE),,Alcoholic Beverages < 20% alc.,pentyl pentanoate (branched),Esters,,
CIDER (APPLE WINE),,Alcoholic Beverages < 20% alc.,hexyl pentanoate,Esters,0.1,0.1
CIDER (APPLE WINE),,Alcoholic Beverages < 20% alc.,phenethyl pentanoate,Esters,,
CIDER (APPLE WINE),,Alcoholic Beverages < 20% alc.,"ethyl 4-oxopentanoate (=ethyl levulate, ethyl levulinate)",Esters,,
CIDER (APPLE WINE),,Alcoholic Beverages < 20% alc.,methyl hexanoate,Esters,0.2,0.2
CIDER (APPLE WINE),,Alcoholic Beverages < 20% alc.,ethyl hexanoate (=ethyl caproate),Esters,0.2,1
CIDER (APPLE WINE),,Alcoholic Beverages < 20% alc.,propyl hexanoate,Esters,,
CIDER (APPLE WINE),,Alcoholic Beverages < 20% alc.,butyl hexanoate,Esters,,
CIDER (APPLE WINE),,Alcoholic Beverages < 20% alc.,isobutyl hexanoate,Esters,,
CIDER (APPLE WINE),,Alcoholic Beverages < 20% alc.,methylbutyl hexanoate (unkn.str.),Esters,,
CIDER (APPLE WINE),,Alcoholic Beverages < 20% alc.,pentyl hexanoate,Esters,,
CIDER (APPLE WINE),,Alcoholic Beverages < 20% alc.,isopentyl hexanoate,Esters,0.03,0.03
CIDER (APPLE WINE),,Alcoholic Beverages < 20% alc.,hexyl hexanoate,Esters,,
CIDER (APPLE WINE),,Alcoholic Beverages < 20% alc.,phenethyl hexanoate,Esters,,
CIDER (APPLE WINE),,Alcoholic Beverages < 20% alc.,ethyl 3-hexenoate,Esters,,
CIDER (APPLE WINE),,Alcoholic Beverages < 20% alc.,ethyl (Z)-3-hexenoate,Esters,,
CIDER (APPLE WINE),,Alcoholic Beverages < 20% alc.,"ethyl (E,E)-2,4-hexadienoate (=ethyl sorbate)",Esters,,
CIDER (APPLE WINE),,Alcoholic Beverages < 20% alc.,ethyl heptanoate,Esters,,
CIDER (APPLE WINE),,Alcoholic Beverages < 20% alc.,methyl octanoate,Esters,0.02,0.02
CIDER (APPLE WINE),,Alcoholic Beverages < 20% alc.,ethyl octanoate (=ethyl caprylate),Esters,0.2,2
CIDER (APPLE WINE),,Alcoholic Beverages < 20% alc.,propyl octanoate,Esters,,
CIDER (APPLE WINE),,Alcoholic Beverages < 20% alc.,butyl octanoate,Esters,,
CIDER (APPLE WINE),,Alcoholic Beverages < 20% alc.,isobutyl octanoate,Esters,0.005,0.005
CIDER (APPLE WINE),,Alcoholic Beverages < 20% alc.,methylbutyl octanoate (unkn.str.),Esters,,
CIDER (APPLE WINE),,Alcoholic Beverages < 20% alc.,pentyl octanoate,Esters,,
CIDER (APPLE WINE),,Alcoholic Beverages < 20% alc.,isopentyl octanoate,Esters,,
CIDER (APPLE WINE),,Alcoholic Beverages < 20% alc.,hexyl octanoate,Esters,,
CIDER (APPLE WINE),,Alcoholic Beverages < 20% alc.,phenethyl octanoate,Esters,,
CIDER (APPLE WINE),,Alcoholic Beverages < 20% alc.,ethyl decanoate (=ethyl caprate),Esters,0.08,3
CIDER (APPLE WINE),,Alcoholic Beverages < 20% alc.,propyl decanoate,Esters,,
CIDER (APPLE WINE),,Alcoholic Beverages < 20% alc.,butyl decanoate,Esters,,
CIDER (APPLE WINE),,Alcoholic Beverages < 20% alc.,isobutyl decanoate,Esters,,
CIDER (APPLE WINE),,Alcoholic Beverages < 20% alc.,methylbutyl decanoate (unkn.str.),Esters,,
CIDER (APPLE WINE),,Alcoholic Beverages < 20% alc.,pentyl decanoate,Esters,,
CIDER (APPLE WINE),,Alcoholic Beverages < 20% alc.,isopentyl decanoate,Esters,,
CIDER (APPLE WINE),,Alcoholic Beverages < 20% alc.,hexyl decanoate,Esters,,
CIDER (APPLE WINE),,Alcoholic Beverages < 20% alc.,phenethyl decanoate,Esters,,
CIDER (APPLE WINE),,Alcoholic Beverages < 20% alc.,ethyl 9-decenoate,Esters,,
CIDER (APPLE WINE),,Alcoholic Beverages < 20% alc.,methylbutyl 9-decenoate (unkn.str.),Esters,,
CIDER (APPLE WINE),,Alcoholic Beverages < 20% alc.,"ethyl 2,4-decadienoate",Esters,,
CIDER (APPLE WINE),,Alcoholic Beverages < 20% alc.,ethyl dodecanoate (=ethyl laurate),Esters,0,0.7
CIDER (APPLE WINE),,Alcoholic Beverages < 20% alc.,isobutyl dodecanoate,Esters,,
CIDER (APPLE WINE),,Alcoholic Beverages < 20% alc.,methylbutyl dodecanoate (unkn.str.),Esters,,
CIDER (APPLE WINE),,Alcoholic Beverages < 20% alc.,ethyl tetradecanoate (=ethyl myristate),Esters,,
CIDER (APPLE WINE),,Alcoholic Beverages < 20% alc.,methylbutyl tetradecanoate (unkn.str.),Esters,,
CIDER (APPLE WINE),,Alcoholic Beverages < 20% alc.,ethyl hexadecanoate (=ethyl palmitate),Esters,0.4,0.7
CIDER (APPLE WINE),,Alcoholic Beverages < 20% alc.,propyl hexadecanoate,Esters,,
CIDER (APPLE WINE),,Alcoholic Beverages < 20% alc.,methylbutyl hexadecanoate (unkn.str.),Esters,,
CIDER (APPLE WINE),,Alcoholic Beverages < 20% alc.,ethyl methyl succinate (=ethyl methyl butanedioate),Esters,,
CIDER (APPLE WINE),,Alcoholic Beverages < 20% alc.,diethyl succinate (=diethyl butanedioate),Esters,0.2,2
CIDER (APPLE WINE),,Alcoholic Beverages < 20% alc.,ethyl propyl succinate (=ethyl propyl butanedioate),Esters,,
CIDER (APPLE WINE),,Alcoholic Beverages < 20% alc.,monobutyl succinate,Esters,,
CIDER (APPLE WINE),,Alcoholic Beverages < 20% alc.,monoisobutyl succinate,Esters,,
CIDER (APPLE WINE),,Alcoholic Beverages < 20% alc.,butyl ethyl succinate,Esters,,
CIDER (APPLE WINE),,Alcoholic Beverages < 20% alc.,ethyl isobutyl succinate (=ethyl isobutyl butanedioate),Esters,,
CIDER (APPLE WINE),,Alcoholic Beverages < 20% alc.,diisobutyl succinate,Esters,,
CIDER (APPLE WINE),,Alcoholic Beverages < 20% alc.,ethyl methylbutyl succinate (unkn.str.),Esters,,
CIDER (APPLE WINE),,Alcoholic Beverages < 20% alc.,dipentyl succinate,Esters,,
CIDER (APPLE WINE),,Alcoholic Beverages < 20% alc.,diethyl pentanedioate (=diethyl glutarate),Esters,,
CIDER (APPLE WINE),,Alcoholic Beverages < 20% alc.,monoethyl malate,Esters,,
CIDER (APPLE WINE),,Alcoholic Beverages < 20% alc.,monobutyl malate,Esters,,
CIDER (APPLE WINE),,Alcoholic Beverages < 20% alc.,diethyl malate,Esters,0.2,0.2
CIDER (APPLE WINE),,Alcoholic Beverages < 20% alc.,ethyl propyl malate,Esters,,
CIDER (APPLE WINE),,Alcoholic Beverages < 20% alc.,butyl ethyl malate,Esters,,
CIDER (APPLE WINE),,Alcoholic Beverages < 20% alc.,dibutyl malate,Esters,,
CIDER (APPLE WINE),,Alcoholic Beverages < 20% alc.,ethyl isobutyl malate,Esters,,
CIDER (APPLE WINE),,Alcoholic Beverages < 20% alc.,ethyl methylbutyl malate,Esters,,
CIDER (APPLE WINE),,Alcoholic Beverages < 20% alc.,tributyl aconitate,Esters,,
CIDER (APPLE WINE),,Alcoholic Beverages < 20% alc.,ethyl benzoate,Esters,,
CIDER (APPLE WINE),,Alcoholic Beverages < 20% alc.,isobutyl benzoate,Esters,,
CIDER (APPLE WINE),,Alcoholic Beverages < 20% alc.,methylbutyl benzoate (unkn.str.),Esters,,
CIDER (APPLE WINE),,Alcoholic Beverages < 20% alc.,methyl 2-hydroxybenzoate (=methyl salicylate),Esters,,
CIDER (APPLE WINE),,Alcoholic Beverages < 20% alc.,ethyl phenylacetate,Esters,0.02,0.02
CIDER (APPLE WINE),,Alcoholic Beverages < 20% alc.,dimethyl phthalate,Esters,,
CIDER (APPLE WINE),,Alcoholic Beverages < 20% alc.,diethyl phthalate,Esters,,
CIDER (APPLE WINE),,Alcoholic Beverages < 20% alc.,dibutyl phthalate,Esters,,
CIDER (APPLE WINE),,Alcoholic Beverages < 20% alc.,"4-hydroxybutanoic acid lactone (=dihydro-2(3H)-furanone, 4-butanolide, γ-butyrolactone)",Lactones,3,8
CIDER (APPLE WINE),,Alcoholic Beverages < 20% alc.,hydroxynonanoic acid lactone (unkn.str.),Lactones,,
CIDER (APPLE WINE),,Alcoholic Beverages < 20% alc.,2-(4-hydroxyphenyl)ethylamine (=tyramine),Bases,0,3
CIDER (APPLE WINE),,Alcoholic Beverages < 20% alc.,histamine,Bases,0,1
CIDER (APPLE WINE),,Alcoholic Beverages < 20% alc.,ethylindole (unkn.str.),Bases,,
CIDER (APPLE WINE),,Alcoholic Beverages < 20% alc.,3-(methylthio)-1-propanol (=methionol),Sulfur compounds,1,2
CIDER (APPLE WINE),,Alcoholic Beverages < 20% alc.,ethyl 3-mercaptopropanoate,Sulfur compounds,,
CIDER (APPLE WINE),,Alcoholic Beverages < 20% alc.,2-methyl-3(2H)-dihydrothiophenone (=2-methyl-3-thiolanone),Sulfur compounds,,
CIDER (APPLE WINE),,Alcoholic Beverages < 20% alc.,methyldihydrothiophenone,Sulfur compounds,,
CIDER (APPLE WINE),,Alcoholic Beverages < 20% alc.,benzothiazole,Sulfur compounds,,
CIDER (APPLE WINE),,Alcoholic Beverages < 20% alc.,"1,1-diethoxyethane (=acetal, acetaldehyde diethyl acetal)",Acetals,0.1,29
CIDER (APPLE WINE),,Alcoholic Beverages < 20% alc.,1-ethoxy-1-(3-methylbutoxy)-ethane,Acetals,0.05,0.05
CIDER (APPLE WINE),,Alcoholic Beverages < 20% alc.,1-isobutoxy-1-(3-methylbutoxy)-ethane,Acetals,0.05,0.05
CIDER (APPLE WINE),,Alcoholic Beverages < 20% alc.,"1,1-dibutoxyethane",Acetals,0.05,0.05
CIDER (APPLE WINE),,Alcoholic Beverages < 20% alc.,"1,1-diisobutoxyethane",Acetals,1,1
CIDER (APPLE WINE),,Alcoholic Beverages < 20% alc.,"1,1-bis(2-methylbutoxy)ethane",Acetals,,
CIDER (APPLE WINE),,Alcoholic Beverages < 20% alc.,"1,1-bis(methylbutoxy)ethane (unkn.str.)",Acetals,,
CIDER (APPLE WINE),,Alcoholic Beverages < 20% alc.,"1,1-bis(3-methylbutoxy)ethane",Acetals,2,2
CIDER (APPLE WINE),,Alcoholic Beverages < 20% alc.,1-hexoxy-1-(3-methylbutoxy)-ethane,Acetals,0.01,0.01
CIDER (APPLE WINE),,Alcoholic Beverages < 20% alc.,"1,1-dihexoxyethane",Acetals,0.01,0.01
CIDER (APPLE WINE),,Alcoholic Beverages < 20% alc.,"1,1-diphenoxyethane",Acetals,,
CIDER (APPLE WINE),,Alcoholic Beverages < 20% alc.,phenol (=hydroxybenzene),Phenols,0.03,0.03
CIDER (APPLE WINE),,Alcoholic Beverages < 20% alc.,4-ethylphenol,Phenols,1,3
CIDER (APPLE WINE),,Alcoholic Beverages < 20% alc.,4-allylphenol (=chavicol),Phenols,,
CIDER (APPLE WINE),,Alcoholic Beverages < 20% alc.,4-propenylphenol (unkn.str.),Phenols,0.2,0.2
CIDER (APPLE WINE),,Alcoholic Beverages < 20% alc.,carvacrol (=5-isopropyl-2-methylphenol),Phenols,,
CIDER (APPLE WINE),,Alcoholic Beverages < 20% alc.,"2,6-di-tert-butyl-4-methyl-phenol (=B.H.T.)",Phenols,,
CIDER (APPLE WINE),,Alcoholic Beverages < 20% alc.,"1-allyl-4-methoxybenzene (=estragole, methylchavicol)",Phenols,,
CIDER (APPLE WINE),,Alcoholic Beverages < 20% alc.,"4-ethyl-1,2-benzenediol",Phenols,,
CIDER (APPLE WINE),,Alcoholic Beverages < 20% alc.,2-methoxyphenol (=guaiacol),Phenols,,
CIDER (APPLE WINE),,Alcoholic Beverages < 20% alc.,4-ethyl-2-methoxyphenol (=4-ethylguaiacol),Phenols,1,1
CIDER (APPLE WINE),,Alcoholic Beverages < 20% alc.,2-methoxy-4-vinylphenol (=4-vinylguaiacol),Phenols,0.1,1
CIDER (APPLE WINE),,Alcoholic Beverages < 20% alc.,eugenol (=4-allyl-2-methoxyphenol),Phenols,,
CIDER (APPLE WINE),,Alcoholic Beverages < 20% alc.,"2,6-dimethoxyphenol (=syringol)",Phenols,,
CIDER (APPLE WINE),,Alcoholic Beverages < 20% alc.,"4-allyl-2,6-dimethoxyphenol (=5-methoxyeugenol)",Phenols,,
CIDER (APPLE WINE),,Alcoholic Beverages < 20% alc.,"linalool oxide B (cis, 5-ring)",Furans,,
CIDER (APPLE WINE),,Alcoholic Beverages < 20% alc.,"linalool oxide A (trans, 5-ring)",Furans,,
CIDER (APPLE WINE),,Alcoholic Beverages < 20% alc.,"2,3-dihydrobenzofuran (=coumaran)",Furans,,
CIDER (APPLE WINE),,Alcoholic Beverages < 20% alc.,"furfural (=2-formylfuran, 2-furancarbaldehyde, 2-furaldehyde)",Furans,,
CIDER (APPLE WINE),,Alcoholic Beverages < 20% alc.,"2-acetylfuran (=2-furyl methyl ketone, 1-(2-furyl)ethanone)",Furans,,
CIDER (APPLE WINE),,Alcoholic Beverages < 20% alc.,"furfuryl alcohol (=(2-furyl)-methanol, 2-furanmethanol)",Furans,,
CIDER (APPLE WINE),,Alcoholic Beverages < 20% alc.,ethyl 2-furancarboxylate (=ethyl 2-furoate),Furans,,
CIDER (APPLE WINE),,Alcoholic Beverages < 20% alc.,cis-vitispirane,"(Ep)oxides, pyrans, coumarins",,
CIDER (APPLE WINE),,Alcoholic Beverages < 20% alc.,trans-vitispirane,"(Ep)oxides, pyrans, coumarins",,
CIDER (APPLE WINE),,Alcoholic Beverages < 20% alc.,"cis-2,4-dimethyl-1,3-dioxolane","(Ep)oxides, pyrans, coumarins",,
CIDER (APPLE WINE),,Alcoholic Beverages < 20% alc.,"trans-2,4-dimethyl-1,3-dioxolane","(Ep)oxides, pyrans, coumarins",,
CIDER (APPLE WINE),,Alcoholic Beverages < 20% alc.,"2-isopropyl-4-methyl-1,3-dioxolane","(Ep)oxides, pyrans, coumarins",,
CIDER (APPLE WINE),,Alcoholic Beverages < 20% alc.,"cis-2-isobutyl-4-methyl-1,3-dioxolane","(Ep)oxides, pyrans, coumarins",,
CIDER (APPLE WINE),,Alcoholic Beverages < 20% alc.,"trans-2-isobutyl-4-methyl-1,3-dioxolane","(Ep)oxides, pyrans, coumarins",,
CIDER (APPLE WINE),,Alcoholic Beverages < 20% alc.,"trans-4-methyl-2-pentyl-1,3-dioxolane","(Ep)oxides, pyrans, coumarins",,
CIDER (APPLE WINE),,Alcoholic Beverages < 20% alc.,"2,4,5-trimethyl-1,3-dioxolane","(Ep)oxides, pyrans, coumarins",,
CIDER (APPLE WINE),,Alcoholic Beverages < 20% alc.,"4-(hydroxymethyl)-2-methyl-1,3-dioxolane","(Ep)oxides, pyrans, coumarins",,
PASSION FRUIT WINE,,Alcoholic Beverages < 20% alc.,methanol,Alcohols,,
PASSION FRUIT WINE,,Alcoholic Beverages < 20% alc.,ethanol,Alcohols,,
PASSION FRUIT WINE,,Alcoholic Beverages < 20% alc.,2-methyl-1-propanol (=isobutanol),Alcohols,,
PASSION FRUIT WINE,,Alcoholic Beverages < 20% alc.,1-butanol,Alcohols,,
PASSION FRUIT WINE,,Alcoholic Beverages < 20% alc.,2-methyl-1-butanol (=active amyl alcohol),Alcohols,,
PASSION FRUIT WINE,,Alcoholic Beverages < 20% alc.,3-methyl-1-butanol (=isoamyl alcohol),Alcohols,,
PASSION FRUIT WINE,,Alcoholic Beverages < 20% alc.,1-hexanol,Alcohols,,
PASSION FRUIT WINE,,Alcoholic Beverages < 20% alc.,2-phenylethanol (=phenethyl alcohol),Alcohols,,
PASSION FRUIT WINE,,Alcoholic Beverages < 20% alc.,acetaldehyde (=ethanal),"Carbonyls, aldehydes",,
PASSION FRUIT WINE,,Alcoholic Beverages < 20% alc.,2-butanone (=ethyl methyl ketone),"Carbonyls, ketones",,
PASSION FRUIT WINE,,Alcoholic Beverages < 20% alc.,"2,3-butanedione (=diacetyl)","Carbonyls, ketones",,
PASSION FRUIT WINE,,Alcoholic Beverages < 20% alc.,ethyl acetate,Esters,,
PASSION FRUIT WINE,,Alcoholic Beverages < 20% alc.,"isopentyl acetate (=3-methylbutyl acetate, isoamyl acetate)",Esters,,
PASSION FRUIT WINE,,Alcoholic Beverages < 20% alc.,ethyl 2-methylpropanoate (=ethyl isobutyrate),Esters,,
PASSION FRUIT WINE,,Alcoholic Beverages < 20% alc.,isobutyl 2-methylpropanoate (=isobutyl isobutyrate),Esters,,
PASSION FRUIT WINE,,Alcoholic Beverages < 20% alc.,ethyl 3-methylbutanoate (=ethyl isovalerate),Esters,,
PASSION FRUIT WINE,,Alcoholic Beverages < 20% alc.,ethyl hexanoate (=ethyl caproate),Esters,,
PASSION FRUIT WINE,,Alcoholic Beverages < 20% alc.,hexyl hexanoate,Esters,,
PASSION FRUIT WINE,,Alcoholic Beverages < 20% alc.,ethyl heptanoate,Esters,,
PASSION FRUIT WINE,,Alcoholic Beverages < 20% alc.,ethyl octanoate (=ethyl caprylate),Esters,,
PASSION FRUIT WINE,,Alcoholic Beverages < 20% alc.,ethyl 2-decenoate,Esters,,
PASSION FRUIT WINE,,Alcoholic Beverages < 20% alc.,ethyl dodecanoate (=ethyl laurate),Esters,,
PASSION FRUIT WINE,,Alcoholic Beverages < 20% alc.,"1,1-diethoxyethane (=acetal, acetaldehyde diethyl acetal)",Acetals,,
SHERRY,,Alcoholic Beverages < 20% alc.,"1,2-dihydro-1,1,6-trimethylnaphthalene (=3,4-dehydroionene)",Hydrocarbons,,
SHERRY,,Alcoholic Beverages < 20% alc.,methanol,Alcohols,31,163
SHERRY,,Alcoholic Beverages < 20% alc.,ethanol,Alcohols,Present,Present
SHERRY,,Alcoholic Beverages < 20% alc.,2-aminoethanol (=ethanolamine),Alcohols,,
SHERRY,,Alcoholic Beverages < 20% alc.,1-propanol (=propyl alcohol),Alcohols,19,66
SHERRY,,Alcoholic Beverages < 20% alc.,2-amino-1-propanol,Alcohols,,
SHERRY,,Alcoholic Beverages < 20% alc.,3-ethoxy-1-propanol,Alcohols,1.8,2
SHERRY,,Alcoholic Beverages < 20% alc.,1-amino-2-propanol,Alcohols,,
SHERRY,,Alcoholic Beverages < 20% alc.,2-methyl-1-propanol (=isobutanol),Alcohols,35,115
SHERRY,,Alcoholic Beverages < 20% alc.,"glycerol (=1,2,3-propanetriol, glycerin)",Alcohols,270,5000
SHERRY,,Alcoholic Beverages < 20% alc.,1-butanol,Alcohols,5.2,5.9
SHERRY,,Alcoholic Beverages < 20% alc.,2-methyl-1-butanol (=active amyl alcohol),Alcohols,,
SHERRY,,Alcoholic Beverages < 20% alc.,3-methyl-1-butanol (=isoamyl alcohol),Alcohols,,
SHERRY,,Alcoholic Beverages < 20% alc.,2-ethyl-1-butanol,Alcohols,,
SHERRY,,Alcoholic Beverages < 20% alc.,"2,3-butanediol (=2,3-butylene glycol)",Alcohols,1.87,95
SHERRY,,Alcoholic Beverages < 20% alc.,"(2R,3R)-2,3-butanediol (levo)",Alcohols,575,575
SHERRY,,Alcoholic Beverages < 20% alc.,"(2S,3S)-2,3-butanediol (dextro)",Alcohols,20,20
SHERRY,,Alcoholic Beverages < 20% alc.,"(2R,3S)-2,3-butanediol (meso, erythro)",Alcohols,186,186
SHERRY,,Alcoholic Beverages < 20% alc.,1-pentanol (=amyl alcohol),Alcohols,0.08,0.13
SHERRY,,Alcoholic Beverages < 20% alc.,3-methyl-1-pentanol,Alcohols,0.04,0.1
SHERRY,,Alcoholic Beverages < 20% alc.,4-methyl-1-pentanol,Alcohols,,
SHERRY,,Alcoholic Beverages < 20% alc.,1-hexanol,Alcohols,0.8,1.08
SHERRY,,Alcoholic Beverages < 20% alc.,3-hexen-1-ol,Alcohols,0.24,0.24
SHERRY,,Alcoholic Beverages < 20% alc.,(Z)-3-hexen-1-ol (=leaf alcohol),Alcohols,0.09,0.17
SHERRY,,Alcoholic Beverages < 20% alc.,(E)-3-hexen-1-ol,Alcohols,0.3,0.4
SHERRY,,Alcoholic Beverages < 20% alc.,2-ethyl-1-hexanol,Alcohols,,
SHERRY,,Alcoholic Beverages < 20% alc.,1-heptanol,Alcohols,,
SHERRY,,Alcoholic Beverages < 20% alc.,1-octanol,Alcohols,,
SHERRY,,Alcoholic Beverages < 20% alc.,5-nonanol,Alcohols,,
SHERRY,,Alcoholic Beverages < 20% alc.,1-decanol,Alcohols,,
SHERRY,,Alcoholic Beverages < 20% alc.,"(E,E)-farnesol",Alcohols,,
SHERRY,,Alcoholic Beverages < 20% alc.,(E)-nerolidol,Alcohols,,
SHERRY,,Alcoholic Beverages < 20% alc.,benzyl alcohol (=benzenemethanol),Alcohols,0.1,0.7
SHERRY,,Alcoholic Beverages < 20% alc.,2-phenylethanol (=phenethyl alcohol),Alcohols,26.6,254
SHERRY,,Alcoholic Beverages < 20% alc.,2-(4-hydroxyphenyl)ethanol (=tyrosol),Alcohols,4.9,4.9
SHERRY,,Alcoholic Beverages < 20% alc.,acetaldehyde (=ethanal),"Carbonyls, aldehydes",100,500
SHERRY,,Alcoholic Beverages < 20% alc.,"2-methylpropanal (=isobutanal, isobutyraldehyde)","Carbonyls, aldehydes",,
SHERRY,,Alcoholic Beverages < 20% alc.,benzaldehyde,"Carbonyls, aldehydes",,
SHERRY,,Alcoholic Beverages < 20% alc.,2-hydroxybenzaldehyde (=salicylaldehyde),"Carbonyls, aldehydes",0.015,0.015
SHERRY,,Alcoholic Beverages < 20% alc.,4-hydroxybenzaldehyde (=4-formylphenol),"Carbonyls, aldehydes",0.03,0.03
SHERRY,,Alcoholic Beverages < 20% alc.,4-methoxybenzaldehyde (=anisaldehyde),"Carbonyls, aldehydes",,
SHERRY,,Alcoholic Beverages < 20% alc.,"3,4-dihydroxybenzaldehyde","Carbonyls, aldehydes",,
SHERRY,,Alcoholic Beverages < 20% alc.,vanillin (=4-hydroxy-3-methoxybenzaldehyde),"Carbonyls, aldehydes",0.04,0.04
SHERRY,,Alcoholic Beverages < 20% alc.,"syringaldehyde (=4-hydroxy-3,5-dimethoxy-benzaldehyde)","Carbonyls, aldehydes",0.035,0.035
SHERRY,,Alcoholic Beverages < 20% alc.,cinnamaldehyde (=3-phenyl-2-propenal),"Carbonyls, aldehydes",,
SHERRY,,Alcoholic Beverages < 20% alc.,α-methylcinnamaldehyde (=2-methyl-3-phenyl-2-propenal),"Carbonyls, aldehydes",,
SHERRY,,Alcoholic Beverages < 20% alc.,piperonal (=heliotropin),"Carbonyls, aldehydes",0.1,0.1
SHERRY,,Alcoholic Beverages < 20% alc.,"acetone (=2-propanone, dimethyl ketone)","Carbonyls, ketones",3,8.5
SHERRY,,Alcoholic Beverages < 20% alc.,3-hydroxy-2-butanone (=acetoin),"Carbonyls, ketones",166,220
SHERRY,,Alcoholic Beverages < 20% alc.,"2,3-butanedione (=diacetyl)","Carbonyls, ketones",,
SHERRY,,Alcoholic Beverages < 20% alc.,3-hydroxy-2-pentanone (=acetyl ethyl carbinol),"Carbonyls, ketones",<0.1,<0.1
SHERRY,,Alcoholic Beverages < 20% alc.,2-hydroxy-3-pentanone,"Carbonyls, ketones",<0.1,<0.1
SHERRY,,Alcoholic Beverages < 20% alc.,2-hydroxy-5-methyl-3-hexanone,"Carbonyls, ketones",<0.1,<0.1
SHERRY,,Alcoholic Beverages < 20% alc.,acetophenone (=1-phenylethanone),"Carbonyls, ketones",,
SHERRY,,Alcoholic Beverages < 20% alc.,2-hydroxyacetophenone,"Carbonyls, ketones",0.12,0.12
SHERRY,,Alcoholic Beverages < 20% alc.,4-hydroxyacetophenone,"Carbonyls, ketones",0.4,0.4
SHERRY,,Alcoholic Beverages < 20% alc.,4-methoxyacetophenone (=acetanisole),"Carbonyls, ketones",,
SHERRY,,Alcoholic Beverages < 20% alc.,acetovanillone,"Carbonyls, ketones",0.15,0.15
SHERRY,,Alcoholic Beverages < 20% alc.,acetosyringone,"Carbonyls, ketones",0.025,0.025
SHERRY,,Alcoholic Beverages < 20% alc.,3-hydroxy-1-phenyl-2-butanone,"Carbonyls, ketones",<0.1,<0.1
SHERRY,,Alcoholic Beverages < 20% alc.,3-hydroxy-4-phenyl-2-butanone,"Carbonyls, ketones",<0.1,<0.1
SHERRY,,Alcoholic Beverages < 20% alc.,formic acid,Acids,,
SHERRY,,Alcoholic Beverages < 20% alc.,acetic acid,Acids,0.3,0.5
SHERRY,,Alcoholic Beverages < 20% alc.,propanoic acid (=propionic acid),Acids,0.05,0.06
SHERRY,,Alcoholic Beverages < 20% alc.,2-methylpropanoic acid (=isobutyric acid),Acids,,
SHERRY,,Alcoholic Beverages < 20% alc.,2-hydroxypropanoic acid (=lactic acid),Acids,,
SHERRY,,Alcoholic Beverages < 20% alc.,butanoic acid (=butyric acid),Acids,0.06,0.3
SHERRY,,Alcoholic Beverages < 20% alc.,3-methylbutanoic acid (=isovaleric acid),Acids,,
SHERRY,,Alcoholic Beverages < 20% alc.,2-hydroxybutanoic acid,Acids,,
SHERRY,,Alcoholic Beverages < 20% alc.,2-hydroxy-3-methylbutanoic acid,Acids,,
SHERRY,,Alcoholic Beverages < 20% alc.,pentanoic acid (=valeric acid),Acids,0.05,0.07
SHERRY,,Alcoholic Beverages < 20% alc.,hexanoic acid (=caproic acid),Acids,0.02,2.5
SHERRY,,Alcoholic Beverages < 20% alc.,2-hydroxyhexanoic acid,Acids,,
SHERRY,,Alcoholic Beverages < 20% alc.,heptanoic acid (=enanthic acid),Acids,,
SHERRY,,Alcoholic Beverages < 20% alc.,octanoic acid (=caprylic acid),Acids,0,1.1
SHERRY,,Alcoholic Beverages < 20% alc.,3-hydroxyoctanoic acid,Acids,,
SHERRY,,Alcoholic Beverages < 20% alc.,nonanoic acid (=pelargonic acid),Acids,,
SHERRY,,Alcoholic Beverages < 20% alc.,decanoic acid (=capric acid),Acids,0,0.7
SHERRY,,Alcoholic Beverages < 20% alc.,dodecanoic acid (=lauric acid),Acids,,
SHERRY,,Alcoholic Beverages < 20% alc.,tetradecanoic acid (=myristic acid),Acids,,
SHERRY,,Alcoholic Beverages < 20% alc.,hexadecanoic acid (=palmitic acid),Acids,,
SHERRY,,Alcoholic Beverages < 20% alc.,9-hexadecenoic acid,Acids,,
SHERRY,,Alcoholic Beverages < 20% alc.,octadecanoic acid (=stearic acid),Acids,,
SHERRY,,Alcoholic Beverages < 20% alc.,(Z)-9-octadecenoic acid (=oleic acid),Acids,,
SHERRY,,Alcoholic Beverages < 20% alc.,benzoic acid,Acids,,
SHERRY,,Alcoholic Beverages < 20% alc.,3-hydroxybenzoic acid,Acids,,
SHERRY,,Alcoholic Beverages < 20% alc.,4-hydroxybenzoic acid,Acids,,
SHERRY,,Alcoholic Beverages < 20% alc.,"2,4-dihydroxybenzoic acid (=β-resorcylic acid)",Acids,,
SHERRY,,Alcoholic Beverages < 20% alc.,"2,5-dihydroxybenzoic acid (=gentisic acid)",Acids,,
SHERRY,,Alcoholic Beverages < 20% alc.,"2,6-dihydroxybenzoic acid (=γ-resorcylic acid)",Acids,,
SHERRY,,Alcoholic Beverages < 20% alc.,"3,4-dihydroxybenzoic acid (=protocatechuic acid)",Acids,,
SHERRY,,Alcoholic Beverages < 20% alc.,4-hydroxy-3-methoxybenzoic acid (=vanillic acid),Acids,,
SHERRY,,Alcoholic Beverages < 20% alc.,"2,4-dimethoxybenzoic acid",Acids,,
SHERRY,,Alcoholic Beverages < 20% alc.,"2,6-dimethoxybenzoic acid",Acids,,
SHERRY,,Alcoholic Beverages < 20% alc.,"3,4-dimethoxybenzoic acid (=veratric acid)",Acids,,
SHERRY,,Alcoholic Beverages < 20% alc.,"3,5-dimethoxybenzoic acid",Acids,,
SHERRY,,Alcoholic Beverages < 20% alc.,"3,4,5-trihydroxybenzoic acid (=gallic acid)",Acids,,
SHERRY,,Alcoholic Beverages < 20% alc.,"2,4,6-trihydroxybenzoic acid",Acids,,
SHERRY,,Alcoholic Beverages < 20% alc.,"4-hydroxy-3,5-dimethoxybenzoic acid (=syringic acid)",Acids,,
SHERRY,,Alcoholic Beverages < 20% alc.,phenylacetic acid,Acids,,
SHERRY,,Alcoholic Beverages < 20% alc.,2-hydroxy-3-phenylpropanoic acid (=3-phenyllactic acid),Acids,,
SHERRY,,Alcoholic Beverages < 20% alc.,2-hydroxycinnamic acid (=o-coumaric acid),Acids,,
SHERRY,,Alcoholic Beverages < 20% alc.,3-hydroxycinnamic acid (=m-coumaric acid),Acids,,
SHERRY,,Alcoholic Beverages < 20% alc.,4-hydroxycinnamic acid (=p-coumaric acid),Acids,,
SHERRY,,Alcoholic Beverages < 20% alc.,"3,4-dihydroxycinnamic acid (=caffeic acid)",Acids,,
SHERRY,,Alcoholic Beverages < 20% alc.,4-hydroxy-3-methoxycinnamic acid (=ferulic acid),Acids,,
SHERRY,,Alcoholic Beverages < 20% alc.,"4-hydroxy-3,5-dimethoxycinnamic acid (=sinapic acid)",Acids,,
SHERRY,,Alcoholic Beverages < 20% alc.,"3,4,5-trimethoxycinnamic acid",Acids,,
SHERRY,,Alcoholic Beverages < 20% alc.,butyl formate,Esters,,
SHERRY,,Alcoholic Beverages < 20% alc.,phenethyl formate,Esters,,
SHERRY,,Alcoholic Beverages < 20% alc.,ethyl carbamate (=urethane),Esters,0,0.5
SHERRY,,Alcoholic Beverages < 20% alc.,methyl acetate,Esters,27,41
SHERRY,,Alcoholic Beverages < 20% alc.,ethyl acetate,Esters,8,280
SHERRY,,Alcoholic Beverages < 20% alc.,ethyl N-acetylglycinate (=ethyl acetamidoacetate),Esters,,
SHERRY,,Alcoholic Beverages < 20% alc.,"1,3-propanediol monoacetate (=3-acetoxy-1-propanol)",Esters,1.5,1.8
SHERRY,,Alcoholic Beverages < 20% alc.,isobutyl acetate (=2-methylpropyl acetate),Esters,,
SHERRY,,Alcoholic Beverages < 20% alc.,2-methylbutyl acetate,Esters,,
SHERRY,,Alcoholic Beverages < 20% alc.,"2,3-butanediol monoacetate (=3-acetoxy-2-butanol)",Esters,,
SHERRY,,Alcoholic Beverages < 20% alc.,"isopentyl acetate (=3-methylbutyl acetate, isoamyl acetate)",Esters,trace,trace
SHERRY,,Alcoholic Beverages < 20% alc.,hexyl acetate,Esters,0.04,0.04
SHERRY,,Alcoholic Beverages < 20% alc.,phenethyl acetate,Esters,0.01,0.13
SHERRY,,Alcoholic Beverages < 20% alc.,2-(4-hydroxyphenyl)ethyl acetate (=tyrosyl acetate),Esters,0.37,0.37
SHERRY,,Alcoholic Beverages < 20% alc.,ethyl propanoate,Esters,0.27,0.27
SHERRY,,Alcoholic Beverages < 20% alc.,ethyl 2-methylpropanoate (=ethyl isobutyrate),Esters,,
SHERRY,,Alcoholic Beverages < 20% alc.,isobutyl 2-methylpropanoate (=isobutyl isobutyrate),Esters,,
SHERRY,,Alcoholic Beverages < 20% alc.,hexyl 2-methylpropanoate (=hexyl isobutyrate),Esters,,
SHERRY,,Alcoholic Beverages < 20% alc.,ethyl 2-hydroxypropanoate (=ethyl lactate),Esters,3.8,63
SHERRY,,Alcoholic Beverages < 20% alc.,isopentyl 2-hydroxypropanoate (=isoamyl lactate),Esters,,
SHERRY,,Alcoholic Beverages < 20% alc.,ethyl 3-hydroxypropanoate,Esters,,
SHERRY,,Alcoholic Beverages < 20% alc.,ethyl butanoate,Esters,0.38,0.38
SHERRY,,Alcoholic Beverages < 20% alc.,phenethyl butanoate,Esters,,
SHERRY,,Alcoholic Beverages < 20% alc.,isopentyl 2-methylbutanoate (=3-methylbutyl 2-methyl-butanoate),Esters,,
SHERRY,,Alcoholic Beverages < 20% alc.,ethyl 3-methylbutanoate (=ethyl isovalerate),Esters,0.29,0.29
SHERRY,,Alcoholic Beverages < 20% alc.,2-methylbutyl 3-methylbutanoate,Esters,,
SHERRY,,Alcoholic Beverages < 20% alc.,"isopentyl 3-methylbutanoate (=3-methylbutyl 3-methylbutanoate, isoamyl isovalerate)",Esters,,
SHERRY,,Alcoholic Beverages < 20% alc.,ethyl 3-hydroxybutanoate,Esters,0.7,1.1
SHERRY,,Alcoholic Beverages < 20% alc.,ethyl 4-hydroxybutanoate,Esters,25,26
SHERRY,,Alcoholic Beverages < 20% alc.,ethyl 2-hydroxy-3-methylbutanoate,Esters,,
SHERRY,,Alcoholic Beverages < 20% alc.,ethyl N-acetylvalinate,Esters,,
SHERRY,,Alcoholic Beverages < 20% alc.,ethyl pentanoate,Esters,,
SHERRY,,Alcoholic Beverages < 20% alc.,ethyl 2-hydroxy-4-methylpentanoate,Esters,0.83,0.83
SHERRY,,Alcoholic Beverages < 20% alc.,ethyl N-acetylleucinate,Esters,,
SHERRY,,Alcoholic Beverages < 20% alc.,ethyl hexanoate (=ethyl caproate),Esters,0.2,0.56
SHERRY,,Alcoholic Beverages < 20% alc.,isobutyl hexanoate,Esters,,
SHERRY,,Alcoholic Beverages < 20% alc.,2-methylbutyl hexanoate,Esters,,
SHERRY,,Alcoholic Beverages < 20% alc.,isopentyl hexanoate,Esters,,
SHERRY,,Alcoholic Beverages < 20% alc.,hexyl hexanoate,Esters,,
SHERRY,,Alcoholic Beverages < 20% alc.,phenethyl hexanoate,Esters,,
SHERRY,,Alcoholic Beverages < 20% alc.,ethyl octanoate (=ethyl caprylate),Esters,0.04,0.3
SHERRY,,Alcoholic Beverages < 20% alc.,isobutyl octanoate,Esters,,
SHERRY,,Alcoholic Beverages < 20% alc.,2-methylbutyl octanoate,Esters,,
SHERRY,,Alcoholic Beverages < 20% alc.,isopentyl octanoate,Esters,,
SHERRY,,Alcoholic Beverages < 20% alc.,ethyl nonanoate,Esters,,
SHERRY,,Alcoholic Beverages < 20% alc.,ethyl decanoate (=ethyl caprate),Esters,0.01,0.1
SHERRY,,Alcoholic Beverages < 20% alc.,isopentyl decanoate,Esters,,
SHERRY,,Alcoholic Beverages < 20% alc.,ethyl 9-decenoate,Esters,,
SHERRY,,Alcoholic Beverages < 20% alc.,ethyl dodecanoate (=ethyl laurate),Esters,0.03,0.05
SHERRY,,Alcoholic Beverages < 20% alc.,ethyl tetradecanoate (=ethyl myristate),Esters,,
SHERRY,,Alcoholic Beverages < 20% alc.,methyl hexadecanoate (=methyl palmitate),Esters,,
SHERRY,,Alcoholic Beverages < 20% alc.,monoethyl succinate (=monoethyl butanedioate),Esters,,
SHERRY,,Alcoholic Beverages < 20% alc.,ethyl methyl succinate (=ethyl methyl butanedioate),Esters,,
SHERRY,,Alcoholic Beverages < 20% alc.,diethyl succinate (=diethyl butanedioate),Esters,7,66
SHERRY,,Alcoholic Beverages < 20% alc.,ethyl propyl succinate (=ethyl propyl butanedioate),Esters,,
SHERRY,,Alcoholic Beverages < 20% alc.,ethyl isobutyl succinate (=ethyl isobutyl butanedioate),Esters,,
SHERRY,,Alcoholic Beverages < 20% alc.,ethyl isopentyl succinate,Esters,,
SHERRY,,Alcoholic Beverages < 20% alc.,ethyl phenethyl succinate,Esters,,
SHERRY,,Alcoholic Beverages < 20% alc.,monoethyl malate,Esters,,
SHERRY,,Alcoholic Beverages < 20% alc.,diethyl malate,Esters,2,16
SHERRY,,Alcoholic Beverages < 20% alc.,monoethyl tartrate,Esters,,
SHERRY,,Alcoholic Beverages < 20% alc.,diethyl tartrate,Esters,0.5,100
SHERRY,,Alcoholic Beverages < 20% alc.,ethyl phenylacetate,Esters,,
SHERRY,,Alcoholic Beverages < 20% alc.,ethyl cinnamate,Esters,,
SHERRY,,Alcoholic Beverages < 20% alc.,ethyl 2-hydroxy-3-phenyl-propanoate,Esters,,
SHERRY,,Alcoholic Beverages < 20% alc.,diethyl phthalate,Esters,,
SHERRY,,Alcoholic Beverages < 20% alc.,"4-hydroxybutanoic acid lactone (=dihydro-2(3H)-furanone, 4-butanolide, γ-butyrolactone)",Lactones,0.8,37
SHERRY,,Alcoholic Beverages < 20% alc.,4-ethoxy-4-hydroxybutanoic acid lactone,Lactones,,
SHERRY,,Alcoholic Beverages < 20% alc.,4-(ethoxycarbonyl)-4-hydroxy-butanoic acid lactone,Lactones,,
SHERRY,,Alcoholic Beverages < 20% alc.,"2,4-dihydroxy-3,3-dimethyl-butanoic acid lactone (=pantolactone)",Lactones,,
SHERRY,,Alcoholic Beverages < 20% alc.,"4,5-dihydroxyhexanoic acid lactone (5-ring) (=sherry lactone, dihydrosolerone, solerol)",Lactones,,
SHERRY,,Alcoholic Beverages < 20% alc.,"(4S,5S)-4,5-dihydroxyhexanoic acid lactone (5-ring) (=(4S,5S)-solerol)",Lactones,,
SHERRY,,Alcoholic Beverages < 20% alc.,"(4S,5R)-4,5-dihydroxyhexanoic acid lactone (5-ring) (=(4S,5R)-solerol)",Lactones,,
SHERRY,,Alcoholic Beverages < 20% alc.,"(4R,5S)-4,5-dihydroxyhexanoic acid lactone (5-ring) (=(4R,5S)-solerol)",Lactones,,
SHERRY,,Alcoholic Beverages < 20% alc.,"(4R,5R)-4,5-dihydroxyhexanoic acid lactone (5-ring) (=(4R,5R)-solerol)",Lactones,,
SHERRY,,Alcoholic Beverages < 20% alc.,4-hydroxy-5-oxohexanoic acid lactone (5-ring) (=solerone),Lactones,0.04,0.1
SHERRY,,Alcoholic Beverages < 20% alc.,(4S)-4-hydroxy-5-oxohexanoic acid lactone (5-ring) (=(4S)-solerone),Lactones,,
SHERRY,,Alcoholic Beverages < 20% alc.,(4R)-4-hydroxy-5-oxohexanoic acid lactone (5-ring) (=(4R)-solerone),Lactones,,
SHERRY,,Alcoholic Beverages < 20% alc.,"4-hydroxyheptanoic acid lactone (=4-heptanolide, γ-heptalactone)",Lactones,,
SHERRY,,Alcoholic Beverages < 20% alc.,4-hydroxy-5-oxoheptanoic acid lactone,Lactones,,
SHERRY,,Alcoholic Beverages < 20% alc.,"4-hydroxyoctanoic acid lactone (=4-octanolide, γ-octalactone, 5-butyldihydro-2(3H)-furanone)",Lactones,,
SHERRY,,Alcoholic Beverages < 20% alc.,"5-hydroxyoctanoic acid lactone (=5-octanolide, δ-octalactone)",Lactones,,
SHERRY,,Alcoholic Beverages < 20% alc.,4-hydroxy-3-methyloctanoic acid lactone,Lactones,0.17,0.17
SHERRY,,Alcoholic Beverages < 20% alc.,"4-hydroxynonanoic acid lactone (=4-nonanolide, γ-nonalactone)",Lactones,,
SHERRY,,Alcoholic Beverages < 20% alc.,"4-hydroxydecanoic acid lactone (=4-decanolide, γ-decalactone)",Lactones,,
SHERRY,,Alcoholic Beverages < 20% alc.,"5-hydroxydecanoic acid lactone (=5-decanolide, δ-decalactone)",Lactones,,
SHERRY,,Alcoholic Beverages < 20% alc.,"5-hydroxydodecanoic acid lactone (=5-dodecanolide, δ-dodecalactone)",Lactones,,
SHERRY,,Alcoholic Beverages < 20% alc.,methylamine,Bases,,
SHERRY,,Alcoholic Beverages < 20% alc.,ethylamine,Bases,,
SHERRY,,Alcoholic Beverages < 20% alc.,isopropylamine,Bases,,
SHERRY,,Alcoholic Beverages < 20% alc.,butylamine,Bases,,
SHERRY,,Alcoholic Beverages < 20% alc.,isobutylamine,Bases,,
SHERRY,,Alcoholic Beverages < 20% alc.,tert-butylamine,Bases,,
SHERRY,,Alcoholic Beverages < 20% alc.,isopentylamine,Bases,,
SHERRY,,Alcoholic Beverages < 20% alc.,hexylamine,Bases,,
SHERRY,,Alcoholic Beverages < 20% alc.,dimethylamine,Bases,,
SHERRY,,Alcoholic Beverages < 20% alc.,N-ethylpropylamine,Bases,,
SHERRY,,Alcoholic Beverages < 20% alc.,dipropylamine,Bases,,
SHERRY,,Alcoholic Beverages < 20% alc.,N-butylmethylamine,Bases,,
SHERRY,,Alcoholic Beverages < 20% alc.,N-butylethylamine,Bases,,
SHERRY,,Alcoholic Beverages < 20% alc.,N-butylisopropylamine,Bases,,
SHERRY,,Alcoholic Beverages < 20% alc.,N-isobutylpropylamine,Bases,,
SHERRY,,Alcoholic Beverages < 20% alc.,diisobutylamine,Bases,,
SHERRY,,Alcoholic Beverages < 20% alc.,diisopentylamine,Bases,,
SHERRY,,Alcoholic Beverages < 20% alc.,N-hexylmethylamine,Bases,,
SHERRY,,Alcoholic Beverages < 20% alc.,N-hexylpropylamine,Bases,,
SHERRY,,Alcoholic Beverages < 20% alc.,N-heptylmethylamine,Bases,,
SHERRY,,Alcoholic Beverages < 20% alc.,N-heptylpropylamine,Bases,,
SHERRY,,Alcoholic Beverages < 20% alc.,trimethylamine,Bases,,
SHERRY,,Alcoholic Beverages < 20% alc.,N-methyldipropylamine,Bases,,
SHERRY,,Alcoholic Beverages < 20% alc.,"N,N-dibutylmethylamine",Bases,,
SHERRY,,Alcoholic Beverages < 20% alc.,"N,N-dibutylpropylamine",Bases,,
SHERRY,,Alcoholic Beverages < 20% alc.,N-butyldipropylamine,Bases,,
SHERRY,,Alcoholic Beverages < 20% alc.,N-sec-butyldiethylamine,Bases,,
SHERRY,,Alcoholic Beverages < 20% alc.,N-tert-butyldiethylamine,Bases,,
SHERRY,,Alcoholic Beverages < 20% alc.,N-butyldiethylamine,Bases,,
SHERRY,,Alcoholic Beverages < 20% alc.,"1,2-diaminopropane",Bases,,
SHERRY,,Alcoholic Beverages < 20% alc.,"1,4-butanediamine (=putrescine)",Bases,0.73,0.73
SHERRY,,Alcoholic Beverages < 20% alc.,"1,5-pentanediamine (=cadaverine)",Bases,,
SHERRY,,Alcoholic Beverages < 20% alc.,"1,6-diaminohexane (=hexamethylenediamine)",Bases,,
SHERRY,,Alcoholic Beverages < 20% alc.,N-cyclohexyldimethylamine,Bases,,
SHERRY,,Alcoholic Beverages < 20% alc.,N-cyclohexyldiethylamine,Bases,,
SHERRY,,Alcoholic Beverages < 20% alc.,benzylamine,Bases,,
SHERRY,,Alcoholic Beverages < 20% alc.,N-benzylmethylamine,Bases,,
SHERRY,,Alcoholic Beverages < 20% alc.,phenethylamine,Bases,,
SHERRY,,Alcoholic Beverages < 20% alc.,histamine,Bases,5.48,5.48
SHERRY,,Alcoholic Beverages < 20% alc.,ethyl 2-pyrrolidone-5-carboxylate,Bases,,
SHERRY,,Alcoholic Beverages < 20% alc.,1-methylpyrrole,Bases,,
SHERRY,,Alcoholic Beverages < 20% alc.,1-ethylpyrrole,Bases,,
SHERRY,,Alcoholic Beverages < 20% alc.,1-propylpyrrole,Bases,,
SHERRY,,Alcoholic Beverages < 20% alc.,"2-acetyl-1,3-dimethylindole",Bases,,
SHERRY,,Alcoholic Beverages < 20% alc.,piperidine,Bases,,
SHERRY,,Alcoholic Beverages < 20% alc.,1-methylpiperidine,Bases,,
SHERRY,,Alcoholic Beverages < 20% alc.,1-ethylpiperidine,Bases,,
SHERRY,,Alcoholic Beverages < 20% alc.,1-acetylpiperidine,Bases,,
SHERRY,,Alcoholic Beverages < 20% alc.,pyridine,Bases,,
SHERRY,,Alcoholic Beverages < 20% alc.,2-methylpyridine (=α-picoline),Bases,,
SHERRY,,Alcoholic Beverages < 20% alc.,3-methylpyridine (=β-picoline),Bases,,
SHERRY,,Alcoholic Beverages < 20% alc.,4-methylpyridine (=γ-picoline),Bases,,
SHERRY,,Alcoholic Beverages < 20% alc.,"2,4-dimethylpyridine (=2,4-lutidine)",Bases,,
SHERRY,,Alcoholic Beverages < 20% alc.,"2,6-dimethylpyridine (=2,6-lutidine)",Bases,,
SHERRY,,Alcoholic Beverages < 20% alc.,piperazine,Bases,,
SHERRY,,Alcoholic Beverages < 20% alc.,1-methylpiperazine,Bases,,
SHERRY,,Alcoholic Beverages < 20% alc.,2-methylpiperazine,Bases,,
SHERRY,,Alcoholic Beverages < 20% alc.,dimethylpiperazine (unkn.str.),Bases,,
SHERRY,,Alcoholic Beverages < 20% alc.,"trans-2,5-dimethylpiperazine",Bases,,
SHERRY,,Alcoholic Beverages < 20% alc.,pyrazine,Bases,,
SHERRY,,Alcoholic Beverages < 20% alc.,"2,3-dimethylpyrazine",Bases,,
SHERRY,,Alcoholic Beverages < 20% alc.,trimethylpyrazine,Bases,,
SHERRY,,Alcoholic Beverages < 20% alc.,tetramethylpyrazine,Bases,,
SHERRY,,Alcoholic Beverages < 20% alc.,2-methoxy-3-methylpyrazine,Bases,,
SHERRY,,Alcoholic Beverages < 20% alc.,2-ethyl-3-methoxypyrazine,Bases,,
SHERRY,,Alcoholic Beverages < 20% alc.,2-methoxy-3-propylpyrazine,Bases,,
SHERRY,,Alcoholic Beverages < 20% alc.,2-isobutyl-3-methoxypyrazine,Bases,,
SHERRY,,Alcoholic Beverages < 20% alc.,"dimethyl sulfide (=thiobismethane, methylthiomethane, methyl sulfide)",Sulfur compounds,0.003,0.004
SHERRY,,Alcoholic Beverages < 20% alc.,dimethyl disulfide (=methyldithiomethane),Sulfur compounds,0.0002,0.0008
SHERRY,,Alcoholic Beverages < 20% alc.,"dimethyl trisulfide (=2,3,4-trithiapentane, methyltrithiomethane)",Sulfur compounds,0.0001,0.0003
SHERRY,,Alcoholic Beverages < 20% alc.,3-(methylthio)-1-propanol (=methionol),Sulfur compounds,1.4,1.6
SHERRY,,Alcoholic Beverages < 20% alc.,2-thiophenecarbaldehyde (=2-formylthiophene),Sulfur compounds,,
SHERRY,,Alcoholic Beverages < 20% alc.,"1,1-diethoxyethane (=acetal, acetaldehyde diethyl acetal)",Acetals,,
SHERRY,,Alcoholic Beverages < 20% alc.,1-ethoxy-1-propoxyethane,Acetals,,
SHERRY,,Alcoholic Beverages < 20% alc.,1-butoxy-1-ethoxyethane,Acetals,,
SHERRY,,Alcoholic Beverages < 20% alc.,1-ethoxy-1-(2-methylbutoxy)-ethane,Acetals,,
SHERRY,,Alcoholic Beverages < 20% alc.,1-ethoxy-1-(3-methylbutoxy)-ethane,Acetals,,
SHERRY,,Alcoholic Beverages < 20% alc.,1-ethoxy-1-phenethoxyethane,Acetals,,
SHERRY,,Alcoholic Beverages < 20% alc.,"1,1-bis(2-methylbutoxy)ethane",Acetals,,
SHERRY,,Alcoholic Beverages < 20% alc.,1-(2-methylbutoxy)-1-(3-methyl-butoxy)ethane,Acetals,,
SHERRY,,Alcoholic Beverages < 20% alc.,1-(2-methylbutoxy)-1-phenethoxyethane,Acetals,,
SHERRY,,Alcoholic Beverages < 20% alc.,"1,1-bis(3-methylbutoxy)ethane",Acetals,,
SHERRY,,Alcoholic Beverages < 20% alc.,1-(3-methylbutoxy)-1-phenethoxyethane,Acetals,,
SHERRY,,Alcoholic Beverages < 20% alc.,"1,1-diethoxypropane",Acetals,,
SHERRY,,Alcoholic Beverages < 20% alc.,"1,1-diethoxy-3-methylbutane",Acetals,,
SHERRY,,Alcoholic Beverages < 20% alc.,"1,1-diethoxy-2-phenylethane",Acetals,,
SHERRY,,Alcoholic Beverages < 20% alc.,"N,N-dimethylformamide",Nitriles and amides,,
SHERRY,,Alcoholic Beverages < 20% alc.,N-ethylacetamide,Nitriles and amides,,
SHERRY,,Alcoholic Beverages < 20% alc.,N-propylacetamide (=N-acetylpropylamine),Nitriles and amides,,
SHERRY,,Alcoholic Beverages < 20% alc.,N-isopropylacetamide,Nitriles and amides,,
SHERRY,,Alcoholic Beverages < 20% alc.,N-butylacetamide,Nitriles and amides,,
SHERRY,,Alcoholic Beverages < 20% alc.,N-sec-butylacetamide,Nitriles and amides,,
SHERRY,,Alcoholic Beverages < 20% alc.,N-tert-butylacetamide,Nitriles and amides,,
SHERRY,,Alcoholic Beverages < 20% alc.,N-isobutylacetamide,Nitriles and amides,,
SHERRY,,Alcoholic Beverages < 20% alc.,N-pentylacetamide,Nitriles and amides,,
SHERRY,,Alcoholic Beverages < 20% alc.,N-isopentylacetamide,Nitriles and amides,,
SHERRY,,Alcoholic Beverages < 20% alc.,N-hexylacetamide,Nitriles and amides,,
SHERRY,,Alcoholic Beverages < 20% alc.,N-cyclohexylacetamide,Nitriles and amides,,
SHERRY,,Alcoholic Beverages < 20% alc.,N-(2-phenethyl)acetamide,Nitriles and amides,,
SHERRY,,Alcoholic Beverages < 20% alc.,"N,N-diethylacetamide",Nitriles and amides,,
SHERRY,,Alcoholic Beverages < 20% alc.,phenol (=hydroxybenzene),Phenols,trace,trace
SHERRY,,Alcoholic Beverages < 20% alc.,2-methylphenol (=o-cresol),Phenols,trace,trace
SHERRY,,Alcoholic Beverages < 20% alc.,3-methylphenol (=m-cresol),Phenols,0.01,0.01
SHERRY,,Alcoholic Beverages < 20% alc.,4-methylphenol (=p-cresol),Phenols,0.01,0.01
SHERRY,,Alcoholic Beverages < 20% alc.,2-ethylphenol,Phenols,0.05,0.05
SHERRY,,Alcoholic Beverages < 20% alc.,4-ethylphenol,Phenols,0.35,0.35
SHERRY,,Alcoholic Beverages < 20% alc.,4-vinylphenol,Phenols,0.02,0.02
SHERRY,,Alcoholic Beverages < 20% alc.,"4-ethyl-1,3-benzenediol",Phenols,,
SHERRY,,Alcoholic Beverages < 20% alc.,2-methoxyphenol (=guaiacol),Phenols,,
SHERRY,,Alcoholic Beverages < 20% alc.,"2-methoxy-4-methylphenol (=4-methylguaiacol, creosol)",Phenols,trace,trace
SHERRY,,Alcoholic Beverages < 20% alc.,4-ethyl-2-methoxyphenol (=4-ethylguaiacol),Phenols,0.08,0.08
SHERRY,,Alcoholic Beverages < 20% alc.,2-methoxy-4-vinylphenol (=4-vinylguaiacol),Phenols,0.05,0.05
SHERRY,,Alcoholic Beverages < 20% alc.,eugenol (=4-allyl-2-methoxyphenol),Phenols,0.01,0.01
SHERRY,,Alcoholic Beverages < 20% alc.,"methyleugenol (=4-allyl-1,2-dimethoxybenzene)",Phenols,trace,trace
SHERRY,,Alcoholic Beverages < 20% alc.,"4-ethyl-2,6-dimethoxyphenol (=4-ethylsyringol)",Phenols,0.04,0.04
SHERRY,,Alcoholic Beverages < 20% alc.,"4-isopropyl-2,6-dimethoxyphenol (=4-isopropylsyringol)",Phenols,trace,trace
SHERRY,,Alcoholic Beverages < 20% alc.,"4-allyl-2,6-dimethoxyphenol (=5-methoxyeugenol)",Phenols,,
SHERRY,,Alcoholic Beverages < 20% alc.,"furfural (=2-formylfuran, 2-furancarbaldehyde, 2-furaldehyde)",Furans,,
SHERRY,,Alcoholic Beverages < 20% alc.,5-methylfurfural,Furans,,
SHERRY,,Alcoholic Beverages < 20% alc.,5-(hydroxymethyl)furfural,Furans,0,680
SHERRY,,Alcoholic Beverages < 20% alc.,"4,5-dimethyldihydro- (2H,5H)-furan-2,3-dione",Furans,,
SHERRY,,Alcoholic Beverages < 20% alc.,"3-hydroxy-4,5-dimethyl-2(5H)-furanone (=sotolone)",Furans,0.02,0.07
SHERRY,,Alcoholic Beverages < 20% alc.,"2-acetylfuran (=2-furyl methyl ketone, 1-(2-furyl)ethanone)",Furans,,
SHERRY,,Alcoholic Beverages < 20% alc.,2-(2-oxopropyl)furan (=2-acetonylfuran),Furans,,
SHERRY,,Alcoholic Beverages < 20% alc.,2-furancarboxylic acid (=2-furoic acid),Furans,,
SHERRY,,Alcoholic Beverages < 20% alc.,"6,7-dihydroxycoumarin (=aesculetin)","(Ep)oxides, pyrans, coumarins",,
SHERRY,,Alcoholic Beverages < 20% alc.,7-hydroxy-6-methoxycoumarin (=scopoletin),"(Ep)oxides, pyrans, coumarins",,
SHERRY,,Alcoholic Beverages < 20% alc.,vitispirane,"(Ep)oxides, pyrans, coumarins",,
SHERRY,,Alcoholic Beverages < 20% alc.,"2,4,5-trimethyl-1,3-dioxolane","(Ep)oxides, pyrans, coumarins",,
SHERRY,,Alcoholic Beverages < 20% alc.,"2-ethyl-4,5-dimethyl-1,3-dioxolane","(Ep)oxides, pyrans, coumarins",,
SHERRY,,Alcoholic Beverages < 20% alc.,"cis-4-hydroxy-2-methyl-1,3-dioxolane","(Ep)oxides, pyrans, coumarins",4.8,6.2
SHERRY,,Alcoholic Beverages < 20% alc.,"trans-4-hydroxy-2-methyl-1,3-dioxolane","(Ep)oxides, pyrans, coumarins",0.02,0.03
SHERRY,,Alcoholic Beverages < 20% alc.,"cis-4-(hydroxymethyl)-2-methyl-1,3-dioxolane","(Ep)oxides, pyrans, coumarins",,
SHERRY,,Alcoholic Beverages < 20% alc.,"trans-4-(hydroxymethyl)-2-methyl-1,3-dioxolane","(Ep)oxides, pyrans, coumarins",,
SHERRY,,Alcoholic Beverages < 20% alc.,"cis-5-hydroxy-2-methyl-1,3-dioxane","(Ep)oxides, pyrans, coumarins",2.6,3.9
SHERRY,,Alcoholic Beverages < 20% alc.,"trans-5-hydroxy-2-methyl-1,3-dioxane","(Ep)oxides, pyrans, coumarins",0.4,0.7
SHERRY,,Alcoholic Beverages < 20% alc.,methylphthalide (unkn.str.),Anhydrides and phthalides,,
