foodatlas_id	source	reference	entity_linking_method	_chemical_name	_flavor_name
mf1	flavordb	{'url': 'https://cosylab.iiitd.edu.in/flavordb/molecules_json?id=2723872'}	id_matching	PUBCHEM_COMPOUND:2723872	sweet
mf2	flavordb	{'url': 'https://cosylab.iiitd.edu.in/flavordb/molecules_json?id=2723872'}	id_matching	PUBCHEM_COMPOUND:2723872	odorless
mf3	flavordb	{'url': 'https://cosylab.iiitd.edu.in/flavordb/molecules_json?id=60960'}	id_matching	PUBCHEM_COMPOUND:60960	odorless
mf4	flavordb	{'url': 'https://cosylab.iiitd.edu.in/flavordb/molecules_json?id=1060'}	id_matching	PUBCHEM_COMPOUND:1060	sour
mf5	flavordb	{'url': 'https://cosylab.iiitd.edu.in/flavordb/molecules_json?id=1060'}	id_matching	PUBCHEM_COMPOUND:1060	sharp
mf6	flavordb	{'url': 'https://cosylab.iiitd.edu.in/flavordb/molecules_json?id=1060'}	id_matching	PUBCHEM_COMPOUND:1060	acetic
mf7	flavordb	{'url': 'https://cosylab.iiitd.edu.in/flavordb/molecules_json?id=1060'}	id_matching	PUBCHEM_COMPOUND:1060	caramellic
mf8	flavordb	{'url': 'https://cosylab.iiitd.edu.in/flavordb/molecules_json?id=439341'}	id_matching	PUBCHEM_COMPOUND:439341	sweet
mf9	flavordb	{'url': 'https://cosylab.iiitd.edu.in/flavordb/molecules_json?id=439341'}	id_matching	PUBCHEM_COMPOUND:439341	odorless
mf10	flavordb	{'url': 'https://cosylab.iiitd.edu.in/flavordb/molecules_json?id=5281377'}	id_matching	PUBCHEM_COMPOUND:5281377	bitter
mf11	flavordb	{'url': 'https://cosylab.iiitd.edu.in/flavordb/molecules_json?id=1130'}	id_matching	PUBCHEM_COMPOUND:1130	bitter
mf12	flavordb	{'url': 'https://cosylab.iiitd.edu.in/flavordb/molecules_json?id=1130'}	id_matching	PUBCHEM_COMPOUND:1130	slight, characteristic
mf13	flavordb	{'url': 'https://cosylab.iiitd.edu.in/flavordb/molecules_json?id=6255'}	id_matching	PUBCHEM_COMPOUND:6255	sweet
mf14	flavordb	{'url': 'https://cosylab.iiitd.edu.in/flavordb/molecules_json?id=6274'}	id_matching	PUBCHEM_COMPOUND:6274	bitter
mf15	flavordb	{'url': 'https://cosylab.iiitd.edu.in/flavordb/molecules_json?id=6274'}	id_matching	PUBCHEM_COMPOUND:6274	sweet
mf16	flavordb	{'url': 'https://cosylab.iiitd.edu.in/flavordb/molecules_json?id=6274'}	id_matching	PUBCHEM_COMPOUND:6274	odorless
mf17	flavordb	{'url': 'https://cosylab.iiitd.edu.in/flavordb/molecules_json?id=6287'}	id_matching	PUBCHEM_COMPOUND:6287	odorless
mf18	flavordb	{'url': 'https://cosylab.iiitd.edu.in/flavordb/molecules_json?id=5793'}	id_matching	PUBCHEM_COMPOUND:5793	sweet
mf19	flavordb	{'url': 'https://cosylab.iiitd.edu.in/flavordb/molecules_json?id=6305'}	id_matching	PUBCHEM_COMPOUND:6305	flat taste
mf20	flavordb	{'url': 'https://cosylab.iiitd.edu.in/flavordb/molecules_json?id=6305'}	id_matching	PUBCHEM_COMPOUND:6305	bitter
mf21	flavordb	{'url': 'https://cosylab.iiitd.edu.in/flavordb/molecules_json?id=6305'}	id_matching	PUBCHEM_COMPOUND:6305	slightly bitter
mf22	flavordb	{'url': 'https://cosylab.iiitd.edu.in/flavordb/molecules_json?id=6305'}	id_matching	PUBCHEM_COMPOUND:6305	odorless
mf23	flavordb	{'url': 'https://cosylab.iiitd.edu.in/flavordb/molecules_json?id=6306'}	id_matching	PUBCHEM_COMPOUND:6306	bitter
mf24	flavordb	{'url': 'https://cosylab.iiitd.edu.in/flavordb/molecules_json?id=6306'}	id_matching	PUBCHEM_COMPOUND:6306	odorless
mf25	flavordb	{'url': 'https://cosylab.iiitd.edu.in/flavordb/molecules_json?id=6322'}	id_matching	PUBCHEM_COMPOUND:6322	faint
mf26	flavordb	{'url': 'https://cosylab.iiitd.edu.in/flavordb/molecules_json?id=5280961'}	id_matching	PUBCHEM_COMPOUND:5280961	bitter
mf27	flavordb	{'url': 'https://cosylab.iiitd.edu.in/flavordb/molecules_json?id=5862'}	id_matching	PUBCHEM_COMPOUND:5862	sulfury
mf28	flavordb	{'url': 'https://cosylab.iiitd.edu.in/flavordb/molecules_json?id=750'}	id_matching	PUBCHEM_COMPOUND:750	sweet
mf29	flavordb	{'url': 'https://cosylab.iiitd.edu.in/flavordb/molecules_json?id=750'}	id_matching	PUBCHEM_COMPOUND:750	waxy
mf30	flavordb	{'url': 'https://cosylab.iiitd.edu.in/flavordb/molecules_json?id=750'}	id_matching	PUBCHEM_COMPOUND:750	fatty
mf31	flavordb	{'url': 'https://cosylab.iiitd.edu.in/flavordb/molecules_json?id=750'}	id_matching	PUBCHEM_COMPOUND:750	oily
mf32	flavordb	{'url': 'https://cosylab.iiitd.edu.in/flavordb/molecules_json?id=750'}	id_matching	PUBCHEM_COMPOUND:750	odorless
mf33	flavordb	{'url': 'https://cosylab.iiitd.edu.in/flavordb/molecules_json?id=54670067'}	id_matching	PUBCHEM_COMPOUND:54670067	pleasant, sharp, acidic taste
mf34	flavordb	{'url': 'https://cosylab.iiitd.edu.in/flavordb/molecules_json?id=54670067'}	id_matching	PUBCHEM_COMPOUND:54670067	odorless
mf35	flavordb	{'url': 'https://cosylab.iiitd.edu.in/flavordb/molecules_json?id=247'}	id_matching	PUBCHEM_COMPOUND:247	bland
mf36	flavordb	{'url': 'https://cosylab.iiitd.edu.in/flavordb/molecules_json?id=247'}	id_matching	PUBCHEM_COMPOUND:247	sweet
mf37	flavordb	{'url': 'https://cosylab.iiitd.edu.in/flavordb/molecules_json?id=33032'}	id_matching	PUBCHEM_COMPOUND:33032	acidic (glutamate-like) taste
mf38	flavordb	{'url': 'https://cosylab.iiitd.edu.in/flavordb/molecules_json?id=33032'}	id_matching	PUBCHEM_COMPOUND:33032	yeast
mf39	flavordb	{'url': 'https://cosylab.iiitd.edu.in/flavordb/molecules_json?id=33032'}	id_matching	PUBCHEM_COMPOUND:33032	bread
mf40	flavordb	{'url': 'https://cosylab.iiitd.edu.in/flavordb/molecules_json?id=33032'}	id_matching	PUBCHEM_COMPOUND:33032	odorless
mf41	flavordb	{'url': 'https://cosylab.iiitd.edu.in/flavordb/molecules_json?id=33032'}	id_matching	PUBCHEM_COMPOUND:33032	umami sour taste
mf42	flavordb	{'url': 'https://cosylab.iiitd.edu.in/flavordb/molecules_json?id=33032'}	id_matching	PUBCHEM_COMPOUND:33032	mild
mf43	flavordb	{'url': 'https://cosylab.iiitd.edu.in/flavordb/molecules_json?id=33032'}	id_matching	PUBCHEM_COMPOUND:33032	baked
mf44	flavordb	{'url': 'https://cosylab.iiitd.edu.in/flavordb/molecules_json?id=311'}	id_matching	PUBCHEM_COMPOUND:311	pleasant, sweet, tart taste
mf45	flavordb	{'url': 'https://cosylab.iiitd.edu.in/flavordb/molecules_json?id=311'}	id_matching	PUBCHEM_COMPOUND:311	odorless
mf46	flavordb	{'url': 'https://cosylab.iiitd.edu.in/flavordb/molecules_json?id=311'}	id_matching	PUBCHEM_COMPOUND:311	strongly acidic taste
mf47	flavordb	{'url': 'https://cosylab.iiitd.edu.in/flavordb/molecules_json?id=5950'}	id_matching	PUBCHEM_COMPOUND:5950	sweet taste
mf48	flavordb	{'url': 'https://cosylab.iiitd.edu.in/flavordb/molecules_json?id=5950'}	id_matching	PUBCHEM_COMPOUND:5950	odorless
mf49	flavordb	{'url': 'https://cosylab.iiitd.edu.in/flavordb/molecules_json?id=5960'}	id_matching	PUBCHEM_COMPOUND:5960	sour
mf50	flavordb	{'url': 'https://cosylab.iiitd.edu.in/flavordb/molecules_json?id=5960'}	id_matching	PUBCHEM_COMPOUND:5960	acidic/neutral
mf51	flavordb	{'url': 'https://cosylab.iiitd.edu.in/flavordb/molecules_json?id=5960'}	id_matching	PUBCHEM_COMPOUND:5960	odorless
mf52	flavordb	{'url': 'https://cosylab.iiitd.edu.in/flavordb/molecules_json?id=5962'}	id_matching	PUBCHEM_COMPOUND:5962	sweet/bitter
mf53	flavordb	{'url': 'https://cosylab.iiitd.edu.in/flavordb/molecules_json?id=5962'}	id_matching	PUBCHEM_COMPOUND:5962	odorless
mf54	flavordb	{'url': 'https://cosylab.iiitd.edu.in/flavordb/molecules_json?id=145742'}	id_matching	PUBCHEM_COMPOUND:145742	sweet
mf55	flavordb	{'url': 'https://cosylab.iiitd.edu.in/flavordb/molecules_json?id=145742'}	id_matching	PUBCHEM_COMPOUND:145742	odorless
mf56	flavordb	{'url': 'https://cosylab.iiitd.edu.in/flavordb/molecules_json?id=84815'}	id_matching	PUBCHEM_COMPOUND:84815	sulfurous
mf57	flavordb	{'url': 'https://cosylab.iiitd.edu.in/flavordb/molecules_json?id=84815'}	id_matching	PUBCHEM_COMPOUND:84815	sweet
mf58	flavordb	{'url': 'https://cosylab.iiitd.edu.in/flavordb/molecules_json?id=84815'}	id_matching	PUBCHEM_COMPOUND:84815	faint
mf59	flavordb	{'url': 'https://cosylab.iiitd.edu.in/flavordb/molecules_json?id=5988'}	id_matching	PUBCHEM_COMPOUND:5988	sweet
mf60	flavordb	{'url': 'https://cosylab.iiitd.edu.in/flavordb/molecules_json?id=5988'}	id_matching	PUBCHEM_COMPOUND:5988	characteristic caramel
mf61	flavordb	{'url': 'https://cosylab.iiitd.edu.in/flavordb/molecules_json?id=5988'}	id_matching	PUBCHEM_COMPOUND:5988	... odorless ... [note: may have a characteristic caramel odor when heated].
mf62	flavordb	{'url': 'https://cosylab.iiitd.edu.in/flavordb/molecules_json?id=876'}	id_matching	PUBCHEM_COMPOUND:876	acidic
mf63	flavordb	{'url': 'https://cosylab.iiitd.edu.in/flavordb/molecules_json?id=876'}	id_matching	PUBCHEM_COMPOUND:876	sulfurous
mf64	flavordb	{'url': 'https://cosylab.iiitd.edu.in/flavordb/molecules_json?id=876'}	id_matching	PUBCHEM_COMPOUND:876	faint
mf65	flavordb	{'url': 'https://cosylab.iiitd.edu.in/flavordb/molecules_json?id=876'}	id_matching	PUBCHEM_COMPOUND:876	mild
mf66	flavordb	{'url': 'https://cosylab.iiitd.edu.in/flavordb/molecules_json?id=10991489'}	id_matching	PUBCHEM_COMPOUND:10991489	sweet
mf67	flavordb	{'url': 'https://cosylab.iiitd.edu.in/flavordb/molecules_json?id=439186'}	id_matching	PUBCHEM_COMPOUND:439186	sweet
mf68	flavordb	{'url': 'https://cosylab.iiitd.edu.in/flavordb/molecules_json?id=439186'}	id_matching	PUBCHEM_COMPOUND:439186	odorless
mf69	flavordb	{'url': 'https://cosylab.iiitd.edu.in/flavordb/molecules_json?id=6036'}	id_matching	PUBCHEM_COMPOUND:6036	sweet
mf70	flavordb	{'url': 'https://cosylab.iiitd.edu.in/flavordb/molecules_json?id=187808'}	id_matching	PUBCHEM_COMPOUND:187808	sweet-like
mf71	flavordb	{'url': 'https://cosylab.iiitd.edu.in/flavordb/molecules_json?id=187808'}	id_matching	PUBCHEM_COMPOUND:187808	bitter
mf72	flavordb	{'url': 'https://cosylab.iiitd.edu.in/flavordb/molecules_json?id=187808'}	id_matching	PUBCHEM_COMPOUND:187808	sweet-likebitter
mf73	flavordb	{'url': 'https://cosylab.iiitd.edu.in/flavordb/molecules_json?id=6057'}	id_matching	PUBCHEM_COMPOUND:6057	odorless
mf74	flavordb	{'url': 'https://cosylab.iiitd.edu.in/flavordb/molecules_json?id=5281708'}	id_matching	PUBCHEM_COMPOUND:5281708	bitter
mf75	flavordb	{'url': 'https://cosylab.iiitd.edu.in/flavordb/molecules_json?id=962'}	id_matching	PUBCHEM_COMPOUND:962	tasteless
mf76	flavordb	{'url': 'https://cosylab.iiitd.edu.in/flavordb/molecules_json?id=962'}	id_matching	PUBCHEM_COMPOUND:962	odorless
mf77	flavordb	{'url': 'https://cosylab.iiitd.edu.in/flavordb/molecules_json?id=107971'}	id_matching	PUBCHEM_COMPOUND:107971	bitter
mf78	flavordb	{'url': 'https://cosylab.iiitd.edu.in/flavordb/molecules_json?id=439242'}	id_matching	PUBCHEM_COMPOUND:439242	sweet
mf79	flavordb	{'url': 'https://cosylab.iiitd.edu.in/flavordb/molecules_json?id=971'}	id_matching	PUBCHEM_COMPOUND:971	odorless.
mf80	flavordb	{'url': 'https://cosylab.iiitd.edu.in/flavordb/molecules_json?id=446925'}	id_matching	PUBCHEM_COMPOUND:446925	balsam
mf81	flavordb	{'url': 'https://cosylab.iiitd.edu.in/flavordb/molecules_json?id=446925'}	id_matching	PUBCHEM_COMPOUND:446925	oriental
mf82	flavordb	{'url': 'https://cosylab.iiitd.edu.in/flavordb/molecules_json?id=6106'}	id_matching	PUBCHEM_COMPOUND:6106	bitter
mf83	flavordb	{'url': 'https://cosylab.iiitd.edu.in/flavordb/molecules_json?id=6106'}	id_matching	PUBCHEM_COMPOUND:6106	odorless
mf84	flavordb	{'url': 'https://cosylab.iiitd.edu.in/flavordb/molecules_json?id=6134'}	id_matching	PUBCHEM_COMPOUND:6134	sweet
mf85	flavordb	{'url': 'https://cosylab.iiitd.edu.in/flavordb/molecules_json?id=6134'}	id_matching	PUBCHEM_COMPOUND:6134	odorless
mf86	flavordb	{'url': 'https://cosylab.iiitd.edu.in/flavordb/molecules_json?id=6140'}	id_matching	PUBCHEM_COMPOUND:6140	bitter
mf87	flavordb	{'url': 'https://cosylab.iiitd.edu.in/flavordb/molecules_json?id=6140'}	id_matching	PUBCHEM_COMPOUND:6140	slight
mf88	flavordb	{'url': 'https://cosylab.iiitd.edu.in/flavordb/molecules_json?id=6140'}	id_matching	PUBCHEM_COMPOUND:6140	odorless
mf89	flavordb	{'url': 'https://cosylab.iiitd.edu.in/flavordb/molecules_json?id=5280343'}	id_matching	PUBCHEM_COMPOUND:5280343	bitter
mf90	flavordb	{'url': 'https://cosylab.iiitd.edu.in/flavordb/molecules_json?id=6041'}	id_matching	PUBCHEM_COMPOUND:6041	bitter
mf91	flavordb	{'url': 'https://cosylab.iiitd.edu.in/flavordb/molecules_json?id=445639'}	id_matching	PUBCHEM_COMPOUND:445639	fat
mf92	flavordb	{'url': 'https://cosylab.iiitd.edu.in/flavordb/molecules_json?id=445639'}	id_matching	PUBCHEM_COMPOUND:445639	fried
mf93	flavordb	{'url': 'https://cosylab.iiitd.edu.in/flavordb/molecules_json?id=445639'}	id_matching	PUBCHEM_COMPOUND:445639	waxy
mf94	flavordb	{'url': 'https://cosylab.iiitd.edu.in/flavordb/molecules_json?id=445639'}	id_matching	PUBCHEM_COMPOUND:445639	fatty
mf95	flavordb	{'url': 'https://cosylab.iiitd.edu.in/flavordb/molecules_json?id=445639'}	id_matching	PUBCHEM_COMPOUND:445639	peculiar lard-like taste
mf96	flavordb	{'url': 'https://cosylab.iiitd.edu.in/flavordb/molecules_json?id=445639'}	id_matching	PUBCHEM_COMPOUND:445639	peculiar lard-like odor
mf97	flavordb	{'url': 'https://cosylab.iiitd.edu.in/flavordb/molecules_json?id=445639'}	id_matching	PUBCHEM_COMPOUND:445639	faint
mf98	flavordb	{'url': 'https://cosylab.iiitd.edu.in/flavordb/molecules_json?id=445639'}	id_matching	PUBCHEM_COMPOUND:445639	lard
mf99	flavordb	{'url': 'https://cosylab.iiitd.edu.in/flavordb/molecules_json?id=802'}	id_matching	PUBCHEM_COMPOUND:802	sour
mf100	flavordb	{'url': 'https://cosylab.iiitd.edu.in/flavordb/molecules_json?id=802'}	id_matching	PUBCHEM_COMPOUND:802	mild
mf101	flavordb	{'url': 'https://cosylab.iiitd.edu.in/flavordb/molecules_json?id=802'}	id_matching	PUBCHEM_COMPOUND:802	odorless
mf102	flavordb	{'url': 'https://cosylab.iiitd.edu.in/flavordb/molecules_json?id=637511'}	id_matching	PUBCHEM_COMPOUND:637511	sweet
mf103	flavordb	{'url': 'https://cosylab.iiitd.edu.in/flavordb/molecules_json?id=637511'}	id_matching	PUBCHEM_COMPOUND:637511	sweet taste
mf104	flavordb	{'url': 'https://cosylab.iiitd.edu.in/flavordb/molecules_json?id=637511'}	id_matching	PUBCHEM_COMPOUND:637511	strong odor of cinnamon
mf105	flavordb	{'url': 'https://cosylab.iiitd.edu.in/flavordb/molecules_json?id=637511'}	id_matching	PUBCHEM_COMPOUND:637511	cinnamon
mf106	flavordb	{'url': 'https://cosylab.iiitd.edu.in/flavordb/molecules_json?id=637511'}	id_matching	PUBCHEM_COMPOUND:637511	clove
mf107	flavordb	{'url': 'https://cosylab.iiitd.edu.in/flavordb/molecules_json?id=637511'}	id_matching	PUBCHEM_COMPOUND:637511	spice
mf108	flavordb	{'url': 'https://cosylab.iiitd.edu.in/flavordb/molecules_json?id=637511'}	id_matching	PUBCHEM_COMPOUND:637511	pungent, spicy note
mf109	flavordb	{'url': 'https://cosylab.iiitd.edu.in/flavordb/molecules_json?id=637511'}	id_matching	PUBCHEM_COMPOUND:637511	candy
mf110	flavordb	{'url': 'https://cosylab.iiitd.edu.in/flavordb/molecules_json?id=637511'}	id_matching	PUBCHEM_COMPOUND:637511	burning taste
mf111	flavordb	{'url': 'https://cosylab.iiitd.edu.in/flavordb/molecules_json?id=637511'}	id_matching	PUBCHEM_COMPOUND:637511	red hots
mf112	flavordb	{'url': 'https://cosylab.iiitd.edu.in/flavordb/molecules_json?id=637511'}	id_matching	PUBCHEM_COMPOUND:637511	paint
mf113	flavordb	{'url': 'https://cosylab.iiitd.edu.in/flavordb/molecules_json?id=637511'}	id_matching	PUBCHEM_COMPOUND:637511	warm
mf114	flavordb	{'url': 'https://cosylab.iiitd.edu.in/flavordb/molecules_json?id=5281672'}	id_matching	PUBCHEM_COMPOUND:5281672	bitter
mf115	flavordb	{'url': 'https://cosylab.iiitd.edu.in/flavordb/molecules_json?id=638011'}	id_matching	PUBCHEM_COMPOUND:638011	mint
mf116	flavordb	{'url': 'https://cosylab.iiitd.edu.in/flavordb/molecules_json?id=638011'}	id_matching	PUBCHEM_COMPOUND:638011	sweet
mf117	flavordb	{'url': 'https://cosylab.iiitd.edu.in/flavordb/molecules_json?id=638011'}	id_matching	PUBCHEM_COMPOUND:638011	taste threshold values: detection: 28 to 120 ppb
mf118	flavordb	{'url': 'https://cosylab.iiitd.edu.in/flavordb/molecules_json?id=638011'}	id_matching	PUBCHEM_COMPOUND:638011	sharp
mf119	flavordb	{'url': 'https://cosylab.iiitd.edu.in/flavordb/molecules_json?id=638011'}	id_matching	PUBCHEM_COMPOUND:638011	bitter
mf120	flavordb	{'url': 'https://cosylab.iiitd.edu.in/flavordb/molecules_json?id=638011'}	id_matching	PUBCHEM_COMPOUND:638011	strong lemon odor
mf121	flavordb	{'url': 'https://cosylab.iiitd.edu.in/flavordb/molecules_json?id=638011'}	id_matching	PUBCHEM_COMPOUND:638011	citrus
mf122	flavordb	{'url': 'https://cosylab.iiitd.edu.in/flavordb/molecules_json?id=638011'}	id_matching	PUBCHEM_COMPOUND:638011	lemon
mf123	flavordb	{'url': 'https://cosylab.iiitd.edu.in/flavordb/molecules_json?id=638011'}	id_matching	PUBCHEM_COMPOUND:638011	alpha-citral, 32 to 460 ppb
mf124	flavordb	{'url': 'https://cosylab.iiitd.edu.in/flavordb/molecules_json?id=638011'}	id_matching	PUBCHEM_COMPOUND:638011	characteristic bittersweet
mf125	flavordb	{'url': 'https://cosylab.iiitd.edu.in/flavordb/molecules_json?id=638011'}	id_matching	PUBCHEM_COMPOUND:638011	beta-citral, 30 to 460 ppb.
mf126	flavordb	{'url': 'https://cosylab.iiitd.edu.in/flavordb/molecules_json?id=10393'}	id_matching	PUBCHEM_COMPOUND:10393	floral
mf127	flavordb	{'url': 'https://cosylab.iiitd.edu.in/flavordb/molecules_json?id=10393'}	id_matching	PUBCHEM_COMPOUND:10393	sweet
mf128	flavordb	{'url': 'https://cosylab.iiitd.edu.in/flavordb/molecules_json?id=10393'}	id_matching	PUBCHEM_COMPOUND:10393	fruity
mf129	flavordb	{'url': 'https://cosylab.iiitd.edu.in/flavordb/molecules_json?id=10393'}	id_matching	PUBCHEM_COMPOUND:10393	mild
mf130	flavordb	{'url': 'https://cosylab.iiitd.edu.in/flavordb/molecules_json?id=72304'}	id_matching	PUBCHEM_COMPOUND:72304	bitter
mf131	flavordb	{'url': 'https://cosylab.iiitd.edu.in/flavordb/molecules_json?id=22311'}	id_matching	PUBCHEM_COMPOUND:22311	terpene
mf132	flavordb	{'url': 'https://cosylab.iiitd.edu.in/flavordb/molecules_json?id=22311'}	id_matching	PUBCHEM_COMPOUND:22311	sweet, citrus taste
mf133	flavordb	{'url': 'https://cosylab.iiitd.edu.in/flavordb/molecules_json?id=22311'}	id_matching	PUBCHEM_COMPOUND:22311	characteristic ... taste, ... becoming more pronounced and less agreeable on aging or exposure to air
mf134	flavordb	{'url': 'https://cosylab.iiitd.edu.in/flavordb/molecules_json?id=22311'}	id_matching	PUBCHEM_COMPOUND:22311	fresh, citrus taste
mf135	flavordb	{'url': 'https://cosylab.iiitd.edu.in/flavordb/molecules_json?id=22311'}	id_matching	PUBCHEM_COMPOUND:22311	acquires terebinthinate odor upon oxidation
mf136	flavordb	{'url': 'https://cosylab.iiitd.edu.in/flavordb/molecules_json?id=22311'}	id_matching	PUBCHEM_COMPOUND:22311	camphor
mf137	flavordb	{'url': 'https://cosylab.iiitd.edu.in/flavordb/molecules_json?id=22311'}	id_matching	PUBCHEM_COMPOUND:22311	citric
mf138	flavordb	{'url': 'https://cosylab.iiitd.edu.in/flavordb/molecules_json?id=22311'}	id_matching	PUBCHEM_COMPOUND:22311	pleasant lemon-like
mf139	flavordb	{'url': 'https://cosylab.iiitd.edu.in/flavordb/molecules_json?id=22311'}	id_matching	PUBCHEM_COMPOUND:22311	orange
mf140	flavordb	{'url': 'https://cosylab.iiitd.edu.in/flavordb/molecules_json?id=22311'}	id_matching	PUBCHEM_COMPOUND:22311	citrus
mf141	flavordb	{'url': 'https://cosylab.iiitd.edu.in/flavordb/molecules_json?id=22311'}	id_matching	PUBCHEM_COMPOUND:22311	penetrating odor
mf142	flavordb	{'url': 'https://cosylab.iiitd.edu.in/flavordb/molecules_json?id=22311'}	id_matching	PUBCHEM_COMPOUND:22311	lemon
mf143	flavordb	{'url': 'https://cosylab.iiitd.edu.in/flavordb/molecules_json?id=22311'}	id_matching	PUBCHEM_COMPOUND:22311	characteristic orange odor
mf144	flavordb	{'url': 'https://cosylab.iiitd.edu.in/flavordb/molecules_json?id=22311'}	id_matching	PUBCHEM_COMPOUND:22311	characteristic odor ... becoming more pronounced and less agreeable on aging or exposure to air
mf145	flavordb	{'url': 'https://cosylab.iiitd.edu.in/flavordb/molecules_json?id=22311'}	id_matching	PUBCHEM_COMPOUND:22311	herbal
mf146	flavordb	{'url': 'https://cosylab.iiitd.edu.in/flavordb/molecules_json?id=22311'}	id_matching	PUBCHEM_COMPOUND:22311	woody
mf147	flavordb	{'url': 'https://cosylab.iiitd.edu.in/flavordb/molecules_json?id=22311'}	id_matching	PUBCHEM_COMPOUND:22311	characteristic orange taste
mf148	flavordb	{'url': 'https://cosylab.iiitd.edu.in/flavordb/molecules_json?id=22311'}	id_matching	PUBCHEM_COMPOUND:22311	citrus odor
mf149	flavordb	{'url': 'https://cosylab.iiitd.edu.in/flavordb/molecules_json?id=22311'}	id_matching	PUBCHEM_COMPOUND:22311	characteristic odor of orange peels
mf150	flavordb	{'url': 'https://cosylab.iiitd.edu.in/flavordb/molecules_json?id=439250'}	id_matching	PUBCHEM_COMPOUND:439250	terpene
mf151	flavordb	{'url': 'https://cosylab.iiitd.edu.in/flavordb/molecules_json?id=439250'}	id_matching	PUBCHEM_COMPOUND:439250	pine
mf152	flavordb	{'url': 'https://cosylab.iiitd.edu.in/flavordb/molecules_json?id=439250'}	id_matching	PUBCHEM_COMPOUND:439250	herbal
mf153	flavordb	{'url': 'https://cosylab.iiitd.edu.in/flavordb/molecules_json?id=439250'}	id_matching	PUBCHEM_COMPOUND:439250	camphoraceous
mf154	flavordb	{'url': 'https://cosylab.iiitd.edu.in/flavordb/molecules_json?id=439250'}	id_matching	PUBCHEM_COMPOUND:439250	peppery
mf155	flavordb	{'url': 'https://cosylab.iiitd.edu.in/flavordb/molecules_json?id=440917'}	id_matching	PUBCHEM_COMPOUND:440917	mint
mf156	flavordb	{'url': 'https://cosylab.iiitd.edu.in/flavordb/molecules_json?id=440917'}	id_matching	PUBCHEM_COMPOUND:440917	sweet
mf157	flavordb	{'url': 'https://cosylab.iiitd.edu.in/flavordb/molecules_json?id=440917'}	id_matching	PUBCHEM_COMPOUND:440917	citrus odor
mf158	flavordb	{'url': 'https://cosylab.iiitd.edu.in/flavordb/molecules_json?id=440917'}	id_matching	PUBCHEM_COMPOUND:440917	orange
mf159	flavordb	{'url': 'https://cosylab.iiitd.edu.in/flavordb/molecules_json?id=440917'}	id_matching	PUBCHEM_COMPOUND:440917	citrus
mf160	flavordb	{'url': 'https://cosylab.iiitd.edu.in/flavordb/molecules_json?id=440917'}	id_matching	PUBCHEM_COMPOUND:440917	lemon
mf161	flavordb	{'url': 'https://cosylab.iiitd.edu.in/flavordb/molecules_json?id=440917'}	id_matching	PUBCHEM_COMPOUND:440917	fresh
mf162	flavordb	{'url': 'https://cosylab.iiitd.edu.in/flavordb/molecules_json?id=440917'}	id_matching	PUBCHEM_COMPOUND:440917	fresh, citrus taste
mf163	flavordb	{'url': 'https://cosylab.iiitd.edu.in/flavordb/molecules_json?id=9064'}	id_matching	PUBCHEM_COMPOUND:9064	bitter
mf164	flavordb	{'url': 'https://cosylab.iiitd.edu.in/flavordb/molecules_json?id=445154'}	id_matching	PUBCHEM_COMPOUND:445154	bitter
mf165	flavordb	{'url': 'https://cosylab.iiitd.edu.in/flavordb/molecules_json?id=61041'}	id_matching	PUBCHEM_COMPOUND:61041	sweet
mf166	flavordb	{'url': 'https://cosylab.iiitd.edu.in/flavordb/molecules_json?id=61041'}	id_matching	PUBCHEM_COMPOUND:61041	herbal
mf167	flavordb	{'url': 'https://cosylab.iiitd.edu.in/flavordb/molecules_json?id=61041'}	id_matching	PUBCHEM_COMPOUND:61041	fresh
mf168	flavordb	{'url': 'https://cosylab.iiitd.edu.in/flavordb/molecules_json?id=61041'}	id_matching	PUBCHEM_COMPOUND:61041	phenolic
mf169	flavordb	{'url': 'https://cosylab.iiitd.edu.in/flavordb/molecules_json?id=61041'}	id_matching	PUBCHEM_COMPOUND:61041	tobacco
mf170	flavordb	{'url': 'https://cosylab.iiitd.edu.in/flavordb/molecules_json?id=61041'}	id_matching	PUBCHEM_COMPOUND:61041	spicy
mf171	flavordb	{'url': 'https://cosylab.iiitd.edu.in/flavordb/molecules_json?id=61041'}	id_matching	PUBCHEM_COMPOUND:61041	herb
mf172	flavordb	{'url': 'https://cosylab.iiitd.edu.in/flavordb/molecules_json?id=61041'}	id_matching	PUBCHEM_COMPOUND:61041	rosemary
mf173	flavordb	{'url': 'https://cosylab.iiitd.edu.in/flavordb/molecules_json?id=61041'}	id_matching	PUBCHEM_COMPOUND:61041	metallic
mf174	flavordb	{'url': 'https://cosylab.iiitd.edu.in/flavordb/molecules_json?id=323'}	id_matching	PUBCHEM_COMPOUND:323	green
mf175	flavordb	{'url': 'https://cosylab.iiitd.edu.in/flavordb/molecules_json?id=323'}	id_matching	PUBCHEM_COMPOUND:323	new mown hay
mf176	flavordb	{'url': 'https://cosylab.iiitd.edu.in/flavordb/molecules_json?id=323'}	id_matching	PUBCHEM_COMPOUND:323	sweet
mf177	flavordb	{'url': 'https://cosylab.iiitd.edu.in/flavordb/molecules_json?id=323'}	id_matching	PUBCHEM_COMPOUND:323	hay-like bittersweet odor
mf178	flavordb	{'url': 'https://cosylab.iiitd.edu.in/flavordb/molecules_json?id=323'}	id_matching	PUBCHEM_COMPOUND:323	bitter
mf179	flavordb	{'url': 'https://cosylab.iiitd.edu.in/flavordb/molecules_json?id=323'}	id_matching	PUBCHEM_COMPOUND:323	pleasant, fragrant odor resembling that of vanilla beans.
mf180	flavordb	{'url': 'https://cosylab.iiitd.edu.in/flavordb/molecules_json?id=323'}	id_matching	PUBCHEM_COMPOUND:323	bitter undertone
mf181	flavordb	{'url': 'https://cosylab.iiitd.edu.in/flavordb/molecules_json?id=323'}	id_matching	PUBCHEM_COMPOUND:323	tonka
mf182	flavordb	{'url': 'https://cosylab.iiitd.edu.in/flavordb/molecules_json?id=323'}	id_matching	PUBCHEM_COMPOUND:323	nut-like flavor on dilution
mf183	flavordb	{'url': 'https://cosylab.iiitd.edu.in/flavordb/molecules_json?id=323'}	id_matching	PUBCHEM_COMPOUND:323	burning taste
mf184	flavordb	{'url': 'https://cosylab.iiitd.edu.in/flavordb/molecules_json?id=323'}	id_matching	PUBCHEM_COMPOUND:323	bitter, aromatic
mf185	flavordb	{'url': 'https://cosylab.iiitd.edu.in/flavordb/molecules_json?id=439246'}	id_matching	PUBCHEM_COMPOUND:439246	bitter
mf186	flavordb	{'url': 'https://cosylab.iiitd.edu.in/flavordb/molecules_json?id=932'}	id_matching	PUBCHEM_COMPOUND:932	bitter
mf187	flavordb	{'url': 'https://cosylab.iiitd.edu.in/flavordb/molecules_json?id=3314'}	id_matching	PUBCHEM_COMPOUND:3314	sweet
mf188	flavordb	{'url': 'https://cosylab.iiitd.edu.in/flavordb/molecules_json?id=3314'}	id_matching	PUBCHEM_COMPOUND:3314	woody
mf189	flavordb	{'url': 'https://cosylab.iiitd.edu.in/flavordb/molecules_json?id=3314'}	id_matching	PUBCHEM_COMPOUND:3314	odor of cloves
mf190	flavordb	{'url': 'https://cosylab.iiitd.edu.in/flavordb/molecules_json?id=3314'}	id_matching	PUBCHEM_COMPOUND:3314	cinnamon
mf191	flavordb	{'url': 'https://cosylab.iiitd.edu.in/flavordb/molecules_json?id=3314'}	id_matching	PUBCHEM_COMPOUND:3314	clove
mf192	flavordb	{'url': 'https://cosylab.iiitd.edu.in/flavordb/molecules_json?id=3314'}	id_matching	PUBCHEM_COMPOUND:3314	spicy, pungent taste
mf193	flavordb	{'url': 'https://cosylab.iiitd.edu.in/flavordb/molecules_json?id=3314'}	id_matching	PUBCHEM_COMPOUND:3314	honey
mf194	flavordb	{'url': 'https://cosylab.iiitd.edu.in/flavordb/molecules_json?id=3314'}	id_matching	PUBCHEM_COMPOUND:3314	spicy
mf195	flavordb	{'url': 'https://cosylab.iiitd.edu.in/flavordb/molecules_json?id=3314'}	id_matching	PUBCHEM_COMPOUND:3314	warm, spicy, floral
mf196	flavordb	{'url': 'https://cosylab.iiitd.edu.in/flavordb/molecules_json?id=7895'}	id_matching	PUBCHEM_COMPOUND:7895	sweet
mf197	flavordb	{'url': 'https://cosylab.iiitd.edu.in/flavordb/molecules_json?id=7895'}	id_matching	PUBCHEM_COMPOUND:7895	woody
mf198	flavordb	{'url': 'https://cosylab.iiitd.edu.in/flavordb/molecules_json?id=7895'}	id_matching	PUBCHEM_COMPOUND:7895	fruity
mf199	flavordb	{'url': 'https://cosylab.iiitd.edu.in/flavordb/molecules_json?id=7895'}	id_matching	PUBCHEM_COMPOUND:7895	wine
mf200	flavordb	{'url': 'https://cosylab.iiitd.edu.in/flavordb/molecules_json?id=7895'}	id_matching	PUBCHEM_COMPOUND:7895	ether
mf201	flavordb	{'url': 'https://cosylab.iiitd.edu.in/flavordb/molecules_json?id=7895'}	id_matching	PUBCHEM_COMPOUND:7895	banana
mf202	flavordb	{'url': 'https://cosylab.iiitd.edu.in/flavordb/molecules_json?id=7895'}	id_matching	PUBCHEM_COMPOUND:7895	ethereal
mf203	flavordb	{'url': 'https://cosylab.iiitd.edu.in/flavordb/molecules_json?id=7895'}	id_matching	PUBCHEM_COMPOUND:7895	fishy
mf204	flavordb	{'url': 'https://cosylab.iiitd.edu.in/flavordb/molecules_json?id=7895'}	id_matching	PUBCHEM_COMPOUND:7895	characteristic acetone-like odor
mf205	flavordb	{'url': 'https://cosylab.iiitd.edu.in/flavordb/molecules_json?id=7895'}	id_matching	PUBCHEM_COMPOUND:7895	alcohol
mf206	flavordb	{'url': 'https://cosylab.iiitd.edu.in/flavordb/molecules_json?id=7895'}	id_matching	PUBCHEM_COMPOUND:7895	fruit
mf207	flavordb	{'url': 'https://cosylab.iiitd.edu.in/flavordb/molecules_json?id=7895'}	id_matching	PUBCHEM_COMPOUND:7895	potato
mf208	flavordb	{'url': 'https://cosylab.iiitd.edu.in/flavordb/molecules_json?id=5280450'}	id_matching	PUBCHEM_COMPOUND:5280450	fatty
mf209	flavordb	{'url': 'https://cosylab.iiitd.edu.in/flavordb/molecules_json?id=5280450'}	id_matching	PUBCHEM_COMPOUND:5280450	faint
mf210	flavordb	{'url': 'https://cosylab.iiitd.edu.in/flavordb/molecules_json?id=31253'}	id_matching	PUBCHEM_COMPOUND:31253	balsam
mf211	flavordb	{'url': 'https://cosylab.iiitd.edu.in/flavordb/molecules_json?id=31253'}	id_matching	PUBCHEM_COMPOUND:31253	plastic
mf212	flavordb	{'url': 'https://cosylab.iiitd.edu.in/flavordb/molecules_json?id=31253'}	id_matching	PUBCHEM_COMPOUND:31253	terpene
mf213	flavordb	{'url': 'https://cosylab.iiitd.edu.in/flavordb/molecules_json?id=31253'}	id_matching	PUBCHEM_COMPOUND:31253	terpene odor
mf214	flavordb	{'url': 'https://cosylab.iiitd.edu.in/flavordb/molecules_json?id=31253'}	id_matching	PUBCHEM_COMPOUND:31253	spice
mf215	flavordb	{'url': 'https://cosylab.iiitd.edu.in/flavordb/molecules_json?id=31253'}	id_matching	PUBCHEM_COMPOUND:31253	sweet, citrus
mf216	flavordb	{'url': 'https://cosylab.iiitd.edu.in/flavordb/molecules_json?id=31253'}	id_matching	PUBCHEM_COMPOUND:31253	pleasant
mf217	flavordb	{'url': 'https://cosylab.iiitd.edu.in/flavordb/molecules_json?id=31253'}	id_matching	PUBCHEM_COMPOUND:31253	peppery
mf218	flavordb	{'url': 'https://cosylab.iiitd.edu.in/flavordb/molecules_json?id=31253'}	id_matching	PUBCHEM_COMPOUND:31253	balsamic
mf219	flavordb	{'url': 'https://cosylab.iiitd.edu.in/flavordb/molecules_json?id=31253'}	id_matching	PUBCHEM_COMPOUND:31253	must
mf220	flavordb	{'url': 'https://cosylab.iiitd.edu.in/flavordb/molecules_json?id=31253'}	id_matching	PUBCHEM_COMPOUND:31253	spicy
mf221	flavordb	{'url': 'https://cosylab.iiitd.edu.in/flavordb/molecules_json?id=875'}	id_matching	PUBCHEM_COMPOUND:875	pleasant acidulous taste
mf222	flavordb	{'url': 'https://cosylab.iiitd.edu.in/flavordb/molecules_json?id=875'}	id_matching	PUBCHEM_COMPOUND:875	caramellic
mf223	flavordb	{'url': 'https://cosylab.iiitd.edu.in/flavordb/molecules_json?id=875'}	id_matching	PUBCHEM_COMPOUND:875	very mild
mf224	flavordb	{'url': 'https://cosylab.iiitd.edu.in/flavordb/molecules_json?id=5283345'}	id_matching	PUBCHEM_COMPOUND:5283345	floral
mf225	flavordb	{'url': 'https://cosylab.iiitd.edu.in/flavordb/molecules_json?id=5283345'}	id_matching	PUBCHEM_COMPOUND:5283345	green
mf226	flavordb	{'url': 'https://cosylab.iiitd.edu.in/flavordb/molecules_json?id=5283345'}	id_matching	PUBCHEM_COMPOUND:5283345	rose
mf227	flavordb	{'url': 'https://cosylab.iiitd.edu.in/flavordb/molecules_json?id=5283345'}	id_matching	PUBCHEM_COMPOUND:5283345	waxy
mf228	flavordb	{'url': 'https://cosylab.iiitd.edu.in/flavordb/molecules_json?id=5283345'}	id_matching	PUBCHEM_COMPOUND:5283345	mushroom
mf229	flavordb	{'url': 'https://cosylab.iiitd.edu.in/flavordb/molecules_json?id=5283345'}	id_matching	PUBCHEM_COMPOUND:5283345	orange
mf230	flavordb	{'url': 'https://cosylab.iiitd.edu.in/flavordb/molecules_json?id=5283345'}	id_matching	PUBCHEM_COMPOUND:5283345	fatty
mf231	flavordb	{'url': 'https://cosylab.iiitd.edu.in/flavordb/molecules_json?id=5283345'}	id_matching	PUBCHEM_COMPOUND:5283345	aldehydic
mf232	flavordb	{'url': 'https://cosylab.iiitd.edu.in/flavordb/molecules_json?id=5283345'}	id_matching	PUBCHEM_COMPOUND:5283345	tallow
mf233	flavordb	{'url': 'https://cosylab.iiitd.edu.in/flavordb/molecules_json?id=5283345'}	id_matching	PUBCHEM_COMPOUND:5283345	earthy
mf234	flavordb	{'url': 'https://cosylab.iiitd.edu.in/flavordb/molecules_json?id=5283345'}	id_matching	PUBCHEM_COMPOUND:5283345	coriander
mf235	flavordb	{'url': 'https://cosylab.iiitd.edu.in/flavordb/molecules_json?id=5283345'}	id_matching	PUBCHEM_COMPOUND:5283345	oily
mf236	flavordb	{'url': 'https://cosylab.iiitd.edu.in/flavordb/molecules_json?id=5283366'}	id_matching	PUBCHEM_COMPOUND:5283366	green
mf237	flavordb	{'url': 'https://cosylab.iiitd.edu.in/flavordb/molecules_json?id=5283366'}	id_matching	PUBCHEM_COMPOUND:5283366	pepper
mf238	flavordb	{'url': 'https://cosylab.iiitd.edu.in/flavordb/molecules_json?id=5283366'}	id_matching	PUBCHEM_COMPOUND:5283366	waxy
mf239	flavordb	{'url': 'https://cosylab.iiitd.edu.in/flavordb/molecules_json?id=5283366'}	id_matching	PUBCHEM_COMPOUND:5283366	citrus
mf240	flavordb	{'url': 'https://cosylab.iiitd.edu.in/flavordb/molecules_json?id=8174'}	id_matching	PUBCHEM_COMPOUND:8174	floral
mf241	flavordb	{'url': 'https://cosylab.iiitd.edu.in/flavordb/molecules_json?id=8174'}	id_matching	PUBCHEM_COMPOUND:8174	sweet
mf242	flavordb	{'url': 'https://cosylab.iiitd.edu.in/flavordb/molecules_json?id=8174'}	id_matching	PUBCHEM_COMPOUND:8174	fat
mf243	flavordb	{'url': 'https://cosylab.iiitd.edu.in/flavordb/molecules_json?id=8174'}	id_matching	PUBCHEM_COMPOUND:8174	rose
mf244	flavordb	{'url': 'https://cosylab.iiitd.edu.in/flavordb/molecules_json?id=8174'}	id_matching	PUBCHEM_COMPOUND:8174	waxy
mf245	flavordb	{'url': 'https://cosylab.iiitd.edu.in/flavordb/molecules_json?id=8174'}	id_matching	PUBCHEM_COMPOUND:8174	floral, fruity odor
mf246	flavordb	{'url': 'https://cosylab.iiitd.edu.in/flavordb/molecules_json?id=8174'}	id_matching	PUBCHEM_COMPOUND:8174	orange
mf247	flavordb	{'url': 'https://cosylab.iiitd.edu.in/flavordb/molecules_json?id=8174'}	id_matching	PUBCHEM_COMPOUND:8174	resemble orange flowers
mf248	flavordb	{'url': 'https://cosylab.iiitd.edu.in/flavordb/molecules_json?id=8174'}	id_matching	PUBCHEM_COMPOUND:8174	fatty
mf249	flavordb	{'url': 'https://cosylab.iiitd.edu.in/flavordb/molecules_json?id=8174'}	id_matching	PUBCHEM_COMPOUND:8174	watery
mf250	flavordb	{'url': 'https://cosylab.iiitd.edu.in/flavordb/molecules_json?id=8174'}	id_matching	PUBCHEM_COMPOUND:8174	slight, characteristic fatty taste
mf251	flavordb	{'url': 'https://cosylab.iiitd.edu.in/flavordb/molecules_json?id=8174'}	id_matching	PUBCHEM_COMPOUND:8174	sweet odor
mf252	flavordb	{'url': 'https://cosylab.iiitd.edu.in/flavordb/molecules_json?id=8174'}	id_matching	PUBCHEM_COMPOUND:8174	clean
mf253	flavordb	{'url': 'https://cosylab.iiitd.edu.in/flavordb/molecules_json?id=261491'}	id_matching	PUBCHEM_COMPOUND:261491	bitter
mf254	flavordb	{'url': 'https://cosylab.iiitd.edu.in/flavordb/molecules_json?id=261491'}	id_matching	PUBCHEM_COMPOUND:261491	cedarleaf
mf255	flavordb	{'url': 'https://cosylab.iiitd.edu.in/flavordb/molecules_json?id=11027'}	id_matching	PUBCHEM_COMPOUND:11027	cedarleaf
mf256	flavordb	{'url': 'https://cosylab.iiitd.edu.in/flavordb/molecules_json?id=72281'}	id_matching	PUBCHEM_COMPOUND:72281	bitter
mf257	flavordb	{'url': 'https://cosylab.iiitd.edu.in/flavordb/molecules_json?id=5280445'}	id_matching	PUBCHEM_COMPOUND:5280445	bitter
mf258	flavordb	{'url': 'https://cosylab.iiitd.edu.in/flavordb/molecules_json?id=442428'}	id_matching	PUBCHEM_COMPOUND:442428	bitter
mf259	flavordb	{'url': 'https://cosylab.iiitd.edu.in/flavordb/molecules_json?id=7460'}	id_matching	PUBCHEM_COMPOUND:7460	mint
mf260	flavordb	{'url': 'https://cosylab.iiitd.edu.in/flavordb/molecules_json?id=7460'}	id_matching	PUBCHEM_COMPOUND:7460	green
mf261	flavordb	{'url': 'https://cosylab.iiitd.edu.in/flavordb/molecules_json?id=7460'}	id_matching	PUBCHEM_COMPOUND:7460	terpene
mf262	flavordb	{'url': 'https://cosylab.iiitd.edu.in/flavordb/molecules_json?id=7460'}	id_matching	PUBCHEM_COMPOUND:7460	woody
mf263	flavordb	{'url': 'https://cosylab.iiitd.edu.in/flavordb/molecules_json?id=7460'}	id_matching	PUBCHEM_COMPOUND:7460	citrus
mf264	flavordb	{'url': 'https://cosylab.iiitd.edu.in/flavordb/molecules_json?id=7460'}	id_matching	PUBCHEM_COMPOUND:7460	herbal
mf265	flavordb	{'url': 'https://cosylab.iiitd.edu.in/flavordb/molecules_json?id=7460'}	id_matching	PUBCHEM_COMPOUND:7460	spice
mf266	flavordb	{'url': 'https://cosylab.iiitd.edu.in/flavordb/molecules_json?id=7460'}	id_matching	PUBCHEM_COMPOUND:7460	turpentine
mf267	flavordb	{'url': 'https://cosylab.iiitd.edu.in/flavordb/molecules_json?id=7460'}	id_matching	PUBCHEM_COMPOUND:7460	peppery
mf268	flavordb	{'url': 'https://cosylab.iiitd.edu.in/flavordb/molecules_json?id=7439'}	id_matching	PUBCHEM_COMPOUND:7439	mint
mf269	flavordb	{'url': 'https://cosylab.iiitd.edu.in/flavordb/molecules_json?id=7439'}	id_matching	PUBCHEM_COMPOUND:7439	minty
mf270	flavordb	{'url': 'https://cosylab.iiitd.edu.in/flavordb/molecules_json?id=7439'}	id_matching	PUBCHEM_COMPOUND:7439	licorice
mf271	flavordb	{'url': 'https://cosylab.iiitd.edu.in/flavordb/molecules_json?id=7439'}	id_matching	PUBCHEM_COMPOUND:7439	fennel
mf272	flavordb	{'url': 'https://cosylab.iiitd.edu.in/flavordb/molecules_json?id=7439'}	id_matching	PUBCHEM_COMPOUND:7439	basil
mf273	flavordb	{'url': 'https://cosylab.iiitd.edu.in/flavordb/molecules_json?id=4788'}	id_matching	PUBCHEM_COMPOUND:4788	bitter
mf274	flavordb	{'url': 'https://cosylab.iiitd.edu.in/flavordb/molecules_json?id=4788'}	id_matching	PUBCHEM_COMPOUND:4788	odorless
mf275	flavordb	{'url': 'https://cosylab.iiitd.edu.in/flavordb/molecules_json?id=11005'}	id_matching	PUBCHEM_COMPOUND:11005	waxy
mf276	flavordb	{'url': 'https://cosylab.iiitd.edu.in/flavordb/molecules_json?id=11005'}	id_matching	PUBCHEM_COMPOUND:11005	fatty
mf277	flavordb	{'url': 'https://cosylab.iiitd.edu.in/flavordb/molecules_json?id=11005'}	id_matching	PUBCHEM_COMPOUND:11005	coconut
mf278	flavordb	{'url': 'https://cosylab.iiitd.edu.in/flavordb/molecules_json?id=11005'}	id_matching	PUBCHEM_COMPOUND:11005	the odor should be faint with no rancidity.
mf279	flavordb	{'url': 'https://cosylab.iiitd.edu.in/flavordb/molecules_json?id=11005'}	id_matching	PUBCHEM_COMPOUND:11005	soapy
mf280	flavordb	{'url': 'https://cosylab.iiitd.edu.in/flavordb/molecules_json?id=5281544'}	id_matching	PUBCHEM_COMPOUND:5281544	bitter
mf281	flavordb	{'url': 'https://cosylab.iiitd.edu.in/flavordb/molecules_json?id=128861'}	id_matching	PUBCHEM_COMPOUND:128861	bitter
mf282	flavordb	{'url': 'https://cosylab.iiitd.edu.in/flavordb/molecules_json?id=5280863'}	id_matching	PUBCHEM_COMPOUND:5280863	bitter
mf283	flavordb	{'url': 'https://cosylab.iiitd.edu.in/flavordb/molecules_json?id=1145'}	id_matching	PUBCHEM_COMPOUND:1145	odorless
mf284	flavordb	{'url': 'https://cosylab.iiitd.edu.in/flavordb/molecules_json?id=5281707'}	id_matching	PUBCHEM_COMPOUND:5281707	bitter
mf285	flavordb	{'url': 'https://cosylab.iiitd.edu.in/flavordb/molecules_json?id=5281515'}	id_matching	PUBCHEM_COMPOUND:5281515	sweet
mf286	flavordb	{'url': 'https://cosylab.iiitd.edu.in/flavordb/molecules_json?id=5281515'}	id_matching	PUBCHEM_COMPOUND:5281515	woody
mf287	flavordb	{'url': 'https://cosylab.iiitd.edu.in/flavordb/molecules_json?id=5281515'}	id_matching	PUBCHEM_COMPOUND:5281515	dry
mf288	flavordb	{'url': 'https://cosylab.iiitd.edu.in/flavordb/molecules_json?id=5281515'}	id_matching	PUBCHEM_COMPOUND:5281515	clove
mf289	flavordb	{'url': 'https://cosylab.iiitd.edu.in/flavordb/molecules_json?id=5281515'}	id_matching	PUBCHEM_COMPOUND:5281515	spice
mf290	flavordb	{'url': 'https://cosylab.iiitd.edu.in/flavordb/molecules_json?id=5281515'}	id_matching	PUBCHEM_COMPOUND:5281515	wood
mf291	flavordb	{'url': 'https://cosylab.iiitd.edu.in/flavordb/molecules_json?id=936'}	id_matching	PUBCHEM_COMPOUND:936	odorless
mf292	flavordb	{'url': 'https://cosylab.iiitd.edu.in/flavordb/molecules_json?id=936'}	id_matching	PUBCHEM_COMPOUND:936	bitter taste
mf293	flavordb	{'url': 'https://cosylab.iiitd.edu.in/flavordb/molecules_json?id=5280443'}	id_matching	PUBCHEM_COMPOUND:5280443	bitter
mf294	flavordb	{'url': 'https://cosylab.iiitd.edu.in/flavordb/molecules_json?id=135'}	id_matching	PUBCHEM_COMPOUND:135	phenolic
mf295	flavordb	{'url': 'https://cosylab.iiitd.edu.in/flavordb/molecules_json?id=135'}	id_matching	PUBCHEM_COMPOUND:135	nutty
mf296	flavordb	{'url': 'https://cosylab.iiitd.edu.in/flavordb/molecules_json?id=72276'}	id_matching	PUBCHEM_COMPOUND:72276	bitter
mf297	flavordb	{'url': 'https://cosylab.iiitd.edu.in/flavordb/molecules_json?id=7463'}	id_matching	PUBCHEM_COMPOUND:7463	terpene
mf298	flavordb	{'url': 'https://cosylab.iiitd.edu.in/flavordb/molecules_json?id=7463'}	id_matching	PUBCHEM_COMPOUND:7463	woody
mf299	flavordb	{'url': 'https://cosylab.iiitd.edu.in/flavordb/molecules_json?id=7463'}	id_matching	PUBCHEM_COMPOUND:7463	sweetish aromatic odor
mf300	flavordb	{'url': 'https://cosylab.iiitd.edu.in/flavordb/molecules_json?id=7463'}	id_matching	PUBCHEM_COMPOUND:7463	solvent
mf301	flavordb	{'url': 'https://cosylab.iiitd.edu.in/flavordb/molecules_json?id=7463'}	id_matching	PUBCHEM_COMPOUND:7463	citrus
mf302	flavordb	{'url': 'https://cosylab.iiitd.edu.in/flavordb/molecules_json?id=7463'}	id_matching	PUBCHEM_COMPOUND:7463	gasoline
mf303	flavordb	{'url': 'https://cosylab.iiitd.edu.in/flavordb/molecules_json?id=7463'}	id_matching	PUBCHEM_COMPOUND:7463	fresh
mf304	flavordb	{'url': 'https://cosylab.iiitd.edu.in/flavordb/molecules_json?id=7463'}	id_matching	PUBCHEM_COMPOUND:7463	spice
mf305	flavordb	{'url': 'https://cosylab.iiitd.edu.in/flavordb/molecules_json?id=7463'}	id_matching	PUBCHEM_COMPOUND:7463	mild pleasant odor
mf306	flavordb	{'url': 'https://cosylab.iiitd.edu.in/flavordb/molecules_json?id=7463'}	id_matching	PUBCHEM_COMPOUND:7463	when pure, has a weak citrus odor
mf307	flavordb	{'url': 'https://cosylab.iiitd.edu.in/flavordb/molecules_json?id=785'}	id_matching	PUBCHEM_COMPOUND:785	a slightly bitter taste in aqueous solutions
mf308	flavordb	{'url': 'https://cosylab.iiitd.edu.in/flavordb/molecules_json?id=785'}	id_matching	PUBCHEM_COMPOUND:785	odorless
mf309	flavordb	{'url': 'https://cosylab.iiitd.edu.in/flavordb/molecules_json?id=11230'}	id_matching	PUBCHEM_COMPOUND:11230	sweet
mf310	flavordb	{'url': 'https://cosylab.iiitd.edu.in/flavordb/molecules_json?id=11230'}	id_matching	PUBCHEM_COMPOUND:11230	pepper
mf311	flavordb	{'url': 'https://cosylab.iiitd.edu.in/flavordb/molecules_json?id=11230'}	id_matching	PUBCHEM_COMPOUND:11230	woody
mf312	flavordb	{'url': 'https://cosylab.iiitd.edu.in/flavordb/molecules_json?id=11230'}	id_matching	PUBCHEM_COMPOUND:11230	herbal pepper flavoring
mf313	flavordb	{'url': 'https://cosylab.iiitd.edu.in/flavordb/molecules_json?id=11230'}	id_matching	PUBCHEM_COMPOUND:11230	pine
mf314	flavordb	{'url': 'https://cosylab.iiitd.edu.in/flavordb/molecules_json?id=11230'}	id_matching	PUBCHEM_COMPOUND:11230	nutmeg
mf315	flavordb	{'url': 'https://cosylab.iiitd.edu.in/flavordb/molecules_json?id=11230'}	id_matching	PUBCHEM_COMPOUND:11230	turpentine
mf316	flavordb	{'url': 'https://cosylab.iiitd.edu.in/flavordb/molecules_json?id=11230'}	id_matching	PUBCHEM_COMPOUND:11230	musty
mf317	flavordb	{'url': 'https://cosylab.iiitd.edu.in/flavordb/molecules_json?id=11230'}	id_matching	PUBCHEM_COMPOUND:11230	must
mf318	flavordb	{'url': 'https://cosylab.iiitd.edu.in/flavordb/molecules_json?id=11230'}	id_matching	PUBCHEM_COMPOUND:11230	earth
mf319	flavordb	{'url': 'https://cosylab.iiitd.edu.in/flavordb/molecules_json?id=5281607'}	id_matching	PUBCHEM_COMPOUND:5281607	bitter
mf320	flavordb	{'url': 'https://cosylab.iiitd.edu.in/flavordb/molecules_json?id=638024'}	id_matching	PUBCHEM_COMPOUND:638024	pepper
mf321	flavordb	{'url': 'https://cosylab.iiitd.edu.in/flavordb/molecules_json?id=638024'}	id_matching	PUBCHEM_COMPOUND:638024	animal
mf322	flavordb	{'url': 'https://cosylab.iiitd.edu.in/flavordb/molecules_json?id=12813'}	id_matching	PUBCHEM_COMPOUND:12813	sweet
mf323	flavordb	{'url': 'https://cosylab.iiitd.edu.in/flavordb/molecules_json?id=12813'}	id_matching	PUBCHEM_COMPOUND:12813	fat
mf324	flavordb	{'url': 'https://cosylab.iiitd.edu.in/flavordb/molecules_json?id=12813'}	id_matching	PUBCHEM_COMPOUND:12813	peach
mf325	flavordb	{'url': 'https://cosylab.iiitd.edu.in/flavordb/molecules_json?id=12813'}	id_matching	PUBCHEM_COMPOUND:12813	waxy
mf326	flavordb	{'url': 'https://cosylab.iiitd.edu.in/flavordb/molecules_json?id=12813'}	id_matching	PUBCHEM_COMPOUND:12813	fruity
mf327	flavordb	{'url': 'https://cosylab.iiitd.edu.in/flavordb/molecules_json?id=12813'}	id_matching	PUBCHEM_COMPOUND:12813	strong
mf328	flavordb	{'url': 'https://cosylab.iiitd.edu.in/flavordb/molecules_json?id=12813'}	id_matching	PUBCHEM_COMPOUND:12813	fresh
mf329	flavordb	{'url': 'https://cosylab.iiitd.edu.in/flavordb/molecules_json?id=12813'}	id_matching	PUBCHEM_COMPOUND:12813	fatty
mf330	flavordb	{'url': 'https://cosylab.iiitd.edu.in/flavordb/molecules_json?id=12813'}	id_matching	PUBCHEM_COMPOUND:12813	caramel
mf331	flavordb	{'url': 'https://cosylab.iiitd.edu.in/flavordb/molecules_json?id=12813'}	id_matching	PUBCHEM_COMPOUND:12813	coconut
mf332	flavordb	{'url': 'https://cosylab.iiitd.edu.in/flavordb/molecules_json?id=12813'}	id_matching	PUBCHEM_COMPOUND:12813	buttery
mf333	flavordb	{'url': 'https://cosylab.iiitd.edu.in/flavordb/molecules_json?id=12813'}	id_matching	PUBCHEM_COMPOUND:12813	oily
mf334	flavordb	{'url': 'https://cosylab.iiitd.edu.in/flavordb/molecules_json?id=1268142'}	id_matching	PUBCHEM_COMPOUND:1268142	powerful, sweet, citrus odor
mf335	flavordb	{'url': 'https://cosylab.iiitd.edu.in/flavordb/molecules_json?id=1268142'}	id_matching	PUBCHEM_COMPOUND:1268142	grapefruit, citrus, orange and bitter
mf336	flavordb	{'url': 'https://cosylab.iiitd.edu.in/flavordb/molecules_json?id=1268142'}	id_matching	PUBCHEM_COMPOUND:1268142	grapefruit, citrus, orange, sweet peely with a woody nuance
mf337	flavordb	{'url': 'https://cosylab.iiitd.edu.in/flavordb/molecules_json?id=1268142'}	id_matching	PUBCHEM_COMPOUND:1268142	grapefruit odor
mf338	flavordb	{'url': 'https://cosylab.iiitd.edu.in/flavordb/molecules_json?id=1268142'}	id_matching	PUBCHEM_COMPOUND:1268142	grapefruit taste
mf339	flavordb	{'url': 'https://cosylab.iiitd.edu.in/flavordb/molecules_json?id=119'}	id_matching	PUBCHEM_COMPOUND:119	meaty
mf340	flavordb	{'url': 'https://cosylab.iiitd.edu.in/flavordb/molecules_json?id=119'}	id_matching	PUBCHEM_COMPOUND:119	savory
mf341	flavordb	{'url': 'https://cosylab.iiitd.edu.in/flavordb/molecules_json?id=264'}	id_matching	PUBCHEM_COMPOUND:264	penetrating and obnoxious odor
mf342	flavordb	{'url': 'https://cosylab.iiitd.edu.in/flavordb/molecules_json?id=264'}	id_matching	PUBCHEM_COMPOUND:264	unpleasant, rancid odor
mf343	flavordb	{'url': 'https://cosylab.iiitd.edu.in/flavordb/molecules_json?id=264'}	id_matching	PUBCHEM_COMPOUND:264	rancid
mf344	flavordb	{'url': 'https://cosylab.iiitd.edu.in/flavordb/molecules_json?id=264'}	id_matching	PUBCHEM_COMPOUND:264	sharp
mf345	flavordb	{'url': 'https://cosylab.iiitd.edu.in/flavordb/molecules_json?id=264'}	id_matching	PUBCHEM_COMPOUND:264	acetic
mf346	flavordb	{'url': 'https://cosylab.iiitd.edu.in/flavordb/molecules_json?id=264'}	id_matching	PUBCHEM_COMPOUND:264	sweat
mf347	flavordb	{'url': 'https://cosylab.iiitd.edu.in/flavordb/molecules_json?id=264'}	id_matching	PUBCHEM_COMPOUND:264	butter-fat taste
mf348	flavordb	{'url': 'https://cosylab.iiitd.edu.in/flavordb/molecules_json?id=264'}	id_matching	PUBCHEM_COMPOUND:264	cheese
mf349	flavordb	{'url': 'https://cosylab.iiitd.edu.in/flavordb/molecules_json?id=264'}	id_matching	PUBCHEM_COMPOUND:264	butter
mf350	flavordb	{'url': 'https://cosylab.iiitd.edu.in/flavordb/molecules_json?id=264'}	id_matching	PUBCHEM_COMPOUND:264	fruit
mf351	flavordb	{'url': 'https://cosylab.iiitd.edu.in/flavordb/molecules_json?id=179651'}	id_matching	PUBCHEM_COMPOUND:179651	bitter
mf352	flavordb	{'url': 'https://cosylab.iiitd.edu.in/flavordb/molecules_json?id=8181'}	id_matching	PUBCHEM_COMPOUND:8181	fatty
mf353	flavordb	{'url': 'https://cosylab.iiitd.edu.in/flavordb/molecules_json?id=8181'}	id_matching	PUBCHEM_COMPOUND:8181	oily
mf354	flavordb	{'url': 'https://cosylab.iiitd.edu.in/flavordb/molecules_json?id=8181'}	id_matching	PUBCHEM_COMPOUND:8181	waxy
mf355	flavordb	{'url': 'https://cosylab.iiitd.edu.in/flavordb/molecules_json?id=6651'}	id_matching	PUBCHEM_COMPOUND:6651	bitter
mf356	flavordb	{'url': 'https://cosylab.iiitd.edu.in/flavordb/molecules_json?id=6654'}	id_matching	PUBCHEM_COMPOUND:6654	sweet
mf357	flavordb	{'url': 'https://cosylab.iiitd.edu.in/flavordb/molecules_json?id=6654'}	id_matching	PUBCHEM_COMPOUND:6654	woody
mf358	flavordb	{'url': 'https://cosylab.iiitd.edu.in/flavordb/molecules_json?id=6654'}	id_matching	PUBCHEM_COMPOUND:6654	terpene
mf359	flavordb	{'url': 'https://cosylab.iiitd.edu.in/flavordb/molecules_json?id=6654'}	id_matching	PUBCHEM_COMPOUND:6654	pine
mf360	flavordb	{'url': 'https://cosylab.iiitd.edu.in/flavordb/molecules_json?id=6654'}	id_matching	PUBCHEM_COMPOUND:6654	odor of turpentine
mf361	flavordb	{'url': 'https://cosylab.iiitd.edu.in/flavordb/molecules_json?id=6654'}	id_matching	PUBCHEM_COMPOUND:6654	harsh
mf362	flavordb	{'url': 'https://cosylab.iiitd.edu.in/flavordb/molecules_json?id=6654'}	id_matching	PUBCHEM_COMPOUND:6654	fresh
mf363	flavordb	{'url': 'https://cosylab.iiitd.edu.in/flavordb/molecules_json?id=6654'}	id_matching	PUBCHEM_COMPOUND:6654	minty
mf364	flavordb	{'url': 'https://cosylab.iiitd.edu.in/flavordb/molecules_json?id=6654'}	id_matching	PUBCHEM_COMPOUND:6654	turpentine
mf365	flavordb	{'url': 'https://cosylab.iiitd.edu.in/flavordb/molecules_json?id=6654'}	id_matching	PUBCHEM_COMPOUND:6654	earthy
mf366	flavordb	{'url': 'https://cosylab.iiitd.edu.in/flavordb/molecules_json?id=6654'}	id_matching	PUBCHEM_COMPOUND:6654	characteristic odor of pine
mf367	flavordb	{'url': 'https://cosylab.iiitd.edu.in/flavordb/molecules_json?id=6654'}	id_matching	PUBCHEM_COMPOUND:6654	camphor
mf368	flavordb	{'url': 'https://cosylab.iiitd.edu.in/flavordb/molecules_json?id=8294'}	id_matching	PUBCHEM_COMPOUND:8294	green
mf369	flavordb	{'url': 'https://cosylab.iiitd.edu.in/flavordb/molecules_json?id=8294'}	id_matching	PUBCHEM_COMPOUND:8294	sweet
mf370	flavordb	{'url': 'https://cosylab.iiitd.edu.in/flavordb/molecules_json?id=8294'}	id_matching	PUBCHEM_COMPOUND:8294	woody
mf371	flavordb	{'url': 'https://cosylab.iiitd.edu.in/flavordb/molecules_json?id=8294'}	id_matching	PUBCHEM_COMPOUND:8294	sweet, fruity, pear-like with a faintly floral note
mf372	flavordb	{'url': 'https://cosylab.iiitd.edu.in/flavordb/molecules_json?id=8294'}	id_matching	PUBCHEM_COMPOUND:8294	citrus
mf373	flavordb	{'url': 'https://cosylab.iiitd.edu.in/flavordb/molecules_json?id=8294'}	id_matching	PUBCHEM_COMPOUND:8294	lavender
mf374	flavordb	{'url': 'https://cosylab.iiitd.edu.in/flavordb/molecules_json?id=8294'}	id_matching	PUBCHEM_COMPOUND:8294	...floral-fruity odor, reminiscent of bergamot and it also has some pear character
mf375	flavordb	{'url': 'https://cosylab.iiitd.edu.in/flavordb/molecules_json?id=8294'}	id_matching	PUBCHEM_COMPOUND:8294	bergamot-lavender odor
mf376	flavordb	{'url': 'https://cosylab.iiitd.edu.in/flavordb/molecules_json?id=8294'}	id_matching	PUBCHEM_COMPOUND:8294	bergamot
mf377	flavordb	{'url': 'https://cosylab.iiitd.edu.in/flavordb/molecules_json?id=8294'}	id_matching	PUBCHEM_COMPOUND:8294	sweet, floral-fruity odor recalling bergamot and pear.
mf378	flavordb	{'url': 'https://cosylab.iiitd.edu.in/flavordb/molecules_json?id=8294'}	id_matching	PUBCHEM_COMPOUND:8294	fruit
mf379	flavordb	{'url': 'https://cosylab.iiitd.edu.in/flavordb/molecules_json?id=8294'}	id_matching	PUBCHEM_COMPOUND:8294	persistent sweet, acrid taste
mf380	flavordb	{'url': 'https://cosylab.iiitd.edu.in/flavordb/molecules_json?id=370'}	id_matching	PUBCHEM_COMPOUND:370	bitter
mf381	flavordb	{'url': 'https://cosylab.iiitd.edu.in/flavordb/molecules_json?id=94378'}	id_matching	PUBCHEM_COMPOUND:94378	spicy
mf382	flavordb	{'url': 'https://cosylab.iiitd.edu.in/flavordb/molecules_json?id=94378'}	id_matching	PUBCHEM_COMPOUND:94378	herbal
mf383	flavordb	{'url': 'https://cosylab.iiitd.edu.in/flavordb/molecules_json?id=5281614'}	id_matching	PUBCHEM_COMPOUND:5281614	bitter
mf384	flavordb	{'url': 'https://cosylab.iiitd.edu.in/flavordb/molecules_json?id=444972'}	id_matching	PUBCHEM_COMPOUND:444972	sour
mf385	flavordb	{'url': 'https://cosylab.iiitd.edu.in/flavordb/molecules_json?id=444972'}	id_matching	PUBCHEM_COMPOUND:444972	fruit acid
mf386	flavordb	{'url': 'https://cosylab.iiitd.edu.in/flavordb/molecules_json?id=444972'}	id_matching	PUBCHEM_COMPOUND:444972	odorless
mf387	flavordb	{'url': 'https://cosylab.iiitd.edu.in/flavordb/molecules_json?id=5280378'}	id_matching	PUBCHEM_COMPOUND:5280378	bitter
mf388	flavordb	{'url': 'https://cosylab.iiitd.edu.in/flavordb/molecules_json?id=440936'}	id_matching	PUBCHEM_COMPOUND:440936	bitter
mf389	flavordb	{'url': 'https://cosylab.iiitd.edu.in/flavordb/molecules_json?id=91461'}	id_matching	PUBCHEM_COMPOUND:91461	bitter
mf390	flavordb	{'url': 'https://cosylab.iiitd.edu.in/flavordb/molecules_json?id=72'}	id_matching	PUBCHEM_COMPOUND:72	balsamic
mf391	flavordb	{'url': 'https://cosylab.iiitd.edu.in/flavordb/molecules_json?id=72'}	id_matching	PUBCHEM_COMPOUND:72	mild
mf392	flavordb	{'url': 'https://cosylab.iiitd.edu.in/flavordb/molecules_json?id=72'}	id_matching	PUBCHEM_COMPOUND:72	phenolic
mf393	flavordb	{'url': 'https://cosylab.iiitd.edu.in/flavordb/molecules_json?id=14525'}	id_matching	PUBCHEM_COMPOUND:14525	woody
mf394	flavordb	{'url': 'https://cosylab.iiitd.edu.in/flavordb/molecules_json?id=14525'}	id_matching	PUBCHEM_COMPOUND:14525	bitter
mf395	flavordb	{'url': 'https://cosylab.iiitd.edu.in/flavordb/molecules_json?id=14525'}	id_matching	PUBCHEM_COMPOUND:14525	herbal
mf396	flavordb	{'url': 'https://cosylab.iiitd.edu.in/flavordb/molecules_json?id=14525'}	id_matching	PUBCHEM_COMPOUND:14525	thuja
mf397	flavordb	{'url': 'https://cosylab.iiitd.edu.in/flavordb/molecules_json?id=14525'}	id_matching	PUBCHEM_COMPOUND:14525	earthy
mf398	flavordb	{'url': 'https://cosylab.iiitd.edu.in/flavordb/molecules_json?id=14525'}	id_matching	PUBCHEM_COMPOUND:14525	cedarleaf
mf399	flavordb	{'url': 'https://cosylab.iiitd.edu.in/flavordb/molecules_json?id=14525'}	id_matching	PUBCHEM_COMPOUND:14525	camphor
mf400	flavordb	{'url': 'https://cosylab.iiitd.edu.in/flavordb/molecules_json?id=6072'}	id_matching	PUBCHEM_COMPOUND:6072	bitter
mf401	flavordb	{'url': 'https://cosylab.iiitd.edu.in/flavordb/molecules_json?id=11617'}	id_matching	PUBCHEM_COMPOUND:11617	garlic odor
mf402	flavordb	{'url': 'https://cosylab.iiitd.edu.in/flavordb/molecules_json?id=11617'}	id_matching	PUBCHEM_COMPOUND:11617	onion
mf403	flavordb	{'url': 'https://cosylab.iiitd.edu.in/flavordb/molecules_json?id=11617'}	id_matching	PUBCHEM_COMPOUND:11617	horseradish
mf404	flavordb	{'url': 'https://cosylab.iiitd.edu.in/flavordb/molecules_json?id=11617'}	id_matching	PUBCHEM_COMPOUND:11617	garlic
mf405	flavordb	{'url': 'https://cosylab.iiitd.edu.in/flavordb/molecules_json?id=11617'}	id_matching	PUBCHEM_COMPOUND:11617	sulfurous
mf406	flavordb	{'url': 'https://cosylab.iiitd.edu.in/flavordb/molecules_json?id=11617'}	id_matching	PUBCHEM_COMPOUND:11617	metallic
mf407	flavordb	{'url': 'https://cosylab.iiitd.edu.in/flavordb/molecules_json?id=5280934'}	id_matching	PUBCHEM_COMPOUND:5280934	bitter
mf408	flavordb	{'url': 'https://cosylab.iiitd.edu.in/flavordb/molecules_json?id=5280934'}	id_matching	PUBCHEM_COMPOUND:5280934	fatty
mf409	flavordb	{'url': 'https://cosylab.iiitd.edu.in/flavordb/molecules_json?id=5280934'}	id_matching	PUBCHEM_COMPOUND:5280934	faint
mf410	flavordb	{'url': 'https://cosylab.iiitd.edu.in/flavordb/molecules_json?id=19309'}	id_matching	PUBCHEM_COMPOUND:19309	caramel flavor
mf411	flavordb	{'url': 'https://cosylab.iiitd.edu.in/flavordb/molecules_json?id=19309'}	id_matching	PUBCHEM_COMPOUND:19309	sweet
mf412	flavordb	{'url': 'https://cosylab.iiitd.edu.in/flavordb/molecules_json?id=19309'}	id_matching	PUBCHEM_COMPOUND:19309	relatively weak, nonspecific odor
mf413	flavordb	{'url': 'https://cosylab.iiitd.edu.in/flavordb/molecules_json?id=19309'}	id_matching	PUBCHEM_COMPOUND:19309	almond
mf414	flavordb	{'url': 'https://cosylab.iiitd.edu.in/flavordb/molecules_json?id=19309'}	id_matching	PUBCHEM_COMPOUND:19309	cotton
mf415	flavordb	{'url': 'https://cosylab.iiitd.edu.in/flavordb/molecules_json?id=19309'}	id_matching	PUBCHEM_COMPOUND:19309	strawberry
mf416	flavordb	{'url': 'https://cosylab.iiitd.edu.in/flavordb/molecules_json?id=19309'}	id_matching	PUBCHEM_COMPOUND:19309	taste description at 0.10-1.00 ppm: sweet caramellic cooked meaty and fruity nuances
mf417	flavordb	{'url': 'https://cosylab.iiitd.edu.in/flavordb/molecules_json?id=19309'}	id_matching	PUBCHEM_COMPOUND:19309	dilute solutions develop a pineapple, strawberry-like odor
mf418	flavordb	{'url': 'https://cosylab.iiitd.edu.in/flavordb/molecules_json?id=19309'}	id_matching	PUBCHEM_COMPOUND:19309	caramel
mf419	flavordb	{'url': 'https://cosylab.iiitd.edu.in/flavordb/molecules_json?id=19309'}	id_matching	PUBCHEM_COMPOUND:19309	sugar
mf420	flavordb	{'url': 'https://cosylab.iiitd.edu.in/flavordb/molecules_json?id=19309'}	id_matching	PUBCHEM_COMPOUND:19309	candy
mf421	flavordb	{'url': 'https://cosylab.iiitd.edu.in/flavordb/molecules_json?id=19309'}	id_matching	PUBCHEM_COMPOUND:19309	odor description at 0.01%: sweet, slightly burnt brown caramellic, cotton candy with a savory nuance
mf422	flavordb	{'url': 'https://cosylab.iiitd.edu.in/flavordb/molecules_json?id=19309'}	id_matching	PUBCHEM_COMPOUND:19309	grape
mf423	flavordb	{'url': 'https://cosylab.iiitd.edu.in/flavordb/molecules_json?id=31211'}	id_matching	PUBCHEM_COMPOUND:31211	sweet
mf424	flavordb	{'url': 'https://cosylab.iiitd.edu.in/flavordb/molecules_json?id=31211'}	id_matching	PUBCHEM_COMPOUND:31211	ginger
mf425	flavordb	{'url': 'https://cosylab.iiitd.edu.in/flavordb/molecules_json?id=31211'}	id_matching	PUBCHEM_COMPOUND:31211	woody
mf426	flavordb	{'url': 'https://cosylab.iiitd.edu.in/flavordb/molecules_json?id=31211'}	id_matching	PUBCHEM_COMPOUND:31211	animal
mf427	flavordb	{'url': 'https://cosylab.iiitd.edu.in/flavordb/molecules_json?id=31211'}	id_matching	PUBCHEM_COMPOUND:31211	sharp taste similar to ginger
mf428	flavordb	{'url': 'https://cosylab.iiitd.edu.in/flavordb/molecules_json?id=31211'}	id_matching	PUBCHEM_COMPOUND:31211	clove
mf429	flavordb	{'url': 'https://cosylab.iiitd.edu.in/flavordb/molecules_json?id=31211'}	id_matching	PUBCHEM_COMPOUND:31211	strong, pungent odor reminiscent of ginger
mf430	flavordb	{'url': 'https://cosylab.iiitd.edu.in/flavordb/molecules_json?id=31211'}	id_matching	PUBCHEM_COMPOUND:31211	sweet, spicy taste
mf431	flavordb	{'url': 'https://cosylab.iiitd.edu.in/flavordb/molecules_json?id=31211'}	id_matching	PUBCHEM_COMPOUND:31211	phenolic
mf432	flavordb	{'url': 'https://cosylab.iiitd.edu.in/flavordb/molecules_json?id=31211'}	id_matching	PUBCHEM_COMPOUND:31211	vanilla
mf433	flavordb	{'url': 'https://cosylab.iiitd.edu.in/flavordb/molecules_json?id=31211'}	id_matching	PUBCHEM_COMPOUND:31211	spicy
mf434	flavordb	{'url': 'https://cosylab.iiitd.edu.in/flavordb/molecules_json?id=31211'}	id_matching	PUBCHEM_COMPOUND:31211	sweet, spicy aroma
mf435	flavordb	{'url': 'https://cosylab.iiitd.edu.in/flavordb/molecules_json?id=2519'}	id_matching	PUBCHEM_COMPOUND:2519	bitter
mf436	flavordb	{'url': 'https://cosylab.iiitd.edu.in/flavordb/molecules_json?id=2519'}	id_matching	PUBCHEM_COMPOUND:2519	odorless
mf437	flavordb	{'url': 'https://cosylab.iiitd.edu.in/flavordb/molecules_json?id=2519'}	id_matching	PUBCHEM_COMPOUND:2519	bitter taste
mf438	flavordb	{'url': 'https://cosylab.iiitd.edu.in/flavordb/molecules_json?id=1548943'}	id_matching	PUBCHEM_COMPOUND:1548943	highly volatile with a pungent odor
mf439	flavordb	{'url': 'https://cosylab.iiitd.edu.in/flavordb/molecules_json?id=1548943'}	id_matching	PUBCHEM_COMPOUND:1548943	burning taste detectable in 1 part in 100,000
mf440	flavordb	{'url': 'https://cosylab.iiitd.edu.in/flavordb/molecules_json?id=1548943'}	id_matching	PUBCHEM_COMPOUND:1548943	herbal
mf441	flavordb	{'url': 'https://cosylab.iiitd.edu.in/flavordb/molecules_json?id=1548943'}	id_matching	PUBCHEM_COMPOUND:1548943	mild
mf442	flavordb	{'url': 'https://cosylab.iiitd.edu.in/flavordb/molecules_json?id=1548943'}	id_matching	PUBCHEM_COMPOUND:1548943	warm
mf443	flavordb	{'url': 'https://cosylab.iiitd.edu.in/flavordb/molecules_json?id=6989'}	id_matching	PUBCHEM_COMPOUND:6989	sweet, medicinal, spicy
mf444	flavordb	{'url': 'https://cosylab.iiitd.edu.in/flavordb/molecules_json?id=6989'}	id_matching	PUBCHEM_COMPOUND:6989	thyme
mf445	flavordb	{'url': 'https://cosylab.iiitd.edu.in/flavordb/molecules_json?id=6989'}	id_matching	PUBCHEM_COMPOUND:6989	aromatic taste
mf446	flavordb	{'url': 'https://cosylab.iiitd.edu.in/flavordb/molecules_json?id=6989'}	id_matching	PUBCHEM_COMPOUND:6989	medicinal
mf447	flavordb	{'url': 'https://cosylab.iiitd.edu.in/flavordb/molecules_json?id=6989'}	id_matching	PUBCHEM_COMPOUND:6989	pungent, caustic
mf448	flavordb	{'url': 'https://cosylab.iiitd.edu.in/flavordb/molecules_json?id=6989'}	id_matching	PUBCHEM_COMPOUND:6989	herbal
mf449	flavordb	{'url': 'https://cosylab.iiitd.edu.in/flavordb/molecules_json?id=6989'}	id_matching	PUBCHEM_COMPOUND:6989	odor of thyme
mf450	flavordb	{'url': 'https://cosylab.iiitd.edu.in/flavordb/molecules_json?id=6989'}	id_matching	PUBCHEM_COMPOUND:6989	phenolic
mf451	flavordb	{'url': 'https://cosylab.iiitd.edu.in/flavordb/molecules_json?id=6989'}	id_matching	PUBCHEM_COMPOUND:6989	aromatic odor
mf452	flavordb	{'url': 'https://cosylab.iiitd.edu.in/flavordb/molecules_json?id=6989'}	id_matching	PUBCHEM_COMPOUND:6989	a spicy-herbal, slightly medicinal odor reminiscent of thyme
mf453	flavordb	{'url': 'https://cosylab.iiitd.edu.in/flavordb/molecules_json?id=6989'}	id_matching	PUBCHEM_COMPOUND:6989	camphor
mf454	flavordb	{'url': 'https://cosylab.iiitd.edu.in/flavordb/molecules_json?id=125'}	id_matching	PUBCHEM_COMPOUND:125	sweet
mf455	flavordb	{'url': 'https://cosylab.iiitd.edu.in/flavordb/molecules_json?id=125'}	id_matching	PUBCHEM_COMPOUND:125	fruity
mf456	flavordb	{'url': 'https://cosylab.iiitd.edu.in/flavordb/molecules_json?id=125'}	id_matching	PUBCHEM_COMPOUND:125	bitter
mf457	flavordb	{'url': 'https://cosylab.iiitd.edu.in/flavordb/molecules_json?id=125'}	id_matching	PUBCHEM_COMPOUND:125	almond
mf458	flavordb	{'url': 'https://cosylab.iiitd.edu.in/flavordb/molecules_json?id=125'}	id_matching	PUBCHEM_COMPOUND:125	coconut
mf459	flavordb	{'url': 'https://cosylab.iiitd.edu.in/flavordb/molecules_json?id=753'}	id_matching	PUBCHEM_COMPOUND:753	sweet
mf460	flavordb	{'url': 'https://cosylab.iiitd.edu.in/flavordb/molecules_json?id=753'}	id_matching	PUBCHEM_COMPOUND:753	sweet, warm taste
mf461	flavordb	{'url': 'https://cosylab.iiitd.edu.in/flavordb/molecules_json?id=753'}	id_matching	PUBCHEM_COMPOUND:753	odorless
mf462	flavordb	{'url': 'https://cosylab.iiitd.edu.in/flavordb/molecules_json?id=753'}	id_matching	PUBCHEM_COMPOUND:753	mild odor
mf463	flavordb	{'url': 'https://cosylab.iiitd.edu.in/flavordb/molecules_json?id=16590'}	id_matching	PUBCHEM_COMPOUND:16590	garlic odor
mf464	flavordb	{'url': 'https://cosylab.iiitd.edu.in/flavordb/molecules_json?id=16590'}	id_matching	PUBCHEM_COMPOUND:16590	onion
mf465	flavordb	{'url': 'https://cosylab.iiitd.edu.in/flavordb/molecules_json?id=16590'}	id_matching	PUBCHEM_COMPOUND:16590	garlic
mf466	flavordb	{'url': 'https://cosylab.iiitd.edu.in/flavordb/molecules_json?id=16590'}	id_matching	PUBCHEM_COMPOUND:16590	alliaceous
mf467	flavordb	{'url': 'https://cosylab.iiitd.edu.in/flavordb/molecules_json?id=16590'}	id_matching	PUBCHEM_COMPOUND:16590	sharp, garlic flavor
mf468	flavordb	{'url': 'https://cosylab.iiitd.edu.in/flavordb/molecules_json?id=16590'}	id_matching	PUBCHEM_COMPOUND:16590	metallic
mf469	flavordb	{'url': 'https://cosylab.iiitd.edu.in/flavordb/molecules_json?id=637542'}	id_matching	PUBCHEM_COMPOUND:637542	balsam
mf470	flavordb	{'url': 'https://cosylab.iiitd.edu.in/flavordb/molecules_json?id=637542'}	id_matching	PUBCHEM_COMPOUND:637542	balsamic
mf471	flavordb	{'url': 'https://cosylab.iiitd.edu.in/flavordb/molecules_json?id=8468'}	id_matching	PUBCHEM_COMPOUND:8468	sweet
mf472	flavordb	{'url': 'https://cosylab.iiitd.edu.in/flavordb/molecules_json?id=8468'}	id_matching	PUBCHEM_COMPOUND:8468	bean
mf473	flavordb	{'url': 'https://cosylab.iiitd.edu.in/flavordb/molecules_json?id=8468'}	id_matching	PUBCHEM_COMPOUND:8468	powdery
mf474	flavordb	{'url': 'https://cosylab.iiitd.edu.in/flavordb/molecules_json?id=8468'}	id_matching	PUBCHEM_COMPOUND:8468	milky
mf475	flavordb	{'url': 'https://cosylab.iiitd.edu.in/flavordb/molecules_json?id=8468'}	id_matching	PUBCHEM_COMPOUND:8468	creamy
mf476	flavordb	{'url': 'https://cosylab.iiitd.edu.in/flavordb/molecules_json?id=8468'}	id_matching	PUBCHEM_COMPOUND:8468	vanilla
mf477	flavordb	{'url': 'https://cosylab.iiitd.edu.in/flavordb/molecules_json?id=8468'}	id_matching	PUBCHEM_COMPOUND:8468	dairy
mf478	flavordb	{'url': 'https://cosylab.iiitd.edu.in/flavordb/molecules_json?id=26447'}	id_matching	PUBCHEM_COMPOUND:26447	bitter
mf479	flavordb	{'url': 'https://cosylab.iiitd.edu.in/flavordb/molecules_json?id=26447'}	id_matching	PUBCHEM_COMPOUND:26447	deep
mf480	flavordb	{'url': 'https://cosylab.iiitd.edu.in/flavordb/molecules_json?id=26447'}	id_matching	PUBCHEM_COMPOUND:26447	herbal
mf481	flavordb	{'url': 'https://cosylab.iiitd.edu.in/flavordb/molecules_json?id=26447'}	id_matching	PUBCHEM_COMPOUND:26447	raspberry
mf482	flavordb	{'url': 'https://cosylab.iiitd.edu.in/flavordb/molecules_json?id=26447'}	id_matching	PUBCHEM_COMPOUND:26447	peppermint
mf483	flavordb	{'url': 'https://cosylab.iiitd.edu.in/flavordb/molecules_json?id=26447'}	id_matching	PUBCHEM_COMPOUND:26447	camphoraceous
mf484	flavordb	{'url': 'https://cosylab.iiitd.edu.in/flavordb/molecules_json?id=26447'}	id_matching	PUBCHEM_COMPOUND:26447	slight peppermint odor
mf485	flavordb	{'url': 'https://cosylab.iiitd.edu.in/flavordb/molecules_json?id=26447'}	id_matching	PUBCHEM_COMPOUND:26447	menthol
mf486	flavordb	{'url': 'https://cosylab.iiitd.edu.in/flavordb/molecules_json?id=26447'}	id_matching	PUBCHEM_COMPOUND:26447	characteristic odor similar to menthol
mf487	flavordb	{'url': 'https://cosylab.iiitd.edu.in/flavordb/molecules_json?id=26447'}	id_matching	PUBCHEM_COMPOUND:26447	camphor
mf488	flavordb	{'url': 'https://cosylab.iiitd.edu.in/flavordb/molecules_json?id=6986'}	id_matching	PUBCHEM_COMPOUND:6986	mint
mf489	flavordb	{'url': 'https://cosylab.iiitd.edu.in/flavordb/molecules_json?id=6986'}	id_matching	PUBCHEM_COMPOUND:6986	green
mf490	flavordb	{'url': 'https://cosylab.iiitd.edu.in/flavordb/molecules_json?id=6986'}	id_matching	PUBCHEM_COMPOUND:6986	sweet
mf491	flavordb	{'url': 'https://cosylab.iiitd.edu.in/flavordb/molecules_json?id=6986'}	id_matching	PUBCHEM_COMPOUND:6986	bitter
mf492	flavordb	{'url': 'https://cosylab.iiitd.edu.in/flavordb/molecules_json?id=6986'}	id_matching	PUBCHEM_COMPOUND:6986	fresh
mf493	flavordb	{'url': 'https://cosylab.iiitd.edu.in/flavordb/molecules_json?id=6986'}	id_matching	PUBCHEM_COMPOUND:6986	peppermint
mf494	flavordb	{'url': 'https://cosylab.iiitd.edu.in/flavordb/molecules_json?id=6986'}	id_matching	PUBCHEM_COMPOUND:6986	minty
mf495	flavordb	{'url': 'https://cosylab.iiitd.edu.in/flavordb/molecules_json?id=6986'}	id_matching	PUBCHEM_COMPOUND:6986	cool
mf496	flavordb	{'url': 'https://cosylab.iiitd.edu.in/flavordb/molecules_json?id=6986'}	id_matching	PUBCHEM_COMPOUND:6986	slight peppermint odor
mf497	flavordb	{'url': 'https://cosylab.iiitd.edu.in/flavordb/molecules_json?id=6986'}	id_matching	PUBCHEM_COMPOUND:6986	characteristic odor similar to menthol
mf498	flavordb	{'url': 'https://cosylab.iiitd.edu.in/flavordb/molecules_json?id=443159'}	id_matching	PUBCHEM_COMPOUND:443159	bitter
mf499	flavordb	{'url': 'https://cosylab.iiitd.edu.in/flavordb/molecules_json?id=443159'}	id_matching	PUBCHEM_COMPOUND:443159	minty
mf500	flavordb	{'url': 'https://cosylab.iiitd.edu.in/flavordb/molecules_json?id=443159'}	id_matching	PUBCHEM_COMPOUND:443159	slight peppermint odor
mf501	flavordb	{'url': 'https://cosylab.iiitd.edu.in/flavordb/molecules_json?id=443159'}	id_matching	PUBCHEM_COMPOUND:443159	characteristic odor similar to menthol
mf502	flavordb	{'url': 'https://cosylab.iiitd.edu.in/flavordb/molecules_json?id=1254'}	id_matching	PUBCHEM_COMPOUND:1254	cooling odor /89-78-1/
mf503	flavordb	{'url': 'https://cosylab.iiitd.edu.in/flavordb/molecules_json?id=1254'}	id_matching	PUBCHEM_COMPOUND:1254	cooling taste /dl-menthol/
mf504	flavordb	{'url': 'https://cosylab.iiitd.edu.in/flavordb/molecules_json?id=1254'}	id_matching	PUBCHEM_COMPOUND:1254	peppermint taste /dl-menthol/
mf505	flavordb	{'url': 'https://cosylab.iiitd.edu.in/flavordb/molecules_json?id=1254'}	id_matching	PUBCHEM_COMPOUND:1254	minty
mf506	flavordb	{'url': 'https://cosylab.iiitd.edu.in/flavordb/molecules_json?id=1254'}	id_matching	PUBCHEM_COMPOUND:1254	camphoraceous
mf507	flavordb	{'url': 'https://cosylab.iiitd.edu.in/flavordb/molecules_json?id=1254'}	id_matching	PUBCHEM_COMPOUND:1254	peppermint odor /dl-menthol/
mf508	flavordb	{'url': 'https://cosylab.iiitd.edu.in/flavordb/molecules_json?id=638014'}	id_matching	PUBCHEM_COMPOUND:638014	floral
mf509	flavordb	{'url': 'https://cosylab.iiitd.edu.in/flavordb/molecules_json?id=638014'}	id_matching	PUBCHEM_COMPOUND:638014	woody
mf510	flavordb	{'url': 'https://cosylab.iiitd.edu.in/flavordb/molecules_json?id=638014'}	id_matching	PUBCHEM_COMPOUND:638014	powdery
mf511	flavordb	{'url': 'https://cosylab.iiitd.edu.in/flavordb/molecules_json?id=638014'}	id_matching	PUBCHEM_COMPOUND:638014	violet
mf512	flavordb	{'url': 'https://cosylab.iiitd.edu.in/flavordb/molecules_json?id=638014'}	id_matching	PUBCHEM_COMPOUND:638014	orange
mf513	flavordb	{'url': 'https://cosylab.iiitd.edu.in/flavordb/molecules_json?id=638014'}	id_matching	PUBCHEM_COMPOUND:638014	dry
mf514	flavordb	{'url': 'https://cosylab.iiitd.edu.in/flavordb/molecules_json?id=638014'}	id_matching	PUBCHEM_COMPOUND:638014	seaweed
mf515	flavordb	{'url': 'https://cosylab.iiitd.edu.in/flavordb/molecules_json?id=638014'}	id_matching	PUBCHEM_COMPOUND:638014	jam
mf516	flavordb	{'url': 'https://cosylab.iiitd.edu.in/flavordb/molecules_json?id=638014'}	id_matching	PUBCHEM_COMPOUND:638014	odor reminiscent of cedar wood
mf517	flavordb	{'url': 'https://cosylab.iiitd.edu.in/flavordb/molecules_json?id=638014'}	id_matching	PUBCHEM_COMPOUND:638014	woody, berry, floral, green and fruity
mf518	flavordb	{'url': 'https://cosylab.iiitd.edu.in/flavordb/molecules_json?id=638014'}	id_matching	PUBCHEM_COMPOUND:638014	orris
mf519	flavordb	{'url': 'https://cosylab.iiitd.edu.in/flavordb/molecules_json?id=638014'}	id_matching	PUBCHEM_COMPOUND:638014	flower
mf520	flavordb	{'url': 'https://cosylab.iiitd.edu.in/flavordb/molecules_json?id=638014'}	id_matching	PUBCHEM_COMPOUND:638014	warm woody, dry, and fruity odor
mf521	flavordb	{'url': 'https://cosylab.iiitd.edu.in/flavordb/molecules_json?id=638014'}	id_matching	PUBCHEM_COMPOUND:638014	raspberry
mf522	flavordb	{'url': 'https://cosylab.iiitd.edu.in/flavordb/molecules_json?id=638014'}	id_matching	PUBCHEM_COMPOUND:638014	violet-like upon dilution
mf523	flavordb	{'url': 'https://cosylab.iiitd.edu.in/flavordb/molecules_json?id=5284507'}	id_matching	PUBCHEM_COMPOUND:5284507	floral
mf524	flavordb	{'url': 'https://cosylab.iiitd.edu.in/flavordb/molecules_json?id=5284507'}	id_matching	PUBCHEM_COMPOUND:5284507	green
mf525	flavordb	{'url': 'https://cosylab.iiitd.edu.in/flavordb/molecules_json?id=5284507'}	id_matching	PUBCHEM_COMPOUND:5284507	wax
mf526	flavordb	{'url': 'https://cosylab.iiitd.edu.in/flavordb/molecules_json?id=5284507'}	id_matching	PUBCHEM_COMPOUND:5284507	woody
mf527	flavordb	{'url': 'https://cosylab.iiitd.edu.in/flavordb/molecules_json?id=5284507'}	id_matching	PUBCHEM_COMPOUND:5284507	waxy
mf528	flavordb	{'url': 'https://cosylab.iiitd.edu.in/flavordb/molecules_json?id=5284507'}	id_matching	PUBCHEM_COMPOUND:5284507	citrus
mf529	flavordb	{'url': 'https://cosylab.iiitd.edu.in/flavordb/molecules_json?id=5284507'}	id_matching	PUBCHEM_COMPOUND:5284507	flower
mf530	flavordb	{'url': 'https://cosylab.iiitd.edu.in/flavordb/molecules_json?id=5284507'}	id_matching	PUBCHEM_COMPOUND:5284507	wood
mf531	flavordb	{'url': 'https://cosylab.iiitd.edu.in/flavordb/molecules_json?id=5281'}	id_matching	PUBCHEM_COMPOUND:5281	fatty
mf532	flavordb	{'url': 'https://cosylab.iiitd.edu.in/flavordb/molecules_json?id=5281'}	id_matching	PUBCHEM_COMPOUND:5281	mild
mf533	flavordb	{'url': 'https://cosylab.iiitd.edu.in/flavordb/molecules_json?id=5281'}	id_matching	PUBCHEM_COMPOUND:5281	odorless
mf534	flavordb	{'url': 'https://cosylab.iiitd.edu.in/flavordb/molecules_json?id=338'}	id_matching	PUBCHEM_COMPOUND:338	it has sweetish, afterward acrid, taste
mf535	flavordb	{'url': 'https://cosylab.iiitd.edu.in/flavordb/molecules_json?id=338'}	id_matching	PUBCHEM_COMPOUND:338	acrid taste
mf536	flavordb	{'url': 'https://cosylab.iiitd.edu.in/flavordb/molecules_json?id=338'}	id_matching	PUBCHEM_COMPOUND:338	synthetic acid is odorless
mf537	flavordb	{'url': 'https://cosylab.iiitd.edu.in/flavordb/molecules_json?id=338'}	id_matching	PUBCHEM_COMPOUND:338	phenolic
mf538	flavordb	{'url': 'https://cosylab.iiitd.edu.in/flavordb/molecules_json?id=338'}	id_matching	PUBCHEM_COMPOUND:338	faint
mf539	flavordb	{'url': 'https://cosylab.iiitd.edu.in/flavordb/molecules_json?id=338'}	id_matching	PUBCHEM_COMPOUND:338	nutty
mf540	flavordb	{'url': 'https://cosylab.iiitd.edu.in/flavordb/molecules_json?id=16129778'}	id_matching	PUBCHEM_COMPOUND:16129778	astringent taste
mf541	flavordb	{'url': 'https://cosylab.iiitd.edu.in/flavordb/molecules_json?id=16129778'}	id_matching	PUBCHEM_COMPOUND:16129778	faint characteristic odor
mf542	flavordb	{'url': 'https://cosylab.iiitd.edu.in/flavordb/molecules_json?id=326'}	id_matching	PUBCHEM_COMPOUND:326	green
mf543	flavordb	{'url': 'https://cosylab.iiitd.edu.in/flavordb/molecules_json?id=326'}	id_matching	PUBCHEM_COMPOUND:326	sharp
mf544	flavordb	{'url': 'https://cosylab.iiitd.edu.in/flavordb/molecules_json?id=326'}	id_matching	PUBCHEM_COMPOUND:326	herbal
mf545	flavordb	{'url': 'https://cosylab.iiitd.edu.in/flavordb/molecules_json?id=326'}	id_matching	PUBCHEM_COMPOUND:326	cumin
mf546	flavordb	{'url': 'https://cosylab.iiitd.edu.in/flavordb/molecules_json?id=326'}	id_matching	PUBCHEM_COMPOUND:326	acid
mf547	flavordb	{'url': 'https://cosylab.iiitd.edu.in/flavordb/molecules_json?id=326'}	id_matching	PUBCHEM_COMPOUND:326	spicy
mf548	flavordb	{'url': 'https://cosylab.iiitd.edu.in/flavordb/molecules_json?id=326'}	id_matching	PUBCHEM_COMPOUND:326	oily
mf549	flavordb	{'url': 'https://cosylab.iiitd.edu.in/flavordb/molecules_json?id=439312'}	id_matching	PUBCHEM_COMPOUND:439312	sweet
mf550	flavordb	{'url': 'https://cosylab.iiitd.edu.in/flavordb/molecules_json?id=5971'}	id_matching	PUBCHEM_COMPOUND:5971	mustard
mf551	flavordb	{'url': 'https://cosylab.iiitd.edu.in/flavordb/molecules_json?id=5971'}	id_matching	PUBCHEM_COMPOUND:5971	sulfur
mf552	flavordb	{'url': 'https://cosylab.iiitd.edu.in/flavordb/molecules_json?id=5971'}	id_matching	PUBCHEM_COMPOUND:5971	mustard taste
mf553	flavordb	{'url': 'https://cosylab.iiitd.edu.in/flavordb/molecules_json?id=5971'}	id_matching	PUBCHEM_COMPOUND:5971	bitter
mf554	flavordb	{'url': 'https://cosylab.iiitd.edu.in/flavordb/molecules_json?id=5971'}	id_matching	PUBCHEM_COMPOUND:5971	pungent
mf555	flavordb	{'url': 'https://cosylab.iiitd.edu.in/flavordb/molecules_json?id=5971'}	id_matching	PUBCHEM_COMPOUND:5971	strong
mf556	flavordb	{'url': 'https://cosylab.iiitd.edu.in/flavordb/molecules_json?id=5971'}	id_matching	PUBCHEM_COMPOUND:5971	garlic
mf557	flavordb	{'url': 'https://cosylab.iiitd.edu.in/flavordb/molecules_json?id=5971'}	id_matching	PUBCHEM_COMPOUND:5971	mustard odor
mf558	flavordb	{'url': 'https://cosylab.iiitd.edu.in/flavordb/molecules_json?id=5971'}	id_matching	PUBCHEM_COMPOUND:5971	acrid taste
mf559	flavordb	{'url': 'https://cosylab.iiitd.edu.in/flavordb/molecules_json?id=5971'}	id_matching	PUBCHEM_COMPOUND:5971	very pungent
mf560	flavordb	{'url': 'https://cosylab.iiitd.edu.in/flavordb/molecules_json?id=4114'}	id_matching	PUBCHEM_COMPOUND:4114	bitter
mf561	flavordb	{'url': 'https://cosylab.iiitd.edu.in/flavordb/molecules_json?id=4114'}	id_matching	PUBCHEM_COMPOUND:4114	odorless
mf562	flavordb	{'url': 'https://cosylab.iiitd.edu.in/flavordb/molecules_json?id=4114'}	id_matching	PUBCHEM_COMPOUND:4114	bitter taste
mf563	flavordb	{'url': 'https://cosylab.iiitd.edu.in/flavordb/molecules_json?id=16724'}	id_matching	PUBCHEM_COMPOUND:16724	caraway
mf564	flavordb	{'url': 'https://cosylab.iiitd.edu.in/flavordb/molecules_json?id=16724'}	id_matching	PUBCHEM_COMPOUND:16724	spice
mf565	flavordb	{'url': 'https://cosylab.iiitd.edu.in/flavordb/molecules_json?id=16724'}	id_matching	PUBCHEM_COMPOUND:16724	bread
mf566	flavordb	{'url': 'https://cosylab.iiitd.edu.in/flavordb/molecules_json?id=3893'}	id_matching	PUBCHEM_COMPOUND:3893	fatty
mf567	flavordb	{'url': 'https://cosylab.iiitd.edu.in/flavordb/molecules_json?id=3893'}	id_matching	PUBCHEM_COMPOUND:3893	bay oil
mf568	flavordb	{'url': 'https://cosylab.iiitd.edu.in/flavordb/molecules_json?id=3893'}	id_matching	PUBCHEM_COMPOUND:3893	coconut
mf569	flavordb	{'url': 'https://cosylab.iiitd.edu.in/flavordb/molecules_json?id=3893'}	id_matching	PUBCHEM_COMPOUND:3893	characteristic, like oil of bay
mf570	flavordb	{'url': 'https://cosylab.iiitd.edu.in/flavordb/molecules_json?id=3893'}	id_matching	PUBCHEM_COMPOUND:3893	mild
mf571	flavordb	{'url': 'https://cosylab.iiitd.edu.in/flavordb/molecules_json?id=3893'}	id_matching	PUBCHEM_COMPOUND:3893	metal
mf572	flavordb	{'url': 'https://cosylab.iiitd.edu.in/flavordb/molecules_json?id=243'}	id_matching	PUBCHEM_COMPOUND:243	balsam
mf573	flavordb	{'url': 'https://cosylab.iiitd.edu.in/flavordb/molecules_json?id=243'}	id_matching	PUBCHEM_COMPOUND:243	taste detection 8.5x10+1 ppm /media and purity not specified/
mf574	flavordb	{'url': 'https://cosylab.iiitd.edu.in/flavordb/molecules_json?id=243'}	id_matching	PUBCHEM_COMPOUND:243	urine
mf575	flavordb	{'url': 'https://cosylab.iiitd.edu.in/flavordb/molecules_json?id=243'}	id_matching	PUBCHEM_COMPOUND:243	almost tasteless /benzoic acid usp/
mf576	flavordb	{'url': 'https://cosylab.iiitd.edu.in/flavordb/molecules_json?id=243'}	id_matching	PUBCHEM_COMPOUND:243	faint, pleasant odor
mf577	flavordb	{'url': 'https://cosylab.iiitd.edu.in/flavordb/molecules_json?id=243'}	id_matching	PUBCHEM_COMPOUND:243	odorless or with a slight benzaldehyde odor
mf578	flavordb	{'url': 'https://cosylab.iiitd.edu.in/flavordb/molecules_json?id=243'}	id_matching	PUBCHEM_COMPOUND:243	faint
mf579	flavordb	{'url': 'https://cosylab.iiitd.edu.in/flavordb/molecules_json?id=243'}	id_matching	PUBCHEM_COMPOUND:243	bitter taste
mf580	flavordb	{'url': 'https://cosylab.iiitd.edu.in/flavordb/molecules_json?id=6549'}	id_matching	PUBCHEM_COMPOUND:6549	lavender
mf581	flavordb	{'url': 'https://cosylab.iiitd.edu.in/flavordb/molecules_json?id=6549'}	id_matching	PUBCHEM_COMPOUND:6549	spicy, citrus taste
mf582	flavordb	{'url': 'https://cosylab.iiitd.edu.in/flavordb/molecules_json?id=6549'}	id_matching	PUBCHEM_COMPOUND:6549	floral, spicy, wood odor
mf583	flavordb	{'url': 'https://cosylab.iiitd.edu.in/flavordb/molecules_json?id=6549'}	id_matching	PUBCHEM_COMPOUND:6549	blueberry
mf584	flavordb	{'url': 'https://cosylab.iiitd.edu.in/flavordb/molecules_json?id=6549'}	id_matching	PUBCHEM_COMPOUND:6549	floral
mf585	flavordb	{'url': 'https://cosylab.iiitd.edu.in/flavordb/molecules_json?id=6549'}	id_matching	PUBCHEM_COMPOUND:6549	green
mf586	flavordb	{'url': 'https://cosylab.iiitd.edu.in/flavordb/molecules_json?id=6549'}	id_matching	PUBCHEM_COMPOUND:6549	orange
mf587	flavordb	{'url': 'https://cosylab.iiitd.edu.in/flavordb/molecules_json?id=6549'}	id_matching	PUBCHEM_COMPOUND:6549	citrus
mf588	flavordb	{'url': 'https://cosylab.iiitd.edu.in/flavordb/molecules_json?id=6549'}	id_matching	PUBCHEM_COMPOUND:6549	lemon
mf589	flavordb	{'url': 'https://cosylab.iiitd.edu.in/flavordb/molecules_json?id=6549'}	id_matching	PUBCHEM_COMPOUND:6549	flower
mf590	flavordb	{'url': 'https://cosylab.iiitd.edu.in/flavordb/molecules_json?id=6549'}	id_matching	PUBCHEM_COMPOUND:6549	sweet
mf591	flavordb	{'url': 'https://cosylab.iiitd.edu.in/flavordb/molecules_json?id=6549'}	id_matching	PUBCHEM_COMPOUND:6549	woody
mf592	flavordb	{'url': 'https://cosylab.iiitd.edu.in/flavordb/molecules_json?id=6549'}	id_matching	PUBCHEM_COMPOUND:6549	typical floral odor free from camphoraceous and terpenic notes
mf593	flavordb	{'url': 'https://cosylab.iiitd.edu.in/flavordb/molecules_json?id=6549'}	id_matching	PUBCHEM_COMPOUND:6549	bois de rose
mf594	flavordb	{'url': 'https://cosylab.iiitd.edu.in/flavordb/molecules_json?id=6549'}	id_matching	PUBCHEM_COMPOUND:6549	taste characteristics at 30 ppm: floral, woody, sweet with a green, spicy tropical nuance
mf595	flavordb	{'url': 'https://cosylab.iiitd.edu.in/flavordb/molecules_json?id=6549'}	id_matching	PUBCHEM_COMPOUND:6549	odor similar to that of bergamot oil and french lavender
mf596	flavordb	{'url': 'https://cosylab.iiitd.edu.in/flavordb/molecules_json?id=6549'}	id_matching	PUBCHEM_COMPOUND:6549	flavor characteristics: light, floral
mf597	flavordb	{'url': 'https://cosylab.iiitd.edu.in/flavordb/molecules_json?id=6549'}	id_matching	PUBCHEM_COMPOUND:6549	flowery-fresh odor and reminiscent of lily of the valley
mf598	flavordb	{'url': 'https://cosylab.iiitd.edu.in/flavordb/molecules_json?id=7794'}	id_matching	PUBCHEM_COMPOUND:7794	floral
mf599	flavordb	{'url': 'https://cosylab.iiitd.edu.in/flavordb/molecules_json?id=7794'}	id_matching	PUBCHEM_COMPOUND:7794	sweet
mf600	flavordb	{'url': 'https://cosylab.iiitd.edu.in/flavordb/molecules_json?id=7794'}	id_matching	PUBCHEM_COMPOUND:7794	fat
mf601	flavordb	{'url': 'https://cosylab.iiitd.edu.in/flavordb/molecules_json?id=7794'}	id_matching	PUBCHEM_COMPOUND:7794	rose
mf602	flavordb	{'url': 'https://cosylab.iiitd.edu.in/flavordb/molecules_json?id=7794'}	id_matching	PUBCHEM_COMPOUND:7794	waxy
mf603	flavordb	{'url': 'https://cosylab.iiitd.edu.in/flavordb/molecules_json?id=7794'}	id_matching	PUBCHEM_COMPOUND:7794	citrus
mf604	flavordb	{'url': 'https://cosylab.iiitd.edu.in/flavordb/molecules_json?id=7794'}	id_matching	PUBCHEM_COMPOUND:7794	dry
mf605	flavordb	{'url': 'https://cosylab.iiitd.edu.in/flavordb/molecules_json?id=7794'}	id_matching	PUBCHEM_COMPOUND:7794	lemon
mf606	flavordb	{'url': 'https://cosylab.iiitd.edu.in/flavordb/molecules_json?id=7794'}	id_matching	PUBCHEM_COMPOUND:7794	herbal
mf607	flavordb	{'url': 'https://cosylab.iiitd.edu.in/flavordb/molecules_json?id=7794'}	id_matching	PUBCHEM_COMPOUND:7794	aldehydic
mf608	flavordb	{'url': 'https://cosylab.iiitd.edu.in/flavordb/molecules_json?id=7794'}	id_matching	PUBCHEM_COMPOUND:7794	intense lemon-citronella-rose odor
mf609	flavordb	{'url': 'https://cosylab.iiitd.edu.in/flavordb/molecules_json?id=7794'}	id_matching	PUBCHEM_COMPOUND:7794	cherry
mf610	flavordb	{'url': 'https://cosylab.iiitd.edu.in/flavordb/molecules_json?id=637775'}	id_matching	PUBCHEM_COMPOUND:637775	odorless
mf611	flavordb	{'url': 'https://cosylab.iiitd.edu.in/flavordb/molecules_json?id=11173'}	id_matching	PUBCHEM_COMPOUND:11173	green
mf612	flavordb	{'url': 'https://cosylab.iiitd.edu.in/flavordb/molecules_json?id=11173'}	id_matching	PUBCHEM_COMPOUND:11173	fruity
mf613	flavordb	{'url': 'https://cosylab.iiitd.edu.in/flavordb/molecules_json?id=11173'}	id_matching	PUBCHEM_COMPOUND:11173	lavender
mf614	flavordb	{'url': 'https://cosylab.iiitd.edu.in/flavordb/molecules_json?id=11173'}	id_matching	PUBCHEM_COMPOUND:11173	herb
mf615	flavordb	{'url': 'https://cosylab.iiitd.edu.in/flavordb/molecules_json?id=7127'}	id_matching	PUBCHEM_COMPOUND:7127	mesquite
mf616	flavordb	{'url': 'https://cosylab.iiitd.edu.in/flavordb/molecules_json?id=7127'}	id_matching	PUBCHEM_COMPOUND:7127	bitter
mf617	flavordb	{'url': 'https://cosylab.iiitd.edu.in/flavordb/molecules_json?id=7127'}	id_matching	PUBCHEM_COMPOUND:7127	clove
mf618	flavordb	{'url': 'https://cosylab.iiitd.edu.in/flavordb/molecules_json?id=7127'}	id_matching	PUBCHEM_COMPOUND:7127	creamy
mf619	flavordb	{'url': 'https://cosylab.iiitd.edu.in/flavordb/molecules_json?id=7127'}	id_matching	PUBCHEM_COMPOUND:7127	anise
mf620	flavordb	{'url': 'https://cosylab.iiitd.edu.in/flavordb/molecules_json?id=7127'}	id_matching	PUBCHEM_COMPOUND:7127	oily
mf621	flavordb	{'url': 'https://cosylab.iiitd.edu.in/flavordb/molecules_json?id=7127'}	id_matching	PUBCHEM_COMPOUND:7127	raspberry
mf622	flavordb	{'url': 'https://cosylab.iiitd.edu.in/flavordb/molecules_json?id=7127'}	id_matching	PUBCHEM_COMPOUND:7127	clove, carnation odor
mf623	flavordb	{'url': 'https://cosylab.iiitd.edu.in/flavordb/molecules_json?id=7127'}	id_matching	PUBCHEM_COMPOUND:7127	peach
mf624	flavordb	{'url': 'https://cosylab.iiitd.edu.in/flavordb/molecules_json?id=7127'}	id_matching	PUBCHEM_COMPOUND:7127	fresh
mf625	flavordb	{'url': 'https://cosylab.iiitd.edu.in/flavordb/molecules_json?id=7127'}	id_matching	PUBCHEM_COMPOUND:7127	coconut
mf626	flavordb	{'url': 'https://cosylab.iiitd.edu.in/flavordb/molecules_json?id=7127'}	id_matching	PUBCHEM_COMPOUND:7127	vanilla
mf627	flavordb	{'url': 'https://cosylab.iiitd.edu.in/flavordb/molecules_json?id=7127'}	id_matching	PUBCHEM_COMPOUND:7127	apricot
mf628	flavordb	{'url': 'https://cosylab.iiitd.edu.in/flavordb/molecules_json?id=7127'}	id_matching	PUBCHEM_COMPOUND:7127	carnation
mf629	flavordb	{'url': 'https://cosylab.iiitd.edu.in/flavordb/molecules_json?id=7127'}	id_matching	PUBCHEM_COMPOUND:7127	bitter, burning taste
mf630	flavordb	{'url': 'https://cosylab.iiitd.edu.in/flavordb/molecules_json?id=7127'}	id_matching	PUBCHEM_COMPOUND:7127	musty
mf631	flavordb	{'url': 'https://cosylab.iiitd.edu.in/flavordb/molecules_json?id=7127'}	id_matching	PUBCHEM_COMPOUND:7127	spicy
mf632	flavordb	{'url': 'https://cosylab.iiitd.edu.in/flavordb/molecules_json?id=7127'}	id_matching	PUBCHEM_COMPOUND:7127	banana
mf633	flavordb	{'url': 'https://cosylab.iiitd.edu.in/flavordb/molecules_json?id=7127'}	id_matching	PUBCHEM_COMPOUND:7127	balsam
mf634	flavordb	{'url': 'https://cosylab.iiitd.edu.in/flavordb/molecules_json?id=7127'}	id_matching	PUBCHEM_COMPOUND:7127	sweet
mf635	flavordb	{'url': 'https://cosylab.iiitd.edu.in/flavordb/molecules_json?id=7127'}	id_matching	PUBCHEM_COMPOUND:7127	plum
mf636	flavordb	{'url': 'https://cosylab.iiitd.edu.in/flavordb/molecules_json?id=7127'}	id_matching	PUBCHEM_COMPOUND:7127	cinnamon
mf637	flavordb	{'url': 'https://cosylab.iiitd.edu.in/flavordb/molecules_json?id=7127'}	id_matching	PUBCHEM_COMPOUND:7127	spice
mf638	flavordb	{'url': 'https://cosylab.iiitd.edu.in/flavordb/molecules_json?id=7127'}	id_matching	PUBCHEM_COMPOUND:7127	chocolate
mf639	flavordb	{'url': 'https://cosylab.iiitd.edu.in/flavordb/molecules_json?id=7127'}	id_matching	PUBCHEM_COMPOUND:7127	mild-spicy, slightly herbal odor
mf640	flavordb	{'url': 'https://cosylab.iiitd.edu.in/flavordb/molecules_json?id=7127'}	id_matching	PUBCHEM_COMPOUND:7127	warm
mf641	flavordb	{'url': 'https://cosylab.iiitd.edu.in/flavordb/molecules_json?id=768'}	id_matching	PUBCHEM_COMPOUND:768	... bitter, almond-like odor.
mf642	flavordb	{'url': 'https://cosylab.iiitd.edu.in/flavordb/molecules_json?id=768'}	id_matching	PUBCHEM_COMPOUND:768	bitter
mf643	flavordb	{'url': 'https://cosylab.iiitd.edu.in/flavordb/molecules_json?id=768'}	id_matching	PUBCHEM_COMPOUND:768	characteristic sweetish, like almond
mf644	flavordb	{'url': 'https://cosylab.iiitd.edu.in/flavordb/molecules_json?id=768'}	id_matching	PUBCHEM_COMPOUND:768	bitter, burning taste
mf645	flavordb	{'url': 'https://cosylab.iiitd.edu.in/flavordb/molecules_json?id=637563'}	id_matching	PUBCHEM_COMPOUND:637563	balsam
mf646	flavordb	{'url': 'https://cosylab.iiitd.edu.in/flavordb/molecules_json?id=637563'}	id_matching	PUBCHEM_COMPOUND:637563	sweet
mf647	flavordb	{'url': 'https://cosylab.iiitd.edu.in/flavordb/molecules_json?id=637563'}	id_matching	PUBCHEM_COMPOUND:637563	sweet taste
mf648	flavordb	{'url': 'https://cosylab.iiitd.edu.in/flavordb/molecules_json?id=637563'}	id_matching	PUBCHEM_COMPOUND:637563	anise oil odor
mf649	flavordb	{'url': 'https://cosylab.iiitd.edu.in/flavordb/molecules_json?id=637563'}	id_matching	PUBCHEM_COMPOUND:637563	mimosa
mf650	flavordb	{'url': 'https://cosylab.iiitd.edu.in/flavordb/molecules_json?id=637563'}	id_matching	PUBCHEM_COMPOUND:637563	anise
mf651	flavordb	{'url': 'https://cosylab.iiitd.edu.in/flavordb/molecules_json?id=637563'}	id_matching	PUBCHEM_COMPOUND:637563	licorice
mf652	flavordb	{'url': 'https://cosylab.iiitd.edu.in/flavordb/molecules_json?id=784'}	id_matching	PUBCHEM_COMPOUND:784	... slightly sharp odor ...
mf653	flavordb	{'url': 'https://cosylab.iiitd.edu.in/flavordb/molecules_json?id=784'}	id_matching	PUBCHEM_COMPOUND:784	bitter
mf654	flavordb	{'url': 'https://cosylab.iiitd.edu.in/flavordb/molecules_json?id=784'}	id_matching	PUBCHEM_COMPOUND:784	slightly acid
mf655	flavordb	{'url': 'https://cosylab.iiitd.edu.in/flavordb/molecules_json?id=784'}	id_matching	PUBCHEM_COMPOUND:784	odorless, or having an odor resembling that of ozone
mf656	flavordb	{'url': 'https://cosylab.iiitd.edu.in/flavordb/molecules_json?id=16741'}	id_matching	PUBCHEM_COMPOUND:16741	green
mf657	flavordb	{'url': 'https://cosylab.iiitd.edu.in/flavordb/molecules_json?id=16741'}	id_matching	PUBCHEM_COMPOUND:16741	gooseberry
mf658	flavordb	{'url': 'https://cosylab.iiitd.edu.in/flavordb/molecules_json?id=16741'}	id_matching	PUBCHEM_COMPOUND:16741	watercress
mf659	flavordb	{'url': 'https://cosylab.iiitd.edu.in/flavordb/molecules_json?id=16741'}	id_matching	PUBCHEM_COMPOUND:16741	bitter
mf660	flavordb	{'url': 'https://cosylab.iiitd.edu.in/flavordb/molecules_json?id=16741'}	id_matching	PUBCHEM_COMPOUND:16741	horseradish
mf661	flavordb	{'url': 'https://cosylab.iiitd.edu.in/flavordb/molecules_json?id=14896'}	id_matching	PUBCHEM_COMPOUND:14896	green
mf662	flavordb	{'url': 'https://cosylab.iiitd.edu.in/flavordb/molecules_json?id=14896'}	id_matching	PUBCHEM_COMPOUND:14896	characteristic turpentine odor
mf663	flavordb	{'url': 'https://cosylab.iiitd.edu.in/flavordb/molecules_json?id=14896'}	id_matching	PUBCHEM_COMPOUND:14896	woody
mf664	flavordb	{'url': 'https://cosylab.iiitd.edu.in/flavordb/molecules_json?id=14896'}	id_matching	PUBCHEM_COMPOUND:14896	pine
mf665	flavordb	{'url': 'https://cosylab.iiitd.edu.in/flavordb/molecules_json?id=14896'}	id_matching	PUBCHEM_COMPOUND:14896	terpene odor
mf666	flavordb	{'url': 'https://cosylab.iiitd.edu.in/flavordb/molecules_json?id=14896'}	id_matching	PUBCHEM_COMPOUND:14896	resinous
mf667	flavordb	{'url': 'https://cosylab.iiitd.edu.in/flavordb/molecules_json?id=14896'}	id_matching	PUBCHEM_COMPOUND:14896	hay
mf668	flavordb	{'url': 'https://cosylab.iiitd.edu.in/flavordb/molecules_json?id=14896'}	id_matching	PUBCHEM_COMPOUND:14896	dry
mf669	flavordb	{'url': 'https://cosylab.iiitd.edu.in/flavordb/molecules_json?id=14896'}	id_matching	PUBCHEM_COMPOUND:14896	resin
mf670	flavordb	{'url': 'https://cosylab.iiitd.edu.in/flavordb/molecules_json?id=14896'}	id_matching	PUBCHEM_COMPOUND:14896	piney, turpentine-like odor
mf671	flavordb	{'url': 'https://cosylab.iiitd.edu.in/flavordb/molecules_json?id=14896'}	id_matching	PUBCHEM_COMPOUND:14896	turpentine
mf672	flavordb	{'url': 'https://cosylab.iiitd.edu.in/flavordb/molecules_json?id=14896'}	id_matching	PUBCHEM_COMPOUND:14896	dry, woody or resinous aroma
mf673	flavordb	{'url': 'https://cosylab.iiitd.edu.in/flavordb/molecules_json?id=14896'}	id_matching	PUBCHEM_COMPOUND:14896	piney, turpentine-like taste
mf674	flavordb	{'url': 'https://cosylab.iiitd.edu.in/flavordb/molecules_json?id=72344'}	id_matching	PUBCHEM_COMPOUND:72344	bitter
mf675	flavordb	{'url': 'https://cosylab.iiitd.edu.in/flavordb/molecules_json?id=1031'}	id_matching	PUBCHEM_COMPOUND:1031	similar to ethanol
mf676	flavordb	{'url': 'https://cosylab.iiitd.edu.in/flavordb/molecules_json?id=1031'}	id_matching	PUBCHEM_COMPOUND:1031	peanut
mf677	flavordb	{'url': 'https://cosylab.iiitd.edu.in/flavordb/molecules_json?id=1031'}	id_matching	PUBCHEM_COMPOUND:1031	fermented
mf678	flavordb	{'url': 'https://cosylab.iiitd.edu.in/flavordb/molecules_json?id=1031'}	id_matching	PUBCHEM_COMPOUND:1031	pungent
mf679	flavordb	{'url': 'https://cosylab.iiitd.edu.in/flavordb/molecules_json?id=1031'}	id_matching	PUBCHEM_COMPOUND:1031	taste detection: 7.50x10+3 ppm, purity of sample not specified
mf680	flavordb	{'url': 'https://cosylab.iiitd.edu.in/flavordb/molecules_json?id=1031'}	id_matching	PUBCHEM_COMPOUND:1031	alcoholic
mf681	flavordb	{'url': 'https://cosylab.iiitd.edu.in/flavordb/molecules_json?id=1031'}	id_matching	PUBCHEM_COMPOUND:1031	odor recognition threshold: 0.32-150 mg/cu m
mf682	flavordb	{'url': 'https://cosylab.iiitd.edu.in/flavordb/molecules_json?id=1031'}	id_matching	PUBCHEM_COMPOUND:1031	fusel
mf683	flavordb	{'url': 'https://cosylab.iiitd.edu.in/flavordb/molecules_json?id=1031'}	id_matching	PUBCHEM_COMPOUND:1031	burning taste
mf684	flavordb	{'url': 'https://cosylab.iiitd.edu.in/flavordb/molecules_json?id=1031'}	id_matching	PUBCHEM_COMPOUND:1031	odor perception threshold: <
mf685	flavordb	{'url': 'https://cosylab.iiitd.edu.in/flavordb/molecules_json?id=1031'}	id_matching	PUBCHEM_COMPOUND:1031	0.07-100 mg/cu-m
mf686	flavordb	{'url': 'https://cosylab.iiitd.edu.in/flavordb/molecules_json?id=1031'}	id_matching	PUBCHEM_COMPOUND:1031	musty
mf687	flavordb	{'url': 'https://cosylab.iiitd.edu.in/flavordb/molecules_json?id=1031'}	id_matching	PUBCHEM_COMPOUND:1031	alcohol
mf688	flavordb	{'url': 'https://cosylab.iiitd.edu.in/flavordb/molecules_json?id=1031'}	id_matching	PUBCHEM_COMPOUND:1031	characteristic ripe, fruity flavor
mf689	flavordb	{'url': 'https://cosylab.iiitd.edu.in/flavordb/molecules_json?id=18818'}	id_matching	PUBCHEM_COMPOUND:18818	terpene
mf690	flavordb	{'url': 'https://cosylab.iiitd.edu.in/flavordb/molecules_json?id=18818'}	id_matching	PUBCHEM_COMPOUND:18818	pepper
mf691	flavordb	{'url': 'https://cosylab.iiitd.edu.in/flavordb/molecules_json?id=18818'}	id_matching	PUBCHEM_COMPOUND:18818	woody
mf692	flavordb	{'url': 'https://cosylab.iiitd.edu.in/flavordb/molecules_json?id=18818'}	id_matching	PUBCHEM_COMPOUND:18818	pine
mf693	flavordb	{'url': 'https://cosylab.iiitd.edu.in/flavordb/molecules_json?id=18818'}	id_matching	PUBCHEM_COMPOUND:18818	citrus
mf694	flavordb	{'url': 'https://cosylab.iiitd.edu.in/flavordb/molecules_json?id=18818'}	id_matching	PUBCHEM_COMPOUND:18818	spice
mf695	flavordb	{'url': 'https://cosylab.iiitd.edu.in/flavordb/molecules_json?id=18818'}	id_matching	PUBCHEM_COMPOUND:18818	turpentine
mf696	flavordb	{'url': 'https://cosylab.iiitd.edu.in/flavordb/molecules_json?id=18818'}	id_matching	PUBCHEM_COMPOUND:18818	wood
mf697	flavordb	{'url': 'https://cosylab.iiitd.edu.in/flavordb/molecules_json?id=4276'}	id_matching	PUBCHEM_COMPOUND:4276	balsam
mf698	flavordb	{'url': 'https://cosylab.iiitd.edu.in/flavordb/molecules_json?id=4276'}	id_matching	PUBCHEM_COMPOUND:4276	woody
mf699	flavordb	{'url': 'https://cosylab.iiitd.edu.in/flavordb/molecules_json?id=4276'}	id_matching	PUBCHEM_COMPOUND:4276	spice
mf700	flavordb	{'url': 'https://cosylab.iiitd.edu.in/flavordb/molecules_json?id=4276'}	id_matching	PUBCHEM_COMPOUND:4276	balsamic
mf701	flavordb	{'url': 'https://cosylab.iiitd.edu.in/flavordb/molecules_json?id=4276'}	id_matching	PUBCHEM_COMPOUND:4276	warm
mf702	flavordb	{'url': 'https://cosylab.iiitd.edu.in/flavordb/molecules_json?id=5144'}	id_matching	PUBCHEM_COMPOUND:5144	floral
mf703	flavordb	{'url': 'https://cosylab.iiitd.edu.in/flavordb/molecules_json?id=5144'}	id_matching	PUBCHEM_COMPOUND:5144	sweet
mf704	flavordb	{'url': 'https://cosylab.iiitd.edu.in/flavordb/molecules_json?id=5144'}	id_matching	PUBCHEM_COMPOUND:5144	woody
mf705	flavordb	{'url': 'https://cosylab.iiitd.edu.in/flavordb/molecules_json?id=5144'}	id_matching	PUBCHEM_COMPOUND:5144	spice
mf706	flavordb	{'url': 'https://cosylab.iiitd.edu.in/flavordb/molecules_json?id=5144'}	id_matching	PUBCHEM_COMPOUND:5144	anise
mf707	flavordb	{'url': 'https://cosylab.iiitd.edu.in/flavordb/molecules_json?id=5144'}	id_matching	PUBCHEM_COMPOUND:5144	spicy
mf708	flavordb	{'url': 'https://cosylab.iiitd.edu.in/flavordb/molecules_json?id=5144'}	id_matching	PUBCHEM_COMPOUND:5144	sassafrass
mf709	flavordb	{'url': 'https://cosylab.iiitd.edu.in/flavordb/molecules_json?id=5144'}	id_matching	PUBCHEM_COMPOUND:5144	sassafras odor
mf710	flavordb	{'url': 'https://cosylab.iiitd.edu.in/flavordb/molecules_json?id=5144'}	id_matching	PUBCHEM_COMPOUND:5144	warm
mf711	flavordb	{'url': 'https://cosylab.iiitd.edu.in/flavordb/molecules_json?id=89594'}	id_matching	PUBCHEM_COMPOUND:89594	bitter
mf712	flavordb	{'url': 'https://cosylab.iiitd.edu.in/flavordb/molecules_json?id=89594'}	id_matching	PUBCHEM_COMPOUND:89594	acrid, burning
mf713	flavordb	{'url': 'https://cosylab.iiitd.edu.in/flavordb/molecules_json?id=89594'}	id_matching	PUBCHEM_COMPOUND:89594	fish-like odor when warm
mf714	flavordb	{'url': 'https://cosylab.iiitd.edu.in/flavordb/molecules_json?id=5280804'}	id_matching	PUBCHEM_COMPOUND:5280804	poorer quality (dark) grades have unpleasant flavor and odor, probably due to tannic acid
mf715	flavordb	{'url': 'https://cosylab.iiitd.edu.in/flavordb/molecules_json?id=5280804'}	id_matching	PUBCHEM_COMPOUND:5280804	soln of good grades are practically tasteless
mf716	flavordb	{'url': 'https://cosylab.iiitd.edu.in/flavordb/molecules_json?id=5280804'}	id_matching	PUBCHEM_COMPOUND:5280804	soln of good grades are practically odorless
mf717	flavordb	{'url': 'https://cosylab.iiitd.edu.in/flavordb/molecules_json?id=5280804'}	id_matching	PUBCHEM_COMPOUND:5280804	almost odorless
mf718	flavordb	{'url': 'https://cosylab.iiitd.edu.in/flavordb/molecules_json?id=5280804'}	id_matching	PUBCHEM_COMPOUND:5280804	odorless
mf719	flavordb	{'url': 'https://cosylab.iiitd.edu.in/flavordb/molecules_json?id=1123'}	id_matching	PUBCHEM_COMPOUND:1123	slightly acidic taste
mf720	flavordb	{'url': 'https://cosylab.iiitd.edu.in/flavordb/molecules_json?id=1123'}	id_matching	PUBCHEM_COMPOUND:1123	bland
mf721	flavordb	{'url': 'https://cosylab.iiitd.edu.in/flavordb/molecules_json?id=1123'}	id_matching	PUBCHEM_COMPOUND:1123	bitter
mf722	flavordb	{'url': 'https://cosylab.iiitd.edu.in/flavordb/molecules_json?id=1123'}	id_matching	PUBCHEM_COMPOUND:1123	almost odorless
mf723	flavordb	{'url': 'https://cosylab.iiitd.edu.in/flavordb/molecules_json?id=1123'}	id_matching	PUBCHEM_COMPOUND:1123	odorless
mf724	flavordb	{'url': 'https://cosylab.iiitd.edu.in/flavordb/molecules_json?id=5315892'}	id_matching	PUBCHEM_COMPOUND:5315892	balsam
mf725	flavordb	{'url': 'https://cosylab.iiitd.edu.in/flavordb/molecules_json?id=5315892'}	id_matching	PUBCHEM_COMPOUND:5315892	green
mf726	flavordb	{'url': 'https://cosylab.iiitd.edu.in/flavordb/molecules_json?id=5315892'}	id_matching	PUBCHEM_COMPOUND:5315892	sweet
mf727	flavordb	{'url': 'https://cosylab.iiitd.edu.in/flavordb/molecules_json?id=5315892'}	id_matching	PUBCHEM_COMPOUND:5315892	odor of hyacinth
mf728	flavordb	{'url': 'https://cosylab.iiitd.edu.in/flavordb/molecules_json?id=5315892'}	id_matching	PUBCHEM_COMPOUND:5315892	bitter taste
mf729	flavordb	{'url': 'https://cosylab.iiitd.edu.in/flavordb/molecules_json?id=5315892'}	id_matching	PUBCHEM_COMPOUND:5315892	powdery
mf730	flavordb	{'url': 'https://cosylab.iiitd.edu.in/flavordb/molecules_json?id=5315892'}	id_matching	PUBCHEM_COMPOUND:5315892	hyacinth
mf731	flavordb	{'url': 'https://cosylab.iiitd.edu.in/flavordb/molecules_json?id=5315892'}	id_matching	PUBCHEM_COMPOUND:5315892	bitter
mf732	flavordb	{'url': 'https://cosylab.iiitd.edu.in/flavordb/molecules_json?id=5315892'}	id_matching	PUBCHEM_COMPOUND:5315892	pleasant, floral odor
mf733	flavordb	{'url': 'https://cosylab.iiitd.edu.in/flavordb/molecules_json?id=5315892'}	id_matching	PUBCHEM_COMPOUND:5315892	spicy
mf734	flavordb	{'url': 'https://cosylab.iiitd.edu.in/flavordb/molecules_json?id=5315892'}	id_matching	PUBCHEM_COMPOUND:5315892	cinnamic
mf735	flavordb	{'url': 'https://cosylab.iiitd.edu.in/flavordb/molecules_json?id=5754'}	id_matching	PUBCHEM_COMPOUND:5754	bitter
mf736	flavordb	{'url': 'https://cosylab.iiitd.edu.in/flavordb/molecules_json?id=5754'}	id_matching	PUBCHEM_COMPOUND:5754	odorless
mf737	flavordb	{'url': 'https://cosylab.iiitd.edu.in/flavordb/molecules_json?id=5754'}	id_matching	PUBCHEM_COMPOUND:5754	bitter taste
mf738	flavordb	{'url': 'https://cosylab.iiitd.edu.in/flavordb/molecules_json?id=10621'}	id_matching	PUBCHEM_COMPOUND:10621	sweet-like
mf739	flavordb	{'url': 'https://cosylab.iiitd.edu.in/flavordb/molecules_json?id=68077'}	id_matching	PUBCHEM_COMPOUND:68077	bitter
mf740	flavordb	{'url': 'https://cosylab.iiitd.edu.in/flavordb/molecules_json?id=177'}	id_matching	PUBCHEM_COMPOUND:177	pungent, suffocating odor that is somewhat fruity and quite pleasant in dilute concentrations.
mf741	flavordb	{'url': 'https://cosylab.iiitd.edu.in/flavordb/molecules_json?id=177'}	id_matching	PUBCHEM_COMPOUND:177	fruity
mf742	flavordb	{'url': 'https://cosylab.iiitd.edu.in/flavordb/molecules_json?id=177'}	id_matching	PUBCHEM_COMPOUND:177	pungent, fruity odor
mf743	flavordb	{'url': 'https://cosylab.iiitd.edu.in/flavordb/molecules_json?id=177'}	id_matching	PUBCHEM_COMPOUND:177	pungent
mf744	flavordb	{'url': 'https://cosylab.iiitd.edu.in/flavordb/molecules_json?id=177'}	id_matching	PUBCHEM_COMPOUND:177	whiskey
mf745	flavordb	{'url': 'https://cosylab.iiitd.edu.in/flavordb/molecules_json?id=177'}	id_matching	PUBCHEM_COMPOUND:177	ether
mf746	flavordb	{'url': 'https://cosylab.iiitd.edu.in/flavordb/molecules_json?id=177'}	id_matching	PUBCHEM_COMPOUND:177	ethereal
mf747	flavordb	{'url': 'https://cosylab.iiitd.edu.in/flavordb/molecules_json?id=177'}	id_matching	PUBCHEM_COMPOUND:177	aldehydic
mf748	flavordb	{'url': 'https://cosylab.iiitd.edu.in/flavordb/molecules_json?id=177'}	id_matching	PUBCHEM_COMPOUND:177	tart taste (fruits containing acetaldehyde before ripening)
mf749	flavordb	{'url': 'https://cosylab.iiitd.edu.in/flavordb/molecules_json?id=16315'}	id_matching	PUBCHEM_COMPOUND:16315	green
mf750	flavordb	{'url': 'https://cosylab.iiitd.edu.in/flavordb/molecules_json?id=16315'}	id_matching	PUBCHEM_COMPOUND:16315	onion
mf751	flavordb	{'url': 'https://cosylab.iiitd.edu.in/flavordb/molecules_json?id=16315'}	id_matching	PUBCHEM_COMPOUND:16315	garlic
mf752	flavordb	{'url': 'https://cosylab.iiitd.edu.in/flavordb/molecules_json?id=16315'}	id_matching	PUBCHEM_COMPOUND:16315	metallic
mf753	flavordb	{'url': 'https://cosylab.iiitd.edu.in/flavordb/molecules_json?id=240'}	id_matching	PUBCHEM_COMPOUND:240	sweet
mf754	flavordb	{'url': 'https://cosylab.iiitd.edu.in/flavordb/molecules_json?id=240'}	id_matching	PUBCHEM_COMPOUND:240	sharp
mf755	flavordb	{'url': 'https://cosylab.iiitd.edu.in/flavordb/molecules_json?id=240'}	id_matching	PUBCHEM_COMPOUND:240	bitter
mf756	flavordb	{'url': 'https://cosylab.iiitd.edu.in/flavordb/molecules_json?id=240'}	id_matching	PUBCHEM_COMPOUND:240	similar to bitter almond
mf757	flavordb	{'url': 'https://cosylab.iiitd.edu.in/flavordb/molecules_json?id=240'}	id_matching	PUBCHEM_COMPOUND:240	odor resembling oil of bitter almond
mf758	flavordb	{'url': 'https://cosylab.iiitd.edu.in/flavordb/molecules_json?id=240'}	id_matching	PUBCHEM_COMPOUND:240	almond
mf759	flavordb	{'url': 'https://cosylab.iiitd.edu.in/flavordb/molecules_json?id=240'}	id_matching	PUBCHEM_COMPOUND:240	strong
mf760	flavordb	{'url': 'https://cosylab.iiitd.edu.in/flavordb/molecules_json?id=240'}	id_matching	PUBCHEM_COMPOUND:240	burning aromatic taste
mf761	flavordb	{'url': 'https://cosylab.iiitd.edu.in/flavordb/molecules_json?id=240'}	id_matching	PUBCHEM_COMPOUND:240	burnt sugar
mf762	flavordb	{'url': 'https://cosylab.iiitd.edu.in/flavordb/molecules_json?id=240'}	id_matching	PUBCHEM_COMPOUND:240	characteristic odor or volatile oil of almond
mf763	flavordb	{'url': 'https://cosylab.iiitd.edu.in/flavordb/molecules_json?id=240'}	id_matching	PUBCHEM_COMPOUND:240	cherry
mf764	flavordb	{'url': 'https://cosylab.iiitd.edu.in/flavordb/molecules_json?id=7501'}	id_matching	PUBCHEM_COMPOUND:7501	floral
mf765	flavordb	{'url': 'https://cosylab.iiitd.edu.in/flavordb/molecules_json?id=7501'}	id_matching	PUBCHEM_COMPOUND:7501	balsam
mf766	flavordb	{'url': 'https://cosylab.iiitd.edu.in/flavordb/molecules_json?id=7501'}	id_matching	PUBCHEM_COMPOUND:7501	sweet
mf767	flavordb	{'url': 'https://cosylab.iiitd.edu.in/flavordb/molecules_json?id=7501'}	id_matching	PUBCHEM_COMPOUND:7501	plastic
mf768	flavordb	{'url': 'https://cosylab.iiitd.edu.in/flavordb/molecules_json?id=7501'}	id_matching	PUBCHEM_COMPOUND:7501	gasoline
mf769	flavordb	{'url': 'https://cosylab.iiitd.edu.in/flavordb/molecules_json?id=7501'}	id_matching	PUBCHEM_COMPOUND:7501	if pure, sweet and pleasant, but usually contains aldehydes that have a typical penetrating smell, sharp, sweet, and unpleasant.
mf770	flavordb	{'url': 'https://cosylab.iiitd.edu.in/flavordb/molecules_json?id=7501'}	id_matching	PUBCHEM_COMPOUND:7501	an aromatic odor
mf771	flavordb	{'url': 'https://cosylab.iiitd.edu.in/flavordb/molecules_json?id=7501'}	id_matching	PUBCHEM_COMPOUND:7501	balsamic
mf772	flavordb	{'url': 'https://cosylab.iiitd.edu.in/flavordb/molecules_json?id=7501'}	id_matching	PUBCHEM_COMPOUND:7501	extremely penetrating
mf773	flavordb	{'url': 'https://cosylab.iiitd.edu.in/flavordb/molecules_json?id=7501'}	id_matching	PUBCHEM_COMPOUND:7501	sweet, floral odor
mf774	flavordb	{'url': 'https://cosylab.iiitd.edu.in/flavordb/molecules_json?id=8842'}	id_matching	PUBCHEM_COMPOUND:8842	floral
mf775	flavordb	{'url': 'https://cosylab.iiitd.edu.in/flavordb/molecules_json?id=8842'}	id_matching	PUBCHEM_COMPOUND:8842	fresh rosy odor
mf776	flavordb	{'url': 'https://cosylab.iiitd.edu.in/flavordb/molecules_json?id=8842'}	id_matching	PUBCHEM_COMPOUND:8842	sweet, peach-like flavor /l-citronellol/
mf777	flavordb	{'url': 'https://cosylab.iiitd.edu.in/flavordb/molecules_json?id=8842'}	id_matching	PUBCHEM_COMPOUND:8842	rose
mf778	flavordb	{'url': 'https://cosylab.iiitd.edu.in/flavordb/molecules_json?id=8842'}	id_matching	PUBCHEM_COMPOUND:8842	waxy
mf779	flavordb	{'url': 'https://cosylab.iiitd.edu.in/flavordb/molecules_json?id=8842'}	id_matching	PUBCHEM_COMPOUND:8842	bitter
mf780	flavordb	{'url': 'https://cosylab.iiitd.edu.in/flavordb/molecules_json?id=8842'}	id_matching	PUBCHEM_COMPOUND:8842	rose bud
mf781	flavordb	{'url': 'https://cosylab.iiitd.edu.in/flavordb/molecules_json?id=8842'}	id_matching	PUBCHEM_COMPOUND:8842	citrus
mf782	flavordb	{'url': 'https://cosylab.iiitd.edu.in/flavordb/molecules_json?id=8842'}	id_matching	PUBCHEM_COMPOUND:8842	bitter taste /d-citronellol/
mf783	flavordb	{'url': 'https://cosylab.iiitd.edu.in/flavordb/molecules_json?id=8842'}	id_matching	PUBCHEM_COMPOUND:8842	rose odor
mf784	flavordb	{'url': 'https://cosylab.iiitd.edu.in/flavordb/molecules_json?id=8842'}	id_matching	PUBCHEM_COMPOUND:8842	taste characteristics at 20 ppm: floral, rose, sweet and green with fruity citrus nuances
mf785	flavordb	{'url': 'https://cosylab.iiitd.edu.in/flavordb/molecules_json?id=8842'}	id_matching	PUBCHEM_COMPOUND:8842	geranium
mf786	flavordb	{'url': 'https://cosylab.iiitd.edu.in/flavordb/molecules_json?id=8842'}	id_matching	PUBCHEM_COMPOUND:8842	leather
mf787	flavordb	{'url': 'https://cosylab.iiitd.edu.in/flavordb/molecules_json?id=5281804'}	id_matching	PUBCHEM_COMPOUND:5281804	bitter
mf788	flavordb	{'url': 'https://cosylab.iiitd.edu.in/flavordb/molecules_json?id=21648'}	id_matching	PUBCHEM_COMPOUND:21648	floral
mf789	flavordb	{'url': 'https://cosylab.iiitd.edu.in/flavordb/molecules_json?id=21648'}	id_matching	PUBCHEM_COMPOUND:21648	sweet
mf790	flavordb	{'url': 'https://cosylab.iiitd.edu.in/flavordb/molecules_json?id=21648'}	id_matching	PUBCHEM_COMPOUND:21648	berry
mf791	flavordb	{'url': 'https://cosylab.iiitd.edu.in/flavordb/molecules_json?id=21648'}	id_matching	PUBCHEM_COMPOUND:21648	jam
mf792	flavordb	{'url': 'https://cosylab.iiitd.edu.in/flavordb/molecules_json?id=21648'}	id_matching	PUBCHEM_COMPOUND:21648	ripe
mf793	flavordb	{'url': 'https://cosylab.iiitd.edu.in/flavordb/molecules_json?id=21648'}	id_matching	PUBCHEM_COMPOUND:21648	taste characteristics at 20 ppm: sweet, berry, raspberry, woody and jammy with a ripe, powdery nuance
mf794	flavordb	{'url': 'https://cosylab.iiitd.edu.in/flavordb/molecules_json?id=21648'}	id_matching	PUBCHEM_COMPOUND:21648	sweet fruity, warm odor resembling raspberry preserve
mf795	flavordb	{'url': 'https://cosylab.iiitd.edu.in/flavordb/molecules_json?id=21648'}	id_matching	PUBCHEM_COMPOUND:21648	raspberry
mf796	flavordb	{'url': 'https://cosylab.iiitd.edu.in/flavordb/molecules_json?id=5281426'}	id_matching	PUBCHEM_COMPOUND:5281426	bitter
mf797	flavordb	{'url': 'https://cosylab.iiitd.edu.in/flavordb/molecules_json?id=985'}	id_matching	PUBCHEM_COMPOUND:985	fatty
mf798	flavordb	{'url': 'https://cosylab.iiitd.edu.in/flavordb/molecules_json?id=985'}	id_matching	PUBCHEM_COMPOUND:985	slightly waxy
mf799	flavordb	{'url': 'https://cosylab.iiitd.edu.in/flavordb/molecules_json?id=126'}	id_matching	PUBCHEM_COMPOUND:126	balsam
mf800	flavordb	{'url': 'https://cosylab.iiitd.edu.in/flavordb/molecules_json?id=126'}	id_matching	PUBCHEM_COMPOUND:126	sweet
mf801	flavordb	{'url': 'https://cosylab.iiitd.edu.in/flavordb/molecules_json?id=126'}	id_matching	PUBCHEM_COMPOUND:126	woody
mf802	flavordb	{'url': 'https://cosylab.iiitd.edu.in/flavordb/molecules_json?id=126'}	id_matching	PUBCHEM_COMPOUND:126	almond
mf803	flavordb	{'url': 'https://cosylab.iiitd.edu.in/flavordb/molecules_json?id=126'}	id_matching	PUBCHEM_COMPOUND:126	nutty
mf804	flavordb	{'url': 'https://cosylab.iiitd.edu.in/flavordb/molecules_json?id=2346'}	id_matching	PUBCHEM_COMPOUND:2346	watercress
mf805	flavordb	{'url': 'https://cosylab.iiitd.edu.in/flavordb/molecules_json?id=2346'}	id_matching	PUBCHEM_COMPOUND:2346	dusty
mf806	flavordb	{'url': 'https://cosylab.iiitd.edu.in/flavordb/molecules_json?id=2346'}	id_matching	PUBCHEM_COMPOUND:2346	horseradish
mf807	flavordb	{'url': 'https://cosylab.iiitd.edu.in/flavordb/molecules_json?id=2346'}	id_matching	PUBCHEM_COMPOUND:2346	medicinal
mf808	flavordb	{'url': 'https://cosylab.iiitd.edu.in/flavordb/molecules_json?id=2346'}	id_matching	PUBCHEM_COMPOUND:2346	oily
mf809	flavordb	{'url': 'https://cosylab.iiitd.edu.in/flavordb/molecules_json?id=2346'}	id_matching	PUBCHEM_COMPOUND:2346	mild
mf810	flavordb	{'url': 'https://cosylab.iiitd.edu.in/flavordb/molecules_json?id=7362'}	id_matching	PUBCHEM_COMPOUND:7362	sweet
mf811	flavordb	{'url': 'https://cosylab.iiitd.edu.in/flavordb/molecules_json?id=7362'}	id_matching	PUBCHEM_COMPOUND:7362	woody
mf812	flavordb	{'url': 'https://cosylab.iiitd.edu.in/flavordb/molecules_json?id=7362'}	id_matching	PUBCHEM_COMPOUND:7362	fragrant
mf813	flavordb	{'url': 'https://cosylab.iiitd.edu.in/flavordb/molecules_json?id=7362'}	id_matching	PUBCHEM_COMPOUND:7362	... almond-like odor ...
mf814	flavordb	{'url': 'https://cosylab.iiitd.edu.in/flavordb/molecules_json?id=7362'}	id_matching	PUBCHEM_COMPOUND:7362	almond
mf815	flavordb	{'url': 'https://cosylab.iiitd.edu.in/flavordb/molecules_json?id=7362'}	id_matching	PUBCHEM_COMPOUND:7362	distinct caramel taste
mf816	flavordb	{'url': 'https://cosylab.iiitd.edu.in/flavordb/molecules_json?id=7362'}	id_matching	PUBCHEM_COMPOUND:7362	bread
mf817	flavordb	{'url': 'https://cosylab.iiitd.edu.in/flavordb/molecules_json?id=7362'}	id_matching	PUBCHEM_COMPOUND:7362	peculiar odor, somewhat resembling the odor of benzaldehyde
mf818	flavordb	{'url': 'https://cosylab.iiitd.edu.in/flavordb/molecules_json?id=7362'}	id_matching	PUBCHEM_COMPOUND:7362	baked
mf819	flavordb	{'url': 'https://cosylab.iiitd.edu.in/flavordb/molecules_json?id=637566'}	id_matching	PUBCHEM_COMPOUND:637566	floral
mf820	flavordb	{'url': 'https://cosylab.iiitd.edu.in/flavordb/molecules_json?id=637566'}	id_matching	PUBCHEM_COMPOUND:637566	sweet
mf821	flavordb	{'url': 'https://cosylab.iiitd.edu.in/flavordb/molecules_json?id=637566'}	id_matching	PUBCHEM_COMPOUND:637566	sweet rose odor
mf822	flavordb	{'url': 'https://cosylab.iiitd.edu.in/flavordb/molecules_json?id=637566'}	id_matching	PUBCHEM_COMPOUND:637566	rose
mf823	flavordb	{'url': 'https://cosylab.iiitd.edu.in/flavordb/molecules_json?id=637566'}	id_matching	PUBCHEM_COMPOUND:637566	waxy
mf824	flavordb	{'url': 'https://cosylab.iiitd.edu.in/flavordb/molecules_json?id=637566'}	id_matching	PUBCHEM_COMPOUND:637566	fruity
mf825	flavordb	{'url': 'https://cosylab.iiitd.edu.in/flavordb/molecules_json?id=637566'}	id_matching	PUBCHEM_COMPOUND:637566	sweet floral rose, citrus with fruity, waxy nuances
mf826	flavordb	{'url': 'https://cosylab.iiitd.edu.in/flavordb/molecules_json?id=637566'}	id_matching	PUBCHEM_COMPOUND:637566	pleasant, floral odor
mf827	flavordb	{'url': 'https://cosylab.iiitd.edu.in/flavordb/molecules_json?id=637566'}	id_matching	PUBCHEM_COMPOUND:637566	citrus
mf828	flavordb	{'url': 'https://cosylab.iiitd.edu.in/flavordb/molecules_json?id=637566'}	id_matching	PUBCHEM_COMPOUND:637566	taste threshold values: taste characteristics at 10 ppm
mf829	flavordb	{'url': 'https://cosylab.iiitd.edu.in/flavordb/molecules_json?id=637566'}	id_matching	PUBCHEM_COMPOUND:637566	geranium
mf830	flavordb	{'url': 'https://cosylab.iiitd.edu.in/flavordb/molecules_json?id=637566'}	id_matching	PUBCHEM_COMPOUND:637566	pleasant geranium-like odor
mf831	flavordb	{'url': 'https://cosylab.iiitd.edu.in/flavordb/molecules_json?id=5961'}	id_matching	PUBCHEM_COMPOUND:5961	cocoa
mf832	flavordb	{'url': 'https://cosylab.iiitd.edu.in/flavordb/molecules_json?id=5961'}	id_matching	PUBCHEM_COMPOUND:5961	custard
mf833	flavordb	{'url': 'https://cosylab.iiitd.edu.in/flavordb/molecules_json?id=5961'}	id_matching	PUBCHEM_COMPOUND:5961	milky
mf834	flavordb	{'url': 'https://cosylab.iiitd.edu.in/flavordb/molecules_json?id=5961'}	id_matching	PUBCHEM_COMPOUND:5961	oily
mf835	flavordb	{'url': 'https://cosylab.iiitd.edu.in/flavordb/molecules_json?id=5961'}	id_matching	PUBCHEM_COMPOUND:5961	mild
mf836	flavordb	{'url': 'https://cosylab.iiitd.edu.in/flavordb/molecules_json?id=444539'}	id_matching	PUBCHEM_COMPOUND:444539	balsam
mf837	flavordb	{'url': 'https://cosylab.iiitd.edu.in/flavordb/molecules_json?id=444539'}	id_matching	PUBCHEM_COMPOUND:444539	sweet
mf838	flavordb	{'url': 'https://cosylab.iiitd.edu.in/flavordb/molecules_json?id=444539'}	id_matching	PUBCHEM_COMPOUND:444539	storax
mf839	flavordb	{'url': 'https://cosylab.iiitd.edu.in/flavordb/molecules_json?id=444539'}	id_matching	PUBCHEM_COMPOUND:444539	honey
mf840	flavordb	{'url': 'https://cosylab.iiitd.edu.in/flavordb/molecules_json?id=8794'}	id_matching	PUBCHEM_COMPOUND:8794	aromatic odor
mf841	flavordb	{'url': 'https://cosylab.iiitd.edu.in/flavordb/molecules_json?id=853433'}	id_matching	PUBCHEM_COMPOUND:853433	floral
mf842	flavordb	{'url': 'https://cosylab.iiitd.edu.in/flavordb/molecules_json?id=853433'}	id_matching	PUBCHEM_COMPOUND:853433	sweet
mf843	flavordb	{'url': 'https://cosylab.iiitd.edu.in/flavordb/molecules_json?id=853433'}	id_matching	PUBCHEM_COMPOUND:853433	woody
mf844	flavordb	{'url': 'https://cosylab.iiitd.edu.in/flavordb/molecules_json?id=853433'}	id_matching	PUBCHEM_COMPOUND:853433	carnation
mf845	flavordb	{'url': 'https://cosylab.iiitd.edu.in/flavordb/molecules_json?id=853433'}	id_matching	PUBCHEM_COMPOUND:853433	clove
mf846	flavordb	{'url': 'https://cosylab.iiitd.edu.in/flavordb/molecules_json?id=853433'}	id_matching	PUBCHEM_COMPOUND:853433	phenolic
mf847	flavordb	{'url': 'https://cosylab.iiitd.edu.in/flavordb/molecules_json?id=853433'}	id_matching	PUBCHEM_COMPOUND:853433	spicy
mf848	flavordb	{'url': 'https://cosylab.iiitd.edu.in/flavordb/molecules_json?id=853433'}	id_matching	PUBCHEM_COMPOUND:853433	flower
mf849	flavordb	{'url': 'https://cosylab.iiitd.edu.in/flavordb/molecules_json?id=853433'}	id_matching	PUBCHEM_COMPOUND:853433	spice-clove odor
mf850	flavordb	{'url': 'https://cosylab.iiitd.edu.in/flavordb/molecules_json?id=8051'}	id_matching	PUBCHEM_COMPOUND:8051	sweet
mf851	flavordb	{'url': 'https://cosylab.iiitd.edu.in/flavordb/molecules_json?id=8051'}	id_matching	PUBCHEM_COMPOUND:8051	woody
mf852	flavordb	{'url': 'https://cosylab.iiitd.edu.in/flavordb/molecules_json?id=8051'}	id_matching	PUBCHEM_COMPOUND:8051	characteristic banana, slightly spicy odor
mf853	flavordb	{'url': 'https://cosylab.iiitd.edu.in/flavordb/molecules_json?id=8051'}	id_matching	PUBCHEM_COMPOUND:8051	fruity
mf854	flavordb	{'url': 'https://cosylab.iiitd.edu.in/flavordb/molecules_json?id=8051'}	id_matching	PUBCHEM_COMPOUND:8051	cinnamon
mf855	flavordb	{'url': 'https://cosylab.iiitd.edu.in/flavordb/molecules_json?id=8051'}	id_matching	PUBCHEM_COMPOUND:8051	herbal
mf856	flavordb	{'url': 'https://cosylab.iiitd.edu.in/flavordb/molecules_json?id=8051'}	id_matching	PUBCHEM_COMPOUND:8051	penetrating fruity odor
mf857	flavordb	{'url': 'https://cosylab.iiitd.edu.in/flavordb/molecules_json?id=8051'}	id_matching	PUBCHEM_COMPOUND:8051	banana-like fruity odor
mf858	flavordb	{'url': 'https://cosylab.iiitd.edu.in/flavordb/molecules_json?id=8051'}	id_matching	PUBCHEM_COMPOUND:8051	soap
mf859	flavordb	{'url': 'https://cosylab.iiitd.edu.in/flavordb/molecules_json?id=8051'}	id_matching	PUBCHEM_COMPOUND:8051	coconut
mf860	flavordb	{'url': 'https://cosylab.iiitd.edu.in/flavordb/molecules_json?id=8051'}	id_matching	PUBCHEM_COMPOUND:8051	pear-like flavor
mf861	flavordb	{'url': 'https://cosylab.iiitd.edu.in/flavordb/molecules_json?id=8051'}	id_matching	PUBCHEM_COMPOUND:8051	spicy
mf862	flavordb	{'url': 'https://cosylab.iiitd.edu.in/flavordb/molecules_json?id=4133'}	id_matching	PUBCHEM_COMPOUND:4133	mint
mf863	flavordb	{'url': 'https://cosylab.iiitd.edu.in/flavordb/molecules_json?id=4133'}	id_matching	PUBCHEM_COMPOUND:4133	liquid having the characteristic taste of wintergreen
mf864	flavordb	{'url': 'https://cosylab.iiitd.edu.in/flavordb/molecules_json?id=4133'}	id_matching	PUBCHEM_COMPOUND:4133	wintergreen
mf865	flavordb	{'url': 'https://cosylab.iiitd.edu.in/flavordb/molecules_json?id=4133'}	id_matching	PUBCHEM_COMPOUND:4133	peppermint
mf866	flavordb	{'url': 'https://cosylab.iiitd.edu.in/flavordb/molecules_json?id=4133'}	id_matching	PUBCHEM_COMPOUND:4133	liquid having the characteristic odor of wintergreen
mf867	flavordb	{'url': 'https://cosylab.iiitd.edu.in/flavordb/molecules_json?id=5280373'}	id_matching	PUBCHEM_COMPOUND:5280373	bitter
mf868	flavordb	{'url': 'https://cosylab.iiitd.edu.in/flavordb/molecules_json?id=10251'}	id_matching	PUBCHEM_COMPOUND:10251	bitter
mf869	flavordb	{'url': 'https://cosylab.iiitd.edu.in/flavordb/molecules_json?id=5281670'}	id_matching	PUBCHEM_COMPOUND:5281670	bitter
mf870	flavordb	{'url': 'https://cosylab.iiitd.edu.in/flavordb/molecules_json?id=5281531'}	id_matching	PUBCHEM_COMPOUND:5281531	woody
mf871	flavordb	{'url': 'https://cosylab.iiitd.edu.in/flavordb/molecules_json?id=5281531'}	id_matching	PUBCHEM_COMPOUND:5281531	sandalwood
mf872	flavordb	{'url': 'https://cosylab.iiitd.edu.in/flavordb/molecules_json?id=5281531'}	id_matching	PUBCHEM_COMPOUND:5281531	sweet, sandalwood odor
mf873	flavordb	{'url': 'https://cosylab.iiitd.edu.in/flavordb/molecules_json?id=10364'}	id_matching	PUBCHEM_COMPOUND:10364	thymol odor
mf874	flavordb	{'url': 'https://cosylab.iiitd.edu.in/flavordb/molecules_json?id=10364'}	id_matching	PUBCHEM_COMPOUND:10364	woody
mf875	flavordb	{'url': 'https://cosylab.iiitd.edu.in/flavordb/molecules_json?id=10364'}	id_matching	PUBCHEM_COMPOUND:10364	thymol
mf876	flavordb	{'url': 'https://cosylab.iiitd.edu.in/flavordb/molecules_json?id=10364'}	id_matching	PUBCHEM_COMPOUND:10364	 1-5 ppm
mf877	flavordb	{'url': 'https://cosylab.iiitd.edu.in/flavordb/molecules_json?id=10364'}	id_matching	PUBCHEM_COMPOUND:10364	spice
mf878	flavordb	{'url': 'https://cosylab.iiitd.edu.in/flavordb/molecules_json?id=10364'}	id_matching	PUBCHEM_COMPOUND:10364	excellent smoke taste, 
mf879	flavordb	{'url': 'https://cosylab.iiitd.edu.in/flavordb/molecules_json?id=10364'}	id_matching	PUBCHEM_COMPOUND:10364	medicinal smoke odor
mf880	flavordb	{'url': 'https://cosylab.iiitd.edu.in/flavordb/molecules_json?id=10364'}	id_matching	PUBCHEM_COMPOUND:10364	camphor
mf881	flavordb	{'url': 'https://cosylab.iiitd.edu.in/flavordb/molecules_json?id=5281654'}	id_matching	PUBCHEM_COMPOUND:5281654	bitter
mf882	flavordb	{'url': 'https://cosylab.iiitd.edu.in/flavordb/molecules_json?id=996'}	id_matching	PUBCHEM_COMPOUND:996	plastic
mf883	flavordb	{'url': 'https://cosylab.iiitd.edu.in/flavordb/molecules_json?id=996'}	id_matching	PUBCHEM_COMPOUND:996	rubber
mf884	flavordb	{'url': 'https://cosylab.iiitd.edu.in/flavordb/molecules_json?id=996'}	id_matching	PUBCHEM_COMPOUND:996	somewhat sickeningly sweet and acrid
mf885	flavordb	{'url': 'https://cosylab.iiitd.edu.in/flavordb/molecules_json?id=996'}	id_matching	PUBCHEM_COMPOUND:996	sharp, burning taste
mf886	flavordb	{'url': 'https://cosylab.iiitd.edu.in/flavordb/molecules_json?id=996'}	id_matching	PUBCHEM_COMPOUND:996	when in very weak solution it has a sweetish taste.
mf887	flavordb	{'url': 'https://cosylab.iiitd.edu.in/flavordb/molecules_json?id=996'}	id_matching	PUBCHEM_COMPOUND:996	phenolic
mf888	flavordb	{'url': 'https://cosylab.iiitd.edu.in/flavordb/molecules_json?id=996'}	id_matching	PUBCHEM_COMPOUND:996	sweet, tarry odor
mf889	flavordb	{'url': 'https://cosylab.iiitd.edu.in/flavordb/molecules_json?id=996'}	id_matching	PUBCHEM_COMPOUND:996	distinct aromatic, somewhat sickening sweet and acrid odor, discernable at 0.5 to 5 ppm
mf890	flavordb	{'url': 'https://cosylab.iiitd.edu.in/flavordb/molecules_json?id=996'}	id_matching	PUBCHEM_COMPOUND:996	phenol
mf891	flavordb	{'url': 'https://cosylab.iiitd.edu.in/flavordb/molecules_json?id=2153'}	id_matching	PUBCHEM_COMPOUND:2153	bitter
mf892	flavordb	{'url': 'https://cosylab.iiitd.edu.in/flavordb/molecules_json?id=2153'}	id_matching	PUBCHEM_COMPOUND:2153	odorless
mf893	flavordb	{'url': 'https://cosylab.iiitd.edu.in/flavordb/molecules_json?id=637760'}	id_matching	PUBCHEM_COMPOUND:637760	bitter
mf894	flavordb	{'url': 'https://cosylab.iiitd.edu.in/flavordb/molecules_json?id=18827'}	id_matching	PUBCHEM_COMPOUND:18827	green
mf895	flavordb	{'url': 'https://cosylab.iiitd.edu.in/flavordb/molecules_json?id=18827'}	id_matching	PUBCHEM_COMPOUND:18827	raw
mf896	flavordb	{'url': 'https://cosylab.iiitd.edu.in/flavordb/molecules_json?id=18827'}	id_matching	PUBCHEM_COMPOUND:18827	fungal
mf897	flavordb	{'url': 'https://cosylab.iiitd.edu.in/flavordb/molecules_json?id=18827'}	id_matching	PUBCHEM_COMPOUND:18827	chicken
mf898	flavordb	{'url': 'https://cosylab.iiitd.edu.in/flavordb/molecules_json?id=18827'}	id_matching	PUBCHEM_COMPOUND:18827	mushroom
mf899	flavordb	{'url': 'https://cosylab.iiitd.edu.in/flavordb/molecules_json?id=18827'}	id_matching	PUBCHEM_COMPOUND:18827	earthy
mf900	flavordb	{'url': 'https://cosylab.iiitd.edu.in/flavordb/molecules_json?id=18827'}	id_matching	PUBCHEM_COMPOUND:18827	fishy
mf901	flavordb	{'url': 'https://cosylab.iiitd.edu.in/flavordb/molecules_json?id=18827'}	id_matching	PUBCHEM_COMPOUND:18827	oily
mf902	flavordb	{'url': 'https://cosylab.iiitd.edu.in/flavordb/molecules_json?id=7136'}	id_matching	PUBCHEM_COMPOUND:7136	malt
mf903	flavordb	{'url': 'https://cosylab.iiitd.edu.in/flavordb/molecules_json?id=7136'}	id_matching	PUBCHEM_COMPOUND:7136	floral
mf904	flavordb	{'url': 'https://cosylab.iiitd.edu.in/flavordb/molecules_json?id=7136'}	id_matching	PUBCHEM_COMPOUND:7136	sweet
mf905	flavordb	{'url': 'https://cosylab.iiitd.edu.in/flavordb/molecules_json?id=7136'}	id_matching	PUBCHEM_COMPOUND:7136	woody
mf906	flavordb	{'url': 'https://cosylab.iiitd.edu.in/flavordb/molecules_json?id=7136'}	id_matching	PUBCHEM_COMPOUND:7136	carnation
mf907	flavordb	{'url': 'https://cosylab.iiitd.edu.in/flavordb/molecules_json?id=7136'}	id_matching	PUBCHEM_COMPOUND:7136	clove
mf908	flavordb	{'url': 'https://cosylab.iiitd.edu.in/flavordb/molecules_json?id=7136'}	id_matching	PUBCHEM_COMPOUND:7136	fresh
mf909	flavordb	{'url': 'https://cosylab.iiitd.edu.in/flavordb/molecules_json?id=7136'}	id_matching	PUBCHEM_COMPOUND:7136	spice
mf910	flavordb	{'url': 'https://cosylab.iiitd.edu.in/flavordb/molecules_json?id=130796'}	id_matching	PUBCHEM_COMPOUND:130796	bitter
mf911	flavordb	{'url': 'https://cosylab.iiitd.edu.in/flavordb/molecules_json?id=18950'}	id_matching	PUBCHEM_COMPOUND:18950	sweet
mf912	flavordb	{'url': 'https://cosylab.iiitd.edu.in/flavordb/molecules_json?id=16441'}	id_matching	PUBCHEM_COMPOUND:16441	mint
mf913	flavordb	{'url': 'https://cosylab.iiitd.edu.in/flavordb/molecules_json?id=16441'}	id_matching	PUBCHEM_COMPOUND:16441	green
mf914	flavordb	{'url': 'https://cosylab.iiitd.edu.in/flavordb/molecules_json?id=16441'}	id_matching	PUBCHEM_COMPOUND:16441	sweet
mf915	flavordb	{'url': 'https://cosylab.iiitd.edu.in/flavordb/molecules_json?id=16441'}	id_matching	PUBCHEM_COMPOUND:16441	fat
mf916	flavordb	{'url': 'https://cosylab.iiitd.edu.in/flavordb/molecules_json?id=16441'}	id_matching	PUBCHEM_COMPOUND:16441	herbal
mf917	flavordb	{'url': 'https://cosylab.iiitd.edu.in/flavordb/molecules_json?id=16441'}	id_matching	PUBCHEM_COMPOUND:16441	fresh
mf918	flavordb	{'url': 'https://cosylab.iiitd.edu.in/flavordb/molecules_json?id=16441'}	id_matching	PUBCHEM_COMPOUND:16441	spice
mf919	flavordb	{'url': 'https://cosylab.iiitd.edu.in/flavordb/molecules_json?id=16441'}	id_matching	PUBCHEM_COMPOUND:16441	fatty
mf920	flavordb	{'url': 'https://cosylab.iiitd.edu.in/flavordb/molecules_json?id=16441'}	id_matching	PUBCHEM_COMPOUND:16441	grassy
mf921	flavordb	{'url': 'https://cosylab.iiitd.edu.in/flavordb/molecules_json?id=16441'}	id_matching	PUBCHEM_COMPOUND:16441	cumin
mf922	flavordb	{'url': 'https://cosylab.iiitd.edu.in/flavordb/molecules_json?id=16441'}	id_matching	PUBCHEM_COMPOUND:16441	oily
mf923	flavordb	{'url': 'https://cosylab.iiitd.edu.in/flavordb/molecules_json?id=16441'}	id_matching	PUBCHEM_COMPOUND:16441	cherry
mf924	flavordb	{'url': 'https://cosylab.iiitd.edu.in/flavordb/molecules_json?id=6440397'}	id_matching	PUBCHEM_COMPOUND:6440397	odorless
mf925	flavordb	{'url': 'https://cosylab.iiitd.edu.in/flavordb/molecules_json?id=7427'}	id_matching	PUBCHEM_COMPOUND:7427	sweet
mf926	flavordb	{'url': 'https://cosylab.iiitd.edu.in/flavordb/molecules_json?id=91469'}	id_matching	PUBCHEM_COMPOUND:91469	bitter
mf927	flavordb	{'url': 'https://cosylab.iiitd.edu.in/flavordb/molecules_json?id=4650'}	id_matching	PUBCHEM_COMPOUND:4650	acrid, chlorine-like odor.
mf928	flavordb	{'url': 'https://cosylab.iiitd.edu.in/flavordb/molecules_json?id=4650'}	id_matching	PUBCHEM_COMPOUND:4650	penetrating odor resembling that of chlorine
mf929	flavordb	{'url': 'https://cosylab.iiitd.edu.in/flavordb/molecules_json?id=31289'}	id_matching	PUBCHEM_COMPOUND:31289	green
mf930	flavordb	{'url': 'https://cosylab.iiitd.edu.in/flavordb/molecules_json?id=31289'}	id_matching	PUBCHEM_COMPOUND:31289	fat
mf931	flavordb	{'url': 'https://cosylab.iiitd.edu.in/flavordb/molecules_json?id=31289'}	id_matching	PUBCHEM_COMPOUND:31289	rose
mf932	flavordb	{'url': 'https://cosylab.iiitd.edu.in/flavordb/molecules_json?id=31289'}	id_matching	PUBCHEM_COMPOUND:31289	waxy
mf933	flavordb	{'url': 'https://cosylab.iiitd.edu.in/flavordb/molecules_json?id=31289'}	id_matching	PUBCHEM_COMPOUND:31289	grapefruit
mf934	flavordb	{'url': 'https://cosylab.iiitd.edu.in/flavordb/molecules_json?id=31289'}	id_matching	PUBCHEM_COMPOUND:31289	citrus
mf935	flavordb	{'url': 'https://cosylab.iiitd.edu.in/flavordb/molecules_json?id=31289'}	id_matching	PUBCHEM_COMPOUND:31289	floral, waxy, green
mf936	flavordb	{'url': 'https://cosylab.iiitd.edu.in/flavordb/molecules_json?id=31289'}	id_matching	PUBCHEM_COMPOUND:31289	fresh
mf937	flavordb	{'url': 'https://cosylab.iiitd.edu.in/flavordb/molecules_json?id=31289'}	id_matching	PUBCHEM_COMPOUND:31289	fatty
mf938	flavordb	{'url': 'https://cosylab.iiitd.edu.in/flavordb/molecules_json?id=31289'}	id_matching	PUBCHEM_COMPOUND:31289	aldehydic
mf939	flavordb	{'url': 'https://cosylab.iiitd.edu.in/flavordb/molecules_json?id=31289'}	id_matching	PUBCHEM_COMPOUND:31289	lime
mf940	flavordb	{'url': 'https://cosylab.iiitd.edu.in/flavordb/molecules_json?id=31289'}	id_matching	PUBCHEM_COMPOUND:31289	orange peel
mf941	flavordb	{'url': 'https://cosylab.iiitd.edu.in/flavordb/molecules_json?id=31289'}	id_matching	PUBCHEM_COMPOUND:31289	peely
mf942	flavordb	{'url': 'https://cosylab.iiitd.edu.in/flavordb/molecules_json?id=31289'}	id_matching	PUBCHEM_COMPOUND:31289	orange-rose odor
mf943	flavordb	{'url': 'https://cosylab.iiitd.edu.in/flavordb/molecules_json?id=31289'}	id_matching	PUBCHEM_COMPOUND:31289	fishy
mf944	flavordb	{'url': 'https://cosylab.iiitd.edu.in/flavordb/molecules_json?id=31289'}	id_matching	PUBCHEM_COMPOUND:31289	orris
mf945	flavordb	{'url': 'https://cosylab.iiitd.edu.in/flavordb/molecules_json?id=12377'}	id_matching	PUBCHEM_COMPOUND:12377	green
mf946	flavordb	{'url': 'https://cosylab.iiitd.edu.in/flavordb/molecules_json?id=12377'}	id_matching	PUBCHEM_COMPOUND:12377	sulfury
mf947	flavordb	{'url': 'https://cosylab.iiitd.edu.in/flavordb/molecules_json?id=12377'}	id_matching	PUBCHEM_COMPOUND:12377	onion
mf948	flavordb	{'url': 'https://cosylab.iiitd.edu.in/flavordb/molecules_json?id=12377'}	id_matching	PUBCHEM_COMPOUND:12377	earthy
mf949	flavordb	{'url': 'https://cosylab.iiitd.edu.in/flavordb/molecules_json?id=12377'}	id_matching	PUBCHEM_COMPOUND:12377	burnt
mf950	flavordb	{'url': 'https://cosylab.iiitd.edu.in/flavordb/molecules_json?id=22383'}	id_matching	PUBCHEM_COMPOUND:22383	green
mf951	flavordb	{'url': 'https://cosylab.iiitd.edu.in/flavordb/molecules_json?id=22383'}	id_matching	PUBCHEM_COMPOUND:22383	onion
mf952	flavordb	{'url': 'https://cosylab.iiitd.edu.in/flavordb/molecules_json?id=22383'}	id_matching	PUBCHEM_COMPOUND:22383	garlic
mf953	flavordb	{'url': 'https://cosylab.iiitd.edu.in/flavordb/molecules_json?id=22383'}	id_matching	PUBCHEM_COMPOUND:22383	tropical
mf954	flavordb	{'url': 'https://cosylab.iiitd.edu.in/flavordb/molecules_json?id=22383'}	id_matching	PUBCHEM_COMPOUND:22383	sulfurous
mf955	flavordb	{'url': 'https://cosylab.iiitd.edu.in/flavordb/molecules_json?id=5317750'}	id_matching	PUBCHEM_COMPOUND:5317750	bitter
mf956	flavordb	{'url': 'https://cosylab.iiitd.edu.in/flavordb/molecules_json?id=17100'}	id_matching	PUBCHEM_COMPOUND:17100	peach, floral (lilac) flavor
mf957	flavordb	{'url': 'https://cosylab.iiitd.edu.in/flavordb/molecules_json?id=17100'}	id_matching	PUBCHEM_COMPOUND:17100	sweet, lime taste
mf958	flavordb	{'url': 'https://cosylab.iiitd.edu.in/flavordb/molecules_json?id=17100'}	id_matching	PUBCHEM_COMPOUND:17100	floral, lilac
mf959	flavordb	{'url': 'https://cosylab.iiitd.edu.in/flavordb/molecules_json?id=17100'}	id_matching	PUBCHEM_COMPOUND:17100	lime (distilled)
mf960	flavordb	{'url': 'https://cosylab.iiitd.edu.in/flavordb/molecules_json?id=7519'}	id_matching	PUBCHEM_COMPOUND:7519	agreeable aromatic odor
mf961	flavordb	{'url': 'https://cosylab.iiitd.edu.in/flavordb/molecules_json?id=7519'}	id_matching	PUBCHEM_COMPOUND:7519	sweet
mf962	flavordb	{'url': 'https://cosylab.iiitd.edu.in/flavordb/molecules_json?id=7519'}	id_matching	PUBCHEM_COMPOUND:7519	sweet anise-like odor
mf963	flavordb	{'url': 'https://cosylab.iiitd.edu.in/flavordb/molecules_json?id=7519'}	id_matching	PUBCHEM_COMPOUND:7519	gasoline
mf964	flavordb	{'url': 'https://cosylab.iiitd.edu.in/flavordb/molecules_json?id=7519'}	id_matching	PUBCHEM_COMPOUND:7519	ethereal
mf965	flavordb	{'url': 'https://cosylab.iiitd.edu.in/flavordb/molecules_json?id=7519'}	id_matching	PUBCHEM_COMPOUND:7519	anise
mf966	flavordb	{'url': 'https://cosylab.iiitd.edu.in/flavordb/molecules_json?id=7519'}	id_matching	PUBCHEM_COMPOUND:7519	cheese
mf967	flavordb	{'url': 'https://cosylab.iiitd.edu.in/flavordb/molecules_json?id=7519'}	id_matching	PUBCHEM_COMPOUND:7519	phenolic
mf968	flavordb	{'url': 'https://cosylab.iiitd.edu.in/flavordb/molecules_json?id=7519'}	id_matching	PUBCHEM_COMPOUND:7519	spicy-sweet
mf969	flavordb	{'url': 'https://cosylab.iiitd.edu.in/flavordb/molecules_json?id=7519'}	id_matching	PUBCHEM_COMPOUND:7519	butter
mf970	flavordb	{'url': 'https://cosylab.iiitd.edu.in/flavordb/molecules_json?id=7519'}	id_matching	PUBCHEM_COMPOUND:7519	alcohol
mf971	flavordb	{'url': 'https://cosylab.iiitd.edu.in/flavordb/molecules_json?id=702'}	id_matching	PUBCHEM_COMPOUND:702	sweet
mf972	flavordb	{'url': 'https://cosylab.iiitd.edu.in/flavordb/molecules_json?id=702'}	id_matching	PUBCHEM_COMPOUND:702	mild, rather pleasant
mf973	flavordb	{'url': 'https://cosylab.iiitd.edu.in/flavordb/molecules_json?id=702'}	id_matching	PUBCHEM_COMPOUND:702	strong
mf974	flavordb	{'url': 'https://cosylab.iiitd.edu.in/flavordb/molecules_json?id=702'}	id_matching	PUBCHEM_COMPOUND:702	alcoholic
mf975	flavordb	{'url': 'https://cosylab.iiitd.edu.in/flavordb/molecules_json?id=702'}	id_matching	PUBCHEM_COMPOUND:702	burning
mf976	flavordb	{'url': 'https://cosylab.iiitd.edu.in/flavordb/molecules_json?id=702'}	id_matching	PUBCHEM_COMPOUND:702	ethereal
mf977	flavordb	{'url': 'https://cosylab.iiitd.edu.in/flavordb/molecules_json?id=702'}	id_matching	PUBCHEM_COMPOUND:702	weak, ethereal, vinous odor
mf978	flavordb	{'url': 'https://cosylab.iiitd.edu.in/flavordb/molecules_json?id=702'}	id_matching	PUBCHEM_COMPOUND:702	medical
mf979	flavordb	{'url': 'https://cosylab.iiitd.edu.in/flavordb/molecules_json?id=702'}	id_matching	PUBCHEM_COMPOUND:702	like wine or whiskey
mf980	flavordb	{'url': 'https://cosylab.iiitd.edu.in/flavordb/molecules_json?id=10133'}	id_matching	PUBCHEM_COMPOUND:10133	bitter
mf981	flavordb	{'url': 'https://cosylab.iiitd.edu.in/flavordb/molecules_json?id=31260'}	id_matching	PUBCHEM_COMPOUND:31260	malt
mf982	flavordb	{'url': 'https://cosylab.iiitd.edu.in/flavordb/molecules_json?id=31260'}	id_matching	PUBCHEM_COMPOUND:31260	fruity
mf983	flavordb	{'url': 'https://cosylab.iiitd.edu.in/flavordb/molecules_json?id=31260'}	id_matching	PUBCHEM_COMPOUND:31260	disagreeable odor.
mf984	flavordb	{'url': 'https://cosylab.iiitd.edu.in/flavordb/molecules_json?id=31260'}	id_matching	PUBCHEM_COMPOUND:31260	pungent, repulsive taste
mf985	flavordb	{'url': 'https://cosylab.iiitd.edu.in/flavordb/molecules_json?id=31260'}	id_matching	PUBCHEM_COMPOUND:31260	whiskey
mf986	flavordb	{'url': 'https://cosylab.iiitd.edu.in/flavordb/molecules_json?id=31260'}	id_matching	PUBCHEM_COMPOUND:31260	alcoholic
mf987	flavordb	{'url': 'https://cosylab.iiitd.edu.in/flavordb/molecules_json?id=31260'}	id_matching	PUBCHEM_COMPOUND:31260	oil
mf988	flavordb	{'url': 'https://cosylab.iiitd.edu.in/flavordb/molecules_json?id=31260'}	id_matching	PUBCHEM_COMPOUND:31260	fusel
mf989	flavordb	{'url': 'https://cosylab.iiitd.edu.in/flavordb/molecules_json?id=31260'}	id_matching	PUBCHEM_COMPOUND:31260	characteristic, disagreeable odor
mf990	flavordb	{'url': 'https://cosylab.iiitd.edu.in/flavordb/molecules_json?id=31260'}	id_matching	PUBCHEM_COMPOUND:31260	burnt
mf991	flavordb	{'url': 'https://cosylab.iiitd.edu.in/flavordb/molecules_json?id=31260'}	id_matching	PUBCHEM_COMPOUND:31260	banana
mf992	flavordb	{'url': 'https://cosylab.iiitd.edu.in/flavordb/molecules_json?id=65575'}	id_matching	PUBCHEM_COMPOUND:65575	sweet
mf993	flavordb	{'url': 'https://cosylab.iiitd.edu.in/flavordb/molecules_json?id=65575'}	id_matching	PUBCHEM_COMPOUND:65575	woody
mf994	flavordb	{'url': 'https://cosylab.iiitd.edu.in/flavordb/molecules_json?id=65575'}	id_matching	PUBCHEM_COMPOUND:65575	cedarwood
mf995	flavordb	{'url': 'https://cosylab.iiitd.edu.in/flavordb/molecules_json?id=65575'}	id_matching	PUBCHEM_COMPOUND:65575	dry
mf996	flavordb	{'url': 'https://cosylab.iiitd.edu.in/flavordb/molecules_json?id=65575'}	id_matching	PUBCHEM_COMPOUND:65575	woody-earthy
mf997	flavordb	{'url': 'https://cosylab.iiitd.edu.in/flavordb/molecules_json?id=65575'}	id_matching	PUBCHEM_COMPOUND:65575	soft
mf998	flavordb	{'url': 'https://cosylab.iiitd.edu.in/flavordb/molecules_json?id=5780'}	id_matching	PUBCHEM_COMPOUND:5780	sweet
mf999	flavordb	{'url': 'https://cosylab.iiitd.edu.in/flavordb/molecules_json?id=5780'}	id_matching	PUBCHEM_COMPOUND:5780	odorless
mf1000	flavordb	{'url': 'https://cosylab.iiitd.edu.in/flavordb/molecules_json?id=5780'}	id_matching	PUBCHEM_COMPOUND:5780	sweet taste, approx 60% as sweet as sugar (wt/wt)
mf1001	flavordb	{'url': 'https://cosylab.iiitd.edu.in/flavordb/molecules_json?id=5780'}	id_matching	PUBCHEM_COMPOUND:5780	caramel
mf1002	flavordb	{'url': 'https://cosylab.iiitd.edu.in/flavordb/molecules_json?id=612'}	id_matching	PUBCHEM_COMPOUND:612	available forms have very slightly acrid odor
mf1003	flavordb	{'url': 'https://cosylab.iiitd.edu.in/flavordb/molecules_json?id=612'}	id_matching	PUBCHEM_COMPOUND:612	taste is acrid
mf1004	flavordb	{'url': 'https://cosylab.iiitd.edu.in/flavordb/molecules_json?id=612'}	id_matching	PUBCHEM_COMPOUND:612	mild acid taste and does not overpower weaker aromatic flavors
mf1005	flavordb	{'url': 'https://cosylab.iiitd.edu.in/flavordb/molecules_json?id=612'}	id_matching	PUBCHEM_COMPOUND:612	odorless
mf1006	flavordb	{'url': 'https://cosylab.iiitd.edu.in/flavordb/molecules_json?id=612'}	id_matching	PUBCHEM_COMPOUND:612	weak unpleasant odor
mf1007	flavordb	{'url': 'https://cosylab.iiitd.edu.in/flavordb/molecules_json?id=13849'}	id_matching	PUBCHEM_COMPOUND:13849	waxy
mf1008	flavordb	{'url': 'https://cosylab.iiitd.edu.in/flavordb/molecules_json?id=10690'}	id_matching	PUBCHEM_COMPOUND:10690	mild acid taste
mf1009	flavordb	{'url': 'https://cosylab.iiitd.edu.in/flavordb/molecules_json?id=10690'}	id_matching	PUBCHEM_COMPOUND:10690	sweet
mf1010	flavordb	{'url': 'https://cosylab.iiitd.edu.in/flavordb/molecules_json?id=5280435'}	id_matching	PUBCHEM_COMPOUND:5280435	floral
mf1011	flavordb	{'url': 'https://cosylab.iiitd.edu.in/flavordb/molecules_json?id=5280435'}	id_matching	PUBCHEM_COMPOUND:5280435	balsam
mf1012	flavordb	{'url': 'https://cosylab.iiitd.edu.in/flavordb/molecules_json?id=5280435'}	id_matching	PUBCHEM_COMPOUND:5280435	waxy
mf1013	flavordb	{'url': 'https://cosylab.iiitd.edu.in/flavordb/molecules_json?id=5280435'}	id_matching	PUBCHEM_COMPOUND:5280435	powdery
mf1014	flavordb	{'url': 'https://cosylab.iiitd.edu.in/flavordb/molecules_json?id=5280435'}	id_matching	PUBCHEM_COMPOUND:5280435	delicate
mf1015	flavordb	{'url': 'https://cosylab.iiitd.edu.in/flavordb/molecules_json?id=5280435'}	id_matching	PUBCHEM_COMPOUND:5280435	flower
mf1016	flavordb	{'url': 'https://cosylab.iiitd.edu.in/flavordb/molecules_json?id=239'}	id_matching	PUBCHEM_COMPOUND:239	sweet
mf1017	flavordb	{'url': 'https://cosylab.iiitd.edu.in/flavordb/molecules_json?id=239'}	id_matching	PUBCHEM_COMPOUND:239	odorless
mf1018	flavordb	{'url': 'https://cosylab.iiitd.edu.in/flavordb/molecules_json?id=2353'}	id_matching	PUBCHEM_COMPOUND:2353	bitter
mf1019	flavordb	{'url': 'https://cosylab.iiitd.edu.in/flavordb/molecules_json?id=18554'}	id_matching	PUBCHEM_COMPOUND:18554	sweet
mf1020	flavordb	{'url': 'https://cosylab.iiitd.edu.in/flavordb/molecules_json?id=18554'}	id_matching	PUBCHEM_COMPOUND:18554	earthy
mf1021	flavordb	{'url': 'https://cosylab.iiitd.edu.in/flavordb/molecules_json?id=18554'}	id_matching	PUBCHEM_COMPOUND:18554	malty
mf1022	flavordb	{'url': 'https://cosylab.iiitd.edu.in/flavordb/molecules_json?id=18554'}	id_matching	PUBCHEM_COMPOUND:18554	burnt
mf1023	flavordb	{'url': 'https://cosylab.iiitd.edu.in/flavordb/molecules_json?id=75552'}	id_matching	PUBCHEM_COMPOUND:75552	onion
mf1024	flavordb	{'url': 'https://cosylab.iiitd.edu.in/flavordb/molecules_json?id=75552'}	id_matching	PUBCHEM_COMPOUND:75552	strong
mf1025	flavordb	{'url': 'https://cosylab.iiitd.edu.in/flavordb/molecules_json?id=75552'}	id_matching	PUBCHEM_COMPOUND:75552	garlic
mf1026	flavordb	{'url': 'https://cosylab.iiitd.edu.in/flavordb/molecules_json?id=2879'}	id_matching	PUBCHEM_COMPOUND:2879	animal
mf1027	flavordb	{'url': 'https://cosylab.iiitd.edu.in/flavordb/molecules_json?id=2879'}	id_matching	PUBCHEM_COMPOUND:2879	medicinal
mf1028	flavordb	{'url': 'https://cosylab.iiitd.edu.in/flavordb/molecules_json?id=2879'}	id_matching	PUBCHEM_COMPOUND:2879	mimosa
mf1029	flavordb	{'url': 'https://cosylab.iiitd.edu.in/flavordb/molecules_json?id=2879'}	id_matching	PUBCHEM_COMPOUND:2879	medicine
mf1030	flavordb	{'url': 'https://cosylab.iiitd.edu.in/flavordb/molecules_json?id=2879'}	id_matching	PUBCHEM_COMPOUND:2879	narcissus
mf1031	flavordb	{'url': 'https://cosylab.iiitd.edu.in/flavordb/molecules_json?id=2879'}	id_matching	PUBCHEM_COMPOUND:2879	phenolic
mf1032	flavordb	{'url': 'https://cosylab.iiitd.edu.in/flavordb/molecules_json?id=2879'}	id_matching	PUBCHEM_COMPOUND:2879	sweet, tarry odor
mf1033	flavordb	{'url': 'https://cosylab.iiitd.edu.in/flavordb/molecules_json?id=2879'}	id_matching	PUBCHEM_COMPOUND:2879	phenolic odor
mf1034	flavordb	{'url': 'https://cosylab.iiitd.edu.in/flavordb/molecules_json?id=2879'}	id_matching	PUBCHEM_COMPOUND:2879	smoke
mf1035	flavordb	{'url': 'https://cosylab.iiitd.edu.in/flavordb/molecules_json?id=2879'}	id_matching	PUBCHEM_COMPOUND:2879	phenol
mf1036	flavordb	{'url': 'https://cosylab.iiitd.edu.in/flavordb/molecules_json?id=637517'}	id_matching	PUBCHEM_COMPOUND:637517	peculiar lard-like odor
mf1037	flavordb	{'url': 'https://cosylab.iiitd.edu.in/flavordb/molecules_json?id=637517'}	id_matching	PUBCHEM_COMPOUND:637517	peculiar lard-like taste
mf1038	flavordb	{'url': 'https://cosylab.iiitd.edu.in/flavordb/molecules_json?id=83489'}	id_matching	PUBCHEM_COMPOUND:83489	sweet-like
mf1039	flavordb	{'url': 'https://cosylab.iiitd.edu.in/flavordb/molecules_json?id=5280459'}	id_matching	PUBCHEM_COMPOUND:5280459	sweet-like
mf1040	flavordb	{'url': 'https://cosylab.iiitd.edu.in/flavordb/molecules_json?id=4091'}	id_matching	PUBCHEM_COMPOUND:4091	bitter
mf1041	flavordb	{'url': 'https://cosylab.iiitd.edu.in/flavordb/molecules_json?id=5366074'}	id_matching	PUBCHEM_COMPOUND:5366074	sweet
mf1042	flavordb	{'url': 'https://cosylab.iiitd.edu.in/flavordb/molecules_json?id=5366074'}	id_matching	PUBCHEM_COMPOUND:5366074	smoky
mf1043	flavordb	{'url': 'https://cosylab.iiitd.edu.in/flavordb/molecules_json?id=5366074'}	id_matching	PUBCHEM_COMPOUND:5366074	rose
mf1044	flavordb	{'url': 'https://cosylab.iiitd.edu.in/flavordb/molecules_json?id=5366074'}	id_matching	PUBCHEM_COMPOUND:5366074	honey
mf1045	flavordb	{'url': 'https://cosylab.iiitd.edu.in/flavordb/molecules_json?id=5366074'}	id_matching	PUBCHEM_COMPOUND:5366074	tobacco
mf1046	flavordb	{'url': 'https://cosylab.iiitd.edu.in/flavordb/molecules_json?id=5366074'}	id_matching	PUBCHEM_COMPOUND:5366074	apple
mf1047	flavordb	{'url': 'https://cosylab.iiitd.edu.in/flavordb/molecules_json?id=16211032'}	id_matching	PUBCHEM_COMPOUND:16211032	sweet
mf1048	flavordb	{'url': 'https://cosylab.iiitd.edu.in/flavordb/molecules_json?id=5429'}	id_matching	PUBCHEM_COMPOUND:5429	bitter
mf1049	flavordb	{'url': 'https://cosylab.iiitd.edu.in/flavordb/molecules_json?id=5429'}	id_matching	PUBCHEM_COMPOUND:5429	bitter tasting alkaloid
mf1050	flavordb	{'url': 'https://cosylab.iiitd.edu.in/flavordb/molecules_json?id=31553'}	id_matching	PUBCHEM_COMPOUND:31553	bitter
mf1051	flavordb	{'url': 'https://cosylab.iiitd.edu.in/flavordb/molecules_json?id=107905'}	id_matching	PUBCHEM_COMPOUND:107905	bitter
mf1052	flavordb	{'url': 'https://cosylab.iiitd.edu.in/flavordb/molecules_json?id=31272'}	id_matching	PUBCHEM_COMPOUND:31272	sweet
mf1053	flavordb	{'url': 'https://cosylab.iiitd.edu.in/flavordb/molecules_json?id=31272'}	id_matching	PUBCHEM_COMPOUND:31272	fruity
mf1054	flavordb	{'url': 'https://cosylab.iiitd.edu.in/flavordb/molecules_json?id=31272'}	id_matching	PUBCHEM_COMPOUND:31272	strong fruity odor
mf1055	flavordb	{'url': 'https://cosylab.iiitd.edu.in/flavordb/molecules_json?id=31272'}	id_matching	PUBCHEM_COMPOUND:31272	solvent
mf1056	flavordb	{'url': 'https://cosylab.iiitd.edu.in/flavordb/molecules_json?id=31272'}	id_matching	PUBCHEM_COMPOUND:31272	ethereal
mf1057	flavordb	{'url': 'https://cosylab.iiitd.edu.in/flavordb/molecules_json?id=31272'}	id_matching	PUBCHEM_COMPOUND:31272	pleasant, banana-like taste
mf1058	flavordb	{'url': 'https://cosylab.iiitd.edu.in/flavordb/molecules_json?id=31272'}	id_matching	PUBCHEM_COMPOUND:31272	pear
mf1059	flavordb	{'url': 'https://cosylab.iiitd.edu.in/flavordb/molecules_json?id=31272'}	id_matching	PUBCHEM_COMPOUND:31272	pleasant, banana-like odor
mf1060	flavordb	{'url': 'https://cosylab.iiitd.edu.in/flavordb/molecules_json?id=31272'}	id_matching	PUBCHEM_COMPOUND:31272	burning then sweet taste reminiscent of pineapple
mf1061	flavordb	{'url': 'https://cosylab.iiitd.edu.in/flavordb/molecules_json?id=31272'}	id_matching	PUBCHEM_COMPOUND:31272	banana
mf1062	flavordb	{'url': 'https://cosylab.iiitd.edu.in/flavordb/molecules_json?id=8908'}	id_matching	PUBCHEM_COMPOUND:8908	green
mf1063	flavordb	{'url': 'https://cosylab.iiitd.edu.in/flavordb/molecules_json?id=8908'}	id_matching	PUBCHEM_COMPOUND:8908	sweet
mf1064	flavordb	{'url': 'https://cosylab.iiitd.edu.in/flavordb/molecules_json?id=8908'}	id_matching	PUBCHEM_COMPOUND:8908	fruity
mf1065	flavordb	{'url': 'https://cosylab.iiitd.edu.in/flavordb/molecules_json?id=8908'}	id_matching	PUBCHEM_COMPOUND:8908	bitter
mf1066	flavordb	{'url': 'https://cosylab.iiitd.edu.in/flavordb/molecules_json?id=8908'}	id_matching	PUBCHEM_COMPOUND:8908	bittersweet taste suggestive of pear
mf1067	flavordb	{'url': 'https://cosylab.iiitd.edu.in/flavordb/molecules_json?id=8908'}	id_matching	PUBCHEM_COMPOUND:8908	sweet ester odor
mf1068	flavordb	{'url': 'https://cosylab.iiitd.edu.in/flavordb/molecules_json?id=8908'}	id_matching	PUBCHEM_COMPOUND:8908	sweet-fruity, pearl-like odor
mf1069	flavordb	{'url': 'https://cosylab.iiitd.edu.in/flavordb/molecules_json?id=8908'}	id_matching	PUBCHEM_COMPOUND:8908	herb
mf1070	flavordb	{'url': 'https://cosylab.iiitd.edu.in/flavordb/molecules_json?id=8908'}	id_matching	PUBCHEM_COMPOUND:8908	apple
mf1071	flavordb	{'url': 'https://cosylab.iiitd.edu.in/flavordb/molecules_json?id=8908'}	id_matching	PUBCHEM_COMPOUND:8908	banana
mf1072	flavordb	{'url': 'https://cosylab.iiitd.edu.in/flavordb/molecules_json?id=8908'}	id_matching	PUBCHEM_COMPOUND:8908	fruit
mf1073	flavordb	{'url': 'https://cosylab.iiitd.edu.in/flavordb/molecules_json?id=12209'}	id_matching	PUBCHEM_COMPOUND:12209	sweet
mf1074	flavordb	{'url': 'https://cosylab.iiitd.edu.in/flavordb/molecules_json?id=12209'}	id_matching	PUBCHEM_COMPOUND:12209	peanut
mf1075	flavordb	{'url': 'https://cosylab.iiitd.edu.in/flavordb/molecules_json?id=12209'}	id_matching	PUBCHEM_COMPOUND:12209	juicy
mf1076	flavordb	{'url': 'https://cosylab.iiitd.edu.in/flavordb/molecules_json?id=12209'}	id_matching	PUBCHEM_COMPOUND:12209	overripe fruit
mf1077	flavordb	{'url': 'https://cosylab.iiitd.edu.in/flavordb/molecules_json?id=12209'}	id_matching	PUBCHEM_COMPOUND:12209	banana
mf1078	flavordb	{'url': 'https://cosylab.iiitd.edu.in/flavordb/molecules_json?id=12209'}	id_matching	PUBCHEM_COMPOUND:12209	fruit
mf1079	flavordb	{'url': 'https://cosylab.iiitd.edu.in/flavordb/molecules_json?id=7041'}	id_matching	PUBCHEM_COMPOUND:7041	woody
mf1080	flavordb	{'url': 'https://cosylab.iiitd.edu.in/flavordb/molecules_json?id=7041'}	id_matching	PUBCHEM_COMPOUND:7041	smoky
mf1081	flavordb	{'url': 'https://cosylab.iiitd.edu.in/flavordb/molecules_json?id=7041'}	id_matching	PUBCHEM_COMPOUND:7041	powdery
mf1082	flavordb	{'url': 'https://cosylab.iiitd.edu.in/flavordb/molecules_json?id=7041'}	id_matching	PUBCHEM_COMPOUND:7041	bacon
mf1083	flavordb	{'url': 'https://cosylab.iiitd.edu.in/flavordb/molecules_json?id=7041'}	id_matching	PUBCHEM_COMPOUND:7041	medicine
mf1084	flavordb	{'url': 'https://cosylab.iiitd.edu.in/flavordb/molecules_json?id=7041'}	id_matching	PUBCHEM_COMPOUND:7041	phenolic
mf1085	flavordb	{'url': 'https://cosylab.iiitd.edu.in/flavordb/molecules_json?id=7041'}	id_matching	PUBCHEM_COMPOUND:7041	balsamic
mf1086	flavordb	{'url': 'https://cosylab.iiitd.edu.in/flavordb/molecules_json?id=7041'}	id_matching	PUBCHEM_COMPOUND:7041	smoke
mf1087	flavordb	{'url': 'https://cosylab.iiitd.edu.in/flavordb/molecules_json?id=7041'}	id_matching	PUBCHEM_COMPOUND:7041	phenol
mf1088	flavordb	{'url': 'https://cosylab.iiitd.edu.in/flavordb/molecules_json?id=8815'}	id_matching	PUBCHEM_COMPOUND:8815	green
mf1089	flavordb	{'url': 'https://cosylab.iiitd.edu.in/flavordb/molecules_json?id=8815'}	id_matching	PUBCHEM_COMPOUND:8815	sweet
mf1090	flavordb	{'url': 'https://cosylab.iiitd.edu.in/flavordb/molecules_json?id=8815'}	id_matching	PUBCHEM_COMPOUND:8815	sweet taste reminiscent of anise (differing from anethole)
mf1091	flavordb	{'url': 'https://cosylab.iiitd.edu.in/flavordb/molecules_json?id=8815'}	id_matching	PUBCHEM_COMPOUND:8815	odor reminiscent of anise (differing from anethole)
mf1092	flavordb	{'url': 'https://cosylab.iiitd.edu.in/flavordb/molecules_json?id=8815'}	id_matching	PUBCHEM_COMPOUND:8815	herbal
mf1093	flavordb	{'url': 'https://cosylab.iiitd.edu.in/flavordb/molecules_json?id=8815'}	id_matching	PUBCHEM_COMPOUND:8815	spice
mf1094	flavordb	{'url': 'https://cosylab.iiitd.edu.in/flavordb/molecules_json?id=8815'}	id_matching	PUBCHEM_COMPOUND:8815	anise
mf1095	flavordb	{'url': 'https://cosylab.iiitd.edu.in/flavordb/molecules_json?id=8815'}	id_matching	PUBCHEM_COMPOUND:8815	minty
mf1096	flavordb	{'url': 'https://cosylab.iiitd.edu.in/flavordb/molecules_json?id=8815'}	id_matching	PUBCHEM_COMPOUND:8815	licorice
mf1097	flavordb	{'url': 'https://cosylab.iiitd.edu.in/flavordb/molecules_json?id=8815'}	id_matching	PUBCHEM_COMPOUND:8815	vanilla
mf1098	flavordb	{'url': 'https://cosylab.iiitd.edu.in/flavordb/molecules_json?id=8815'}	id_matching	PUBCHEM_COMPOUND:8815	fennel
mf1099	flavordb	{'url': 'https://cosylab.iiitd.edu.in/flavordb/molecules_json?id=8815'}	id_matching	PUBCHEM_COMPOUND:8815	sassafrass
mf1100	flavordb	{'url': 'https://cosylab.iiitd.edu.in/flavordb/molecules_json?id=8815'}	id_matching	PUBCHEM_COMPOUND:8815	alcohol
mf1101	flavordb	{'url': 'https://cosylab.iiitd.edu.in/flavordb/molecules_json?id=31244'}	id_matching	PUBCHEM_COMPOUND:31244	mint
mf1102	flavordb	{'url': 'https://cosylab.iiitd.edu.in/flavordb/molecules_json?id=31244'}	id_matching	PUBCHEM_COMPOUND:31244	hawthorn
mf1103	flavordb	{'url': 'https://cosylab.iiitd.edu.in/flavordb/molecules_json?id=31244'}	id_matching	PUBCHEM_COMPOUND:31244	bitter
mf1104	flavordb	{'url': 'https://cosylab.iiitd.edu.in/flavordb/molecules_json?id=31244'}	id_matching	PUBCHEM_COMPOUND:31244	creamy
mf1105	flavordb	{'url': 'https://cosylab.iiitd.edu.in/flavordb/molecules_json?id=31244'}	id_matching	PUBCHEM_COMPOUND:31244	anise
mf1106	flavordb	{'url': 'https://cosylab.iiitd.edu.in/flavordb/molecules_json?id=31244'}	id_matching	PUBCHEM_COMPOUND:31244	minty
mf1107	flavordb	{'url': 'https://cosylab.iiitd.edu.in/flavordb/molecules_json?id=31244'}	id_matching	PUBCHEM_COMPOUND:31244	floral
mf1108	flavordb	{'url': 'https://cosylab.iiitd.edu.in/flavordb/molecules_json?id=31244'}	id_matching	PUBCHEM_COMPOUND:31244	powdery
mf1109	flavordb	{'url': 'https://cosylab.iiitd.edu.in/flavordb/molecules_json?id=31244'}	id_matching	PUBCHEM_COMPOUND:31244	vanilla
mf1110	flavordb	{'url': 'https://cosylab.iiitd.edu.in/flavordb/molecules_json?id=31244'}	id_matching	PUBCHEM_COMPOUND:31244	almond
mf1111	flavordb	{'url': 'https://cosylab.iiitd.edu.in/flavordb/molecules_json?id=31244'}	id_matching	PUBCHEM_COMPOUND:31244	berry
mf1112	flavordb	{'url': 'https://cosylab.iiitd.edu.in/flavordb/molecules_json?id=31244'}	id_matching	PUBCHEM_COMPOUND:31244	characteristic hawthorn odor
mf1113	flavordb	{'url': 'https://cosylab.iiitd.edu.in/flavordb/molecules_json?id=31244'}	id_matching	PUBCHEM_COMPOUND:31244	cherry
mf1114	flavordb	{'url': 'https://cosylab.iiitd.edu.in/flavordb/molecules_json?id=31244'}	id_matching	PUBCHEM_COMPOUND:31244	balsam
mf1115	flavordb	{'url': 'https://cosylab.iiitd.edu.in/flavordb/molecules_json?id=31244'}	id_matching	PUBCHEM_COMPOUND:31244	odor resembles that of coumarin
mf1116	flavordb	{'url': 'https://cosylab.iiitd.edu.in/flavordb/molecules_json?id=31244'}	id_matching	PUBCHEM_COMPOUND:31244	sweet
mf1117	flavordb	{'url': 'https://cosylab.iiitd.edu.in/flavordb/molecules_json?id=31244'}	id_matching	PUBCHEM_COMPOUND:31244	cinnamon
mf1118	flavordb	{'url': 'https://cosylab.iiitd.edu.in/flavordb/molecules_json?id=31244'}	id_matching	PUBCHEM_COMPOUND:31244	mimosa
mf1119	flavordb	{'url': 'https://cosylab.iiitd.edu.in/flavordb/molecules_json?id=31244'}	id_matching	PUBCHEM_COMPOUND:31244	hawthorne
mf1120	flavordb	{'url': 'https://cosylab.iiitd.edu.in/flavordb/molecules_json?id=31244'}	id_matching	PUBCHEM_COMPOUND:31244	chocolate
mf1121	flavordb	{'url': 'https://cosylab.iiitd.edu.in/flavordb/molecules_json?id=8082'}	id_matching	PUBCHEM_COMPOUND:8082	floral
mf1122	flavordb	{'url': 'https://cosylab.iiitd.edu.in/flavordb/molecules_json?id=8082'}	id_matching	PUBCHEM_COMPOUND:8082	sweet
mf1123	flavordb	{'url': 'https://cosylab.iiitd.edu.in/flavordb/molecules_json?id=8082'}	id_matching	PUBCHEM_COMPOUND:8082	animal
mf1124	flavordb	{'url': 'https://cosylab.iiitd.edu.in/flavordb/molecules_json?id=8082'}	id_matching	PUBCHEM_COMPOUND:8082	bitter
mf1125	flavordb	{'url': 'https://cosylab.iiitd.edu.in/flavordb/molecules_json?id=8082'}	id_matching	PUBCHEM_COMPOUND:8082	burning peppery taste
mf1126	flavordb	{'url': 'https://cosylab.iiitd.edu.in/flavordb/molecules_json?id=8082'}	id_matching	PUBCHEM_COMPOUND:8082	amine-like odor
mf1127	flavordb	{'url': 'https://cosylab.iiitd.edu.in/flavordb/molecules_json?id=8082'}	id_matching	PUBCHEM_COMPOUND:8082	heavy
mf1128	flavordb	{'url': 'https://cosylab.iiitd.edu.in/flavordb/molecules_json?id=8082'}	id_matching	PUBCHEM_COMPOUND:8082	odor of pepper
mf1129	flavordb	{'url': 'https://cosylab.iiitd.edu.in/flavordb/molecules_json?id=8082'}	id_matching	PUBCHEM_COMPOUND:8082	heavy, sweet, floral, animal odor
mf1130	flavordb	{'url': 'https://cosylab.iiitd.edu.in/flavordb/molecules_json?id=1183'}	id_matching	PUBCHEM_COMPOUND:1183	sweet
mf1131	flavordb	{'url': 'https://cosylab.iiitd.edu.in/flavordb/molecules_json?id=1183'}	id_matching	PUBCHEM_COMPOUND:1183	pleasant aromatic vanilla odor
mf1132	flavordb	{'url': 'https://cosylab.iiitd.edu.in/flavordb/molecules_json?id=1183'}	id_matching	PUBCHEM_COMPOUND:1183	creamy
mf1133	flavordb	{'url': 'https://cosylab.iiitd.edu.in/flavordb/molecules_json?id=1183'}	id_matching	PUBCHEM_COMPOUND:1183	pleasant vanilla taste
mf1134	flavordb	{'url': 'https://cosylab.iiitd.edu.in/flavordb/molecules_json?id=1183'}	id_matching	PUBCHEM_COMPOUND:1183	vanilla
mf1135	flavordb	{'url': 'https://cosylab.iiitd.edu.in/flavordb/molecules_json?id=1183'}	id_matching	PUBCHEM_COMPOUND:1183	chocolate
mf1136	flavordb	{'url': 'https://cosylab.iiitd.edu.in/flavordb/molecules_json?id=1183'}	id_matching	PUBCHEM_COMPOUND:1183	sweetish smell
mf1137	flavordb	{'url': 'https://cosylab.iiitd.edu.in/flavordb/molecules_json?id=10680'}	id_matching	PUBCHEM_COMPOUND:10680	bitter
mf1138	flavordb	{'url': 'https://cosylab.iiitd.edu.in/flavordb/molecules_json?id=442009'}	id_matching	PUBCHEM_COMPOUND:442009	bitter
mf1139	flavordb	{'url': 'https://cosylab.iiitd.edu.in/flavordb/molecules_json?id=11142'}	id_matching	PUBCHEM_COMPOUND:11142	mint
mf1140	flavordb	{'url': 'https://cosylab.iiitd.edu.in/flavordb/molecules_json?id=11142'}	id_matching	PUBCHEM_COMPOUND:11142	burning taste
mf1141	flavordb	{'url': 'https://cosylab.iiitd.edu.in/flavordb/molecules_json?id=11142'}	id_matching	PUBCHEM_COMPOUND:11142	pleasant odor
mf1142	flavordb	{'url': 'https://cosylab.iiitd.edu.in/flavordb/molecules_json?id=11142'}	id_matching	PUBCHEM_COMPOUND:11142	terpentine
mf1143	flavordb	{'url': 'https://cosylab.iiitd.edu.in/flavordb/molecules_json?id=23535'}	id_matching	PUBCHEM_COMPOUND:23535	woody
mf1144	flavordb	{'url': 'https://cosylab.iiitd.edu.in/flavordb/molecules_json?id=23535'}	id_matching	PUBCHEM_COMPOUND:23535	linalool
mf1145	flavordb	{'url': 'https://cosylab.iiitd.edu.in/flavordb/molecules_json?id=23535'}	id_matching	PUBCHEM_COMPOUND:23535	orange
mf1146	flavordb	{'url': 'https://cosylab.iiitd.edu.in/flavordb/molecules_json?id=23535'}	id_matching	PUBCHEM_COMPOUND:23535	herbal
mf1147	flavordb	{'url': 'https://cosylab.iiitd.edu.in/flavordb/molecules_json?id=23535'}	id_matching	PUBCHEM_COMPOUND:23535	gardenia
mf1148	flavordb	{'url': 'https://cosylab.iiitd.edu.in/flavordb/molecules_json?id=23535'}	id_matching	PUBCHEM_COMPOUND:23535	fresh
mf1149	flavordb	{'url': 'https://cosylab.iiitd.edu.in/flavordb/molecules_json?id=23535'}	id_matching	PUBCHEM_COMPOUND:23535	blossom
mf1150	flavordb	{'url': 'https://cosylab.iiitd.edu.in/flavordb/molecules_json?id=1549026'}	id_matching	PUBCHEM_COMPOUND:1549026	floral
mf1151	flavordb	{'url': 'https://cosylab.iiitd.edu.in/flavordb/molecules_json?id=1549026'}	id_matching	PUBCHEM_COMPOUND:1549026	green
mf1152	flavordb	{'url': 'https://cosylab.iiitd.edu.in/flavordb/molecules_json?id=1549026'}	id_matching	PUBCHEM_COMPOUND:1549026	taste threshold values: taste characteristics at 20 ppm: green, floral, fruity with a citrus nuance
mf1153	flavordb	{'url': 'https://cosylab.iiitd.edu.in/flavordb/molecules_json?id=1549026'}	id_matching	PUBCHEM_COMPOUND:1549026	rose
mf1154	flavordb	{'url': 'https://cosylab.iiitd.edu.in/flavordb/molecules_json?id=1549026'}	id_matching	PUBCHEM_COMPOUND:1549026	waxy
mf1155	flavordb	{'url': 'https://cosylab.iiitd.edu.in/flavordb/molecules_json?id=1549026'}	id_matching	PUBCHEM_COMPOUND:1549026	sweet, fruity-floral, rosy, somewhat green and remotely lavender-like odor of moderate tenacity.
mf1156	flavordb	{'url': 'https://cosylab.iiitd.edu.in/flavordb/molecules_json?id=1549026'}	id_matching	PUBCHEM_COMPOUND:1549026	bitter
mf1157	flavordb	{'url': 'https://cosylab.iiitd.edu.in/flavordb/molecules_json?id=1549026'}	id_matching	PUBCHEM_COMPOUND:1549026	lavender
mf1158	flavordb	{'url': 'https://cosylab.iiitd.edu.in/flavordb/molecules_json?id=1549026'}	id_matching	PUBCHEM_COMPOUND:1549026	sweet, fragrant odor
mf1159	flavordb	{'url': 'https://cosylab.iiitd.edu.in/flavordb/molecules_json?id=1549026'}	id_matching	PUBCHEM_COMPOUND:1549026	odor of lavender
mf1160	flavordb	{'url': 'https://cosylab.iiitd.edu.in/flavordb/molecules_json?id=1549026'}	id_matching	PUBCHEM_COMPOUND:1549026	sweet, fruity, overall nondescript taste with notes resembling those of banana, pear, apple and peach, but not a purely sweet aftertaste.
mf1161	flavordb	{'url': 'https://cosylab.iiitd.edu.in/flavordb/molecules_json?id=443162'}	id_matching	PUBCHEM_COMPOUND:443162	floral
mf1162	flavordb	{'url': 'https://cosylab.iiitd.edu.in/flavordb/molecules_json?id=443162'}	id_matching	PUBCHEM_COMPOUND:443162	lilac
mf1163	flavordb	{'url': 'https://cosylab.iiitd.edu.in/flavordb/molecules_json?id=442501'}	id_matching	PUBCHEM_COMPOUND:442501	mint
mf1164	flavordb	{'url': 'https://cosylab.iiitd.edu.in/flavordb/molecules_json?id=442501'}	id_matching	PUBCHEM_COMPOUND:442501	floral
mf1165	flavordb	{'url': 'https://cosylab.iiitd.edu.in/flavordb/molecules_json?id=442501'}	id_matching	PUBCHEM_COMPOUND:442501	terpene
mf1166	flavordb	{'url': 'https://cosylab.iiitd.edu.in/flavordb/molecules_json?id=442501'}	id_matching	PUBCHEM_COMPOUND:442501	woody
mf1167	flavordb	{'url': 'https://cosylab.iiitd.edu.in/flavordb/molecules_json?id=442501'}	id_matching	PUBCHEM_COMPOUND:442501	lilac
mf1168	flavordb	{'url': 'https://cosylab.iiitd.edu.in/flavordb/molecules_json?id=442501'}	id_matching	PUBCHEM_COMPOUND:442501	pine
mf1169	flavordb	{'url': 'https://cosylab.iiitd.edu.in/flavordb/molecules_json?id=442501'}	id_matching	PUBCHEM_COMPOUND:442501	citrus
mf1170	flavordb	{'url': 'https://cosylab.iiitd.edu.in/flavordb/molecules_json?id=442501'}	id_matching	PUBCHEM_COMPOUND:442501	oil
mf1171	flavordb	{'url': 'https://cosylab.iiitd.edu.in/flavordb/molecules_json?id=442501'}	id_matching	PUBCHEM_COMPOUND:442501	anise
mf1172	flavordb	{'url': 'https://cosylab.iiitd.edu.in/flavordb/molecules_json?id=8655'}	id_matching	PUBCHEM_COMPOUND:8655	plastic
mf1173	flavordb	{'url': 'https://cosylab.iiitd.edu.in/flavordb/molecules_json?id=8655'}	id_matching	PUBCHEM_COMPOUND:8655	sweet
mf1174	flavordb	{'url': 'https://cosylab.iiitd.edu.in/flavordb/molecules_json?id=8655'}	id_matching	PUBCHEM_COMPOUND:8655	woody
mf1175	flavordb	{'url': 'https://cosylab.iiitd.edu.in/flavordb/molecules_json?id=8655'}	id_matching	PUBCHEM_COMPOUND:8655	tonka
mf1176	flavordb	{'url': 'https://cosylab.iiitd.edu.in/flavordb/molecules_json?id=8655'}	id_matching	PUBCHEM_COMPOUND:8655	mild
mf1177	flavordb	{'url': 'https://cosylab.iiitd.edu.in/flavordb/molecules_json?id=9261'}	id_matching	PUBCHEM_COMPOUND:9261	pungent
mf1178	flavordb	{'url': 'https://cosylab.iiitd.edu.in/flavordb/molecules_json?id=9261'}	id_matching	PUBCHEM_COMPOUND:9261	sweet corn
mf1179	flavordb	{'url': 'https://cosylab.iiitd.edu.in/flavordb/molecules_json?id=9261'}	id_matching	PUBCHEM_COMPOUND:9261	roasted
mf1180	flavordb	{'url': 'https://cosylab.iiitd.edu.in/flavordb/molecules_json?id=9261'}	id_matching	PUBCHEM_COMPOUND:9261	barley
mf1181	flavordb	{'url': 'https://cosylab.iiitd.edu.in/flavordb/molecules_json?id=9261'}	id_matching	PUBCHEM_COMPOUND:9261	hazelnut
mf1182	flavordb	{'url': 'https://cosylab.iiitd.edu.in/flavordb/molecules_json?id=16666'}	id_matching	PUBCHEM_COMPOUND:16666	mentholic
mf1183	flavordb	{'url': 'https://cosylab.iiitd.edu.in/flavordb/molecules_json?id=16666'}	id_matching	PUBCHEM_COMPOUND:16666	peppermint
mf1184	flavordb	{'url': 'https://cosylab.iiitd.edu.in/flavordb/molecules_json?id=16666'}	id_matching	PUBCHEM_COMPOUND:16666	minty
mf1185	flavordb	{'url': 'https://cosylab.iiitd.edu.in/flavordb/molecules_json?id=16666'}	id_matching	PUBCHEM_COMPOUND:16666	peppermint odor
mf1186	flavordb	{'url': 'https://cosylab.iiitd.edu.in/flavordb/molecules_json?id=16666'}	id_matching	PUBCHEM_COMPOUND:16666	camphoraceous
mf1187	flavordb	{'url': 'https://cosylab.iiitd.edu.in/flavordb/molecules_json?id=16666'}	id_matching	PUBCHEM_COMPOUND:16666	cooling
mf1188	flavordb	{'url': 'https://cosylab.iiitd.edu.in/flavordb/molecules_json?id=16666'}	id_matching	PUBCHEM_COMPOUND:16666	tobacco
mf1189	flavordb	{'url': 'https://cosylab.iiitd.edu.in/flavordb/molecules_json?id=16666'}	id_matching	PUBCHEM_COMPOUND:16666	peppermint taste
mf1190	flavordb	{'url': 'https://cosylab.iiitd.edu.in/flavordb/molecules_json?id=10975657'}	id_matching	PUBCHEM_COMPOUND:10975657	sweet
mf1191	flavordb	{'url': 'https://cosylab.iiitd.edu.in/flavordb/molecules_json?id=440080'}	id_matching	PUBCHEM_COMPOUND:440080	sweet
mf1192	flavordb	{'url': 'https://cosylab.iiitd.edu.in/flavordb/molecules_json?id=11727586'}	id_matching	PUBCHEM_COMPOUND:11727586	sweet
mf1193	flavordb	{'url': 'https://cosylab.iiitd.edu.in/flavordb/molecules_json?id=8163'}	id_matching	PUBCHEM_COMPOUND:8163	floral
mf1194	flavordb	{'url': 'https://cosylab.iiitd.edu.in/flavordb/molecules_json?id=8163'}	id_matching	PUBCHEM_COMPOUND:8163	green
mf1195	flavordb	{'url': 'https://cosylab.iiitd.edu.in/flavordb/molecules_json?id=8163'}	id_matching	PUBCHEM_COMPOUND:8163	fruity
mf1196	flavordb	{'url': 'https://cosylab.iiitd.edu.in/flavordb/molecules_json?id=8163'}	id_matching	PUBCHEM_COMPOUND:8163	waxy
mf1197	flavordb	{'url': 'https://cosylab.iiitd.edu.in/flavordb/molecules_json?id=8163'}	id_matching	PUBCHEM_COMPOUND:8163	orange
mf1198	flavordb	{'url': 'https://cosylab.iiitd.edu.in/flavordb/molecules_json?id=8163'}	id_matching	PUBCHEM_COMPOUND:8163	creamy
mf1199	flavordb	{'url': 'https://cosylab.iiitd.edu.in/flavordb/molecules_json?id=8163'}	id_matching	PUBCHEM_COMPOUND:8163	fresh
mf1200	flavordb	{'url': 'https://cosylab.iiitd.edu.in/flavordb/molecules_json?id=8163'}	id_matching	PUBCHEM_COMPOUND:8163	fatty
mf1201	flavordb	{'url': 'https://cosylab.iiitd.edu.in/flavordb/molecules_json?id=8163'}	id_matching	PUBCHEM_COMPOUND:8163	iris
mf1202	flavordb	{'url': 'https://cosylab.iiitd.edu.in/flavordb/molecules_json?id=8163'}	id_matching	PUBCHEM_COMPOUND:8163	orris
mf1203	flavordb	{'url': 'https://cosylab.iiitd.edu.in/flavordb/molecules_json?id=8163'}	id_matching	PUBCHEM_COMPOUND:8163	strong odor
mf1204	flavordb	{'url': 'https://cosylab.iiitd.edu.in/flavordb/molecules_json?id=6267'}	id_matching	PUBCHEM_COMPOUND:6267	odorless
mf1205	flavordb	{'url': 'https://cosylab.iiitd.edu.in/flavordb/molecules_json?id=24749'}	id_matching	PUBCHEM_COMPOUND:24749	sweet
mf1206	flavordb	{'url': 'https://cosylab.iiitd.edu.in/flavordb/molecules_json?id=24749'}	id_matching	PUBCHEM_COMPOUND:24749	odorless
mf1207	flavordb	{'url': 'https://cosylab.iiitd.edu.in/flavordb/molecules_json?id=11128'}	id_matching	PUBCHEM_COMPOUND:11128	bitter
mf1208	flavordb	{'url': 'https://cosylab.iiitd.edu.in/flavordb/molecules_json?id=5281553'}	id_matching	PUBCHEM_COMPOUND:5281553	green
mf1209	flavordb	{'url': 'https://cosylab.iiitd.edu.in/flavordb/molecules_json?id=5281553'}	id_matching	PUBCHEM_COMPOUND:5281553	sweet
mf1210	flavordb	{'url': 'https://cosylab.iiitd.edu.in/flavordb/molecules_json?id=5281553'}	id_matching	PUBCHEM_COMPOUND:5281553	woody
mf1211	flavordb	{'url': 'https://cosylab.iiitd.edu.in/flavordb/molecules_json?id=5281553'}	id_matching	PUBCHEM_COMPOUND:5281553	terpene
mf1212	flavordb	{'url': 'https://cosylab.iiitd.edu.in/flavordb/molecules_json?id=5281553'}	id_matching	PUBCHEM_COMPOUND:5281553	citrus
mf1213	flavordb	{'url': 'https://cosylab.iiitd.edu.in/flavordb/molecules_json?id=5281553'}	id_matching	PUBCHEM_COMPOUND:5281553	herbal
mf1214	flavordb	{'url': 'https://cosylab.iiitd.edu.in/flavordb/molecules_json?id=5281553'}	id_matching	PUBCHEM_COMPOUND:5281553	tropical
mf1215	flavordb	{'url': 'https://cosylab.iiitd.edu.in/flavordb/molecules_json?id=5281553'}	id_matching	PUBCHEM_COMPOUND:5281553	herb
mf1216	flavordb	{'url': 'https://cosylab.iiitd.edu.in/flavordb/molecules_json?id=460'}	id_matching	PUBCHEM_COMPOUND:460	sweet
mf1217	flavordb	{'url': 'https://cosylab.iiitd.edu.in/flavordb/molecules_json?id=460'}	id_matching	PUBCHEM_COMPOUND:460	woody
mf1218	flavordb	{'url': 'https://cosylab.iiitd.edu.in/flavordb/molecules_json?id=460'}	id_matching	PUBCHEM_COMPOUND:460	smoky
mf1219	flavordb	{'url': 'https://cosylab.iiitd.edu.in/flavordb/molecules_json?id=460'}	id_matching	PUBCHEM_COMPOUND:460	medicinal
mf1220	flavordb	{'url': 'https://cosylab.iiitd.edu.in/flavordb/molecules_json?id=460'}	id_matching	PUBCHEM_COMPOUND:460	spice
mf1221	flavordb	{'url': 'https://cosylab.iiitd.edu.in/flavordb/molecules_json?id=460'}	id_matching	PUBCHEM_COMPOUND:460	medicine
mf1222	flavordb	{'url': 'https://cosylab.iiitd.edu.in/flavordb/molecules_json?id=460'}	id_matching	PUBCHEM_COMPOUND:460	phenolic
mf1223	flavordb	{'url': 'https://cosylab.iiitd.edu.in/flavordb/molecules_json?id=460'}	id_matching	PUBCHEM_COMPOUND:460	vanilla
mf1224	flavordb	{'url': 'https://cosylab.iiitd.edu.in/flavordb/molecules_json?id=460'}	id_matching	PUBCHEM_COMPOUND:460	aromatic odor
mf1225	flavordb	{'url': 'https://cosylab.iiitd.edu.in/flavordb/molecules_json?id=460'}	id_matching	PUBCHEM_COMPOUND:460	smoke
mf1226	flavordb	{'url': 'https://cosylab.iiitd.edu.in/flavordb/molecules_json?id=460'}	id_matching	PUBCHEM_COMPOUND:460	characteristic sweet odor, slightly phenolic
mf1227	flavordb	{'url': 'https://cosylab.iiitd.edu.in/flavordb/molecules_json?id=72277'}	id_matching	PUBCHEM_COMPOUND:72277	bitter
mf1228	flavordb	{'url': 'https://cosylab.iiitd.edu.in/flavordb/molecules_json?id=402'}	id_matching	PUBCHEM_COMPOUND:402	pure sulfur is odorless, but traces of hydrocarbon impurity may impart an oily and/or rotten egg odor
mf1229	flavordb	{'url': 'https://cosylab.iiitd.edu.in/flavordb/molecules_json?id=402'}	id_matching	PUBCHEM_COMPOUND:402	egg
mf1230	flavordb	{'url': 'https://cosylab.iiitd.edu.in/flavordb/molecules_json?id=402'}	id_matching	PUBCHEM_COMPOUND:402	tasteless
mf1231	flavordb	{'url': 'https://cosylab.iiitd.edu.in/flavordb/molecules_json?id=402'}	id_matching	PUBCHEM_COMPOUND:402	rotten
mf1232	flavordb	{'url': 'https://cosylab.iiitd.edu.in/flavordb/molecules_json?id=402'}	id_matching	PUBCHEM_COMPOUND:402	faint taste
mf1233	flavordb	{'url': 'https://cosylab.iiitd.edu.in/flavordb/molecules_json?id=5281404'}	id_matching	PUBCHEM_COMPOUND:5281404	bitter
mf1234	flavordb	{'url': 'https://cosylab.iiitd.edu.in/flavordb/molecules_json?id=6184'}	id_matching	PUBCHEM_COMPOUND:6184	leafy
mf1235	flavordb	{'url': 'https://cosylab.iiitd.edu.in/flavordb/molecules_json?id=6184'}	id_matching	PUBCHEM_COMPOUND:6184	green
mf1236	flavordb	{'url': 'https://cosylab.iiitd.edu.in/flavordb/molecules_json?id=6184'}	id_matching	PUBCHEM_COMPOUND:6184	fat
mf1237	flavordb	{'url': 'https://cosylab.iiitd.edu.in/flavordb/molecules_json?id=6184'}	id_matching	PUBCHEM_COMPOUND:6184	fruity
mf1238	flavordb	{'url': 'https://cosylab.iiitd.edu.in/flavordb/molecules_json?id=6184'}	id_matching	PUBCHEM_COMPOUND:6184	sharp, aldehyde odor
mf1239	flavordb	{'url': 'https://cosylab.iiitd.edu.in/flavordb/molecules_json?id=6184'}	id_matching	PUBCHEM_COMPOUND:6184	characteristic fruity odor (on dilution)
mf1240	flavordb	{'url': 'https://cosylab.iiitd.edu.in/flavordb/molecules_json?id=6184'}	id_matching	PUBCHEM_COMPOUND:6184	fresh
mf1241	flavordb	{'url': 'https://cosylab.iiitd.edu.in/flavordb/molecules_json?id=6184'}	id_matching	PUBCHEM_COMPOUND:6184	sweaty
mf1242	flavordb	{'url': 'https://cosylab.iiitd.edu.in/flavordb/molecules_json?id=6184'}	id_matching	PUBCHEM_COMPOUND:6184	fatty
mf1243	flavordb	{'url': 'https://cosylab.iiitd.edu.in/flavordb/molecules_json?id=6184'}	id_matching	PUBCHEM_COMPOUND:6184	aldehydic
mf1244	flavordb	{'url': 'https://cosylab.iiitd.edu.in/flavordb/molecules_json?id=6184'}	id_matching	PUBCHEM_COMPOUND:6184	characeteristic fruity taste (on dilution)
mf1245	flavordb	{'url': 'https://cosylab.iiitd.edu.in/flavordb/molecules_json?id=6184'}	id_matching	PUBCHEM_COMPOUND:6184	tallow
mf1246	flavordb	{'url': 'https://cosylab.iiitd.edu.in/flavordb/molecules_json?id=6184'}	id_matching	PUBCHEM_COMPOUND:6184	strong, green grass odor
mf1247	flavordb	{'url': 'https://cosylab.iiitd.edu.in/flavordb/molecules_json?id=6184'}	id_matching	PUBCHEM_COMPOUND:6184	grass
mf1248	flavordb	{'url': 'https://cosylab.iiitd.edu.in/flavordb/molecules_json?id=6184'}	id_matching	PUBCHEM_COMPOUND:6184	green, woody, vegetative, apple, grassy, citrus and orange with a fresh lingering aftertaste
mf1249	flavordb	{'url': 'https://cosylab.iiitd.edu.in/flavordb/molecules_json?id=5281168'}	id_matching	PUBCHEM_COMPOUND:5281168	leafy
mf1250	flavordb	{'url': 'https://cosylab.iiitd.edu.in/flavordb/molecules_json?id=5281168'}	id_matching	PUBCHEM_COMPOUND:5281168	green
mf1251	flavordb	{'url': 'https://cosylab.iiitd.edu.in/flavordb/molecules_json?id=5281168'}	id_matching	PUBCHEM_COMPOUND:5281168	sweet
mf1252	flavordb	{'url': 'https://cosylab.iiitd.edu.in/flavordb/molecules_json?id=5281168'}	id_matching	PUBCHEM_COMPOUND:5281168	fat
mf1253	flavordb	{'url': 'https://cosylab.iiitd.edu.in/flavordb/molecules_json?id=5281168'}	id_matching	PUBCHEM_COMPOUND:5281168	rancid
mf1254	flavordb	{'url': 'https://cosylab.iiitd.edu.in/flavordb/molecules_json?id=5281168'}	id_matching	PUBCHEM_COMPOUND:5281168	fruity
mf1255	flavordb	{'url': 'https://cosylab.iiitd.edu.in/flavordb/molecules_json?id=5281168'}	id_matching	PUBCHEM_COMPOUND:5281168	plum
mf1256	flavordb	{'url': 'https://cosylab.iiitd.edu.in/flavordb/molecules_json?id=5281168'}	id_matching	PUBCHEM_COMPOUND:5281168	almond
mf1257	flavordb	{'url': 'https://cosylab.iiitd.edu.in/flavordb/molecules_json?id=5281168'}	id_matching	PUBCHEM_COMPOUND:5281168	cheesy
mf1258	flavordb	{'url': 'https://cosylab.iiitd.edu.in/flavordb/molecules_json?id=5281168'}	id_matching	PUBCHEM_COMPOUND:5281168	fatty
mf1259	flavordb	{'url': 'https://cosylab.iiitd.edu.in/flavordb/molecules_json?id=5281168'}	id_matching	PUBCHEM_COMPOUND:5281168	aldehydic
mf1260	flavordb	{'url': 'https://cosylab.iiitd.edu.in/flavordb/molecules_json?id=5281168'}	id_matching	PUBCHEM_COMPOUND:5281168	apple
mf1261	flavordb	{'url': 'https://cosylab.iiitd.edu.in/flavordb/molecules_json?id=5281168'}	id_matching	PUBCHEM_COMPOUND:5281168	vegetable
mf1262	flavordb	{'url': 'https://cosylab.iiitd.edu.in/flavordb/molecules_json?id=5281168'}	id_matching	PUBCHEM_COMPOUND:5281168	banana
mf1263	flavordb	{'url': 'https://cosylab.iiitd.edu.in/flavordb/molecules_json?id=798'}	id_matching	PUBCHEM_COMPOUND:798	floral
mf1264	flavordb	{'url': 'https://cosylab.iiitd.edu.in/flavordb/molecules_json?id=798'}	id_matching	PUBCHEM_COMPOUND:798	jasmine
mf1265	flavordb	{'url': 'https://cosylab.iiitd.edu.in/flavordb/molecules_json?id=798'}	id_matching	PUBCHEM_COMPOUND:798	animal
mf1266	flavordb	{'url': 'https://cosylab.iiitd.edu.in/flavordb/molecules_json?id=798'}	id_matching	PUBCHEM_COMPOUND:798	unpleasant odor in high concentration but pleasant in dilute solution.
mf1267	flavordb	{'url': 'https://cosylab.iiitd.edu.in/flavordb/molecules_json?id=798'}	id_matching	PUBCHEM_COMPOUND:798	almost floral odor when highly purified, otherwise exhibits characteristic odor of feces
mf1268	flavordb	{'url': 'https://cosylab.iiitd.edu.in/flavordb/molecules_json?id=798'}	id_matching	PUBCHEM_COMPOUND:798	moth ball
mf1269	flavordb	{'url': 'https://cosylab.iiitd.edu.in/flavordb/molecules_json?id=798'}	id_matching	PUBCHEM_COMPOUND:798	mothball
mf1270	flavordb	{'url': 'https://cosylab.iiitd.edu.in/flavordb/molecules_json?id=798'}	id_matching	PUBCHEM_COMPOUND:798	light jasmine odor
mf1271	flavordb	{'url': 'https://cosylab.iiitd.edu.in/flavordb/molecules_json?id=798'}	id_matching	PUBCHEM_COMPOUND:798	honey
mf1272	flavordb	{'url': 'https://cosylab.iiitd.edu.in/flavordb/molecules_json?id=798'}	id_matching	PUBCHEM_COMPOUND:798	naphthelene
mf1273	flavordb	{'url': 'https://cosylab.iiitd.edu.in/flavordb/molecules_json?id=798'}	id_matching	PUBCHEM_COMPOUND:798	fecal
mf1274	flavordb	{'url': 'https://cosylab.iiitd.edu.in/flavordb/molecules_json?id=798'}	id_matching	PUBCHEM_COMPOUND:798	burnt
mf1275	flavordb	{'url': 'https://cosylab.iiitd.edu.in/flavordb/molecules_json?id=798'}	id_matching	PUBCHEM_COMPOUND:798	fishy
mf1276	flavordb	{'url': 'https://cosylab.iiitd.edu.in/flavordb/molecules_json?id=7462'}	id_matching	PUBCHEM_COMPOUND:7462	terpene
mf1277	flavordb	{'url': 'https://cosylab.iiitd.edu.in/flavordb/molecules_json?id=7462'}	id_matching	PUBCHEM_COMPOUND:7462	woody
mf1278	flavordb	{'url': 'https://cosylab.iiitd.edu.in/flavordb/molecules_json?id=7462'}	id_matching	PUBCHEM_COMPOUND:7462	bitter
mf1279	flavordb	{'url': 'https://cosylab.iiitd.edu.in/flavordb/molecules_json?id=7462'}	id_matching	PUBCHEM_COMPOUND:7462	citrus
mf1280	flavordb	{'url': 'https://cosylab.iiitd.edu.in/flavordb/molecules_json?id=7462'}	id_matching	PUBCHEM_COMPOUND:7462	medicinal
mf1281	flavordb	{'url': 'https://cosylab.iiitd.edu.in/flavordb/molecules_json?id=7462'}	id_matching	PUBCHEM_COMPOUND:7462	lemon
mf1282	flavordb	{'url': 'https://cosylab.iiitd.edu.in/flavordb/molecules_json?id=7462'}	id_matching	PUBCHEM_COMPOUND:7462	herbal
mf1283	flavordb	{'url': 'https://cosylab.iiitd.edu.in/flavordb/molecules_json?id=7462'}	id_matching	PUBCHEM_COMPOUND:7462	camphoraceous
mf1284	flavordb	{'url': 'https://cosylab.iiitd.edu.in/flavordb/molecules_json?id=2758'}	id_matching	PUBCHEM_COMPOUND:2758	mint
mf1285	flavordb	{'url': 'https://cosylab.iiitd.edu.in/flavordb/molecules_json?id=2758'}	id_matching	PUBCHEM_COMPOUND:2758	camphor-like odor
mf1286	flavordb	{'url': 'https://cosylab.iiitd.edu.in/flavordb/molecules_json?id=2758'}	id_matching	PUBCHEM_COMPOUND:2758	sweet
mf1287	flavordb	{'url': 'https://cosylab.iiitd.edu.in/flavordb/molecules_json?id=2758'}	id_matching	PUBCHEM_COMPOUND:2758	eucalyptus
mf1288	flavordb	{'url': 'https://cosylab.iiitd.edu.in/flavordb/molecules_json?id=2758'}	id_matching	PUBCHEM_COMPOUND:2758	pepper
mf1289	flavordb	{'url': 'https://cosylab.iiitd.edu.in/flavordb/molecules_json?id=2758'}	id_matching	PUBCHEM_COMPOUND:2758	herbal
mf1290	flavordb	{'url': 'https://cosylab.iiitd.edu.in/flavordb/molecules_json?id=2758'}	id_matching	PUBCHEM_COMPOUND:2758	pungent, cooling, spicy taste
mf1291	flavordb	{'url': 'https://cosylab.iiitd.edu.in/flavordb/molecules_json?id=2758'}	id_matching	PUBCHEM_COMPOUND:2758	camphor
mf1292	flavordb	{'url': 'https://cosylab.iiitd.edu.in/flavordb/molecules_json?id=2758'}	id_matching	PUBCHEM_COMPOUND:2758	eucalyptus, bitter-sweet flavor
mf1293	flavordb	{'url': 'https://cosylab.iiitd.edu.in/flavordb/molecules_json?id=493591'}	id_matching	PUBCHEM_COMPOUND:493591	sweet
mf1294	flavordb	{'url': 'https://cosylab.iiitd.edu.in/flavordb/molecules_json?id=493591'}	id_matching	PUBCHEM_COMPOUND:493591	neutral
mf1295	flavordb	{'url': 'https://cosylab.iiitd.edu.in/flavordb/molecules_json?id=887'}	id_matching	PUBCHEM_COMPOUND:887	characteristic pungent odor
mf1296	flavordb	{'url': 'https://cosylab.iiitd.edu.in/flavordb/molecules_json?id=887'}	id_matching	PUBCHEM_COMPOUND:887	alcoholic odor
mf1297	flavordb	{'url': 'https://cosylab.iiitd.edu.in/flavordb/molecules_json?id=887'}	id_matching	PUBCHEM_COMPOUND:887	alcoholic
mf1298	flavordb	{'url': 'https://cosylab.iiitd.edu.in/flavordb/molecules_json?id=887'}	id_matching	PUBCHEM_COMPOUND:887	pungent odor when crude
mf1299	flavordb	{'url': 'https://cosylab.iiitd.edu.in/flavordb/molecules_json?id=8130'}	id_matching	PUBCHEM_COMPOUND:8130	green
mf1300	flavordb	{'url': 'https://cosylab.iiitd.edu.in/flavordb/molecules_json?id=8130'}	id_matching	PUBCHEM_COMPOUND:8130	fatty, pungent odor
mf1301	flavordb	{'url': 'https://cosylab.iiitd.edu.in/flavordb/molecules_json?id=8130'}	id_matching	PUBCHEM_COMPOUND:8130	fat
mf1302	flavordb	{'url': 'https://cosylab.iiitd.edu.in/flavordb/molecules_json?id=8130'}	id_matching	PUBCHEM_COMPOUND:8130	rancid
mf1303	flavordb	{'url': 'https://cosylab.iiitd.edu.in/flavordb/molecules_json?id=8130'}	id_matching	PUBCHEM_COMPOUND:8130	citrus
mf1304	flavordb	{'url': 'https://cosylab.iiitd.edu.in/flavordb/molecules_json?id=8130'}	id_matching	PUBCHEM_COMPOUND:8130	herbal
mf1305	flavordb	{'url': 'https://cosylab.iiitd.edu.in/flavordb/molecules_json?id=8130'}	id_matching	PUBCHEM_COMPOUND:8130	ozone
mf1306	flavordb	{'url': 'https://cosylab.iiitd.edu.in/flavordb/molecules_json?id=8130'}	id_matching	PUBCHEM_COMPOUND:8130	fresh
mf1307	flavordb	{'url': 'https://cosylab.iiitd.edu.in/flavordb/molecules_json?id=8130'}	id_matching	PUBCHEM_COMPOUND:8130	fatty
mf1308	flavordb	{'url': 'https://cosylab.iiitd.edu.in/flavordb/molecules_json?id=8130'}	id_matching	PUBCHEM_COMPOUND:8130	aldehydic
mf1309	flavordb	{'url': 'https://cosylab.iiitd.edu.in/flavordb/molecules_json?id=8130'}	id_matching	PUBCHEM_COMPOUND:8130	wine-lee
mf1310	flavordb	{'url': 'https://cosylab.iiitd.edu.in/flavordb/molecules_json?id=8130'}	id_matching	PUBCHEM_COMPOUND:8130	fatty taste
mf1311	flavordb	{'url': 'https://cosylab.iiitd.edu.in/flavordb/molecules_json?id=8130'}	id_matching	PUBCHEM_COMPOUND:8130	penetrating fruity odor
mf1312	flavordb	{'url': 'https://cosylab.iiitd.edu.in/flavordb/molecules_json?id=68148'}	id_matching	PUBCHEM_COMPOUND:68148	medicinal
mf1313	flavordb	{'url': 'https://cosylab.iiitd.edu.in/flavordb/molecules_json?id=68148'}	id_matching	PUBCHEM_COMPOUND:68148	medicine
mf1314	flavordb	{'url': 'https://cosylab.iiitd.edu.in/flavordb/molecules_json?id=68148'}	id_matching	PUBCHEM_COMPOUND:68148	phenolic
mf1315	flavordb	{'url': 'https://cosylab.iiitd.edu.in/flavordb/molecules_json?id=68148'}	id_matching	PUBCHEM_COMPOUND:68148	phenol
mf1316	flavordb	{'url': 'https://cosylab.iiitd.edu.in/flavordb/molecules_json?id=119258'}	id_matching	PUBCHEM_COMPOUND:119258	sweet-like
mf1317	flavordb	{'url': 'https://cosylab.iiitd.edu.in/flavordb/molecules_json?id=6569'}	id_matching	PUBCHEM_COMPOUND:6569	sweet, pleasant, pungent
mf1318	flavordb	{'url': 'https://cosylab.iiitd.edu.in/flavordb/molecules_json?id=6569'}	id_matching	PUBCHEM_COMPOUND:6569	fruity
mf1319	flavordb	{'url': 'https://cosylab.iiitd.edu.in/flavordb/molecules_json?id=6569'}	id_matching	PUBCHEM_COMPOUND:6569	moderately sharp, fragrant, mint- or acetone-like odor
mf1320	flavordb	{'url': 'https://cosylab.iiitd.edu.in/flavordb/molecules_json?id=6569'}	id_matching	PUBCHEM_COMPOUND:6569	ether
mf1321	flavordb	{'url': 'https://cosylab.iiitd.edu.in/flavordb/molecules_json?id=6569'}	id_matching	PUBCHEM_COMPOUND:6569	ethereal
mf1322	flavordb	{'url': 'https://cosylab.iiitd.edu.in/flavordb/molecules_json?id=6569'}	id_matching	PUBCHEM_COMPOUND:6569	acetone-like odor
mf1323	flavordb	{'url': 'https://cosylab.iiitd.edu.in/flavordb/molecules_json?id=6569'}	id_matching	PUBCHEM_COMPOUND:6569	camphor
mf1324	flavordb	{'url': 'https://cosylab.iiitd.edu.in/flavordb/molecules_json?id=6569'}	id_matching	PUBCHEM_COMPOUND:6569	acetone
mf1325	flavordb	{'url': 'https://cosylab.iiitd.edu.in/flavordb/molecules_json?id=2230'}	id_matching	PUBCHEM_COMPOUND:2230	bitter
mf1326	flavordb	{'url': 'https://cosylab.iiitd.edu.in/flavordb/molecules_json?id=135191'}	id_matching	PUBCHEM_COMPOUND:135191	sweet
mf1327	flavordb	{'url': 'https://cosylab.iiitd.edu.in/flavordb/molecules_json?id=135191'}	id_matching	PUBCHEM_COMPOUND:135191	woody
mf1328	flavordb	{'url': 'https://cosylab.iiitd.edu.in/flavordb/molecules_json?id=135191'}	id_matching	PUBCHEM_COMPOUND:135191	smoky
mf1329	flavordb	{'url': 'https://cosylab.iiitd.edu.in/flavordb/molecules_json?id=135191'}	id_matching	PUBCHEM_COMPOUND:135191	caramel
mf1330	flavordb	{'url': 'https://cosylab.iiitd.edu.in/flavordb/molecules_json?id=5459879'}	id_matching	PUBCHEM_COMPOUND:5459879	sweet
mf1331	flavordb	{'url': 'https://cosylab.iiitd.edu.in/flavordb/molecules_json?id=379'}	id_matching	PUBCHEM_COMPOUND:379	oily
mf1332	flavordb	{'url': 'https://cosylab.iiitd.edu.in/flavordb/molecules_json?id=379'}	id_matching	PUBCHEM_COMPOUND:379	faint, fruity-acid odor
mf1333	flavordb	{'url': 'https://cosylab.iiitd.edu.in/flavordb/molecules_json?id=379'}	id_matching	PUBCHEM_COMPOUND:379	rancid
mf1334	flavordb	{'url': 'https://cosylab.iiitd.edu.in/flavordb/molecules_json?id=379'}	id_matching	PUBCHEM_COMPOUND:379	waxy
mf1335	flavordb	{'url': 'https://cosylab.iiitd.edu.in/flavordb/molecules_json?id=379'}	id_matching	PUBCHEM_COMPOUND:379	sweat
mf1336	flavordb	{'url': 'https://cosylab.iiitd.edu.in/flavordb/molecules_json?id=379'}	id_matching	PUBCHEM_COMPOUND:379	unpleasant and irritating odor
mf1337	flavordb	{'url': 'https://cosylab.iiitd.edu.in/flavordb/molecules_json?id=379'}	id_matching	PUBCHEM_COMPOUND:379	cheesy
mf1338	flavordb	{'url': 'https://cosylab.iiitd.edu.in/flavordb/molecules_json?id=379'}	id_matching	PUBCHEM_COMPOUND:379	fatty
mf1339	flavordb	{'url': 'https://cosylab.iiitd.edu.in/flavordb/molecules_json?id=379'}	id_matching	PUBCHEM_COMPOUND:379	slightly unpleasant rancid taste
mf1340	flavordb	{'url': 'https://cosylab.iiitd.edu.in/flavordb/molecules_json?id=379'}	id_matching	PUBCHEM_COMPOUND:379	cheese
mf1341	flavordb	{'url': 'https://cosylab.iiitd.edu.in/flavordb/molecules_json?id=379'}	id_matching	PUBCHEM_COMPOUND:379	slightly sour taste
mf1342	flavordb	{'url': 'https://cosylab.iiitd.edu.in/flavordb/molecules_json?id=379'}	id_matching	PUBCHEM_COMPOUND:379	slight odor
mf1343	flavordb	{'url': 'https://cosylab.iiitd.edu.in/flavordb/molecules_json?id=379'}	id_matching	PUBCHEM_COMPOUND:379	vegetable
mf1344	flavordb	{'url': 'https://cosylab.iiitd.edu.in/flavordb/molecules_json?id=5280666'}	id_matching	PUBCHEM_COMPOUND:5280666	bitter
mf1345	flavordb	{'url': 'https://cosylab.iiitd.edu.in/flavordb/molecules_json?id=7344'}	id_matching	PUBCHEM_COMPOUND:7344	butterscotch
mf1346	flavordb	{'url': 'https://cosylab.iiitd.edu.in/flavordb/molecules_json?id=7344'}	id_matching	PUBCHEM_COMPOUND:7344	fruity
mf1347	flavordb	{'url': 'https://cosylab.iiitd.edu.in/flavordb/molecules_json?id=7344'}	id_matching	PUBCHEM_COMPOUND:7344	sharp
mf1348	flavordb	{'url': 'https://cosylab.iiitd.edu.in/flavordb/molecules_json?id=7344'}	id_matching	PUBCHEM_COMPOUND:7344	buttery odor
mf1349	flavordb	{'url': 'https://cosylab.iiitd.edu.in/flavordb/molecules_json?id=7344'}	id_matching	PUBCHEM_COMPOUND:7344	tart
mf1350	flavordb	{'url': 'https://cosylab.iiitd.edu.in/flavordb/molecules_json?id=7344'}	id_matching	PUBCHEM_COMPOUND:7344	fruity butterscotch
mf1351	flavordb	{'url': 'https://cosylab.iiitd.edu.in/flavordb/molecules_json?id=7344'}	id_matching	PUBCHEM_COMPOUND:7344	milk cream taste
mf1352	flavordb	{'url': 'https://cosylab.iiitd.edu.in/flavordb/molecules_json?id=7344'}	id_matching	PUBCHEM_COMPOUND:7344	sweet, fruity, creamy and pineapple like taste
mf1353	flavordb	{'url': 'https://cosylab.iiitd.edu.in/flavordb/molecules_json?id=7344'}	id_matching	PUBCHEM_COMPOUND:7344	buttery
mf1354	flavordb	{'url': 'https://cosylab.iiitd.edu.in/flavordb/molecules_json?id=7344'}	id_matching	PUBCHEM_COMPOUND:7344	butter
mf1355	flavordb	{'url': 'https://cosylab.iiitd.edu.in/flavordb/molecules_json?id=7344'}	id_matching	PUBCHEM_COMPOUND:7344	fruit
mf1356	flavordb	{'url': 'https://cosylab.iiitd.edu.in/flavordb/molecules_json?id=60961'}	id_matching	PUBCHEM_COMPOUND:60961	odorless
mf1357	flavordb	{'url': 'https://cosylab.iiitd.edu.in/flavordb/molecules_json?id=60961'}	id_matching	PUBCHEM_COMPOUND:60961	sweet-like
mf1358	flavordb	{'url': 'https://cosylab.iiitd.edu.in/flavordb/molecules_json?id=60961'}	id_matching	PUBCHEM_COMPOUND:60961	mild, saline, or bitter taste
mf1359	flavordb	{'url': 'https://cosylab.iiitd.edu.in/flavordb/molecules_json?id=447466'}	id_matching	PUBCHEM_COMPOUND:447466	pungent, suffocating odor
mf1360	flavordb	{'url': 'https://cosylab.iiitd.edu.in/flavordb/molecules_json?id=445070'}	id_matching	PUBCHEM_COMPOUND:445070	grapefruit
mf1361	flavordb	{'url': 'https://cosylab.iiitd.edu.in/flavordb/molecules_json?id=445070'}	id_matching	PUBCHEM_COMPOUND:445070	clove
mf1362	flavordb	{'url': 'https://cosylab.iiitd.edu.in/flavordb/molecules_json?id=445070'}	id_matching	PUBCHEM_COMPOUND:445070	anise
mf1363	flavordb	{'url': 'https://cosylab.iiitd.edu.in/flavordb/molecules_json?id=445070'}	id_matching	PUBCHEM_COMPOUND:445070	weak citrus-lime taste
mf1364	flavordb	{'url': 'https://cosylab.iiitd.edu.in/flavordb/molecules_json?id=445070'}	id_matching	PUBCHEM_COMPOUND:445070	mild, oily
mf1365	flavordb	{'url': 'https://cosylab.iiitd.edu.in/flavordb/molecules_json?id=445070'}	id_matching	PUBCHEM_COMPOUND:445070	linden
mf1366	flavordb	{'url': 'https://cosylab.iiitd.edu.in/flavordb/molecules_json?id=445070'}	id_matching	PUBCHEM_COMPOUND:445070	floral
mf1367	flavordb	{'url': 'https://cosylab.iiitd.edu.in/flavordb/molecules_json?id=445070'}	id_matching	PUBCHEM_COMPOUND:445070	orange
mf1368	flavordb	{'url': 'https://cosylab.iiitd.edu.in/flavordb/molecules_json?id=445070'}	id_matching	PUBCHEM_COMPOUND:445070	fresh
mf1369	flavordb	{'url': 'https://cosylab.iiitd.edu.in/flavordb/molecules_json?id=445070'}	id_matching	PUBCHEM_COMPOUND:445070	lily
mf1370	flavordb	{'url': 'https://cosylab.iiitd.edu.in/flavordb/molecules_json?id=445070'}	id_matching	PUBCHEM_COMPOUND:445070	delicate flowery odor
mf1371	flavordb	{'url': 'https://cosylab.iiitd.edu.in/flavordb/molecules_json?id=445070'}	id_matching	PUBCHEM_COMPOUND:445070	muguet
mf1372	flavordb	{'url': 'https://cosylab.iiitd.edu.in/flavordb/molecules_json?id=445070'}	id_matching	PUBCHEM_COMPOUND:445070	balsam
mf1373	flavordb	{'url': 'https://cosylab.iiitd.edu.in/flavordb/molecules_json?id=445070'}	id_matching	PUBCHEM_COMPOUND:445070	sweet
mf1374	flavordb	{'url': 'https://cosylab.iiitd.edu.in/flavordb/molecules_json?id=445070'}	id_matching	PUBCHEM_COMPOUND:445070	waxy
mf1375	flavordb	{'url': 'https://cosylab.iiitd.edu.in/flavordb/molecules_json?id=445070'}	id_matching	PUBCHEM_COMPOUND:445070	pear
mf1376	flavordb	{'url': 'https://cosylab.iiitd.edu.in/flavordb/molecules_json?id=445070'}	id_matching	PUBCHEM_COMPOUND:445070	angelica
mf1377	flavordb	{'url': 'https://cosylab.iiitd.edu.in/flavordb/molecules_json?id=445070'}	id_matching	PUBCHEM_COMPOUND:445070	weak citrus-lime odor
mf1378	flavordb	{'url': 'https://cosylab.iiitd.edu.in/flavordb/molecules_json?id=445070'}	id_matching	PUBCHEM_COMPOUND:445070	mild
mf1379	flavordb	{'url': 'https://cosylab.iiitd.edu.in/flavordb/molecules_json?id=8857'}	id_matching	PUBCHEM_COMPOUND:8857	balsam
mf1380	flavordb	{'url': 'https://cosylab.iiitd.edu.in/flavordb/molecules_json?id=8857'}	id_matching	PUBCHEM_COMPOUND:8857	green
mf1381	flavordb	{'url': 'https://cosylab.iiitd.edu.in/flavordb/molecules_json?id=8857'}	id_matching	PUBCHEM_COMPOUND:8857	sweet
mf1382	flavordb	{'url': 'https://cosylab.iiitd.edu.in/flavordb/molecules_json?id=8857'}	id_matching	PUBCHEM_COMPOUND:8857	weedy
mf1383	flavordb	{'url': 'https://cosylab.iiitd.edu.in/flavordb/molecules_json?id=8857'}	id_matching	PUBCHEM_COMPOUND:8857	pineapple
mf1384	flavordb	{'url': 'https://cosylab.iiitd.edu.in/flavordb/molecules_json?id=8857'}	id_matching	PUBCHEM_COMPOUND:8857	fruity
mf1385	flavordb	{'url': 'https://cosylab.iiitd.edu.in/flavordb/molecules_json?id=8857'}	id_matching	PUBCHEM_COMPOUND:8857	ethyl acetate ... contributes a fruity flavor to beer.
mf1386	flavordb	{'url': 'https://cosylab.iiitd.edu.in/flavordb/molecules_json?id=8857'}	id_matching	PUBCHEM_COMPOUND:8857	characteristic ether-like odor reminiscent of pineapple.
mf1387	flavordb	{'url': 'https://cosylab.iiitd.edu.in/flavordb/molecules_json?id=8857'}	id_matching	PUBCHEM_COMPOUND:8857	fruity with a brandy note
mf1388	flavordb	{'url': 'https://cosylab.iiitd.edu.in/flavordb/molecules_json?id=8857'}	id_matching	PUBCHEM_COMPOUND:8857	ether-like, fruity odor
mf1389	flavordb	{'url': 'https://cosylab.iiitd.edu.in/flavordb/molecules_json?id=8857'}	id_matching	PUBCHEM_COMPOUND:8857	fragrant odor
mf1390	flavordb	{'url': 'https://cosylab.iiitd.edu.in/flavordb/molecules_json?id=8857'}	id_matching	PUBCHEM_COMPOUND:8857	ethereal
mf1391	flavordb	{'url': 'https://cosylab.iiitd.edu.in/flavordb/molecules_json?id=8857'}	id_matching	PUBCHEM_COMPOUND:8857	anise
mf1392	flavordb	{'url': 'https://cosylab.iiitd.edu.in/flavordb/molecules_json?id=8857'}	id_matching	PUBCHEM_COMPOUND:8857	bittersweet, wine-like burning taste.
mf1393	flavordb	{'url': 'https://cosylab.iiitd.edu.in/flavordb/molecules_json?id=8857'}	id_matching	PUBCHEM_COMPOUND:8857	pleasant taste when diluted
mf1394	flavordb	{'url': 'https://cosylab.iiitd.edu.in/flavordb/molecules_json?id=5281613'}	id_matching	PUBCHEM_COMPOUND:5281613	sweet-like
mf1395	flavordb	{'url': 'https://cosylab.iiitd.edu.in/flavordb/molecules_json?id=6918391'}	id_matching	PUBCHEM_COMPOUND:6918391	wax
mf1396	flavordb	{'url': 'https://cosylab.iiitd.edu.in/flavordb/molecules_json?id=6918391'}	id_matching	PUBCHEM_COMPOUND:6918391	waxy
mf1397	flavordb	{'url': 'https://cosylab.iiitd.edu.in/flavordb/molecules_json?id=6918391'}	id_matching	PUBCHEM_COMPOUND:6918391	herbal
mf1398	flavordb	{'url': 'https://cosylab.iiitd.edu.in/flavordb/molecules_json?id=6918391'}	id_matching	PUBCHEM_COMPOUND:6918391	fresh
mf1399	flavordb	{'url': 'https://cosylab.iiitd.edu.in/flavordb/molecules_json?id=6918391'}	id_matching	PUBCHEM_COMPOUND:6918391	herb
mf1400	flavordb	{'url': 'https://cosylab.iiitd.edu.in/flavordb/molecules_json?id=6047'}	id_matching	PUBCHEM_COMPOUND:6047	tasteless
mf1401	flavordb	{'url': 'https://cosylab.iiitd.edu.in/flavordb/molecules_json?id=6047'}	id_matching	PUBCHEM_COMPOUND:6047	odorless
mf1402	flavordb	{'url': 'https://cosylab.iiitd.edu.in/flavordb/molecules_json?id=14982'}	id_matching	PUBCHEM_COMPOUND:14982	sweet
mf1403	flavordb	{'url': 'https://cosylab.iiitd.edu.in/flavordb/molecules_json?id=14982'}	id_matching	PUBCHEM_COMPOUND:14982	intensely sweet taste
mf1404	flavordb	{'url': 'https://cosylab.iiitd.edu.in/flavordb/molecules_json?id=14982'}	id_matching	PUBCHEM_COMPOUND:14982	the sweetness potency of glycyrrhizin is about 33x (10% sucrose solution sweetness equivalence).
mf1405	flavordb	{'url': 'https://cosylab.iiitd.edu.in/flavordb/molecules_json?id=14982'}	id_matching	PUBCHEM_COMPOUND:14982	spicy
mf1406	flavordb	{'url': 'https://cosylab.iiitd.edu.in/flavordb/molecules_json?id=14982'}	id_matching	PUBCHEM_COMPOUND:14982	mild
mf1407	flavordb	{'url': 'https://cosylab.iiitd.edu.in/flavordb/molecules_json?id=8723'}	id_matching	PUBCHEM_COMPOUND:8723	malt
mf1408	flavordb	{'url': 'https://cosylab.iiitd.edu.in/flavordb/molecules_json?id=8723'}	id_matching	PUBCHEM_COMPOUND:8723	fruity
mf1409	flavordb	{'url': 'https://cosylab.iiitd.edu.in/flavordb/molecules_json?id=8723'}	id_matching	PUBCHEM_COMPOUND:8723	onion
mf1410	flavordb	{'url': 'https://cosylab.iiitd.edu.in/flavordb/molecules_json?id=8723'}	id_matching	PUBCHEM_COMPOUND:8723	wine
mf1411	flavordb	{'url': 'https://cosylab.iiitd.edu.in/flavordb/molecules_json?id=8723'}	id_matching	PUBCHEM_COMPOUND:8723	roasted
mf1412	flavordb	{'url': 'https://cosylab.iiitd.edu.in/flavordb/molecules_json?id=5281516'}	id_matching	PUBCHEM_COMPOUND:5281516	green
mf1413	flavordb	{'url': 'https://cosylab.iiitd.edu.in/flavordb/molecules_json?id=5281516'}	id_matching	PUBCHEM_COMPOUND:5281516	sweet
mf1414	flavordb	{'url': 'https://cosylab.iiitd.edu.in/flavordb/molecules_json?id=5281516'}	id_matching	PUBCHEM_COMPOUND:5281516	neroli
mf1415	flavordb	{'url': 'https://cosylab.iiitd.edu.in/flavordb/molecules_json?id=5281516'}	id_matching	PUBCHEM_COMPOUND:5281516	citrus
mf1416	flavordb	{'url': 'https://cosylab.iiitd.edu.in/flavordb/molecules_json?id=5281516'}	id_matching	PUBCHEM_COMPOUND:5281516	lavender
mf1417	flavordb	{'url': 'https://cosylab.iiitd.edu.in/flavordb/molecules_json?id=5281516'}	id_matching	PUBCHEM_COMPOUND:5281516	herbal
mf1418	flavordb	{'url': 'https://cosylab.iiitd.edu.in/flavordb/molecules_json?id=5281516'}	id_matching	PUBCHEM_COMPOUND:5281516	myrrh
mf1419	flavordb	{'url': 'https://cosylab.iiitd.edu.in/flavordb/molecules_json?id=5281516'}	id_matching	PUBCHEM_COMPOUND:5281516	lime
mf1420	flavordb	{'url': 'https://cosylab.iiitd.edu.in/flavordb/molecules_json?id=5281516'}	id_matching	PUBCHEM_COMPOUND:5281516	bergamot
mf1421	flavordb	{'url': 'https://cosylab.iiitd.edu.in/flavordb/molecules_json?id=5281516'}	id_matching	PUBCHEM_COMPOUND:5281516	wood
mf1422	flavordb	{'url': 'https://cosylab.iiitd.edu.in/flavordb/molecules_json?id=650'}	id_matching	PUBCHEM_COMPOUND:650	in skim milk: 1.00x10-1 ppm
mf1423	flavordb	{'url': 'https://cosylab.iiitd.edu.in/flavordb/molecules_json?id=650'}	id_matching	PUBCHEM_COMPOUND:650	sweet
mf1424	flavordb	{'url': 'https://cosylab.iiitd.edu.in/flavordb/molecules_json?id=650'}	id_matching	PUBCHEM_COMPOUND:650	vapors have a chlorine-like odor
mf1425	flavordb	{'url': 'https://cosylab.iiitd.edu.in/flavordb/molecules_json?id=650'}	id_matching	PUBCHEM_COMPOUND:650	quinone odor
mf1426	flavordb	{'url': 'https://cosylab.iiitd.edu.in/flavordb/molecules_json?id=650'}	id_matching	PUBCHEM_COMPOUND:650	pungent
mf1427	flavordb	{'url': 'https://cosylab.iiitd.edu.in/flavordb/molecules_json?id=650'}	id_matching	PUBCHEM_COMPOUND:650	in water: 1.00x10-8% (volume/volume or wg/wg).
mf1428	flavordb	{'url': 'https://cosylab.iiitd.edu.in/flavordb/molecules_json?id=650'}	id_matching	PUBCHEM_COMPOUND:650	strong
mf1429	flavordb	{'url': 'https://cosylab.iiitd.edu.in/flavordb/molecules_json?id=650'}	id_matching	PUBCHEM_COMPOUND:650	creamy
mf1430	flavordb	{'url': 'https://cosylab.iiitd.edu.in/flavordb/molecules_json?id=650'}	id_matching	PUBCHEM_COMPOUND:650	caramel
mf1431	flavordb	{'url': 'https://cosylab.iiitd.edu.in/flavordb/molecules_json?id=650'}	id_matching	PUBCHEM_COMPOUND:650	threshold taste detection in water (gas chromatically pure): 5.40x10-3 ppm
mf1432	flavordb	{'url': 'https://cosylab.iiitd.edu.in/flavordb/molecules_json?id=650'}	id_matching	PUBCHEM_COMPOUND:650	threshold taste detection in milk (gas chromatically pure): 1.40x10-2 ppm and 2.90x10-2 ppm
mf1433	flavordb	{'url': 'https://cosylab.iiitd.edu.in/flavordb/molecules_json?id=650'}	id_matching	PUBCHEM_COMPOUND:650	taste characteristics at 50 ppm: sweet, buttery, creamy and milky
mf1434	flavordb	{'url': 'https://cosylab.iiitd.edu.in/flavordb/molecules_json?id=650'}	id_matching	PUBCHEM_COMPOUND:650	strong odor
mf1435	flavordb	{'url': 'https://cosylab.iiitd.edu.in/flavordb/molecules_json?id=650'}	id_matching	PUBCHEM_COMPOUND:650	butter
mf1436	flavordb	{'url': 'https://cosylab.iiitd.edu.in/flavordb/molecules_json?id=650'}	id_matching	PUBCHEM_COMPOUND:650	oily
mf1437	flavordb	{'url': 'https://cosylab.iiitd.edu.in/flavordb/molecules_json?id=650'}	id_matching	PUBCHEM_COMPOUND:650	very strong buttery odor in dilute solution
mf1438	flavordb	{'url': 'https://cosylab.iiitd.edu.in/flavordb/molecules_json?id=5370052'}	id_matching	PUBCHEM_COMPOUND:5370052	spicy
mf1439	flavordb	{'url': 'https://cosylab.iiitd.edu.in/flavordb/molecules_json?id=5370052'}	id_matching	PUBCHEM_COMPOUND:5370052	spice
mf1440	flavordb	{'url': 'https://cosylab.iiitd.edu.in/flavordb/molecules_json?id=11552'}	id_matching	PUBCHEM_COMPOUND:11552	sour
mf1441	flavordb	{'url': 'https://cosylab.iiitd.edu.in/flavordb/molecules_json?id=11552'}	id_matching	PUBCHEM_COMPOUND:11552	malt
mf1442	flavordb	{'url': 'https://cosylab.iiitd.edu.in/flavordb/molecules_json?id=11552'}	id_matching	PUBCHEM_COMPOUND:11552	at very low levels the flavor is warm, herbaceous, slightly fruit, and nut-like
mf1443	flavordb	{'url': 'https://cosylab.iiitd.edu.in/flavordb/molecules_json?id=11552'}	id_matching	PUBCHEM_COMPOUND:11552	peach
mf1444	flavordb	{'url': 'https://cosylab.iiitd.edu.in/flavordb/molecules_json?id=11552'}	id_matching	PUBCHEM_COMPOUND:11552	apple-like odor
mf1445	flavordb	{'url': 'https://cosylab.iiitd.edu.in/flavordb/molecules_json?id=11552'}	id_matching	PUBCHEM_COMPOUND:11552	powerful penetrating, acrid odor
mf1446	flavordb	{'url': 'https://cosylab.iiitd.edu.in/flavordb/molecules_json?id=11552'}	id_matching	PUBCHEM_COMPOUND:11552	ethereal
mf1447	flavordb	{'url': 'https://cosylab.iiitd.edu.in/flavordb/molecules_json?id=11552'}	id_matching	PUBCHEM_COMPOUND:11552	fatty
mf1448	flavordb	{'url': 'https://cosylab.iiitd.edu.in/flavordb/molecules_json?id=11552'}	id_matching	PUBCHEM_COMPOUND:11552	aldehydic
mf1449	flavordb	{'url': 'https://cosylab.iiitd.edu.in/flavordb/molecules_json?id=11552'}	id_matching	PUBCHEM_COMPOUND:11552	chocolate
mf1450	flavordb	{'url': 'https://cosylab.iiitd.edu.in/flavordb/molecules_json?id=442495'}	id_matching	PUBCHEM_COMPOUND:442495	pleasant odor, midway between peppermint and camphor
mf1451	flavordb	{'url': 'https://cosylab.iiitd.edu.in/flavordb/molecules_json?id=8892'}	id_matching	PUBCHEM_COMPOUND:8892	sour
mf1452	flavordb	{'url': 'https://cosylab.iiitd.edu.in/flavordb/molecules_json?id=8892'}	id_matching	PUBCHEM_COMPOUND:8892	characteristic goat-like odor
mf1453	flavordb	{'url': 'https://cosylab.iiitd.edu.in/flavordb/molecules_json?id=8892'}	id_matching	PUBCHEM_COMPOUND:8892	sweat
mf1454	flavordb	{'url': 'https://cosylab.iiitd.edu.in/flavordb/molecules_json?id=8892'}	id_matching	PUBCHEM_COMPOUND:8892	fatty
mf1455	flavordb	{'url': 'https://cosylab.iiitd.edu.in/flavordb/molecules_json?id=8892'}	id_matching	PUBCHEM_COMPOUND:8892	cheese
mf1456	flavordb	{'url': 'https://cosylab.iiitd.edu.in/flavordb/molecules_json?id=2969'}	id_matching	PUBCHEM_COMPOUND:2969	sour
mf1457	flavordb	{'url': 'https://cosylab.iiitd.edu.in/flavordb/molecules_json?id=2969'}	id_matching	PUBCHEM_COMPOUND:2969	rancid odor
mf1458	flavordb	{'url': 'https://cosylab.iiitd.edu.in/flavordb/molecules_json?id=2969'}	id_matching	PUBCHEM_COMPOUND:2969	unpleasant odor
mf1459	flavordb	{'url': 'https://cosylab.iiitd.edu.in/flavordb/molecules_json?id=2969'}	id_matching	PUBCHEM_COMPOUND:2969	fat
mf1460	flavordb	{'url': 'https://cosylab.iiitd.edu.in/flavordb/molecules_json?id=2969'}	id_matching	PUBCHEM_COMPOUND:2969	rancid
mf1461	flavordb	{'url': 'https://cosylab.iiitd.edu.in/flavordb/molecules_json?id=2969'}	id_matching	PUBCHEM_COMPOUND:2969	unpleasant
mf1462	flavordb	{'url': 'https://cosylab.iiitd.edu.in/flavordb/molecules_json?id=2969'}	id_matching	PUBCHEM_COMPOUND:2969	citrus
mf1463	flavordb	{'url': 'https://cosylab.iiitd.edu.in/flavordb/molecules_json?id=2969'}	id_matching	PUBCHEM_COMPOUND:2969	fatty
mf1464	flavordb	{'url': 'https://cosylab.iiitd.edu.in/flavordb/molecules_json?id=454'}	id_matching	PUBCHEM_COMPOUND:454	green
mf1465	flavordb	{'url': 'https://cosylab.iiitd.edu.in/flavordb/molecules_json?id=454'}	id_matching	PUBCHEM_COMPOUND:454	fat
mf1466	flavordb	{'url': 'https://cosylab.iiitd.edu.in/flavordb/molecules_json?id=454'}	id_matching	PUBCHEM_COMPOUND:454	waxy
mf1467	flavordb	{'url': 'https://cosylab.iiitd.edu.in/flavordb/molecules_json?id=454'}	id_matching	PUBCHEM_COMPOUND:454	citrus
mf1468	flavordb	{'url': 'https://cosylab.iiitd.edu.in/flavordb/molecules_json?id=454'}	id_matching	PUBCHEM_COMPOUND:454	strong, fruity odor
mf1469	flavordb	{'url': 'https://cosylab.iiitd.edu.in/flavordb/molecules_json?id=454'}	id_matching	PUBCHEM_COMPOUND:454	lemon
mf1470	flavordb	{'url': 'https://cosylab.iiitd.edu.in/flavordb/molecules_json?id=454'}	id_matching	PUBCHEM_COMPOUND:454	fatty
mf1471	flavordb	{'url': 'https://cosylab.iiitd.edu.in/flavordb/molecules_json?id=454'}	id_matching	PUBCHEM_COMPOUND:454	aldehydic
mf1472	flavordb	{'url': 'https://cosylab.iiitd.edu.in/flavordb/molecules_json?id=454'}	id_matching	PUBCHEM_COMPOUND:454	orange peel
mf1473	flavordb	{'url': 'https://cosylab.iiitd.edu.in/flavordb/molecules_json?id=454'}	id_matching	PUBCHEM_COMPOUND:454	soap
mf1474	flavordb	{'url': 'https://cosylab.iiitd.edu.in/flavordb/molecules_json?id=454'}	id_matching	PUBCHEM_COMPOUND:454	characteristic pungent, fatty flavor
mf1475	flavordb	{'url': 'https://cosylab.iiitd.edu.in/flavordb/molecules_json?id=10819'}	id_matching	PUBCHEM_COMPOUND:10819	green
mf1476	flavordb	{'url': 'https://cosylab.iiitd.edu.in/flavordb/molecules_json?id=10819'}	id_matching	PUBCHEM_COMPOUND:10819	linalool
mf1477	flavordb	{'url': 'https://cosylab.iiitd.edu.in/flavordb/molecules_json?id=10819'}	id_matching	PUBCHEM_COMPOUND:10819	fatty
mf1478	flavordb	{'url': 'https://cosylab.iiitd.edu.in/flavordb/molecules_json?id=10819'}	id_matching	PUBCHEM_COMPOUND:10819	terpineol
mf1479	flavordb	{'url': 'https://cosylab.iiitd.edu.in/flavordb/molecules_json?id=126537'}	id_matching	PUBCHEM_COMPOUND:126537	dill
mf1480	flavordb	{'url': 'https://cosylab.iiitd.edu.in/flavordb/molecules_json?id=5610'}	id_matching	PUBCHEM_COMPOUND:5610	meaty
mf1481	flavordb	{'url': 'https://cosylab.iiitd.edu.in/flavordb/molecules_json?id=5610'}	id_matching	PUBCHEM_COMPOUND:5610	dirty
mf1482	flavordb	{'url': 'https://cosylab.iiitd.edu.in/flavordb/molecules_json?id=5610'}	id_matching	PUBCHEM_COMPOUND:5610	cooked
mf1483	flavordb	{'url': 'https://cosylab.iiitd.edu.in/flavordb/molecules_json?id=5610'}	id_matching	PUBCHEM_COMPOUND:5610	phenolic
mf1484	flavordb	{'url': 'https://cosylab.iiitd.edu.in/flavordb/molecules_json?id=5610'}	id_matching	PUBCHEM_COMPOUND:5610	rubbery
mf1485	flavordb	{'url': 'https://cosylab.iiitd.edu.in/flavordb/molecules_json?id=5610'}	id_matching	PUBCHEM_COMPOUND:5610	mild
mf1486	flavordb	{'url': 'https://cosylab.iiitd.edu.in/flavordb/molecules_json?id=11333'}	id_matching	PUBCHEM_COMPOUND:11333	sweet
mf1487	flavordb	{'url': 'https://cosylab.iiitd.edu.in/flavordb/molecules_json?id=3034683'}	id_matching	PUBCHEM_COMPOUND:3034683	bitter
mf1488	flavordb	{'url': 'https://cosylab.iiitd.edu.in/flavordb/molecules_json?id=998'}	id_matching	PUBCHEM_COMPOUND:998	floral
mf1489	flavordb	{'url': 'https://cosylab.iiitd.edu.in/flavordb/molecules_json?id=998'}	id_matching	PUBCHEM_COMPOUND:998	clover
mf1490	flavordb	{'url': 'https://cosylab.iiitd.edu.in/flavordb/molecules_json?id=998'}	id_matching	PUBCHEM_COMPOUND:998	sweet
mf1491	flavordb	{'url': 'https://cosylab.iiitd.edu.in/flavordb/molecules_json?id=998'}	id_matching	PUBCHEM_COMPOUND:998	green
mf1492	flavordb	{'url': 'https://cosylab.iiitd.edu.in/flavordb/molecules_json?id=998'}	id_matching	PUBCHEM_COMPOUND:998	grapefruit
mf1493	flavordb	{'url': 'https://cosylab.iiitd.edu.in/flavordb/molecules_json?id=998'}	id_matching	PUBCHEM_COMPOUND:998	peanut
mf1494	flavordb	{'url': 'https://cosylab.iiitd.edu.in/flavordb/molecules_json?id=998'}	id_matching	PUBCHEM_COMPOUND:998	hyacinth
mf1495	flavordb	{'url': 'https://cosylab.iiitd.edu.in/flavordb/molecules_json?id=998'}	id_matching	PUBCHEM_COMPOUND:998	bitter
mf1496	flavordb	{'url': 'https://cosylab.iiitd.edu.in/flavordb/molecules_json?id=998'}	id_matching	PUBCHEM_COMPOUND:998	cocoa
mf1497	flavordb	{'url': 'https://cosylab.iiitd.edu.in/flavordb/molecules_json?id=998'}	id_matching	PUBCHEM_COMPOUND:998	hawthorne
mf1498	flavordb	{'url': 'https://cosylab.iiitd.edu.in/flavordb/molecules_json?id=998'}	id_matching	PUBCHEM_COMPOUND:998	honey
mf1499	flavordb	{'url': 'https://cosylab.iiitd.edu.in/flavordb/molecules_json?id=64685'}	id_matching	PUBCHEM_COMPOUND:64685	pine
mf1500	flavordb	{'url': 'https://cosylab.iiitd.edu.in/flavordb/molecules_json?id=64685'}	id_matching	PUBCHEM_COMPOUND:64685	woody
mf1501	flavordb	{'url': 'https://cosylab.iiitd.edu.in/flavordb/molecules_json?id=64685'}	id_matching	PUBCHEM_COMPOUND:64685	piney, camphor-like odor
mf1502	flavordb	{'url': 'https://cosylab.iiitd.edu.in/flavordb/molecules_json?id=64685'}	id_matching	PUBCHEM_COMPOUND:64685	burning taste somewhat reminiscent of mint
mf1503	flavordb	{'url': 'https://cosylab.iiitd.edu.in/flavordb/molecules_json?id=64685'}	id_matching	PUBCHEM_COMPOUND:64685	camphor
mf1504	flavordb	{'url': 'https://cosylab.iiitd.edu.in/flavordb/molecules_json?id=6552009'}	id_matching	PUBCHEM_COMPOUND:6552009	pine
mf1505	flavordb	{'url': 'https://cosylab.iiitd.edu.in/flavordb/molecules_json?id=6552009'}	id_matching	PUBCHEM_COMPOUND:6552009	piney, camphor-like odor
mf1506	flavordb	{'url': 'https://cosylab.iiitd.edu.in/flavordb/molecules_json?id=6552009'}	id_matching	PUBCHEM_COMPOUND:6552009	earthy
mf1507	flavordb	{'url': 'https://cosylab.iiitd.edu.in/flavordb/molecules_json?id=6552009'}	id_matching	PUBCHEM_COMPOUND:6552009	burning taste somewhat reminiscent of mint
mf1508	flavordb	{'url': 'https://cosylab.iiitd.edu.in/flavordb/molecules_json?id=6552009'}	id_matching	PUBCHEM_COMPOUND:6552009	camphor
mf1509	flavordb	{'url': 'https://cosylab.iiitd.edu.in/flavordb/molecules_json?id=1201518'}	id_matching	PUBCHEM_COMPOUND:1201518	pine
mf1510	flavordb	{'url': 'https://cosylab.iiitd.edu.in/flavordb/molecules_json?id=1201518'}	id_matching	PUBCHEM_COMPOUND:1201518	woody
mf1511	flavordb	{'url': 'https://cosylab.iiitd.edu.in/flavordb/molecules_json?id=1201518'}	id_matching	PUBCHEM_COMPOUND:1201518	piney, camphor-like odor
mf1512	flavordb	{'url': 'https://cosylab.iiitd.edu.in/flavordb/molecules_json?id=1201518'}	id_matching	PUBCHEM_COMPOUND:1201518	burning taste somewhat reminiscent of mint
mf1513	flavordb	{'url': 'https://cosylab.iiitd.edu.in/flavordb/molecules_json?id=1201518'}	id_matching	PUBCHEM_COMPOUND:1201518	camphor
mf1514	flavordb	{'url': 'https://cosylab.iiitd.edu.in/flavordb/molecules_json?id=7360'}	id_matching	PUBCHEM_COMPOUND:7360	caramel
mf1515	flavordb	{'url': 'https://cosylab.iiitd.edu.in/flavordb/molecules_json?id=7360'}	id_matching	PUBCHEM_COMPOUND:7360	mild odor
mf1516	flavordb	{'url': 'https://cosylab.iiitd.edu.in/flavordb/molecules_json?id=7360'}	id_matching	PUBCHEM_COMPOUND:7360	vegetable
mf1517	flavordb	{'url': 'https://cosylab.iiitd.edu.in/flavordb/molecules_json?id=7360'}	id_matching	PUBCHEM_COMPOUND:7360	cauliflower
mf1518	flavordb	{'url': 'https://cosylab.iiitd.edu.in/flavordb/molecules_json?id=7360'}	id_matching	PUBCHEM_COMPOUND:7360	faint
mf1519	flavordb	{'url': 'https://cosylab.iiitd.edu.in/flavordb/molecules_json?id=7360'}	id_matching	PUBCHEM_COMPOUND:7360	oily
mf1520	flavordb	{'url': 'https://cosylab.iiitd.edu.in/flavordb/molecules_json?id=7360'}	id_matching	PUBCHEM_COMPOUND:7360	odorless
mf1521	flavordb	{'url': 'https://cosylab.iiitd.edu.in/flavordb/molecules_json?id=7360'}	id_matching	PUBCHEM_COMPOUND:7360	warm
mf1522	flavordb	{'url': 'https://cosylab.iiitd.edu.in/flavordb/molecules_json?id=2537'}	id_matching	PUBCHEM_COMPOUND:2537	fragrant and penetrating odor
mf1523	flavordb	{'url': 'https://cosylab.iiitd.edu.in/flavordb/molecules_json?id=2537'}	id_matching	PUBCHEM_COMPOUND:2537	penetrating aromatic odor
mf1524	flavordb	{'url': 'https://cosylab.iiitd.edu.in/flavordb/molecules_json?id=2537'}	id_matching	PUBCHEM_COMPOUND:2537	camphoreous
mf1525	flavordb	{'url': 'https://cosylab.iiitd.edu.in/flavordb/molecules_json?id=2537'}	id_matching	PUBCHEM_COMPOUND:2537	pungent aromatic taste
mf1526	flavordb	{'url': 'https://cosylab.iiitd.edu.in/flavordb/molecules_json?id=2537'}	id_matching	PUBCHEM_COMPOUND:2537	camphor
mf1527	flavordb	{'url': 'https://cosylab.iiitd.edu.in/flavordb/molecules_json?id=26049'}	id_matching	PUBCHEM_COMPOUND:26049	sweet
mf1528	flavordb	{'url': 'https://cosylab.iiitd.edu.in/flavordb/molecules_json?id=26049'}	id_matching	PUBCHEM_COMPOUND:26049	citrus
mf1529	flavordb	{'url': 'https://cosylab.iiitd.edu.in/flavordb/molecules_json?id=26049'}	id_matching	PUBCHEM_COMPOUND:26049	lemon
mf1530	flavordb	{'url': 'https://cosylab.iiitd.edu.in/flavordb/molecules_json?id=26049'}	id_matching	PUBCHEM_COMPOUND:26049	resin
mf1531	flavordb	{'url': 'https://cosylab.iiitd.edu.in/flavordb/molecules_json?id=10231'}	id_matching	PUBCHEM_COMPOUND:10231	wood
mf1532	flavordb	{'url': 'https://cosylab.iiitd.edu.in/flavordb/molecules_json?id=10231'}	id_matching	PUBCHEM_COMPOUND:10231	spice
mf1533	flavordb	{'url': 'https://cosylab.iiitd.edu.in/flavordb/molecules_json?id=10586'}	id_matching	PUBCHEM_COMPOUND:10586	floral
mf1534	flavordb	{'url': 'https://cosylab.iiitd.edu.in/flavordb/molecules_json?id=10586'}	id_matching	PUBCHEM_COMPOUND:10586	spice
mf1535	flavordb	{'url': 'https://cosylab.iiitd.edu.in/flavordb/molecules_json?id=10586'}	id_matching	PUBCHEM_COMPOUND:10586	peppery
mf1536	flavordb	{'url': 'https://cosylab.iiitd.edu.in/flavordb/molecules_json?id=10586'}	id_matching	PUBCHEM_COMPOUND:10586	flower
mf1537	flavordb	{'url': 'https://cosylab.iiitd.edu.in/flavordb/molecules_json?id=10586'}	id_matching	PUBCHEM_COMPOUND:10586	mild
mf1538	flavordb	{'url': 'https://cosylab.iiitd.edu.in/flavordb/molecules_json?id=442343'}	id_matching	PUBCHEM_COMPOUND:442343	fruity
mf1539	flavordb	{'url': 'https://cosylab.iiitd.edu.in/flavordb/molecules_json?id=442343'}	id_matching	PUBCHEM_COMPOUND:442343	coconut
mf1540	flavordb	{'url': 'https://cosylab.iiitd.edu.in/flavordb/molecules_json?id=442343'}	id_matching	PUBCHEM_COMPOUND:442343	herb
mf1541	flavordb	{'url': 'https://cosylab.iiitd.edu.in/flavordb/molecules_json?id=442343'}	id_matching	PUBCHEM_COMPOUND:442343	nutty
mf1542	flavordb	{'url': 'https://cosylab.iiitd.edu.in/flavordb/molecules_json?id=65064'}	id_matching	PUBCHEM_COMPOUND:65064	bitter
mf1543	flavordb	{'url': 'https://cosylab.iiitd.edu.in/flavordb/molecules_json?id=6436239'}	id_matching	PUBCHEM_COMPOUND:6436239	bitter
mf1544	flavordb	{'url': 'https://cosylab.iiitd.edu.in/flavordb/molecules_json?id=439195'}	id_matching	PUBCHEM_COMPOUND:439195	sweet
mf1545	flavordb	{'url': 'https://cosylab.iiitd.edu.in/flavordb/molecules_json?id=27866'}	id_matching	PUBCHEM_COMPOUND:27866	green
mf1546	flavordb	{'url': 'https://cosylab.iiitd.edu.in/flavordb/molecules_json?id=27866'}	id_matching	PUBCHEM_COMPOUND:27866	red rose
mf1547	flavordb	{'url': 'https://cosylab.iiitd.edu.in/flavordb/molecules_json?id=27866'}	id_matching	PUBCHEM_COMPOUND:27866	fresh
mf1548	flavordb	{'url': 'https://cosylab.iiitd.edu.in/flavordb/molecules_json?id=27866'}	id_matching	PUBCHEM_COMPOUND:27866	geranium
mf1549	flavordb	{'url': 'https://cosylab.iiitd.edu.in/flavordb/molecules_json?id=27866'}	id_matching	PUBCHEM_COMPOUND:27866	spicy
mf1550	flavordb	{'url': 'https://cosylab.iiitd.edu.in/flavordb/molecules_json?id=643820'}	id_matching	PUBCHEM_COMPOUND:643820	sweet
mf1551	flavordb	{'url': 'https://cosylab.iiitd.edu.in/flavordb/molecules_json?id=643820'}	id_matching	PUBCHEM_COMPOUND:643820	neroli
mf1552	flavordb	{'url': 'https://cosylab.iiitd.edu.in/flavordb/molecules_json?id=643820'}	id_matching	PUBCHEM_COMPOUND:643820	bitter
mf1553	flavordb	{'url': 'https://cosylab.iiitd.edu.in/flavordb/molecules_json?id=643820'}	id_matching	PUBCHEM_COMPOUND:643820	citrus
mf1554	flavordb	{'url': 'https://cosylab.iiitd.edu.in/flavordb/molecules_json?id=643820'}	id_matching	PUBCHEM_COMPOUND:643820	"the odor of pure nerol is sweet, rosy refreshing and ""wet"" seashore"
mf1555	flavordb	{'url': 'https://cosylab.iiitd.edu.in/flavordb/molecules_json?id=643820'}	id_matching	PUBCHEM_COMPOUND:643820	bitter flavor
mf1556	flavordb	{'url': 'https://cosylab.iiitd.edu.in/flavordb/molecules_json?id=643820'}	id_matching	PUBCHEM_COMPOUND:643820	magnolia
mf1557	flavordb	{'url': 'https://cosylab.iiitd.edu.in/flavordb/molecules_json?id=643820'}	id_matching	PUBCHEM_COMPOUND:643820	natural
mf1558	flavordb	{'url': 'https://cosylab.iiitd.edu.in/flavordb/molecules_json?id=643820'}	id_matching	PUBCHEM_COMPOUND:643820	fresh, citrus, floral, green, sweet, lemon/lime and waxy with a spicy depth
mf1559	flavordb	{'url': 'https://cosylab.iiitd.edu.in/flavordb/molecules_json?id=643820'}	id_matching	PUBCHEM_COMPOUND:643820	sweet rose
mf1560	flavordb	{'url': 'https://cosylab.iiitd.edu.in/flavordb/molecules_json?id=12232'}	id_matching	PUBCHEM_COMPOUND:12232	diffuse, intense onion odor
mf1561	flavordb	{'url': 'https://cosylab.iiitd.edu.in/flavordb/molecules_json?id=12232'}	id_matching	PUBCHEM_COMPOUND:12232	onion
mf1562	flavordb	{'url': 'https://cosylab.iiitd.edu.in/flavordb/molecules_json?id=12232'}	id_matching	PUBCHEM_COMPOUND:12232	putrid
mf1563	flavordb	{'url': 'https://cosylab.iiitd.edu.in/flavordb/molecules_json?id=12232'}	id_matching	PUBCHEM_COMPOUND:12232	garlic-like
mf1564	flavordb	{'url': 'https://cosylab.iiitd.edu.in/flavordb/molecules_json?id=12232'}	id_matching	PUBCHEM_COMPOUND:12232	sulfurous
mf1565	flavordb	{'url': 'https://cosylab.iiitd.edu.in/flavordb/molecules_json?id=12232'}	id_matching	PUBCHEM_COMPOUND:12232	floral
mf1566	flavordb	{'url': 'https://cosylab.iiitd.edu.in/flavordb/molecules_json?id=12232'}	id_matching	PUBCHEM_COMPOUND:12232	green
mf1567	flavordb	{'url': 'https://cosylab.iiitd.edu.in/flavordb/molecules_json?id=12232'}	id_matching	PUBCHEM_COMPOUND:12232	herbaceous
mf1568	flavordb	{'url': 'https://cosylab.iiitd.edu.in/flavordb/molecules_json?id=12232'}	id_matching	PUBCHEM_COMPOUND:12232	fruity
mf1569	flavordb	{'url': 'https://cosylab.iiitd.edu.in/flavordb/molecules_json?id=12232'}	id_matching	PUBCHEM_COMPOUND:12232	citrus
mf1570	flavordb	{'url': 'https://cosylab.iiitd.edu.in/flavordb/molecules_json?id=12232'}	id_matching	PUBCHEM_COMPOUND:12232	cabbage
mf1571	flavordb	{'url': 'https://cosylab.iiitd.edu.in/flavordb/molecules_json?id=12232'}	id_matching	PUBCHEM_COMPOUND:12232	meaty
mf1572	flavordb	{'url': 'https://cosylab.iiitd.edu.in/flavordb/molecules_json?id=12232'}	id_matching	PUBCHEM_COMPOUND:12232	fatty
mf1573	flavordb	{'url': 'https://cosylab.iiitd.edu.in/flavordb/molecules_json?id=12232'}	id_matching	PUBCHEM_COMPOUND:12232	wine_like
mf1574	flavordb	{'url': 'https://cosylab.iiitd.edu.in/flavordb/molecules_json?id=12232'}	id_matching	PUBCHEM_COMPOUND:12232	spicy
mf1575	flavordb	{'url': 'https://cosylab.iiitd.edu.in/flavordb/molecules_json?id=12232'}	id_matching	PUBCHEM_COMPOUND:12232	vegetable
mf1576	flavordb	{'url': 'https://cosylab.iiitd.edu.in/flavordb/molecules_json?id=12232'}	id_matching	PUBCHEM_COMPOUND:12232	woody
mf1577	flavordb	{'url': 'https://cosylab.iiitd.edu.in/flavordb/molecules_json?id=12232'}	id_matching	PUBCHEM_COMPOUND:12232	earthy
mf1578	flavordb	{'url': 'https://cosylab.iiitd.edu.in/flavordb/molecules_json?id=12232'}	id_matching	PUBCHEM_COMPOUND:12232	nutty
mf1579	flavordb	{'url': 'https://cosylab.iiitd.edu.in/flavordb/molecules_json?id=24268'}	id_matching	PUBCHEM_COMPOUND:24268	saline, slightly bitter taste
mf1580	flavordb	{'url': 'https://cosylab.iiitd.edu.in/flavordb/molecules_json?id=24268'}	id_matching	PUBCHEM_COMPOUND:24268	odorless
mf1581	flavordb	{'url': 'https://cosylab.iiitd.edu.in/flavordb/molecules_json?id=3776'}	id_matching	PUBCHEM_COMPOUND:3776	woody
mf1582	flavordb	{'url': 'https://cosylab.iiitd.edu.in/flavordb/molecules_json?id=3776'}	id_matching	PUBCHEM_COMPOUND:3776	bitter
mf1583	flavordb	{'url': 'https://cosylab.iiitd.edu.in/flavordb/molecules_json?id=3776'}	id_matching	PUBCHEM_COMPOUND:3776	odor of rubbing alcohol
mf1584	flavordb	{'url': 'https://cosylab.iiitd.edu.in/flavordb/molecules_json?id=3776'}	id_matching	PUBCHEM_COMPOUND:3776	burning taste
mf1585	flavordb	{'url': 'https://cosylab.iiitd.edu.in/flavordb/molecules_json?id=3776'}	id_matching	PUBCHEM_COMPOUND:3776	musty
mf1586	flavordb	{'url': 'https://cosylab.iiitd.edu.in/flavordb/molecules_json?id=3776'}	id_matching	PUBCHEM_COMPOUND:3776	alcohol
mf1587	flavordb	{'url': 'https://cosylab.iiitd.edu.in/flavordb/molecules_json?id=3776'}	id_matching	PUBCHEM_COMPOUND:3776	pleasant odor
mf1588	flavordb	{'url': 'https://cosylab.iiitd.edu.in/flavordb/molecules_json?id=3776'}	id_matching	PUBCHEM_COMPOUND:3776	slight odor resembling that of a mixture of ethanol and acetone
mf1589	flavordb	{'url': 'https://cosylab.iiitd.edu.in/flavordb/molecules_json?id=3776'}	id_matching	PUBCHEM_COMPOUND:3776	slightly bitter taste
mf1590	flavordb	{'url': 'https://cosylab.iiitd.edu.in/flavordb/molecules_json?id=31264'}	id_matching	PUBCHEM_COMPOUND:31264	sweet
mf1591	flavordb	{'url': 'https://cosylab.iiitd.edu.in/flavordb/molecules_json?id=31264'}	id_matching	PUBCHEM_COMPOUND:31264	characteristic aromatic odor
mf1592	flavordb	{'url': 'https://cosylab.iiitd.edu.in/flavordb/molecules_json?id=31264'}	id_matching	PUBCHEM_COMPOUND:31264	disagreeable taste
mf1593	flavordb	{'url': 'https://cosylab.iiitd.edu.in/flavordb/molecules_json?id=31264'}	id_matching	PUBCHEM_COMPOUND:31264	aromatic
mf1594	flavordb	{'url': 'https://cosylab.iiitd.edu.in/flavordb/molecules_json?id=31264'}	id_matching	PUBCHEM_COMPOUND:31264	burning taste
mf1595	flavordb	{'url': 'https://cosylab.iiitd.edu.in/flavordb/molecules_json?id=31264'}	id_matching	PUBCHEM_COMPOUND:31264	agreeable odor
mf1596	flavordb	{'url': 'https://cosylab.iiitd.edu.in/flavordb/molecules_json?id=5281222'}	id_matching	PUBCHEM_COMPOUND:5281222	bitter
mf1597	flavordb	{'url': 'https://cosylab.iiitd.edu.in/flavordb/molecules_json?id=1001'}	id_matching	PUBCHEM_COMPOUND:1001	fishy
mf1598	flavordb	{'url': 'https://cosylab.iiitd.edu.in/flavordb/molecules_json?id=1001'}	id_matching	PUBCHEM_COMPOUND:1001	fishy odor
mf1599	flavordb	{'url': 'https://cosylab.iiitd.edu.in/flavordb/molecules_json?id=1001'}	id_matching	PUBCHEM_COMPOUND:1001	ammoniacal
mf1600	flavordb	{'url': 'https://cosylab.iiitd.edu.in/flavordb/molecules_json?id=79023'}	id_matching	PUBCHEM_COMPOUND:79023	minty
mf1601	flavordb	{'url': 'https://cosylab.iiitd.edu.in/flavordb/molecules_json?id=79023'}	id_matching	PUBCHEM_COMPOUND:79023	leaves
mf1602	flavordb	{'url': 'https://cosylab.iiitd.edu.in/flavordb/molecules_json?id=79023'}	id_matching	PUBCHEM_COMPOUND:79023	buchu
mf1603	flavordb	{'url': 'https://cosylab.iiitd.edu.in/flavordb/molecules_json?id=79023'}	id_matching	PUBCHEM_COMPOUND:79023	blackcurrant
mf1604	flavordb	{'url': 'https://cosylab.iiitd.edu.in/flavordb/molecules_json?id=7461'}	id_matching	PUBCHEM_COMPOUND:7461	terpene
mf1605	flavordb	{'url': 'https://cosylab.iiitd.edu.in/flavordb/molecules_json?id=7461'}	id_matching	PUBCHEM_COMPOUND:7461	woody
mf1606	flavordb	{'url': 'https://cosylab.iiitd.edu.in/flavordb/molecules_json?id=7461'}	id_matching	PUBCHEM_COMPOUND:7461	bitter
mf1607	flavordb	{'url': 'https://cosylab.iiitd.edu.in/flavordb/molecules_json?id=7461'}	id_matching	PUBCHEM_COMPOUND:7461	gasoline
mf1608	flavordb	{'url': 'https://cosylab.iiitd.edu.in/flavordb/molecules_json?id=7461'}	id_matching	PUBCHEM_COMPOUND:7461	lemon
mf1609	flavordb	{'url': 'https://cosylab.iiitd.edu.in/flavordb/molecules_json?id=7461'}	id_matching	PUBCHEM_COMPOUND:7461	herbal
mf1610	flavordb	{'url': 'https://cosylab.iiitd.edu.in/flavordb/molecules_json?id=7461'}	id_matching	PUBCHEM_COMPOUND:7461	lime
mf1611	flavordb	{'url': 'https://cosylab.iiitd.edu.in/flavordb/molecules_json?id=7461'}	id_matching	PUBCHEM_COMPOUND:7461	turpentine
mf1612	flavordb	{'url': 'https://cosylab.iiitd.edu.in/flavordb/molecules_json?id=7461'}	id_matching	PUBCHEM_COMPOUND:7461	tropical
mf1613	flavordb	{'url': 'https://cosylab.iiitd.edu.in/flavordb/molecules_json?id=7461'}	id_matching	PUBCHEM_COMPOUND:7461	oily
mf1614	flavordb	{'url': 'https://cosylab.iiitd.edu.in/flavordb/molecules_json?id=517055'}	id_matching	PUBCHEM_COMPOUND:517055	bitter
mf1615	flavordb	{'url': 'https://cosylab.iiitd.edu.in/flavordb/molecules_json?id=517055'}	id_matching	PUBCHEM_COMPOUND:517055	unpleasant, sweetish, saline taste
mf1616	flavordb	{'url': 'https://cosylab.iiitd.edu.in/flavordb/molecules_json?id=517055'}	id_matching	PUBCHEM_COMPOUND:517055	sweetish, astringent taste
mf1617	flavordb	{'url': 'https://cosylab.iiitd.edu.in/flavordb/molecules_json?id=517055'}	id_matching	PUBCHEM_COMPOUND:517055	odorless
mf1618	flavordb	{'url': 'https://cosylab.iiitd.edu.in/flavordb/molecules_json?id=64689'}	id_matching	PUBCHEM_COMPOUND:64689	sweet
mf1619	flavordb	{'url': 'https://cosylab.iiitd.edu.in/flavordb/molecules_json?id=111037'}	id_matching	PUBCHEM_COMPOUND:111037	sweet
mf1620	flavordb	{'url': 'https://cosylab.iiitd.edu.in/flavordb/molecules_json?id=111037'}	id_matching	PUBCHEM_COMPOUND:111037	wax
mf1621	flavordb	{'url': 'https://cosylab.iiitd.edu.in/flavordb/molecules_json?id=111037'}	id_matching	PUBCHEM_COMPOUND:111037	pine
mf1622	flavordb	{'url': 'https://cosylab.iiitd.edu.in/flavordb/molecules_json?id=111037'}	id_matching	PUBCHEM_COMPOUND:111037	citrus
mf1623	flavordb	{'url': 'https://cosylab.iiitd.edu.in/flavordb/molecules_json?id=111037'}	id_matching	PUBCHEM_COMPOUND:111037	lavender
mf1624	flavordb	{'url': 'https://cosylab.iiitd.edu.in/flavordb/molecules_json?id=111037'}	id_matching	PUBCHEM_COMPOUND:111037	herbal
mf1625	flavordb	{'url': 'https://cosylab.iiitd.edu.in/flavordb/molecules_json?id=111037'}	id_matching	PUBCHEM_COMPOUND:111037	lime
mf1626	flavordb	{'url': 'https://cosylab.iiitd.edu.in/flavordb/molecules_json?id=111037'}	id_matching	PUBCHEM_COMPOUND:111037	bergamot
mf1627	flavordb	{'url': 'https://cosylab.iiitd.edu.in/flavordb/molecules_json?id=5281697'}	id_matching	PUBCHEM_COMPOUND:5281697	bitter
mf1628	flavordb	{'url': 'https://cosylab.iiitd.edu.in/flavordb/molecules_json?id=5280637'}	id_matching	PUBCHEM_COMPOUND:5280637	sweet-like
mf1629	flavordb	{'url': 'https://cosylab.iiitd.edu.in/flavordb/molecules_json?id=19310'}	id_matching	PUBCHEM_COMPOUND:19310	sulfur
mf1630	flavordb	{'url': 'https://cosylab.iiitd.edu.in/flavordb/molecules_json?id=19310'}	id_matching	PUBCHEM_COMPOUND:19310	meaty
mf1631	flavordb	{'url': 'https://cosylab.iiitd.edu.in/flavordb/molecules_json?id=19310'}	id_matching	PUBCHEM_COMPOUND:19310	onion
mf1632	flavordb	{'url': 'https://cosylab.iiitd.edu.in/flavordb/molecules_json?id=19310'}	id_matching	PUBCHEM_COMPOUND:19310	cooked
mf1633	flavordb	{'url': 'https://cosylab.iiitd.edu.in/flavordb/molecules_json?id=19310'}	id_matching	PUBCHEM_COMPOUND:19310	fish
mf1634	flavordb	{'url': 'https://cosylab.iiitd.edu.in/flavordb/molecules_json?id=19310'}	id_matching	PUBCHEM_COMPOUND:19310	cabbage
mf1635	flavordb	{'url': 'https://cosylab.iiitd.edu.in/flavordb/molecules_json?id=19310'}	id_matching	PUBCHEM_COMPOUND:19310	sulfurous
mf1636	flavordb	{'url': 'https://cosylab.iiitd.edu.in/flavordb/molecules_json?id=19310'}	id_matching	PUBCHEM_COMPOUND:19310	savory
mf1637	flavordb	{'url': 'https://cosylab.iiitd.edu.in/flavordb/molecules_json?id=6083'}	id_matching	PUBCHEM_COMPOUND:6083	sweet
mf1638	flavordb	{'url': 'https://cosylab.iiitd.edu.in/flavordb/molecules_json?id=5281167'}	id_matching	PUBCHEM_COMPOUND:5281167	leafy
mf1639	flavordb	{'url': 'https://cosylab.iiitd.edu.in/flavordb/molecules_json?id=5281167'}	id_matching	PUBCHEM_COMPOUND:5281167	oily
mf1640	flavordb	{'url': 'https://cosylab.iiitd.edu.in/flavordb/molecules_json?id=5281167'}	id_matching	PUBCHEM_COMPOUND:5281167	green
mf1641	flavordb	{'url': 'https://cosylab.iiitd.edu.in/flavordb/molecules_json?id=5281167'}	id_matching	PUBCHEM_COMPOUND:5281167	fresh, green, raw fruity with a pungent depth
mf1642	flavordb	{'url': 'https://cosylab.iiitd.edu.in/flavordb/molecules_json?id=5281167'}	id_matching	PUBCHEM_COMPOUND:5281167	strong odor resembling that of isoamyl alcohol, approaching the odor of green leaves when highly dilute
mf1643	flavordb	{'url': 'https://cosylab.iiitd.edu.in/flavordb/molecules_json?id=5281167'}	id_matching	PUBCHEM_COMPOUND:5281167	herbal
mf1644	flavordb	{'url': 'https://cosylab.iiitd.edu.in/flavordb/molecules_json?id=5281167'}	id_matching	PUBCHEM_COMPOUND:5281167	fresh
mf1645	flavordb	{'url': 'https://cosylab.iiitd.edu.in/flavordb/molecules_json?id=5281167'}	id_matching	PUBCHEM_COMPOUND:5281167	cut grass
mf1646	flavordb	{'url': 'https://cosylab.iiitd.edu.in/flavordb/molecules_json?id=5281167'}	id_matching	PUBCHEM_COMPOUND:5281167	powerful grassy-green odor
mf1647	flavordb	{'url': 'https://cosylab.iiitd.edu.in/flavordb/molecules_json?id=5281167'}	id_matching	PUBCHEM_COMPOUND:5281167	green, grassy, melon rind-like with a pungent freshness
mf1648	flavordb	{'url': 'https://cosylab.iiitd.edu.in/flavordb/molecules_json?id=5281167'}	id_matching	PUBCHEM_COMPOUND:5281167	foliage
mf1649	flavordb	{'url': 'https://cosylab.iiitd.edu.in/flavordb/molecules_json?id=5281167'}	id_matching	PUBCHEM_COMPOUND:5281167	vegetable
mf1650	flavordb	{'url': 'https://cosylab.iiitd.edu.in/flavordb/molecules_json?id=5281167'}	id_matching	PUBCHEM_COMPOUND:5281167	characteristic odor of freshly cut grass
mf1651	flavordb	{'url': 'https://cosylab.iiitd.edu.in/flavordb/molecules_json?id=5281167'}	id_matching	PUBCHEM_COMPOUND:5281167	grass
mf1652	flavordb	{'url': 'https://cosylab.iiitd.edu.in/flavordb/molecules_json?id=439533'}	id_matching	PUBCHEM_COMPOUND:439533	bitter
mf1653	flavordb	{'url': 'https://cosylab.iiitd.edu.in/flavordb/molecules_json?id=439570'}	id_matching	PUBCHEM_COMPOUND:439570	mint
mf1654	flavordb	{'url': 'https://cosylab.iiitd.edu.in/flavordb/molecules_json?id=439570'}	id_matching	PUBCHEM_COMPOUND:439570	sweet
mf1655	flavordb	{'url': 'https://cosylab.iiitd.edu.in/flavordb/molecules_json?id=439570'}	id_matching	PUBCHEM_COMPOUND:439570	herbal
mf1656	flavordb	{'url': 'https://cosylab.iiitd.edu.in/flavordb/molecules_json?id=439570'}	id_matching	PUBCHEM_COMPOUND:439570	minty
mf1657	flavordb	{'url': 'https://cosylab.iiitd.edu.in/flavordb/molecules_json?id=439570'}	id_matching	PUBCHEM_COMPOUND:439570	spearmint
mf1658	flavordb	{'url': 'https://cosylab.iiitd.edu.in/flavordb/molecules_json?id=34286'}	id_matching	PUBCHEM_COMPOUND:34286	sulfury
mf1659	flavordb	{'url': 'https://cosylab.iiitd.edu.in/flavordb/molecules_json?id=34286'}	id_matching	PUBCHEM_COMPOUND:34286	meaty
mf1660	flavordb	{'url': 'https://cosylab.iiitd.edu.in/flavordb/molecules_json?id=34286'}	id_matching	PUBCHEM_COMPOUND:34286	meat
mf1661	flavordb	{'url': 'https://cosylab.iiitd.edu.in/flavordb/molecules_json?id=34286'}	id_matching	PUBCHEM_COMPOUND:34286	coconut
mf1662	flavordb	{'url': 'https://cosylab.iiitd.edu.in/flavordb/molecules_json?id=34286'}	id_matching	PUBCHEM_COMPOUND:34286	fishy
mf1663	flavordb	{'url': 'https://cosylab.iiitd.edu.in/flavordb/molecules_json?id=34286'}	id_matching	PUBCHEM_COMPOUND:34286	metallic
mf1664	flavordb	{'url': 'https://cosylab.iiitd.edu.in/flavordb/molecules_json?id=439709'}	id_matching	PUBCHEM_COMPOUND:439709	sweet
mf1665	flavordb	{'url': 'https://cosylab.iiitd.edu.in/flavordb/molecules_json?id=439709'}	id_matching	PUBCHEM_COMPOUND:439709	odorless
mf1666	flavordb	{'url': 'https://cosylab.iiitd.edu.in/flavordb/molecules_json?id=8158'}	id_matching	PUBCHEM_COMPOUND:8158	green
mf1667	flavordb	{'url': 'https://cosylab.iiitd.edu.in/flavordb/molecules_json?id=8158'}	id_matching	PUBCHEM_COMPOUND:8158	cultured dairy
mf1668	flavordb	{'url': 'https://cosylab.iiitd.edu.in/flavordb/molecules_json?id=8158'}	id_matching	PUBCHEM_COMPOUND:8158	fat
mf1669	flavordb	{'url': 'https://cosylab.iiitd.edu.in/flavordb/molecules_json?id=8158'}	id_matching	PUBCHEM_COMPOUND:8158	waxy
mf1670	flavordb	{'url': 'https://cosylab.iiitd.edu.in/flavordb/molecules_json?id=8158'}	id_matching	PUBCHEM_COMPOUND:8158	coconut aroma
mf1671	flavordb	{'url': 'https://cosylab.iiitd.edu.in/flavordb/molecules_json?id=8158'}	id_matching	PUBCHEM_COMPOUND:8158	dirty
mf1672	flavordb	{'url': 'https://cosylab.iiitd.edu.in/flavordb/molecules_json?id=8158'}	id_matching	PUBCHEM_COMPOUND:8158	fatty odor
mf1673	flavordb	{'url': 'https://cosylab.iiitd.edu.in/flavordb/molecules_json?id=8158'}	id_matching	PUBCHEM_COMPOUND:8158	excellent coconut taste
mf1674	flavordb	{'url': 'https://cosylab.iiitd.edu.in/flavordb/molecules_json?id=8158'}	id_matching	PUBCHEM_COMPOUND:8158	cheese
mf1675	flavordb	{'url': 'https://cosylab.iiitd.edu.in/flavordb/molecules_json?id=8158'}	id_matching	PUBCHEM_COMPOUND:8158	slight odor
mf1676	flavordb	{'url': 'https://cosylab.iiitd.edu.in/flavordb/molecules_json?id=8158'}	id_matching	PUBCHEM_COMPOUND:8158	unpleasant taste
mf1677	flavordb	{'url': 'https://cosylab.iiitd.edu.in/flavordb/molecules_json?id=6987'}	id_matching	PUBCHEM_COMPOUND:6987	mint
mf1678	flavordb	{'url': 'https://cosylab.iiitd.edu.in/flavordb/molecules_json?id=6987'}	id_matching	PUBCHEM_COMPOUND:6987	sweet
mf1679	flavordb	{'url': 'https://cosylab.iiitd.edu.in/flavordb/molecules_json?id=6987'}	id_matching	PUBCHEM_COMPOUND:6987	medicinal
mf1680	flavordb	{'url': 'https://cosylab.iiitd.edu.in/flavordb/molecules_json?id=6987'}	id_matching	PUBCHEM_COMPOUND:6987	herbal
mf1681	flavordb	{'url': 'https://cosylab.iiitd.edu.in/flavordb/molecules_json?id=6987'}	id_matching	PUBCHEM_COMPOUND:6987	fresh
mf1682	flavordb	{'url': 'https://cosylab.iiitd.edu.in/flavordb/molecules_json?id=6987'}	id_matching	PUBCHEM_COMPOUND:6987	minty
mf1683	flavordb	{'url': 'https://cosylab.iiitd.edu.in/flavordb/molecules_json?id=6987'}	id_matching	PUBCHEM_COMPOUND:6987	fruit
mf1684	flavordb	{'url': 'https://cosylab.iiitd.edu.in/flavordb/molecules_json?id=6987'}	id_matching	PUBCHEM_COMPOUND:6987	camphor
mf1685	flavordb	{'url': 'https://cosylab.iiitd.edu.in/flavordb/molecules_json?id=643779'}	id_matching	PUBCHEM_COMPOUND:643779	sweet
mf1686	flavordb	{'url': 'https://cosylab.iiitd.edu.in/flavordb/molecules_json?id=643779'}	id_matching	PUBCHEM_COMPOUND:643779	taste threshold values: detection: 28 to 120 ppb
mf1687	flavordb	{'url': 'https://cosylab.iiitd.edu.in/flavordb/molecules_json?id=643779'}	id_matching	PUBCHEM_COMPOUND:643779	strong lemon odor
mf1688	flavordb	{'url': 'https://cosylab.iiitd.edu.in/flavordb/molecules_json?id=643779'}	id_matching	PUBCHEM_COMPOUND:643779	lemon peel
mf1689	flavordb	{'url': 'https://cosylab.iiitd.edu.in/flavordb/molecules_json?id=643779'}	id_matching	PUBCHEM_COMPOUND:643779	lemon
mf1690	flavordb	{'url': 'https://cosylab.iiitd.edu.in/flavordb/molecules_json?id=643779'}	id_matching	PUBCHEM_COMPOUND:643779	citral
mf1691	flavordb	{'url': 'https://cosylab.iiitd.edu.in/flavordb/molecules_json?id=643779'}	id_matching	PUBCHEM_COMPOUND:643779	alpha-citral, 32 to 460 ppb
mf1692	flavordb	{'url': 'https://cosylab.iiitd.edu.in/flavordb/molecules_json?id=643779'}	id_matching	PUBCHEM_COMPOUND:643779	characteristic bittersweet
mf1693	flavordb	{'url': 'https://cosylab.iiitd.edu.in/flavordb/molecules_json?id=643779'}	id_matching	PUBCHEM_COMPOUND:643779	beta-citral, 30 to 460 ppb.
mf1694	flavordb	{'url': 'https://cosylab.iiitd.edu.in/flavordb/molecules_json?id=244'}	id_matching	PUBCHEM_COMPOUND:244	floral
mf1695	flavordb	{'url': 'https://cosylab.iiitd.edu.in/flavordb/molecules_json?id=244'}	id_matching	PUBCHEM_COMPOUND:244	sweet
mf1696	flavordb	{'url': 'https://cosylab.iiitd.edu.in/flavordb/molecules_json?id=244'}	id_matching	PUBCHEM_COMPOUND:244	grapefruit
mf1697	flavordb	{'url': 'https://cosylab.iiitd.edu.in/flavordb/molecules_json?id=244'}	id_matching	PUBCHEM_COMPOUND:244	rose
mf1698	flavordb	{'url': 'https://cosylab.iiitd.edu.in/flavordb/molecules_json?id=244'}	id_matching	PUBCHEM_COMPOUND:244	walnut
mf1699	flavordb	{'url': 'https://cosylab.iiitd.edu.in/flavordb/molecules_json?id=244'}	id_matching	PUBCHEM_COMPOUND:244	berry
mf1700	flavordb	{'url': 'https://cosylab.iiitd.edu.in/flavordb/molecules_json?id=244'}	id_matching	PUBCHEM_COMPOUND:244	sharp burning taste
mf1701	flavordb	{'url': 'https://cosylab.iiitd.edu.in/flavordb/molecules_json?id=244'}	id_matching	PUBCHEM_COMPOUND:244	phenolic
mf1702	flavordb	{'url': 'https://cosylab.iiitd.edu.in/flavordb/molecules_json?id=244'}	id_matching	PUBCHEM_COMPOUND:244	balsamic
mf1703	flavordb	{'url': 'https://cosylab.iiitd.edu.in/flavordb/molecules_json?id=244'}	id_matching	PUBCHEM_COMPOUND:244	flower
mf1704	flavordb	{'url': 'https://cosylab.iiitd.edu.in/flavordb/molecules_json?id=244'}	id_matching	PUBCHEM_COMPOUND:244	faint aromatic odor
mf1705	flavordb	{'url': 'https://cosylab.iiitd.edu.in/flavordb/molecules_json?id=244'}	id_matching	PUBCHEM_COMPOUND:244	cherry
mf1706	flavordb	{'url': 'https://cosylab.iiitd.edu.in/flavordb/molecules_json?id=5282108'}	id_matching	PUBCHEM_COMPOUND:5282108	floral
mf1707	flavordb	{'url': 'https://cosylab.iiitd.edu.in/flavordb/molecules_json?id=5282108'}	id_matching	PUBCHEM_COMPOUND:5282108	sweet
mf1708	flavordb	{'url': 'https://cosylab.iiitd.edu.in/flavordb/molecules_json?id=5282108'}	id_matching	PUBCHEM_COMPOUND:5282108	woody
mf1709	flavordb	{'url': 'https://cosylab.iiitd.edu.in/flavordb/molecules_json?id=5282108'}	id_matching	PUBCHEM_COMPOUND:5282108	fruity
mf1710	flavordb	{'url': 'https://cosylab.iiitd.edu.in/flavordb/molecules_json?id=5282108'}	id_matching	PUBCHEM_COMPOUND:5282108	violet
mf1711	flavordb	{'url': 'https://cosylab.iiitd.edu.in/flavordb/molecules_json?id=5282108'}	id_matching	PUBCHEM_COMPOUND:5282108	sweet-floral odor, reminiscent of violets
mf1712	flavordb	{'url': 'https://cosylab.iiitd.edu.in/flavordb/molecules_json?id=5282108'}	id_matching	PUBCHEM_COMPOUND:5282108	woody, floral, berry, fruity with powdery nuances
mf1713	flavordb	{'url': 'https://cosylab.iiitd.edu.in/flavordb/molecules_json?id=5282108'}	id_matching	PUBCHEM_COMPOUND:5282108	tropical
mf1714	flavordb	{'url': 'https://cosylab.iiitd.edu.in/flavordb/molecules_json?id=5282108'}	id_matching	PUBCHEM_COMPOUND:5282108	orris
mf1715	flavordb	{'url': 'https://cosylab.iiitd.edu.in/flavordb/molecules_json?id=5282108'}	id_matching	PUBCHEM_COMPOUND:5282108	wood
mf1716	flavordb	{'url': 'https://cosylab.iiitd.edu.in/flavordb/molecules_json?id=5282108'}	id_matching	PUBCHEM_COMPOUND:5282108	it has a warm, woody, floral odor with balsamic and sweet tones and is strongly reminiscent of violet flowers.
mf1717	flavordb	{'url': 'https://cosylab.iiitd.edu.in/flavordb/molecules_json?id=5282108'}	id_matching	PUBCHEM_COMPOUND:5282108	raspberry
mf1718	flavordb	{'url': 'https://cosylab.iiitd.edu.in/flavordb/molecules_json?id=6419706'}	id_matching	PUBCHEM_COMPOUND:6419706	sweet
mf1719	flavordb	{'url': 'https://cosylab.iiitd.edu.in/flavordb/molecules_json?id=4680'}	id_matching	PUBCHEM_COMPOUND:4680	bitter
mf1720	flavordb	{'url': 'https://cosylab.iiitd.edu.in/flavordb/molecules_json?id=176'}	id_matching	PUBCHEM_COMPOUND:176	sour
mf1721	flavordb	{'url': 'https://cosylab.iiitd.edu.in/flavordb/molecules_json?id=176'}	id_matching	PUBCHEM_COMPOUND:176	vinegar
mf1722	flavordb	{'url': 'https://cosylab.iiitd.edu.in/flavordb/molecules_json?id=176'}	id_matching	PUBCHEM_COMPOUND:176	sharp
mf1723	flavordb	{'url': 'https://cosylab.iiitd.edu.in/flavordb/molecules_json?id=176'}	id_matching	PUBCHEM_COMPOUND:176	pungent
mf1724	flavordb	{'url': 'https://cosylab.iiitd.edu.in/flavordb/molecules_json?id=176'}	id_matching	PUBCHEM_COMPOUND:176	sour, vinegar-like odor
mf1725	flavordb	{'url': 'https://cosylab.iiitd.edu.in/flavordb/molecules_json?id=176'}	id_matching	PUBCHEM_COMPOUND:176	burning taste
mf1726	flavordb	{'url': 'https://cosylab.iiitd.edu.in/flavordb/molecules_json?id=441071'}	id_matching	PUBCHEM_COMPOUND:441071	odorless.
mf1727	flavordb	{'url': 'https://cosylab.iiitd.edu.in/flavordb/molecules_json?id=441071'}	id_matching	PUBCHEM_COMPOUND:441071	very bitter metallic taste
mf1728	flavordb	{'url': 'https://cosylab.iiitd.edu.in/flavordb/molecules_json?id=441071'}	id_matching	PUBCHEM_COMPOUND:441071	bitter
mf1729	flavordb	{'url': 'https://cosylab.iiitd.edu.in/flavordb/molecules_json?id=441071'}	id_matching	PUBCHEM_COMPOUND:441071	bitterness threshold: 1:130,000
mf1730	flavordb	{'url': 'https://cosylab.iiitd.edu.in/flavordb/molecules_json?id=441071'}	id_matching	PUBCHEM_COMPOUND:441071	bitter taste in soln contg 1 part in 700,000 of water.
mf1731	flavordb	{'url': 'https://cosylab.iiitd.edu.in/flavordb/molecules_json?id=6561'}	id_matching	PUBCHEM_COMPOUND:6561	malt
mf1732	flavordb	{'url': 'https://cosylab.iiitd.edu.in/flavordb/molecules_json?id=6561'}	id_matching	PUBCHEM_COMPOUND:6561	floral
mf1733	flavordb	{'url': 'https://cosylab.iiitd.edu.in/flavordb/molecules_json?id=6561'}	id_matching	PUBCHEM_COMPOUND:6561	green
mf1734	flavordb	{'url': 'https://cosylab.iiitd.edu.in/flavordb/molecules_json?id=6561'}	id_matching	PUBCHEM_COMPOUND:6561	pungent odor
mf1735	flavordb	{'url': 'https://cosylab.iiitd.edu.in/flavordb/molecules_json?id=6561'}	id_matching	PUBCHEM_COMPOUND:6561	pungent
mf1736	flavordb	{'url': 'https://cosylab.iiitd.edu.in/flavordb/molecules_json?id=6561'}	id_matching	PUBCHEM_COMPOUND:6561	fresh
mf1737	flavordb	{'url': 'https://cosylab.iiitd.edu.in/flavordb/molecules_json?id=6561'}	id_matching	PUBCHEM_COMPOUND:6561	aldehydic
mf1738	flavordb	{'url': 'https://cosylab.iiitd.edu.in/flavordb/molecules_json?id=6561'}	id_matching	PUBCHEM_COMPOUND:6561	extremely sharp
mf1739	flavordb	{'url': 'https://cosylab.iiitd.edu.in/flavordb/molecules_json?id=6561'}	id_matching	PUBCHEM_COMPOUND:6561	fruity taste
mf1740	flavordb	{'url': 'https://cosylab.iiitd.edu.in/flavordb/molecules_json?id=7284'}	id_matching	PUBCHEM_COMPOUND:7284	coffee
mf1741	flavordb	{'url': 'https://cosylab.iiitd.edu.in/flavordb/molecules_json?id=7284'}	id_matching	PUBCHEM_COMPOUND:7284	cocoa
mf1742	flavordb	{'url': 'https://cosylab.iiitd.edu.in/flavordb/molecules_json?id=7284'}	id_matching	PUBCHEM_COMPOUND:7284	almond
mf1743	flavordb	{'url': 'https://cosylab.iiitd.edu.in/flavordb/molecules_json?id=7284'}	id_matching	PUBCHEM_COMPOUND:7284	musty
mf1744	flavordb	{'url': 'https://cosylab.iiitd.edu.in/flavordb/molecules_json?id=7284'}	id_matching	PUBCHEM_COMPOUND:7284	nutty
mf1745	flavordb	{'url': 'https://cosylab.iiitd.edu.in/flavordb/molecules_json?id=5283324'}	id_matching	PUBCHEM_COMPOUND:5283324	green
mf1746	flavordb	{'url': 'https://cosylab.iiitd.edu.in/flavordb/molecules_json?id=5283324'}	id_matching	PUBCHEM_COMPOUND:5283324	cucumber
mf1747	flavordb	{'url': 'https://cosylab.iiitd.edu.in/flavordb/molecules_json?id=5283324'}	id_matching	PUBCHEM_COMPOUND:5283324	fat
mf1748	flavordb	{'url': 'https://cosylab.iiitd.edu.in/flavordb/molecules_json?id=5283324'}	id_matching	PUBCHEM_COMPOUND:5283324	waxy
mf1749	flavordb	{'url': 'https://cosylab.iiitd.edu.in/flavordb/molecules_json?id=5283324'}	id_matching	PUBCHEM_COMPOUND:5283324	herbal
mf1750	flavordb	{'url': 'https://cosylab.iiitd.edu.in/flavordb/molecules_json?id=5283324'}	id_matching	PUBCHEM_COMPOUND:5283324	nut
mf1751	flavordb	{'url': 'https://cosylab.iiitd.edu.in/flavordb/molecules_json?id=5283324'}	id_matching	PUBCHEM_COMPOUND:5283324	fresh
mf1752	flavordb	{'url': 'https://cosylab.iiitd.edu.in/flavordb/molecules_json?id=5283324'}	id_matching	PUBCHEM_COMPOUND:5283324	fatty
mf1753	flavordb	{'url': 'https://cosylab.iiitd.edu.in/flavordb/molecules_json?id=5283324'}	id_matching	PUBCHEM_COMPOUND:5283324	leaf
mf1754	flavordb	{'url': 'https://cosylab.iiitd.edu.in/flavordb/molecules_json?id=5283324'}	id_matching	PUBCHEM_COMPOUND:5283324	banana
mf1755	flavordb	{'url': 'https://cosylab.iiitd.edu.in/flavordb/molecules_json?id=639665'}	id_matching	PUBCHEM_COMPOUND:639665	bitter
mf1756	flavordb	{'url': 'https://cosylab.iiitd.edu.in/flavordb/molecules_json?id=7288'}	id_matching	PUBCHEM_COMPOUND:7288	ether
mf1757	flavordb	{'url': 'https://cosylab.iiitd.edu.in/flavordb/molecules_json?id=7288'}	id_matching	PUBCHEM_COMPOUND:7288	ethereal
mf1758	flavordb	{'url': 'https://cosylab.iiitd.edu.in/flavordb/molecules_json?id=7288'}	id_matching	PUBCHEM_COMPOUND:7288	acetone odor
mf1759	flavordb	{'url': 'https://cosylab.iiitd.edu.in/flavordb/molecules_json?id=7288'}	id_matching	PUBCHEM_COMPOUND:7288	acetone
mf1760	flavordb	{'url': 'https://cosylab.iiitd.edu.in/flavordb/molecules_json?id=441436'}	id_matching	PUBCHEM_COMPOUND:441436	sweet
mf1761	flavordb	{'url': 'https://cosylab.iiitd.edu.in/flavordb/molecules_json?id=5275520'}	id_matching	PUBCHEM_COMPOUND:5275520	green
mf1762	flavordb	{'url': 'https://cosylab.iiitd.edu.in/flavordb/molecules_json?id=5275520'}	id_matching	PUBCHEM_COMPOUND:5275520	woody
mf1763	flavordb	{'url': 'https://cosylab.iiitd.edu.in/flavordb/molecules_json?id=5275520'}	id_matching	PUBCHEM_COMPOUND:5275520	weedy
mf1764	flavordb	{'url': 'https://cosylab.iiitd.edu.in/flavordb/molecules_json?id=5275520'}	id_matching	PUBCHEM_COMPOUND:5275520	dry
mf1765	flavordb	{'url': 'https://cosylab.iiitd.edu.in/flavordb/molecules_json?id=5275520'}	id_matching	PUBCHEM_COMPOUND:5275520	lemon
mf1766	flavordb	{'url': 'https://cosylab.iiitd.edu.in/flavordb/molecules_json?id=5275520'}	id_matching	PUBCHEM_COMPOUND:5275520	acidic
mf1767	flavordb	{'url': 'https://cosylab.iiitd.edu.in/flavordb/molecules_json?id=5275520'}	id_matching	PUBCHEM_COMPOUND:5275520	feet
mf1768	flavordb	{'url': 'https://cosylab.iiitd.edu.in/flavordb/molecules_json?id=5275520'}	id_matching	PUBCHEM_COMPOUND:5275520	moldy
mf1769	flavordb	{'url': 'https://cosylab.iiitd.edu.in/flavordb/molecules_json?id=6616'}	id_matching	PUBCHEM_COMPOUND:6616	camphoraceous taste
mf1770	flavordb	{'url': 'https://cosylab.iiitd.edu.in/flavordb/molecules_json?id=6616'}	id_matching	PUBCHEM_COMPOUND:6616	woody
mf1771	flavordb	{'url': 'https://cosylab.iiitd.edu.in/flavordb/molecules_json?id=6616'}	id_matching	PUBCHEM_COMPOUND:6616	herbal
mf1772	flavordb	{'url': 'https://cosylab.iiitd.edu.in/flavordb/molecules_json?id=6616'}	id_matching	PUBCHEM_COMPOUND:6616	terpene, camphoraceous taste...cooling, minty, with citrus and green spicy nuances
mf1773	flavordb	{'url': 'https://cosylab.iiitd.edu.in/flavordb/molecules_json?id=6616'}	id_matching	PUBCHEM_COMPOUND:6616	insipid odor
mf1774	flavordb	{'url': 'https://cosylab.iiitd.edu.in/flavordb/molecules_json?id=6616'}	id_matching	PUBCHEM_COMPOUND:6616	camphor-like
mf1775	flavordb	{'url': 'https://cosylab.iiitd.edu.in/flavordb/molecules_json?id=6616'}	id_matching	PUBCHEM_COMPOUND:6616	camphoraceous, cooling, piney wood with trephy nuances...citrus and green minty and green spicy notes
mf1776	flavordb	{'url': 'https://cosylab.iiitd.edu.in/flavordb/molecules_json?id=6616'}	id_matching	PUBCHEM_COMPOUND:6616	fir needle
mf1777	flavordb	{'url': 'https://cosylab.iiitd.edu.in/flavordb/molecules_json?id=6616'}	id_matching	PUBCHEM_COMPOUND:6616	camphor
mf1778	flavordb	{'url': 'https://cosylab.iiitd.edu.in/flavordb/molecules_json?id=8635'}	id_matching	PUBCHEM_COMPOUND:8635	grapefruit
mf1779	flavordb	{'url': 'https://cosylab.iiitd.edu.in/flavordb/molecules_json?id=8635'}	id_matching	PUBCHEM_COMPOUND:8635	fruity
mf1780	flavordb	{'url': 'https://cosylab.iiitd.edu.in/flavordb/molecules_json?id=8635'}	id_matching	PUBCHEM_COMPOUND:8635	grape-like odor
mf1781	flavordb	{'url': 'https://cosylab.iiitd.edu.in/flavordb/molecules_json?id=8635'}	id_matching	PUBCHEM_COMPOUND:8635	neroli
mf1782	flavordb	{'url': 'https://cosylab.iiitd.edu.in/flavordb/molecules_json?id=8635'}	id_matching	PUBCHEM_COMPOUND:8635	bitter
mf1783	flavordb	{'url': 'https://cosylab.iiitd.edu.in/flavordb/molecules_json?id=8635'}	id_matching	PUBCHEM_COMPOUND:8635	medicinal
mf1784	flavordb	{'url': 'https://cosylab.iiitd.edu.in/flavordb/molecules_json?id=8635'}	id_matching	PUBCHEM_COMPOUND:8635	strawberry
mf1785	flavordb	{'url': 'https://cosylab.iiitd.edu.in/flavordb/molecules_json?id=8635'}	id_matching	PUBCHEM_COMPOUND:8635	lemon
mf1786	flavordb	{'url': 'https://cosylab.iiitd.edu.in/flavordb/molecules_json?id=8635'}	id_matching	PUBCHEM_COMPOUND:8635	orange flower
mf1787	flavordb	{'url': 'https://cosylab.iiitd.edu.in/flavordb/molecules_json?id=8635'}	id_matching	PUBCHEM_COMPOUND:8635	lime
mf1788	flavordb	{'url': 'https://cosylab.iiitd.edu.in/flavordb/molecules_json?id=8635'}	id_matching	PUBCHEM_COMPOUND:8635	slightly bitter, pungent taste
mf1789	flavordb	{'url': 'https://cosylab.iiitd.edu.in/flavordb/molecules_json?id=8635'}	id_matching	PUBCHEM_COMPOUND:8635	honey
mf1790	flavordb	{'url': 'https://cosylab.iiitd.edu.in/flavordb/molecules_json?id=8635'}	id_matching	PUBCHEM_COMPOUND:8635	orange blossom odor
mf1791	flavordb	{'url': 'https://cosylab.iiitd.edu.in/flavordb/molecules_json?id=8635'}	id_matching	PUBCHEM_COMPOUND:8635	flower
mf1792	flavordb	{'url': 'https://cosylab.iiitd.edu.in/flavordb/molecules_json?id=8635'}	id_matching	PUBCHEM_COMPOUND:8635	grape
mf1793	flavordb	{'url': 'https://cosylab.iiitd.edu.in/flavordb/molecules_json?id=180'}	id_matching	PUBCHEM_COMPOUND:180	solvent
mf1794	flavordb	{'url': 'https://cosylab.iiitd.edu.in/flavordb/molecules_json?id=180'}	id_matching	PUBCHEM_COMPOUND:180	ethereal
mf1795	flavordb	{'url': 'https://cosylab.iiitd.edu.in/flavordb/molecules_json?id=180'}	id_matching	PUBCHEM_COMPOUND:180	fruity odor
mf1796	flavordb	{'url': 'https://cosylab.iiitd.edu.in/flavordb/molecules_json?id=180'}	id_matching	PUBCHEM_COMPOUND:180	pear
mf1797	flavordb	{'url': 'https://cosylab.iiitd.edu.in/flavordb/molecules_json?id=180'}	id_matching	PUBCHEM_COMPOUND:180	apple
mf1798	flavordb	{'url': 'https://cosylab.iiitd.edu.in/flavordb/molecules_json?id=180'}	id_matching	PUBCHEM_COMPOUND:180	characteristic odor
mf1799	flavordb	{'url': 'https://cosylab.iiitd.edu.in/flavordb/molecules_json?id=180'}	id_matching	PUBCHEM_COMPOUND:180	pungent, sweetish
mf1800	flavordb	{'url': 'https://cosylab.iiitd.edu.in/flavordb/molecules_json?id=6452133'}	id_matching	PUBCHEM_COMPOUND:6452133	bitter
mf1801	flavordb	{'url': 'https://cosylab.iiitd.edu.in/flavordb/molecules_json?id=10248'}	id_matching	PUBCHEM_COMPOUND:10248	flower
mf1802	flavordb	{'url': 'https://cosylab.iiitd.edu.in/flavordb/molecules_json?id=10248'}	id_matching	PUBCHEM_COMPOUND:10248	spice
mf1803	flavordb	{'url': 'https://cosylab.iiitd.edu.in/flavordb/molecules_json?id=61325'}	id_matching	PUBCHEM_COMPOUND:61325	sweet
mf1804	flavordb	{'url': 'https://cosylab.iiitd.edu.in/flavordb/molecules_json?id=61325'}	id_matching	PUBCHEM_COMPOUND:61325	fruity
mf1805	flavordb	{'url': 'https://cosylab.iiitd.edu.in/flavordb/molecules_json?id=61325'}	id_matching	PUBCHEM_COMPOUND:61325	mushroom
mf1806	flavordb	{'url': 'https://cosylab.iiitd.edu.in/flavordb/molecules_json?id=61325'}	id_matching	PUBCHEM_COMPOUND:61325	maple
mf1807	flavordb	{'url': 'https://cosylab.iiitd.edu.in/flavordb/molecules_json?id=61325'}	id_matching	PUBCHEM_COMPOUND:61325	mildew
mf1808	flavordb	{'url': 'https://cosylab.iiitd.edu.in/flavordb/molecules_json?id=61325'}	id_matching	PUBCHEM_COMPOUND:61325	caramel
mf1809	flavordb	{'url': 'https://cosylab.iiitd.edu.in/flavordb/molecules_json?id=61325'}	id_matching	PUBCHEM_COMPOUND:61325	mossy
mf1810	flavordb	{'url': 'https://cosylab.iiitd.edu.in/flavordb/molecules_json?id=61325'}	id_matching	PUBCHEM_COMPOUND:61325	moldy
mf1811	flavordb	{'url': 'https://cosylab.iiitd.edu.in/flavordb/molecules_json?id=61325'}	id_matching	PUBCHEM_COMPOUND:61325	grape
mf1812	flavordb	{'url': 'https://cosylab.iiitd.edu.in/flavordb/molecules_json?id=61325'}	id_matching	PUBCHEM_COMPOUND:61325	potato
mf1813	flavordb	{'url': 'https://cosylab.iiitd.edu.in/flavordb/molecules_json?id=76922'}	id_matching	PUBCHEM_COMPOUND:76922	pungent
mf1814	flavordb	{'url': 'https://cosylab.iiitd.edu.in/flavordb/molecules_json?id=76922'}	id_matching	PUBCHEM_COMPOUND:76922	aromatic
mf1815	flavordb	{'url': 'https://cosylab.iiitd.edu.in/flavordb/molecules_json?id=11613'}	id_matching	PUBCHEM_COMPOUND:11613	sulfur
mf1816	flavordb	{'url': 'https://cosylab.iiitd.edu.in/flavordb/molecules_json?id=11613'}	id_matching	PUBCHEM_COMPOUND:11613	floral
mf1817	flavordb	{'url': 'https://cosylab.iiitd.edu.in/flavordb/molecules_json?id=11613'}	id_matching	PUBCHEM_COMPOUND:11613	green
mf1818	flavordb	{'url': 'https://cosylab.iiitd.edu.in/flavordb/molecules_json?id=11613'}	id_matching	PUBCHEM_COMPOUND:11613	woody
mf1819	flavordb	{'url': 'https://cosylab.iiitd.edu.in/flavordb/molecules_json?id=11613'}	id_matching	PUBCHEM_COMPOUND:11613	herbaceous
mf1820	flavordb	{'url': 'https://cosylab.iiitd.edu.in/flavordb/molecules_json?id=11613'}	id_matching	PUBCHEM_COMPOUND:11613	fruity
mf1821	flavordb	{'url': 'https://cosylab.iiitd.edu.in/flavordb/molecules_json?id=11613'}	id_matching	PUBCHEM_COMPOUND:11613	sulfury
mf1822	flavordb	{'url': 'https://cosylab.iiitd.edu.in/flavordb/molecules_json?id=11613'}	id_matching	PUBCHEM_COMPOUND:11613	meaty
mf1823	flavordb	{'url': 'https://cosylab.iiitd.edu.in/flavordb/molecules_json?id=11613'}	id_matching	PUBCHEM_COMPOUND:11613	pungent
mf1824	flavordb	{'url': 'https://cosylab.iiitd.edu.in/flavordb/molecules_json?id=11613'}	id_matching	PUBCHEM_COMPOUND:11613	citrus
mf1825	flavordb	{'url': 'https://cosylab.iiitd.edu.in/flavordb/molecules_json?id=11613'}	id_matching	PUBCHEM_COMPOUND:11613	fatty
mf1826	flavordb	{'url': 'https://cosylab.iiitd.edu.in/flavordb/molecules_json?id=11613'}	id_matching	PUBCHEM_COMPOUND:11613	wine_like
mf1827	flavordb	{'url': 'https://cosylab.iiitd.edu.in/flavordb/molecules_json?id=11613'}	id_matching	PUBCHEM_COMPOUND:11613	earthy
mf1828	flavordb	{'url': 'https://cosylab.iiitd.edu.in/flavordb/molecules_json?id=11613'}	id_matching	PUBCHEM_COMPOUND:11613	spicy
mf1829	flavordb	{'url': 'https://cosylab.iiitd.edu.in/flavordb/molecules_json?id=11613'}	id_matching	PUBCHEM_COMPOUND:11613	vegetable
mf1830	flavordb	{'url': 'https://cosylab.iiitd.edu.in/flavordb/molecules_json?id=11613'}	id_matching	PUBCHEM_COMPOUND:11613	nutty
mf1831	flavordb	{'url': 'https://cosylab.iiitd.edu.in/flavordb/molecules_json?id=12810'}	id_matching	PUBCHEM_COMPOUND:12810	apricot
mf1832	flavordb	{'url': 'https://cosylab.iiitd.edu.in/flavordb/molecules_json?id=12810'}	id_matching	PUBCHEM_COMPOUND:12810	sweet
mf1833	flavordb	{'url': 'https://cosylab.iiitd.edu.in/flavordb/molecules_json?id=12810'}	id_matching	PUBCHEM_COMPOUND:12810	peach
mf1834	flavordb	{'url': 'https://cosylab.iiitd.edu.in/flavordb/molecules_json?id=12810'}	id_matching	PUBCHEM_COMPOUND:12810	fruity
mf1835	flavordb	{'url': 'https://cosylab.iiitd.edu.in/flavordb/molecules_json?id=12810'}	id_matching	PUBCHEM_COMPOUND:12810	plum
mf1836	flavordb	{'url': 'https://cosylab.iiitd.edu.in/flavordb/molecules_json?id=12810'}	id_matching	PUBCHEM_COMPOUND:12810	creamy
mf1837	flavordb	{'url': 'https://cosylab.iiitd.edu.in/flavordb/molecules_json?id=12810'}	id_matching	PUBCHEM_COMPOUND:12810	fresh
mf1838	flavordb	{'url': 'https://cosylab.iiitd.edu.in/flavordb/molecules_json?id=12810'}	id_matching	PUBCHEM_COMPOUND:12810	dairy
mf1839	flavordb	{'url': 'https://cosylab.iiitd.edu.in/flavordb/molecules_json?id=12810'}	id_matching	PUBCHEM_COMPOUND:12810	coconut
mf1840	flavordb	{'url': 'https://cosylab.iiitd.edu.in/flavordb/molecules_json?id=12810'}	id_matching	PUBCHEM_COMPOUND:12810	butter
mf1841	flavordb	{'url': 'https://cosylab.iiitd.edu.in/flavordb/molecules_json?id=12810'}	id_matching	PUBCHEM_COMPOUND:12810	oily
mf1842	flavordb	{'url': 'https://cosylab.iiitd.edu.in/flavordb/molecules_json?id=227829'}	id_matching	PUBCHEM_COMPOUND:227829	floral
mf1843	flavordb	{'url': 'https://cosylab.iiitd.edu.in/flavordb/molecules_json?id=227829'}	id_matching	PUBCHEM_COMPOUND:227829	rose
mf1844	flavordb	{'url': 'https://cosylab.iiitd.edu.in/flavordb/molecules_json?id=227829'}	id_matching	PUBCHEM_COMPOUND:227829	guaiacwood
mf1845	flavordb	{'url': 'https://cosylab.iiitd.edu.in/flavordb/molecules_json?id=227829'}	id_matching	PUBCHEM_COMPOUND:227829	tea
mf1846	flavordb	{'url': 'https://cosylab.iiitd.edu.in/flavordb/molecules_json?id=227829'}	id_matching	PUBCHEM_COMPOUND:227829	balsamic
mf1847	flavordb	{'url': 'https://cosylab.iiitd.edu.in/flavordb/molecules_json?id=227829'}	id_matching	PUBCHEM_COMPOUND:227829	woody, rose-like odor
mf1848	flavordb	{'url': 'https://cosylab.iiitd.edu.in/flavordb/molecules_json?id=227829'}	id_matching	PUBCHEM_COMPOUND:227829	wood
mf1849	flavordb	{'url': 'https://cosylab.iiitd.edu.in/flavordb/molecules_json?id=227829'}	id_matching	PUBCHEM_COMPOUND:227829	mild, pleasant odor reminiscent of that of tea roses and faintly of violets.
mf1850	flavordb	{'url': 'https://cosylab.iiitd.edu.in/flavordb/molecules_json?id=227829'}	id_matching	PUBCHEM_COMPOUND:227829	mild
mf1851	flavordb	{'url': 'https://cosylab.iiitd.edu.in/flavordb/molecules_json?id=1549025'}	id_matching	PUBCHEM_COMPOUND:1549025	floral
mf1852	flavordb	{'url': 'https://cosylab.iiitd.edu.in/flavordb/molecules_json?id=1549025'}	id_matching	PUBCHEM_COMPOUND:1549025	soapy
mf1853	flavordb	{'url': 'https://cosylab.iiitd.edu.in/flavordb/molecules_json?id=1549025'}	id_matching	PUBCHEM_COMPOUND:1549025	grapefruit
mf1854	flavordb	{'url': 'https://cosylab.iiitd.edu.in/flavordb/molecules_json?id=1549025'}	id_matching	PUBCHEM_COMPOUND:1549025	rose
mf1855	flavordb	{'url': 'https://cosylab.iiitd.edu.in/flavordb/molecules_json?id=1549025'}	id_matching	PUBCHEM_COMPOUND:1549025	citrus
mf1856	flavordb	{'url': 'https://cosylab.iiitd.edu.in/flavordb/molecules_json?id=1549025'}	id_matching	PUBCHEM_COMPOUND:1549025	lime
mf1857	flavordb	{'url': 'https://cosylab.iiitd.edu.in/flavordb/molecules_json?id=1549025'}	id_matching	PUBCHEM_COMPOUND:1549025	blossom
mf1858	flavordb	{'url': 'https://cosylab.iiitd.edu.in/flavordb/molecules_json?id=1549025'}	id_matching	PUBCHEM_COMPOUND:1549025	dewy
mf1859	flavordb	{'url': 'https://cosylab.iiitd.edu.in/flavordb/molecules_json?id=1549025'}	id_matching	PUBCHEM_COMPOUND:1549025	pear
mf1860	flavordb	{'url': 'https://cosylab.iiitd.edu.in/flavordb/molecules_json?id=1549025'}	id_matching	PUBCHEM_COMPOUND:1549025	fruit
mf1861	flavordb	{'url': 'https://cosylab.iiitd.edu.in/flavordb/molecules_json?id=1110'}	id_matching	PUBCHEM_COMPOUND:1110	sour
mf1862	flavordb	{'url': 'https://cosylab.iiitd.edu.in/flavordb/molecules_json?id=1110'}	id_matching	PUBCHEM_COMPOUND:1110	pure aq soln are slightly bitter & taste build up is slow
mf1863	flavordb	{'url': 'https://cosylab.iiitd.edu.in/flavordb/molecules_json?id=1110'}	id_matching	PUBCHEM_COMPOUND:1110	very acid taste
mf1864	flavordb	{'url': 'https://cosylab.iiitd.edu.in/flavordb/molecules_json?id=1110'}	id_matching	PUBCHEM_COMPOUND:1110	odorless
mf1865	flavordb	{'url': 'https://cosylab.iiitd.edu.in/flavordb/molecules_json?id=1110'}	id_matching	PUBCHEM_COMPOUND:1110	tart taste
mf1866	flavordb	{'url': 'https://cosylab.iiitd.edu.in/flavordb/molecules_json?id=442439'}	id_matching	PUBCHEM_COMPOUND:442439	sweet-like
mf1867	flavordb	{'url': 'https://cosylab.iiitd.edu.in/flavordb/molecules_json?id=232990'}	id_matching	PUBCHEM_COMPOUND:232990	sweet-like
mf1868	flavordb	{'url': 'https://cosylab.iiitd.edu.in/flavordb/molecules_json?id=10430'}	id_matching	PUBCHEM_COMPOUND:10430	sour
mf1869	flavordb	{'url': 'https://cosylab.iiitd.edu.in/flavordb/molecules_json?id=10430'}	id_matching	PUBCHEM_COMPOUND:10430	stinky
mf1870	flavordb	{'url': 'https://cosylab.iiitd.edu.in/flavordb/molecules_json?id=10430'}	id_matching	PUBCHEM_COMPOUND:10430	rancid
mf1871	flavordb	{'url': 'https://cosylab.iiitd.edu.in/flavordb/molecules_json?id=10430'}	id_matching	PUBCHEM_COMPOUND:10430	animal
mf1872	flavordb	{'url': 'https://cosylab.iiitd.edu.in/flavordb/molecules_json?id=10430'}	id_matching	PUBCHEM_COMPOUND:10430	sweat
mf1873	flavordb	{'url': 'https://cosylab.iiitd.edu.in/flavordb/molecules_json?id=10430'}	id_matching	PUBCHEM_COMPOUND:10430	acid taste
mf1874	flavordb	{'url': 'https://cosylab.iiitd.edu.in/flavordb/molecules_json?id=10430'}	id_matching	PUBCHEM_COMPOUND:10430	feet
mf1875	flavordb	{'url': 'https://cosylab.iiitd.edu.in/flavordb/molecules_json?id=10430'}	id_matching	PUBCHEM_COMPOUND:10430	tropical
mf1876	flavordb	{'url': 'https://cosylab.iiitd.edu.in/flavordb/molecules_json?id=10430'}	id_matching	PUBCHEM_COMPOUND:10430	cheese
mf1877	flavordb	{'url': 'https://cosylab.iiitd.edu.in/flavordb/molecules_json?id=10430'}	id_matching	PUBCHEM_COMPOUND:10430	acid
mf1878	flavordb	{'url': 'https://cosylab.iiitd.edu.in/flavordb/molecules_json?id=10430'}	id_matching	PUBCHEM_COMPOUND:10430	sweaty
mf1879	flavordb	{'url': 'https://cosylab.iiitd.edu.in/flavordb/molecules_json?id=10430'}	id_matching	PUBCHEM_COMPOUND:10430	disagreeable, rancid-cheese odor
mf1880	flavordb	{'url': 'https://cosylab.iiitd.edu.in/flavordb/molecules_json?id=5320844'}	id_matching	PUBCHEM_COMPOUND:5320844	sweet-like
mf1881	flavordb	{'url': 'https://cosylab.iiitd.edu.in/flavordb/molecules_json?id=743'}	id_matching	PUBCHEM_COMPOUND:743	odorless
mf1882	flavordb	{'url': 'https://cosylab.iiitd.edu.in/flavordb/molecules_json?id=6251'}	id_matching	PUBCHEM_COMPOUND:6251	sweet
mf1883	flavordb	{'url': 'https://cosylab.iiitd.edu.in/flavordb/molecules_json?id=6251'}	id_matching	PUBCHEM_COMPOUND:6251	sweetish taste
mf1884	flavordb	{'url': 'https://cosylab.iiitd.edu.in/flavordb/molecules_json?id=6251'}	id_matching	PUBCHEM_COMPOUND:6251	odorless
mf1885	flavordb	{'url': 'https://cosylab.iiitd.edu.in/flavordb/molecules_json?id=6167'}	id_matching	PUBCHEM_COMPOUND:6167	bitter
mf1886	flavordb	{'url': 'https://cosylab.iiitd.edu.in/flavordb/molecules_json?id=6167'}	id_matching	PUBCHEM_COMPOUND:6167	odorless or nearly so
mf1887	flavordb	{'url': 'https://cosylab.iiitd.edu.in/flavordb/molecules_json?id=25310'}	id_matching	PUBCHEM_COMPOUND:25310	sweet
mf1888	flavordb	{'url': 'https://cosylab.iiitd.edu.in/flavordb/molecules_json?id=25310'}	id_matching	PUBCHEM_COMPOUND:25310	odorless
mf1889	flavordb	{'url': 'https://cosylab.iiitd.edu.in/flavordb/molecules_json?id=521348'}	id_matching	PUBCHEM_COMPOUND:521348	sulfur
mf1890	flavordb	{'url': 'https://cosylab.iiitd.edu.in/flavordb/molecules_json?id=521348'}	id_matching	PUBCHEM_COMPOUND:521348	fruity
mf1891	flavordb	{'url': 'https://cosylab.iiitd.edu.in/flavordb/molecules_json?id=521348'}	id_matching	PUBCHEM_COMPOUND:521348	tropical
mf1892	flavordb	{'url': 'https://cosylab.iiitd.edu.in/flavordb/molecules_json?id=521348'}	id_matching	PUBCHEM_COMPOUND:521348	sulfurous
mf1893	flavordb	{'url': 'https://cosylab.iiitd.edu.in/flavordb/molecules_json?id=19602'}	id_matching	PUBCHEM_COMPOUND:19602	beany
mf1894	flavordb	{'url': 'https://cosylab.iiitd.edu.in/flavordb/molecules_json?id=19602'}	id_matching	PUBCHEM_COMPOUND:19602	green
mf1895	flavordb	{'url': 'https://cosylab.iiitd.edu.in/flavordb/molecules_json?id=19602'}	id_matching	PUBCHEM_COMPOUND:19602	fruity
mf1896	flavordb	{'url': 'https://cosylab.iiitd.edu.in/flavordb/molecules_json?id=19602'}	id_matching	PUBCHEM_COMPOUND:19602	green bean
mf1897	flavordb	{'url': 'https://cosylab.iiitd.edu.in/flavordb/molecules_json?id=19602'}	id_matching	PUBCHEM_COMPOUND:19602	earthy
mf1898	flavordb	{'url': 'https://cosylab.iiitd.edu.in/flavordb/molecules_json?id=19602'}	id_matching	PUBCHEM_COMPOUND:19602	butter
mf1899	flavordb	{'url': 'https://cosylab.iiitd.edu.in/flavordb/molecules_json?id=19602'}	id_matching	PUBCHEM_COMPOUND:19602	vegetable
mf1900	flavordb	{'url': 'https://cosylab.iiitd.edu.in/flavordb/molecules_json?id=19602'}	id_matching	PUBCHEM_COMPOUND:19602	metallic
mf1901	flavordb	{'url': 'https://cosylab.iiitd.edu.in/flavordb/molecules_json?id=62572'}	id_matching	PUBCHEM_COMPOUND:62572	green
mf1902	flavordb	{'url': 'https://cosylab.iiitd.edu.in/flavordb/molecules_json?id=62572'}	id_matching	PUBCHEM_COMPOUND:62572	apple skin
mf1903	flavordb	{'url': 'https://cosylab.iiitd.edu.in/flavordb/molecules_json?id=62572'}	id_matching	PUBCHEM_COMPOUND:62572	fruity
mf1904	flavordb	{'url': 'https://cosylab.iiitd.edu.in/flavordb/molecules_json?id=62572'}	id_matching	PUBCHEM_COMPOUND:62572	tropical
mf1905	flavordb	{'url': 'https://cosylab.iiitd.edu.in/flavordb/molecules_json?id=62572'}	id_matching	PUBCHEM_COMPOUND:62572	grape
mf1906	flavordb	{'url': 'https://cosylab.iiitd.edu.in/flavordb/molecules_json?id=62572'}	id_matching	PUBCHEM_COMPOUND:62572	marshmallow
mf1907	flavordb	{'url': 'https://cosylab.iiitd.edu.in/flavordb/molecules_json?id=7762'}	id_matching	PUBCHEM_COMPOUND:7762	pineapple
mf1908	flavordb	{'url': 'https://cosylab.iiitd.edu.in/flavordb/molecules_json?id=7762'}	id_matching	PUBCHEM_COMPOUND:7762	fruity
mf1909	flavordb	{'url': 'https://cosylab.iiitd.edu.in/flavordb/molecules_json?id=7762'}	id_matching	PUBCHEM_COMPOUND:7762	sweet, pineapple taste
mf1910	flavordb	{'url': 'https://cosylab.iiitd.edu.in/flavordb/molecules_json?id=7762'}	id_matching	PUBCHEM_COMPOUND:7762	pineapple odor
mf1911	flavordb	{'url': 'https://cosylab.iiitd.edu.in/flavordb/molecules_json?id=7762'}	id_matching	PUBCHEM_COMPOUND:7762	juicy
mf1912	flavordb	{'url': 'https://cosylab.iiitd.edu.in/flavordb/molecules_json?id=7762'}	id_matching	PUBCHEM_COMPOUND:7762	apple
mf1913	flavordb	{'url': 'https://cosylab.iiitd.edu.in/flavordb/molecules_json?id=7762'}	id_matching	PUBCHEM_COMPOUND:7762	banana
mf1914	flavordb	{'url': 'https://cosylab.iiitd.edu.in/flavordb/molecules_json?id=7762'}	id_matching	PUBCHEM_COMPOUND:7762	fruit
mf1915	flavordb	{'url': 'https://cosylab.iiitd.edu.in/flavordb/molecules_json?id=7762'}	id_matching	PUBCHEM_COMPOUND:7762	can be tasted in water at a level of 0.450 ppm and at 0.015 ppm in milk
mf1916	flavordb	{'url': 'https://cosylab.iiitd.edu.in/flavordb/molecules_json?id=7762'}	id_matching	PUBCHEM_COMPOUND:7762	cognac
mf1917	flavordb	{'url': 'https://cosylab.iiitd.edu.in/flavordb/molecules_json?id=280'}	id_matching	PUBCHEM_COMPOUND:280	faint acid taste
mf1918	flavordb	{'url': 'https://cosylab.iiitd.edu.in/flavordb/molecules_json?id=280'}	id_matching	PUBCHEM_COMPOUND:280	faintly pungent odor
mf1919	flavordb	{'url': 'https://cosylab.iiitd.edu.in/flavordb/molecules_json?id=280'}	id_matching	PUBCHEM_COMPOUND:280	odorless
mf1920	flavordb	{'url': 'https://cosylab.iiitd.edu.in/flavordb/molecules_json?id=5317319'}	id_matching	PUBCHEM_COMPOUND:5317319	sweet
mf1921	flavordb	{'url': 'https://cosylab.iiitd.edu.in/flavordb/molecules_json?id=5317319'}	id_matching	PUBCHEM_COMPOUND:5317319	woody
mf1922	flavordb	{'url': 'https://cosylab.iiitd.edu.in/flavordb/molecules_json?id=5317319'}	id_matching	PUBCHEM_COMPOUND:5317319	citrus
mf1923	flavordb	{'url': 'https://cosylab.iiitd.edu.in/flavordb/molecules_json?id=5317319'}	id_matching	PUBCHEM_COMPOUND:5317319	wood
mf1924	flavordb	{'url': 'https://cosylab.iiitd.edu.in/flavordb/molecules_json?id=1146'}	id_matching	PUBCHEM_COMPOUND:1146	rancid
mf1925	flavordb	{'url': 'https://cosylab.iiitd.edu.in/flavordb/molecules_json?id=1146'}	id_matching	PUBCHEM_COMPOUND:1146	fruity
mf1926	flavordb	{'url': 'https://cosylab.iiitd.edu.in/flavordb/molecules_json?id=1146'}	id_matching	PUBCHEM_COMPOUND:1146	fishy, amine odor
mf1927	flavordb	{'url': 'https://cosylab.iiitd.edu.in/flavordb/molecules_json?id=1146'}	id_matching	PUBCHEM_COMPOUND:1146	old fish
mf1928	flavordb	{'url': 'https://cosylab.iiitd.edu.in/flavordb/molecules_json?id=1146'}	id_matching	PUBCHEM_COMPOUND:1146	saline taste
mf1929	flavordb	{'url': 'https://cosylab.iiitd.edu.in/flavordb/molecules_json?id=1146'}	id_matching	PUBCHEM_COMPOUND:1146	a fish-like odor at low concentrations changing to an ammonia-like odor at higher concentrations.
mf1930	flavordb	{'url': 'https://cosylab.iiitd.edu.in/flavordb/molecules_json?id=1146'}	id_matching	PUBCHEM_COMPOUND:1146	sweaty
mf1931	flavordb	{'url': 'https://cosylab.iiitd.edu.in/flavordb/molecules_json?id=1146'}	id_matching	PUBCHEM_COMPOUND:1146	fish
mf1932	flavordb	{'url': 'https://cosylab.iiitd.edu.in/flavordb/molecules_json?id=1146'}	id_matching	PUBCHEM_COMPOUND:1146	pungent, fishy, ammoniacal
mf1933	flavordb	{'url': 'https://cosylab.iiitd.edu.in/flavordb/molecules_json?id=1146'}	id_matching	PUBCHEM_COMPOUND:1146	fishy
mf1934	flavordb	{'url': 'https://cosylab.iiitd.edu.in/flavordb/molecules_json?id=1146'}	id_matching	PUBCHEM_COMPOUND:1146	oily
mf1935	flavordb	{'url': 'https://cosylab.iiitd.edu.in/flavordb/molecules_json?id=931'}	id_matching	PUBCHEM_COMPOUND:931	tarry
mf1936	flavordb	{'url': 'https://cosylab.iiitd.edu.in/flavordb/molecules_json?id=931'}	id_matching	PUBCHEM_COMPOUND:931	pungent
mf1937	flavordb	{'url': 'https://cosylab.iiitd.edu.in/flavordb/molecules_json?id=931'}	id_matching	PUBCHEM_COMPOUND:931	dry
mf1938	flavordb	{'url': 'https://cosylab.iiitd.edu.in/flavordb/molecules_json?id=931'}	id_matching	PUBCHEM_COMPOUND:931	characteritic odor (plates)
mf1939	flavordb	{'url': 'https://cosylab.iiitd.edu.in/flavordb/molecules_json?id=931'}	id_matching	PUBCHEM_COMPOUND:931	tar
mf1940	flavordb	{'url': 'https://cosylab.iiitd.edu.in/flavordb/molecules_json?id=931'}	id_matching	PUBCHEM_COMPOUND:931	odor of mothballs
mf1941	flavordb	{'url': 'https://cosylab.iiitd.edu.in/flavordb/molecules_json?id=931'}	id_matching	PUBCHEM_COMPOUND:931	aromatic odor
mf1942	flavordb	{'url': 'https://cosylab.iiitd.edu.in/flavordb/molecules_json?id=4095'}	id_matching	PUBCHEM_COMPOUND:4095	bitter
mf1943	flavordb	{'url': 'https://cosylab.iiitd.edu.in/flavordb/molecules_json?id=6427105'}	id_matching	PUBCHEM_COMPOUND:6427105	spicy
mf1944	flavordb	{'url': 'https://cosylab.iiitd.edu.in/flavordb/molecules_json?id=84532'}	id_matching	PUBCHEM_COMPOUND:84532	cedar
mf1945	flavordb	{'url': 'https://cosylab.iiitd.edu.in/flavordb/molecules_json?id=84532'}	id_matching	PUBCHEM_COMPOUND:84532	camphoreous
mf1946	flavordb	{'url': 'https://cosylab.iiitd.edu.in/flavordb/molecules_json?id=114627'}	id_matching	PUBCHEM_COMPOUND:114627	sweet-like
mf1947	flavordb	{'url': 'https://cosylab.iiitd.edu.in/flavordb/molecules_json?id=8175'}	id_matching	PUBCHEM_COMPOUND:8175	floral
mf1948	flavordb	{'url': 'https://cosylab.iiitd.edu.in/flavordb/molecules_json?id=8175'}	id_matching	PUBCHEM_COMPOUND:8175	fatty, citrus-like odor
mf1949	flavordb	{'url': 'https://cosylab.iiitd.edu.in/flavordb/molecules_json?id=8175'}	id_matching	PUBCHEM_COMPOUND:8175	sweet
mf1950	flavordb	{'url': 'https://cosylab.iiitd.edu.in/flavordb/molecules_json?id=8175'}	id_matching	PUBCHEM_COMPOUND:8175	waxy
mf1951	flavordb	{'url': 'https://cosylab.iiitd.edu.in/flavordb/molecules_json?id=8175'}	id_matching	PUBCHEM_COMPOUND:8175	citrus odor
mf1952	flavordb	{'url': 'https://cosylab.iiitd.edu.in/flavordb/molecules_json?id=8175'}	id_matching	PUBCHEM_COMPOUND:8175	floral-fatty odor
mf1953	flavordb	{'url': 'https://cosylab.iiitd.edu.in/flavordb/molecules_json?id=8175'}	id_matching	PUBCHEM_COMPOUND:8175	citrus
mf1954	flavordb	{'url': 'https://cosylab.iiitd.edu.in/flavordb/molecules_json?id=8175'}	id_matching	PUBCHEM_COMPOUND:8175	similar to that of an orange peel
mf1955	flavordb	{'url': 'https://cosylab.iiitd.edu.in/flavordb/molecules_json?id=8175'}	id_matching	PUBCHEM_COMPOUND:8175	aldehydic
mf1956	flavordb	{'url': 'https://cosylab.iiitd.edu.in/flavordb/molecules_json?id=8175'}	id_matching	PUBCHEM_COMPOUND:8175	penetrating, sweet, waxy, floral, citrus, pronounced fatty odor that develops a floral character on dilution
mf1957	flavordb	{'url': 'https://cosylab.iiitd.edu.in/flavordb/molecules_json?id=8175'}	id_matching	PUBCHEM_COMPOUND:8175	orange peel
mf1958	flavordb	{'url': 'https://cosylab.iiitd.edu.in/flavordb/molecules_json?id=8175'}	id_matching	PUBCHEM_COMPOUND:8175	soap
mf1959	flavordb	{'url': 'https://cosylab.iiitd.edu.in/flavordb/molecules_json?id=8175'}	id_matching	PUBCHEM_COMPOUND:8175	tallow
mf1960	flavordb	{'url': 'https://cosylab.iiitd.edu.in/flavordb/molecules_json?id=8175'}	id_matching	PUBCHEM_COMPOUND:8175	sharp, orange flavor
mf1961	flavordb	{'url': 'https://cosylab.iiitd.edu.in/flavordb/molecules_json?id=441005'}	id_matching	PUBCHEM_COMPOUND:441005	woody
mf1962	flavordb	{'url': 'https://cosylab.iiitd.edu.in/flavordb/molecules_json?id=441005'}	id_matching	PUBCHEM_COMPOUND:441005	thyme
mf1963	flavordb	{'url': 'https://cosylab.iiitd.edu.in/flavordb/molecules_json?id=441005'}	id_matching	PUBCHEM_COMPOUND:441005	dry
mf1964	flavordb	{'url': 'https://cosylab.iiitd.edu.in/flavordb/molecules_json?id=441005'}	id_matching	PUBCHEM_COMPOUND:441005	herbal
mf1965	flavordb	{'url': 'https://cosylab.iiitd.edu.in/flavordb/molecules_json?id=441005'}	id_matching	PUBCHEM_COMPOUND:441005	medicine
mf1966	flavordb	{'url': 'https://cosylab.iiitd.edu.in/flavordb/molecules_json?id=441005'}	id_matching	PUBCHEM_COMPOUND:441005	wood
mf1967	flavordb	{'url': 'https://cosylab.iiitd.edu.in/flavordb/molecules_json?id=12401'}	id_matching	PUBCHEM_COMPOUND:12401	bland
mf1968	flavordb	{'url': 'https://cosylab.iiitd.edu.in/flavordb/molecules_json?id=12401'}	id_matching	PUBCHEM_COMPOUND:12401	alkane
mf1969	flavordb	{'url': 'https://cosylab.iiitd.edu.in/flavordb/molecules_json?id=12401'}	id_matching	PUBCHEM_COMPOUND:12401	fuel-like
mf1970	flavordb	{'url': 'https://cosylab.iiitd.edu.in/flavordb/molecules_json?id=12403'}	id_matching	PUBCHEM_COMPOUND:12403	odorless
mf1971	flavordb	{'url': 'https://cosylab.iiitd.edu.in/flavordb/molecules_json?id=12403'}	id_matching	PUBCHEM_COMPOUND:12403	alkane
mf1972	flavordb	{'url': 'https://cosylab.iiitd.edu.in/flavordb/molecules_json?id=12403'}	id_matching	PUBCHEM_COMPOUND:12403	waxy
mf1973	flavordb	{'url': 'https://cosylab.iiitd.edu.in/flavordb/molecules_json?id=5317570'}	id_matching	PUBCHEM_COMPOUND:5317570	wood
mf1974	flavordb	{'url': 'https://cosylab.iiitd.edu.in/flavordb/molecules_json?id=5317570'}	id_matching	PUBCHEM_COMPOUND:5317570	woody
mf1975	flavordb	{'url': 'https://cosylab.iiitd.edu.in/flavordb/molecules_json?id=5317570'}	id_matching	PUBCHEM_COMPOUND:5317570	spice
mf1976	flavordb	{'url': 'https://cosylab.iiitd.edu.in/flavordb/molecules_json?id=8027'}	id_matching	PUBCHEM_COMPOUND:8027	sweet
mf1977	flavordb	{'url': 'https://cosylab.iiitd.edu.in/flavordb/molecules_json?id=8027'}	id_matching	PUBCHEM_COMPOUND:8027	burning, pungent taste
mf1978	flavordb	{'url': 'https://cosylab.iiitd.edu.in/flavordb/molecules_json?id=8027'}	id_matching	PUBCHEM_COMPOUND:8027	ethereal
mf1979	flavordb	{'url': 'https://cosylab.iiitd.edu.in/flavordb/molecules_json?id=8027'}	id_matching	PUBCHEM_COMPOUND:8027	agreeable empyreumatic odor resembling that of chloroform
mf1980	flavordb	{'url': 'https://cosylab.iiitd.edu.in/flavordb/molecules_json?id=8027'}	id_matching	PUBCHEM_COMPOUND:8027	nutty
mf1981	flavordb	{'url': 'https://cosylab.iiitd.edu.in/flavordb/molecules_json?id=8027'}	id_matching	PUBCHEM_COMPOUND:8027	warm
mf1982	flavordb	{'url': 'https://cosylab.iiitd.edu.in/flavordb/molecules_json?id=78160'}	id_matching	PUBCHEM_COMPOUND:78160	cabbage
mf1983	flavordb	{'url': 'https://cosylab.iiitd.edu.in/flavordb/molecules_json?id=78160'}	id_matching	PUBCHEM_COMPOUND:78160	radish
mf1984	flavordb	{'url': 'https://cosylab.iiitd.edu.in/flavordb/molecules_json?id=125468'}	id_matching	PUBCHEM_COMPOUND:125468	sweet
mf1985	flavordb	{'url': 'https://cosylab.iiitd.edu.in/flavordb/molecules_json?id=125468'}	id_matching	PUBCHEM_COMPOUND:125468	woody
mf1986	flavordb	{'url': 'https://cosylab.iiitd.edu.in/flavordb/molecules_json?id=125468'}	id_matching	PUBCHEM_COMPOUND:125468	dry
mf1987	flavordb	{'url': 'https://cosylab.iiitd.edu.in/flavordb/molecules_json?id=125468'}	id_matching	PUBCHEM_COMPOUND:125468	spicey
mf1988	flavordb	{'url': 'https://cosylab.iiitd.edu.in/flavordb/molecules_json?id=125468'}	id_matching	PUBCHEM_COMPOUND:125468	caramel
mf1989	flavordb	{'url': 'https://cosylab.iiitd.edu.in/flavordb/molecules_json?id=125468'}	id_matching	PUBCHEM_COMPOUND:125468	spicy
mf1990	flavordb	{'url': 'https://cosylab.iiitd.edu.in/flavordb/molecules_json?id=27209'}	id_matching	PUBCHEM_COMPOUND:27209	woody
mf1991	flavordb	{'url': 'https://cosylab.iiitd.edu.in/flavordb/molecules_json?id=27209'}	id_matching	PUBCHEM_COMPOUND:27209	red fruit
mf1992	flavordb	{'url': 'https://cosylab.iiitd.edu.in/flavordb/molecules_json?id=27209'}	id_matching	PUBCHEM_COMPOUND:27209	coumarin
mf1993	flavordb	{'url': 'https://cosylab.iiitd.edu.in/flavordb/molecules_json?id=27209'}	id_matching	PUBCHEM_COMPOUND:27209	musk
mf1994	flavordb	{'url': 'https://cosylab.iiitd.edu.in/flavordb/molecules_json?id=27209'}	id_matching	PUBCHEM_COMPOUND:27209	ripe apricot
mf1995	flavordb	{'url': 'https://cosylab.iiitd.edu.in/flavordb/molecules_json?id=5281534'}	id_matching	PUBCHEM_COMPOUND:5281534	mandarin
mf1996	flavordb	{'url': 'https://cosylab.iiitd.edu.in/flavordb/molecules_json?id=5281534'}	id_matching	PUBCHEM_COMPOUND:5281534	orange
mf1997	flavordb	{'url': 'https://cosylab.iiitd.edu.in/flavordb/molecules_json?id=5281534'}	id_matching	PUBCHEM_COMPOUND:5281534	citrus
mf1998	flavordb	{'url': 'https://cosylab.iiitd.edu.in/flavordb/molecules_json?id=7150'}	id_matching	PUBCHEM_COMPOUND:7150	cananga
mf1999	flavordb	{'url': 'https://cosylab.iiitd.edu.in/flavordb/molecules_json?id=7150'}	id_matching	PUBCHEM_COMPOUND:7150	floral
mf2000	flavordb	{'url': 'https://cosylab.iiitd.edu.in/flavordb/molecules_json?id=7150'}	id_matching	PUBCHEM_COMPOUND:7150	sweet
mf2001	flavordb	{'url': 'https://cosylab.iiitd.edu.in/flavordb/molecules_json?id=7150'}	id_matching	PUBCHEM_COMPOUND:7150	fruity odor, also similar to cananga
mf2002	flavordb	{'url': 'https://cosylab.iiitd.edu.in/flavordb/molecules_json?id=7150'}	id_matching	PUBCHEM_COMPOUND:7150	medicinal odor
mf2003	flavordb	{'url': 'https://cosylab.iiitd.edu.in/flavordb/molecules_json?id=7150'}	id_matching	PUBCHEM_COMPOUND:7150	almond
mf2004	flavordb	{'url': 'https://cosylab.iiitd.edu.in/flavordb/molecules_json?id=7150'}	id_matching	PUBCHEM_COMPOUND:7150	wintergreen
mf2005	flavordb	{'url': 'https://cosylab.iiitd.edu.in/flavordb/molecules_json?id=7150'}	id_matching	PUBCHEM_COMPOUND:7150	fragrant odor
mf2006	flavordb	{'url': 'https://cosylab.iiitd.edu.in/flavordb/molecules_json?id=7150'}	id_matching	PUBCHEM_COMPOUND:7150	prune
mf2007	flavordb	{'url': 'https://cosylab.iiitd.edu.in/flavordb/molecules_json?id=7150'}	id_matching	PUBCHEM_COMPOUND:7150	lettuce
mf2008	flavordb	{'url': 'https://cosylab.iiitd.edu.in/flavordb/molecules_json?id=7150'}	id_matching	PUBCHEM_COMPOUND:7150	phenolic
mf2009	flavordb	{'url': 'https://cosylab.iiitd.edu.in/flavordb/molecules_json?id=7150'}	id_matching	PUBCHEM_COMPOUND:7150	fruity, nutty, ... with cherry taste
mf2010	flavordb	{'url': 'https://cosylab.iiitd.edu.in/flavordb/molecules_json?id=7150'}	id_matching	PUBCHEM_COMPOUND:7150	herb
mf2011	flavordb	{'url': 'https://cosylab.iiitd.edu.in/flavordb/molecules_json?id=5281929'}	id_matching	PUBCHEM_COMPOUND:5281929	sharp persistent odor
mf2012	flavordb	{'url': 'https://cosylab.iiitd.edu.in/flavordb/molecules_json?id=7704'}	id_matching	PUBCHEM_COMPOUND:7704	sweet
mf2013	flavordb	{'url': 'https://cosylab.iiitd.edu.in/flavordb/molecules_json?id=7704'}	id_matching	PUBCHEM_COMPOUND:7704	waxy
mf2014	flavordb	{'url': 'https://cosylab.iiitd.edu.in/flavordb/molecules_json?id=7704'}	id_matching	PUBCHEM_COMPOUND:7704	creamy
mf2015	flavordb	{'url': 'https://cosylab.iiitd.edu.in/flavordb/molecules_json?id=7704'}	id_matching	PUBCHEM_COMPOUND:7704	fatty
mf2016	flavordb	{'url': 'https://cosylab.iiitd.edu.in/flavordb/molecules_json?id=7704'}	id_matching	PUBCHEM_COMPOUND:7704	tonka
mf2017	flavordb	{'url': 'https://cosylab.iiitd.edu.in/flavordb/molecules_json?id=7704'}	id_matching	PUBCHEM_COMPOUND:7704	coconut
mf2018	flavordb	{'url': 'https://cosylab.iiitd.edu.in/flavordb/molecules_json?id=7704'}	id_matching	PUBCHEM_COMPOUND:7704	dairy
mf2019	flavordb	{'url': 'https://cosylab.iiitd.edu.in/flavordb/molecules_json?id=6054'}	id_matching	PUBCHEM_COMPOUND:6054	floral
mf2020	flavordb	{'url': 'https://cosylab.iiitd.edu.in/flavordb/molecules_json?id=6054'}	id_matching	PUBCHEM_COMPOUND:6054	lilac
mf2021	flavordb	{'url': 'https://cosylab.iiitd.edu.in/flavordb/molecules_json?id=6054'}	id_matching	PUBCHEM_COMPOUND:6054	rose
mf2022	flavordb	{'url': 'https://cosylab.iiitd.edu.in/flavordb/molecules_json?id=6054'}	id_matching	PUBCHEM_COMPOUND:6054	rose flower
mf2023	flavordb	{'url': 'https://cosylab.iiitd.edu.in/flavordb/molecules_json?id=6054'}	id_matching	PUBCHEM_COMPOUND:6054	bitter
mf2024	flavordb	{'url': 'https://cosylab.iiitd.edu.in/flavordb/molecules_json?id=6054'}	id_matching	PUBCHEM_COMPOUND:6054	initially slightly bitter taste then sweet & reminiscent of peach
mf2025	flavordb	{'url': 'https://cosylab.iiitd.edu.in/flavordb/molecules_json?id=6054'}	id_matching	PUBCHEM_COMPOUND:6054	spice
mf2026	flavordb	{'url': 'https://cosylab.iiitd.edu.in/flavordb/molecules_json?id=6054'}	id_matching	PUBCHEM_COMPOUND:6054	sharp burning taste
mf2027	flavordb	{'url': 'https://cosylab.iiitd.edu.in/flavordb/molecules_json?id=6054'}	id_matching	PUBCHEM_COMPOUND:6054	honey
mf2028	flavordb	{'url': 'https://cosylab.iiitd.edu.in/flavordb/molecules_json?id=6054'}	id_matching	PUBCHEM_COMPOUND:6054	99% pure vary in odor because of the impurities present.
mf2029	flavordb	{'url': 'https://cosylab.iiitd.edu.in/flavordb/molecules_json?id=6054'}	id_matching	PUBCHEM_COMPOUND:6054	pure pea has an extremely mild roselike odor. >
mf2030	flavordb	{'url': 'https://cosylab.iiitd.edu.in/flavordb/molecules_json?id=6054'}	id_matching	PUBCHEM_COMPOUND:6054	characteristic rose-like odor
mf2031	flavordb	{'url': 'https://cosylab.iiitd.edu.in/flavordb/molecules_json?id=6054'}	id_matching	PUBCHEM_COMPOUND:6054	rose dried
mf2032	flavordb	{'url': 'https://cosylab.iiitd.edu.in/flavordb/molecules_json?id=6054'}	id_matching	PUBCHEM_COMPOUND:6054	rose water
mf2033	flavordb	{'url': 'https://cosylab.iiitd.edu.in/flavordb/molecules_json?id=31234'}	id_matching	PUBCHEM_COMPOUND:31234	mignonette
mf2034	flavordb	{'url': 'https://cosylab.iiitd.edu.in/flavordb/molecules_json?id=31234'}	id_matching	PUBCHEM_COMPOUND:31234	balsam
mf2035	flavordb	{'url': 'https://cosylab.iiitd.edu.in/flavordb/molecules_json?id=31234'}	id_matching	PUBCHEM_COMPOUND:31234	sweet
mf2036	flavordb	{'url': 'https://cosylab.iiitd.edu.in/flavordb/molecules_json?id=31234'}	id_matching	PUBCHEM_COMPOUND:31234	sweet and pungent taste suggestive of apricot
mf2037	flavordb	{'url': 'https://cosylab.iiitd.edu.in/flavordb/molecules_json?id=31234'}	id_matching	PUBCHEM_COMPOUND:31234	cinnamyl
mf2038	flavordb	{'url': 'https://cosylab.iiitd.edu.in/flavordb/molecules_json?id=31234'}	id_matching	PUBCHEM_COMPOUND:31234	hyacinth
mf2039	flavordb	{'url': 'https://cosylab.iiitd.edu.in/flavordb/molecules_json?id=31234'}	id_matching	PUBCHEM_COMPOUND:31234	cinnamon
mf2040	flavordb	{'url': 'https://cosylab.iiitd.edu.in/flavordb/molecules_json?id=31234'}	id_matching	PUBCHEM_COMPOUND:31234	floral odor
mf2041	flavordb	{'url': 'https://cosylab.iiitd.edu.in/flavordb/molecules_json?id=31234'}	id_matching	PUBCHEM_COMPOUND:31234	blossomy-balsamic odor, slightly reminiscent of hyacinths
mf2042	flavordb	{'url': 'https://cosylab.iiitd.edu.in/flavordb/molecules_json?id=31234'}	id_matching	PUBCHEM_COMPOUND:31234	sweet, hyacinth-mignonette odor
mf2043	flavordb	{'url': 'https://cosylab.iiitd.edu.in/flavordb/molecules_json?id=31234'}	id_matching	PUBCHEM_COMPOUND:31234	anise
mf2044	flavordb	{'url': 'https://cosylab.iiitd.edu.in/flavordb/molecules_json?id=31234'}	id_matching	PUBCHEM_COMPOUND:31234	spicy
mf2045	flavordb	{'url': 'https://cosylab.iiitd.edu.in/flavordb/molecules_json?id=31234'}	id_matching	PUBCHEM_COMPOUND:31234	fruit
mf2046	flavordb	{'url': 'https://cosylab.iiitd.edu.in/flavordb/molecules_json?id=31234'}	id_matching	PUBCHEM_COMPOUND:31234	spicy, cinnamon, balsamic, fruity, winey and honey-like with floral nuances
mf2047	flavordb	{'url': 'https://cosylab.iiitd.edu.in/flavordb/molecules_json?id=6736'}	id_matching	PUBCHEM_COMPOUND:6736	civet
mf2048	flavordb	{'url': 'https://cosylab.iiitd.edu.in/flavordb/molecules_json?id=6736'}	id_matching	PUBCHEM_COMPOUND:6736	animal
mf2049	flavordb	{'url': 'https://cosylab.iiitd.edu.in/flavordb/molecules_json?id=6736'}	id_matching	PUBCHEM_COMPOUND:6736	fecal odor
mf2050	flavordb	{'url': 'https://cosylab.iiitd.edu.in/flavordb/molecules_json?id=6736'}	id_matching	PUBCHEM_COMPOUND:6736	indole
mf2051	flavordb	{'url': 'https://cosylab.iiitd.edu.in/flavordb/molecules_json?id=6736'}	id_matching	PUBCHEM_COMPOUND:6736	mothball
mf2052	flavordb	{'url': 'https://cosylab.iiitd.edu.in/flavordb/molecules_json?id=6736'}	id_matching	PUBCHEM_COMPOUND:6736	fecal
mf2053	flavordb	{'url': 'https://cosylab.iiitd.edu.in/flavordb/molecules_json?id=6736'}	id_matching	PUBCHEM_COMPOUND:6736	warm, over-ripe, fruity flavor below 0.1 ppm
mf2054	flavordb	{'url': 'https://cosylab.iiitd.edu.in/flavordb/molecules_json?id=6736'}	id_matching	PUBCHEM_COMPOUND:6736	characteristic fecal odor at high levels, becoming pleasant, sweet, and warm at very low levels
mf2055	flavordb	{'url': 'https://cosylab.iiitd.edu.in/flavordb/molecules_json?id=6736'}	id_matching	PUBCHEM_COMPOUND:6736	very strong
mf2056	flavordb	{'url': 'https://cosylab.iiitd.edu.in/flavordb/molecules_json?id=5318645'}	id_matching	PUBCHEM_COMPOUND:5318645	sweet-like
mf2057	flavordb	{'url': 'https://cosylab.iiitd.edu.in/flavordb/molecules_json?id=5481663'}	id_matching	PUBCHEM_COMPOUND:5481663	sweet-like
mf2058	flavordb	{'url': 'https://cosylab.iiitd.edu.in/flavordb/molecules_json?id=1032'}	id_matching	PUBCHEM_COMPOUND:1032	vinegar
mf2059	flavordb	{'url': 'https://cosylab.iiitd.edu.in/flavordb/molecules_json?id=1032'}	id_matching	PUBCHEM_COMPOUND:1032	sour & mildly cheese-like
mf2060	flavordb	{'url': 'https://cosylab.iiitd.edu.in/flavordb/molecules_json?id=1032'}	id_matching	PUBCHEM_COMPOUND:1032	rancid
mf2061	flavordb	{'url': 'https://cosylab.iiitd.edu.in/flavordb/molecules_json?id=1032'}	id_matching	PUBCHEM_COMPOUND:1032	slightly pungent disagreeable, rancid odor
mf2062	flavordb	{'url': 'https://cosylab.iiitd.edu.in/flavordb/molecules_json?id=1032'}	id_matching	PUBCHEM_COMPOUND:1032	pungent
mf2063	flavordb	{'url': 'https://cosylab.iiitd.edu.in/flavordb/molecules_json?id=1032'}	id_matching	PUBCHEM_COMPOUND:1032	cheesy
mf2064	flavordb	{'url': 'https://cosylab.iiitd.edu.in/flavordb/molecules_json?id=1032'}	id_matching	PUBCHEM_COMPOUND:1032	acidic
mf2065	flavordb	{'url': 'https://cosylab.iiitd.edu.in/flavordb/molecules_json?id=1032'}	id_matching	PUBCHEM_COMPOUND:1032	soy
mf2066	flavordb	{'url': 'https://cosylab.iiitd.edu.in/flavordb/molecules_json?id=440968'}	id_matching	PUBCHEM_COMPOUND:440968	pine
mf2067	flavordb	{'url': 'https://cosylab.iiitd.edu.in/flavordb/molecules_json?id=440968'}	id_matching	PUBCHEM_COMPOUND:440968	sharp
mf2068	flavordb	{'url': 'https://cosylab.iiitd.edu.in/flavordb/molecules_json?id=440968'}	id_matching	PUBCHEM_COMPOUND:440968	odor of turpentine
mf2069	flavordb	{'url': 'https://cosylab.iiitd.edu.in/flavordb/molecules_json?id=440968'}	id_matching	PUBCHEM_COMPOUND:440968	resinous
mf2070	flavordb	{'url': 'https://cosylab.iiitd.edu.in/flavordb/molecules_json?id=440968'}	id_matching	PUBCHEM_COMPOUND:440968	fresh
mf2071	flavordb	{'url': 'https://cosylab.iiitd.edu.in/flavordb/molecules_json?id=440968'}	id_matching	PUBCHEM_COMPOUND:440968	characteristic odor of pine
mf2072	flavordb	{'url': 'https://cosylab.iiitd.edu.in/flavordb/molecules_json?id=440968'}	id_matching	PUBCHEM_COMPOUND:440968	warm
mf2073	flavordb	{'url': 'https://cosylab.iiitd.edu.in/flavordb/molecules_json?id=261'}	id_matching	PUBCHEM_COMPOUND:261	creamy
mf2074	flavordb	{'url': 'https://cosylab.iiitd.edu.in/flavordb/molecules_json?id=261'}	id_matching	PUBCHEM_COMPOUND:261	bready
mf2075	flavordb	{'url': 'https://cosylab.iiitd.edu.in/flavordb/molecules_json?id=261'}	id_matching	PUBCHEM_COMPOUND:261	apple
mf2076	flavordb	{'url': 'https://cosylab.iiitd.edu.in/flavordb/molecules_json?id=261'}	id_matching	PUBCHEM_COMPOUND:261	floral
mf2077	flavordb	{'url': 'https://cosylab.iiitd.edu.in/flavordb/molecules_json?id=261'}	id_matching	PUBCHEM_COMPOUND:261	green
mf2078	flavordb	{'url': 'https://cosylab.iiitd.edu.in/flavordb/molecules_json?id=261'}	id_matching	PUBCHEM_COMPOUND:261	herbaceous
mf2079	flavordb	{'url': 'https://cosylab.iiitd.edu.in/flavordb/molecules_json?id=261'}	id_matching	PUBCHEM_COMPOUND:261	fruity
mf2080	flavordb	{'url': 'https://cosylab.iiitd.edu.in/flavordb/molecules_json?id=261'}	id_matching	PUBCHEM_COMPOUND:261	citrus
mf2081	flavordb	{'url': 'https://cosylab.iiitd.edu.in/flavordb/molecules_json?id=261'}	id_matching	PUBCHEM_COMPOUND:261	meaty
mf2082	flavordb	{'url': 'https://cosylab.iiitd.edu.in/flavordb/molecules_json?id=261'}	id_matching	PUBCHEM_COMPOUND:261	fatty
mf2083	flavordb	{'url': 'https://cosylab.iiitd.edu.in/flavordb/molecules_json?id=261'}	id_matching	PUBCHEM_COMPOUND:261	wine_like
mf2084	flavordb	{'url': 'https://cosylab.iiitd.edu.in/flavordb/molecules_json?id=261'}	id_matching	PUBCHEM_COMPOUND:261	musty
mf2085	flavordb	{'url': 'https://cosylab.iiitd.edu.in/flavordb/molecules_json?id=261'}	id_matching	PUBCHEM_COMPOUND:261	malty
mf2086	flavordb	{'url': 'https://cosylab.iiitd.edu.in/flavordb/molecules_json?id=261'}	id_matching	PUBCHEM_COMPOUND:261	spicy
mf2087	flavordb	{'url': 'https://cosylab.iiitd.edu.in/flavordb/molecules_json?id=261'}	id_matching	PUBCHEM_COMPOUND:261	vegetable
mf2088	flavordb	{'url': 'https://cosylab.iiitd.edu.in/flavordb/molecules_json?id=261'}	id_matching	PUBCHEM_COMPOUND:261	woody
mf2089	flavordb	{'url': 'https://cosylab.iiitd.edu.in/flavordb/molecules_json?id=261'}	id_matching	PUBCHEM_COMPOUND:261	characteristic, pungent, aldehyde odor
mf2090	flavordb	{'url': 'https://cosylab.iiitd.edu.in/flavordb/molecules_json?id=261'}	id_matching	PUBCHEM_COMPOUND:261	pungent
mf2091	flavordb	{'url': 'https://cosylab.iiitd.edu.in/flavordb/molecules_json?id=261'}	id_matching	PUBCHEM_COMPOUND:261	cocoa
mf2092	flavordb	{'url': 'https://cosylab.iiitd.edu.in/flavordb/molecules_json?id=261'}	id_matching	PUBCHEM_COMPOUND:261	earthy
mf2093	flavordb	{'url': 'https://cosylab.iiitd.edu.in/flavordb/molecules_json?id=261'}	id_matching	PUBCHEM_COMPOUND:261	pear
mf2094	flavordb	{'url': 'https://cosylab.iiitd.edu.in/flavordb/molecules_json?id=261'}	id_matching	PUBCHEM_COMPOUND:261	chocolate
mf2095	flavordb	{'url': 'https://cosylab.iiitd.edu.in/flavordb/molecules_json?id=261'}	id_matching	PUBCHEM_COMPOUND:261	nutty
mf2096	flavordb	{'url': 'https://cosylab.iiitd.edu.in/flavordb/molecules_json?id=5283361'}	id_matching	PUBCHEM_COMPOUND:5283361	green
mf2097	flavordb	{'url': 'https://cosylab.iiitd.edu.in/flavordb/molecules_json?id=5283361'}	id_matching	PUBCHEM_COMPOUND:5283361	sweet
mf2098	flavordb	{'url': 'https://cosylab.iiitd.edu.in/flavordb/molecules_json?id=5283361'}	id_matching	PUBCHEM_COMPOUND:5283361	fat
mf2099	flavordb	{'url': 'https://cosylab.iiitd.edu.in/flavordb/molecules_json?id=5283361'}	id_matching	PUBCHEM_COMPOUND:5283361	fruity
mf2100	flavordb	{'url': 'https://cosylab.iiitd.edu.in/flavordb/molecules_json?id=5283361'}	id_matching	PUBCHEM_COMPOUND:5283361	waxy
mf2101	flavordb	{'url': 'https://cosylab.iiitd.edu.in/flavordb/molecules_json?id=5283361'}	id_matching	PUBCHEM_COMPOUND:5283361	mandarin
mf2102	flavordb	{'url': 'https://cosylab.iiitd.edu.in/flavordb/molecules_json?id=5283361'}	id_matching	PUBCHEM_COMPOUND:5283361	orange
mf2103	flavordb	{'url': 'https://cosylab.iiitd.edu.in/flavordb/molecules_json?id=5283361'}	id_matching	PUBCHEM_COMPOUND:5283361	citrus
mf2104	flavordb	{'url': 'https://cosylab.iiitd.edu.in/flavordb/molecules_json?id=5283361'}	id_matching	PUBCHEM_COMPOUND:5283361	herbal
mf2105	flavordb	{'url': 'https://cosylab.iiitd.edu.in/flavordb/molecules_json?id=5283361'}	id_matching	PUBCHEM_COMPOUND:5283361	aldehydic
mf2106	flavordb	{'url': 'https://cosylab.iiitd.edu.in/flavordb/molecules_json?id=5283361'}	id_matching	PUBCHEM_COMPOUND:5283361	metallic
mf2107	flavordb	{'url': 'https://cosylab.iiitd.edu.in/flavordb/molecules_json?id=119093'}	id_matching	PUBCHEM_COMPOUND:119093	bitter
mf2108	flavordb	{'url': 'https://cosylab.iiitd.edu.in/flavordb/molecules_json?id=72320'}	id_matching	PUBCHEM_COMPOUND:72320	bitter
mf2109	flavordb	{'url': 'https://cosylab.iiitd.edu.in/flavordb/molecules_json?id=7020'}	id_matching	PUBCHEM_COMPOUND:7020	bitter
mf2110	flavordb	{'url': 'https://cosylab.iiitd.edu.in/flavordb/molecules_json?id=32594'}	id_matching	PUBCHEM_COMPOUND:32594	green
mf2111	flavordb	{'url': 'https://cosylab.iiitd.edu.in/flavordb/molecules_json?id=32594'}	id_matching	PUBCHEM_COMPOUND:32594	pepper
mf2112	flavordb	{'url': 'https://cosylab.iiitd.edu.in/flavordb/molecules_json?id=32594'}	id_matching	PUBCHEM_COMPOUND:32594	spice
mf2113	flavordb	{'url': 'https://cosylab.iiitd.edu.in/flavordb/molecules_json?id=32594'}	id_matching	PUBCHEM_COMPOUND:32594	pea
mf2114	flavordb	{'url': 'https://cosylab.iiitd.edu.in/flavordb/molecules_json?id=32594'}	id_matching	PUBCHEM_COMPOUND:32594	green pepper
mf2115	flavordb	{'url': 'https://cosylab.iiitd.edu.in/flavordb/molecules_json?id=32594'}	id_matching	PUBCHEM_COMPOUND:32594	galbanum
mf2116	flavordb	{'url': 'https://cosylab.iiitd.edu.in/flavordb/molecules_json?id=32594'}	id_matching	PUBCHEM_COMPOUND:32594	bell
mf2117	flavordb	{'url': 'https://cosylab.iiitd.edu.in/flavordb/molecules_json?id=32594'}	id_matching	PUBCHEM_COMPOUND:32594	earth
mf2118	flavordb	{'url': 'https://cosylab.iiitd.edu.in/flavordb/molecules_json?id=520098'}	id_matching	PUBCHEM_COMPOUND:520098	green
mf2119	flavordb	{'url': 'https://cosylab.iiitd.edu.in/flavordb/molecules_json?id=520098'}	id_matching	PUBCHEM_COMPOUND:520098	pepper
mf2120	flavordb	{'url': 'https://cosylab.iiitd.edu.in/flavordb/molecules_json?id=520098'}	id_matching	PUBCHEM_COMPOUND:520098	carrot
mf2121	flavordb	{'url': 'https://cosylab.iiitd.edu.in/flavordb/molecules_json?id=520098'}	id_matching	PUBCHEM_COMPOUND:520098	pea
mf2122	flavordb	{'url': 'https://cosylab.iiitd.edu.in/flavordb/molecules_json?id=520098'}	id_matching	PUBCHEM_COMPOUND:520098	galbanum
mf2123	flavordb	{'url': 'https://cosylab.iiitd.edu.in/flavordb/molecules_json?id=520098'}	id_matching	PUBCHEM_COMPOUND:520098	musty
mf2124	flavordb	{'url': 'https://cosylab.iiitd.edu.in/flavordb/molecules_json?id=520098'}	id_matching	PUBCHEM_COMPOUND:520098	bell
mf2125	flavordb	{'url': 'https://cosylab.iiitd.edu.in/flavordb/molecules_json?id=520098'}	id_matching	PUBCHEM_COMPOUND:520098	earth
mf2126	flavordb	{'url': 'https://cosylab.iiitd.edu.in/flavordb/molecules_json?id=222656'}	id_matching	PUBCHEM_COMPOUND:222656	odorless
mf2127	flavordb	{'url': 'https://cosylab.iiitd.edu.in/flavordb/molecules_json?id=5957'}	id_matching	PUBCHEM_COMPOUND:5957	sweet-like
mf2128	flavordb	{'url': 'https://cosylab.iiitd.edu.in/flavordb/molecules_json?id=62332'}	id_matching	PUBCHEM_COMPOUND:62332	floral
mf2129	flavordb	{'url': 'https://cosylab.iiitd.edu.in/flavordb/molecules_json?id=62332'}	id_matching	PUBCHEM_COMPOUND:62332	rose
mf2130	flavordb	{'url': 'https://cosylab.iiitd.edu.in/flavordb/molecules_json?id=62332'}	id_matching	PUBCHEM_COMPOUND:62332	hyacinth
mf2131	flavordb	{'url': 'https://cosylab.iiitd.edu.in/flavordb/molecules_json?id=62332'}	id_matching	PUBCHEM_COMPOUND:62332	carnation
mf2132	flavordb	{'url': 'https://cosylab.iiitd.edu.in/flavordb/molecules_json?id=62332'}	id_matching	PUBCHEM_COMPOUND:62332	balsamic
mf2133	flavordb	{'url': 'https://cosylab.iiitd.edu.in/flavordb/molecules_json?id=16126794'}	id_matching	PUBCHEM_COMPOUND:16126794	sweet-like
mf2134	flavordb	{'url': 'https://cosylab.iiitd.edu.in/flavordb/molecules_json?id=12777'}	id_matching	PUBCHEM_COMPOUND:12777	sweet
mf2135	flavordb	{'url': 'https://cosylab.iiitd.edu.in/flavordb/molecules_json?id=12777'}	id_matching	PUBCHEM_COMPOUND:12777	peach
mf2136	flavordb	{'url': 'https://cosylab.iiitd.edu.in/flavordb/molecules_json?id=12777'}	id_matching	PUBCHEM_COMPOUND:12777	fatty
mf2137	flavordb	{'url': 'https://cosylab.iiitd.edu.in/flavordb/molecules_json?id=12777'}	id_matching	PUBCHEM_COMPOUND:12777	tonka
mf2138	flavordb	{'url': 'https://cosylab.iiitd.edu.in/flavordb/molecules_json?id=12777'}	id_matching	PUBCHEM_COMPOUND:12777	tropical
mf2139	flavordb	{'url': 'https://cosylab.iiitd.edu.in/flavordb/molecules_json?id=12777'}	id_matching	PUBCHEM_COMPOUND:12777	coconut
mf2140	flavordb	{'url': 'https://cosylab.iiitd.edu.in/flavordb/molecules_json?id=12777'}	id_matching	PUBCHEM_COMPOUND:12777	dairy
mf2141	flavordb	{'url': 'https://cosylab.iiitd.edu.in/flavordb/molecules_json?id=11463'}	id_matching	PUBCHEM_COMPOUND:11463	plastic
mf2142	flavordb	{'url': 'https://cosylab.iiitd.edu.in/flavordb/molecules_json?id=11463'}	id_matching	PUBCHEM_COMPOUND:11463	terpene taste
mf2143	flavordb	{'url': 'https://cosylab.iiitd.edu.in/flavordb/molecules_json?id=11463'}	id_matching	PUBCHEM_COMPOUND:11463	sweet
mf2144	flavordb	{'url': 'https://cosylab.iiitd.edu.in/flavordb/molecules_json?id=11463'}	id_matching	PUBCHEM_COMPOUND:11463	pine
mf2145	flavordb	{'url': 'https://cosylab.iiitd.edu.in/flavordb/molecules_json?id=11463'}	id_matching	PUBCHEM_COMPOUND:11463	woody
mf2146	flavordb	{'url': 'https://cosylab.iiitd.edu.in/flavordb/molecules_json?id=11463'}	id_matching	PUBCHEM_COMPOUND:11463	somewhat sweet, citrus flavor
mf2147	flavordb	{'url': 'https://cosylab.iiitd.edu.in/flavordb/molecules_json?id=11463'}	id_matching	PUBCHEM_COMPOUND:11463	pine-like aroma
mf2148	flavordb	{'url': 'https://cosylab.iiitd.edu.in/flavordb/molecules_json?id=11463'}	id_matching	PUBCHEM_COMPOUND:11463	citrus
mf2149	flavordb	{'url': 'https://cosylab.iiitd.edu.in/flavordb/molecules_json?id=11463'}	id_matching	PUBCHEM_COMPOUND:11463	sweet, pine odor
mf2150	flavordb	{'url': 'https://cosylab.iiitd.edu.in/flavordb/molecules_json?id=11463'}	id_matching	PUBCHEM_COMPOUND:11463	fresh
mf2151	flavordb	{'url': 'https://cosylab.iiitd.edu.in/flavordb/molecules_json?id=7720'}	id_matching	PUBCHEM_COMPOUND:7720	floral
mf2152	flavordb	{'url': 'https://cosylab.iiitd.edu.in/flavordb/molecules_json?id=7720'}	id_matching	PUBCHEM_COMPOUND:7720	green
mf2153	flavordb	{'url': 'https://cosylab.iiitd.edu.in/flavordb/molecules_json?id=7720'}	id_matching	PUBCHEM_COMPOUND:7720	sweet
mf2154	flavordb	{'url': 'https://cosylab.iiitd.edu.in/flavordb/molecules_json?id=7720'}	id_matching	PUBCHEM_COMPOUND:7720	rose
mf2155	flavordb	{'url': 'https://cosylab.iiitd.edu.in/flavordb/molecules_json?id=7720'}	id_matching	PUBCHEM_COMPOUND:7720	citrus
mf2156	flavordb	{'url': 'https://cosylab.iiitd.edu.in/flavordb/molecules_json?id=7720'}	id_matching	PUBCHEM_COMPOUND:7720	sweet, fatty-floral taste with fruital note
mf2157	flavordb	{'url': 'https://cosylab.iiitd.edu.in/flavordb/molecules_json?id=7720'}	id_matching	PUBCHEM_COMPOUND:7720	fresh
mf2158	flavordb	{'url': 'https://cosylab.iiitd.edu.in/flavordb/molecules_json?id=7720'}	id_matching	PUBCHEM_COMPOUND:7720	intense and unpleasant
mf2159	flavordb	{'url': 'https://cosylab.iiitd.edu.in/flavordb/molecules_json?id=7720'}	id_matching	PUBCHEM_COMPOUND:7720	mild, oily, sweet, slightly floral odor reminiscent of rose
mf2160	flavordb	{'url': 'https://cosylab.iiitd.edu.in/flavordb/molecules_json?id=7720'}	id_matching	PUBCHEM_COMPOUND:7720	oily
mf2161	flavordb	{'url': 'https://cosylab.iiitd.edu.in/flavordb/molecules_json?id=2236'}	id_matching	PUBCHEM_COMPOUND:2236	bitter
mf2162	flavordb	{'url': 'https://cosylab.iiitd.edu.in/flavordb/molecules_json?id=222285'}	id_matching	PUBCHEM_COMPOUND:222285	sweet-like
mf2163	flavordb	{'url': 'https://cosylab.iiitd.edu.in/flavordb/molecules_json?id=222285'}	id_matching	PUBCHEM_COMPOUND:222285	compared to sucrose, it exhibits a sweetness of 60-70% depending on the food system
mf2164	flavordb	{'url': 'https://cosylab.iiitd.edu.in/flavordb/molecules_json?id=222285'}	id_matching	PUBCHEM_COMPOUND:222285	about twice as sweet as sucrose
mf2165	flavordb	{'url': 'https://cosylab.iiitd.edu.in/flavordb/molecules_json?id=222285'}	id_matching	PUBCHEM_COMPOUND:222285	odorless
mf2166	flavordb	{'url': 'https://cosylab.iiitd.edu.in/flavordb/molecules_json?id=14257'}	id_matching	PUBCHEM_COMPOUND:14257	faint odor
mf2167	flavordb	{'url': 'https://cosylab.iiitd.edu.in/flavordb/molecules_json?id=14257'}	id_matching	PUBCHEM_COMPOUND:14257	alkane
mf2168	flavordb	{'url': 'https://cosylab.iiitd.edu.in/flavordb/molecules_json?id=17106'}	id_matching	PUBCHEM_COMPOUND:17106	sweet
mf2169	flavordb	{'url': 'https://cosylab.iiitd.edu.in/flavordb/molecules_json?id=10112'}	id_matching	PUBCHEM_COMPOUND:10112	chalky taste
mf2170	flavordb	{'url': 'https://cosylab.iiitd.edu.in/flavordb/molecules_json?id=10112'}	id_matching	PUBCHEM_COMPOUND:10112	odorless
mf2171	flavordb	{'url': 'https://cosylab.iiitd.edu.in/flavordb/molecules_json?id=10112'}	id_matching	PUBCHEM_COMPOUND:10112	tasteless
mf2172	flavordb	{'url': 'https://cosylab.iiitd.edu.in/flavordb/molecules_json?id=637090'}	id_matching	PUBCHEM_COMPOUND:637090	milky
mf2173	flavordb	{'url': 'https://cosylab.iiitd.edu.in/flavordb/molecules_json?id=637090'}	id_matching	PUBCHEM_COMPOUND:637090	burnt
mf2174	flavordb	{'url': 'https://cosylab.iiitd.edu.in/flavordb/molecules_json?id=637090'}	id_matching	PUBCHEM_COMPOUND:637090	roasted
mf2175	flavordb	{'url': 'https://cosylab.iiitd.edu.in/flavordb/molecules_json?id=92139'}	id_matching	PUBCHEM_COMPOUND:92139	herb
mf2176	flavordb	{'url': 'https://cosylab.iiitd.edu.in/flavordb/molecules_json?id=91496'}	id_matching	PUBCHEM_COMPOUND:91496	fruit
mf2177	flavordb	{'url': 'https://cosylab.iiitd.edu.in/flavordb/molecules_json?id=192826'}	id_matching	PUBCHEM_COMPOUND:192826	sweet
mf2178	flavordb	{'url': 'https://cosylab.iiitd.edu.in/flavordb/molecules_json?id=9816473'}	id_matching	PUBCHEM_COMPOUND:9816473	sweet
mf2179	flavordb	{'url': 'https://cosylab.iiitd.edu.in/flavordb/molecules_json?id=6885'}	id_matching	PUBCHEM_COMPOUND:6885	sweet
mf2180	flavordb	{'url': 'https://cosylab.iiitd.edu.in/flavordb/molecules_json?id=6885'}	id_matching	PUBCHEM_COMPOUND:6885	powdery
mf2181	flavordb	{'url': 'https://cosylab.iiitd.edu.in/flavordb/molecules_json?id=6885'}	id_matching	PUBCHEM_COMPOUND:6885	lactonic
mf2182	flavordb	{'url': 'https://cosylab.iiitd.edu.in/flavordb/molecules_json?id=6885'}	id_matching	PUBCHEM_COMPOUND:6885	coumarin
mf2183	flavordb	{'url': 'https://cosylab.iiitd.edu.in/flavordb/molecules_json?id=6885'}	id_matching	PUBCHEM_COMPOUND:6885	tonka
mf2184	flavordb	{'url': 'https://cosylab.iiitd.edu.in/flavordb/molecules_json?id=6885'}	id_matching	PUBCHEM_COMPOUND:6885	coconut
mf2185	flavordb	{'url': 'https://cosylab.iiitd.edu.in/flavordb/molecules_json?id=6885'}	id_matching	PUBCHEM_COMPOUND:6885	phenolic
mf2186	flavordb	{'url': 'https://cosylab.iiitd.edu.in/flavordb/molecules_json?id=5320250'}	id_matching	PUBCHEM_COMPOUND:5320250	floral
mf2187	flavordb	{'url': 'https://cosylab.iiitd.edu.in/flavordb/molecules_json?id=5320250'}	id_matching	PUBCHEM_COMPOUND:5320250	sweet
mf2188	flavordb	{'url': 'https://cosylab.iiitd.edu.in/flavordb/molecules_json?id=5320250'}	id_matching	PUBCHEM_COMPOUND:5320250	citrus
mf2189	flavordb	{'url': 'https://cosylab.iiitd.edu.in/flavordb/molecules_json?id=5320250'}	id_matching	PUBCHEM_COMPOUND:5320250	flower
mf2190	flavordb	{'url': 'https://cosylab.iiitd.edu.in/flavordb/molecules_json?id=5320250'}	id_matching	PUBCHEM_COMPOUND:5320250	herb
mf2191	flavordb	{'url': 'https://cosylab.iiitd.edu.in/flavordb/molecules_json?id=5320250'}	id_matching	PUBCHEM_COMPOUND:5320250	warm
mf2192	flavordb	{'url': 'https://cosylab.iiitd.edu.in/flavordb/molecules_json?id=7945'}	id_matching	PUBCHEM_COMPOUND:7945	sweet
mf2193	flavordb	{'url': 'https://cosylab.iiitd.edu.in/flavordb/molecules_json?id=7945'}	id_matching	PUBCHEM_COMPOUND:7945	pineapple
mf2194	flavordb	{'url': 'https://cosylab.iiitd.edu.in/flavordb/molecules_json?id=7945'}	id_matching	PUBCHEM_COMPOUND:7945	fruity
mf2195	flavordb	{'url': 'https://cosylab.iiitd.edu.in/flavordb/molecules_json?id=7945'}	id_matching	PUBCHEM_COMPOUND:7945	tutti frutti
mf2196	flavordb	{'url': 'https://cosylab.iiitd.edu.in/flavordb/molecules_json?id=7945'}	id_matching	PUBCHEM_COMPOUND:7945	apple
mf2197	flavordb	{'url': 'https://cosylab.iiitd.edu.in/flavordb/molecules_json?id=7945'}	id_matching	PUBCHEM_COMPOUND:7945	fruit
mf2198	flavordb	{'url': 'https://cosylab.iiitd.edu.in/flavordb/molecules_json?id=2345'}	id_matching	PUBCHEM_COMPOUND:2345	balsam
mf2199	flavordb	{'url': 'https://cosylab.iiitd.edu.in/flavordb/molecules_json?id=2345'}	id_matching	PUBCHEM_COMPOUND:2345	sweet
mf2200	flavordb	{'url': 'https://cosylab.iiitd.edu.in/flavordb/molecules_json?id=2345'}	id_matching	PUBCHEM_COMPOUND:2345	pineapple
mf2201	flavordb	{'url': 'https://cosylab.iiitd.edu.in/flavordb/molecules_json?id=2345'}	id_matching	PUBCHEM_COMPOUND:2345	faint pleasant aromatic odor
mf2202	flavordb	{'url': 'https://cosylab.iiitd.edu.in/flavordb/molecules_json?id=2345'}	id_matching	PUBCHEM_COMPOUND:2345	almond
mf2203	flavordb	{'url': 'https://cosylab.iiitd.edu.in/flavordb/molecules_json?id=2345'}	id_matching	PUBCHEM_COMPOUND:2345	strawberry
mf2204	flavordb	{'url': 'https://cosylab.iiitd.edu.in/flavordb/molecules_json?id=2345'}	id_matching	PUBCHEM_COMPOUND:2345	herbal
mf2205	flavordb	{'url': 'https://cosylab.iiitd.edu.in/flavordb/molecules_json?id=2345'}	id_matching	PUBCHEM_COMPOUND:2345	oil
mf2206	flavordb	{'url': 'https://cosylab.iiitd.edu.in/flavordb/molecules_json?id=2345'}	id_matching	PUBCHEM_COMPOUND:2345	sharp burning taste
mf2207	flavordb	{'url': 'https://cosylab.iiitd.edu.in/flavordb/molecules_json?id=2345'}	id_matching	PUBCHEM_COMPOUND:2345	cheese
mf2208	flavordb	{'url': 'https://cosylab.iiitd.edu.in/flavordb/molecules_json?id=2345'}	id_matching	PUBCHEM_COMPOUND:2345	herb
mf2209	flavordb	{'url': 'https://cosylab.iiitd.edu.in/flavordb/molecules_json?id=2345'}	id_matching	PUBCHEM_COMPOUND:2345	balsamic
mf2210	flavordb	{'url': 'https://cosylab.iiitd.edu.in/flavordb/molecules_json?id=2345'}	id_matching	PUBCHEM_COMPOUND:2345	faint
mf2211	flavordb	{'url': 'https://cosylab.iiitd.edu.in/flavordb/molecules_json?id=2345'}	id_matching	PUBCHEM_COMPOUND:2345	oily
mf2212	flavordb	{'url': 'https://cosylab.iiitd.edu.in/flavordb/molecules_json?id=2345'}	id_matching	PUBCHEM_COMPOUND:2345	cherry
mf2213	flavordb	{'url': 'https://cosylab.iiitd.edu.in/flavordb/molecules_json?id=67521'}	id_matching	PUBCHEM_COMPOUND:67521	mushroom
mf2214	flavordb	{'url': 'https://cosylab.iiitd.edu.in/flavordb/molecules_json?id=51'}	id_matching	PUBCHEM_COMPOUND:51	odorless
mf2215	flavordb	{'url': 'https://cosylab.iiitd.edu.in/flavordb/molecules_json?id=6998'}	id_matching	PUBCHEM_COMPOUND:6998	spicy, nut taste
mf2216	flavordb	{'url': 'https://cosylab.iiitd.edu.in/flavordb/molecules_json?id=6998'}	id_matching	PUBCHEM_COMPOUND:6998	nut-like, coumarin flavor at low levels
mf2217	flavordb	{'url': 'https://cosylab.iiitd.edu.in/flavordb/molecules_json?id=6998'}	id_matching	PUBCHEM_COMPOUND:6998	phenolic odor
mf2218	flavordb	{'url': 'https://cosylab.iiitd.edu.in/flavordb/molecules_json?id=6998'}	id_matching	PUBCHEM_COMPOUND:6998	cinnamon
mf2219	flavordb	{'url': 'https://cosylab.iiitd.edu.in/flavordb/molecules_json?id=6998'}	id_matching	PUBCHEM_COMPOUND:6998	wintergreen
mf2220	flavordb	{'url': 'https://cosylab.iiitd.edu.in/flavordb/molecules_json?id=6998'}	id_matching	PUBCHEM_COMPOUND:6998	cooling
mf2221	flavordb	{'url': 'https://cosylab.iiitd.edu.in/flavordb/molecules_json?id=6998'}	id_matching	PUBCHEM_COMPOUND:6998	burning taste
mf2222	flavordb	{'url': 'https://cosylab.iiitd.edu.in/flavordb/molecules_json?id=6998'}	id_matching	PUBCHEM_COMPOUND:6998	medical
mf2223	flavordb	{'url': 'https://cosylab.iiitd.edu.in/flavordb/molecules_json?id=6998'}	id_matching	PUBCHEM_COMPOUND:6998	bitter almond-like odor
mf2224	flavordb	{'url': 'https://cosylab.iiitd.edu.in/flavordb/molecules_json?id=6998'}	id_matching	PUBCHEM_COMPOUND:6998	spicy
mf2225	flavordb	{'url': 'https://cosylab.iiitd.edu.in/flavordb/molecules_json?id=6998'}	id_matching	PUBCHEM_COMPOUND:6998	pungent, irritating odor similar to benzenaldehyde, acetophenone, & nitrobenzene, but with phenolic notes
mf2226	flavordb	{'url': 'https://cosylab.iiitd.edu.in/flavordb/molecules_json?id=641298'}	id_matching	PUBCHEM_COMPOUND:641298	sweet
mf2227	flavordb	{'url': 'https://cosylab.iiitd.edu.in/flavordb/molecules_json?id=641298'}	id_matching	PUBCHEM_COMPOUND:641298	woody
mf2228	flavordb	{'url': 'https://cosylab.iiitd.edu.in/flavordb/molecules_json?id=641298'}	id_matching	PUBCHEM_COMPOUND:641298	cassia
mf2229	flavordb	{'url': 'https://cosylab.iiitd.edu.in/flavordb/molecules_json?id=641298'}	id_matching	PUBCHEM_COMPOUND:641298	cinnamon
mf2230	flavordb	{'url': 'https://cosylab.iiitd.edu.in/flavordb/molecules_json?id=641298'}	id_matching	PUBCHEM_COMPOUND:641298	paper
mf2231	flavordb	{'url': 'https://cosylab.iiitd.edu.in/flavordb/molecules_json?id=641298'}	id_matching	PUBCHEM_COMPOUND:641298	oily
mf2232	flavordb	{'url': 'https://cosylab.iiitd.edu.in/flavordb/molecules_json?id=6949'}	id_matching	PUBCHEM_COMPOUND:6949	sweet
mf2233	flavordb	{'url': 'https://cosylab.iiitd.edu.in/flavordb/molecules_json?id=6949'}	id_matching	PUBCHEM_COMPOUND:6949	woody
mf2234	flavordb	{'url': 'https://cosylab.iiitd.edu.in/flavordb/molecules_json?id=6949'}	id_matching	PUBCHEM_COMPOUND:6949	powdery
mf2235	flavordb	{'url': 'https://cosylab.iiitd.edu.in/flavordb/molecules_json?id=6949'}	id_matching	PUBCHEM_COMPOUND:6949	dry
mf2236	flavordb	{'url': 'https://cosylab.iiitd.edu.in/flavordb/molecules_json?id=6949'}	id_matching	PUBCHEM_COMPOUND:6949	spice
mf2237	flavordb	{'url': 'https://cosylab.iiitd.edu.in/flavordb/molecules_json?id=6949'}	id_matching	PUBCHEM_COMPOUND:6949	guaiacwood
mf2238	flavordb	{'url': 'https://cosylab.iiitd.edu.in/flavordb/molecules_json?id=6949'}	id_matching	PUBCHEM_COMPOUND:6949	spicy
mf2239	flavordb	{'url': 'https://cosylab.iiitd.edu.in/flavordb/molecules_json?id=6949'}	id_matching	PUBCHEM_COMPOUND:6949	wood
mf2240	flavordb	{'url': 'https://cosylab.iiitd.edu.in/flavordb/molecules_json?id=637759'}	id_matching	PUBCHEM_COMPOUND:637759	floral
mf2241	flavordb	{'url': 'https://cosylab.iiitd.edu.in/flavordb/molecules_json?id=637759'}	id_matching	PUBCHEM_COMPOUND:637759	balsam
mf2242	flavordb	{'url': 'https://cosylab.iiitd.edu.in/flavordb/molecules_json?id=637759'}	id_matching	PUBCHEM_COMPOUND:637759	sweet
mf2243	flavordb	{'url': 'https://cosylab.iiitd.edu.in/flavordb/molecules_json?id=637759'}	id_matching	PUBCHEM_COMPOUND:637759	cinnamon
mf2244	flavordb	{'url': 'https://cosylab.iiitd.edu.in/flavordb/molecules_json?id=637759'}	id_matching	PUBCHEM_COMPOUND:637759	almond
mf2245	flavordb	{'url': 'https://cosylab.iiitd.edu.in/flavordb/molecules_json?id=637759'}	id_matching	PUBCHEM_COMPOUND:637759	creamy
mf2246	flavordb	{'url': 'https://cosylab.iiitd.edu.in/flavordb/molecules_json?id=637759'}	id_matching	PUBCHEM_COMPOUND:637759	spice
mf2247	flavordb	{'url': 'https://cosylab.iiitd.edu.in/flavordb/molecules_json?id=637759'}	id_matching	PUBCHEM_COMPOUND:637759	rhubarb
mf2248	flavordb	{'url': 'https://cosylab.iiitd.edu.in/flavordb/molecules_json?id=637759'}	id_matching	PUBCHEM_COMPOUND:637759	anise
mf2249	flavordb	{'url': 'https://cosylab.iiitd.edu.in/flavordb/molecules_json?id=637759'}	id_matching	PUBCHEM_COMPOUND:637759	jam
mf2250	flavordb	{'url': 'https://cosylab.iiitd.edu.in/flavordb/molecules_json?id=637759'}	id_matching	PUBCHEM_COMPOUND:637759	vanilla
mf2251	flavordb	{'url': 'https://cosylab.iiitd.edu.in/flavordb/molecules_json?id=637759'}	id_matching	PUBCHEM_COMPOUND:637759	butter
mf2252	flavordb	{'url': 'https://cosylab.iiitd.edu.in/flavordb/molecules_json?id=637759'}	id_matching	PUBCHEM_COMPOUND:637759	cherry
mf2253	flavordb	{'url': 'https://cosylab.iiitd.edu.in/flavordb/molecules_json?id=9840967'}	id_matching	PUBCHEM_COMPOUND:9840967	sweet
mf2254	flavordb	{'url': 'https://cosylab.iiitd.edu.in/flavordb/molecules_json?id=519361'}	id_matching	PUBCHEM_COMPOUND:519361	herb
mf2255	flavordb	{'url': 'https://cosylab.iiitd.edu.in/flavordb/molecules_json?id=519361'}	id_matching	PUBCHEM_COMPOUND:519361	herbal
mf2256	flavordb	{'url': 'https://cosylab.iiitd.edu.in/flavordb/molecules_json?id=102861'}	id_matching	PUBCHEM_COMPOUND:102861	floral
mf2257	flavordb	{'url': 'https://cosylab.iiitd.edu.in/flavordb/molecules_json?id=102861'}	id_matching	PUBCHEM_COMPOUND:102861	green
mf2258	flavordb	{'url': 'https://cosylab.iiitd.edu.in/flavordb/molecules_json?id=102861'}	id_matching	PUBCHEM_COMPOUND:102861	lactonic
mf2259	flavordb	{'url': 'https://cosylab.iiitd.edu.in/flavordb/molecules_json?id=102861'}	id_matching	PUBCHEM_COMPOUND:102861	tropical
mf2260	flavordb	{'url': 'https://cosylab.iiitd.edu.in/flavordb/molecules_json?id=102861'}	id_matching	PUBCHEM_COMPOUND:102861	natural
mf2261	flavordb	{'url': 'https://cosylab.iiitd.edu.in/flavordb/molecules_json?id=102861'}	id_matching	PUBCHEM_COMPOUND:102861	jasmin
mf2262	flavordb	{'url': 'https://cosylab.iiitd.edu.in/flavordb/molecules_json?id=102861'}	id_matching	PUBCHEM_COMPOUND:102861	oily
mf2263	flavordb	{'url': 'https://cosylab.iiitd.edu.in/flavordb/molecules_json?id=15394'}	id_matching	PUBCHEM_COMPOUND:15394	mustard
mf2264	flavordb	{'url': 'https://cosylab.iiitd.edu.in/flavordb/molecules_json?id=15394'}	id_matching	PUBCHEM_COMPOUND:15394	pungent
mf2265	flavordb	{'url': 'https://cosylab.iiitd.edu.in/flavordb/molecules_json?id=15394'}	id_matching	PUBCHEM_COMPOUND:15394	onion
mf2266	flavordb	{'url': 'https://cosylab.iiitd.edu.in/flavordb/molecules_json?id=15394'}	id_matching	PUBCHEM_COMPOUND:15394	garlic
mf2267	flavordb	{'url': 'https://cosylab.iiitd.edu.in/flavordb/molecules_json?id=15394'}	id_matching	PUBCHEM_COMPOUND:15394	fish
mf2268	flavordb	{'url': 'https://cosylab.iiitd.edu.in/flavordb/molecules_json?id=15394'}	id_matching	PUBCHEM_COMPOUND:15394	peppery
mf2269	flavordb	{'url': 'https://cosylab.iiitd.edu.in/flavordb/molecules_json?id=1983'}	id_matching	PUBCHEM_COMPOUND:1983	bitter
mf2270	flavordb	{'url': 'https://cosylab.iiitd.edu.in/flavordb/molecules_json?id=1983'}	id_matching	PUBCHEM_COMPOUND:1983	odorless
mf2271	flavordb	{'url': 'https://cosylab.iiitd.edu.in/flavordb/molecules_json?id=1983'}	id_matching	PUBCHEM_COMPOUND:1983	slightly bitter taste
mf2272	flavordb	{'url': 'https://cosylab.iiitd.edu.in/flavordb/molecules_json?id=522834'}	id_matching	PUBCHEM_COMPOUND:522834	sweet
mf2273	flavordb	{'url': 'https://cosylab.iiitd.edu.in/flavordb/molecules_json?id=522834'}	id_matching	PUBCHEM_COMPOUND:522834	ham
mf2274	flavordb	{'url': 'https://cosylab.iiitd.edu.in/flavordb/molecules_json?id=522834'}	id_matching	PUBCHEM_COMPOUND:522834	nut
mf2275	flavordb	{'url': 'https://cosylab.iiitd.edu.in/flavordb/molecules_json?id=522834'}	id_matching	PUBCHEM_COMPOUND:522834	roast
mf2276	flavordb	{'url': 'https://cosylab.iiitd.edu.in/flavordb/molecules_json?id=522834'}	id_matching	PUBCHEM_COMPOUND:522834	roasted
mf2277	flavordb	{'url': 'https://cosylab.iiitd.edu.in/flavordb/molecules_json?id=522834'}	id_matching	PUBCHEM_COMPOUND:522834	nutty
mf2278	flavordb	{'url': 'https://cosylab.iiitd.edu.in/flavordb/molecules_json?id=10890'}	id_matching	PUBCHEM_COMPOUND:10890	sweet
mf2279	flavordb	{'url': 'https://cosylab.iiitd.edu.in/flavordb/molecules_json?id=10890'}	id_matching	PUBCHEM_COMPOUND:10890	pineapple
mf2280	flavordb	{'url': 'https://cosylab.iiitd.edu.in/flavordb/molecules_json?id=10890'}	id_matching	PUBCHEM_COMPOUND:10890	fruity
mf2281	flavordb	{'url': 'https://cosylab.iiitd.edu.in/flavordb/molecules_json?id=10890'}	id_matching	PUBCHEM_COMPOUND:10890	tropical
mf2282	flavordb	{'url': 'https://cosylab.iiitd.edu.in/flavordb/molecules_json?id=10890'}	id_matching	PUBCHEM_COMPOUND:10890	banana
mf2283	flavordb	{'url': 'https://cosylab.iiitd.edu.in/flavordb/molecules_json?id=10890'}	id_matching	PUBCHEM_COMPOUND:10890	cherry
mf2284	flavordb	{'url': 'https://cosylab.iiitd.edu.in/flavordb/molecules_json?id=3034034'}	id_matching	PUBCHEM_COMPOUND:3034034	bitter
mf2285	flavordb	{'url': 'https://cosylab.iiitd.edu.in/flavordb/molecules_json?id=3034034'}	id_matching	PUBCHEM_COMPOUND:3034034	odorless
mf2286	flavordb	{'url': 'https://cosylab.iiitd.edu.in/flavordb/molecules_json?id=3034034'}	id_matching	PUBCHEM_COMPOUND:3034034	very bitter taste
mf2287	flavordb	{'url': 'https://cosylab.iiitd.edu.in/flavordb/molecules_json?id=13344'}	id_matching	PUBCHEM_COMPOUND:13344	has cooling, saline taste
mf2288	flavordb	{'url': 'https://cosylab.iiitd.edu.in/flavordb/molecules_json?id=13344'}	id_matching	PUBCHEM_COMPOUND:13344	odorless
mf2289	flavordb	{'url': 'https://cosylab.iiitd.edu.in/flavordb/molecules_json?id=8257'}	id_matching	PUBCHEM_COMPOUND:8257	herbal
mf2290	flavordb	{'url': 'https://cosylab.iiitd.edu.in/flavordb/molecules_json?id=8257'}	id_matching	PUBCHEM_COMPOUND:8257	earthy
mf2291	flavordb	{'url': 'https://cosylab.iiitd.edu.in/flavordb/molecules_json?id=8257'}	id_matching	PUBCHEM_COMPOUND:8257	herb
mf2292	flavordb	{'url': 'https://cosylab.iiitd.edu.in/flavordb/molecules_json?id=8257'}	id_matching	PUBCHEM_COMPOUND:8257	oily
mf2293	flavordb	{'url': 'https://cosylab.iiitd.edu.in/flavordb/molecules_json?id=12297'}	id_matching	PUBCHEM_COMPOUND:12297	winey
mf2294	flavordb	{'url': 'https://cosylab.iiitd.edu.in/flavordb/molecules_json?id=12297'}	id_matching	PUBCHEM_COMPOUND:12297	chemical
mf2295	flavordb	{'url': 'https://cosylab.iiitd.edu.in/flavordb/molecules_json?id=6276'}	id_matching	PUBCHEM_COMPOUND:6276	balsam
mf2296	flavordb	{'url': 'https://cosylab.iiitd.edu.in/flavordb/molecules_json?id=6276'}	id_matching	PUBCHEM_COMPOUND:6276	sweet
mf2297	flavordb	{'url': 'https://cosylab.iiitd.edu.in/flavordb/molecules_json?id=6276'}	id_matching	PUBCHEM_COMPOUND:6276	characteristic fusel-like odor
mf2298	flavordb	{'url': 'https://cosylab.iiitd.edu.in/flavordb/molecules_json?id=6276'}	id_matching	PUBCHEM_COMPOUND:6276	oil
mf2299	flavordb	{'url': 'https://cosylab.iiitd.edu.in/flavordb/molecules_json?id=6276'}	id_matching	PUBCHEM_COMPOUND:6276	vanilla
mf2300	flavordb	{'url': 'https://cosylab.iiitd.edu.in/flavordb/molecules_json?id=6276'}	id_matching	PUBCHEM_COMPOUND:6276	fusel
mf2301	flavordb	{'url': 'https://cosylab.iiitd.edu.in/flavordb/molecules_json?id=6276'}	id_matching	PUBCHEM_COMPOUND:6276	burning taste
mf2302	flavordb	{'url': 'https://cosylab.iiitd.edu.in/flavordb/molecules_json?id=6276'}	id_matching	PUBCHEM_COMPOUND:6276	balsamic
mf2303	flavordb	{'url': 'https://cosylab.iiitd.edu.in/flavordb/molecules_json?id=6276'}	id_matching	PUBCHEM_COMPOUND:6276	mild odor
mf2304	flavordb	{'url': 'https://cosylab.iiitd.edu.in/flavordb/molecules_json?id=8314'}	id_matching	PUBCHEM_COMPOUND:8314	sour
mf2305	flavordb	{'url': 'https://cosylab.iiitd.edu.in/flavordb/molecules_json?id=8314'}	id_matching	PUBCHEM_COMPOUND:8314	roquefort cheese
mf2306	flavordb	{'url': 'https://cosylab.iiitd.edu.in/flavordb/molecules_json?id=8314'}	id_matching	PUBCHEM_COMPOUND:8314	sweat
mf2307	flavordb	{'url': 'https://cosylab.iiitd.edu.in/flavordb/molecules_json?id=8314'}	id_matching	PUBCHEM_COMPOUND:8314	pungent
mf2308	flavordb	{'url': 'https://cosylab.iiitd.edu.in/flavordb/molecules_json?id=8314'}	id_matching	PUBCHEM_COMPOUND:8314	strawberry
mf2309	flavordb	{'url': 'https://cosylab.iiitd.edu.in/flavordb/molecules_json?id=8314'}	id_matching	PUBCHEM_COMPOUND:8314	cheese
mf2310	flavordb	{'url': 'https://cosylab.iiitd.edu.in/flavordb/molecules_json?id=8314'}	id_matching	PUBCHEM_COMPOUND:8314	acid
mf2311	flavordb	{'url': 'https://cosylab.iiitd.edu.in/flavordb/molecules_json?id=6590'}	id_matching	PUBCHEM_COMPOUND:6590	rancid
mf2312	flavordb	{'url': 'https://cosylab.iiitd.edu.in/flavordb/molecules_json?id=6590'}	id_matching	PUBCHEM_COMPOUND:6590	cheesy taste
mf2313	flavordb	{'url': 'https://cosylab.iiitd.edu.in/flavordb/molecules_json?id=6590'}	id_matching	PUBCHEM_COMPOUND:6590	strawberry
mf2314	flavordb	{'url': 'https://cosylab.iiitd.edu.in/flavordb/molecules_json?id=6590'}	id_matching	PUBCHEM_COMPOUND:6590	cheese
mf2315	flavordb	{'url': 'https://cosylab.iiitd.edu.in/flavordb/molecules_json?id=6590'}	id_matching	PUBCHEM_COMPOUND:6590	sharp, butter-fat-like odor
mf2316	flavordb	{'url': 'https://cosylab.iiitd.edu.in/flavordb/molecules_json?id=6590'}	id_matching	PUBCHEM_COMPOUND:6590	pungent odor like that of butyric acid, but not as unpleasant
mf2317	flavordb	{'url': 'https://cosylab.iiitd.edu.in/flavordb/molecules_json?id=6590'}	id_matching	PUBCHEM_COMPOUND:6590	butter
mf2318	flavordb	{'url': 'https://cosylab.iiitd.edu.in/flavordb/molecules_json?id=6912'}	id_matching	PUBCHEM_COMPOUND:6912	relative sweetness equal to sucrose
mf2319	flavordb	{'url': 'https://cosylab.iiitd.edu.in/flavordb/molecules_json?id=6912'}	id_matching	PUBCHEM_COMPOUND:6912	sweet
mf2320	flavordb	{'url': 'https://cosylab.iiitd.edu.in/flavordb/molecules_json?id=6912'}	id_matching	PUBCHEM_COMPOUND:6912	odorless
mf2321	flavordb	{'url': 'https://cosylab.iiitd.edu.in/flavordb/molecules_json?id=13136'}	id_matching	PUBCHEM_COMPOUND:13136	odorless
mf2322	flavordb	{'url': 'https://cosylab.iiitd.edu.in/flavordb/molecules_json?id=22873'}	id_matching	PUBCHEM_COMPOUND:22873	apple peel
mf2323	flavordb	{'url': 'https://cosylab.iiitd.edu.in/flavordb/molecules_json?id=22873'}	id_matching	PUBCHEM_COMPOUND:22873	peach
mf2324	flavordb	{'url': 'https://cosylab.iiitd.edu.in/flavordb/molecules_json?id=22873'}	id_matching	PUBCHEM_COMPOUND:22873	fruity
mf2325	flavordb	{'url': 'https://cosylab.iiitd.edu.in/flavordb/molecules_json?id=22873'}	id_matching	PUBCHEM_COMPOUND:22873	herbal
mf2326	flavordb	{'url': 'https://cosylab.iiitd.edu.in/flavordb/molecules_json?id=22873'}	id_matching	PUBCHEM_COMPOUND:22873	fresh
mf2327	flavordb	{'url': 'https://cosylab.iiitd.edu.in/flavordb/molecules_json?id=22873'}	id_matching	PUBCHEM_COMPOUND:22873	cut grass
mf2328	flavordb	{'url': 'https://cosylab.iiitd.edu.in/flavordb/molecules_json?id=22873'}	id_matching	PUBCHEM_COMPOUND:22873	vegetable
mf2329	flavordb	{'url': 'https://cosylab.iiitd.edu.in/flavordb/molecules_json?id=439336'}	id_matching	PUBCHEM_COMPOUND:439336	sweet
mf2330	flavordb	{'url': 'https://cosylab.iiitd.edu.in/flavordb/molecules_json?id=3514701'}	id_matching	PUBCHEM_COMPOUND:3514701	sweet
mf2331	flavordb	{'url': 'https://cosylab.iiitd.edu.in/flavordb/molecules_json?id=31242'}	id_matching	PUBCHEM_COMPOUND:31242	castoreum
mf2332	flavordb	{'url': 'https://cosylab.iiitd.edu.in/flavordb/molecules_json?id=31242'}	id_matching	PUBCHEM_COMPOUND:31242	sweet smokey
mf2333	flavordb	{'url': 'https://cosylab.iiitd.edu.in/flavordb/molecules_json?id=31242'}	id_matching	PUBCHEM_COMPOUND:31242	medicinal, phenolic
mf2334	flavordb	{'url': 'https://cosylab.iiitd.edu.in/flavordb/molecules_json?id=31242'}	id_matching	PUBCHEM_COMPOUND:31242	powerful woody-phenolic, yet somewhat sweet
mf2335	flavordb	{'url': 'https://cosylab.iiitd.edu.in/flavordb/molecules_json?id=31242'}	id_matching	PUBCHEM_COMPOUND:31242	medicinal
mf2336	flavordb	{'url': 'https://cosylab.iiitd.edu.in/flavordb/molecules_json?id=31242'}	id_matching	PUBCHEM_COMPOUND:31242	spice
mf2337	flavordb	{'url': 'https://cosylab.iiitd.edu.in/flavordb/molecules_json?id=31242'}	id_matching	PUBCHEM_COMPOUND:31242	phenolic
mf2338	flavordb	{'url': 'https://cosylab.iiitd.edu.in/flavordb/molecules_json?id=31242'}	id_matching	PUBCHEM_COMPOUND:31242	smoke
mf2339	flavordb	{'url': 'https://cosylab.iiitd.edu.in/flavordb/molecules_json?id=31242'}	id_matching	PUBCHEM_COMPOUND:31242	alcohol
mf2340	flavordb	{'url': 'https://cosylab.iiitd.edu.in/flavordb/molecules_json?id=31242'}	id_matching	PUBCHEM_COMPOUND:31242	guaiacol
mf2341	flavordb	{'url': 'https://cosylab.iiitd.edu.in/flavordb/molecules_json?id=31242'}	id_matching	PUBCHEM_COMPOUND:31242	phenol
mf2342	flavordb	{'url': 'https://cosylab.iiitd.edu.in/flavordb/molecules_json?id=275196'}	id_matching	PUBCHEM_COMPOUND:275196	bitter
mf2343	flavordb	{'url': 'https://cosylab.iiitd.edu.in/flavordb/molecules_json?id=275196'}	id_matching	PUBCHEM_COMPOUND:275196	odorless
mf2344	flavordb	{'url': 'https://cosylab.iiitd.edu.in/flavordb/molecules_json?id=275196'}	id_matching	PUBCHEM_COMPOUND:275196	very bitter taste
mf2345	flavordb	{'url': 'https://cosylab.iiitd.edu.in/flavordb/molecules_json?id=61293'}	id_matching	PUBCHEM_COMPOUND:61293	smoky
mf2346	flavordb	{'url': 'https://cosylab.iiitd.edu.in/flavordb/molecules_json?id=61293'}	id_matching	PUBCHEM_COMPOUND:61293	pineapple
mf2347	flavordb	{'url': 'https://cosylab.iiitd.edu.in/flavordb/molecules_json?id=61293'}	id_matching	PUBCHEM_COMPOUND:61293	fruity
mf2348	flavordb	{'url': 'https://cosylab.iiitd.edu.in/flavordb/molecules_json?id=61293'}	id_matching	PUBCHEM_COMPOUND:61293	citrus
mf2349	flavordb	{'url': 'https://cosylab.iiitd.edu.in/flavordb/molecules_json?id=61293'}	id_matching	PUBCHEM_COMPOUND:61293	fresh
mf2350	flavordb	{'url': 'https://cosylab.iiitd.edu.in/flavordb/molecules_json?id=61293'}	id_matching	PUBCHEM_COMPOUND:61293	grape
mf2351	flavordb	{'url': 'https://cosylab.iiitd.edu.in/flavordb/molecules_json?id=289151'}	id_matching	PUBCHEM_COMPOUND:289151	sweet
mf2352	flavordb	{'url': 'https://cosylab.iiitd.edu.in/flavordb/molecules_json?id=289151'}	id_matching	PUBCHEM_COMPOUND:289151	woody
mf2353	flavordb	{'url': 'https://cosylab.iiitd.edu.in/flavordb/molecules_json?id=289151'}	id_matching	PUBCHEM_COMPOUND:289151	rose
mf2354	flavordb	{'url': 'https://cosylab.iiitd.edu.in/flavordb/molecules_json?id=289151'}	id_matching	PUBCHEM_COMPOUND:289151	medical
mf2355	flavordb	{'url': 'https://cosylab.iiitd.edu.in/flavordb/molecules_json?id=289151'}	id_matching	PUBCHEM_COMPOUND:289151	fir needle
mf2356	flavordb	{'url': 'https://cosylab.iiitd.edu.in/flavordb/molecules_json?id=439503'}	id_matching	PUBCHEM_COMPOUND:439503	bitter
mf2357	flavordb	{'url': 'https://cosylab.iiitd.edu.in/flavordb/molecules_json?id=65724'}	id_matching	PUBCHEM_COMPOUND:65724	menthol
mf2358	flavordb	{'url': 'https://cosylab.iiitd.edu.in/flavordb/molecules_json?id=65724'}	id_matching	PUBCHEM_COMPOUND:65724	celery
mf2359	flavordb	{'url': 'https://cosylab.iiitd.edu.in/flavordb/molecules_json?id=65724'}	id_matching	PUBCHEM_COMPOUND:65724	camphor
mf2360	flavordb	{'url': 'https://cosylab.iiitd.edu.in/flavordb/molecules_json?id=5281617'}	id_matching	PUBCHEM_COMPOUND:5281617	bitter
mf2361	flavordb	{'url': 'https://cosylab.iiitd.edu.in/flavordb/molecules_json?id=65084'}	id_matching	PUBCHEM_COMPOUND:65084	bitter
mf2362	flavordb	{'url': 'https://cosylab.iiitd.edu.in/flavordb/molecules_json?id=5364919'}	id_matching	PUBCHEM_COMPOUND:5364919	rubber
mf2363	flavordb	{'url': 'https://cosylab.iiitd.edu.in/flavordb/molecules_json?id=5364919'}	id_matching	PUBCHEM_COMPOUND:5364919	plastic
mf2364	flavordb	{'url': 'https://cosylab.iiitd.edu.in/flavordb/molecules_json?id=5364919'}	id_matching	PUBCHEM_COMPOUND:5364919	green
mf2365	flavordb	{'url': 'https://cosylab.iiitd.edu.in/flavordb/molecules_json?id=5364919'}	id_matching	PUBCHEM_COMPOUND:5364919	fruity
mf2366	flavordb	{'url': 'https://cosylab.iiitd.edu.in/flavordb/molecules_json?id=5364919'}	id_matching	PUBCHEM_COMPOUND:5364919	ethereal
mf2367	flavordb	{'url': 'https://cosylab.iiitd.edu.in/flavordb/molecules_json?id=6432404'}	id_matching	PUBCHEM_COMPOUND:6432404	wood
mf2368	flavordb	{'url': 'https://cosylab.iiitd.edu.in/flavordb/molecules_json?id=957'}	id_matching	PUBCHEM_COMPOUND:957	green
mf2369	flavordb	{'url': 'https://cosylab.iiitd.edu.in/flavordb/molecules_json?id=957'}	id_matching	PUBCHEM_COMPOUND:957	rose
mf2370	flavordb	{'url': 'https://cosylab.iiitd.edu.in/flavordb/molecules_json?id=957'}	id_matching	PUBCHEM_COMPOUND:957	waxy
mf2371	flavordb	{'url': 'https://cosylab.iiitd.edu.in/flavordb/molecules_json?id=957'}	id_matching	PUBCHEM_COMPOUND:957	chemical
mf2372	flavordb	{'url': 'https://cosylab.iiitd.edu.in/flavordb/molecules_json?id=957'}	id_matching	PUBCHEM_COMPOUND:957	mushroom
mf2373	flavordb	{'url': 'https://cosylab.iiitd.edu.in/flavordb/molecules_json?id=957'}	id_matching	PUBCHEM_COMPOUND:957	orange
mf2374	flavordb	{'url': 'https://cosylab.iiitd.edu.in/flavordb/molecules_json?id=957'}	id_matching	PUBCHEM_COMPOUND:957	penetrating aromatic odor
mf2375	flavordb	{'url': 'https://cosylab.iiitd.edu.in/flavordb/molecules_json?id=957'}	id_matching	PUBCHEM_COMPOUND:957	oily, sweet, slightly herbaceous taste
mf2376	flavordb	{'url': 'https://cosylab.iiitd.edu.in/flavordb/molecules_json?id=957'}	id_matching	PUBCHEM_COMPOUND:957	aldehydic
mf2377	flavordb	{'url': 'https://cosylab.iiitd.edu.in/flavordb/molecules_json?id=957'}	id_matching	PUBCHEM_COMPOUND:957	fresh orange rose odor
mf2378	flavordb	{'url': 'https://cosylab.iiitd.edu.in/flavordb/molecules_json?id=957'}	id_matching	PUBCHEM_COMPOUND:957	burnt
mf2379	flavordb	{'url': 'https://cosylab.iiitd.edu.in/flavordb/molecules_json?id=957'}	id_matching	PUBCHEM_COMPOUND:957	metal
mf2380	flavordb	{'url': 'https://cosylab.iiitd.edu.in/flavordb/molecules_json?id=679'}	id_matching	PUBCHEM_COMPOUND:679	mushroom
mf2381	flavordb	{'url': 'https://cosylab.iiitd.edu.in/flavordb/molecules_json?id=679'}	id_matching	PUBCHEM_COMPOUND:679	bitter
mf2382	flavordb	{'url': 'https://cosylab.iiitd.edu.in/flavordb/molecules_json?id=679'}	id_matching	PUBCHEM_COMPOUND:679	garlic
mf2383	flavordb	{'url': 'https://cosylab.iiitd.edu.in/flavordb/molecules_json?id=679'}	id_matching	PUBCHEM_COMPOUND:679	cheesy
mf2384	flavordb	{'url': 'https://cosylab.iiitd.edu.in/flavordb/molecules_json?id=679'}	id_matching	PUBCHEM_COMPOUND:679	distinctive garlic or oyster-like odor
mf2385	flavordb	{'url': 'https://cosylab.iiitd.edu.in/flavordb/molecules_json?id=679'}	id_matching	PUBCHEM_COMPOUND:679	fatty
mf2386	flavordb	{'url': 'https://cosylab.iiitd.edu.in/flavordb/molecules_json?id=679'}	id_matching	PUBCHEM_COMPOUND:679	slightly sulfurous odor
mf2387	flavordb	{'url': 'https://cosylab.iiitd.edu.in/flavordb/molecules_json?id=679'}	id_matching	PUBCHEM_COMPOUND:679	slightly bitter taste with sweet after-taste
mf2388	flavordb	{'url': 'https://cosylab.iiitd.edu.in/flavordb/molecules_json?id=679'}	id_matching	PUBCHEM_COMPOUND:679	oily
mf2389	flavordb	{'url': 'https://cosylab.iiitd.edu.in/flavordb/molecules_json?id=6213'}	id_matching	PUBCHEM_COMPOUND:6213	sulfur
mf2390	flavordb	{'url': 'https://cosylab.iiitd.edu.in/flavordb/molecules_json?id=6213'}	id_matching	PUBCHEM_COMPOUND:6213	burnt
mf2391	flavordb	{'url': 'https://cosylab.iiitd.edu.in/flavordb/molecules_json?id=6213'}	id_matching	PUBCHEM_COMPOUND:6213	sulfurous
mf2392	flavordb	{'url': 'https://cosylab.iiitd.edu.in/flavordb/molecules_json?id=9015'}	id_matching	PUBCHEM_COMPOUND:9015	bitter
mf2393	flavordb	{'url': 'https://cosylab.iiitd.edu.in/flavordb/molecules_json?id=9015'}	id_matching	PUBCHEM_COMPOUND:9015	odor of caramel and phenol
mf2394	flavordb	{'url': 'https://cosylab.iiitd.edu.in/flavordb/molecules_json?id=9015'}	id_matching	PUBCHEM_COMPOUND:9015	phenolic
mf2395	flavordb	{'url': 'https://cosylab.iiitd.edu.in/flavordb/molecules_json?id=62465'}	id_matching	PUBCHEM_COMPOUND:62465	smoky
mf2396	flavordb	{'url': 'https://cosylab.iiitd.edu.in/flavordb/molecules_json?id=62465'}	id_matching	PUBCHEM_COMPOUND:62465	clove
mf2397	flavordb	{'url': 'https://cosylab.iiitd.edu.in/flavordb/molecules_json?id=62465'}	id_matching	PUBCHEM_COMPOUND:62465	bacon
mf2398	flavordb	{'url': 'https://cosylab.iiitd.edu.in/flavordb/molecules_json?id=62465'}	id_matching	PUBCHEM_COMPOUND:62465	spice
mf2399	flavordb	{'url': 'https://cosylab.iiitd.edu.in/flavordb/molecules_json?id=62465'}	id_matching	PUBCHEM_COMPOUND:62465	phenolic
mf2400	flavordb	{'url': 'https://cosylab.iiitd.edu.in/flavordb/molecules_json?id=62465'}	id_matching	PUBCHEM_COMPOUND:62465	spicy
mf2401	flavordb	{'url': 'https://cosylab.iiitd.edu.in/flavordb/molecules_json?id=643460'}	id_matching	PUBCHEM_COMPOUND:643460	slightly acidic taste
mf2402	flavordb	{'url': 'https://cosylab.iiitd.edu.in/flavordb/molecules_json?id=643460'}	id_matching	PUBCHEM_COMPOUND:643460	bland
mf2403	flavordb	{'url': 'https://cosylab.iiitd.edu.in/flavordb/molecules_json?id=643460'}	id_matching	PUBCHEM_COMPOUND:643460	relatively tasteless
mf2404	flavordb	{'url': 'https://cosylab.iiitd.edu.in/flavordb/molecules_json?id=643460'}	id_matching	PUBCHEM_COMPOUND:643460	relatively odorless
mf2405	flavordb	{'url': 'https://cosylab.iiitd.edu.in/flavordb/molecules_json?id=643460'}	id_matching	PUBCHEM_COMPOUND:643460	weak characteristic odor
mf2406	flavordb	{'url': 'https://cosylab.iiitd.edu.in/flavordb/molecules_json?id=100031'}	id_matching	PUBCHEM_COMPOUND:100031	minty
mf2407	flavordb	{'url': 'https://cosylab.iiitd.edu.in/flavordb/molecules_json?id=100031'}	id_matching	PUBCHEM_COMPOUND:100031	spearmint
mf2408	flavordb	{'url': 'https://cosylab.iiitd.edu.in/flavordb/molecules_json?id=9906026'}	id_matching	PUBCHEM_COMPOUND:9906026	sweet
mf2409	flavordb	{'url': 'https://cosylab.iiitd.edu.in/flavordb/molecules_json?id=3102'}	id_matching	PUBCHEM_COMPOUND:3102	balsam
mf2410	flavordb	{'url': 'https://cosylab.iiitd.edu.in/flavordb/molecules_json?id=3102'}	id_matching	PUBCHEM_COMPOUND:3102	apricot
mf2411	flavordb	{'url': 'https://cosylab.iiitd.edu.in/flavordb/molecules_json?id=3102'}	id_matching	PUBCHEM_COMPOUND:3102	rose
mf2412	flavordb	{'url': 'https://cosylab.iiitd.edu.in/flavordb/molecules_json?id=3102'}	id_matching	PUBCHEM_COMPOUND:3102	peach
mf2413	flavordb	{'url': 'https://cosylab.iiitd.edu.in/flavordb/molecules_json?id=3102'}	id_matching	PUBCHEM_COMPOUND:3102	powdery
mf2414	flavordb	{'url': 'https://cosylab.iiitd.edu.in/flavordb/molecules_json?id=3102'}	id_matching	PUBCHEM_COMPOUND:3102	geranium-like odor
mf2415	flavordb	{'url': 'https://cosylab.iiitd.edu.in/flavordb/molecules_json?id=3102'}	id_matching	PUBCHEM_COMPOUND:3102	geranium
mf2416	flavordb	{'url': 'https://cosylab.iiitd.edu.in/flavordb/molecules_json?id=3102'}	id_matching	PUBCHEM_COMPOUND:3102	sweet, rose-like odor
mf2417	flavordb	{'url': 'https://cosylab.iiitd.edu.in/flavordb/molecules_json?id=3102'}	id_matching	PUBCHEM_COMPOUND:3102	metallic
mf2418	flavordb	{'url': 'https://cosylab.iiitd.edu.in/flavordb/molecules_json?id=61346'}	id_matching	PUBCHEM_COMPOUND:61346	mushroom
mf2419	flavordb	{'url': 'https://cosylab.iiitd.edu.in/flavordb/molecules_json?id=61346'}	id_matching	PUBCHEM_COMPOUND:61346	dirty
mf2420	flavordb	{'url': 'https://cosylab.iiitd.edu.in/flavordb/molecules_json?id=61346'}	id_matching	PUBCHEM_COMPOUND:61346	herbal
mf2421	flavordb	{'url': 'https://cosylab.iiitd.edu.in/flavordb/molecules_json?id=61346'}	id_matching	PUBCHEM_COMPOUND:61346	earthy
mf2422	flavordb	{'url': 'https://cosylab.iiitd.edu.in/flavordb/molecules_json?id=61346'}	id_matching	PUBCHEM_COMPOUND:61346	musty
mf2423	flavordb	{'url': 'https://cosylab.iiitd.edu.in/flavordb/molecules_json?id=61346'}	id_matching	PUBCHEM_COMPOUND:61346	metal
mf2424	flavordb	{'url': 'https://cosylab.iiitd.edu.in/flavordb/molecules_json?id=342'}	id_matching	PUBCHEM_COMPOUND:342	plastic
mf2425	flavordb	{'url': 'https://cosylab.iiitd.edu.in/flavordb/molecules_json?id=342'}	id_matching	PUBCHEM_COMPOUND:342	distinct phenolic odor, with an odor threshold of 5 ppm
mf2426	flavordb	{'url': 'https://cosylab.iiitd.edu.in/flavordb/molecules_json?id=342'}	id_matching	PUBCHEM_COMPOUND:342	woody
mf2427	flavordb	{'url': 'https://cosylab.iiitd.edu.in/flavordb/molecules_json?id=342'}	id_matching	PUBCHEM_COMPOUND:342	odor of coal tar
mf2428	flavordb	{'url': 'https://cosylab.iiitd.edu.in/flavordb/molecules_json?id=342'}	id_matching	PUBCHEM_COMPOUND:342	medicinal
mf2429	flavordb	{'url': 'https://cosylab.iiitd.edu.in/flavordb/molecules_json?id=342'}	id_matching	PUBCHEM_COMPOUND:342	sometimes referred to as an empyreumatic odor
mf2430	flavordb	{'url': 'https://cosylab.iiitd.edu.in/flavordb/molecules_json?id=342'}	id_matching	PUBCHEM_COMPOUND:342	leather
mf2431	flavordb	{'url': 'https://cosylab.iiitd.edu.in/flavordb/molecules_json?id=342'}	id_matching	PUBCHEM_COMPOUND:342	phenolic
mf2432	flavordb	{'url': 'https://cosylab.iiitd.edu.in/flavordb/molecules_json?id=342'}	id_matching	PUBCHEM_COMPOUND:342	taste threshold: 2.00x10-3 ppm
mf2433	flavordb	{'url': 'https://cosylab.iiitd.edu.in/flavordb/molecules_json?id=342'}	id_matching	PUBCHEM_COMPOUND:342	sweet, tarry odor
mf2434	flavordb	{'url': 'https://cosylab.iiitd.edu.in/flavordb/molecules_json?id=342'}	id_matching	PUBCHEM_COMPOUND:342	medical
mf2435	flavordb	{'url': 'https://cosylab.iiitd.edu.in/flavordb/molecules_json?id=342'}	id_matching	PUBCHEM_COMPOUND:342	phenolic odor
mf2436	flavordb	{'url': 'https://cosylab.iiitd.edu.in/flavordb/molecules_json?id=342'}	id_matching	PUBCHEM_COMPOUND:342	fecal
mf2437	flavordb	{'url': 'https://cosylab.iiitd.edu.in/flavordb/molecules_json?id=5366264'}	id_matching	PUBCHEM_COMPOUND:5366264	mouldy
mf2438	flavordb	{'url': 'https://cosylab.iiitd.edu.in/flavordb/molecules_json?id=637520'}	id_matching	PUBCHEM_COMPOUND:637520	balsam
mf2439	flavordb	{'url': 'https://cosylab.iiitd.edu.in/flavordb/molecules_json?id=637520'}	id_matching	PUBCHEM_COMPOUND:637520	sweet
mf2440	flavordb	{'url': 'https://cosylab.iiitd.edu.in/flavordb/molecules_json?id=637520'}	id_matching	PUBCHEM_COMPOUND:637520	strawberry
mf2441	flavordb	{'url': 'https://cosylab.iiitd.edu.in/flavordb/molecules_json?id=637520'}	id_matching	PUBCHEM_COMPOUND:637520	cherry
mf2442	flavordb	{'url': 'https://cosylab.iiitd.edu.in/flavordb/molecules_json?id=221493'}	id_matching	PUBCHEM_COMPOUND:221493	bitter
mf2443	flavordb	{'url': 'https://cosylab.iiitd.edu.in/flavordb/molecules_json?id=221493'}	id_matching	PUBCHEM_COMPOUND:221493	bitter with sweetish aftertaste
mf2444	flavordb	{'url': 'https://cosylab.iiitd.edu.in/flavordb/molecules_json?id=31265'}	id_matching	PUBCHEM_COMPOUND:31265	apple peel
mf2445	flavordb	{'url': 'https://cosylab.iiitd.edu.in/flavordb/molecules_json?id=31265'}	id_matching	PUBCHEM_COMPOUND:31265	green
mf2446	flavordb	{'url': 'https://cosylab.iiitd.edu.in/flavordb/molecules_json?id=31265'}	id_matching	PUBCHEM_COMPOUND:31265	sweet
mf2447	flavordb	{'url': 'https://cosylab.iiitd.edu.in/flavordb/molecules_json?id=31265'}	id_matching	PUBCHEM_COMPOUND:31265	pineapple
mf2448	flavordb	{'url': 'https://cosylab.iiitd.edu.in/flavordb/molecules_json?id=31265'}	id_matching	PUBCHEM_COMPOUND:31265	fruity
mf2449	flavordb	{'url': 'https://cosylab.iiitd.edu.in/flavordb/molecules_json?id=31265'}	id_matching	PUBCHEM_COMPOUND:31265	waxy
mf2450	flavordb	{'url': 'https://cosylab.iiitd.edu.in/flavordb/molecules_json?id=31265'}	id_matching	PUBCHEM_COMPOUND:31265	banana
mf2451	flavordb	{'url': 'https://cosylab.iiitd.edu.in/flavordb/molecules_json?id=31265'}	id_matching	PUBCHEM_COMPOUND:31265	fruit
mf2452	flavordb	{'url': 'https://cosylab.iiitd.edu.in/flavordb/molecules_json?id=8369'}	id_matching	PUBCHEM_COMPOUND:8369	sweet
mf2453	flavordb	{'url': 'https://cosylab.iiitd.edu.in/flavordb/molecules_json?id=8369'}	id_matching	PUBCHEM_COMPOUND:8369	taste characteristics at 200.00 ppm: sweet, caramellic, cotton candy with fruity, jammy strawberry nuance
mf2454	flavordb	{'url': 'https://cosylab.iiitd.edu.in/flavordb/molecules_json?id=8369'}	id_matching	PUBCHEM_COMPOUND:8369	fragrant, caramel-like odor
mf2455	flavordb	{'url': 'https://cosylab.iiitd.edu.in/flavordb/molecules_json?id=8369'}	id_matching	PUBCHEM_COMPOUND:8369	fruity
mf2456	flavordb	{'url': 'https://cosylab.iiitd.edu.in/flavordb/molecules_json?id=8369'}	id_matching	PUBCHEM_COMPOUND:8369	characteristic caramel-butterscotch odor and suggestive of a fruity-strawberry aroma in dilute solution
mf2457	flavordb	{'url': 'https://cosylab.iiitd.edu.in/flavordb/molecules_json?id=8369'}	id_matching	PUBCHEM_COMPOUND:8369	cotton
mf2458	flavordb	{'url': 'https://cosylab.iiitd.edu.in/flavordb/molecules_json?id=8369'}	id_matching	PUBCHEM_COMPOUND:8369	caramel-like odor, reminiscent of freshly baked cakes
mf2459	flavordb	{'url': 'https://cosylab.iiitd.edu.in/flavordb/molecules_json?id=8369'}	id_matching	PUBCHEM_COMPOUND:8369	jam
mf2460	flavordb	{'url': 'https://cosylab.iiitd.edu.in/flavordb/molecules_json?id=8369'}	id_matching	PUBCHEM_COMPOUND:8369	caramel
mf2461	flavordb	{'url': 'https://cosylab.iiitd.edu.in/flavordb/molecules_json?id=8369'}	id_matching	PUBCHEM_COMPOUND:8369	candy
mf2462	flavordb	{'url': 'https://cosylab.iiitd.edu.in/flavordb/molecules_json?id=8369'}	id_matching	PUBCHEM_COMPOUND:8369	bread
mf2463	flavordb	{'url': 'https://cosylab.iiitd.edu.in/flavordb/molecules_json?id=8369'}	id_matching	PUBCHEM_COMPOUND:8369	baked
mf2464	flavordb	{'url': 'https://cosylab.iiitd.edu.in/flavordb/molecules_json?id=443158'}	id_matching	PUBCHEM_COMPOUND:443158	floral
mf2465	flavordb	{'url': 'https://cosylab.iiitd.edu.in/flavordb/molecules_json?id=443158'}	id_matching	PUBCHEM_COMPOUND:443158	woody
mf2466	flavordb	{'url': 'https://cosylab.iiitd.edu.in/flavordb/molecules_json?id=443158'}	id_matching	PUBCHEM_COMPOUND:443158	lavender
mf2467	flavordb	{'url': 'https://cosylab.iiitd.edu.in/flavordb/molecules_json?id=443158'}	id_matching	PUBCHEM_COMPOUND:443158	deep
mf2468	flavordb	{'url': 'https://cosylab.iiitd.edu.in/flavordb/molecules_json?id=443158'}	id_matching	PUBCHEM_COMPOUND:443158	fresh
mf2469	flavordb	{'url': 'https://cosylab.iiitd.edu.in/flavordb/molecules_json?id=443158'}	id_matching	PUBCHEM_COMPOUND:443158	natural
mf2470	flavordb	{'url': 'https://cosylab.iiitd.edu.in/flavordb/molecules_json?id=9020'}	id_matching	PUBCHEM_COMPOUND:9020	odorless
mf2471	flavordb	{'url': 'https://cosylab.iiitd.edu.in/flavordb/molecules_json?id=31229'}	id_matching	PUBCHEM_COMPOUND:31229	phenolic odor
mf2472	flavordb	{'url': 'https://cosylab.iiitd.edu.in/flavordb/molecules_json?id=31229'}	id_matching	PUBCHEM_COMPOUND:31229	phenolic
mf2473	flavordb	{'url': 'https://cosylab.iiitd.edu.in/flavordb/molecules_json?id=62725'}	id_matching	PUBCHEM_COMPOUND:62725	green
mf2474	flavordb	{'url': 'https://cosylab.iiitd.edu.in/flavordb/molecules_json?id=62725'}	id_matching	PUBCHEM_COMPOUND:62725	tomato leaf
mf2475	flavordb	{'url': 'https://cosylab.iiitd.edu.in/flavordb/molecules_json?id=62725'}	id_matching	PUBCHEM_COMPOUND:62725	privet
mf2476	flavordb	{'url': 'https://cosylab.iiitd.edu.in/flavordb/molecules_json?id=62725'}	id_matching	PUBCHEM_COMPOUND:62725	tomato
mf2477	flavordb	{'url': 'https://cosylab.iiitd.edu.in/flavordb/molecules_json?id=62725'}	id_matching	PUBCHEM_COMPOUND:62725	wasabi
mf2478	flavordb	{'url': 'https://cosylab.iiitd.edu.in/flavordb/molecules_json?id=62725'}	id_matching	PUBCHEM_COMPOUND:62725	earthy
mf2479	flavordb	{'url': 'https://cosylab.iiitd.edu.in/flavordb/molecules_json?id=62725'}	id_matching	PUBCHEM_COMPOUND:62725	leaf
mf2480	flavordb	{'url': 'https://cosylab.iiitd.edu.in/flavordb/molecules_json?id=62725'}	id_matching	PUBCHEM_COMPOUND:62725	vegetable
mf2481	flavordb	{'url': 'https://cosylab.iiitd.edu.in/flavordb/molecules_json?id=62725'}	id_matching	PUBCHEM_COMPOUND:62725	metallic
mf2482	flavordb	{'url': 'https://cosylab.iiitd.edu.in/flavordb/molecules_json?id=6450832'}	id_matching	PUBCHEM_COMPOUND:6450832	floral
mf2483	flavordb	{'url': 'https://cosylab.iiitd.edu.in/flavordb/molecules_json?id=6450832'}	id_matching	PUBCHEM_COMPOUND:6450832	woody
mf2484	flavordb	{'url': 'https://cosylab.iiitd.edu.in/flavordb/molecules_json?id=6450832'}	id_matching	PUBCHEM_COMPOUND:6450832	fruity
mf2485	flavordb	{'url': 'https://cosylab.iiitd.edu.in/flavordb/molecules_json?id=6450832'}	id_matching	PUBCHEM_COMPOUND:6450832	earthy
mf2486	flavordb	{'url': 'https://cosylab.iiitd.edu.in/flavordb/molecules_json?id=6432005'}	id_matching	PUBCHEM_COMPOUND:6432005	sweet
mf2487	flavordb	{'url': 'https://cosylab.iiitd.edu.in/flavordb/molecules_json?id=6432005'}	id_matching	PUBCHEM_COMPOUND:6432005	wax
mf2488	flavordb	{'url': 'https://cosylab.iiitd.edu.in/flavordb/molecules_json?id=6432005'}	id_matching	PUBCHEM_COMPOUND:6432005	waxy
mf2489	flavordb	{'url': 'https://cosylab.iiitd.edu.in/flavordb/molecules_json?id=33960'}	id_matching	PUBCHEM_COMPOUND:33960	waxy
mf2490	flavordb	{'url': 'https://cosylab.iiitd.edu.in/flavordb/molecules_json?id=33960'}	id_matching	PUBCHEM_COMPOUND:33960	mushroom
mf2491	flavordb	{'url': 'https://cosylab.iiitd.edu.in/flavordb/molecules_json?id=33960'}	id_matching	PUBCHEM_COMPOUND:33960	lactonic
mf2492	flavordb	{'url': 'https://cosylab.iiitd.edu.in/flavordb/molecules_json?id=33960'}	id_matching	PUBCHEM_COMPOUND:33960	almond
mf2493	flavordb	{'url': 'https://cosylab.iiitd.edu.in/flavordb/molecules_json?id=33960'}	id_matching	PUBCHEM_COMPOUND:33960	creamy
mf2494	flavordb	{'url': 'https://cosylab.iiitd.edu.in/flavordb/molecules_json?id=33960'}	id_matching	PUBCHEM_COMPOUND:33960	fatty
mf2495	flavordb	{'url': 'https://cosylab.iiitd.edu.in/flavordb/molecules_json?id=33960'}	id_matching	PUBCHEM_COMPOUND:33960	tonka
mf2496	flavordb	{'url': 'https://cosylab.iiitd.edu.in/flavordb/molecules_json?id=33960'}	id_matching	PUBCHEM_COMPOUND:33960	coconut
mf2497	flavordb	{'url': 'https://cosylab.iiitd.edu.in/flavordb/molecules_json?id=878'}	id_matching	PUBCHEM_COMPOUND:878	sulfur
mf2498	flavordb	{'url': 'https://cosylab.iiitd.edu.in/flavordb/molecules_json?id=878'}	id_matching	PUBCHEM_COMPOUND:878	odor of rotten cabbage
mf2499	flavordb	{'url': 'https://cosylab.iiitd.edu.in/flavordb/molecules_json?id=878'}	id_matching	PUBCHEM_COMPOUND:878	decomposing cabbage
mf2500	flavordb	{'url': 'https://cosylab.iiitd.edu.in/flavordb/molecules_json?id=878'}	id_matching	PUBCHEM_COMPOUND:878	gasoline
mf2501	flavordb	{'url': 'https://cosylab.iiitd.edu.in/flavordb/molecules_json?id=878'}	id_matching	PUBCHEM_COMPOUND:878	garlic
mf2502	flavordb	{'url': 'https://cosylab.iiitd.edu.in/flavordb/molecules_json?id=878'}	id_matching	PUBCHEM_COMPOUND:878	pungent, decayed cabbage.
mf2503	flavordb	{'url': 'https://cosylab.iiitd.edu.in/flavordb/molecules_json?id=878'}	id_matching	PUBCHEM_COMPOUND:878	unpleasant cabbage taste
mf2504	flavordb	{'url': 'https://cosylab.iiitd.edu.in/flavordb/molecules_json?id=878'}	id_matching	PUBCHEM_COMPOUND:878	disagreeable odor like garlic
mf2505	flavordb	{'url': 'https://cosylab.iiitd.edu.in/flavordb/molecules_json?id=878'}	id_matching	PUBCHEM_COMPOUND:878	sulfidy
mf2506	flavordb	{'url': 'https://cosylab.iiitd.edu.in/flavordb/molecules_json?id=878'}	id_matching	PUBCHEM_COMPOUND:878	powerful, unpleasant odor
mf2507	flavordb	{'url': 'https://cosylab.iiitd.edu.in/flavordb/molecules_json?id=5283335'}	id_matching	PUBCHEM_COMPOUND:5283335	green
mf2508	flavordb	{'url': 'https://cosylab.iiitd.edu.in/flavordb/molecules_json?id=5283335'}	id_matching	PUBCHEM_COMPOUND:5283335	cucumber
mf2509	flavordb	{'url': 'https://cosylab.iiitd.edu.in/flavordb/molecules_json?id=5283335'}	id_matching	PUBCHEM_COMPOUND:5283335	waxy
mf2510	flavordb	{'url': 'https://cosylab.iiitd.edu.in/flavordb/molecules_json?id=5283335'}	id_matching	PUBCHEM_COMPOUND:5283335	melon
mf2511	flavordb	{'url': 'https://cosylab.iiitd.edu.in/flavordb/molecules_json?id=5283335'}	id_matching	PUBCHEM_COMPOUND:5283335	fatty
mf2512	flavordb	{'url': 'https://cosylab.iiitd.edu.in/flavordb/molecules_json?id=5283335'}	id_matching	PUBCHEM_COMPOUND:5283335	paper
mf2513	flavordb	{'url': 'https://cosylab.iiitd.edu.in/flavordb/molecules_json?id=8785'}	id_matching	PUBCHEM_COMPOUND:8785	floral
mf2514	flavordb	{'url': 'https://cosylab.iiitd.edu.in/flavordb/molecules_json?id=8785'}	id_matching	PUBCHEM_COMPOUND:8785	apricot
mf2515	flavordb	{'url': 'https://cosylab.iiitd.edu.in/flavordb/molecules_json?id=8785'}	id_matching	PUBCHEM_COMPOUND:8785	jasmine
mf2516	flavordb	{'url': 'https://cosylab.iiitd.edu.in/flavordb/molecules_json?id=8785'}	id_matching	PUBCHEM_COMPOUND:8785	sweet
mf2517	flavordb	{'url': 'https://cosylab.iiitd.edu.in/flavordb/molecules_json?id=8785'}	id_matching	PUBCHEM_COMPOUND:8785	fruity
mf2518	flavordb	{'url': 'https://cosylab.iiitd.edu.in/flavordb/molecules_json?id=8785'}	id_matching	PUBCHEM_COMPOUND:8785	bitter, pungent taste
mf2519	flavordb	{'url': 'https://cosylab.iiitd.edu.in/flavordb/molecules_json?id=8785'}	id_matching	PUBCHEM_COMPOUND:8785	plum
mf2520	flavordb	{'url': 'https://cosylab.iiitd.edu.in/flavordb/molecules_json?id=8785'}	id_matching	PUBCHEM_COMPOUND:8785	bitter
mf2521	flavordb	{'url': 'https://cosylab.iiitd.edu.in/flavordb/molecules_json?id=8785'}	id_matching	PUBCHEM_COMPOUND:8785	fresh
mf2522	flavordb	{'url': 'https://cosylab.iiitd.edu.in/flavordb/molecules_json?id=8785'}	id_matching	PUBCHEM_COMPOUND:8785	pear-like odor
mf2523	flavordb	{'url': 'https://cosylab.iiitd.edu.in/flavordb/molecules_json?id=8785'}	id_matching	PUBCHEM_COMPOUND:8785	jasmin
mf2524	flavordb	{'url': 'https://cosylab.iiitd.edu.in/flavordb/molecules_json?id=8785'}	id_matching	PUBCHEM_COMPOUND:8785	apple
mf2525	flavordb	{'url': 'https://cosylab.iiitd.edu.in/flavordb/molecules_json?id=8785'}	id_matching	PUBCHEM_COMPOUND:8785	powerful but thin, sweet floral fresh, fresh and light, fruity odor reminiscent of jasmin, gardenia, muguet, lily and other flowers.
mf2526	flavordb	{'url': 'https://cosylab.iiitd.edu.in/flavordb/molecules_json?id=8785'}	id_matching	PUBCHEM_COMPOUND:8785	characteristic flowery (jasmine) odor
mf2527	flavordb	{'url': 'https://cosylab.iiitd.edu.in/flavordb/molecules_json?id=8785'}	id_matching	PUBCHEM_COMPOUND:8785	boiled vegetable
mf2528	flavordb	{'url': 'https://cosylab.iiitd.edu.in/flavordb/molecules_json?id=8785'}	id_matching	PUBCHEM_COMPOUND:8785	cherry
mf2529	flavordb	{'url': 'https://cosylab.iiitd.edu.in/flavordb/molecules_json?id=8419'}	id_matching	PUBCHEM_COMPOUND:8419	sweet
mf2530	flavordb	{'url': 'https://cosylab.iiitd.edu.in/flavordb/molecules_json?id=8419'}	id_matching	PUBCHEM_COMPOUND:8419	woody
mf2531	flavordb	{'url': 'https://cosylab.iiitd.edu.in/flavordb/molecules_json?id=8419'}	id_matching	PUBCHEM_COMPOUND:8419	creamy
mf2532	flavordb	{'url': 'https://cosylab.iiitd.edu.in/flavordb/molecules_json?id=8419'}	id_matching	PUBCHEM_COMPOUND:8419	minty
mf2533	flavordb	{'url': 'https://cosylab.iiitd.edu.in/flavordb/molecules_json?id=8419'}	id_matching	PUBCHEM_COMPOUND:8419	caramel
mf2534	flavordb	{'url': 'https://cosylab.iiitd.edu.in/flavordb/molecules_json?id=8419'}	id_matching	PUBCHEM_COMPOUND:8419	vanilla
mf2535	flavordb	{'url': 'https://cosylab.iiitd.edu.in/flavordb/molecules_json?id=8419'}	id_matching	PUBCHEM_COMPOUND:8419	cherry
mf2536	flavordb	{'url': 'https://cosylab.iiitd.edu.in/flavordb/molecules_json?id=19233'}	id_matching	PUBCHEM_COMPOUND:19233	sweet
mf2537	flavordb	{'url': 'https://cosylab.iiitd.edu.in/flavordb/molecules_json?id=9862'}	id_matching	PUBCHEM_COMPOUND:9862	rubber
mf2538	flavordb	{'url': 'https://cosylab.iiitd.edu.in/flavordb/molecules_json?id=9862'}	id_matching	PUBCHEM_COMPOUND:9862	green
mf2539	flavordb	{'url': 'https://cosylab.iiitd.edu.in/flavordb/molecules_json?id=9862'}	id_matching	PUBCHEM_COMPOUND:9862	pepper
mf2540	flavordb	{'url': 'https://cosylab.iiitd.edu.in/flavordb/molecules_json?id=9862'}	id_matching	PUBCHEM_COMPOUND:9862	mushroom
mf2541	flavordb	{'url': 'https://cosylab.iiitd.edu.in/flavordb/molecules_json?id=9862'}	id_matching	PUBCHEM_COMPOUND:9862	bitter
mf2542	flavordb	{'url': 'https://cosylab.iiitd.edu.in/flavordb/molecules_json?id=9862'}	id_matching	PUBCHEM_COMPOUND:9862	citrus
mf2543	flavordb	{'url': 'https://cosylab.iiitd.edu.in/flavordb/molecules_json?id=9862'}	id_matching	PUBCHEM_COMPOUND:9862	hazelnut
mf2544	flavordb	{'url': 'https://cosylab.iiitd.edu.in/flavordb/molecules_json?id=9862'}	id_matching	PUBCHEM_COMPOUND:9862	lemongrass
mf2545	flavordb	{'url': 'https://cosylab.iiitd.edu.in/flavordb/molecules_json?id=9862'}	id_matching	PUBCHEM_COMPOUND:9862	fruity taste
mf2546	flavordb	{'url': 'https://cosylab.iiitd.edu.in/flavordb/molecules_json?id=9862'}	id_matching	PUBCHEM_COMPOUND:9862	musty
mf2547	flavordb	{'url': 'https://cosylab.iiitd.edu.in/flavordb/molecules_json?id=9862'}	id_matching	PUBCHEM_COMPOUND:9862	apple
mf2548	flavordb	{'url': 'https://cosylab.iiitd.edu.in/flavordb/molecules_json?id=9862'}	id_matching	PUBCHEM_COMPOUND:9862	nutty
mf2549	flavordb	{'url': 'https://cosylab.iiitd.edu.in/flavordb/molecules_json?id=9862'}	id_matching	PUBCHEM_COMPOUND:9862	powerful, fatty, green, citrus odor
mf2550	flavordb	{'url': 'https://cosylab.iiitd.edu.in/flavordb/molecules_json?id=31404'}	id_matching	PUBCHEM_COMPOUND:31404	musty
mf2551	flavordb	{'url': 'https://cosylab.iiitd.edu.in/flavordb/molecules_json?id=31404'}	id_matching	PUBCHEM_COMPOUND:31404	tasteless
mf2552	flavordb	{'url': 'https://cosylab.iiitd.edu.in/flavordb/molecules_json?id=31404'}	id_matching	PUBCHEM_COMPOUND:31404	very faint, musty, occasional cresylic-type odor
mf2553	flavordb	{'url': 'https://cosylab.iiitd.edu.in/flavordb/molecules_json?id=31404'}	id_matching	PUBCHEM_COMPOUND:31404	phenolic
mf2554	flavordb	{'url': 'https://cosylab.iiitd.edu.in/flavordb/molecules_json?id=31404'}	id_matching	PUBCHEM_COMPOUND:31404	vanilla
mf2555	flavordb	{'url': 'https://cosylab.iiitd.edu.in/flavordb/molecules_json?id=31404'}	id_matching	PUBCHEM_COMPOUND:31404	mild
mf2556	flavordb	{'url': 'https://cosylab.iiitd.edu.in/flavordb/molecules_json?id=31404'}	id_matching	PUBCHEM_COMPOUND:31404	camphor
mf2557	flavordb	{'url': 'https://cosylab.iiitd.edu.in/flavordb/molecules_json?id=443156'}	id_matching	PUBCHEM_COMPOUND:443156	sweet
mf2558	flavordb	{'url': 'https://cosylab.iiitd.edu.in/flavordb/molecules_json?id=443156'}	id_matching	PUBCHEM_COMPOUND:443156	lemon
mf2559	flavordb	{'url': 'https://cosylab.iiitd.edu.in/flavordb/molecules_json?id=7438'}	id_matching	PUBCHEM_COMPOUND:7438	caraway
mf2560	flavordb	{'url': 'https://cosylab.iiitd.edu.in/flavordb/molecules_json?id=7438'}	id_matching	PUBCHEM_COMPOUND:7438	fresh
mf2561	flavordb	{'url': 'https://cosylab.iiitd.edu.in/flavordb/molecules_json?id=7438'}	id_matching	PUBCHEM_COMPOUND:7438	minty
mf2562	flavordb	{'url': 'https://cosylab.iiitd.edu.in/flavordb/molecules_json?id=7438'}	id_matching	PUBCHEM_COMPOUND:7438	spearmint
mf2563	flavordb	{'url': 'https://cosylab.iiitd.edu.in/flavordb/molecules_json?id=68316'}	id_matching	PUBCHEM_COMPOUND:68316	wood
mf2564	flavordb	{'url': 'https://cosylab.iiitd.edu.in/flavordb/molecules_json?id=68316'}	id_matching	PUBCHEM_COMPOUND:68316	woody
mf2565	flavordb	{'url': 'https://cosylab.iiitd.edu.in/flavordb/molecules_json?id=6857681'}	id_matching	PUBCHEM_COMPOUND:6857681	woody
mf2566	flavordb	{'url': 'https://cosylab.iiitd.edu.in/flavordb/molecules_json?id=5460024'}	id_matching	PUBCHEM_COMPOUND:5460024	sweet
mf2567	flavordb	{'url': 'https://cosylab.iiitd.edu.in/flavordb/molecules_json?id=145659'}	id_matching	PUBCHEM_COMPOUND:145659	bitter
mf2568	flavordb	{'url': 'https://cosylab.iiitd.edu.in/flavordb/molecules_json?id=387977'}	id_matching	PUBCHEM_COMPOUND:387977	fatty
mf2569	flavordb	{'url': 'https://cosylab.iiitd.edu.in/flavordb/molecules_json?id=387977'}	id_matching	PUBCHEM_COMPOUND:387977	fresh
mf2570	flavordb	{'url': 'https://cosylab.iiitd.edu.in/flavordb/molecules_json?id=656760'}	id_matching	PUBCHEM_COMPOUND:656760	sweet-like
mf2571	flavordb	{'url': 'https://cosylab.iiitd.edu.in/flavordb/molecules_json?id=62434'}	id_matching	PUBCHEM_COMPOUND:62434	green
mf2572	flavordb	{'url': 'https://cosylab.iiitd.edu.in/flavordb/molecules_json?id=62434'}	id_matching	PUBCHEM_COMPOUND:62434	onion
mf2573	flavordb	{'url': 'https://cosylab.iiitd.edu.in/flavordb/molecules_json?id=62434'}	id_matching	PUBCHEM_COMPOUND:62434	garlic
mf2574	flavordb	{'url': 'https://cosylab.iiitd.edu.in/flavordb/molecules_json?id=62434'}	id_matching	PUBCHEM_COMPOUND:62434	alliaceous
mf2575	flavordb	{'url': 'https://cosylab.iiitd.edu.in/flavordb/molecules_json?id=66282'}	id_matching	PUBCHEM_COMPOUND:66282	onion
mf2576	flavordb	{'url': 'https://cosylab.iiitd.edu.in/flavordb/molecules_json?id=66282'}	id_matching	PUBCHEM_COMPOUND:66282	garlic
mf2577	flavordb	{'url': 'https://cosylab.iiitd.edu.in/flavordb/molecules_json?id=66282'}	id_matching	PUBCHEM_COMPOUND:66282	alliaceous
mf2578	flavordb	{'url': 'https://cosylab.iiitd.edu.in/flavordb/molecules_json?id=5318599'}	id_matching	PUBCHEM_COMPOUND:5318599	plastic
mf2579	flavordb	{'url': 'https://cosylab.iiitd.edu.in/flavordb/molecules_json?id=5318599'}	id_matching	PUBCHEM_COMPOUND:5318599	green
mf2580	flavordb	{'url': 'https://cosylab.iiitd.edu.in/flavordb/molecules_json?id=5318599'}	id_matching	PUBCHEM_COMPOUND:5318599	citrus
mf2581	flavordb	{'url': 'https://cosylab.iiitd.edu.in/flavordb/molecules_json?id=5318599'}	id_matching	PUBCHEM_COMPOUND:5318599	soap
mf2582	flavordb	{'url': 'https://cosylab.iiitd.edu.in/flavordb/molecules_json?id=439357'}	id_matching	PUBCHEM_COMPOUND:439357	sweet
mf2583	flavordb	{'url': 'https://cosylab.iiitd.edu.in/flavordb/molecules_json?id=439353'}	id_matching	PUBCHEM_COMPOUND:439353	sweet
mf2584	flavordb	{'url': 'https://cosylab.iiitd.edu.in/flavordb/molecules_json?id=442138'}	id_matching	PUBCHEM_COMPOUND:442138	bitter
mf2585	flavordb	{'url': 'https://cosylab.iiitd.edu.in/flavordb/molecules_json?id=329983'}	id_matching	PUBCHEM_COMPOUND:329983	coffee
mf2586	flavordb	{'url': 'https://cosylab.iiitd.edu.in/flavordb/molecules_json?id=329983'}	id_matching	PUBCHEM_COMPOUND:329983	pungent
mf2587	flavordb	{'url': 'https://cosylab.iiitd.edu.in/flavordb/molecules_json?id=329983'}	id_matching	PUBCHEM_COMPOUND:329983	earthy
mf2588	flavordb	{'url': 'https://cosylab.iiitd.edu.in/flavordb/molecules_json?id=329983'}	id_matching	PUBCHEM_COMPOUND:329983	musty
mf2589	flavordb	{'url': 'https://cosylab.iiitd.edu.in/flavordb/molecules_json?id=329983'}	id_matching	PUBCHEM_COMPOUND:329983	nutty
mf2590	flavordb	{'url': 'https://cosylab.iiitd.edu.in/flavordb/molecules_json?id=8103'}	id_matching	PUBCHEM_COMPOUND:8103	green
mf2591	flavordb	{'url': 'https://cosylab.iiitd.edu.in/flavordb/molecules_json?id=8103'}	id_matching	PUBCHEM_COMPOUND:8103	sweet
mf2592	flavordb	{'url': 'https://cosylab.iiitd.edu.in/flavordb/molecules_json?id=8103'}	id_matching	PUBCHEM_COMPOUND:8103	sweet alcohol
mf2593	flavordb	{'url': 'https://cosylab.iiitd.edu.in/flavordb/molecules_json?id=8103'}	id_matching	PUBCHEM_COMPOUND:8103	fruity
mf2594	flavordb	{'url': 'https://cosylab.iiitd.edu.in/flavordb/molecules_json?id=8103'}	id_matching	PUBCHEM_COMPOUND:8103	alcoholic
mf2595	flavordb	{'url': 'https://cosylab.iiitd.edu.in/flavordb/molecules_json?id=8103'}	id_matching	PUBCHEM_COMPOUND:8103	oil
mf2596	flavordb	{'url': 'https://cosylab.iiitd.edu.in/flavordb/molecules_json?id=8103'}	id_matching	PUBCHEM_COMPOUND:8103	fatty, fruity
mf2597	flavordb	{'url': 'https://cosylab.iiitd.edu.in/flavordb/molecules_json?id=8103'}	id_matching	PUBCHEM_COMPOUND:8103	ethereal
mf2598	flavordb	{'url': 'https://cosylab.iiitd.edu.in/flavordb/molecules_json?id=8103'}	id_matching	PUBCHEM_COMPOUND:8103	resin
mf2599	flavordb	{'url': 'https://cosylab.iiitd.edu.in/flavordb/molecules_json?id=8103'}	id_matching	PUBCHEM_COMPOUND:8103	pleasant
mf2600	flavordb	{'url': 'https://cosylab.iiitd.edu.in/flavordb/molecules_json?id=8103'}	id_matching	PUBCHEM_COMPOUND:8103	fusel
mf2601	flavordb	{'url': 'https://cosylab.iiitd.edu.in/flavordb/molecules_json?id=8103'}	id_matching	PUBCHEM_COMPOUND:8103	flower
mf2602	flavordb	{'url': 'https://cosylab.iiitd.edu.in/flavordb/molecules_json?id=8103'}	id_matching	PUBCHEM_COMPOUND:8103	characteristic
mf2603	flavordb	{'url': 'https://cosylab.iiitd.edu.in/flavordb/molecules_json?id=8103'}	id_matching	PUBCHEM_COMPOUND:8103	aromatic flavor
mf2604	flavordb	{'url': 'https://cosylab.iiitd.edu.in/flavordb/molecules_json?id=31276'}	id_matching	PUBCHEM_COMPOUND:31276	sweet
mf2605	flavordb	{'url': 'https://cosylab.iiitd.edu.in/flavordb/molecules_json?id=31276'}	id_matching	PUBCHEM_COMPOUND:31276	fruity
mf2606	flavordb	{'url': 'https://cosylab.iiitd.edu.in/flavordb/molecules_json?id=31276'}	id_matching	PUBCHEM_COMPOUND:31276	bitter
mf2607	flavordb	{'url': 'https://cosylab.iiitd.edu.in/flavordb/molecules_json?id=31276'}	id_matching	PUBCHEM_COMPOUND:31276	solvent
mf2608	flavordb	{'url': 'https://cosylab.iiitd.edu.in/flavordb/molecules_json?id=31276'}	id_matching	PUBCHEM_COMPOUND:31276	fruity, banana, sweet, fragrant, powerful odor
mf2609	flavordb	{'url': 'https://cosylab.iiitd.edu.in/flavordb/molecules_json?id=31276'}	id_matching	PUBCHEM_COMPOUND:31276	at room temperature, the low molecular- weight ester isoamyl acetate (iaa)... is a liquid with an intense, but pleasant banana-like odor.
mf2610	flavordb	{'url': 'https://cosylab.iiitd.edu.in/flavordb/molecules_json?id=31276'}	id_matching	PUBCHEM_COMPOUND:31276	pear-like odor
mf2611	flavordb	{'url': 'https://cosylab.iiitd.edu.in/flavordb/molecules_json?id=31276'}	id_matching	PUBCHEM_COMPOUND:31276	sweet fruity smell
mf2612	flavordb	{'url': 'https://cosylab.iiitd.edu.in/flavordb/molecules_json?id=31276'}	id_matching	PUBCHEM_COMPOUND:31276	bittersweet taste reminiscent of pear ... taste characteristics at 30 ppm: sweet fruity, banana-like with a green ripe nuance.
mf2613	flavordb	{'url': 'https://cosylab.iiitd.edu.in/flavordb/molecules_json?id=31276'}	id_matching	PUBCHEM_COMPOUND:31276	banana
mf2614	flavordb	{'url': 'https://cosylab.iiitd.edu.in/flavordb/molecules_json?id=31276'}	id_matching	PUBCHEM_COMPOUND:31276	slight apple taste
mf2615	flavordb	{'url': 'https://cosylab.iiitd.edu.in/flavordb/molecules_json?id=7799'}	id_matching	PUBCHEM_COMPOUND:7799	brandy
mf2616	flavordb	{'url': 'https://cosylab.iiitd.edu.in/flavordb/molecules_json?id=7799'}	id_matching	PUBCHEM_COMPOUND:7799	apricot
mf2617	flavordb	{'url': 'https://cosylab.iiitd.edu.in/flavordb/molecules_json?id=7799'}	id_matching	PUBCHEM_COMPOUND:7799	sweet
mf2618	flavordb	{'url': 'https://cosylab.iiitd.edu.in/flavordb/molecules_json?id=7799'}	id_matching	PUBCHEM_COMPOUND:7799	fat
mf2619	flavordb	{'url': 'https://cosylab.iiitd.edu.in/flavordb/molecules_json?id=7799'}	id_matching	PUBCHEM_COMPOUND:7799	fruity
mf2620	flavordb	{'url': 'https://cosylab.iiitd.edu.in/flavordb/molecules_json?id=7799'}	id_matching	PUBCHEM_COMPOUND:7799	waxy
mf2621	flavordb	{'url': 'https://cosylab.iiitd.edu.in/flavordb/molecules_json?id=7799'}	id_matching	PUBCHEM_COMPOUND:7799	wine
mf2622	flavordb	{'url': 'https://cosylab.iiitd.edu.in/flavordb/molecules_json?id=7799'}	id_matching	PUBCHEM_COMPOUND:7799	pear
mf2623	flavordb	{'url': 'https://cosylab.iiitd.edu.in/flavordb/molecules_json?id=7799'}	id_matching	PUBCHEM_COMPOUND:7799	banana
mf2624	flavordb	{'url': 'https://cosylab.iiitd.edu.in/flavordb/molecules_json?id=7799'}	id_matching	PUBCHEM_COMPOUND:7799	fruit
mf2625	flavordb	{'url': 'https://cosylab.iiitd.edu.in/flavordb/molecules_json?id=8028'}	id_matching	PUBCHEM_COMPOUND:8028	ether-like odor
mf2626	flavordb	{'url': 'https://cosylab.iiitd.edu.in/flavordb/molecules_json?id=8028'}	id_matching	PUBCHEM_COMPOUND:8028	faint fruity odor
mf2627	flavordb	{'url': 'https://cosylab.iiitd.edu.in/flavordb/molecules_json?id=8028'}	id_matching	PUBCHEM_COMPOUND:8028	pungent taste
mf2628	flavordb	{'url': 'https://cosylab.iiitd.edu.in/flavordb/molecules_json?id=6432469'}	id_matching	PUBCHEM_COMPOUND:6432469	minty
mf2629	flavordb	{'url': 'https://cosylab.iiitd.edu.in/flavordb/molecules_json?id=8914'}	id_matching	PUBCHEM_COMPOUND:8914	floral
mf2630	flavordb	{'url': 'https://cosylab.iiitd.edu.in/flavordb/molecules_json?id=8914'}	id_matching	PUBCHEM_COMPOUND:8914	green
mf2631	flavordb	{'url': 'https://cosylab.iiitd.edu.in/flavordb/molecules_json?id=8914'}	id_matching	PUBCHEM_COMPOUND:8914	oily
mf2632	flavordb	{'url': 'https://cosylab.iiitd.edu.in/flavordb/molecules_json?id=8914'}	id_matching	PUBCHEM_COMPOUND:8914	fat
mf2633	flavordb	{'url': 'https://cosylab.iiitd.edu.in/flavordb/molecules_json?id=8914'}	id_matching	PUBCHEM_COMPOUND:8914	rose
mf2634	flavordb	{'url': 'https://cosylab.iiitd.edu.in/flavordb/molecules_json?id=8914'}	id_matching	PUBCHEM_COMPOUND:8914	bitter
mf2635	flavordb	{'url': 'https://cosylab.iiitd.edu.in/flavordb/molecules_json?id=8914'}	id_matching	PUBCHEM_COMPOUND:8914	dusty
mf2636	flavordb	{'url': 'https://cosylab.iiitd.edu.in/flavordb/molecules_json?id=8914'}	id_matching	PUBCHEM_COMPOUND:8914	orange
mf2637	flavordb	{'url': 'https://cosylab.iiitd.edu.in/flavordb/molecules_json?id=8914'}	id_matching	PUBCHEM_COMPOUND:8914	floral odor
mf2638	flavordb	{'url': 'https://cosylab.iiitd.edu.in/flavordb/molecules_json?id=8914'}	id_matching	PUBCHEM_COMPOUND:8914	odor of citronella oil
mf2639	flavordb	{'url': 'https://cosylab.iiitd.edu.in/flavordb/molecules_json?id=8914'}	id_matching	PUBCHEM_COMPOUND:8914	fresh
mf2640	flavordb	{'url': 'https://cosylab.iiitd.edu.in/flavordb/molecules_json?id=8914'}	id_matching	PUBCHEM_COMPOUND:8914	fatty
mf2641	flavordb	{'url': 'https://cosylab.iiitd.edu.in/flavordb/molecules_json?id=8914'}	id_matching	PUBCHEM_COMPOUND:8914	wet
mf2642	flavordb	{'url': 'https://cosylab.iiitd.edu.in/flavordb/molecules_json?id=8914'}	id_matching	PUBCHEM_COMPOUND:8914	clean
mf2643	flavordb	{'url': 'https://cosylab.iiitd.edu.in/flavordb/molecules_json?id=12367'}	id_matching	PUBCHEM_COMPOUND:12367	green
mf2644	flavordb	{'url': 'https://cosylab.iiitd.edu.in/flavordb/molecules_json?id=12367'}	id_matching	PUBCHEM_COMPOUND:12367	cucumber
mf2645	flavordb	{'url': 'https://cosylab.iiitd.edu.in/flavordb/molecules_json?id=12367'}	id_matching	PUBCHEM_COMPOUND:12367	fruity
mf2646	flavordb	{'url': 'https://cosylab.iiitd.edu.in/flavordb/molecules_json?id=12367'}	id_matching	PUBCHEM_COMPOUND:12367	waxy
mf2647	flavordb	{'url': 'https://cosylab.iiitd.edu.in/flavordb/molecules_json?id=12367'}	id_matching	PUBCHEM_COMPOUND:12367	orange
mf2648	flavordb	{'url': 'https://cosylab.iiitd.edu.in/flavordb/molecules_json?id=12367'}	id_matching	PUBCHEM_COMPOUND:12367	citrus
mf2649	flavordb	{'url': 'https://cosylab.iiitd.edu.in/flavordb/molecules_json?id=12367'}	id_matching	PUBCHEM_COMPOUND:12367	creamy
mf2650	flavordb	{'url': 'https://cosylab.iiitd.edu.in/flavordb/molecules_json?id=12367'}	id_matching	PUBCHEM_COMPOUND:12367	cheese
mf2651	flavordb	{'url': 'https://cosylab.iiitd.edu.in/flavordb/molecules_json?id=15448'}	id_matching	PUBCHEM_COMPOUND:15448	waxy
mf2652	flavordb	{'url': 'https://cosylab.iiitd.edu.in/flavordb/molecules_json?id=15448'}	id_matching	PUBCHEM_COMPOUND:15448	sarsaparilla
mf2653	flavordb	{'url': 'https://cosylab.iiitd.edu.in/flavordb/molecules_json?id=15448'}	id_matching	PUBCHEM_COMPOUND:15448	clean cloth
mf2654	flavordb	{'url': 'https://cosylab.iiitd.edu.in/flavordb/molecules_json?id=15448'}	id_matching	PUBCHEM_COMPOUND:15448	cotton
mf2655	flavordb	{'url': 'https://cosylab.iiitd.edu.in/flavordb/molecules_json?id=15448'}	id_matching	PUBCHEM_COMPOUND:15448	fresh
mf2656	flavordb	{'url': 'https://cosylab.iiitd.edu.in/flavordb/molecules_json?id=61303'}	id_matching	PUBCHEM_COMPOUND:61303	jasmin
mf2657	flavordb	{'url': 'https://cosylab.iiitd.edu.in/flavordb/molecules_json?id=61303'}	id_matching	PUBCHEM_COMPOUND:61303	celery
mf2658	flavordb	{'url': 'https://cosylab.iiitd.edu.in/flavordb/molecules_json?id=61303'}	id_matching	PUBCHEM_COMPOUND:61303	fresh
mf2659	flavordb	{'url': 'https://cosylab.iiitd.edu.in/flavordb/molecules_json?id=44258082'}	id_matching	PUBCHEM_COMPOUND:44258082	sweet-like
mf2660	flavordb	{'url': 'https://cosylab.iiitd.edu.in/flavordb/molecules_json?id=1549778'}	id_matching	PUBCHEM_COMPOUND:1549778	floral
mf2661	flavordb	{'url': 'https://cosylab.iiitd.edu.in/flavordb/molecules_json?id=1549778'}	id_matching	PUBCHEM_COMPOUND:1549778	green
mf2662	flavordb	{'url': 'https://cosylab.iiitd.edu.in/flavordb/molecules_json?id=1549778'}	id_matching	PUBCHEM_COMPOUND:1549778	rose
mf2663	flavordb	{'url': 'https://cosylab.iiitd.edu.in/flavordb/molecules_json?id=1549778'}	id_matching	PUBCHEM_COMPOUND:1549778	fruity
mf2664	flavordb	{'url': 'https://cosylab.iiitd.edu.in/flavordb/molecules_json?id=1549778'}	id_matching	PUBCHEM_COMPOUND:1549778	fresh
mf2665	flavordb	{'url': 'https://cosylab.iiitd.edu.in/flavordb/molecules_json?id=1549778'}	id_matching	PUBCHEM_COMPOUND:1549778	aldehydic
mf2666	flavordb	{'url': 'https://cosylab.iiitd.edu.in/flavordb/molecules_json?id=1549778'}	id_matching	PUBCHEM_COMPOUND:1549778	magnolia
mf2667	flavordb	{'url': 'https://cosylab.iiitd.edu.in/flavordb/molecules_json?id=1549778'}	id_matching	PUBCHEM_COMPOUND:1549778	leaf
mf2668	flavordb	{'url': 'https://cosylab.iiitd.edu.in/flavordb/molecules_json?id=168849'}	id_matching	PUBCHEM_COMPOUND:168849	sweet-like
mf2669	flavordb	{'url': 'https://cosylab.iiitd.edu.in/flavordb/molecules_json?id=24261'}	id_matching	PUBCHEM_COMPOUND:24261	odorless
mf2670	flavordb	{'url': 'https://cosylab.iiitd.edu.in/flavordb/molecules_json?id=6877'}	id_matching	PUBCHEM_COMPOUND:6877	floral
mf2671	flavordb	{'url': 'https://cosylab.iiitd.edu.in/flavordb/molecules_json?id=6877'}	id_matching	PUBCHEM_COMPOUND:6877	sweet
mf2672	flavordb	{'url': 'https://cosylab.iiitd.edu.in/flavordb/molecules_json?id=6877'}	id_matching	PUBCHEM_COMPOUND:6877	orange blossom
mf2673	flavordb	{'url': 'https://cosylab.iiitd.edu.in/flavordb/molecules_json?id=6877'}	id_matching	PUBCHEM_COMPOUND:6877	faint orange-flowers odor
mf2674	flavordb	{'url': 'https://cosylab.iiitd.edu.in/flavordb/molecules_json?id=6877'}	id_matching	PUBCHEM_COMPOUND:6877	wintergreen
mf2675	flavordb	{'url': 'https://cosylab.iiitd.edu.in/flavordb/molecules_json?id=6877'}	id_matching	PUBCHEM_COMPOUND:6877	fruity odor
mf2676	flavordb	{'url': 'https://cosylab.iiitd.edu.in/flavordb/molecules_json?id=6877'}	id_matching	PUBCHEM_COMPOUND:6877	blossom
mf2677	flavordb	{'url': 'https://cosylab.iiitd.edu.in/flavordb/molecules_json?id=6877'}	id_matching	PUBCHEM_COMPOUND:6877	faint orange-flowers taste
mf2678	flavordb	{'url': 'https://cosylab.iiitd.edu.in/flavordb/molecules_json?id=6877'}	id_matching	PUBCHEM_COMPOUND:6877	grape
mf2679	flavordb	{'url': 'https://cosylab.iiitd.edu.in/flavordb/molecules_json?id=7778'}	id_matching	PUBCHEM_COMPOUND:7778	apricot
mf2680	flavordb	{'url': 'https://cosylab.iiitd.edu.in/flavordb/molecules_json?id=7778'}	id_matching	PUBCHEM_COMPOUND:7778	cucumber
mf2681	flavordb	{'url': 'https://cosylab.iiitd.edu.in/flavordb/molecules_json?id=7778'}	id_matching	PUBCHEM_COMPOUND:7778	rose
mf2682	flavordb	{'url': 'https://cosylab.iiitd.edu.in/flavordb/molecules_json?id=7778'}	id_matching	PUBCHEM_COMPOUND:7778	peach
mf2683	flavordb	{'url': 'https://cosylab.iiitd.edu.in/flavordb/molecules_json?id=7778'}	id_matching	PUBCHEM_COMPOUND:7778	plum
mf2684	flavordb	{'url': 'https://cosylab.iiitd.edu.in/flavordb/molecules_json?id=7778'}	id_matching	PUBCHEM_COMPOUND:7778	bergamot
mf2685	flavordb	{'url': 'https://cosylab.iiitd.edu.in/flavordb/molecules_json?id=7778'}	id_matching	PUBCHEM_COMPOUND:7778	honey
mf2686	flavordb	{'url': 'https://cosylab.iiitd.edu.in/flavordb/molecules_json?id=82229'}	id_matching	PUBCHEM_COMPOUND:82229	woody
mf2687	flavordb	{'url': 'https://cosylab.iiitd.edu.in/flavordb/molecules_json?id=82229'}	id_matching	PUBCHEM_COMPOUND:82229	herbal
mf2688	flavordb	{'url': 'https://cosylab.iiitd.edu.in/flavordb/molecules_json?id=82229'}	id_matching	PUBCHEM_COMPOUND:82229	earthy
mf2689	flavordb	{'url': 'https://cosylab.iiitd.edu.in/flavordb/molecules_json?id=82229'}	id_matching	PUBCHEM_COMPOUND:82229	camphor
mf2690	flavordb	{'url': 'https://cosylab.iiitd.edu.in/flavordb/molecules_json?id=6431015'}	id_matching	PUBCHEM_COMPOUND:6431015	sweet
mf2691	flavordb	{'url': 'https://cosylab.iiitd.edu.in/flavordb/molecules_json?id=6431015'}	id_matching	PUBCHEM_COMPOUND:6431015	woody
mf2692	flavordb	{'url': 'https://cosylab.iiitd.edu.in/flavordb/molecules_json?id=6431015'}	id_matching	PUBCHEM_COMPOUND:6431015	fresh
mf2693	flavordb	{'url': 'https://cosylab.iiitd.edu.in/flavordb/molecules_json?id=6431015'}	id_matching	PUBCHEM_COMPOUND:6431015	cedar
mf2694	flavordb	{'url': 'https://cosylab.iiitd.edu.in/flavordb/molecules_json?id=237332'}	id_matching	PUBCHEM_COMPOUND:237332	waxy
mf2695	flavordb	{'url': 'https://cosylab.iiitd.edu.in/flavordb/molecules_json?id=237332'}	id_matching	PUBCHEM_COMPOUND:237332	fatty
mf2696	flavordb	{'url': 'https://cosylab.iiitd.edu.in/flavordb/molecules_json?id=237332'}	id_matching	PUBCHEM_COMPOUND:237332	caramel
mf2697	flavordb	{'url': 'https://cosylab.iiitd.edu.in/flavordb/molecules_json?id=237332'}	id_matching	PUBCHEM_COMPOUND:237332	butter, caramel, musty
mf2698	flavordb	{'url': 'https://cosylab.iiitd.edu.in/flavordb/molecules_json?id=237332'}	id_matching	PUBCHEM_COMPOUND:237332	musty
mf2699	flavordb	{'url': 'https://cosylab.iiitd.edu.in/flavordb/molecules_json?id=237332'}	id_matching	PUBCHEM_COMPOUND:237332	cardboard
mf2700	flavordb	{'url': 'https://cosylab.iiitd.edu.in/flavordb/molecules_json?id=237332'}	id_matching	PUBCHEM_COMPOUND:237332	odor of chamomile flowers
mf2701	flavordb	{'url': 'https://cosylab.iiitd.edu.in/flavordb/molecules_json?id=643757'}	id_matching	PUBCHEM_COMPOUND:643757	bland
mf2702	flavordb	{'url': 'https://cosylab.iiitd.edu.in/flavordb/molecules_json?id=309'}	id_matching	PUBCHEM_COMPOUND:309	musty
mf2703	flavordb	{'url': 'https://cosylab.iiitd.edu.in/flavordb/molecules_json?id=309'}	id_matching	PUBCHEM_COMPOUND:309	nutty
mf2704	flavordb	{'url': 'https://cosylab.iiitd.edu.in/flavordb/molecules_json?id=309'}	id_matching	PUBCHEM_COMPOUND:309	very mild
mf2705	flavordb	{'url': 'https://cosylab.iiitd.edu.in/flavordb/molecules_json?id=444212'}	id_matching	PUBCHEM_COMPOUND:444212	dry
mf2706	flavordb	{'url': 'https://cosylab.iiitd.edu.in/flavordb/molecules_json?id=444212'}	id_matching	PUBCHEM_COMPOUND:444212	nut
mf2707	flavordb	{'url': 'https://cosylab.iiitd.edu.in/flavordb/molecules_json?id=444212'}	id_matching	PUBCHEM_COMPOUND:444212	toasted
mf2708	flavordb	{'url': 'https://cosylab.iiitd.edu.in/flavordb/molecules_json?id=444212'}	id_matching	PUBCHEM_COMPOUND:444212	musty
mf2709	flavordb	{'url': 'https://cosylab.iiitd.edu.in/flavordb/molecules_json?id=444212'}	id_matching	PUBCHEM_COMPOUND:444212	vegetable
mf2710	flavordb	{'url': 'https://cosylab.iiitd.edu.in/flavordb/molecules_json?id=335'}	id_matching	PUBCHEM_COMPOUND:335	medicinal
mf2711	flavordb	{'url': 'https://cosylab.iiitd.edu.in/flavordb/molecules_json?id=335'}	id_matching	PUBCHEM_COMPOUND:335	phenolic
mf2712	flavordb	{'url': 'https://cosylab.iiitd.edu.in/flavordb/molecules_json?id=335'}	id_matching	PUBCHEM_COMPOUND:335	sweet, tarry odor
mf2713	flavordb	{'url': 'https://cosylab.iiitd.edu.in/flavordb/molecules_json?id=335'}	id_matching	PUBCHEM_COMPOUND:335	musty
mf2714	flavordb	{'url': 'https://cosylab.iiitd.edu.in/flavordb/molecules_json?id=335'}	id_matching	PUBCHEM_COMPOUND:335	phenolic odor
mf2715	flavordb	{'url': 'https://cosylab.iiitd.edu.in/flavordb/molecules_json?id=335'}	id_matching	PUBCHEM_COMPOUND:335	phenol
mf2716	flavordb	{'url': 'https://cosylab.iiitd.edu.in/flavordb/molecules_json?id=91354'}	id_matching	PUBCHEM_COMPOUND:91354	wood
mf2717	flavordb	{'url': 'https://cosylab.iiitd.edu.in/flavordb/molecules_json?id=91354'}	id_matching	PUBCHEM_COMPOUND:91354	woody
mf2718	flavordb	{'url': 'https://cosylab.iiitd.edu.in/flavordb/molecules_json?id=18467'}	id_matching	PUBCHEM_COMPOUND:18467	sweet
mf2719	flavordb	{'url': 'https://cosylab.iiitd.edu.in/flavordb/molecules_json?id=18467'}	id_matching	PUBCHEM_COMPOUND:18467	cocoa
mf2720	flavordb	{'url': 'https://cosylab.iiitd.edu.in/flavordb/molecules_json?id=18467'}	id_matching	PUBCHEM_COMPOUND:18467	nutty
mf2721	flavordb	{'url': 'https://cosylab.iiitd.edu.in/flavordb/molecules_json?id=6427135'}	id_matching	PUBCHEM_COMPOUND:6427135	woody
mf2722	flavordb	{'url': 'https://cosylab.iiitd.edu.in/flavordb/molecules_json?id=6427135'}	id_matching	PUBCHEM_COMPOUND:6427135	grapefruit
mf2723	flavordb	{'url': 'https://cosylab.iiitd.edu.in/flavordb/molecules_json?id=6427135'}	id_matching	PUBCHEM_COMPOUND:6427135	naphthyl
mf2724	flavordb	{'url': 'https://cosylab.iiitd.edu.in/flavordb/molecules_json?id=6427135'}	id_matching	PUBCHEM_COMPOUND:6427135	sulfury
mf2725	flavordb	{'url': 'https://cosylab.iiitd.edu.in/flavordb/molecules_json?id=6427135'}	id_matching	PUBCHEM_COMPOUND:6427135	resinous
mf2726	flavordb	{'url': 'https://cosylab.iiitd.edu.in/flavordb/molecules_json?id=6427135'}	id_matching	PUBCHEM_COMPOUND:6427135	aromatic
mf2727	flavordb	{'url': 'https://cosylab.iiitd.edu.in/flavordb/molecules_json?id=356'}	id_matching	PUBCHEM_COMPOUND:356	gasoline
mf2728	flavordb	{'url': 'https://cosylab.iiitd.edu.in/flavordb/molecules_json?id=356'}	id_matching	PUBCHEM_COMPOUND:356	gasoline-like
mf2729	flavordb	{'url': 'https://cosylab.iiitd.edu.in/flavordb/molecules_json?id=356'}	id_matching	PUBCHEM_COMPOUND:356	alkane
mf2730	flavordb	{'url': 'https://cosylab.iiitd.edu.in/flavordb/molecules_json?id=107'}	id_matching	PUBCHEM_COMPOUND:107	sweet
mf2731	flavordb	{'url': 'https://cosylab.iiitd.edu.in/flavordb/molecules_json?id=107'}	id_matching	PUBCHEM_COMPOUND:107	rose
mf2732	flavordb	{'url': 'https://cosylab.iiitd.edu.in/flavordb/molecules_json?id=107'}	id_matching	PUBCHEM_COMPOUND:107	cinnamon
mf2733	flavordb	{'url': 'https://cosylab.iiitd.edu.in/flavordb/molecules_json?id=107'}	id_matching	PUBCHEM_COMPOUND:107	musk
mf2734	flavordb	{'url': 'https://cosylab.iiitd.edu.in/flavordb/molecules_json?id=107'}	id_matching	PUBCHEM_COMPOUND:107	fatty
mf2735	flavordb	{'url': 'https://cosylab.iiitd.edu.in/flavordb/molecules_json?id=107'}	id_matching	PUBCHEM_COMPOUND:107	balsamic
mf2736	flavordb	{'url': 'https://cosylab.iiitd.edu.in/flavordb/molecules_json?id=6076'}	id_matching	PUBCHEM_COMPOUND:6076	sweet-like
mf2737	flavordb	{'url': 'https://cosylab.iiitd.edu.in/flavordb/molecules_json?id=6028462'}	id_matching	PUBCHEM_COMPOUND:6028462	green
mf2738	flavordb	{'url': 'https://cosylab.iiitd.edu.in/flavordb/molecules_json?id=6028462'}	id_matching	PUBCHEM_COMPOUND:6028462	strong
mf2739	flavordb	{'url': 'https://cosylab.iiitd.edu.in/flavordb/molecules_json?id=6028462'}	id_matching	PUBCHEM_COMPOUND:6028462	fruit
mf2740	flavordb	{'url': 'https://cosylab.iiitd.edu.in/flavordb/molecules_json?id=68071'}	id_matching	PUBCHEM_COMPOUND:68071	bitter
mf2741	flavordb	{'url': 'https://cosylab.iiitd.edu.in/flavordb/molecules_json?id=5281701'}	id_matching	PUBCHEM_COMPOUND:5281701	bitter
mf2742	flavordb	{'url': 'https://cosylab.iiitd.edu.in/flavordb/molecules_json?id=1119'}	id_matching	PUBCHEM_COMPOUND:1119	... characteristic, irritating, pungent odor ...
mf2743	flavordb	{'url': 'https://cosylab.iiitd.edu.in/flavordb/molecules_json?id=1119'}	id_matching	PUBCHEM_COMPOUND:1119	acid taste
mf2744	flavordb	{'url': 'https://cosylab.iiitd.edu.in/flavordb/molecules_json?id=1119'}	id_matching	PUBCHEM_COMPOUND:1119	bitter
mf2745	flavordb	{'url': 'https://cosylab.iiitd.edu.in/flavordb/molecules_json?id=1119'}	id_matching	PUBCHEM_COMPOUND:1119	irritating odor
mf2746	flavordb	{'url': 'https://cosylab.iiitd.edu.in/flavordb/molecules_json?id=1119'}	id_matching	PUBCHEM_COMPOUND:1119	strong suffocating odor
mf2747	flavordb	{'url': 'https://cosylab.iiitd.edu.in/flavordb/molecules_json?id=13187'}	id_matching	PUBCHEM_COMPOUND:13187	green
mf2748	flavordb	{'url': 'https://cosylab.iiitd.edu.in/flavordb/molecules_json?id=13187'}	id_matching	PUBCHEM_COMPOUND:13187	sweet
mf2749	flavordb	{'url': 'https://cosylab.iiitd.edu.in/flavordb/molecules_json?id=13187'}	id_matching	PUBCHEM_COMPOUND:13187	weedy
mf2750	flavordb	{'url': 'https://cosylab.iiitd.edu.in/flavordb/molecules_json?id=13187'}	id_matching	PUBCHEM_COMPOUND:13187	herbal
mf2751	flavordb	{'url': 'https://cosylab.iiitd.edu.in/flavordb/molecules_json?id=13187'}	id_matching	PUBCHEM_COMPOUND:13187	fresh
mf2752	flavordb	{'url': 'https://cosylab.iiitd.edu.in/flavordb/molecules_json?id=13187'}	id_matching	PUBCHEM_COMPOUND:13187	hot milk
mf2753	flavordb	{'url': 'https://cosylab.iiitd.edu.in/flavordb/molecules_json?id=13187'}	id_matching	PUBCHEM_COMPOUND:13187	soap
mf2754	flavordb	{'url': 'https://cosylab.iiitd.edu.in/flavordb/molecules_json?id=13187'}	id_matching	PUBCHEM_COMPOUND:13187	earthy
mf2755	flavordb	{'url': 'https://cosylab.iiitd.edu.in/flavordb/molecules_json?id=13187'}	id_matching	PUBCHEM_COMPOUND:13187	fishy
mf2756	flavordb	{'url': 'https://cosylab.iiitd.edu.in/flavordb/molecules_json?id=13187'}	id_matching	PUBCHEM_COMPOUND:13187	soapy
mf2757	flavordb	{'url': 'https://cosylab.iiitd.edu.in/flavordb/molecules_json?id=6544'}	id_matching	PUBCHEM_COMPOUND:6544	green
mf2758	flavordb	{'url': 'https://cosylab.iiitd.edu.in/flavordb/molecules_json?id=6544'}	id_matching	PUBCHEM_COMPOUND:6544	sweet
mf2759	flavordb	{'url': 'https://cosylab.iiitd.edu.in/flavordb/molecules_json?id=6544'}	id_matching	PUBCHEM_COMPOUND:6544	woody
mf2760	flavordb	{'url': 'https://cosylab.iiitd.edu.in/flavordb/molecules_json?id=6544'}	id_matching	PUBCHEM_COMPOUND:6544	cedarwood
mf2761	flavordb	{'url': 'https://cosylab.iiitd.edu.in/flavordb/molecules_json?id=6544'}	id_matching	PUBCHEM_COMPOUND:6544	fruity
mf2762	flavordb	{'url': 'https://cosylab.iiitd.edu.in/flavordb/molecules_json?id=6544'}	id_matching	PUBCHEM_COMPOUND:6544	musty
mf2763	flavordb	{'url': 'https://cosylab.iiitd.edu.in/flavordb/molecules_json?id=6544'}	id_matching	PUBCHEM_COMPOUND:6544	camphor-like
mf2764	flavordb	{'url': 'https://cosylab.iiitd.edu.in/flavordb/molecules_json?id=6544'}	id_matching	PUBCHEM_COMPOUND:6544	camphoraceous
mf2765	flavordb	{'url': 'https://cosylab.iiitd.edu.in/flavordb/molecules_json?id=6544'}	id_matching	PUBCHEM_COMPOUND:6544	cooling
mf2766	flavordb	{'url': 'https://cosylab.iiitd.edu.in/flavordb/molecules_json?id=6544'}	id_matching	PUBCHEM_COMPOUND:6544	tobacco
mf2767	flavordb	{'url': 'https://cosylab.iiitd.edu.in/flavordb/molecules_json?id=6544'}	id_matching	PUBCHEM_COMPOUND:6544	peppermint-like odor
mf2768	flavordb	{'url': 'https://cosylab.iiitd.edu.in/flavordb/molecules_json?id=6544'}	id_matching	PUBCHEM_COMPOUND:6544	camphor
mf2769	flavordb	{'url': 'https://cosylab.iiitd.edu.in/flavordb/molecules_json?id=6544'}	id_matching	PUBCHEM_COMPOUND:6544	leather
mf2770	flavordb	{'url': 'https://cosylab.iiitd.edu.in/flavordb/molecules_json?id=5320439'}	id_matching	PUBCHEM_COMPOUND:5320439	sweet-like
mf2771	flavordb	{'url': 'https://cosylab.iiitd.edu.in/flavordb/molecules_json?id=8139'}	id_matching	PUBCHEM_COMPOUND:8139	fat
mf2772	flavordb	{'url': 'https://cosylab.iiitd.edu.in/flavordb/molecules_json?id=8139'}	id_matching	PUBCHEM_COMPOUND:8139	fatty, floral odor reminiscent of wine
mf2773	flavordb	{'url': 'https://cosylab.iiitd.edu.in/flavordb/molecules_json?id=8139'}	id_matching	PUBCHEM_COMPOUND:8139	waxy
mf2774	flavordb	{'url': 'https://cosylab.iiitd.edu.in/flavordb/molecules_json?id=8139'}	id_matching	PUBCHEM_COMPOUND:8139	mushroom
mf2775	flavordb	{'url': 'https://cosylab.iiitd.edu.in/flavordb/molecules_json?id=8139'}	id_matching	PUBCHEM_COMPOUND:8139	creamy
mf2776	flavordb	{'url': 'https://cosylab.iiitd.edu.in/flavordb/molecules_json?id=8139'}	id_matching	PUBCHEM_COMPOUND:8139	fatty taste
mf2777	flavordb	{'url': 'https://cosylab.iiitd.edu.in/flavordb/molecules_json?id=8139'}	id_matching	PUBCHEM_COMPOUND:8139	oily, winey, fatty odor
mf2778	flavordb	{'url': 'https://cosylab.iiitd.edu.in/flavordb/molecules_json?id=8139'}	id_matching	PUBCHEM_COMPOUND:8139	coconut
mf2779	flavordb	{'url': 'https://cosylab.iiitd.edu.in/flavordb/molecules_json?id=8139'}	id_matching	PUBCHEM_COMPOUND:8139	soapy
mf2780	flavordb	{'url': 'https://cosylab.iiitd.edu.in/flavordb/molecules_json?id=61953'}	id_matching	PUBCHEM_COMPOUND:61953	green
mf2781	flavordb	{'url': 'https://cosylab.iiitd.edu.in/flavordb/molecules_json?id=61953'}	id_matching	PUBCHEM_COMPOUND:61953	woody
mf2782	flavordb	{'url': 'https://cosylab.iiitd.edu.in/flavordb/molecules_json?id=61953'}	id_matching	PUBCHEM_COMPOUND:61953	herbal
mf2783	flavordb	{'url': 'https://cosylab.iiitd.edu.in/flavordb/molecules_json?id=61953'}	id_matching	PUBCHEM_COMPOUND:61953	tea
mf2784	flavordb	{'url': 'https://cosylab.iiitd.edu.in/flavordb/molecules_json?id=61953'}	id_matching	PUBCHEM_COMPOUND:61953	leaf
mf2785	flavordb	{'url': 'https://cosylab.iiitd.edu.in/flavordb/molecules_json?id=61953'}	id_matching	PUBCHEM_COMPOUND:61953	tobacco
mf2786	flavordb	{'url': 'https://cosylab.iiitd.edu.in/flavordb/molecules_json?id=61953'}	id_matching	PUBCHEM_COMPOUND:61953	spicy
mf2787	flavordb	{'url': 'https://cosylab.iiitd.edu.in/flavordb/molecules_json?id=61953'}	id_matching	PUBCHEM_COMPOUND:61953	wet
mf2788	flavordb	{'url': 'https://cosylab.iiitd.edu.in/flavordb/molecules_json?id=61953'}	id_matching	PUBCHEM_COMPOUND:61953	metallic
mf2789	flavordb	{'url': 'https://cosylab.iiitd.edu.in/flavordb/molecules_json?id=527'}	id_matching	PUBCHEM_COMPOUND:527	pungent, unpleasant
mf2790	flavordb	{'url': 'https://cosylab.iiitd.edu.in/flavordb/molecules_json?id=527'}	id_matching	PUBCHEM_COMPOUND:527	suffocating, fruity
mf2791	flavordb	{'url': 'https://cosylab.iiitd.edu.in/flavordb/molecules_json?id=527'}	id_matching	PUBCHEM_COMPOUND:527	choking odor
mf2792	flavordb	{'url': 'https://cosylab.iiitd.edu.in/flavordb/molecules_json?id=527'}	id_matching	PUBCHEM_COMPOUND:527	characteristic odor similar to acetaldehyde
mf2793	flavordb	{'url': 'https://cosylab.iiitd.edu.in/flavordb/molecules_json?id=527'}	id_matching	PUBCHEM_COMPOUND:527	solvent
mf2794	flavordb	{'url': 'https://cosylab.iiitd.edu.in/flavordb/molecules_json?id=527'}	id_matching	PUBCHEM_COMPOUND:527	wine
mf2795	flavordb	{'url': 'https://cosylab.iiitd.edu.in/flavordb/molecules_json?id=527'}	id_matching	PUBCHEM_COMPOUND:527	whiskey
mf2796	flavordb	{'url': 'https://cosylab.iiitd.edu.in/flavordb/molecules_json?id=527'}	id_matching	PUBCHEM_COMPOUND:527	cocoa
mf2797	flavordb	{'url': 'https://cosylab.iiitd.edu.in/flavordb/molecules_json?id=527'}	id_matching	PUBCHEM_COMPOUND:527	pungent
mf2798	flavordb	{'url': 'https://cosylab.iiitd.edu.in/flavordb/molecules_json?id=527'}	id_matching	PUBCHEM_COMPOUND:527	earthy
mf2799	flavordb	{'url': 'https://cosylab.iiitd.edu.in/flavordb/molecules_json?id=527'}	id_matching	PUBCHEM_COMPOUND:527	alcohol
mf2800	flavordb	{'url': 'https://cosylab.iiitd.edu.in/flavordb/molecules_json?id=527'}	id_matching	PUBCHEM_COMPOUND:527	nutty
mf2801	flavordb	{'url': 'https://cosylab.iiitd.edu.in/flavordb/molecules_json?id=17868'}	id_matching	PUBCHEM_COMPOUND:17868	green
mf2802	flavordb	{'url': 'https://cosylab.iiitd.edu.in/flavordb/molecules_json?id=17868'}	id_matching	PUBCHEM_COMPOUND:17868	woody
mf2803	flavordb	{'url': 'https://cosylab.iiitd.edu.in/flavordb/molecules_json?id=17868'}	id_matching	PUBCHEM_COMPOUND:17868	wood
mf2804	flavordb	{'url': 'https://cosylab.iiitd.edu.in/flavordb/molecules_json?id=17868'}	id_matching	PUBCHEM_COMPOUND:17868	herb
mf2805	flavordb	{'url': 'https://cosylab.iiitd.edu.in/flavordb/molecules_json?id=513197'}	id_matching	PUBCHEM_COMPOUND:513197	bitter
mf2806	flavordb	{'url': 'https://cosylab.iiitd.edu.in/flavordb/molecules_json?id=643915'}	id_matching	PUBCHEM_COMPOUND:643915	spicy
mf2807	flavordb	{'url': 'https://cosylab.iiitd.edu.in/flavordb/molecules_json?id=18635'}	id_matching	PUBCHEM_COMPOUND:18635	peanut
mf2808	flavordb	{'url': 'https://cosylab.iiitd.edu.in/flavordb/molecules_json?id=18635'}	id_matching	PUBCHEM_COMPOUND:18635	beef
mf2809	flavordb	{'url': 'https://cosylab.iiitd.edu.in/flavordb/molecules_json?id=18635'}	id_matching	PUBCHEM_COMPOUND:18635	tomato
mf2810	flavordb	{'url': 'https://cosylab.iiitd.edu.in/flavordb/molecules_json?id=18635'}	id_matching	PUBCHEM_COMPOUND:18635	creamy
mf2811	flavordb	{'url': 'https://cosylab.iiitd.edu.in/flavordb/molecules_json?id=18635'}	id_matching	PUBCHEM_COMPOUND:18635	cooked potato
mf2812	flavordb	{'url': 'https://cosylab.iiitd.edu.in/flavordb/molecules_json?id=18635'}	id_matching	PUBCHEM_COMPOUND:18635	earthy
mf2813	flavordb	{'url': 'https://cosylab.iiitd.edu.in/flavordb/molecules_json?id=18635'}	id_matching	PUBCHEM_COMPOUND:18635	musty
mf2814	flavordb	{'url': 'https://cosylab.iiitd.edu.in/flavordb/molecules_json?id=18635'}	id_matching	PUBCHEM_COMPOUND:18635	fishy
mf2815	flavordb	{'url': 'https://cosylab.iiitd.edu.in/flavordb/molecules_json?id=18635'}	id_matching	PUBCHEM_COMPOUND:18635	vegetable
mf2816	flavordb	{'url': 'https://cosylab.iiitd.edu.in/flavordb/molecules_json?id=18635'}	id_matching	PUBCHEM_COMPOUND:18635	potato
mf2817	flavordb	{'url': 'https://cosylab.iiitd.edu.in/flavordb/molecules_json?id=7654'}	id_matching	PUBCHEM_COMPOUND:7654	floral
mf2818	flavordb	{'url': 'https://cosylab.iiitd.edu.in/flavordb/molecules_json?id=7654'}	id_matching	PUBCHEM_COMPOUND:7654	sweet
mf2819	flavordb	{'url': 'https://cosylab.iiitd.edu.in/flavordb/molecules_json?id=7654'}	id_matching	PUBCHEM_COMPOUND:7654	rose
mf2820	flavordb	{'url': 'https://cosylab.iiitd.edu.in/flavordb/molecules_json?id=7654'}	id_matching	PUBCHEM_COMPOUND:7654	fruity
mf2821	flavordb	{'url': 'https://cosylab.iiitd.edu.in/flavordb/molecules_json?id=7654'}	id_matching	PUBCHEM_COMPOUND:7654	tropical
mf2822	flavordb	{'url': 'https://cosylab.iiitd.edu.in/flavordb/molecules_json?id=7654'}	id_matching	PUBCHEM_COMPOUND:7654	honey
mf2823	flavordb	{'url': 'https://cosylab.iiitd.edu.in/flavordb/molecules_json?id=7654'}	id_matching	PUBCHEM_COMPOUND:7654	tobacco
mf2824	flavordb	{'url': 'https://cosylab.iiitd.edu.in/flavordb/molecules_json?id=8194'}	id_matching	PUBCHEM_COMPOUND:8194	floral
mf2825	flavordb	{'url': 'https://cosylab.iiitd.edu.in/flavordb/molecules_json?id=8194'}	id_matching	PUBCHEM_COMPOUND:8194	green
mf2826	flavordb	{'url': 'https://cosylab.iiitd.edu.in/flavordb/molecules_json?id=8194'}	id_matching	PUBCHEM_COMPOUND:8194	fat
mf2827	flavordb	{'url': 'https://cosylab.iiitd.edu.in/flavordb/molecules_json?id=8194'}	id_matching	PUBCHEM_COMPOUND:8194	waxy
mf2828	flavordb	{'url': 'https://cosylab.iiitd.edu.in/flavordb/molecules_json?id=8194'}	id_matching	PUBCHEM_COMPOUND:8194	citrus
mf2829	flavordb	{'url': 'https://cosylab.iiitd.edu.in/flavordb/molecules_json?id=8194'}	id_matching	PUBCHEM_COMPOUND:8194	aldehydic
mf2830	flavordb	{'url': 'https://cosylab.iiitd.edu.in/flavordb/molecules_json?id=8194'}	id_matching	PUBCHEM_COMPOUND:8194	lily
mf2831	flavordb	{'url': 'https://cosylab.iiitd.edu.in/flavordb/molecules_json?id=8194'}	id_matching	PUBCHEM_COMPOUND:8194	soapy
mf2832	flavordb	{'url': 'https://cosylab.iiitd.edu.in/flavordb/molecules_json?id=16591'}	id_matching	PUBCHEM_COMPOUND:16591	green
mf2833	flavordb	{'url': 'https://cosylab.iiitd.edu.in/flavordb/molecules_json?id=16591'}	id_matching	PUBCHEM_COMPOUND:16591	pungent, irritating odor
mf2834	flavordb	{'url': 'https://cosylab.iiitd.edu.in/flavordb/molecules_json?id=16591'}	id_matching	PUBCHEM_COMPOUND:16591	onion
mf2835	flavordb	{'url': 'https://cosylab.iiitd.edu.in/flavordb/molecules_json?id=16591'}	id_matching	PUBCHEM_COMPOUND:16591	taste like that of cooked onions
mf2836	flavordb	{'url': 'https://cosylab.iiitd.edu.in/flavordb/molecules_json?id=16591'}	id_matching	PUBCHEM_COMPOUND:16591	garlic
mf2837	flavordb	{'url': 'https://cosylab.iiitd.edu.in/flavordb/molecules_json?id=16591'}	id_matching	PUBCHEM_COMPOUND:16591	alliaceous
mf2838	flavordb	{'url': 'https://cosylab.iiitd.edu.in/flavordb/molecules_json?id=3371'}	id_matching	PUBCHEM_COMPOUND:3371	bitter
mf2839	flavordb	{'url': 'https://cosylab.iiitd.edu.in/flavordb/molecules_json?id=12530'}	id_matching	PUBCHEM_COMPOUND:12530	woody
mf2840	flavordb	{'url': 'https://cosylab.iiitd.edu.in/flavordb/molecules_json?id=12530'}	id_matching	PUBCHEM_COMPOUND:12530	waxy
mf2841	flavordb	{'url': 'https://cosylab.iiitd.edu.in/flavordb/molecules_json?id=12600'}	id_matching	PUBCHEM_COMPOUND:12600	sweet
mf2842	flavordb	{'url': 'https://cosylab.iiitd.edu.in/flavordb/molecules_json?id=102926'}	id_matching	PUBCHEM_COMPOUND:102926	sweet
mf2843	flavordb	{'url': 'https://cosylab.iiitd.edu.in/flavordb/molecules_json?id=5318042'}	id_matching	PUBCHEM_COMPOUND:5318042	leafy
mf2844	flavordb	{'url': 'https://cosylab.iiitd.edu.in/flavordb/molecules_json?id=5318042'}	id_matching	PUBCHEM_COMPOUND:5318042	green
mf2845	flavordb	{'url': 'https://cosylab.iiitd.edu.in/flavordb/molecules_json?id=5318042'}	id_matching	PUBCHEM_COMPOUND:5318042	pepper
mf2846	flavordb	{'url': 'https://cosylab.iiitd.edu.in/flavordb/molecules_json?id=5318042'}	id_matching	PUBCHEM_COMPOUND:5318042	fruity
mf2847	flavordb	{'url': 'https://cosylab.iiitd.edu.in/flavordb/molecules_json?id=5318042'}	id_matching	PUBCHEM_COMPOUND:5318042	walnut
mf2848	flavordb	{'url': 'https://cosylab.iiitd.edu.in/flavordb/molecules_json?id=5318042'}	id_matching	PUBCHEM_COMPOUND:5318042	unripe banana
mf2849	flavordb	{'url': 'https://cosylab.iiitd.edu.in/flavordb/molecules_json?id=5318042'}	id_matching	PUBCHEM_COMPOUND:5318042	wine
mf2850	flavordb	{'url': 'https://cosylab.iiitd.edu.in/flavordb/molecules_json?id=5318042'}	id_matching	PUBCHEM_COMPOUND:5318042	fresh
mf2851	flavordb	{'url': 'https://cosylab.iiitd.edu.in/flavordb/molecules_json?id=5318042'}	id_matching	PUBCHEM_COMPOUND:5318042	leaf
mf2852	flavordb	{'url': 'https://cosylab.iiitd.edu.in/flavordb/molecules_json?id=5318042'}	id_matching	PUBCHEM_COMPOUND:5318042	alcohol
mf2853	flavordb	{'url': 'https://cosylab.iiitd.edu.in/flavordb/molecules_json?id=5318042'}	id_matching	PUBCHEM_COMPOUND:5318042	fruit
mf2854	flavordb	{'url': 'https://cosylab.iiitd.edu.in/flavordb/molecules_json?id=8093'}	id_matching	PUBCHEM_COMPOUND:8093	weedy
mf2855	flavordb	{'url': 'https://cosylab.iiitd.edu.in/flavordb/molecules_json?id=8093'}	id_matching	PUBCHEM_COMPOUND:8093	woody
mf2856	flavordb	{'url': 'https://cosylab.iiitd.edu.in/flavordb/molecules_json?id=8093'}	id_matching	PUBCHEM_COMPOUND:8093	camphor taste
mf2857	flavordb	{'url': 'https://cosylab.iiitd.edu.in/flavordb/molecules_json?id=8093'}	id_matching	PUBCHEM_COMPOUND:8093	bitter
mf2858	flavordb	{'url': 'https://cosylab.iiitd.edu.in/flavordb/molecules_json?id=8093'}	id_matching	PUBCHEM_COMPOUND:8093	gasoline
mf2859	flavordb	{'url': 'https://cosylab.iiitd.edu.in/flavordb/molecules_json?id=8093'}	id_matching	PUBCHEM_COMPOUND:8093	herbal
mf2860	flavordb	{'url': 'https://cosylab.iiitd.edu.in/flavordb/molecules_json?id=8093'}	id_matching	PUBCHEM_COMPOUND:8093	floral, bitter, fruity (unripe apple)
mf2861	flavordb	{'url': 'https://cosylab.iiitd.edu.in/flavordb/molecules_json?id=8093'}	id_matching	PUBCHEM_COMPOUND:8093	soap
mf2862	flavordb	{'url': 'https://cosylab.iiitd.edu.in/flavordb/molecules_json?id=8093'}	id_matching	PUBCHEM_COMPOUND:8093	pleasant
mf2863	flavordb	{'url': 'https://cosylab.iiitd.edu.in/flavordb/molecules_json?id=8093'}	id_matching	PUBCHEM_COMPOUND:8093	earthy
mf2864	flavordb	{'url': 'https://cosylab.iiitd.edu.in/flavordb/molecules_json?id=8093'}	id_matching	PUBCHEM_COMPOUND:8093	natural
mf2865	flavordb	{'url': 'https://cosylab.iiitd.edu.in/flavordb/molecules_json?id=8093'}	id_matching	PUBCHEM_COMPOUND:8093	cheese
mf2866	flavordb	{'url': 'https://cosylab.iiitd.edu.in/flavordb/molecules_json?id=8093'}	id_matching	PUBCHEM_COMPOUND:8093	fatty, green cheese aroma
mf2867	flavordb	{'url': 'https://cosylab.iiitd.edu.in/flavordb/molecules_json?id=159630'}	id_matching	PUBCHEM_COMPOUND:159630	sweet
mf2868	flavordb	{'url': 'https://cosylab.iiitd.edu.in/flavordb/molecules_json?id=221071'}	id_matching	PUBCHEM_COMPOUND:221071	bitter
mf2869	flavordb	{'url': 'https://cosylab.iiitd.edu.in/flavordb/molecules_json?id=354616'}	id_matching	PUBCHEM_COMPOUND:354616	bitter
mf2870	flavordb	{'url': 'https://cosylab.iiitd.edu.in/flavordb/molecules_json?id=7583'}	id_matching	PUBCHEM_COMPOUND:7583	green
mf2871	flavordb	{'url': 'https://cosylab.iiitd.edu.in/flavordb/molecules_json?id=7583'}	id_matching	PUBCHEM_COMPOUND:7583	geranium-like odor
mf2872	flavordb	{'url': 'https://cosylab.iiitd.edu.in/flavordb/molecules_json?id=7583'}	id_matching	PUBCHEM_COMPOUND:7583	geranium
mf2873	flavordb	{'url': 'https://cosylab.iiitd.edu.in/flavordb/molecules_json?id=7583'}	id_matching	PUBCHEM_COMPOUND:7583	phenolic
mf2874	flavordb	{'url': 'https://cosylab.iiitd.edu.in/flavordb/molecules_json?id=7583'}	id_matching	PUBCHEM_COMPOUND:7583	leaf
mf2875	flavordb	{'url': 'https://cosylab.iiitd.edu.in/flavordb/molecules_json?id=8063'}	id_matching	PUBCHEM_COMPOUND:8063	malt
mf2876	flavordb	{'url': 'https://cosylab.iiitd.edu.in/flavordb/molecules_json?id=8063'}	id_matching	PUBCHEM_COMPOUND:8063	warm, slightly fruity, & nut-like at low levels
mf2877	flavordb	{'url': 'https://cosylab.iiitd.edu.in/flavordb/molecules_json?id=8063'}	id_matching	PUBCHEM_COMPOUND:8063	fruity
mf2878	flavordb	{'url': 'https://cosylab.iiitd.edu.in/flavordb/molecules_json?id=8063'}	id_matching	PUBCHEM_COMPOUND:8063	fermented
mf2879	flavordb	{'url': 'https://cosylab.iiitd.edu.in/flavordb/molecules_json?id=8063'}	id_matching	PUBCHEM_COMPOUND:8063	pungent
mf2880	flavordb	{'url': 'https://cosylab.iiitd.edu.in/flavordb/molecules_json?id=8063'}	id_matching	PUBCHEM_COMPOUND:8063	almond
mf2881	flavordb	{'url': 'https://cosylab.iiitd.edu.in/flavordb/molecules_json?id=8063'}	id_matching	PUBCHEM_COMPOUND:8063	... it has sharp, penetrating flavor
mf2882	flavordb	{'url': 'https://cosylab.iiitd.edu.in/flavordb/molecules_json?id=8063'}	id_matching	PUBCHEM_COMPOUND:8063	berry
mf2883	flavordb	{'url': 'https://cosylab.iiitd.edu.in/flavordb/molecules_json?id=8063'}	id_matching	PUBCHEM_COMPOUND:8063	bready
mf2884	flavordb	{'url': 'https://cosylab.iiitd.edu.in/flavordb/molecules_json?id=8063'}	id_matching	PUBCHEM_COMPOUND:8063	pleasant, chocolate aroma & taste
mf2885	flavordb	{'url': 'https://cosylab.iiitd.edu.in/flavordb/molecules_json?id=8063'}	id_matching	PUBCHEM_COMPOUND:8063	powerful, acrid, pungent odor
mf2886	flavordb	{'url': 'https://cosylab.iiitd.edu.in/flavordb/molecules_json?id=8063'}	id_matching	PUBCHEM_COMPOUND:8063	nutty
mf2887	flavordb	{'url': 'https://cosylab.iiitd.edu.in/flavordb/molecules_json?id=8063'}	id_matching	PUBCHEM_COMPOUND:8063	strong, acrid, pungent odor
mf2888	flavordb	{'url': 'https://cosylab.iiitd.edu.in/flavordb/molecules_json?id=91457'}	id_matching	PUBCHEM_COMPOUND:91457	green
mf2889	flavordb	{'url': 'https://cosylab.iiitd.edu.in/flavordb/molecules_json?id=91457'}	id_matching	PUBCHEM_COMPOUND:91457	wood
mf2890	flavordb	{'url': 'https://cosylab.iiitd.edu.in/flavordb/molecules_json?id=8141'}	id_matching	PUBCHEM_COMPOUND:8141	gasoline-like odor
mf2891	flavordb	{'url': 'https://cosylab.iiitd.edu.in/flavordb/molecules_json?id=8141'}	id_matching	PUBCHEM_COMPOUND:8141	gasoline
mf2892	flavordb	{'url': 'https://cosylab.iiitd.edu.in/flavordb/molecules_json?id=8141'}	id_matching	PUBCHEM_COMPOUND:8141	alkane
mf2893	flavordb	{'url': 'https://cosylab.iiitd.edu.in/flavordb/molecules_json?id=10341'}	id_matching	PUBCHEM_COMPOUND:10341	buttery
mf2894	flavordb	{'url': 'https://cosylab.iiitd.edu.in/flavordb/molecules_json?id=92138'}	id_matching	PUBCHEM_COMPOUND:92138	green
mf2895	flavordb	{'url': 'https://cosylab.iiitd.edu.in/flavordb/molecules_json?id=92138'}	id_matching	PUBCHEM_COMPOUND:92138	sweet
mf2896	flavordb	{'url': 'https://cosylab.iiitd.edu.in/flavordb/molecules_json?id=92138'}	id_matching	PUBCHEM_COMPOUND:92138	woody
mf2897	flavordb	{'url': 'https://cosylab.iiitd.edu.in/flavordb/molecules_json?id=92138'}	id_matching	PUBCHEM_COMPOUND:92138	wood
mf2898	flavordb	{'url': 'https://cosylab.iiitd.edu.in/flavordb/molecules_json?id=179'}	id_matching	PUBCHEM_COMPOUND:179	sweet
mf2899	flavordb	{'url': 'https://cosylab.iiitd.edu.in/flavordb/molecules_json?id=179'}	id_matching	PUBCHEM_COMPOUND:179	cream
mf2900	flavordb	{'url': 'https://cosylab.iiitd.edu.in/flavordb/molecules_json?id=179'}	id_matching	PUBCHEM_COMPOUND:179	buttery odor
mf2901	flavordb	{'url': 'https://cosylab.iiitd.edu.in/flavordb/molecules_json?id=179'}	id_matching	PUBCHEM_COMPOUND:179	creamy
mf2902	flavordb	{'url': 'https://cosylab.iiitd.edu.in/flavordb/molecules_json?id=179'}	id_matching	PUBCHEM_COMPOUND:179	"fatty creamy ""tub"" butter taste"
mf2903	flavordb	{'url': 'https://cosylab.iiitd.edu.in/flavordb/molecules_json?id=179'}	id_matching	PUBCHEM_COMPOUND:179	fatty
mf2904	flavordb	{'url': 'https://cosylab.iiitd.edu.in/flavordb/molecules_json?id=179'}	id_matching	PUBCHEM_COMPOUND:179	bland, woody, yogurt odor
mf2905	flavordb	{'url': 'https://cosylab.iiitd.edu.in/flavordb/molecules_json?id=179'}	id_matching	PUBCHEM_COMPOUND:179	milky
mf2906	flavordb	{'url': 'https://cosylab.iiitd.edu.in/flavordb/molecules_json?id=179'}	id_matching	PUBCHEM_COMPOUND:179	buttery
mf2907	flavordb	{'url': 'https://cosylab.iiitd.edu.in/flavordb/molecules_json?id=179'}	id_matching	PUBCHEM_COMPOUND:179	butter
mf2908	flavordb	{'url': 'https://cosylab.iiitd.edu.in/flavordb/molecules_json?id=179'}	id_matching	PUBCHEM_COMPOUND:179	dairy
mf2909	flavordb	{'url': 'https://cosylab.iiitd.edu.in/flavordb/molecules_json?id=10856614'}	id_matching	PUBCHEM_COMPOUND:10856614	amber
mf2910	flavordb	{'url': 'https://cosylab.iiitd.edu.in/flavordb/molecules_json?id=12398'}	id_matching	PUBCHEM_COMPOUND:12398	fuel-like
mf2911	flavordb	{'url': 'https://cosylab.iiitd.edu.in/flavordb/molecules_json?id=12398'}	id_matching	PUBCHEM_COMPOUND:12398	alkane
mf2912	flavordb	{'url': 'https://cosylab.iiitd.edu.in/flavordb/molecules_json?id=8164'}	id_matching	PUBCHEM_COMPOUND:8164	green
mf2913	flavordb	{'url': 'https://cosylab.iiitd.edu.in/flavordb/molecules_json?id=8164'}	id_matching	PUBCHEM_COMPOUND:8164	waxy
mf2914	flavordb	{'url': 'https://cosylab.iiitd.edu.in/flavordb/molecules_json?id=8164'}	id_matching	PUBCHEM_COMPOUND:8164	mushroom
mf2915	flavordb	{'url': 'https://cosylab.iiitd.edu.in/flavordb/molecules_json?id=8164'}	id_matching	PUBCHEM_COMPOUND:8164	herbal
mf2916	flavordb	{'url': 'https://cosylab.iiitd.edu.in/flavordb/molecules_json?id=8164'}	id_matching	PUBCHEM_COMPOUND:8164	earthy
mf2917	flavordb	{'url': 'https://cosylab.iiitd.edu.in/flavordb/molecules_json?id=114840'}	id_matching	PUBCHEM_COMPOUND:114840	sweet
mf2918	flavordb	{'url': 'https://cosylab.iiitd.edu.in/flavordb/molecules_json?id=114840'}	id_matching	PUBCHEM_COMPOUND:114840	creamy
mf2919	flavordb	{'url': 'https://cosylab.iiitd.edu.in/flavordb/molecules_json?id=114840'}	id_matching	PUBCHEM_COMPOUND:114840	fruity
mf2920	flavordb	{'url': 'https://cosylab.iiitd.edu.in/flavordb/molecules_json?id=1140'}	id_matching	PUBCHEM_COMPOUND:1140	sweet
mf2921	flavordb	{'url': 'https://cosylab.iiitd.edu.in/flavordb/molecules_json?id=1140'}	id_matching	PUBCHEM_COMPOUND:1140	paint
mf2922	flavordb	{'url': 'https://cosylab.iiitd.edu.in/flavordb/molecules_json?id=1140'}	id_matching	PUBCHEM_COMPOUND:1140	sweet, pungent, benzene-like odor
mf2923	flavordb	{'url': 'https://cosylab.iiitd.edu.in/flavordb/molecules_json?id=31268'}	id_matching	PUBCHEM_COMPOUND:31268	unpleasant, ammoniacal odor
mf2924	flavordb	{'url': 'https://cosylab.iiitd.edu.in/flavordb/molecules_json?id=31268'}	id_matching	PUBCHEM_COMPOUND:31268	egg
mf2925	flavordb	{'url': 'https://cosylab.iiitd.edu.in/flavordb/molecules_json?id=31268'}	id_matching	PUBCHEM_COMPOUND:31268	animal
mf2926	flavordb	{'url': 'https://cosylab.iiitd.edu.in/flavordb/molecules_json?id=31268'}	id_matching	PUBCHEM_COMPOUND:31268	amine
mf2927	flavordb	{'url': 'https://cosylab.iiitd.edu.in/flavordb/molecules_json?id=31268'}	id_matching	PUBCHEM_COMPOUND:31268	alkaline
mf2928	flavordb	{'url': 'https://cosylab.iiitd.edu.in/flavordb/molecules_json?id=31268'}	id_matching	PUBCHEM_COMPOUND:31268	ammoniacal
mf2929	flavordb	{'url': 'https://cosylab.iiitd.edu.in/flavordb/molecules_json?id=31268'}	id_matching	PUBCHEM_COMPOUND:31268	powerful, ammoniacal taste
mf2930	flavordb	{'url': 'https://cosylab.iiitd.edu.in/flavordb/molecules_json?id=7976'}	id_matching	PUBCHEM_COMPOUND:7976	green
mf2931	flavordb	{'url': 'https://cosylab.iiitd.edu.in/flavordb/molecules_json?id=7976'}	id_matching	PUBCHEM_COMPOUND:7976	peanut
mf2932	flavordb	{'url': 'https://cosylab.iiitd.edu.in/flavordb/molecules_json?id=7976'}	id_matching	PUBCHEM_COMPOUND:7976	cocoa
mf2933	flavordb	{'url': 'https://cosylab.iiitd.edu.in/flavordb/molecules_json?id=7976'}	id_matching	PUBCHEM_COMPOUND:7976	roasted
mf2934	flavordb	{'url': 'https://cosylab.iiitd.edu.in/flavordb/molecules_json?id=7976'}	id_matching	PUBCHEM_COMPOUND:7976	chocolate
mf2935	flavordb	{'url': 'https://cosylab.iiitd.edu.in/flavordb/molecules_json?id=7976'}	id_matching	PUBCHEM_COMPOUND:7976	nutty
mf2936	flavordb	{'url': 'https://cosylab.iiitd.edu.in/flavordb/molecules_json?id=7976'}	id_matching	PUBCHEM_COMPOUND:7976	popcorn
mf2937	flavordb	{'url': 'https://cosylab.iiitd.edu.in/flavordb/molecules_json?id=26808'}	id_matching	PUBCHEM_COMPOUND:26808	peanut
mf2938	flavordb	{'url': 'https://cosylab.iiitd.edu.in/flavordb/molecules_json?id=26808'}	id_matching	PUBCHEM_COMPOUND:26808	powdery
mf2939	flavordb	{'url': 'https://cosylab.iiitd.edu.in/flavordb/molecules_json?id=26808'}	id_matching	PUBCHEM_COMPOUND:26808	musty
mf2940	flavordb	{'url': 'https://cosylab.iiitd.edu.in/flavordb/molecules_json?id=26808'}	id_matching	PUBCHEM_COMPOUND:26808	cocoa
mf2941	flavordb	{'url': 'https://cosylab.iiitd.edu.in/flavordb/molecules_json?id=26808'}	id_matching	PUBCHEM_COMPOUND:26808	roast
mf2942	flavordb	{'url': 'https://cosylab.iiitd.edu.in/flavordb/molecules_json?id=26808'}	id_matching	PUBCHEM_COMPOUND:26808	roasted
mf2943	flavordb	{'url': 'https://cosylab.iiitd.edu.in/flavordb/molecules_json?id=26808'}	id_matching	PUBCHEM_COMPOUND:26808	earthy
mf2944	flavordb	{'url': 'https://cosylab.iiitd.edu.in/flavordb/molecules_json?id=26808'}	id_matching	PUBCHEM_COMPOUND:26808	hazelnut
mf2945	flavordb	{'url': 'https://cosylab.iiitd.edu.in/flavordb/molecules_json?id=26808'}	id_matching	PUBCHEM_COMPOUND:26808	must
mf2946	flavordb	{'url': 'https://cosylab.iiitd.edu.in/flavordb/molecules_json?id=26808'}	id_matching	PUBCHEM_COMPOUND:26808	nutty
mf2947	flavordb	{'url': 'https://cosylab.iiitd.edu.in/flavordb/molecules_json?id=26808'}	id_matching	PUBCHEM_COMPOUND:26808	potato
mf2948	flavordb	{'url': 'https://cosylab.iiitd.edu.in/flavordb/molecules_json?id=12306047'}	id_matching	PUBCHEM_COMPOUND:12306047	wood
mf2949	flavordb	{'url': 'https://cosylab.iiitd.edu.in/flavordb/molecules_json?id=12306047'}	id_matching	PUBCHEM_COMPOUND:12306047	woody
mf2950	flavordb	{'url': 'https://cosylab.iiitd.edu.in/flavordb/molecules_json?id=6022'}	id_matching	PUBCHEM_COMPOUND:6022	sweet-like
mf2951	flavordb	{'url': 'https://cosylab.iiitd.edu.in/flavordb/molecules_json?id=518810'}	id_matching	PUBCHEM_COMPOUND:518810	floral
mf2952	flavordb	{'url': 'https://cosylab.iiitd.edu.in/flavordb/molecules_json?id=518810'}	id_matching	PUBCHEM_COMPOUND:518810	box tree
mf2953	flavordb	{'url': 'https://cosylab.iiitd.edu.in/flavordb/molecules_json?id=518810'}	id_matching	PUBCHEM_COMPOUND:518810	fruity
mf2954	flavordb	{'url': 'https://cosylab.iiitd.edu.in/flavordb/molecules_json?id=518810'}	id_matching	PUBCHEM_COMPOUND:518810	tropical
mf2955	flavordb	{'url': 'https://cosylab.iiitd.edu.in/flavordb/molecules_json?id=518810'}	id_matching	PUBCHEM_COMPOUND:518810	pear
mf2956	flavordb	{'url': 'https://cosylab.iiitd.edu.in/flavordb/molecules_json?id=518810'}	id_matching	PUBCHEM_COMPOUND:518810	passion fruit
mf2957	flavordb	{'url': 'https://cosylab.iiitd.edu.in/flavordb/molecules_json?id=61020'}	id_matching	PUBCHEM_COMPOUND:61020	sweet
mf2958	flavordb	{'url': 'https://cosylab.iiitd.edu.in/flavordb/molecules_json?id=61020'}	id_matching	PUBCHEM_COMPOUND:61020	fruity
mf2959	flavordb	{'url': 'https://cosylab.iiitd.edu.in/flavordb/molecules_json?id=61020'}	id_matching	PUBCHEM_COMPOUND:61020	pungent
mf2960	flavordb	{'url': 'https://cosylab.iiitd.edu.in/flavordb/molecules_json?id=61020'}	id_matching	PUBCHEM_COMPOUND:61020	almond
mf2961	flavordb	{'url': 'https://cosylab.iiitd.edu.in/flavordb/molecules_json?id=61020'}	id_matching	PUBCHEM_COMPOUND:61020	brown
mf2962	flavordb	{'url': 'https://cosylab.iiitd.edu.in/flavordb/molecules_json?id=61020'}	id_matching	PUBCHEM_COMPOUND:61020	nutty
mf2963	flavordb	{'url': 'https://cosylab.iiitd.edu.in/flavordb/molecules_json?id=61020'}	id_matching	PUBCHEM_COMPOUND:61020	cherry
mf2964	flavordb	{'url': 'https://cosylab.iiitd.edu.in/flavordb/molecules_json?id=61361'}	id_matching	PUBCHEM_COMPOUND:61361	celery
mf2965	flavordb	{'url': 'https://cosylab.iiitd.edu.in/flavordb/molecules_json?id=61361'}	id_matching	PUBCHEM_COMPOUND:61361	herbal
mf2966	flavordb	{'url': 'https://cosylab.iiitd.edu.in/flavordb/molecules_json?id=93236'}	id_matching	PUBCHEM_COMPOUND:93236	sulfurous
mf2967	flavordb	{'url': 'https://cosylab.iiitd.edu.in/flavordb/molecules_json?id=93236'}	id_matching	PUBCHEM_COMPOUND:93236	onion
mf2968	flavordb	{'url': 'https://cosylab.iiitd.edu.in/flavordb/molecules_json?id=93236'}	id_matching	PUBCHEM_COMPOUND:93236	strong
mf2969	flavordb	{'url': 'https://cosylab.iiitd.edu.in/flavordb/molecules_json?id=128869'}	id_matching	PUBCHEM_COMPOUND:128869	sweet
mf2970	flavordb	{'url': 'https://cosylab.iiitd.edu.in/flavordb/molecules_json?id=5461127'}	id_matching	PUBCHEM_COMPOUND:5461127	sweet
mf2971	flavordb	{'url': 'https://cosylab.iiitd.edu.in/flavordb/molecules_json?id=9895'}	id_matching	PUBCHEM_COMPOUND:9895	mint
mf2972	flavordb	{'url': 'https://cosylab.iiitd.edu.in/flavordb/molecules_json?id=9895'}	id_matching	PUBCHEM_COMPOUND:9895	sweet
mf2973	flavordb	{'url': 'https://cosylab.iiitd.edu.in/flavordb/molecules_json?id=9895'}	id_matching	PUBCHEM_COMPOUND:9895	fruity
mf2974	flavordb	{'url': 'https://cosylab.iiitd.edu.in/flavordb/molecules_json?id=9895'}	id_matching	PUBCHEM_COMPOUND:9895	saffron
mf2975	flavordb	{'url': 'https://cosylab.iiitd.edu.in/flavordb/molecules_json?id=9895'}	id_matching	PUBCHEM_COMPOUND:9895	herbal
mf2976	flavordb	{'url': 'https://cosylab.iiitd.edu.in/flavordb/molecules_json?id=9895'}	id_matching	PUBCHEM_COMPOUND:9895	minty
mf2977	flavordb	{'url': 'https://cosylab.iiitd.edu.in/flavordb/molecules_json?id=9895'}	id_matching	PUBCHEM_COMPOUND:9895	tropical
mf2978	flavordb	{'url': 'https://cosylab.iiitd.edu.in/flavordb/molecules_json?id=9895'}	id_matching	PUBCHEM_COMPOUND:9895	tobacco
mf2979	flavordb	{'url': 'https://cosylab.iiitd.edu.in/flavordb/molecules_json?id=9895'}	id_matching	PUBCHEM_COMPOUND:9895	rose oxide
mf2980	flavordb	{'url': 'https://cosylab.iiitd.edu.in/flavordb/molecules_json?id=9895'}	id_matching	PUBCHEM_COMPOUND:9895	damascone
mf2981	flavordb	{'url': 'https://cosylab.iiitd.edu.in/flavordb/molecules_json?id=9895'}	id_matching	PUBCHEM_COMPOUND:9895	clean
mf2982	flavordb	{'url': 'https://cosylab.iiitd.edu.in/flavordb/molecules_json?id=313'}	id_matching	PUBCHEM_COMPOUND:313	1.10x10-4 m/l (recognition in water, chemically pure)
mf2983	flavordb	{'url': 'https://cosylab.iiitd.edu.in/flavordb/molecules_json?id=313'}	id_matching	PUBCHEM_COMPOUND:313	1.30x10-4 m/l (recognition in water, chemically pure)
mf2984	flavordb	{'url': 'https://cosylab.iiitd.edu.in/flavordb/molecules_json?id=313'}	id_matching	PUBCHEM_COMPOUND:313	pungent, irritating odor
mf2985	flavordb	{'url': 'https://cosylab.iiitd.edu.in/flavordb/molecules_json?id=313'}	id_matching	PUBCHEM_COMPOUND:313	taste threshold: 1.60x10-4 moles/l (recognition in water, chemically pure)
mf2986	flavordb	{'url': 'https://cosylab.iiitd.edu.in/flavordb/molecules_json?id=7847'}	id_matching	PUBCHEM_COMPOUND:7847	disagreeable choking odor
mf2987	flavordb	{'url': 'https://cosylab.iiitd.edu.in/flavordb/molecules_json?id=7847'}	id_matching	PUBCHEM_COMPOUND:7847	almond
mf2988	flavordb	{'url': 'https://cosylab.iiitd.edu.in/flavordb/molecules_json?id=7847'}	id_matching	PUBCHEM_COMPOUND:7847	extremely sharp
mf2989	flavordb	{'url': 'https://cosylab.iiitd.edu.in/flavordb/molecules_json?id=7847'}	id_matching	PUBCHEM_COMPOUND:7847	extremely acrid, pungent, burnt sweet
mf2990	flavordb	{'url': 'https://cosylab.iiitd.edu.in/flavordb/molecules_json?id=7847'}	id_matching	PUBCHEM_COMPOUND:7847	hot fat
mf2991	flavordb	{'url': 'https://cosylab.iiitd.edu.in/flavordb/molecules_json?id=7847'}	id_matching	PUBCHEM_COMPOUND:7847	cherry
mf2992	flavordb	{'url': 'https://cosylab.iiitd.edu.in/flavordb/molecules_json?id=12741'}	id_matching	PUBCHEM_COMPOUND:12741	floral
mf2993	flavordb	{'url': 'https://cosylab.iiitd.edu.in/flavordb/molecules_json?id=12741'}	id_matching	PUBCHEM_COMPOUND:12741	peach
mf2994	flavordb	{'url': 'https://cosylab.iiitd.edu.in/flavordb/molecules_json?id=12741'}	id_matching	PUBCHEM_COMPOUND:12741	orange
mf2995	flavordb	{'url': 'https://cosylab.iiitd.edu.in/flavordb/molecules_json?id=12741'}	id_matching	PUBCHEM_COMPOUND:12741	fatty
mf2996	flavordb	{'url': 'https://cosylab.iiitd.edu.in/flavordb/molecules_json?id=93081'}	id_matching	PUBCHEM_COMPOUND:93081	citrus
mf2997	flavordb	{'url': 'https://cosylab.iiitd.edu.in/flavordb/molecules_json?id=93081'}	id_matching	PUBCHEM_COMPOUND:93081	fruity
mf2998	flavordb	{'url': 'https://cosylab.iiitd.edu.in/flavordb/molecules_json?id=93081'}	id_matching	PUBCHEM_COMPOUND:93081	fruit
mf2999	flavordb	{'url': 'https://cosylab.iiitd.edu.in/flavordb/molecules_json?id=2214'}	id_matching	PUBCHEM_COMPOUND:2214	sweet
mf3000	flavordb	{'url': 'https://cosylab.iiitd.edu.in/flavordb/molecules_json?id=2214'}	id_matching	PUBCHEM_COMPOUND:2214	vanilla
mf3001	flavordb	{'url': 'https://cosylab.iiitd.edu.in/flavordb/molecules_json?id=2214'}	id_matching	PUBCHEM_COMPOUND:2214	faint
mf3002	flavordb	{'url': 'https://cosylab.iiitd.edu.in/flavordb/molecules_json?id=2214'}	id_matching	PUBCHEM_COMPOUND:2214	vanillin
mf3003	flavordb	{'url': 'https://cosylab.iiitd.edu.in/flavordb/molecules_json?id=11815492'}	id_matching	PUBCHEM_COMPOUND:11815492	sweet-like
mf3004	flavordb	{'url': 'https://cosylab.iiitd.edu.in/flavordb/molecules_json?id=12180'}	id_matching	PUBCHEM_COMPOUND:12180	sweet
mf3005	flavordb	{'url': 'https://cosylab.iiitd.edu.in/flavordb/molecules_json?id=12180'}	id_matching	PUBCHEM_COMPOUND:12180	pineapple
mf3006	flavordb	{'url': 'https://cosylab.iiitd.edu.in/flavordb/molecules_json?id=12180'}	id_matching	PUBCHEM_COMPOUND:12180	fruity
mf3007	flavordb	{'url': 'https://cosylab.iiitd.edu.in/flavordb/molecules_json?id=12180'}	id_matching	PUBCHEM_COMPOUND:12180	apple-like, sweet taste
mf3008	flavordb	{'url': 'https://cosylab.iiitd.edu.in/flavordb/molecules_json?id=12180'}	id_matching	PUBCHEM_COMPOUND:12180	ether
mf3009	flavordb	{'url': 'https://cosylab.iiitd.edu.in/flavordb/molecules_json?id=12180'}	id_matching	PUBCHEM_COMPOUND:12180	apple-like odor
mf3010	flavordb	{'url': 'https://cosylab.iiitd.edu.in/flavordb/molecules_json?id=12180'}	id_matching	PUBCHEM_COMPOUND:12180	not very powerful
mf3011	flavordb	{'url': 'https://cosylab.iiitd.edu.in/flavordb/molecules_json?id=12180'}	id_matching	PUBCHEM_COMPOUND:12180	below 100 ppm may have banana-pineapple flavor
mf3012	flavordb	{'url': 'https://cosylab.iiitd.edu.in/flavordb/molecules_json?id=12180'}	id_matching	PUBCHEM_COMPOUND:12180	apple
mf3013	flavordb	{'url': 'https://cosylab.iiitd.edu.in/flavordb/molecules_json?id=12180'}	id_matching	PUBCHEM_COMPOUND:12180	banana
mf3014	flavordb	{'url': 'https://cosylab.iiitd.edu.in/flavordb/molecules_json?id=12180'}	id_matching	PUBCHEM_COMPOUND:12180	fruit
mf3015	flavordb	{'url': 'https://cosylab.iiitd.edu.in/flavordb/molecules_json?id=8900'}	id_matching	PUBCHEM_COMPOUND:8900	sweet
mf3016	flavordb	{'url': 'https://cosylab.iiitd.edu.in/flavordb/molecules_json?id=8900'}	id_matching	PUBCHEM_COMPOUND:8900	ethereal
mf3017	flavordb	{'url': 'https://cosylab.iiitd.edu.in/flavordb/molecules_json?id=8900'}	id_matching	PUBCHEM_COMPOUND:8900	alkane
mf3018	flavordb	{'url': 'https://cosylab.iiitd.edu.in/flavordb/molecules_json?id=8900'}	id_matching	PUBCHEM_COMPOUND:8900	gasoline-like odor
mf3019	flavordb	{'url': 'https://cosylab.iiitd.edu.in/flavordb/molecules_json?id=674'}	id_matching	PUBCHEM_COMPOUND:674	... ammonia or fish-like odor ...
mf3020	flavordb	{'url': 'https://cosylab.iiitd.edu.in/flavordb/molecules_json?id=8058'}	id_matching	PUBCHEM_COMPOUND:8058	gasoline-like odor
mf3021	flavordb	{'url': 'https://cosylab.iiitd.edu.in/flavordb/molecules_json?id=8058'}	id_matching	PUBCHEM_COMPOUND:8058	alkane
mf3022	flavordb	{'url': 'https://cosylab.iiitd.edu.in/flavordb/molecules_json?id=12391'}	id_matching	PUBCHEM_COMPOUND:12391	alkane
mf3023	flavordb	{'url': 'https://cosylab.iiitd.edu.in/flavordb/molecules_json?id=12391'}	id_matching	PUBCHEM_COMPOUND:12391	waxy
mf3024	flavordb	{'url': 'https://cosylab.iiitd.edu.in/flavordb/molecules_json?id=3026'}	id_matching	PUBCHEM_COMPOUND:3026	faint
mf3025	flavordb	{'url': 'https://cosylab.iiitd.edu.in/flavordb/molecules_json?id=3026'}	id_matching	PUBCHEM_COMPOUND:3026	slight, aromatic odor
mf3026	flavordb	{'url': 'https://cosylab.iiitd.edu.in/flavordb/molecules_json?id=3026'}	id_matching	PUBCHEM_COMPOUND:3026	tastes strong and bitter
mf3027	flavordb	{'url': 'https://cosylab.iiitd.edu.in/flavordb/molecules_json?id=284'}	id_matching	PUBCHEM_COMPOUND:284	sour
mf3028	flavordb	{'url': 'https://cosylab.iiitd.edu.in/flavordb/molecules_json?id=284'}	id_matching	PUBCHEM_COMPOUND:284	vinegar
mf3029	flavordb	{'url': 'https://cosylab.iiitd.edu.in/flavordb/molecules_json?id=284'}	id_matching	PUBCHEM_COMPOUND:284	pungent
mf3030	flavordb	{'url': 'https://cosylab.iiitd.edu.in/flavordb/molecules_json?id=284'}	id_matching	PUBCHEM_COMPOUND:284	formyl
mf3031	flavordb	{'url': 'https://cosylab.iiitd.edu.in/flavordb/molecules_json?id=284'}	id_matching	PUBCHEM_COMPOUND:284	pungent, penetrating odor
mf3032	flavordb	{'url': 'https://cosylab.iiitd.edu.in/flavordb/molecules_json?id=519382'}	id_matching	PUBCHEM_COMPOUND:519382	woody
mf3033	flavordb	{'url': 'https://cosylab.iiitd.edu.in/flavordb/molecules_json?id=519382'}	id_matching	PUBCHEM_COMPOUND:519382	mahogany
mf3034	flavordb	{'url': 'https://cosylab.iiitd.edu.in/flavordb/molecules_json?id=519382'}	id_matching	PUBCHEM_COMPOUND:519382	dry
mf3035	flavordb	{'url': 'https://cosylab.iiitd.edu.in/flavordb/molecules_json?id=519382'}	id_matching	PUBCHEM_COMPOUND:519382	earthy
mf3036	flavordb	{'url': 'https://cosylab.iiitd.edu.in/flavordb/molecules_json?id=519382'}	id_matching	PUBCHEM_COMPOUND:519382	amber
mf3037	flavordb	{'url': 'https://cosylab.iiitd.edu.in/flavordb/molecules_json?id=519382'}	id_matching	PUBCHEM_COMPOUND:519382	orris
mf3038	flavordb	{'url': 'https://cosylab.iiitd.edu.in/flavordb/molecules_json?id=8868'}	id_matching	PUBCHEM_COMPOUND:8868	green
mf3039	flavordb	{'url': 'https://cosylab.iiitd.edu.in/flavordb/molecules_json?id=8868'}	id_matching	PUBCHEM_COMPOUND:8868	ripe fruit taste
mf3040	flavordb	{'url': 'https://cosylab.iiitd.edu.in/flavordb/molecules_json?id=8868'}	id_matching	PUBCHEM_COMPOUND:8868	fruity
mf3041	flavordb	{'url': 'https://cosylab.iiitd.edu.in/flavordb/molecules_json?id=8868'}	id_matching	PUBCHEM_COMPOUND:8868	fresh
mf3042	flavordb	{'url': 'https://cosylab.iiitd.edu.in/flavordb/molecules_json?id=8868'}	id_matching	PUBCHEM_COMPOUND:8868	fatty
mf3043	flavordb	{'url': 'https://cosylab.iiitd.edu.in/flavordb/molecules_json?id=8868'}	id_matching	PUBCHEM_COMPOUND:8868	apple
mf3044	flavordb	{'url': 'https://cosylab.iiitd.edu.in/flavordb/molecules_json?id=8868'}	id_matching	PUBCHEM_COMPOUND:8868	pleasant green, fruity, rum odor
mf3045	flavordb	{'url': 'https://cosylab.iiitd.edu.in/flavordb/molecules_json?id=62453'}	id_matching	PUBCHEM_COMPOUND:62453	almond shell
mf3046	flavordb	{'url': 'https://cosylab.iiitd.edu.in/flavordb/molecules_json?id=62453'}	id_matching	PUBCHEM_COMPOUND:62453	sweet
mf3047	flavordb	{'url': 'https://cosylab.iiitd.edu.in/flavordb/molecules_json?id=62453'}	id_matching	PUBCHEM_COMPOUND:62453	chemical
mf3048	flavordb	{'url': 'https://cosylab.iiitd.edu.in/flavordb/molecules_json?id=62453'}	id_matching	PUBCHEM_COMPOUND:62453	phenolic
mf3049	flavordb	{'url': 'https://cosylab.iiitd.edu.in/flavordb/molecules_json?id=62453'}	id_matching	PUBCHEM_COMPOUND:62453	medical
mf3050	flavordb	{'url': 'https://cosylab.iiitd.edu.in/flavordb/molecules_json?id=27867'}	id_matching	PUBCHEM_COMPOUND:27867	earthy, weedy, fruity, berry-like odor
mf3051	flavordb	{'url': 'https://cosylab.iiitd.edu.in/flavordb/molecules_json?id=27867'}	id_matching	PUBCHEM_COMPOUND:27867	earthy, weedy, fruity, berry-like taste
mf3052	flavordb	{'url': 'https://cosylab.iiitd.edu.in/flavordb/molecules_json?id=27867'}	id_matching	PUBCHEM_COMPOUND:27867	orange
mf3053	flavordb	{'url': 'https://cosylab.iiitd.edu.in/flavordb/molecules_json?id=27867'}	id_matching	PUBCHEM_COMPOUND:27867	melon
mf3054	flavordb	{'url': 'https://cosylab.iiitd.edu.in/flavordb/molecules_json?id=27867'}	id_matching	PUBCHEM_COMPOUND:27867	camphoraceous
mf3055	flavordb	{'url': 'https://cosylab.iiitd.edu.in/flavordb/molecules_json?id=27867'}	id_matching	PUBCHEM_COMPOUND:27867	raspberry
mf3056	flavordb	{'url': 'https://cosylab.iiitd.edu.in/flavordb/molecules_json?id=7921'}	id_matching	PUBCHEM_COMPOUND:7921	sweet
mf3057	flavordb	{'url': 'https://cosylab.iiitd.edu.in/flavordb/molecules_json?id=7921'}	id_matching	PUBCHEM_COMPOUND:7921	woody
mf3058	flavordb	{'url': 'https://cosylab.iiitd.edu.in/flavordb/molecules_json?id=7921'}	id_matching	PUBCHEM_COMPOUND:7921	cocoa
mf3059	flavordb	{'url': 'https://cosylab.iiitd.edu.in/flavordb/molecules_json?id=7921'}	id_matching	PUBCHEM_COMPOUND:7921	herbal
mf3060	flavordb	{'url': 'https://cosylab.iiitd.edu.in/flavordb/molecules_json?id=7921'}	id_matching	PUBCHEM_COMPOUND:7921	tobacco
mf3061	flavordb	{'url': 'https://cosylab.iiitd.edu.in/flavordb/molecules_json?id=7921'}	id_matching	PUBCHEM_COMPOUND:7921	warm
mf3062	flavordb	{'url': 'https://cosylab.iiitd.edu.in/flavordb/molecules_json?id=16997'}	id_matching	PUBCHEM_COMPOUND:16997	spice
mf3063	flavordb	{'url': 'https://cosylab.iiitd.edu.in/flavordb/molecules_json?id=11622'}	id_matching	PUBCHEM_COMPOUND:11622	waxy
mf3064	flavordb	{'url': 'https://cosylab.iiitd.edu.in/flavordb/molecules_json?id=11622'}	id_matching	PUBCHEM_COMPOUND:11622	herbal
mf3065	flavordb	{'url': 'https://cosylab.iiitd.edu.in/flavordb/molecules_json?id=11622'}	id_matching	PUBCHEM_COMPOUND:11622	fatty
mf3066	flavordb	{'url': 'https://cosylab.iiitd.edu.in/flavordb/molecules_json?id=11622'}	id_matching	PUBCHEM_COMPOUND:11622	coconut
mf3067	flavordb	{'url': 'https://cosylab.iiitd.edu.in/flavordb/molecules_json?id=11622'}	id_matching	PUBCHEM_COMPOUND:11622	earthy
mf3068	flavordb	{'url': 'https://cosylab.iiitd.edu.in/flavordb/molecules_json?id=11622'}	id_matching	PUBCHEM_COMPOUND:11622	milky
mf3069	flavordb	{'url': 'https://cosylab.iiitd.edu.in/flavordb/molecules_json?id=11622'}	id_matching	PUBCHEM_COMPOUND:11622	dairy
mf3070	flavordb	{'url': 'https://cosylab.iiitd.edu.in/flavordb/molecules_json?id=11622'}	id_matching	PUBCHEM_COMPOUND:11622	nutty
mf3071	flavordb	{'url': 'https://cosylab.iiitd.edu.in/flavordb/molecules_json?id=5352437'}	id_matching	PUBCHEM_COMPOUND:5352437	balsam
mf3072	flavordb	{'url': 'https://cosylab.iiitd.edu.in/flavordb/molecules_json?id=5352437'}	id_matching	PUBCHEM_COMPOUND:5352437	citrus
mf3073	flavordb	{'url': 'https://cosylab.iiitd.edu.in/flavordb/molecules_json?id=5352437'}	id_matching	PUBCHEM_COMPOUND:5352437	myrrh
mf3074	flavordb	{'url': 'https://cosylab.iiitd.edu.in/flavordb/molecules_json?id=5352437'}	id_matching	PUBCHEM_COMPOUND:5352437	opoponax
mf3075	flavordb	{'url': 'https://cosylab.iiitd.edu.in/flavordb/molecules_json?id=5352437'}	id_matching	PUBCHEM_COMPOUND:5352437	spicy
mf3076	flavordb	{'url': 'https://cosylab.iiitd.edu.in/flavordb/molecules_json?id=10659'}	id_matching	PUBCHEM_COMPOUND:10659	parsley
mf3077	flavordb	{'url': 'https://cosylab.iiitd.edu.in/flavordb/molecules_json?id=10659'}	id_matching	PUBCHEM_COMPOUND:10659	faint
mf3078	flavordb	{'url': 'https://cosylab.iiitd.edu.in/flavordb/molecules_json?id=12020'}	id_matching	PUBCHEM_COMPOUND:12020	green
mf3079	flavordb	{'url': 'https://cosylab.iiitd.edu.in/flavordb/molecules_json?id=12020'}	id_matching	PUBCHEM_COMPOUND:12020	fruity
mf3080	flavordb	{'url': 'https://cosylab.iiitd.edu.in/flavordb/molecules_json?id=12020'}	id_matching	PUBCHEM_COMPOUND:12020	bitter
mf3081	flavordb	{'url': 'https://cosylab.iiitd.edu.in/flavordb/molecules_json?id=12020'}	id_matching	PUBCHEM_COMPOUND:12020	pungent
mf3082	flavordb	{'url': 'https://cosylab.iiitd.edu.in/flavordb/molecules_json?id=12020'}	id_matching	PUBCHEM_COMPOUND:12020	horseradish
mf3083	flavordb	{'url': 'https://cosylab.iiitd.edu.in/flavordb/molecules_json?id=12020'}	id_matching	PUBCHEM_COMPOUND:12020	tropical
mf3084	flavordb	{'url': 'https://cosylab.iiitd.edu.in/flavordb/molecules_json?id=12020'}	id_matching	PUBCHEM_COMPOUND:12020	butter
mf3085	flavordb	{'url': 'https://cosylab.iiitd.edu.in/flavordb/molecules_json?id=12020'}	id_matching	PUBCHEM_COMPOUND:12020	vegetable
mf3086	flavordb	{'url': 'https://cosylab.iiitd.edu.in/flavordb/molecules_json?id=222'}	id_matching	PUBCHEM_COMPOUND:222	very pungent odor (characteristic of drying urine).
mf3087	flavordb	{'url': 'https://cosylab.iiitd.edu.in/flavordb/molecules_json?id=222'}	id_matching	PUBCHEM_COMPOUND:222	sharp, cloying, repellent
mf3088	flavordb	{'url': 'https://cosylab.iiitd.edu.in/flavordb/molecules_json?id=222'}	id_matching	PUBCHEM_COMPOUND:222	pungent, suffocating odor
mf3089	flavordb	{'url': 'https://cosylab.iiitd.edu.in/flavordb/molecules_json?id=222'}	id_matching	PUBCHEM_COMPOUND:222	ammoniacal
mf3090	flavordb	{'url': 'https://cosylab.iiitd.edu.in/flavordb/molecules_json?id=222'}	id_matching	PUBCHEM_COMPOUND:222	sharp, intensely irritating odor
mf3091	flavordb	{'url': 'https://cosylab.iiitd.edu.in/flavordb/molecules_json?id=62367'}	id_matching	PUBCHEM_COMPOUND:62367	green
mf3092	flavordb	{'url': 'https://cosylab.iiitd.edu.in/flavordb/molecules_json?id=62367'}	id_matching	PUBCHEM_COMPOUND:62367	terpene
mf3093	flavordb	{'url': 'https://cosylab.iiitd.edu.in/flavordb/molecules_json?id=62367'}	id_matching	PUBCHEM_COMPOUND:62367	eucalyptus
mf3094	flavordb	{'url': 'https://cosylab.iiitd.edu.in/flavordb/molecules_json?id=62367'}	id_matching	PUBCHEM_COMPOUND:62367	minty
mf3095	flavordb	{'url': 'https://cosylab.iiitd.edu.in/flavordb/molecules_json?id=643941'}	id_matching	PUBCHEM_COMPOUND:643941	green
mf3096	flavordb	{'url': 'https://cosylab.iiitd.edu.in/flavordb/molecules_json?id=643941'}	id_matching	PUBCHEM_COMPOUND:643941	weedy
mf3097	flavordb	{'url': 'https://cosylab.iiitd.edu.in/flavordb/molecules_json?id=643941'}	id_matching	PUBCHEM_COMPOUND:643941	fruity
mf3098	flavordb	{'url': 'https://cosylab.iiitd.edu.in/flavordb/molecules_json?id=643941'}	id_matching	PUBCHEM_COMPOUND:643941	fatty
mf3099	flavordb	{'url': 'https://cosylab.iiitd.edu.in/flavordb/molecules_json?id=643941'}	id_matching	PUBCHEM_COMPOUND:643941	grassy
mf3100	flavordb	{'url': 'https://cosylab.iiitd.edu.in/flavordb/molecules_json?id=643941'}	id_matching	PUBCHEM_COMPOUND:643941	leaf
mf3101	flavordb	{'url': 'https://cosylab.iiitd.edu.in/flavordb/molecules_json?id=643941'}	id_matching	PUBCHEM_COMPOUND:643941	apple
mf3102	flavordb	{'url': 'https://cosylab.iiitd.edu.in/flavordb/molecules_json?id=7342'}	id_matching	PUBCHEM_COMPOUND:7342	rubber
mf3103	flavordb	{'url': 'https://cosylab.iiitd.edu.in/flavordb/molecules_json?id=7342'}	id_matching	PUBCHEM_COMPOUND:7342	rummy
mf3104	flavordb	{'url': 'https://cosylab.iiitd.edu.in/flavordb/molecules_json?id=7342'}	id_matching	PUBCHEM_COMPOUND:7342	sweet
mf3105	flavordb	{'url': 'https://cosylab.iiitd.edu.in/flavordb/molecules_json?id=7342'}	id_matching	PUBCHEM_COMPOUND:7342	fruity
mf3106	flavordb	{'url': 'https://cosylab.iiitd.edu.in/flavordb/molecules_json?id=7342'}	id_matching	PUBCHEM_COMPOUND:7342	alcoholic
mf3107	flavordb	{'url': 'https://cosylab.iiitd.edu.in/flavordb/molecules_json?id=7342'}	id_matching	PUBCHEM_COMPOUND:7342	strawberry
mf3108	flavordb	{'url': 'https://cosylab.iiitd.edu.in/flavordb/molecules_json?id=7342'}	id_matching	PUBCHEM_COMPOUND:7342	ethereal
mf3109	flavordb	{'url': 'https://cosylab.iiitd.edu.in/flavordb/molecules_json?id=7342'}	id_matching	PUBCHEM_COMPOUND:7342	fusel
mf3110	flavordb	{'url': 'https://cosylab.iiitd.edu.in/flavordb/molecules_json?id=31249'}	id_matching	PUBCHEM_COMPOUND:31249	apricot
mf3111	flavordb	{'url': 'https://cosylab.iiitd.edu.in/flavordb/molecules_json?id=31249'}	id_matching	PUBCHEM_COMPOUND:31249	peach
mf3112	flavordb	{'url': 'https://cosylab.iiitd.edu.in/flavordb/molecules_json?id=31249'}	id_matching	PUBCHEM_COMPOUND:31249	fruity
mf3113	flavordb	{'url': 'https://cosylab.iiitd.edu.in/flavordb/molecules_json?id=31249'}	id_matching	PUBCHEM_COMPOUND:31249	wine
mf3114	flavordb	{'url': 'https://cosylab.iiitd.edu.in/flavordb/molecules_json?id=31249'}	id_matching	PUBCHEM_COMPOUND:31249	cooked
mf3115	flavordb	{'url': 'https://cosylab.iiitd.edu.in/flavordb/molecules_json?id=31249'}	id_matching	PUBCHEM_COMPOUND:31249	cranberry
mf3116	flavordb	{'url': 'https://cosylab.iiitd.edu.in/flavordb/molecules_json?id=31249'}	id_matching	PUBCHEM_COMPOUND:31249	ylang
mf3117	flavordb	{'url': 'https://cosylab.iiitd.edu.in/flavordb/molecules_json?id=31249'}	id_matching	PUBCHEM_COMPOUND:31249	musty
mf3118	flavordb	{'url': 'https://cosylab.iiitd.edu.in/flavordb/molecules_json?id=31249'}	id_matching	PUBCHEM_COMPOUND:31249	apple
mf3119	flavordb	{'url': 'https://cosylab.iiitd.edu.in/flavordb/molecules_json?id=31249'}	id_matching	PUBCHEM_COMPOUND:31249	chocolate
mf3120	flavordb	{'url': 'https://cosylab.iiitd.edu.in/flavordb/molecules_json?id=31249'}	id_matching	PUBCHEM_COMPOUND:31249	pear
mf3121	flavordb	{'url': 'https://cosylab.iiitd.edu.in/flavordb/molecules_json?id=31249'}	id_matching	PUBCHEM_COMPOUND:31249	mild
mf3122	flavordb	{'url': 'https://cosylab.iiitd.edu.in/flavordb/molecules_json?id=31249'}	id_matching	PUBCHEM_COMPOUND:31249	grape
mf3123	flavordb	{'url': 'https://cosylab.iiitd.edu.in/flavordb/molecules_json?id=31249'}	id_matching	PUBCHEM_COMPOUND:31249	fruit
mf3124	flavordb	{'url': 'https://cosylab.iiitd.edu.in/flavordb/molecules_json?id=5281680'}	id_matching	PUBCHEM_COMPOUND:5281680	bitter
mf3125	flavordb	{'url': 'https://cosylab.iiitd.edu.in/flavordb/molecules_json?id=7148'}	id_matching	PUBCHEM_COMPOUND:7148	hawthorn
mf3126	flavordb	{'url': 'https://cosylab.iiitd.edu.in/flavordb/molecules_json?id=7148'}	id_matching	PUBCHEM_COMPOUND:7148	lilac
mf3127	flavordb	{'url': 'https://cosylab.iiitd.edu.in/flavordb/molecules_json?id=7148'}	id_matching	PUBCHEM_COMPOUND:7148	strong, persistent, agreeable, flowery odor
mf3128	flavordb	{'url': 'https://cosylab.iiitd.edu.in/flavordb/molecules_json?id=66654'}	id_matching	PUBCHEM_COMPOUND:66654	borneol
mf3129	flavordb	{'url': 'https://cosylab.iiitd.edu.in/flavordb/molecules_json?id=66654'}	id_matching	PUBCHEM_COMPOUND:66654	camphor
mf3130	flavordb	{'url': 'https://cosylab.iiitd.edu.in/flavordb/molecules_json?id=12366'}	id_matching	PUBCHEM_COMPOUND:12366	balsam
mf3131	flavordb	{'url': 'https://cosylab.iiitd.edu.in/flavordb/molecules_json?id=12366'}	id_matching	PUBCHEM_COMPOUND:12366	wax
mf3132	flavordb	{'url': 'https://cosylab.iiitd.edu.in/flavordb/molecules_json?id=12366'}	id_matching	PUBCHEM_COMPOUND:12366	fruity
mf3133	flavordb	{'url': 'https://cosylab.iiitd.edu.in/flavordb/molecules_json?id=12366'}	id_matching	PUBCHEM_COMPOUND:12366	waxy
mf3134	flavordb	{'url': 'https://cosylab.iiitd.edu.in/flavordb/molecules_json?id=12366'}	id_matching	PUBCHEM_COMPOUND:12366	creamy
mf3135	flavordb	{'url': 'https://cosylab.iiitd.edu.in/flavordb/molecules_json?id=12366'}	id_matching	PUBCHEM_COMPOUND:12366	milky
mf3136	flavordb	{'url': 'https://cosylab.iiitd.edu.in/flavordb/molecules_json?id=12366'}	id_matching	PUBCHEM_COMPOUND:12366	mild
mf3137	flavordb	{'url': 'https://cosylab.iiitd.edu.in/flavordb/molecules_json?id=6781'}	id_matching	PUBCHEM_COMPOUND:6781	bitter disagreeable taste
mf3138	flavordb	{'url': 'https://cosylab.iiitd.edu.in/flavordb/molecules_json?id=6781'}	id_matching	PUBCHEM_COMPOUND:6781	very slight, aromatic odor.
mf3139	flavordb	{'url': 'https://cosylab.iiitd.edu.in/flavordb/molecules_json?id=6781'}	id_matching	PUBCHEM_COMPOUND:6781	bitter
mf3140	flavordb	{'url': 'https://cosylab.iiitd.edu.in/flavordb/molecules_json?id=6781'}	id_matching	PUBCHEM_COMPOUND:6781	practically odorless
mf3141	flavordb	{'url': 'https://cosylab.iiitd.edu.in/flavordb/molecules_json?id=6781'}	id_matching	PUBCHEM_COMPOUND:6781	odorless
mf3142	flavordb	{'url': 'https://cosylab.iiitd.edu.in/flavordb/molecules_json?id=5281777'}	id_matching	PUBCHEM_COMPOUND:5281777	sweet-like
mf3143	flavordb	{'url': 'https://cosylab.iiitd.edu.in/flavordb/molecules_json?id=61030'}	id_matching	PUBCHEM_COMPOUND:61030	green
mf3144	flavordb	{'url': 'https://cosylab.iiitd.edu.in/flavordb/molecules_json?id=61030'}	id_matching	PUBCHEM_COMPOUND:61030	fruity
mf3145	flavordb	{'url': 'https://cosylab.iiitd.edu.in/flavordb/molecules_json?id=61030'}	id_matching	PUBCHEM_COMPOUND:61030	waxy
mf3146	flavordb	{'url': 'https://cosylab.iiitd.edu.in/flavordb/molecules_json?id=61030'}	id_matching	PUBCHEM_COMPOUND:61030	creamy
mf3147	flavordb	{'url': 'https://cosylab.iiitd.edu.in/flavordb/molecules_json?id=61030'}	id_matching	PUBCHEM_COMPOUND:61030	fresh
mf3148	flavordb	{'url': 'https://cosylab.iiitd.edu.in/flavordb/molecules_json?id=61030'}	id_matching	PUBCHEM_COMPOUND:61030	earthy
mf3149	flavordb	{'url': 'https://cosylab.iiitd.edu.in/flavordb/molecules_json?id=61030'}	id_matching	PUBCHEM_COMPOUND:61030	natural
mf3150	flavordb	{'url': 'https://cosylab.iiitd.edu.in/flavordb/molecules_json?id=61030'}	id_matching	PUBCHEM_COMPOUND:61030	jasmin
mf3151	flavordb	{'url': 'https://cosylab.iiitd.edu.in/flavordb/molecules_json?id=61030'}	id_matching	PUBCHEM_COMPOUND:61030	oily
mf3152	flavordb	{'url': 'https://cosylab.iiitd.edu.in/flavordb/molecules_json?id=7797'}	id_matching	PUBCHEM_COMPOUND:7797	pineapple
mf3153	flavordb	{'url': 'https://cosylab.iiitd.edu.in/flavordb/molecules_json?id=7797'}	id_matching	PUBCHEM_COMPOUND:7797	fruity
mf3154	flavordb	{'url': 'https://cosylab.iiitd.edu.in/flavordb/molecules_json?id=7797'}	id_matching	PUBCHEM_COMPOUND:7797	plum
mf3155	flavordb	{'url': 'https://cosylab.iiitd.edu.in/flavordb/molecules_json?id=7797'}	id_matching	PUBCHEM_COMPOUND:7797	wine
mf3156	flavordb	{'url': 'https://cosylab.iiitd.edu.in/flavordb/molecules_json?id=7797'}	id_matching	PUBCHEM_COMPOUND:7797	melon
mf3157	flavordb	{'url': 'https://cosylab.iiitd.edu.in/flavordb/molecules_json?id=7797'}	id_matching	PUBCHEM_COMPOUND:7797	fruit
mf3158	flavordb	{'url': 'https://cosylab.iiitd.edu.in/flavordb/molecules_json?id=7797'}	id_matching	PUBCHEM_COMPOUND:7797	rum
mf3159	flavordb	{'url': 'https://cosylab.iiitd.edu.in/flavordb/molecules_json?id=7797'}	id_matching	PUBCHEM_COMPOUND:7797	cognac
mf3160	flavordb	{'url': 'https://cosylab.iiitd.edu.in/flavordb/molecules_json?id=5352461'}	id_matching	PUBCHEM_COMPOUND:5352461	green
mf3161	flavordb	{'url': 'https://cosylab.iiitd.edu.in/flavordb/molecules_json?id=5352461'}	id_matching	PUBCHEM_COMPOUND:5352461	fruity
mf3162	flavordb	{'url': 'https://cosylab.iiitd.edu.in/flavordb/molecules_json?id=5352461'}	id_matching	PUBCHEM_COMPOUND:5352461	grassy
mf3163	flavordb	{'url': 'https://cosylab.iiitd.edu.in/flavordb/molecules_json?id=5352461'}	id_matching	PUBCHEM_COMPOUND:5352461	orchid
mf3164	flavordb	{'url': 'https://cosylab.iiitd.edu.in/flavordb/molecules_json?id=5352461'}	id_matching	PUBCHEM_COMPOUND:5352461	apple
mf3165	flavordb	{'url': 'https://cosylab.iiitd.edu.in/flavordb/molecules_json?id=5352461'}	id_matching	PUBCHEM_COMPOUND:5352461	banana
mf3166	flavordb	{'url': 'https://cosylab.iiitd.edu.in/flavordb/molecules_json?id=73467'}	id_matching	PUBCHEM_COMPOUND:73467	bitter
mf3167	flavordb	{'url': 'https://cosylab.iiitd.edu.in/flavordb/molecules_json?id=69600'}	id_matching	PUBCHEM_COMPOUND:69600	vanillin
mf3168	flavordb	{'url': 'https://cosylab.iiitd.edu.in/flavordb/molecules_json?id=10797'}	id_matching	PUBCHEM_COMPOUND:10797	ethereal
mf3169	flavordb	{'url': 'https://cosylab.iiitd.edu.in/flavordb/molecules_json?id=10797'}	id_matching	PUBCHEM_COMPOUND:10797	chocolate
mf3170	flavordb	{'url': 'https://cosylab.iiitd.edu.in/flavordb/molecules_json?id=10797'}	id_matching	PUBCHEM_COMPOUND:10797	acetone
mf3171	flavordb	{'url': 'https://cosylab.iiitd.edu.in/flavordb/molecules_json?id=246728'}	id_matching	PUBCHEM_COMPOUND:246728	sweet
mf3172	flavordb	{'url': 'https://cosylab.iiitd.edu.in/flavordb/molecules_json?id=246728'}	id_matching	PUBCHEM_COMPOUND:246728	mushroom
mf3173	flavordb	{'url': 'https://cosylab.iiitd.edu.in/flavordb/molecules_json?id=246728'}	id_matching	PUBCHEM_COMPOUND:246728	mild fruity odor
mf3174	flavordb	{'url': 'https://cosylab.iiitd.edu.in/flavordb/molecules_json?id=246728'}	id_matching	PUBCHEM_COMPOUND:246728	lavender
mf3175	flavordb	{'url': 'https://cosylab.iiitd.edu.in/flavordb/molecules_json?id=246728'}	id_matching	PUBCHEM_COMPOUND:246728	herbal
mf3176	flavordb	{'url': 'https://cosylab.iiitd.edu.in/flavordb/molecules_json?id=246728'}	id_matching	PUBCHEM_COMPOUND:246728	fresh
mf3177	flavordb	{'url': 'https://cosylab.iiitd.edu.in/flavordb/molecules_json?id=246728'}	id_matching	PUBCHEM_COMPOUND:246728	resin
mf3178	flavordb	{'url': 'https://cosylab.iiitd.edu.in/flavordb/molecules_json?id=246728'}	id_matching	PUBCHEM_COMPOUND:246728	butter
mf3179	flavordb	{'url': 'https://cosylab.iiitd.edu.in/flavordb/molecules_json?id=246728'}	id_matching	PUBCHEM_COMPOUND:246728	herb
mf3180	flavordb	{'url': 'https://cosylab.iiitd.edu.in/flavordb/molecules_json?id=7095'}	id_matching	PUBCHEM_COMPOUND:7095	green
mf3181	flavordb	{'url': 'https://cosylab.iiitd.edu.in/flavordb/molecules_json?id=7095'}	id_matching	PUBCHEM_COMPOUND:7095	pleasant, peculiar odor
mf3182	flavordb	{'url': 'https://cosylab.iiitd.edu.in/flavordb/molecules_json?id=7095'}	id_matching	PUBCHEM_COMPOUND:7095	rose
mf3183	flavordb	{'url': 'https://cosylab.iiitd.edu.in/flavordb/molecules_json?id=7095'}	id_matching	PUBCHEM_COMPOUND:7095	pungent
mf3184	flavordb	{'url': 'https://cosylab.iiitd.edu.in/flavordb/molecules_json?id=7095'}	id_matching	PUBCHEM_COMPOUND:7095	... pleasant, characteristic odor.
mf3185	flavordb	{'url': 'https://cosylab.iiitd.edu.in/flavordb/molecules_json?id=7095'}	id_matching	PUBCHEM_COMPOUND:7095	geranium
mf3186	flavordb	{'url': 'https://cosylab.iiitd.edu.in/flavordb/molecules_json?id=7095'}	id_matching	PUBCHEM_COMPOUND:7095	pleasant, butter-like
mf3187	flavordb	{'url': 'https://cosylab.iiitd.edu.in/flavordb/molecules_json?id=61738'}	id_matching	PUBCHEM_COMPOUND:61738	green
mf3188	flavordb	{'url': 'https://cosylab.iiitd.edu.in/flavordb/molecules_json?id=61738'}	id_matching	PUBCHEM_COMPOUND:61738	sweet
mf3189	flavordb	{'url': 'https://cosylab.iiitd.edu.in/flavordb/molecules_json?id=61738'}	id_matching	PUBCHEM_COMPOUND:61738	apricot
mf3190	flavordb	{'url': 'https://cosylab.iiitd.edu.in/flavordb/molecules_json?id=61738'}	id_matching	PUBCHEM_COMPOUND:61738	fruity
mf3191	flavordb	{'url': 'https://cosylab.iiitd.edu.in/flavordb/molecules_json?id=61738'}	id_matching	PUBCHEM_COMPOUND:61738	peach
mf3192	flavordb	{'url': 'https://cosylab.iiitd.edu.in/flavordb/molecules_json?id=61738'}	id_matching	PUBCHEM_COMPOUND:61738	ketone
mf3193	flavordb	{'url': 'https://cosylab.iiitd.edu.in/flavordb/molecules_json?id=439586'}	id_matching	PUBCHEM_COMPOUND:439586	sweet
mf3194	flavordb	{'url': 'https://cosylab.iiitd.edu.in/flavordb/molecules_json?id=871'}	id_matching	PUBCHEM_COMPOUND:871	sweet
mf3195	flavordb	{'url': 'https://cosylab.iiitd.edu.in/flavordb/molecules_json?id=7222'}	id_matching	PUBCHEM_COMPOUND:7222	rubber
mf3196	flavordb	{'url': 'https://cosylab.iiitd.edu.in/flavordb/molecules_json?id=7222'}	id_matching	PUBCHEM_COMPOUND:7222	unpleasant odor
mf3197	flavordb	{'url': 'https://cosylab.iiitd.edu.in/flavordb/molecules_json?id=7222'}	id_matching	PUBCHEM_COMPOUND:7222	coffee
mf3198	flavordb	{'url': 'https://cosylab.iiitd.edu.in/flavordb/molecules_json?id=7222'}	id_matching	PUBCHEM_COMPOUND:7222	sulfury
mf3199	flavordb	{'url': 'https://cosylab.iiitd.edu.in/flavordb/molecules_json?id=7222'}	id_matching	PUBCHEM_COMPOUND:7222	meat
mf3200	flavordb	{'url': 'https://cosylab.iiitd.edu.in/flavordb/molecules_json?id=7222'}	id_matching	PUBCHEM_COMPOUND:7222	gasoline
mf3201	flavordb	{'url': 'https://cosylab.iiitd.edu.in/flavordb/molecules_json?id=7222'}	id_matching	PUBCHEM_COMPOUND:7222	cooked
mf3202	flavordb	{'url': 'https://cosylab.iiitd.edu.in/flavordb/molecules_json?id=7222'}	id_matching	PUBCHEM_COMPOUND:7222	odor similar to that of quinoline
mf3203	flavordb	{'url': 'https://cosylab.iiitd.edu.in/flavordb/molecules_json?id=7222'}	id_matching	PUBCHEM_COMPOUND:7222	rubbery
mf3204	flavordb	{'url': 'https://cosylab.iiitd.edu.in/flavordb/molecules_json?id=7222'}	id_matching	PUBCHEM_COMPOUND:7222	vegetable
mf3205	flavordb	{'url': 'https://cosylab.iiitd.edu.in/flavordb/molecules_json?id=7222'}	id_matching	PUBCHEM_COMPOUND:7222	nutty
mf3206	flavordb	{'url': 'https://cosylab.iiitd.edu.in/flavordb/molecules_json?id=12101'}	id_matching	PUBCHEM_COMPOUND:12101	musty
mf3207	flavordb	{'url': 'https://cosylab.iiitd.edu.in/flavordb/molecules_json?id=12101'}	id_matching	PUBCHEM_COMPOUND:12101	must
mf3208	flavordb	{'url': 'https://cosylab.iiitd.edu.in/flavordb/molecules_json?id=517045'}	id_matching	PUBCHEM_COMPOUND:517045	odorless
mf3209	flavordb	{'url': 'https://cosylab.iiitd.edu.in/flavordb/molecules_json?id=1068'}	id_matching	PUBCHEM_COMPOUND:1068	sulfur
mf3210	flavordb	{'url': 'https://cosylab.iiitd.edu.in/flavordb/molecules_json?id=1068'}	id_matching	PUBCHEM_COMPOUND:1068	radish
mf3211	flavordb	{'url': 'https://cosylab.iiitd.edu.in/flavordb/molecules_json?id=1068'}	id_matching	PUBCHEM_COMPOUND:1068	green
mf3212	flavordb	{'url': 'https://cosylab.iiitd.edu.in/flavordb/molecules_json?id=1068'}	id_matching	PUBCHEM_COMPOUND:1068	sulfury
mf3213	flavordb	{'url': 'https://cosylab.iiitd.edu.in/flavordb/molecules_json?id=1068'}	id_matching	PUBCHEM_COMPOUND:1068	wild
mf3214	flavordb	{'url': 'https://cosylab.iiitd.edu.in/flavordb/molecules_json?id=1068'}	id_matching	PUBCHEM_COMPOUND:1068	onion
mf3215	flavordb	{'url': 'https://cosylab.iiitd.edu.in/flavordb/molecules_json?id=1068'}	id_matching	PUBCHEM_COMPOUND:1068	gasoline
mf3216	flavordb	{'url': 'https://cosylab.iiitd.edu.in/flavordb/molecules_json?id=1068'}	id_matching	PUBCHEM_COMPOUND:1068	sweet corn
mf3217	flavordb	{'url': 'https://cosylab.iiitd.edu.in/flavordb/molecules_json?id=1068'}	id_matching	PUBCHEM_COMPOUND:1068	tomato
mf3218	flavordb	{'url': 'https://cosylab.iiitd.edu.in/flavordb/molecules_json?id=1068'}	id_matching	PUBCHEM_COMPOUND:1068	characteristic flavor
mf3219	flavordb	{'url': 'https://cosylab.iiitd.edu.in/flavordb/molecules_json?id=1068'}	id_matching	PUBCHEM_COMPOUND:1068	unpleasant odor of wild radish, cabbage-like
mf3220	flavordb	{'url': 'https://cosylab.iiitd.edu.in/flavordb/molecules_json?id=1068'}	id_matching	PUBCHEM_COMPOUND:1068	cabbage
mf3221	flavordb	{'url': 'https://cosylab.iiitd.edu.in/flavordb/molecules_json?id=1068'}	id_matching	PUBCHEM_COMPOUND:1068	sulfurous
mf3222	flavordb	{'url': 'https://cosylab.iiitd.edu.in/flavordb/molecules_json?id=1068'}	id_matching	PUBCHEM_COMPOUND:1068	vegetable
mf3223	flavordb	{'url': 'https://cosylab.iiitd.edu.in/flavordb/molecules_json?id=7363'}	id_matching	PUBCHEM_COMPOUND:7363	fishy
mf3224	flavordb	{'url': 'https://cosylab.iiitd.edu.in/flavordb/molecules_json?id=7363'}	id_matching	PUBCHEM_COMPOUND:7363	smoky
mf3225	flavordb	{'url': 'https://cosylab.iiitd.edu.in/flavordb/molecules_json?id=7363'}	id_matching	PUBCHEM_COMPOUND:7363	sulfurous
mf3226	flavordb	{'url': 'https://cosylab.iiitd.edu.in/flavordb/molecules_json?id=7363'}	id_matching	PUBCHEM_COMPOUND:7363	sulfury
mf3227	flavordb	{'url': 'https://cosylab.iiitd.edu.in/flavordb/molecules_json?id=7363'}	id_matching	PUBCHEM_COMPOUND:7363	coffee
mf3228	flavordb	{'url': 'https://cosylab.iiitd.edu.in/flavordb/molecules_json?id=7363'}	id_matching	PUBCHEM_COMPOUND:7363	roast
mf3229	flavordb	{'url': 'https://cosylab.iiitd.edu.in/flavordb/molecules_json?id=7363'}	id_matching	PUBCHEM_COMPOUND:7363	roasted
mf3230	flavordb	{'url': 'https://cosylab.iiitd.edu.in/flavordb/molecules_json?id=7363'}	id_matching	PUBCHEM_COMPOUND:7363	fatty
mf3231	flavordb	{'url': 'https://cosylab.iiitd.edu.in/flavordb/molecules_json?id=7363'}	id_matching	PUBCHEM_COMPOUND:7363	burnt
mf3232	flavordb	{'url': 'https://cosylab.iiitd.edu.in/flavordb/molecules_json?id=7363'}	id_matching	PUBCHEM_COMPOUND:7363	chocolate
mf3233	flavordb	{'url': 'https://cosylab.iiitd.edu.in/flavordb/molecules_json?id=7363'}	id_matching	PUBCHEM_COMPOUND:7363	oily
mf3234	flavordb	{'url': 'https://cosylab.iiitd.edu.in/flavordb/molecules_json?id=5283356'}	id_matching	PUBCHEM_COMPOUND:5283356	green
mf3235	flavordb	{'url': 'https://cosylab.iiitd.edu.in/flavordb/molecules_json?id=5283356'}	id_matching	PUBCHEM_COMPOUND:5283356	sweet
mf3236	flavordb	{'url': 'https://cosylab.iiitd.edu.in/flavordb/molecules_json?id=5283356'}	id_matching	PUBCHEM_COMPOUND:5283356	fat
mf3237	flavordb	{'url': 'https://cosylab.iiitd.edu.in/flavordb/molecules_json?id=5283356'}	id_matching	PUBCHEM_COMPOUND:5283356	fruity
mf3238	flavordb	{'url': 'https://cosylab.iiitd.edu.in/flavordb/molecules_json?id=5283356'}	id_matching	PUBCHEM_COMPOUND:5283356	citrus
mf3239	flavordb	{'url': 'https://cosylab.iiitd.edu.in/flavordb/molecules_json?id=5283356'}	id_matching	PUBCHEM_COMPOUND:5283356	fresh
mf3240	flavordb	{'url': 'https://cosylab.iiitd.edu.in/flavordb/molecules_json?id=5283356'}	id_matching	PUBCHEM_COMPOUND:5283356	orange peel
mf3241	flavordb	{'url': 'https://cosylab.iiitd.edu.in/flavordb/molecules_json?id=5283356'}	id_matching	PUBCHEM_COMPOUND:5283356	soap
mf3242	flavordb	{'url': 'https://cosylab.iiitd.edu.in/flavordb/molecules_json?id=12314995'}	id_matching	PUBCHEM_COMPOUND:12314995	sweet
mf3243	flavordb	{'url': 'https://cosylab.iiitd.edu.in/flavordb/molecules_json?id=5388962'}	id_matching	PUBCHEM_COMPOUND:5388962	bitter
mf3244	flavordb	{'url': 'https://cosylab.iiitd.edu.in/flavordb/molecules_json?id=984'}	id_matching	PUBCHEM_COMPOUND:984	cardboard
mf3245	flavordb	{'url': 'https://cosylab.iiitd.edu.in/flavordb/molecules_json?id=73635'}	id_matching	PUBCHEM_COMPOUND:73635	bitter
mf3246	flavordb	{'url': 'https://cosylab.iiitd.edu.in/flavordb/molecules_json?id=6428573'}	id_matching	PUBCHEM_COMPOUND:6428573	floral
mf3247	flavordb	{'url': 'https://cosylab.iiitd.edu.in/flavordb/molecules_json?id=6428573'}	id_matching	PUBCHEM_COMPOUND:6428573	sweet
mf3248	flavordb	{'url': 'https://cosylab.iiitd.edu.in/flavordb/molecules_json?id=6428573'}	id_matching	PUBCHEM_COMPOUND:6428573	woody
mf3249	flavordb	{'url': 'https://cosylab.iiitd.edu.in/flavordb/molecules_json?id=6428573'}	id_matching	PUBCHEM_COMPOUND:6428573	earthy
mf3250	flavordb	{'url': 'https://cosylab.iiitd.edu.in/flavordb/molecules_json?id=6428573'}	id_matching	PUBCHEM_COMPOUND:6428573	flower
mf3251	flavordb	{'url': 'https://cosylab.iiitd.edu.in/flavordb/molecules_json?id=5318083'}	id_matching	PUBCHEM_COMPOUND:5318083	sweet-like
mf3252	flavordb	{'url': 'https://cosylab.iiitd.edu.in/flavordb/molecules_json?id=65030'}	id_matching	PUBCHEM_COMPOUND:65030	bitter
mf3253	flavordb	{'url': 'https://cosylab.iiitd.edu.in/flavordb/molecules_json?id=11167'}	id_matching	PUBCHEM_COMPOUND:11167	mustard
mf3254	flavordb	{'url': 'https://cosylab.iiitd.edu.in/flavordb/molecules_json?id=11167'}	id_matching	PUBCHEM_COMPOUND:11167	pungent
mf3255	flavordb	{'url': 'https://cosylab.iiitd.edu.in/flavordb/molecules_json?id=11167'}	id_matching	PUBCHEM_COMPOUND:11167	horseradish
mf3256	flavordb	{'url': 'https://cosylab.iiitd.edu.in/flavordb/molecules_json?id=11167'}	id_matching	PUBCHEM_COMPOUND:11167	horseradish-like odor
mf3257	flavordb	{'url': 'https://cosylab.iiitd.edu.in/flavordb/molecules_json?id=5283316'}	id_matching	PUBCHEM_COMPOUND:5283316	green
mf3258	flavordb	{'url': 'https://cosylab.iiitd.edu.in/flavordb/molecules_json?id=5283316'}	id_matching	PUBCHEM_COMPOUND:5283316	fat
mf3259	flavordb	{'url': 'https://cosylab.iiitd.edu.in/flavordb/molecules_json?id=5283316'}	id_matching	PUBCHEM_COMPOUND:5283316	pungent
mf3260	flavordb	{'url': 'https://cosylab.iiitd.edu.in/flavordb/molecules_json?id=5283316'}	id_matching	PUBCHEM_COMPOUND:5283316	almond
mf3261	flavordb	{'url': 'https://cosylab.iiitd.edu.in/flavordb/molecules_json?id=5283316'}	id_matching	PUBCHEM_COMPOUND:5283316	fresh
mf3262	flavordb	{'url': 'https://cosylab.iiitd.edu.in/flavordb/molecules_json?id=5283316'}	id_matching	PUBCHEM_COMPOUND:5283316	fatty
mf3263	flavordb	{'url': 'https://cosylab.iiitd.edu.in/flavordb/molecules_json?id=5283316'}	id_matching	PUBCHEM_COMPOUND:5283316	soap
mf3264	flavordb	{'url': 'https://cosylab.iiitd.edu.in/flavordb/molecules_json?id=5283316'}	id_matching	PUBCHEM_COMPOUND:5283316	vegetable
mf3265	flavordb	{'url': 'https://cosylab.iiitd.edu.in/flavordb/molecules_json?id=7144'}	id_matching	PUBCHEM_COMPOUND:7144	smoky
mf3266	flavordb	{'url': 'https://cosylab.iiitd.edu.in/flavordb/molecules_json?id=7144'}	id_matching	PUBCHEM_COMPOUND:7144	mesquite
mf3267	flavordb	{'url': 'https://cosylab.iiitd.edu.in/flavordb/molecules_json?id=7144'}	id_matching	PUBCHEM_COMPOUND:7144	carnation
mf3268	flavordb	{'url': 'https://cosylab.iiitd.edu.in/flavordb/molecules_json?id=7144'}	id_matching	PUBCHEM_COMPOUND:7144	bitter
mf3269	flavordb	{'url': 'https://cosylab.iiitd.edu.in/flavordb/molecules_json?id=7144'}	id_matching	PUBCHEM_COMPOUND:7144	medicinal
mf3270	flavordb	{'url': 'https://cosylab.iiitd.edu.in/flavordb/molecules_json?id=7144'}	id_matching	PUBCHEM_COMPOUND:7144	clove
mf3271	flavordb	{'url': 'https://cosylab.iiitd.edu.in/flavordb/molecules_json?id=7144'}	id_matching	PUBCHEM_COMPOUND:7144	bacon
mf3272	flavordb	{'url': 'https://cosylab.iiitd.edu.in/flavordb/molecules_json?id=7144'}	id_matching	PUBCHEM_COMPOUND:7144	vanilla
mf3273	flavordb	{'url': 'https://cosylab.iiitd.edu.in/flavordb/molecules_json?id=7144'}	id_matching	PUBCHEM_COMPOUND:7144	spice
mf3274	flavordb	{'url': 'https://cosylab.iiitd.edu.in/flavordb/molecules_json?id=7144'}	id_matching	PUBCHEM_COMPOUND:7144	phenolic
mf3275	flavordb	{'url': 'https://cosylab.iiitd.edu.in/flavordb/molecules_json?id=7144'}	id_matching	PUBCHEM_COMPOUND:7144	medical
mf3276	flavordb	{'url': 'https://cosylab.iiitd.edu.in/flavordb/molecules_json?id=7144'}	id_matching	PUBCHEM_COMPOUND:7144	leather
mf3277	flavordb	{'url': 'https://cosylab.iiitd.edu.in/flavordb/molecules_json?id=28930'}	id_matching	PUBCHEM_COMPOUND:28930	camphor
mf3278	flavordb	{'url': 'https://cosylab.iiitd.edu.in/flavordb/molecules_json?id=1136'}	id_matching	PUBCHEM_COMPOUND:1136	sulfur
mf3279	flavordb	{'url': 'https://cosylab.iiitd.edu.in/flavordb/molecules_json?id=1136'}	id_matching	PUBCHEM_COMPOUND:1136	fatty
mf3280	flavordb	{'url': 'https://cosylab.iiitd.edu.in/flavordb/molecules_json?id=1136'}	id_matching	PUBCHEM_COMPOUND:1136	cooked beef juice
mf3281	flavordb	{'url': 'https://cosylab.iiitd.edu.in/flavordb/molecules_json?id=14104'}	id_matching	PUBCHEM_COMPOUND:14104	burnt
mf3282	flavordb	{'url': 'https://cosylab.iiitd.edu.in/flavordb/molecules_json?id=14104'}	id_matching	PUBCHEM_COMPOUND:14104	woody
mf3283	flavordb	{'url': 'https://cosylab.iiitd.edu.in/flavordb/molecules_json?id=14104'}	id_matching	PUBCHEM_COMPOUND:14104	smoky
mf3284	flavordb	{'url': 'https://cosylab.iiitd.edu.in/flavordb/molecules_json?id=24473'}	id_matching	PUBCHEM_COMPOUND:24473	powerful
mf3285	flavordb	{'url': 'https://cosylab.iiitd.edu.in/flavordb/molecules_json?id=24473'}	id_matching	PUBCHEM_COMPOUND:24473	herbal
mf3286	flavordb	{'url': 'https://cosylab.iiitd.edu.in/flavordb/molecules_json?id=24473'}	id_matching	PUBCHEM_COMPOUND:24473	minty
mf3287	flavordb	{'url': 'https://cosylab.iiitd.edu.in/flavordb/molecules_json?id=24473'}	id_matching	PUBCHEM_COMPOUND:24473	spearmint
mf3288	flavordb	{'url': 'https://cosylab.iiitd.edu.in/flavordb/molecules_json?id=24473'}	id_matching	PUBCHEM_COMPOUND:24473	warm
mf3289	flavordb	{'url': 'https://cosylab.iiitd.edu.in/flavordb/molecules_json?id=440950'}	id_matching	PUBCHEM_COMPOUND:440950	sweet
mf3290	flavordb	{'url': 'https://cosylab.iiitd.edu.in/flavordb/molecules_json?id=5280544'}	id_matching	PUBCHEM_COMPOUND:5280544	bitter
mf3291	flavordb	{'url': 'https://cosylab.iiitd.edu.in/flavordb/molecules_json?id=7824'}	id_matching	PUBCHEM_COMPOUND:7824	sweet
mf3292	flavordb	{'url': 'https://cosylab.iiitd.edu.in/flavordb/molecules_json?id=7824'}	id_matching	PUBCHEM_COMPOUND:7824	pineapple
mf3293	flavordb	{'url': 'https://cosylab.iiitd.edu.in/flavordb/molecules_json?id=7824'}	id_matching	PUBCHEM_COMPOUND:7824	fruity
mf3294	flavordb	{'url': 'https://cosylab.iiitd.edu.in/flavordb/molecules_json?id=7824'}	id_matching	PUBCHEM_COMPOUND:7824	ether
mf3295	flavordb	{'url': 'https://cosylab.iiitd.edu.in/flavordb/molecules_json?id=7824'}	id_matching	PUBCHEM_COMPOUND:7824	fresh
mf3296	flavordb	{'url': 'https://cosylab.iiitd.edu.in/flavordb/molecules_json?id=7824'}	id_matching	PUBCHEM_COMPOUND:7824	fruit
mf3297	flavordb	{'url': 'https://cosylab.iiitd.edu.in/flavordb/molecules_json?id=638278'}	id_matching	PUBCHEM_COMPOUND:638278	bitter
mf3298	flavordb	{'url': 'https://cosylab.iiitd.edu.in/flavordb/molecules_json?id=7469'}	id_matching	PUBCHEM_COMPOUND:7469	balsam
mf3299	flavordb	{'url': 'https://cosylab.iiitd.edu.in/flavordb/molecules_json?id=7469'}	id_matching	PUBCHEM_COMPOUND:7469	hawthorn
mf3300	flavordb	{'url': 'https://cosylab.iiitd.edu.in/flavordb/molecules_json?id=7469'}	id_matching	PUBCHEM_COMPOUND:7469	sweet
mf3301	flavordb	{'url': 'https://cosylab.iiitd.edu.in/flavordb/molecules_json?id=7469'}	id_matching	PUBCHEM_COMPOUND:7469	mimosa
mf3302	flavordb	{'url': 'https://cosylab.iiitd.edu.in/flavordb/molecules_json?id=7469'}	id_matching	PUBCHEM_COMPOUND:7469	mild
mf3303	flavordb	{'url': 'https://cosylab.iiitd.edu.in/flavordb/molecules_json?id=7795'}	id_matching	PUBCHEM_COMPOUND:7795	green
mf3304	flavordb	{'url': 'https://cosylab.iiitd.edu.in/flavordb/molecules_json?id=7795'}	id_matching	PUBCHEM_COMPOUND:7795	apricot
mf3305	flavordb	{'url': 'https://cosylab.iiitd.edu.in/flavordb/molecules_json?id=7795'}	id_matching	PUBCHEM_COMPOUND:7795	fruity
mf3306	flavordb	{'url': 'https://cosylab.iiitd.edu.in/flavordb/molecules_json?id=7795'}	id_matching	PUBCHEM_COMPOUND:7795	papaya
mf3307	flavordb	{'url': 'https://cosylab.iiitd.edu.in/flavordb/molecules_json?id=7795'}	id_matching	PUBCHEM_COMPOUND:7795	whiskey
mf3308	flavordb	{'url': 'https://cosylab.iiitd.edu.in/flavordb/molecules_json?id=7795'}	id_matching	PUBCHEM_COMPOUND:7795	melon
mf3309	flavordb	{'url': 'https://cosylab.iiitd.edu.in/flavordb/molecules_json?id=7795'}	id_matching	PUBCHEM_COMPOUND:7795	hop_oil
mf3310	flavordb	{'url': 'https://cosylab.iiitd.edu.in/flavordb/molecules_json?id=7795'}	id_matching	PUBCHEM_COMPOUND:7795	pear
mf3311	flavordb	{'url': 'https://cosylab.iiitd.edu.in/flavordb/molecules_json?id=7795'}	id_matching	PUBCHEM_COMPOUND:7795	banana
mf3312	flavordb	{'url': 'https://cosylab.iiitd.edu.in/flavordb/molecules_json?id=7795'}	id_matching	PUBCHEM_COMPOUND:7795	tropica
mf3313	flavordb	{'url': 'https://cosylab.iiitd.edu.in/flavordb/molecules_json?id=11467'}	id_matching	PUBCHEM_COMPOUND:11467	terpineol
mf3314	flavordb	{'url': 'https://cosylab.iiitd.edu.in/flavordb/molecules_json?id=11467'}	id_matching	PUBCHEM_COMPOUND:11467	lilac
mf3315	flavordb	{'url': 'https://cosylab.iiitd.edu.in/flavordb/molecules_json?id=5143'}	id_matching	PUBCHEM_COMPOUND:5143	sweet
mf3316	flavordb	{'url': 'https://cosylab.iiitd.edu.in/flavordb/molecules_json?id=5143'}	id_matching	PUBCHEM_COMPOUND:5143	odorless or has faint aromatic odor.
mf3317	flavordb	{'url': 'https://cosylab.iiitd.edu.in/flavordb/molecules_json?id=5143'}	id_matching	PUBCHEM_COMPOUND:5143	in dilute aqueous solution it is 500 times as sweet as sugar
mf3318	flavordb	{'url': 'https://cosylab.iiitd.edu.in/flavordb/molecules_json?id=5143'}	id_matching	PUBCHEM_COMPOUND:5143	bitter
mf3319	flavordb	{'url': 'https://cosylab.iiitd.edu.in/flavordb/molecules_json?id=5143'}	id_matching	PUBCHEM_COMPOUND:5143	bitter, metallic aftertaste
mf3320	flavordb	{'url': 'https://cosylab.iiitd.edu.in/flavordb/molecules_json?id=5143'}	id_matching	PUBCHEM_COMPOUND:5143	sweet taste detectable in 1:100,000 dilution.
mf3321	flavordb	{'url': 'https://cosylab.iiitd.edu.in/flavordb/molecules_json?id=5143'}	id_matching	PUBCHEM_COMPOUND:5143	odorless
mf3322	flavordb	{'url': 'https://cosylab.iiitd.edu.in/flavordb/molecules_json?id=439263'}	id_matching	PUBCHEM_COMPOUND:439263	mentholic
mf3323	flavordb	{'url': 'https://cosylab.iiitd.edu.in/flavordb/molecules_json?id=439263'}	id_matching	PUBCHEM_COMPOUND:439263	sweet
mf3324	flavordb	{'url': 'https://cosylab.iiitd.edu.in/flavordb/molecules_json?id=439263'}	id_matching	PUBCHEM_COMPOUND:439263	cooling odor /89-78-1/
mf3325	flavordb	{'url': 'https://cosylab.iiitd.edu.in/flavordb/molecules_json?id=439263'}	id_matching	PUBCHEM_COMPOUND:439263	peppermint taste /dl-menthol/
mf3326	flavordb	{'url': 'https://cosylab.iiitd.edu.in/flavordb/molecules_json?id=439263'}	id_matching	PUBCHEM_COMPOUND:439263	cooling taste /dl-menthol/
mf3327	flavordb	{'url': 'https://cosylab.iiitd.edu.in/flavordb/molecules_json?id=439263'}	id_matching	PUBCHEM_COMPOUND:439263	minty
mf3328	flavordb	{'url': 'https://cosylab.iiitd.edu.in/flavordb/molecules_json?id=439263'}	id_matching	PUBCHEM_COMPOUND:439263	camphoraceous
mf3329	flavordb	{'url': 'https://cosylab.iiitd.edu.in/flavordb/molecules_json?id=439263'}	id_matching	PUBCHEM_COMPOUND:439263	peppermint odor /dl-menthol/
mf3330	flavordb	{'url': 'https://cosylab.iiitd.edu.in/flavordb/molecules_json?id=61126'}	id_matching	PUBCHEM_COMPOUND:61126	pine
mf3331	flavordb	{'url': 'https://cosylab.iiitd.edu.in/flavordb/molecules_json?id=61126'}	id_matching	PUBCHEM_COMPOUND:61126	ozone
mf3332	flavordb	{'url': 'https://cosylab.iiitd.edu.in/flavordb/molecules_json?id=61126'}	id_matching	PUBCHEM_COMPOUND:61126	fresh
mf3333	flavordb	{'url': 'https://cosylab.iiitd.edu.in/flavordb/molecules_json?id=102667'}	id_matching	PUBCHEM_COMPOUND:102667	balsam
mf3334	flavordb	{'url': 'https://cosylab.iiitd.edu.in/flavordb/molecules_json?id=102667'}	id_matching	PUBCHEM_COMPOUND:102667	pine
mf3335	flavordb	{'url': 'https://cosylab.iiitd.edu.in/flavordb/molecules_json?id=102667'}	id_matching	PUBCHEM_COMPOUND:102667	woody
mf3336	flavordb	{'url': 'https://cosylab.iiitd.edu.in/flavordb/molecules_json?id=102667'}	id_matching	PUBCHEM_COMPOUND:102667	herbal
mf3337	flavordb	{'url': 'https://cosylab.iiitd.edu.in/flavordb/molecules_json?id=102667'}	id_matching	PUBCHEM_COMPOUND:102667	camphor
mf3338	flavordb	{'url': 'https://cosylab.iiitd.edu.in/flavordb/molecules_json?id=5319116'}	id_matching	PUBCHEM_COMPOUND:5319116	sweet-like
mf3339	flavordb	{'url': 'https://cosylab.iiitd.edu.in/flavordb/molecules_json?id=89316'}	id_matching	PUBCHEM_COMPOUND:89316	wood
mf3340	flavordb	{'url': 'https://cosylab.iiitd.edu.in/flavordb/molecules_json?id=89316'}	id_matching	PUBCHEM_COMPOUND:89316	woody
mf3341	flavordb	{'url': 'https://cosylab.iiitd.edu.in/flavordb/molecules_json?id=7247'}	id_matching	PUBCHEM_COMPOUND:7247	plastic
mf3342	flavordb	{'url': 'https://cosylab.iiitd.edu.in/flavordb/molecules_json?id=7247'}	id_matching	PUBCHEM_COMPOUND:7247	distinctive, aromatic odor
mf3343	flavordb	{'url': 'https://cosylab.iiitd.edu.in/flavordb/molecules_json?id=94154'}	id_matching	PUBCHEM_COMPOUND:94154	sweet
mf3344	flavordb	{'url': 'https://cosylab.iiitd.edu.in/flavordb/molecules_json?id=12405'}	id_matching	PUBCHEM_COMPOUND:12405	odorless
mf3345	flavordb	{'url': 'https://cosylab.iiitd.edu.in/flavordb/molecules_json?id=12405'}	id_matching	PUBCHEM_COMPOUND:12405	alkane
mf3346	flavordb	{'url': 'https://cosylab.iiitd.edu.in/flavordb/molecules_json?id=12405'}	id_matching	PUBCHEM_COMPOUND:12405	waxy
mf3347	flavordb	{'url': 'https://cosylab.iiitd.edu.in/flavordb/molecules_json?id=8222'}	id_matching	PUBCHEM_COMPOUND:8222	odorless
mf3348	flavordb	{'url': 'https://cosylab.iiitd.edu.in/flavordb/molecules_json?id=8222'}	id_matching	PUBCHEM_COMPOUND:8222	alkane
mf3349	flavordb	{'url': 'https://cosylab.iiitd.edu.in/flavordb/molecules_json?id=8222'}	id_matching	PUBCHEM_COMPOUND:8222	waxy
mf3350	flavordb	{'url': 'https://cosylab.iiitd.edu.in/flavordb/molecules_json?id=330573'}	id_matching	PUBCHEM_COMPOUND:330573	caraway
mf3351	flavordb	{'url': 'https://cosylab.iiitd.edu.in/flavordb/molecules_json?id=330573'}	id_matching	PUBCHEM_COMPOUND:330573	spearmint
mf3352	flavordb	{'url': 'https://cosylab.iiitd.edu.in/flavordb/molecules_json?id=5018391'}	id_matching	PUBCHEM_COMPOUND:5018391	herbal
mf3353	flavordb	{'url': 'https://cosylab.iiitd.edu.in/flavordb/molecules_json?id=5319765'}	id_matching	PUBCHEM_COMPOUND:5319765	green
mf3354	flavordb	{'url': 'https://cosylab.iiitd.edu.in/flavordb/molecules_json?id=5319765'}	id_matching	PUBCHEM_COMPOUND:5319765	onion
mf3355	flavordb	{'url': 'https://cosylab.iiitd.edu.in/flavordb/molecules_json?id=5319765'}	id_matching	PUBCHEM_COMPOUND:5319765	garlic
mf3356	flavordb	{'url': 'https://cosylab.iiitd.edu.in/flavordb/molecules_json?id=5319765'}	id_matching	PUBCHEM_COMPOUND:5319765	sulfurous
mf3357	flavordb	{'url': 'https://cosylab.iiitd.edu.in/flavordb/molecules_json?id=5319765'}	id_matching	PUBCHEM_COMPOUND:5319765	metallic
mf3358	flavordb	{'url': 'https://cosylab.iiitd.edu.in/flavordb/molecules_json?id=442435'}	id_matching	PUBCHEM_COMPOUND:442435	bitter
mf3359	flavordb	{'url': 'https://cosylab.iiitd.edu.in/flavordb/molecules_json?id=65080'}	id_matching	PUBCHEM_COMPOUND:65080	bitter
mf3360	flavordb	{'url': 'https://cosylab.iiitd.edu.in/flavordb/molecules_json?id=1712087'}	id_matching	PUBCHEM_COMPOUND:1712087	floral
mf3361	flavordb	{'url': 'https://cosylab.iiitd.edu.in/flavordb/molecules_json?id=1712087'}	id_matching	PUBCHEM_COMPOUND:1712087	green
mf3362	flavordb	{'url': 'https://cosylab.iiitd.edu.in/flavordb/molecules_json?id=1712087'}	id_matching	PUBCHEM_COMPOUND:1712087	sweet
mf3363	flavordb	{'url': 'https://cosylab.iiitd.edu.in/flavordb/molecules_json?id=1712087'}	id_matching	PUBCHEM_COMPOUND:1712087	rose
mf3364	flavordb	{'url': 'https://cosylab.iiitd.edu.in/flavordb/molecules_json?id=1712087'}	id_matching	PUBCHEM_COMPOUND:1712087	powdery
mf3365	flavordb	{'url': 'https://cosylab.iiitd.edu.in/flavordb/molecules_json?id=1712087'}	id_matching	PUBCHEM_COMPOUND:1712087	geranium
mf3366	flavordb	{'url': 'https://cosylab.iiitd.edu.in/flavordb/molecules_json?id=1712087'}	id_matching	PUBCHEM_COMPOUND:1712087	cortex
mf3367	flavordb	{'url': 'https://cosylab.iiitd.edu.in/flavordb/molecules_json?id=1712087'}	id_matching	PUBCHEM_COMPOUND:1712087	metallic
mf3368	flavordb	{'url': 'https://cosylab.iiitd.edu.in/flavordb/molecules_json?id=170833'}	id_matching	PUBCHEM_COMPOUND:170833	woody
mf3369	flavordb	{'url': 'https://cosylab.iiitd.edu.in/flavordb/molecules_json?id=170833'}	id_matching	PUBCHEM_COMPOUND:170833	medicinal
mf3370	flavordb	{'url': 'https://cosylab.iiitd.edu.in/flavordb/molecules_json?id=170833'}	id_matching	PUBCHEM_COMPOUND:170833	minty
mf3371	flavordb	{'url': 'https://cosylab.iiitd.edu.in/flavordb/molecules_json?id=170833'}	id_matching	PUBCHEM_COMPOUND:170833	cooling
mf3372	flavordb	{'url': 'https://cosylab.iiitd.edu.in/flavordb/molecules_json?id=5273469'}	id_matching	PUBCHEM_COMPOUND:5273469	sweet odor of balsam
mf3373	flavordb	{'url': 'https://cosylab.iiitd.edu.in/flavordb/molecules_json?id=5273469'}	id_matching	PUBCHEM_COMPOUND:5273469	honey-like taste
mf3374	flavordb	{'url': 'https://cosylab.iiitd.edu.in/flavordb/molecules_json?id=5364752'}	id_matching	PUBCHEM_COMPOUND:5364752	green
mf3375	flavordb	{'url': 'https://cosylab.iiitd.edu.in/flavordb/molecules_json?id=5364752'}	id_matching	PUBCHEM_COMPOUND:5364752	fruity
mf3376	flavordb	{'url': 'https://cosylab.iiitd.edu.in/flavordb/molecules_json?id=5364752'}	id_matching	PUBCHEM_COMPOUND:5364752	orange
mf3377	flavordb	{'url': 'https://cosylab.iiitd.edu.in/flavordb/molecules_json?id=5364752'}	id_matching	PUBCHEM_COMPOUND:5364752	pungent
mf3378	flavordb	{'url': 'https://cosylab.iiitd.edu.in/flavordb/molecules_json?id=5364752'}	id_matching	PUBCHEM_COMPOUND:5364752	tomato
mf3379	flavordb	{'url': 'https://cosylab.iiitd.edu.in/flavordb/molecules_json?id=5364752'}	id_matching	PUBCHEM_COMPOUND:5364752	strawberry
mf3380	flavordb	{'url': 'https://cosylab.iiitd.edu.in/flavordb/molecules_json?id=5364752'}	id_matching	PUBCHEM_COMPOUND:5364752	apple
mf3381	flavordb	{'url': 'https://cosylab.iiitd.edu.in/flavordb/molecules_json?id=5364752'}	id_matching	PUBCHEM_COMPOUND:5364752	fruit
mf3382	flavordb	{'url': 'https://cosylab.iiitd.edu.in/flavordb/molecules_json?id=2719'}	id_matching	PUBCHEM_COMPOUND:2719	bitter
mf3383	flavordb	{'url': 'https://cosylab.iiitd.edu.in/flavordb/molecules_json?id=2719'}	id_matching	PUBCHEM_COMPOUND:2719	odorless
mf3384	flavordb	{'url': 'https://cosylab.iiitd.edu.in/flavordb/molecules_json?id=2719'}	id_matching	PUBCHEM_COMPOUND:2719	bitter taste
mf3385	flavordb	{'url': 'https://cosylab.iiitd.edu.in/flavordb/molecules_json?id=8768'}	id_matching	PUBCHEM_COMPOUND:8768	bitter
mf3386	flavordb	{'url': 'https://cosylab.iiitd.edu.in/flavordb/molecules_json?id=8768'}	id_matching	PUBCHEM_COMPOUND:8768	dry
mf3387	flavordb	{'url': 'https://cosylab.iiitd.edu.in/flavordb/molecules_json?id=8768'}	id_matching	PUBCHEM_COMPOUND:8768	almond
mf3388	flavordb	{'url': 'https://cosylab.iiitd.edu.in/flavordb/molecules_json?id=8768'}	id_matching	PUBCHEM_COMPOUND:8768	medical
mf3389	flavordb	{'url': 'https://cosylab.iiitd.edu.in/flavordb/molecules_json?id=62385'}	id_matching	PUBCHEM_COMPOUND:62385	pine
mf3390	flavordb	{'url': 'https://cosylab.iiitd.edu.in/flavordb/molecules_json?id=62385'}	id_matching	PUBCHEM_COMPOUND:62385	citrus
mf3391	flavordb	{'url': 'https://cosylab.iiitd.edu.in/flavordb/molecules_json?id=62385'}	id_matching	PUBCHEM_COMPOUND:62385	gasoline
mf3392	flavordb	{'url': 'https://cosylab.iiitd.edu.in/flavordb/molecules_json?id=62385'}	id_matching	PUBCHEM_COMPOUND:62385	clove
mf3393	flavordb	{'url': 'https://cosylab.iiitd.edu.in/flavordb/molecules_json?id=62385'}	id_matching	PUBCHEM_COMPOUND:62385	styrene
mf3394	flavordb	{'url': 'https://cosylab.iiitd.edu.in/flavordb/molecules_json?id=62385'}	id_matching	PUBCHEM_COMPOUND:62385	phenolic
mf3395	flavordb	{'url': 'https://cosylab.iiitd.edu.in/flavordb/molecules_json?id=62385'}	id_matching	PUBCHEM_COMPOUND:62385	spicy
mf3396	flavordb	{'url': 'https://cosylab.iiitd.edu.in/flavordb/molecules_json?id=62385'}	id_matching	PUBCHEM_COMPOUND:62385	guaiacol
mf3397	flavordb	{'url': 'https://cosylab.iiitd.edu.in/flavordb/molecules_json?id=8091'}	id_matching	PUBCHEM_COMPOUND:8091	green
mf3398	flavordb	{'url': 'https://cosylab.iiitd.edu.in/flavordb/molecules_json?id=8091'}	id_matching	PUBCHEM_COMPOUND:8091	sweet
mf3399	flavordb	{'url': 'https://cosylab.iiitd.edu.in/flavordb/molecules_json?id=8091'}	id_matching	PUBCHEM_COMPOUND:8091	waxy
mf3400	flavordb	{'url': 'https://cosylab.iiitd.edu.in/flavordb/molecules_json?id=8091'}	id_matching	PUBCHEM_COMPOUND:8091	orange
mf3401	flavordb	{'url': 'https://cosylab.iiitd.edu.in/flavordb/molecules_json?id=8091'}	id_matching	PUBCHEM_COMPOUND:8091	oily, somewhat orange taste
mf3402	flavordb	{'url': 'https://cosylab.iiitd.edu.in/flavordb/molecules_json?id=8091'}	id_matching	PUBCHEM_COMPOUND:8091	herbal
mf3403	flavordb	{'url': 'https://cosylab.iiitd.edu.in/flavordb/molecules_json?id=8091'}	id_matching	PUBCHEM_COMPOUND:8091	aldehydic
mf3404	flavordb	{'url': 'https://cosylab.iiitd.edu.in/flavordb/molecules_json?id=8091'}	id_matching	PUBCHEM_COMPOUND:8091	powerful, winey, fruity, and orange-like odor
mf3405	flavordb	{'url': 'https://cosylab.iiitd.edu.in/flavordb/molecules_json?id=8091'}	id_matching	PUBCHEM_COMPOUND:8091	vegetable
mf3406	flavordb	{'url': 'https://cosylab.iiitd.edu.in/flavordb/molecules_json?id=8050'}	id_matching	PUBCHEM_COMPOUND:8050	floral
mf3407	flavordb	{'url': 'https://cosylab.iiitd.edu.in/flavordb/molecules_json?id=8050'}	id_matching	PUBCHEM_COMPOUND:8050	fruity
mf3408	flavordb	{'url': 'https://cosylab.iiitd.edu.in/flavordb/molecules_json?id=8050'}	id_matching	PUBCHEM_COMPOUND:8050	wine
mf3409	flavordb	{'url': 'https://cosylab.iiitd.edu.in/flavordb/molecules_json?id=8050'}	id_matching	PUBCHEM_COMPOUND:8050	oily
mf3410	flavordb	{'url': 'https://cosylab.iiitd.edu.in/flavordb/molecules_json?id=3033'}	id_matching	PUBCHEM_COMPOUND:3033	bitter
mf3411	flavordb	{'url': 'https://cosylab.iiitd.edu.in/flavordb/molecules_json?id=178116'}	id_matching	PUBCHEM_COMPOUND:178116	sweet-like
mf3412	flavordb	{'url': 'https://cosylab.iiitd.edu.in/flavordb/molecules_json?id=18064'}	id_matching	PUBCHEM_COMPOUND:18064	sulfurous
mf3413	flavordb	{'url': 'https://cosylab.iiitd.edu.in/flavordb/molecules_json?id=18064'}	id_matching	PUBCHEM_COMPOUND:18064	pungent
mf3414	flavordb	{'url': 'https://cosylab.iiitd.edu.in/flavordb/molecules_json?id=18064'}	id_matching	PUBCHEM_COMPOUND:18064	roasted
mf3415	flavordb	{'url': 'https://cosylab.iiitd.edu.in/flavordb/molecules_json?id=4189'}	id_matching	PUBCHEM_COMPOUND:4189	bitter
mf3416	flavordb	{'url': 'https://cosylab.iiitd.edu.in/flavordb/molecules_json?id=440140'}	id_matching	PUBCHEM_COMPOUND:440140	sweet
mf3417	flavordb	{'url': 'https://cosylab.iiitd.edu.in/flavordb/molecules_json?id=5273568'}	id_matching	PUBCHEM_COMPOUND:5273568	bitter
mf3418	flavordb	{'url': 'https://cosylab.iiitd.edu.in/flavordb/molecules_json?id=30231'}	id_matching	PUBCHEM_COMPOUND:30231	sweet
mf3419	flavordb	{'url': 'https://cosylab.iiitd.edu.in/flavordb/molecules_json?id=3036743'}	id_matching	PUBCHEM_COMPOUND:3036743	sweet
mf3420	flavordb	{'url': 'https://cosylab.iiitd.edu.in/flavordb/molecules_json?id=10976'}	id_matching	PUBCHEM_COMPOUND:10976	floral
mf3421	flavordb	{'url': 'https://cosylab.iiitd.edu.in/flavordb/molecules_json?id=10976'}	id_matching	PUBCHEM_COMPOUND:10976	green
mf3422	flavordb	{'url': 'https://cosylab.iiitd.edu.in/flavordb/molecules_json?id=10976'}	id_matching	PUBCHEM_COMPOUND:10976	sweet
mf3423	flavordb	{'url': 'https://cosylab.iiitd.edu.in/flavordb/molecules_json?id=10976'}	id_matching	PUBCHEM_COMPOUND:10976	fruity
mf3424	flavordb	{'url': 'https://cosylab.iiitd.edu.in/flavordb/molecules_json?id=10976'}	id_matching	PUBCHEM_COMPOUND:10976	mushroom
mf3425	flavordb	{'url': 'https://cosylab.iiitd.edu.in/flavordb/molecules_json?id=10976'}	id_matching	PUBCHEM_COMPOUND:10976	bitter
mf3426	flavordb	{'url': 'https://cosylab.iiitd.edu.in/flavordb/molecules_json?id=10976'}	id_matching	PUBCHEM_COMPOUND:10976	lemon
mf3427	flavordb	{'url': 'https://cosylab.iiitd.edu.in/flavordb/molecules_json?id=10976'}	id_matching	PUBCHEM_COMPOUND:10976	herbal
mf3428	flavordb	{'url': 'https://cosylab.iiitd.edu.in/flavordb/molecules_json?id=10976'}	id_matching	PUBCHEM_COMPOUND:10976	fresh
mf3429	flavordb	{'url': 'https://cosylab.iiitd.edu.in/flavordb/molecules_json?id=10976'}	id_matching	PUBCHEM_COMPOUND:10976	grass
mf3430	flavordb	{'url': 'https://cosylab.iiitd.edu.in/flavordb/molecules_json?id=6473881'}	id_matching	PUBCHEM_COMPOUND:6473881	bitter
mf3431	flavordb	{'url': 'https://cosylab.iiitd.edu.in/flavordb/molecules_json?id=62835'}	id_matching	PUBCHEM_COMPOUND:62835	smoky
mf3432	flavordb	{'url': 'https://cosylab.iiitd.edu.in/flavordb/molecules_json?id=62835'}	id_matching	PUBCHEM_COMPOUND:62835	coffee
mf3433	flavordb	{'url': 'https://cosylab.iiitd.edu.in/flavordb/molecules_json?id=62835'}	id_matching	PUBCHEM_COMPOUND:62835	maple
mf3434	flavordb	{'url': 'https://cosylab.iiitd.edu.in/flavordb/molecules_json?id=62835'}	id_matching	PUBCHEM_COMPOUND:62835	fennel
mf3435	flavordb	{'url': 'https://cosylab.iiitd.edu.in/flavordb/molecules_json?id=62835'}	id_matching	PUBCHEM_COMPOUND:62835	celery
mf3436	flavordb	{'url': 'https://cosylab.iiitd.edu.in/flavordb/molecules_json?id=62835'}	id_matching	PUBCHEM_COMPOUND:62835	spice
mf3437	flavordb	{'url': 'https://cosylab.iiitd.edu.in/flavordb/molecules_json?id=62835'}	id_matching	PUBCHEM_COMPOUND:62835	extremely sweet
mf3438	flavordb	{'url': 'https://cosylab.iiitd.edu.in/flavordb/molecules_json?id=62835'}	id_matching	PUBCHEM_COMPOUND:62835	strong
mf3439	flavordb	{'url': 'https://cosylab.iiitd.edu.in/flavordb/molecules_json?id=62835'}	id_matching	PUBCHEM_COMPOUND:62835	caramel
mf3440	flavordb	{'url': 'https://cosylab.iiitd.edu.in/flavordb/molecules_json?id=62835'}	id_matching	PUBCHEM_COMPOUND:62835	seedy
mf3441	flavordb	{'url': 'https://cosylab.iiitd.edu.in/flavordb/molecules_json?id=62835'}	id_matching	PUBCHEM_COMPOUND:62835	tobacco
mf3442	flavordb	{'url': 'https://cosylab.iiitd.edu.in/flavordb/molecules_json?id=62835'}	id_matching	PUBCHEM_COMPOUND:62835	sugar
mf3443	flavordb	{'url': 'https://cosylab.iiitd.edu.in/flavordb/molecules_json?id=62835'}	id_matching	PUBCHEM_COMPOUND:62835	cotton candy
mf3444	flavordb	{'url': 'https://cosylab.iiitd.edu.in/flavordb/molecules_json?id=62835'}	id_matching	PUBCHEM_COMPOUND:62835	burnt
mf3445	flavordb	{'url': 'https://cosylab.iiitd.edu.in/flavordb/molecules_json?id=7937'}	id_matching	PUBCHEM_COMPOUND:7937	woody
mf3446	flavordb	{'url': 'https://cosylab.iiitd.edu.in/flavordb/molecules_json?id=7937'}	id_matching	PUBCHEM_COMPOUND:7937	amine
mf3447	flavordb	{'url': 'https://cosylab.iiitd.edu.in/flavordb/molecules_json?id=7937'}	id_matching	PUBCHEM_COMPOUND:7937	cocoa
mf3448	flavordb	{'url': 'https://cosylab.iiitd.edu.in/flavordb/molecules_json?id=7937'}	id_matching	PUBCHEM_COMPOUND:7937	bready
mf3449	flavordb	{'url': 'https://cosylab.iiitd.edu.in/flavordb/molecules_json?id=7937'}	id_matching	PUBCHEM_COMPOUND:7937	odor of pyridine plus peppermint
mf3450	flavordb	{'url': 'https://cosylab.iiitd.edu.in/flavordb/molecules_json?id=7937'}	id_matching	PUBCHEM_COMPOUND:7937	oily
mf3451	flavordb	{'url': 'https://cosylab.iiitd.edu.in/flavordb/molecules_json?id=7937'}	id_matching	PUBCHEM_COMPOUND:7937	nutty
mf3452	flavordb	{'url': 'https://cosylab.iiitd.edu.in/flavordb/molecules_json?id=332'}	id_matching	PUBCHEM_COMPOUND:332	peanut
mf3453	flavordb	{'url': 'https://cosylab.iiitd.edu.in/flavordb/molecules_json?id=332'}	id_matching	PUBCHEM_COMPOUND:332	smoky
mf3454	flavordb	{'url': 'https://cosylab.iiitd.edu.in/flavordb/molecules_json?id=332'}	id_matching	PUBCHEM_COMPOUND:332	clove
mf3455	flavordb	{'url': 'https://cosylab.iiitd.edu.in/flavordb/molecules_json?id=332'}	id_matching	PUBCHEM_COMPOUND:332	curry
mf3456	flavordb	{'url': 'https://cosylab.iiitd.edu.in/flavordb/molecules_json?id=332'}	id_matching	PUBCHEM_COMPOUND:332	spicy
mf3457	flavordb	{'url': 'https://cosylab.iiitd.edu.in/flavordb/molecules_json?id=11527'}	id_matching	PUBCHEM_COMPOUND:11527	woody
mf3458	flavordb	{'url': 'https://cosylab.iiitd.edu.in/flavordb/molecules_json?id=11527'}	id_matching	PUBCHEM_COMPOUND:11527	mushroom
mf3459	flavordb	{'url': 'https://cosylab.iiitd.edu.in/flavordb/molecules_json?id=11527'}	id_matching	PUBCHEM_COMPOUND:11527	citrus
mf3460	flavordb	{'url': 'https://cosylab.iiitd.edu.in/flavordb/molecules_json?id=11527'}	id_matching	PUBCHEM_COMPOUND:11527	melon
mf3461	flavordb	{'url': 'https://cosylab.iiitd.edu.in/flavordb/molecules_json?id=11527'}	id_matching	PUBCHEM_COMPOUND:11527	herbal
mf3462	flavordb	{'url': 'https://cosylab.iiitd.edu.in/flavordb/molecules_json?id=11527'}	id_matching	PUBCHEM_COMPOUND:11527	nut
mf3463	flavordb	{'url': 'https://cosylab.iiitd.edu.in/flavordb/molecules_json?id=11527'}	id_matching	PUBCHEM_COMPOUND:11527	minty
mf3464	flavordb	{'url': 'https://cosylab.iiitd.edu.in/flavordb/molecules_json?id=11527'}	id_matching	PUBCHEM_COMPOUND:11527	earthy
mf3465	flavordb	{'url': 'https://cosylab.iiitd.edu.in/flavordb/molecules_json?id=11527'}	id_matching	PUBCHEM_COMPOUND:11527	spicy
mf3466	flavordb	{'url': 'https://cosylab.iiitd.edu.in/flavordb/molecules_json?id=11527'}	id_matching	PUBCHEM_COMPOUND:11527	moss
mf3467	flavordb	{'url': 'https://cosylab.iiitd.edu.in/flavordb/molecules_json?id=7165'}	id_matching	PUBCHEM_COMPOUND:7165	bitter
mf3468	flavordb	{'url': 'https://cosylab.iiitd.edu.in/flavordb/molecules_json?id=7165'}	id_matching	PUBCHEM_COMPOUND:7165	wintergreen
mf3469	flavordb	{'url': 'https://cosylab.iiitd.edu.in/flavordb/molecules_json?id=7165'}	id_matching	PUBCHEM_COMPOUND:7165	anise
mf3470	flavordb	{'url': 'https://cosylab.iiitd.edu.in/flavordb/molecules_json?id=7165'}	id_matching	PUBCHEM_COMPOUND:7165	minty
mf3471	flavordb	{'url': 'https://cosylab.iiitd.edu.in/flavordb/molecules_json?id=7165'}	id_matching	PUBCHEM_COMPOUND:7165	raspberry
mf3472	flavordb	{'url': 'https://cosylab.iiitd.edu.in/flavordb/molecules_json?id=7165'}	id_matching	PUBCHEM_COMPOUND:7165	fruity
mf3473	flavordb	{'url': 'https://cosylab.iiitd.edu.in/flavordb/molecules_json?id=7165'}	id_matching	PUBCHEM_COMPOUND:7165	dry
mf3474	flavordb	{'url': 'https://cosylab.iiitd.edu.in/flavordb/molecules_json?id=7165'}	id_matching	PUBCHEM_COMPOUND:7165	strawberry
mf3475	flavordb	{'url': 'https://cosylab.iiitd.edu.in/flavordb/molecules_json?id=7165'}	id_matching	PUBCHEM_COMPOUND:7165	cranberry
mf3476	flavordb	{'url': 'https://cosylab.iiitd.edu.in/flavordb/molecules_json?id=7165'}	id_matching	PUBCHEM_COMPOUND:7165	flower
mf3477	flavordb	{'url': 'https://cosylab.iiitd.edu.in/flavordb/molecules_json?id=7165'}	id_matching	PUBCHEM_COMPOUND:7165	fruit
mf3478	flavordb	{'url': 'https://cosylab.iiitd.edu.in/flavordb/molecules_json?id=7165'}	id_matching	PUBCHEM_COMPOUND:7165	grape
mf3479	flavordb	{'url': 'https://cosylab.iiitd.edu.in/flavordb/molecules_json?id=7165'}	id_matching	PUBCHEM_COMPOUND:7165	celery
mf3480	flavordb	{'url': 'https://cosylab.iiitd.edu.in/flavordb/molecules_json?id=7165'}	id_matching	PUBCHEM_COMPOUND:7165	berry
mf3481	flavordb	{'url': 'https://cosylab.iiitd.edu.in/flavordb/molecules_json?id=7165'}	id_matching	PUBCHEM_COMPOUND:7165	musty
mf3482	flavordb	{'url': 'https://cosylab.iiitd.edu.in/flavordb/molecules_json?id=7165'}	id_matching	PUBCHEM_COMPOUND:7165	banana
mf3483	flavordb	{'url': 'https://cosylab.iiitd.edu.in/flavordb/molecules_json?id=7165'}	id_matching	PUBCHEM_COMPOUND:7165	cherry
mf3484	flavordb	{'url': 'https://cosylab.iiitd.edu.in/flavordb/molecules_json?id=7165'}	id_matching	PUBCHEM_COMPOUND:7165	balsam
mf3485	flavordb	{'url': 'https://cosylab.iiitd.edu.in/flavordb/molecules_json?id=7165'}	id_matching	PUBCHEM_COMPOUND:7165	sweet
mf3486	flavordb	{'url': 'https://cosylab.iiitd.edu.in/flavordb/molecules_json?id=7165'}	id_matching	PUBCHEM_COMPOUND:7165	plum
mf3487	flavordb	{'url': 'https://cosylab.iiitd.edu.in/flavordb/molecules_json?id=7165'}	id_matching	PUBCHEM_COMPOUND:7165	camomile
mf3488	flavordb	{'url': 'https://cosylab.iiitd.edu.in/flavordb/molecules_json?id=5356544'}	id_matching	PUBCHEM_COMPOUND:5356544	floral
mf3489	flavordb	{'url': 'https://cosylab.iiitd.edu.in/flavordb/molecules_json?id=5356544'}	id_matching	PUBCHEM_COMPOUND:5356544	wax
mf3490	flavordb	{'url': 'https://cosylab.iiitd.edu.in/flavordb/molecules_json?id=5356544'}	id_matching	PUBCHEM_COMPOUND:5356544	mild
mf3491	flavordb	{'url': 'https://cosylab.iiitd.edu.in/flavordb/molecules_json?id=89440'}	id_matching	PUBCHEM_COMPOUND:89440	musky
mf3492	flavordb	{'url': 'https://cosylab.iiitd.edu.in/flavordb/molecules_json?id=89440'}	id_matching	PUBCHEM_COMPOUND:89440	odor type: musk
mf3493	flavordb	{'url': 'https://cosylab.iiitd.edu.in/flavordb/molecules_json?id=999'}	id_matching	PUBCHEM_COMPOUND:999	sour
mf3494	flavordb	{'url': 'https://cosylab.iiitd.edu.in/flavordb/molecules_json?id=999'}	id_matching	PUBCHEM_COMPOUND:999	floral
mf3495	flavordb	{'url': 'https://cosylab.iiitd.edu.in/flavordb/molecules_json?id=999'}	id_matching	PUBCHEM_COMPOUND:999	sweet
mf3496	flavordb	{'url': 'https://cosylab.iiitd.edu.in/flavordb/molecules_json?id=999'}	id_matching	PUBCHEM_COMPOUND:999	civet
mf3497	flavordb	{'url': 'https://cosylab.iiitd.edu.in/flavordb/molecules_json?id=999'}	id_matching	PUBCHEM_COMPOUND:999	has a sweet honey-like odor when diluted
mf3498	flavordb	{'url': 'https://cosylab.iiitd.edu.in/flavordb/molecules_json?id=999'}	id_matching	PUBCHEM_COMPOUND:999	waxy
mf3499	flavordb	{'url': 'https://cosylab.iiitd.edu.in/flavordb/molecules_json?id=999'}	id_matching	PUBCHEM_COMPOUND:999	floral odor
mf3500	flavordb	{'url': 'https://cosylab.iiitd.edu.in/flavordb/molecules_json?id=999'}	id_matching	PUBCHEM_COMPOUND:999	the odor of the concentrated solution is suffocating and unpleasant.
mf3501	flavordb	{'url': 'https://cosylab.iiitd.edu.in/flavordb/molecules_json?id=999'}	id_matching	PUBCHEM_COMPOUND:999	honeysuckle
mf3502	flavordb	{'url': 'https://cosylab.iiitd.edu.in/flavordb/molecules_json?id=999'}	id_matching	PUBCHEM_COMPOUND:999	honey
mf3503	flavordb	{'url': 'https://cosylab.iiitd.edu.in/flavordb/molecules_json?id=999'}	id_matching	PUBCHEM_COMPOUND:999	flower
mf3504	flavordb	{'url': 'https://cosylab.iiitd.edu.in/flavordb/molecules_json?id=10748'}	id_matching	PUBCHEM_COMPOUND:10748	balsam
mf3505	flavordb	{'url': 'https://cosylab.iiitd.edu.in/flavordb/molecules_json?id=10748'}	id_matching	PUBCHEM_COMPOUND:10748	sweet
mf3506	flavordb	{'url': 'https://cosylab.iiitd.edu.in/flavordb/molecules_json?id=10748'}	id_matching	PUBCHEM_COMPOUND:10748	tonka
mf3507	flavordb	{'url': 'https://cosylab.iiitd.edu.in/flavordb/molecules_json?id=10748'}	id_matching	PUBCHEM_COMPOUND:10748	balsamic
mf3508	flavordb	{'url': 'https://cosylab.iiitd.edu.in/flavordb/molecules_json?id=14989'}	id_matching	PUBCHEM_COMPOUND:14989	bitter
mf3509	flavordb	{'url': 'https://cosylab.iiitd.edu.in/flavordb/molecules_json?id=381152'}	id_matching	PUBCHEM_COMPOUND:381152	minty
mf3510	flavordb	{'url': 'https://cosylab.iiitd.edu.in/flavordb/molecules_json?id=381152'}	id_matching	PUBCHEM_COMPOUND:381152	phenolic
mf3511	flavordb	{'url': 'https://cosylab.iiitd.edu.in/flavordb/molecules_json?id=381152'}	id_matching	PUBCHEM_COMPOUND:381152	sharp
mf3512	flavordb	{'url': 'https://cosylab.iiitd.edu.in/flavordb/molecules_json?id=7966'}	id_matching	PUBCHEM_COMPOUND:7966	camphor-like odor
mf3513	flavordb	{'url': 'https://cosylab.iiitd.edu.in/flavordb/molecules_json?id=7966'}	id_matching	PUBCHEM_COMPOUND:7966	camphor
mf3514	flavordb	{'url': 'https://cosylab.iiitd.edu.in/flavordb/molecules_json?id=7966'}	id_matching	PUBCHEM_COMPOUND:7966	menthol
mf3515	flavordb	{'url': 'https://cosylab.iiitd.edu.in/flavordb/molecules_json?id=7966'}	id_matching	PUBCHEM_COMPOUND:7966	phenol
mf3516	flavordb	{'url': 'https://cosylab.iiitd.edu.in/flavordb/molecules_json?id=5318517'}	id_matching	PUBCHEM_COMPOUND:5318517	bitter
mf3517	flavordb	{'url': 'https://cosylab.iiitd.edu.in/flavordb/molecules_json?id=5282160'}	id_matching	PUBCHEM_COMPOUND:5282160	sweet-like
mf3518	flavordb	{'url': 'https://cosylab.iiitd.edu.in/flavordb/molecules_json?id=7858'}	id_matching	PUBCHEM_COMPOUND:7858	mustard
mf3519	flavordb	{'url': 'https://cosylab.iiitd.edu.in/flavordb/molecules_json?id=7858'}	id_matching	PUBCHEM_COMPOUND:7858	pungent
mf3520	flavordb	{'url': 'https://cosylab.iiitd.edu.in/flavordb/molecules_json?id=7858'}	id_matching	PUBCHEM_COMPOUND:7858	pungent, mustard-like odor
mf3521	flavordb	{'url': 'https://cosylab.iiitd.edu.in/flavordb/molecules_json?id=62089'}	id_matching	PUBCHEM_COMPOUND:62089	plastic
mf3522	flavordb	{'url': 'https://cosylab.iiitd.edu.in/flavordb/molecules_json?id=62089'}	id_matching	PUBCHEM_COMPOUND:62089	waxy
mf3523	flavordb	{'url': 'https://cosylab.iiitd.edu.in/flavordb/molecules_json?id=62089'}	id_matching	PUBCHEM_COMPOUND:62089	milk
mf3524	flavordb	{'url': 'https://cosylab.iiitd.edu.in/flavordb/molecules_json?id=62089'}	id_matching	PUBCHEM_COMPOUND:62089	creamy
mf3525	flavordb	{'url': 'https://cosylab.iiitd.edu.in/flavordb/molecules_json?id=62089'}	id_matching	PUBCHEM_COMPOUND:62089	fatty
mf3526	flavordb	{'url': 'https://cosylab.iiitd.edu.in/flavordb/molecules_json?id=62089'}	id_matching	PUBCHEM_COMPOUND:62089	mossy
mf3527	flavordb	{'url': 'https://cosylab.iiitd.edu.in/flavordb/molecules_json?id=62089'}	id_matching	PUBCHEM_COMPOUND:62089	musty
mf3528	flavordb	{'url': 'https://cosylab.iiitd.edu.in/flavordb/molecules_json?id=62089'}	id_matching	PUBCHEM_COMPOUND:62089	dairy
mf3529	flavordb	{'url': 'https://cosylab.iiitd.edu.in/flavordb/molecules_json?id=8418'}	id_matching	PUBCHEM_COMPOUND:8418	weak aromatic odor
mf3530	flavordb	{'url': 'https://cosylab.iiitd.edu.in/flavordb/molecules_json?id=5283337'}	id_matching	PUBCHEM_COMPOUND:5283337	fruity
mf3531	flavordb	{'url': 'https://cosylab.iiitd.edu.in/flavordb/molecules_json?id=8118'}	id_matching	PUBCHEM_COMPOUND:8118	onion
mf3532	flavordb	{'url': 'https://cosylab.iiitd.edu.in/flavordb/molecules_json?id=8118'}	id_matching	PUBCHEM_COMPOUND:8118	garlic
mf3533	flavordb	{'url': 'https://cosylab.iiitd.edu.in/flavordb/molecules_json?id=2764'}	id_matching	PUBCHEM_COMPOUND:2764	bitter
mf3534	flavordb	{'url': 'https://cosylab.iiitd.edu.in/flavordb/molecules_json?id=880'}	id_matching	PUBCHEM_COMPOUND:880	sweet
mf3535	flavordb	{'url': 'https://cosylab.iiitd.edu.in/flavordb/molecules_json?id=880'}	id_matching	PUBCHEM_COMPOUND:880	pungent
mf3536	flavordb	{'url': 'https://cosylab.iiitd.edu.in/flavordb/molecules_json?id=880'}	id_matching	PUBCHEM_COMPOUND:880	acidic
mf3537	flavordb	{'url': 'https://cosylab.iiitd.edu.in/flavordb/molecules_json?id=880'}	id_matching	PUBCHEM_COMPOUND:880	brown
mf3538	flavordb	{'url': 'https://cosylab.iiitd.edu.in/flavordb/molecules_json?id=880'}	id_matching	PUBCHEM_COMPOUND:880	ethereal
mf3539	flavordb	{'url': 'https://cosylab.iiitd.edu.in/flavordb/molecules_json?id=880'}	id_matching	PUBCHEM_COMPOUND:880	rum
mf3540	flavordb	{'url': 'https://cosylab.iiitd.edu.in/flavordb/molecules_json?id=10448'}	id_matching	PUBCHEM_COMPOUND:10448	sweet
mf3541	flavordb	{'url': 'https://cosylab.iiitd.edu.in/flavordb/molecules_json?id=10448'}	id_matching	PUBCHEM_COMPOUND:10448	onion
mf3542	flavordb	{'url': 'https://cosylab.iiitd.edu.in/flavordb/molecules_json?id=10448'}	id_matching	PUBCHEM_COMPOUND:10448	soup
mf3543	flavordb	{'url': 'https://cosylab.iiitd.edu.in/flavordb/molecules_json?id=10448'}	id_matching	PUBCHEM_COMPOUND:10448	sulfurous
mf3544	flavordb	{'url': 'https://cosylab.iiitd.edu.in/flavordb/molecules_json?id=10448'}	id_matching	PUBCHEM_COMPOUND:10448	vegetable
mf3545	flavordb	{'url': 'https://cosylab.iiitd.edu.in/flavordb/molecules_json?id=10448'}	id_matching	PUBCHEM_COMPOUND:10448	potato
mf3546	flavordb	{'url': 'https://cosylab.iiitd.edu.in/flavordb/molecules_json?id=122097'}	id_matching	PUBCHEM_COMPOUND:122097	sweet-like
mf3547	flavordb	{'url': 'https://cosylab.iiitd.edu.in/flavordb/molecules_json?id=6050'}	id_matching	PUBCHEM_COMPOUND:6050	waxy
mf3548	flavordb	{'url': 'https://cosylab.iiitd.edu.in/flavordb/molecules_json?id=6050'}	id_matching	PUBCHEM_COMPOUND:6050	bitter
mf3549	flavordb	{'url': 'https://cosylab.iiitd.edu.in/flavordb/molecules_json?id=6050'}	id_matching	PUBCHEM_COMPOUND:6050	fruity, buttery
mf3550	flavordb	{'url': 'https://cosylab.iiitd.edu.in/flavordb/molecules_json?id=6050'}	id_matching	PUBCHEM_COMPOUND:6050	creamy
mf3551	flavordb	{'url': 'https://cosylab.iiitd.edu.in/flavordb/molecules_json?id=6050'}	id_matching	PUBCHEM_COMPOUND:6050	fatty
mf3552	flavordb	{'url': 'https://cosylab.iiitd.edu.in/flavordb/molecules_json?id=6050'}	id_matching	PUBCHEM_COMPOUND:6050	cheese
mf3553	flavordb	{'url': 'https://cosylab.iiitd.edu.in/flavordb/molecules_json?id=6050'}	id_matching	PUBCHEM_COMPOUND:6050	bitter taste
mf3554	flavordb	{'url': 'https://cosylab.iiitd.edu.in/flavordb/molecules_json?id=4004'}	id_matching	PUBCHEM_COMPOUND:4004	mercaptan odor
mf3555	flavordb	{'url': 'https://cosylab.iiitd.edu.in/flavordb/molecules_json?id=4004'}	id_matching	PUBCHEM_COMPOUND:4004	bitter
mf3556	flavordb	{'url': 'https://cosylab.iiitd.edu.in/flavordb/molecules_json?id=4004'}	id_matching	PUBCHEM_COMPOUND:4004	skunk-like odor
mf3557	flavordb	{'url': 'https://cosylab.iiitd.edu.in/flavordb/molecules_json?id=4004'}	id_matching	PUBCHEM_COMPOUND:4004	garlic-like odor
mf3558	flavordb	{'url': 'https://cosylab.iiitd.edu.in/flavordb/molecules_json?id=1549040'}	id_matching	PUBCHEM_COMPOUND:1549040	anise
mf3559	flavordb	{'url': 'https://cosylab.iiitd.edu.in/flavordb/molecules_json?id=1549040'}	id_matching	PUBCHEM_COMPOUND:1549040	sweet taste
mf3560	flavordb	{'url': 'https://cosylab.iiitd.edu.in/flavordb/molecules_json?id=1549040'}	id_matching	PUBCHEM_COMPOUND:1549040	anise oil odor
mf3561	flavordb	{'url': 'https://cosylab.iiitd.edu.in/flavordb/molecules_json?id=7405'}	id_matching	PUBCHEM_COMPOUND:7405	ethereal
mf3562	flavordb	{'url': 'https://cosylab.iiitd.edu.in/flavordb/molecules_json?id=7405'}	id_matching	PUBCHEM_COMPOUND:7405	sweet
mf3563	flavordb	{'url': 'https://cosylab.iiitd.edu.in/flavordb/molecules_json?id=7405'}	id_matching	PUBCHEM_COMPOUND:7405	mild
mf3564	flavordb	{'url': 'https://cosylab.iiitd.edu.in/flavordb/molecules_json?id=60979'}	id_matching	PUBCHEM_COMPOUND:60979	balsam
mf3565	flavordb	{'url': 'https://cosylab.iiitd.edu.in/flavordb/molecules_json?id=60979'}	id_matching	PUBCHEM_COMPOUND:60979	tarragon
mf3566	flavordb	{'url': 'https://cosylab.iiitd.edu.in/flavordb/molecules_json?id=60979'}	id_matching	PUBCHEM_COMPOUND:60979	fruity
mf3567	flavordb	{'url': 'https://cosylab.iiitd.edu.in/flavordb/molecules_json?id=60979'}	id_matching	PUBCHEM_COMPOUND:60979	anise
mf3568	flavordb	{'url': 'https://cosylab.iiitd.edu.in/flavordb/molecules_json?id=60979'}	id_matching	PUBCHEM_COMPOUND:60979	aniseed
mf3569	flavordb	{'url': 'https://cosylab.iiitd.edu.in/flavordb/molecules_json?id=5634'}	id_matching	PUBCHEM_COMPOUND:5634	sweet
mf3570	flavordb	{'url': 'https://cosylab.iiitd.edu.in/flavordb/molecules_json?id=5634'}	id_matching	PUBCHEM_COMPOUND:5634	woody
mf3571	flavordb	{'url': 'https://cosylab.iiitd.edu.in/flavordb/molecules_json?id=11168'}	id_matching	PUBCHEM_COMPOUND:11168	sulfur
mf3572	flavordb	{'url': 'https://cosylab.iiitd.edu.in/flavordb/molecules_json?id=11168'}	id_matching	PUBCHEM_COMPOUND:11168	onion odor
mf3573	flavordb	{'url': 'https://cosylab.iiitd.edu.in/flavordb/molecules_json?id=8048'}	id_matching	PUBCHEM_COMPOUND:8048	brandy
mf3574	flavordb	{'url': 'https://cosylab.iiitd.edu.in/flavordb/molecules_json?id=8048'}	id_matching	PUBCHEM_COMPOUND:8048	sweet
mf3575	flavordb	{'url': 'https://cosylab.iiitd.edu.in/flavordb/molecules_json?id=8048'}	id_matching	PUBCHEM_COMPOUND:8048	fruity
mf3576	flavordb	{'url': 'https://cosylab.iiitd.edu.in/flavordb/molecules_json?id=8048'}	id_matching	PUBCHEM_COMPOUND:8048	waxy
mf3577	flavordb	{'url': 'https://cosylab.iiitd.edu.in/flavordb/molecules_json?id=8048'}	id_matching	PUBCHEM_COMPOUND:8048	pear
mf3578	flavordb	{'url': 'https://cosylab.iiitd.edu.in/flavordb/molecules_json?id=8048'}	id_matching	PUBCHEM_COMPOUND:8048	apple
mf3579	flavordb	{'url': 'https://cosylab.iiitd.edu.in/flavordb/molecules_json?id=8048'}	id_matching	PUBCHEM_COMPOUND:8048	oily
mf3580	flavordb	{'url': 'https://cosylab.iiitd.edu.in/flavordb/molecules_json?id=8048'}	id_matching	PUBCHEM_COMPOUND:8048	grape
mf3581	flavordb	{'url': 'https://cosylab.iiitd.edu.in/flavordb/molecules_json?id=24721373'}	id_matching	PUBCHEM_COMPOUND:24721373	sweet
mf3582	flavordb	{'url': 'https://cosylab.iiitd.edu.in/flavordb/molecules_json?id=19188'}	id_matching	PUBCHEM_COMPOUND:19188	sour
mf3583	flavordb	{'url': 'https://cosylab.iiitd.edu.in/flavordb/molecules_json?id=19188'}	id_matching	PUBCHEM_COMPOUND:19188	sweet
mf3584	flavordb	{'url': 'https://cosylab.iiitd.edu.in/flavordb/molecules_json?id=12105'}	id_matching	PUBCHEM_COMPOUND:12105	sweet
mf3585	flavordb	{'url': 'https://cosylab.iiitd.edu.in/flavordb/molecules_json?id=12105'}	id_matching	PUBCHEM_COMPOUND:12105	fruity
mf3586	flavordb	{'url': 'https://cosylab.iiitd.edu.in/flavordb/molecules_json?id=12105'}	id_matching	PUBCHEM_COMPOUND:12105	phenolic
mf3587	flavordb	{'url': 'https://cosylab.iiitd.edu.in/flavordb/molecules_json?id=12105'}	id_matching	PUBCHEM_COMPOUND:12105	benzaldehyde
mf3588	flavordb	{'url': 'https://cosylab.iiitd.edu.in/flavordb/molecules_json?id=12105'}	id_matching	PUBCHEM_COMPOUND:12105	cherry
mf3589	flavordb	{'url': 'https://cosylab.iiitd.edu.in/flavordb/molecules_json?id=12534'}	id_matching	PUBCHEM_COMPOUND:12534	odorless
mf3590	flavordb	{'url': 'https://cosylab.iiitd.edu.in/flavordb/molecules_json?id=12534'}	id_matching	PUBCHEM_COMPOUND:12534	alkane
mf3591	flavordb	{'url': 'https://cosylab.iiitd.edu.in/flavordb/molecules_json?id=12534'}	id_matching	PUBCHEM_COMPOUND:12534	waxy
mf3592	flavordb	{'url': 'https://cosylab.iiitd.edu.in/flavordb/molecules_json?id=8030'}	id_matching	PUBCHEM_COMPOUND:8030	garlic
mf3593	flavordb	{'url': 'https://cosylab.iiitd.edu.in/flavordb/molecules_json?id=8030'}	id_matching	PUBCHEM_COMPOUND:8030	alliaceous
mf3594	flavordb	{'url': 'https://cosylab.iiitd.edu.in/flavordb/molecules_json?id=8030'}	id_matching	PUBCHEM_COMPOUND:8030	slight aromatic odor resembling benzene
mf3595	flavordb	{'url': 'https://cosylab.iiitd.edu.in/flavordb/molecules_json?id=8748'}	id_matching	PUBCHEM_COMPOUND:8748	woody
mf3596	flavordb	{'url': 'https://cosylab.iiitd.edu.in/flavordb/molecules_json?id=8748'}	id_matching	PUBCHEM_COMPOUND:8748	pungent
mf3597	flavordb	{'url': 'https://cosylab.iiitd.edu.in/flavordb/molecules_json?id=8748'}	id_matching	PUBCHEM_COMPOUND:8748	earthy
mf3598	flavordb	{'url': 'https://cosylab.iiitd.edu.in/flavordb/molecules_json?id=8748'}	id_matching	PUBCHEM_COMPOUND:8748	must
mf3599	flavordb	{'url': 'https://cosylab.iiitd.edu.in/flavordb/molecules_json?id=124021'}	id_matching	PUBCHEM_COMPOUND:124021	bitter
mf3600	flavordb	{'url': 'https://cosylab.iiitd.edu.in/flavordb/molecules_json?id=13254473'}	id_matching	PUBCHEM_COMPOUND:13254473	sweet-like
mf3601	flavordb	{'url': 'https://cosylab.iiitd.edu.in/flavordb/molecules_json?id=22556'}	id_matching	PUBCHEM_COMPOUND:22556	floral
mf3602	flavordb	{'url': 'https://cosylab.iiitd.edu.in/flavordb/molecules_json?id=22556'}	id_matching	PUBCHEM_COMPOUND:22556	fruity
mf3603	flavordb	{'url': 'https://cosylab.iiitd.edu.in/flavordb/molecules_json?id=22556'}	id_matching	PUBCHEM_COMPOUND:22556	orange
mf3604	flavordb	{'url': 'https://cosylab.iiitd.edu.in/flavordb/molecules_json?id=22556'}	id_matching	PUBCHEM_COMPOUND:22556	citrus
mf3605	flavordb	{'url': 'https://cosylab.iiitd.edu.in/flavordb/molecules_json?id=9256'}	id_matching	PUBCHEM_COMPOUND:9256	pyridine
mf3606	flavordb	{'url': 'https://cosylab.iiitd.edu.in/flavordb/molecules_json?id=9256'}	id_matching	PUBCHEM_COMPOUND:9256	meaty
mf3607	flavordb	{'url': 'https://cosylab.iiitd.edu.in/flavordb/molecules_json?id=9256'}	id_matching	PUBCHEM_COMPOUND:9256	nutty
mf3608	flavordb	{'url': 'https://cosylab.iiitd.edu.in/flavordb/molecules_json?id=7302'}	id_matching	PUBCHEM_COMPOUND:7302	sweet
mf3609	flavordb	{'url': 'https://cosylab.iiitd.edu.in/flavordb/molecules_json?id=7302'}	id_matching	PUBCHEM_COMPOUND:7302	faint odor
mf3610	flavordb	{'url': 'https://cosylab.iiitd.edu.in/flavordb/molecules_json?id=7302'}	id_matching	PUBCHEM_COMPOUND:7302	creamy
mf3611	flavordb	{'url': 'https://cosylab.iiitd.edu.in/flavordb/molecules_json?id=7302'}	id_matching	PUBCHEM_COMPOUND:7302	fatty
mf3612	flavordb	{'url': 'https://cosylab.iiitd.edu.in/flavordb/molecules_json?id=7302'}	id_matching	PUBCHEM_COMPOUND:7302	caramel
mf3613	flavordb	{'url': 'https://cosylab.iiitd.edu.in/flavordb/molecules_json?id=7302'}	id_matching	PUBCHEM_COMPOUND:7302	oily
mf3614	flavordb	{'url': 'https://cosylab.iiitd.edu.in/flavordb/molecules_json?id=7302'}	id_matching	PUBCHEM_COMPOUND:7302	pleasant odor
mf3615	flavordb	{'url': 'https://cosylab.iiitd.edu.in/flavordb/molecules_json?id=8365'}	id_matching	PUBCHEM_COMPOUND:8365	mint
mf3616	flavordb	{'url': 'https://cosylab.iiitd.edu.in/flavordb/molecules_json?id=8365'}	id_matching	PUBCHEM_COMPOUND:8365	floral
mf3617	flavordb	{'url': 'https://cosylab.iiitd.edu.in/flavordb/molecules_json?id=8365'}	id_matching	PUBCHEM_COMPOUND:8365	balsam
mf3618	flavordb	{'url': 'https://cosylab.iiitd.edu.in/flavordb/molecules_json?id=8365'}	id_matching	PUBCHEM_COMPOUND:8365	sweet
mf3619	flavordb	{'url': 'https://cosylab.iiitd.edu.in/flavordb/molecules_json?id=8365'}	id_matching	PUBCHEM_COMPOUND:8365	wintergreen
mf3620	flavordb	{'url': 'https://cosylab.iiitd.edu.in/flavordb/molecules_json?id=8365'}	id_matching	PUBCHEM_COMPOUND:8365	minty
mf3621	flavordb	{'url': 'https://cosylab.iiitd.edu.in/flavordb/molecules_json?id=8365'}	id_matching	PUBCHEM_COMPOUND:8365	spicy
mf3622	flavordb	{'url': 'https://cosylab.iiitd.edu.in/flavordb/molecules_json?id=7714'}	id_matching	PUBCHEM_COMPOUND:7714	apricot
mf3623	flavordb	{'url': 'https://cosylab.iiitd.edu.in/flavordb/molecules_json?id=7714'}	id_matching	PUBCHEM_COMPOUND:7714	peach
mf3624	flavordb	{'url': 'https://cosylab.iiitd.edu.in/flavordb/molecules_json?id=7714'}	id_matching	PUBCHEM_COMPOUND:7714	fruity
mf3625	flavordb	{'url': 'https://cosylab.iiitd.edu.in/flavordb/molecules_json?id=7714'}	id_matching	PUBCHEM_COMPOUND:7714	lactonic
mf3626	flavordb	{'url': 'https://cosylab.iiitd.edu.in/flavordb/molecules_json?id=7714'}	id_matching	PUBCHEM_COMPOUND:7714	creamy
mf3627	flavordb	{'url': 'https://cosylab.iiitd.edu.in/flavordb/molecules_json?id=7714'}	id_matching	PUBCHEM_COMPOUND:7714	fatty
mf3628	flavordb	{'url': 'https://cosylab.iiitd.edu.in/flavordb/molecules_json?id=7714'}	id_matching	PUBCHEM_COMPOUND:7714	coconut
mf3629	flavordb	{'url': 'https://cosylab.iiitd.edu.in/flavordb/molecules_json?id=7714'}	id_matching	PUBCHEM_COMPOUND:7714	ketonic
mf3630	flavordb	{'url': 'https://cosylab.iiitd.edu.in/flavordb/molecules_json?id=7749'}	id_matching	PUBCHEM_COMPOUND:7749	grape
mf3631	flavordb	{'url': 'https://cosylab.iiitd.edu.in/flavordb/molecules_json?id=7749'}	id_matching	PUBCHEM_COMPOUND:7749	sweet
mf3632	flavordb	{'url': 'https://cosylab.iiitd.edu.in/flavordb/molecules_json?id=7749'}	id_matching	PUBCHEM_COMPOUND:7749	reminiscent of rum & pineapple
mf3633	flavordb	{'url': 'https://cosylab.iiitd.edu.in/flavordb/molecules_json?id=7749'}	id_matching	PUBCHEM_COMPOUND:7749	pineapple
mf3634	flavordb	{'url': 'https://cosylab.iiitd.edu.in/flavordb/molecules_json?id=7749'}	id_matching	PUBCHEM_COMPOUND:7749	fruity
mf3635	flavordb	{'url': 'https://cosylab.iiitd.edu.in/flavordb/molecules_json?id=7749'}	id_matching	PUBCHEM_COMPOUND:7749	odor of pineapple
mf3636	flavordb	{'url': 'https://cosylab.iiitd.edu.in/flavordb/molecules_json?id=7749'}	id_matching	PUBCHEM_COMPOUND:7749	butter- or rum-like
mf3637	flavordb	{'url': 'https://cosylab.iiitd.edu.in/flavordb/molecules_json?id=7749'}	id_matching	PUBCHEM_COMPOUND:7749	juicy
mf3638	flavordb	{'url': 'https://cosylab.iiitd.edu.in/flavordb/molecules_json?id=7749'}	id_matching	PUBCHEM_COMPOUND:7749	fruity odor
mf3639	flavordb	{'url': 'https://cosylab.iiitd.edu.in/flavordb/molecules_json?id=7749'}	id_matching	PUBCHEM_COMPOUND:7749	fruit
mf3640	flavordb	{'url': 'https://cosylab.iiitd.edu.in/flavordb/molecules_json?id=7749'}	id_matching	PUBCHEM_COMPOUND:7749	rum
mf3641	flavordb	{'url': 'https://cosylab.iiitd.edu.in/flavordb/molecules_json?id=14710'}	id_matching	PUBCHEM_COMPOUND:14710	bitter
mf3642	flavordb	{'url': 'https://cosylab.iiitd.edu.in/flavordb/molecules_json?id=14710'}	id_matching	PUBCHEM_COMPOUND:14710	bitter tasting
mf3643	flavordb	{'url': 'https://cosylab.iiitd.edu.in/flavordb/molecules_json?id=1004'}	id_matching	PUBCHEM_COMPOUND:1004	bland
mf3644	flavordb	{'url': 'https://cosylab.iiitd.edu.in/flavordb/molecules_json?id=1004'}	id_matching	PUBCHEM_COMPOUND:1004	odorless
mf3645	flavordb	{'url': 'https://cosylab.iiitd.edu.in/flavordb/molecules_json?id=1004'}	id_matching	PUBCHEM_COMPOUND:1004	acid taste
mf3646	flavordb	{'url': 'https://cosylab.iiitd.edu.in/flavordb/molecules_json?id=24456'}	id_matching	PUBCHEM_COMPOUND:24456	tasteless
mf3647	flavordb	{'url': 'https://cosylab.iiitd.edu.in/flavordb/molecules_json?id=24456'}	id_matching	PUBCHEM_COMPOUND:24456	odorless
mf3648	flavordb	{'url': 'https://cosylab.iiitd.edu.in/flavordb/molecules_json?id=7800'}	id_matching	PUBCHEM_COMPOUND:7800	floral
mf3649	flavordb	{'url': 'https://cosylab.iiitd.edu.in/flavordb/molecules_json?id=7800'}	id_matching	PUBCHEM_COMPOUND:7800	sweet
mf3650	flavordb	{'url': 'https://cosylab.iiitd.edu.in/flavordb/molecules_json?id=7800'}	id_matching	PUBCHEM_COMPOUND:7800	waxy
mf3651	flavordb	{'url': 'https://cosylab.iiitd.edu.in/flavordb/molecules_json?id=7800'}	id_matching	PUBCHEM_COMPOUND:7800	leaf
mf3652	flavordb	{'url': 'https://cosylab.iiitd.edu.in/flavordb/molecules_json?id=7800'}	id_matching	PUBCHEM_COMPOUND:7800	soapy
mf3653	flavordb	{'url': 'https://cosylab.iiitd.edu.in/flavordb/molecules_json?id=7800'}	id_matching	PUBCHEM_COMPOUND:7800	clean
mf3654	flavordb	{'url': 'https://cosylab.iiitd.edu.in/flavordb/molecules_json?id=61177'}	id_matching	PUBCHEM_COMPOUND:61177	sweet
mf3655	flavordb	{'url': 'https://cosylab.iiitd.edu.in/flavordb/molecules_json?id=61177'}	id_matching	PUBCHEM_COMPOUND:61177	unripe plum
mf3656	flavordb	{'url': 'https://cosylab.iiitd.edu.in/flavordb/molecules_json?id=61177'}	id_matching	PUBCHEM_COMPOUND:61177	apple
mf3657	flavordb	{'url': 'https://cosylab.iiitd.edu.in/flavordb/molecules_json?id=61177'}	id_matching	PUBCHEM_COMPOUND:61177	banana
mf3658	flavordb	{'url': 'https://cosylab.iiitd.edu.in/flavordb/molecules_json?id=642376'}	id_matching	PUBCHEM_COMPOUND:642376	herbal
mf3659	flavordb	{'url': 'https://cosylab.iiitd.edu.in/flavordb/molecules_json?id=642376'}	id_matching	PUBCHEM_COMPOUND:642376	lovage
mf3660	flavordb	{'url': 'https://cosylab.iiitd.edu.in/flavordb/molecules_json?id=642376'}	id_matching	PUBCHEM_COMPOUND:642376	celery
mf3661	flavordb	{'url': 'https://cosylab.iiitd.edu.in/flavordb/molecules_json?id=8180'}	id_matching	PUBCHEM_COMPOUND:8180	waxy
mf3662	flavordb	{'url': 'https://cosylab.iiitd.edu.in/flavordb/molecules_json?id=8180'}	id_matching	PUBCHEM_COMPOUND:8180	creamy
mf3663	flavordb	{'url': 'https://cosylab.iiitd.edu.in/flavordb/molecules_json?id=8180'}	id_matching	PUBCHEM_COMPOUND:8180	oil
mf3664	flavordb	{'url': 'https://cosylab.iiitd.edu.in/flavordb/molecules_json?id=8180'}	id_matching	PUBCHEM_COMPOUND:8180	fatty
mf3665	flavordb	{'url': 'https://cosylab.iiitd.edu.in/flavordb/molecules_json?id=8180'}	id_matching	PUBCHEM_COMPOUND:8180	coconut
mf3666	flavordb	{'url': 'https://cosylab.iiitd.edu.in/flavordb/molecules_json?id=8180'}	id_matching	PUBCHEM_COMPOUND:8180	cheese
mf3667	flavordb	{'url': 'https://cosylab.iiitd.edu.in/flavordb/molecules_json?id=102288'}	id_matching	PUBCHEM_COMPOUND:102288	sweet
mf3668	flavordb	{'url': 'https://cosylab.iiitd.edu.in/flavordb/molecules_json?id=6341'}	id_matching	PUBCHEM_COMPOUND:6341	fishy
mf3669	flavordb	{'url': 'https://cosylab.iiitd.edu.in/flavordb/molecules_json?id=6341'}	id_matching	PUBCHEM_COMPOUND:6341	ammonia
mf3670	flavordb	{'url': 'https://cosylab.iiitd.edu.in/flavordb/molecules_json?id=6341'}	id_matching	PUBCHEM_COMPOUND:6341	ammonia odor
mf3671	flavordb	{'url': 'https://cosylab.iiitd.edu.in/flavordb/molecules_json?id=5352438'}	id_matching	PUBCHEM_COMPOUND:5352438	green
mf3672	flavordb	{'url': 'https://cosylab.iiitd.edu.in/flavordb/molecules_json?id=5352438'}	id_matching	PUBCHEM_COMPOUND:5352438	fruity
mf3673	flavordb	{'url': 'https://cosylab.iiitd.edu.in/flavordb/molecules_json?id=5352438'}	id_matching	PUBCHEM_COMPOUND:5352438	wine
mf3674	flavordb	{'url': 'https://cosylab.iiitd.edu.in/flavordb/molecules_json?id=5352438'}	id_matching	PUBCHEM_COMPOUND:5352438	fresh
mf3675	flavordb	{'url': 'https://cosylab.iiitd.edu.in/flavordb/molecules_json?id=5352438'}	id_matching	PUBCHEM_COMPOUND:5352438	apple
mf3676	flavordb	{'url': 'https://cosylab.iiitd.edu.in/flavordb/molecules_json?id=5352438'}	id_matching	PUBCHEM_COMPOUND:5352438	buttery
mf3677	flavordb	{'url': 'https://cosylab.iiitd.edu.in/flavordb/molecules_json?id=5352438'}	id_matching	PUBCHEM_COMPOUND:5352438	metallic
mf3678	flavordb	{'url': 'https://cosylab.iiitd.edu.in/flavordb/molecules_json?id=31291'}	id_matching	PUBCHEM_COMPOUND:31291	wax
mf3679	flavordb	{'url': 'https://cosylab.iiitd.edu.in/flavordb/molecules_json?id=31291'}	id_matching	PUBCHEM_COMPOUND:31291	waxy
mf3680	flavordb	{'url': 'https://cosylab.iiitd.edu.in/flavordb/molecules_json?id=31291'}	id_matching	PUBCHEM_COMPOUND:31291	dry
mf3681	flavordb	{'url': 'https://cosylab.iiitd.edu.in/flavordb/molecules_json?id=31291'}	id_matching	PUBCHEM_COMPOUND:31291	musk
mf3682	flavordb	{'url': 'https://cosylab.iiitd.edu.in/flavordb/molecules_json?id=31291'}	id_matching	PUBCHEM_COMPOUND:31291	incense
mf3683	flavordb	{'url': 'https://cosylab.iiitd.edu.in/flavordb/molecules_json?id=31291'}	id_matching	PUBCHEM_COMPOUND:31291	fatty
mf3684	flavordb	{'url': 'https://cosylab.iiitd.edu.in/flavordb/molecules_json?id=31291'}	id_matching	PUBCHEM_COMPOUND:31291	citrus peel
mf3685	flavordb	{'url': 'https://cosylab.iiitd.edu.in/flavordb/molecules_json?id=31291'}	id_matching	PUBCHEM_COMPOUND:31291	amber
mf3686	flavordb	{'url': 'https://cosylab.iiitd.edu.in/flavordb/molecules_json?id=31291'}	id_matching	PUBCHEM_COMPOUND:31291	flower
mf3687	flavordb	{'url': 'https://cosylab.iiitd.edu.in/flavordb/molecules_json?id=445052'}	id_matching	PUBCHEM_COMPOUND:445052	sweet
mf3688	flavordb	{'url': 'https://cosylab.iiitd.edu.in/flavordb/molecules_json?id=11458'}	id_matching	PUBCHEM_COMPOUND:11458	sweet
mf3689	flavordb	{'url': 'https://cosylab.iiitd.edu.in/flavordb/molecules_json?id=440658'}	id_matching	PUBCHEM_COMPOUND:440658	sweet
mf3690	flavordb	{'url': 'https://cosylab.iiitd.edu.in/flavordb/molecules_json?id=6602503'}	id_matching	PUBCHEM_COMPOUND:6602503	sweet
mf3691	flavordb	{'url': 'https://cosylab.iiitd.edu.in/flavordb/molecules_json?id=872'}	id_matching	PUBCHEM_COMPOUND:872	sweet
mf3692	flavordb	{'url': 'https://cosylab.iiitd.edu.in/flavordb/molecules_json?id=440656'}	id_matching	PUBCHEM_COMPOUND:440656	sweet
mf3693	flavordb	{'url': 'https://cosylab.iiitd.edu.in/flavordb/molecules_json?id=61455'}	id_matching	PUBCHEM_COMPOUND:61455	green
mf3694	flavordb	{'url': 'https://cosylab.iiitd.edu.in/flavordb/molecules_json?id=61455'}	id_matching	PUBCHEM_COMPOUND:61455	sweet
mf3695	flavordb	{'url': 'https://cosylab.iiitd.edu.in/flavordb/molecules_json?id=61455'}	id_matching	PUBCHEM_COMPOUND:61455	apple skin
mf3696	flavordb	{'url': 'https://cosylab.iiitd.edu.in/flavordb/molecules_json?id=61455'}	id_matching	PUBCHEM_COMPOUND:61455	fruity
mf3697	flavordb	{'url': 'https://cosylab.iiitd.edu.in/flavordb/molecules_json?id=61455'}	id_matching	PUBCHEM_COMPOUND:61455	strawberry
mf3698	flavordb	{'url': 'https://cosylab.iiitd.edu.in/flavordb/molecules_json?id=61455'}	id_matching	PUBCHEM_COMPOUND:61455	unripe fruit
mf3699	flavordb	{'url': 'https://cosylab.iiitd.edu.in/flavordb/molecules_json?id=17525'}	id_matching	PUBCHEM_COMPOUND:17525	apple peel
mf3700	flavordb	{'url': 'https://cosylab.iiitd.edu.in/flavordb/molecules_json?id=17525'}	id_matching	PUBCHEM_COMPOUND:17525	green
mf3701	flavordb	{'url': 'https://cosylab.iiitd.edu.in/flavordb/molecules_json?id=17525'}	id_matching	PUBCHEM_COMPOUND:17525	sweet
mf3702	flavordb	{'url': 'https://cosylab.iiitd.edu.in/flavordb/molecules_json?id=17525'}	id_matching	PUBCHEM_COMPOUND:17525	fruity
mf3703	flavordb	{'url': 'https://cosylab.iiitd.edu.in/flavordb/molecules_json?id=17525'}	id_matching	PUBCHEM_COMPOUND:17525	waxy
mf3704	flavordb	{'url': 'https://cosylab.iiitd.edu.in/flavordb/molecules_json?id=17525'}	id_matching	PUBCHEM_COMPOUND:17525	apple
mf3705	flavordb	{'url': 'https://cosylab.iiitd.edu.in/flavordb/molecules_json?id=17525'}	id_matching	PUBCHEM_COMPOUND:17525	soapy
mf3706	flavordb	{'url': 'https://cosylab.iiitd.edu.in/flavordb/molecules_json?id=7983'}	id_matching	PUBCHEM_COMPOUND:7983	sweet
mf3707	flavordb	{'url': 'https://cosylab.iiitd.edu.in/flavordb/molecules_json?id=7983'}	id_matching	PUBCHEM_COMPOUND:7983	pineapple
mf3708	flavordb	{'url': 'https://cosylab.iiitd.edu.in/flavordb/molecules_json?id=7983'}	id_matching	PUBCHEM_COMPOUND:7983	peach
mf3709	flavordb	{'url': 'https://cosylab.iiitd.edu.in/flavordb/molecules_json?id=7983'}	id_matching	PUBCHEM_COMPOUND:7983	fruity
mf3710	flavordb	{'url': 'https://cosylab.iiitd.edu.in/flavordb/molecules_json?id=7983'}	id_matching	PUBCHEM_COMPOUND:7983	berry
mf3711	flavordb	{'url': 'https://cosylab.iiitd.edu.in/flavordb/molecules_json?id=7983'}	id_matching	PUBCHEM_COMPOUND:7983	pear
mf3712	flavordb	{'url': 'https://cosylab.iiitd.edu.in/flavordb/molecules_json?id=7983'}	id_matching	PUBCHEM_COMPOUND:7983	apple
mf3713	flavordb	{'url': 'https://cosylab.iiitd.edu.in/flavordb/molecules_json?id=7983'}	id_matching	PUBCHEM_COMPOUND:7983	banana
mf3714	flavordb	{'url': 'https://cosylab.iiitd.edu.in/flavordb/molecules_json?id=8438'}	id_matching	PUBCHEM_COMPOUND:8438	sweet
mf3715	flavordb	{'url': 'https://cosylab.iiitd.edu.in/flavordb/molecules_json?id=8438'}	id_matching	PUBCHEM_COMPOUND:8438	heliotrope
mf3716	flavordb	{'url': 'https://cosylab.iiitd.edu.in/flavordb/molecules_json?id=8438'}	id_matching	PUBCHEM_COMPOUND:8438	powdery
mf3717	flavordb	{'url': 'https://cosylab.iiitd.edu.in/flavordb/molecules_json?id=8438'}	id_matching	PUBCHEM_COMPOUND:8438	violet
mf3718	flavordb	{'url': 'https://cosylab.iiitd.edu.in/flavordb/molecules_json?id=8438'}	id_matching	PUBCHEM_COMPOUND:8438	bitter
mf3719	flavordb	{'url': 'https://cosylab.iiitd.edu.in/flavordb/molecules_json?id=8438'}	id_matching	PUBCHEM_COMPOUND:8438	floral odor
mf3720	flavordb	{'url': 'https://cosylab.iiitd.edu.in/flavordb/molecules_json?id=8438'}	id_matching	PUBCHEM_COMPOUND:8438	coconut
mf3721	flavordb	{'url': 'https://cosylab.iiitd.edu.in/flavordb/molecules_json?id=8438'}	id_matching	PUBCHEM_COMPOUND:8438	vanilla
mf3722	flavordb	{'url': 'https://cosylab.iiitd.edu.in/flavordb/molecules_json?id=8438'}	id_matching	PUBCHEM_COMPOUND:8438	flower
mf3723	flavordb	{'url': 'https://cosylab.iiitd.edu.in/flavordb/molecules_json?id=8438'}	id_matching	PUBCHEM_COMPOUND:8438	bittersweet taste
mf3724	flavordb	{'url': 'https://cosylab.iiitd.edu.in/flavordb/molecules_json?id=84571'}	id_matching	PUBCHEM_COMPOUND:84571	sweet
mf3725	flavordb	{'url': 'https://cosylab.iiitd.edu.in/flavordb/molecules_json?id=84571'}	id_matching	PUBCHEM_COMPOUND:84571	odorless
mf3726	flavordb	{'url': 'https://cosylab.iiitd.edu.in/flavordb/molecules_json?id=8467'}	id_matching	PUBCHEM_COMPOUND:8467	sweet
mf3727	flavordb	{'url': 'https://cosylab.iiitd.edu.in/flavordb/molecules_json?id=8467'}	id_matching	PUBCHEM_COMPOUND:8467	resembles that of vanillin but approximately 3 times as strong.
mf3728	flavordb	{'url': 'https://cosylab.iiitd.edu.in/flavordb/molecules_json?id=8467'}	id_matching	PUBCHEM_COMPOUND:8467	creamy
mf3729	flavordb	{'url': 'https://cosylab.iiitd.edu.in/flavordb/molecules_json?id=8467'}	id_matching	PUBCHEM_COMPOUND:8467	finer and more intense vanilla
mf3730	flavordb	{'url': 'https://cosylab.iiitd.edu.in/flavordb/molecules_json?id=8467'}	id_matching	PUBCHEM_COMPOUND:8467	caramel
mf3731	flavordb	{'url': 'https://cosylab.iiitd.edu.in/flavordb/molecules_json?id=8467'}	id_matching	PUBCHEM_COMPOUND:8467	vanilla
mf3732	flavordb	{'url': 'https://cosylab.iiitd.edu.in/flavordb/molecules_json?id=8467'}	id_matching	PUBCHEM_COMPOUND:8467	finer and more intense taste than vanillin
mf3733	flavordb	{'url': 'https://cosylab.iiitd.edu.in/flavordb/molecules_json?id=16216990'}	id_matching	PUBCHEM_COMPOUND:16216990	sweet
mf3734	flavordb	{'url': 'https://cosylab.iiitd.edu.in/flavordb/molecules_json?id=325'}	id_matching	PUBCHEM_COMPOUND:325	caraway
mf3735	flavordb	{'url': 'https://cosylab.iiitd.edu.in/flavordb/molecules_json?id=325'}	id_matching	PUBCHEM_COMPOUND:325	strong
mf3736	flavordb	{'url': 'https://cosylab.iiitd.edu.in/flavordb/molecules_json?id=325'}	id_matching	PUBCHEM_COMPOUND:325	herbal
mf3737	flavordb	{'url': 'https://cosylab.iiitd.edu.in/flavordb/molecules_json?id=325'}	id_matching	PUBCHEM_COMPOUND:325	cumin
mf3738	flavordb	{'url': 'https://cosylab.iiitd.edu.in/flavordb/molecules_json?id=325'}	id_matching	PUBCHEM_COMPOUND:325	spicy
mf3739	flavordb	{'url': 'https://cosylab.iiitd.edu.in/flavordb/molecules_json?id=325'}	id_matching	PUBCHEM_COMPOUND:325	wood
mf3740	flavordb	{'url': 'https://cosylab.iiitd.edu.in/flavordb/molecules_json?id=325'}	id_matching	PUBCHEM_COMPOUND:325	herb
mf3741	flavordb	{'url': 'https://cosylab.iiitd.edu.in/flavordb/molecules_json?id=325'}	id_matching	PUBCHEM_COMPOUND:325	leather
mf3742	flavordb	{'url': 'https://cosylab.iiitd.edu.in/flavordb/molecules_json?id=11635'}	id_matching	PUBCHEM_COMPOUND:11635	fuel-like
mf3743	flavordb	{'url': 'https://cosylab.iiitd.edu.in/flavordb/molecules_json?id=11635'}	id_matching	PUBCHEM_COMPOUND:11635	alkane
mf3744	flavordb	{'url': 'https://cosylab.iiitd.edu.in/flavordb/molecules_json?id=5281659'}	id_matching	PUBCHEM_COMPOUND:5281659	sweet-like
mf3745	flavordb	{'url': 'https://cosylab.iiitd.edu.in/flavordb/molecules_json?id=87436'}	id_matching	PUBCHEM_COMPOUND:87436	mustard
mf3746	flavordb	{'url': 'https://cosylab.iiitd.edu.in/flavordb/molecules_json?id=87436'}	id_matching	PUBCHEM_COMPOUND:87436	horseradish
mf3747	flavordb	{'url': 'https://cosylab.iiitd.edu.in/flavordb/molecules_json?id=6584'}	id_matching	PUBCHEM_COMPOUND:6584	sweet
mf3748	flavordb	{'url': 'https://cosylab.iiitd.edu.in/flavordb/molecules_json?id=6584'}	id_matching	PUBCHEM_COMPOUND:6584	fruity
mf3749	flavordb	{'url': 'https://cosylab.iiitd.edu.in/flavordb/molecules_json?id=6584'}	id_matching	PUBCHEM_COMPOUND:6584	bitter
mf3750	flavordb	{'url': 'https://cosylab.iiitd.edu.in/flavordb/molecules_json?id=6584'}	id_matching	PUBCHEM_COMPOUND:6584	ether
mf3751	flavordb	{'url': 'https://cosylab.iiitd.edu.in/flavordb/molecules_json?id=6584'}	id_matching	PUBCHEM_COMPOUND:6584	fleeting, fruity taste
mf3752	flavordb	{'url': 'https://cosylab.iiitd.edu.in/flavordb/molecules_json?id=6584'}	id_matching	PUBCHEM_COMPOUND:6584	fragrant, fruity odor
mf3753	flavordb	{'url': 'https://cosylab.iiitd.edu.in/flavordb/molecules_json?id=6584'}	id_matching	PUBCHEM_COMPOUND:6584	pleasant odor
mf3754	flavordb	{'url': 'https://cosylab.iiitd.edu.in/flavordb/molecules_json?id=11124'}	id_matching	PUBCHEM_COMPOUND:11124	sweet, rum taste
mf3755	flavordb	{'url': 'https://cosylab.iiitd.edu.in/flavordb/molecules_json?id=11124'}	id_matching	PUBCHEM_COMPOUND:11124	fruity
mf3756	flavordb	{'url': 'https://cosylab.iiitd.edu.in/flavordb/molecules_json?id=11124'}	id_matching	PUBCHEM_COMPOUND:11124	harsh
mf3757	flavordb	{'url': 'https://cosylab.iiitd.edu.in/flavordb/molecules_json?id=11124'}	id_matching	PUBCHEM_COMPOUND:11124	strawberry
mf3758	flavordb	{'url': 'https://cosylab.iiitd.edu.in/flavordb/molecules_json?id=11124'}	id_matching	PUBCHEM_COMPOUND:11124	fresh
mf3759	flavordb	{'url': 'https://cosylab.iiitd.edu.in/flavordb/molecules_json?id=11124'}	id_matching	PUBCHEM_COMPOUND:11124	sweet flavor suggestive of black currant
mf3760	flavordb	{'url': 'https://cosylab.iiitd.edu.in/flavordb/molecules_json?id=11124'}	id_matching	PUBCHEM_COMPOUND:11124	apple
mf3761	flavordb	{'url': 'https://cosylab.iiitd.edu.in/flavordb/molecules_json?id=11124'}	id_matching	PUBCHEM_COMPOUND:11124	sweet, fruity, rum-like odor
mf3762	flavordb	{'url': 'https://cosylab.iiitd.edu.in/flavordb/molecules_json?id=11124'}	id_matching	PUBCHEM_COMPOUND:11124	rum
mf3763	flavordb	{'url': 'https://cosylab.iiitd.edu.in/flavordb/molecules_json?id=7761'}	id_matching	PUBCHEM_COMPOUND:7761	green
mf3764	flavordb	{'url': 'https://cosylab.iiitd.edu.in/flavordb/molecules_json?id=7761'}	id_matching	PUBCHEM_COMPOUND:7761	sweet
mf3765	flavordb	{'url': 'https://cosylab.iiitd.edu.in/flavordb/molecules_json?id=7761'}	id_matching	PUBCHEM_COMPOUND:7761	fruity
mf3766	flavordb	{'url': 'https://cosylab.iiitd.edu.in/flavordb/molecules_json?id=7761'}	id_matching	PUBCHEM_COMPOUND:7761	apple
mf3767	flavordb	{'url': 'https://cosylab.iiitd.edu.in/flavordb/molecules_json?id=39914'}	id_matching	PUBCHEM_COMPOUND:39914	sweet
mf3768	flavordb	{'url': 'https://cosylab.iiitd.edu.in/flavordb/molecules_json?id=39914'}	id_matching	PUBCHEM_COMPOUND:39914	peach
mf3769	flavordb	{'url': 'https://cosylab.iiitd.edu.in/flavordb/molecules_json?id=39914'}	id_matching	PUBCHEM_COMPOUND:39914	creamy
mf3770	flavordb	{'url': 'https://cosylab.iiitd.edu.in/flavordb/molecules_json?id=39914'}	id_matching	PUBCHEM_COMPOUND:39914	herbal
mf3771	flavordb	{'url': 'https://cosylab.iiitd.edu.in/flavordb/molecules_json?id=39914'}	id_matching	PUBCHEM_COMPOUND:39914	coconut
mf3772	flavordb	{'url': 'https://cosylab.iiitd.edu.in/flavordb/molecules_json?id=5363388'}	id_matching	PUBCHEM_COMPOUND:5363388	green
mf3773	flavordb	{'url': 'https://cosylab.iiitd.edu.in/flavordb/molecules_json?id=5363388'}	id_matching	PUBCHEM_COMPOUND:5363388	sweet
mf3774	flavordb	{'url': 'https://cosylab.iiitd.edu.in/flavordb/molecules_json?id=5363388'}	id_matching	PUBCHEM_COMPOUND:5363388	fruity
mf3775	flavordb	{'url': 'https://cosylab.iiitd.edu.in/flavordb/molecules_json?id=5363388'}	id_matching	PUBCHEM_COMPOUND:5363388	fresh
mf3776	flavordb	{'url': 'https://cosylab.iiitd.edu.in/flavordb/molecules_json?id=5363388'}	id_matching	PUBCHEM_COMPOUND:5363388	grassy
mf3777	flavordb	{'url': 'https://cosylab.iiitd.edu.in/flavordb/molecules_json?id=5363388'}	id_matching	PUBCHEM_COMPOUND:5363388	apple
mf3778	flavordb	{'url': 'https://cosylab.iiitd.edu.in/flavordb/molecules_json?id=5363388'}	id_matching	PUBCHEM_COMPOUND:5363388	banana
mf3779	flavordb	{'url': 'https://cosylab.iiitd.edu.in/flavordb/molecules_json?id=14296'}	id_matching	PUBCHEM_COMPOUND:14296	coffee
mf3780	flavordb	{'url': 'https://cosylab.iiitd.edu.in/flavordb/molecules_json?id=14296'}	id_matching	PUBCHEM_COMPOUND:14296	soybean
mf3781	flavordb	{'url': 'https://cosylab.iiitd.edu.in/flavordb/molecules_json?id=14296'}	id_matching	PUBCHEM_COMPOUND:14296	nutty
mf3782	flavordb	{'url': 'https://cosylab.iiitd.edu.in/flavordb/molecules_json?id=14296'}	id_matching	PUBCHEM_COMPOUND:14296	cocoa
mf3783	flavordb	{'url': 'https://cosylab.iiitd.edu.in/flavordb/molecules_json?id=14296'}	id_matching	PUBCHEM_COMPOUND:14296	musty
mf3784	flavordb	{'url': 'https://cosylab.iiitd.edu.in/flavordb/molecules_json?id=14296'}	id_matching	PUBCHEM_COMPOUND:14296	burnt
mf3785	flavordb	{'url': 'https://cosylab.iiitd.edu.in/flavordb/molecules_json?id=14296'}	id_matching	PUBCHEM_COMPOUND:14296	chocolate
mf3786	flavordb	{'url': 'https://cosylab.iiitd.edu.in/flavordb/molecules_json?id=14296'}	id_matching	PUBCHEM_COMPOUND:14296	lard
mf3787	flavordb	{'url': 'https://cosylab.iiitd.edu.in/flavordb/molecules_json?id=6919'}	id_matching	PUBCHEM_COMPOUND:6919	odorless
mf3788	flavordb	{'url': 'https://cosylab.iiitd.edu.in/flavordb/molecules_json?id=5280647'}	id_matching	PUBCHEM_COMPOUND:5280647	bitter
mf3789	flavordb	{'url': 'https://cosylab.iiitd.edu.in/flavordb/molecules_json?id=6116'}	id_matching	PUBCHEM_COMPOUND:6116	slight odor of acetic acid
mf3790	flavordb	{'url': 'https://cosylab.iiitd.edu.in/flavordb/molecules_json?id=6116'}	id_matching	PUBCHEM_COMPOUND:6116	mild
mf3791	flavordb	{'url': 'https://cosylab.iiitd.edu.in/flavordb/molecules_json?id=6116'}	id_matching	PUBCHEM_COMPOUND:6116	acetic
mf3792	flavordb	{'url': 'https://cosylab.iiitd.edu.in/flavordb/molecules_json?id=7456'}	id_matching	PUBCHEM_COMPOUND:7456	slight burning taste
mf3793	flavordb	{'url': 'https://cosylab.iiitd.edu.in/flavordb/molecules_json?id=7456'}	id_matching	PUBCHEM_COMPOUND:7456	odorless or has faint characteristic odor
mf3794	flavordb	{'url': 'https://cosylab.iiitd.edu.in/flavordb/molecules_json?id=7456'}	id_matching	PUBCHEM_COMPOUND:7456	odorless
mf3795	flavordb	{'url': 'https://cosylab.iiitd.edu.in/flavordb/molecules_json?id=9914062'}	id_matching	PUBCHEM_COMPOUND:9914062	sweet
mf3796	flavordb	{'url': 'https://cosylab.iiitd.edu.in/flavordb/molecules_json?id=12306048'}	id_matching	PUBCHEM_COMPOUND:12306048	dry
mf3797	flavordb	{'url': 'https://cosylab.iiitd.edu.in/flavordb/molecules_json?id=12306048'}	id_matching	PUBCHEM_COMPOUND:12306048	woody
mf3798	flavordb	{'url': 'https://cosylab.iiitd.edu.in/flavordb/molecules_json?id=8221'}	id_matching	PUBCHEM_COMPOUND:8221	bland
mf3799	flavordb	{'url': 'https://cosylab.iiitd.edu.in/flavordb/molecules_json?id=8221'}	id_matching	PUBCHEM_COMPOUND:8221	faint
mf3800	flavordb	{'url': 'https://cosylab.iiitd.edu.in/flavordb/molecules_json?id=8221'}	id_matching	PUBCHEM_COMPOUND:8221	oil
mf3801	flavordb	{'url': 'https://cosylab.iiitd.edu.in/flavordb/molecules_json?id=3516'}	id_matching	PUBCHEM_COMPOUND:3516	bitter
mf3802	flavordb	{'url': 'https://cosylab.iiitd.edu.in/flavordb/molecules_json?id=3516'}	id_matching	PUBCHEM_COMPOUND:3516	slight characteristic odor
mf3803	flavordb	{'url': 'https://cosylab.iiitd.edu.in/flavordb/molecules_json?id=3516'}	id_matching	PUBCHEM_COMPOUND:3516	slightly bitter aromatic taste
mf3804	flavordb	{'url': 'https://cosylab.iiitd.edu.in/flavordb/molecules_json?id=11016019'}	id_matching	PUBCHEM_COMPOUND:11016019	sweet-like
mf3805	flavordb	{'url': 'https://cosylab.iiitd.edu.in/flavordb/molecules_json?id=1549018'}	id_matching	PUBCHEM_COMPOUND:1549018	floral
mf3806	flavordb	{'url': 'https://cosylab.iiitd.edu.in/flavordb/molecules_json?id=1549018'}	id_matching	PUBCHEM_COMPOUND:1549018	jasmine
mf3807	flavordb	{'url': 'https://cosylab.iiitd.edu.in/flavordb/molecules_json?id=1549018'}	id_matching	PUBCHEM_COMPOUND:1549018	woody
mf3808	flavordb	{'url': 'https://cosylab.iiitd.edu.in/flavordb/molecules_json?id=1549018'}	id_matching	PUBCHEM_COMPOUND:1549018	woody, herbal and floral, with a citrus nuance
mf3809	flavordb	{'url': 'https://cosylab.iiitd.edu.in/flavordb/molecules_json?id=1549018'}	id_matching	PUBCHEM_COMPOUND:1549018	celery
mf3810	flavordb	{'url': 'https://cosylab.iiitd.edu.in/flavordb/molecules_json?id=1549018'}	id_matching	PUBCHEM_COMPOUND:1549018	herbal
mf3811	flavordb	{'url': 'https://cosylab.iiitd.edu.in/flavordb/molecules_json?id=1549018'}	id_matching	PUBCHEM_COMPOUND:1549018	woody, bitter, tea, with a citrus and floral nuance at 25 ppm
mf3812	flavordb	{'url': 'https://cosylab.iiitd.edu.in/flavordb/molecules_json?id=1549018'}	id_matching	PUBCHEM_COMPOUND:1549018	jasmin
mf3813	flavordb	{'url': 'https://cosylab.iiitd.edu.in/flavordb/molecules_json?id=1549018'}	id_matching	PUBCHEM_COMPOUND:1549018	spicy
mf3814	flavordb	{'url': 'https://cosylab.iiitd.edu.in/flavordb/molecules_json?id=1549018'}	id_matching	PUBCHEM_COMPOUND:1549018	odor of jasmine
mf3815	flavordb	{'url': 'https://cosylab.iiitd.edu.in/flavordb/molecules_json?id=6826'}	id_matching	PUBCHEM_COMPOUND:6826	sweet
mf3816	flavordb	{'url': 'https://cosylab.iiitd.edu.in/flavordb/molecules_json?id=6826'}	id_matching	PUBCHEM_COMPOUND:6826	musty, grape-like flavor, somewhat more berry-like than grape
mf3817	flavordb	{'url': 'https://cosylab.iiitd.edu.in/flavordb/molecules_json?id=6826'}	id_matching	PUBCHEM_COMPOUND:6826	fruity
mf3818	flavordb	{'url': 'https://cosylab.iiitd.edu.in/flavordb/molecules_json?id=6826'}	id_matching	PUBCHEM_COMPOUND:6826	powdery
mf3819	flavordb	{'url': 'https://cosylab.iiitd.edu.in/flavordb/molecules_json?id=6826'}	id_matching	PUBCHEM_COMPOUND:6826	neroli
mf3820	flavordb	{'url': 'https://cosylab.iiitd.edu.in/flavordb/molecules_json?id=6826'}	id_matching	PUBCHEM_COMPOUND:6826	orange
mf3821	flavordb	{'url': 'https://cosylab.iiitd.edu.in/flavordb/molecules_json?id=6826'}	id_matching	PUBCHEM_COMPOUND:6826	wine
mf3822	flavordb	{'url': 'https://cosylab.iiitd.edu.in/flavordb/molecules_json?id=6826'}	id_matching	PUBCHEM_COMPOUND:6826	blossom
mf3823	flavordb	{'url': 'https://cosylab.iiitd.edu.in/flavordb/molecules_json?id=6826'}	id_matching	PUBCHEM_COMPOUND:6826	phenolic
mf3824	flavordb	{'url': 'https://cosylab.iiitd.edu.in/flavordb/molecules_json?id=6826'}	id_matching	PUBCHEM_COMPOUND:6826	musty
mf3825	flavordb	{'url': 'https://cosylab.iiitd.edu.in/flavordb/molecules_json?id=6826'}	id_matching	PUBCHEM_COMPOUND:6826	orange & mandarin-peel-like odor
mf3826	flavordb	{'url': 'https://cosylab.iiitd.edu.in/flavordb/molecules_json?id=6826'}	id_matching	PUBCHEM_COMPOUND:6826	grape
mf3827	flavordb	{'url': 'https://cosylab.iiitd.edu.in/flavordb/molecules_json?id=8182'}	id_matching	PUBCHEM_COMPOUND:8182	alkane
mf3828	flavordb	{'url': 'https://cosylab.iiitd.edu.in/flavordb/molecules_json?id=160799'}	id_matching	PUBCHEM_COMPOUND:160799	balsam
mf3829	flavordb	{'url': 'https://cosylab.iiitd.edu.in/flavordb/molecules_json?id=160799'}	id_matching	PUBCHEM_COMPOUND:160799	odorless
mf3830	flavordb	{'url': 'https://cosylab.iiitd.edu.in/flavordb/molecules_json?id=160799'}	id_matching	PUBCHEM_COMPOUND:160799	earthy
mf3831	flavordb	{'url': 'https://cosylab.iiitd.edu.in/flavordb/molecules_json?id=193395'}	id_matching	PUBCHEM_COMPOUND:193395	sweet
mf3832	flavordb	{'url': 'https://cosylab.iiitd.edu.in/flavordb/molecules_json?id=155007'}	id_matching	PUBCHEM_COMPOUND:155007	floral
mf3833	flavordb	{'url': 'https://cosylab.iiitd.edu.in/flavordb/molecules_json?id=155007'}	id_matching	PUBCHEM_COMPOUND:155007	lilac
mf3834	flavordb	{'url': 'https://cosylab.iiitd.edu.in/flavordb/molecules_json?id=14529'}	id_matching	PUBCHEM_COMPOUND:14529	floral
mf3835	flavordb	{'url': 'https://cosylab.iiitd.edu.in/flavordb/molecules_json?id=14529'}	id_matching	PUBCHEM_COMPOUND:14529	sweet
mf3836	flavordb	{'url': 'https://cosylab.iiitd.edu.in/flavordb/molecules_json?id=14529'}	id_matching	PUBCHEM_COMPOUND:14529	fruity
mf3837	flavordb	{'url': 'https://cosylab.iiitd.edu.in/flavordb/molecules_json?id=14529'}	id_matching	PUBCHEM_COMPOUND:14529	citrus
mf3838	flavordb	{'url': 'https://cosylab.iiitd.edu.in/flavordb/molecules_json?id=14529'}	id_matching	PUBCHEM_COMPOUND:14529	coumarin
mf3839	flavordb	{'url': 'https://cosylab.iiitd.edu.in/flavordb/molecules_json?id=14529'}	id_matching	PUBCHEM_COMPOUND:14529	must
mf3840	flavordb	{'url': 'https://cosylab.iiitd.edu.in/flavordb/molecules_json?id=14529'}	id_matching	PUBCHEM_COMPOUND:14529	camphor
mf3841	flavordb	{'url': 'https://cosylab.iiitd.edu.in/flavordb/molecules_json?id=14529'}	id_matching	PUBCHEM_COMPOUND:14529	cherry
mf3842	flavordb	{'url': 'https://cosylab.iiitd.edu.in/flavordb/molecules_json?id=6428995'}	id_matching	PUBCHEM_COMPOUND:6428995	cinnamon
mf3843	flavordb	{'url': 'https://cosylab.iiitd.edu.in/flavordb/molecules_json?id=6428995'}	id_matching	PUBCHEM_COMPOUND:6428995	spicy
mf3844	flavordb	{'url': 'https://cosylab.iiitd.edu.in/flavordb/molecules_json?id=165224'}	id_matching	PUBCHEM_COMPOUND:165224	radish
mf3845	flavordb	{'url': 'https://cosylab.iiitd.edu.in/flavordb/molecules_json?id=5362720'}	id_matching	PUBCHEM_COMPOUND:5362720	green
mf3846	flavordb	{'url': 'https://cosylab.iiitd.edu.in/flavordb/molecules_json?id=5362720'}	id_matching	PUBCHEM_COMPOUND:5362720	cucumber
mf3847	flavordb	{'url': 'https://cosylab.iiitd.edu.in/flavordb/molecules_json?id=5362720'}	id_matching	PUBCHEM_COMPOUND:5362720	waxy
mf3848	flavordb	{'url': 'https://cosylab.iiitd.edu.in/flavordb/molecules_json?id=5362720'}	id_matching	PUBCHEM_COMPOUND:5362720	melon
mf3849	flavordb	{'url': 'https://cosylab.iiitd.edu.in/flavordb/molecules_json?id=5362720'}	id_matching	PUBCHEM_COMPOUND:5362720	cantaloupe
mf3850	flavordb	{'url': 'https://cosylab.iiitd.edu.in/flavordb/molecules_json?id=61184'}	id_matching	PUBCHEM_COMPOUND:61184	estery
mf3851	flavordb	{'url': 'https://cosylab.iiitd.edu.in/flavordb/molecules_json?id=61184'}	id_matching	PUBCHEM_COMPOUND:61184	sweet
mf3852	flavordb	{'url': 'https://cosylab.iiitd.edu.in/flavordb/molecules_json?id=61184'}	id_matching	PUBCHEM_COMPOUND:61184	pineapple
mf3853	flavordb	{'url': 'https://cosylab.iiitd.edu.in/flavordb/molecules_json?id=61184'}	id_matching	PUBCHEM_COMPOUND:61184	fruity
mf3854	flavordb	{'url': 'https://cosylab.iiitd.edu.in/flavordb/molecules_json?id=61184'}	id_matching	PUBCHEM_COMPOUND:61184	pungent
mf3855	flavordb	{'url': 'https://cosylab.iiitd.edu.in/flavordb/molecules_json?id=61184'}	id_matching	PUBCHEM_COMPOUND:61184	ether
mf3856	flavordb	{'url': 'https://cosylab.iiitd.edu.in/flavordb/molecules_json?id=61184'}	id_matching	PUBCHEM_COMPOUND:61184	ripe
mf3857	flavordb	{'url': 'https://cosylab.iiitd.edu.in/flavordb/molecules_json?id=61184'}	id_matching	PUBCHEM_COMPOUND:61184	fruit
mf3858	flavordb	{'url': 'https://cosylab.iiitd.edu.in/flavordb/molecules_json?id=441036'}	id_matching	PUBCHEM_COMPOUND:441036	sweet
mf3859	flavordb	{'url': 'https://cosylab.iiitd.edu.in/flavordb/molecules_json?id=12097'}	id_matching	PUBCHEM_COMPOUND:12097	maple
mf3860	flavordb	{'url': 'https://cosylab.iiitd.edu.in/flavordb/molecules_json?id=12097'}	id_matching	PUBCHEM_COMPOUND:12097	almond
mf3861	flavordb	{'url': 'https://cosylab.iiitd.edu.in/flavordb/molecules_json?id=12097'}	id_matching	PUBCHEM_COMPOUND:12097	spice
mf3862	flavordb	{'url': 'https://cosylab.iiitd.edu.in/flavordb/molecules_json?id=12097'}	id_matching	PUBCHEM_COMPOUND:12097	burnt sugar
mf3863	flavordb	{'url': 'https://cosylab.iiitd.edu.in/flavordb/molecules_json?id=12097'}	id_matching	PUBCHEM_COMPOUND:12097	caramel
mf3864	flavordb	{'url': 'https://cosylab.iiitd.edu.in/flavordb/molecules_json?id=19244'}	id_matching	PUBCHEM_COMPOUND:19244	menthol
mf3865	flavordb	{'url': 'https://cosylab.iiitd.edu.in/flavordb/molecules_json?id=5281435'}	id_matching	PUBCHEM_COMPOUND:5281435	bitter
mf3866	flavordb	{'url': 'https://cosylab.iiitd.edu.in/flavordb/molecules_json?id=71485'}	id_matching	PUBCHEM_COMPOUND:71485	sweet
mf3867	flavordb	{'url': 'https://cosylab.iiitd.edu.in/flavordb/molecules_json?id=71485'}	id_matching	PUBCHEM_COMPOUND:71485	intensely sweet taste
mf3868	flavordb	{'url': 'https://cosylab.iiitd.edu.in/flavordb/molecules_json?id=7533'}	id_matching	PUBCHEM_COMPOUND:7533	sweet
mf3869	flavordb	{'url': 'https://cosylab.iiitd.edu.in/flavordb/molecules_json?id=7533'}	id_matching	PUBCHEM_COMPOUND:7533	a bitter taste becomes noticeable when quantity in foods approaches 0.5%.
mf3870	flavordb	{'url': 'https://cosylab.iiitd.edu.in/flavordb/molecules_json?id=7533'}	id_matching	PUBCHEM_COMPOUND:7533	sweet-sour
mf3871	flavordb	{'url': 'https://cosylab.iiitd.edu.in/flavordb/molecules_json?id=7533'}	id_matching	PUBCHEM_COMPOUND:7533	odorless
mf3872	flavordb	{'url': 'https://cosylab.iiitd.edu.in/flavordb/molecules_json?id=11583'}	id_matching	PUBCHEM_COMPOUND:11583	ethereal
mf3873	flavordb	{'url': 'https://cosylab.iiitd.edu.in/flavordb/molecules_json?id=11583'}	id_matching	PUBCHEM_COMPOUND:11583	ether
mf3874	flavordb	{'url': 'https://cosylab.iiitd.edu.in/flavordb/molecules_json?id=11583'}	id_matching	PUBCHEM_COMPOUND:11583	characteristic acetone like odor, but more pungent
mf3875	flavordb	{'url': 'https://cosylab.iiitd.edu.in/flavordb/molecules_json?id=4740'}	id_matching	PUBCHEM_COMPOUND:4740	bitter
mf3876	flavordb	{'url': 'https://cosylab.iiitd.edu.in/flavordb/molecules_json?id=5365703'}	id_matching	PUBCHEM_COMPOUND:5365703	musty
mf3877	flavordb	{'url': 'https://cosylab.iiitd.edu.in/flavordb/molecules_json?id=5365703'}	id_matching	PUBCHEM_COMPOUND:5365703	musky
mf3878	flavordb	{'url': 'https://cosylab.iiitd.edu.in/flavordb/molecules_json?id=5365703'}	id_matching	PUBCHEM_COMPOUND:5365703	animal
mf3879	flavordb	{'url': 'https://cosylab.iiitd.edu.in/flavordb/molecules_json?id=3611'}	id_matching	PUBCHEM_COMPOUND:3611	woody
mf3880	flavordb	{'url': 'https://cosylab.iiitd.edu.in/flavordb/molecules_json?id=3611'}	id_matching	PUBCHEM_COMPOUND:3611	phenolic
mf3881	flavordb	{'url': 'https://cosylab.iiitd.edu.in/flavordb/molecules_json?id=6427076'}	id_matching	PUBCHEM_COMPOUND:6427076	spicy
mf3882	flavordb	{'url': 'https://cosylab.iiitd.edu.in/flavordb/molecules_json?id=6427076'}	id_matching	PUBCHEM_COMPOUND:6427076	sweet
mf3883	flavordb	{'url': 'https://cosylab.iiitd.edu.in/flavordb/molecules_json?id=6427076'}	id_matching	PUBCHEM_COMPOUND:6427076	woody
mf3884	flavordb	{'url': 'https://cosylab.iiitd.edu.in/flavordb/molecules_json?id=206'}	id_matching	PUBCHEM_COMPOUND:206	sweet
mf3885	flavordb	{'url': 'https://cosylab.iiitd.edu.in/flavordb/molecules_json?id=54676038'}	id_matching	PUBCHEM_COMPOUND:54676038	bitter
mf3886	flavordb	{'url': 'https://cosylab.iiitd.edu.in/flavordb/molecules_json?id=54676038'}	id_matching	PUBCHEM_COMPOUND:54676038	slight, pleasant odor
mf3887	flavordb	{'url': 'https://cosylab.iiitd.edu.in/flavordb/molecules_json?id=54676038'}	id_matching	PUBCHEM_COMPOUND:54676038	slightly bitter taste
mf3888	flavordb	{'url': 'https://cosylab.iiitd.edu.in/flavordb/molecules_json?id=2998'}	id_matching	PUBCHEM_COMPOUND:2998	bland
mf3889	flavordb	{'url': 'https://cosylab.iiitd.edu.in/flavordb/molecules_json?id=2998'}	id_matching	PUBCHEM_COMPOUND:2998	odorless
mf3890	flavordb	{'url': 'https://cosylab.iiitd.edu.in/flavordb/molecules_json?id=439193'}	id_matching	PUBCHEM_COMPOUND:439193	sweet
mf3891	flavordb	{'url': 'https://cosylab.iiitd.edu.in/flavordb/molecules_json?id=6370843'}	id_matching	PUBCHEM_COMPOUND:6370843	woody
mf3892	flavordb	{'url': 'https://cosylab.iiitd.edu.in/flavordb/molecules_json?id=6370843'}	id_matching	PUBCHEM_COMPOUND:6370843	spice
mf3893	flavordb	{'url': 'https://cosylab.iiitd.edu.in/flavordb/molecules_json?id=6370843'}	id_matching	PUBCHEM_COMPOUND:6370843	earthy
mf3894	flavordb	{'url': 'https://cosylab.iiitd.edu.in/flavordb/molecules_json?id=6370843'}	id_matching	PUBCHEM_COMPOUND:6370843	spicy
mf3895	flavordb	{'url': 'https://cosylab.iiitd.edu.in/flavordb/molecules_json?id=6370843'}	id_matching	PUBCHEM_COMPOUND:6370843	wood
mf3896	flavordb	{'url': 'https://cosylab.iiitd.edu.in/flavordb/molecules_json?id=6370843'}	id_matching	PUBCHEM_COMPOUND:6370843	earth
mf3897	flavordb	{'url': 'https://cosylab.iiitd.edu.in/flavordb/molecules_json?id=4947'}	id_matching	PUBCHEM_COMPOUND:4947	bland
mf3898	flavordb	{'url': 'https://cosylab.iiitd.edu.in/flavordb/molecules_json?id=4947'}	id_matching	PUBCHEM_COMPOUND:4947	bitter
mf3899	flavordb	{'url': 'https://cosylab.iiitd.edu.in/flavordb/molecules_json?id=4947'}	id_matching	PUBCHEM_COMPOUND:4947	odorless or with a faint odor
mf3900	flavordb	{'url': 'https://cosylab.iiitd.edu.in/flavordb/molecules_json?id=4947'}	id_matching	PUBCHEM_COMPOUND:4947	odorless
mf3901	flavordb	{'url': 'https://cosylab.iiitd.edu.in/flavordb/molecules_json?id=4947'}	id_matching	PUBCHEM_COMPOUND:4947	slightly bitter taste
mf3902	flavordb	{'url': 'https://cosylab.iiitd.edu.in/flavordb/molecules_json?id=5054'}	id_matching	PUBCHEM_COMPOUND:5054	hawthorn
mf3903	flavordb	{'url': 'https://cosylab.iiitd.edu.in/flavordb/molecules_json?id=5054'}	id_matching	PUBCHEM_COMPOUND:5054	creamy
mf3904	flavordb	{'url': 'https://cosylab.iiitd.edu.in/flavordb/molecules_json?id=5054'}	id_matching	PUBCHEM_COMPOUND:5054	sweetish taste followed by bitter taste
mf3905	flavordb	{'url': 'https://cosylab.iiitd.edu.in/flavordb/molecules_json?id=5054'}	id_matching	PUBCHEM_COMPOUND:5054	phenolic
mf3906	flavordb	{'url': 'https://cosylab.iiitd.edu.in/flavordb/molecules_json?id=5054'}	id_matching	PUBCHEM_COMPOUND:5054	musty
mf3907	flavordb	{'url': 'https://cosylab.iiitd.edu.in/flavordb/molecules_json?id=5054'}	id_matching	PUBCHEM_COMPOUND:5054	nutty
mf3908	flavordb	{'url': 'https://cosylab.iiitd.edu.in/flavordb/molecules_json?id=5054'}	id_matching	PUBCHEM_COMPOUND:5054	faint, characteristic odor
mf3909	flavordb	{'url': 'https://cosylab.iiitd.edu.in/flavordb/molecules_json?id=7410'}	id_matching	PUBCHEM_COMPOUND:7410	hawthorn
mf3910	flavordb	{'url': 'https://cosylab.iiitd.edu.in/flavordb/molecules_json?id=7410'}	id_matching	PUBCHEM_COMPOUND:7410	sweet
mf3911	flavordb	{'url': 'https://cosylab.iiitd.edu.in/flavordb/molecules_json?id=7410'}	id_matching	PUBCHEM_COMPOUND:7410	sweet, pungent odor of acacia
mf3912	flavordb	{'url': 'https://cosylab.iiitd.edu.in/flavordb/molecules_json?id=7410'}	id_matching	PUBCHEM_COMPOUND:7410	acacia
mf3913	flavordb	{'url': 'https://cosylab.iiitd.edu.in/flavordb/molecules_json?id=7410'}	id_matching	PUBCHEM_COMPOUND:7410	chemical
mf3914	flavordb	{'url': 'https://cosylab.iiitd.edu.in/flavordb/molecules_json?id=7410'}	id_matching	PUBCHEM_COMPOUND:7410	pungent
mf3915	flavordb	{'url': 'https://cosylab.iiitd.edu.in/flavordb/molecules_json?id=7410'}	id_matching	PUBCHEM_COMPOUND:7410	bitter
mf3916	flavordb	{'url': 'https://cosylab.iiitd.edu.in/flavordb/molecules_json?id=7410'}	id_matching	PUBCHEM_COMPOUND:7410	almond
mf3917	flavordb	{'url': 'https://cosylab.iiitd.edu.in/flavordb/molecules_json?id=7410'}	id_matching	PUBCHEM_COMPOUND:7410	orange blossom or jasmine-like
mf3918	flavordb	{'url': 'https://cosylab.iiitd.edu.in/flavordb/molecules_json?id=7410'}	id_matching	PUBCHEM_COMPOUND:7410	mimosa
mf3919	flavordb	{'url': 'https://cosylab.iiitd.edu.in/flavordb/molecules_json?id=7410'}	id_matching	PUBCHEM_COMPOUND:7410	hawthorne
mf3920	flavordb	{'url': 'https://cosylab.iiitd.edu.in/flavordb/molecules_json?id=7410'}	id_matching	PUBCHEM_COMPOUND:7410	bitter, aromatic flavor
mf3921	flavordb	{'url': 'https://cosylab.iiitd.edu.in/flavordb/molecules_json?id=7410'}	id_matching	PUBCHEM_COMPOUND:7410	must
mf3922	flavordb	{'url': 'https://cosylab.iiitd.edu.in/flavordb/molecules_json?id=7410'}	id_matching	PUBCHEM_COMPOUND:7410	flower
mf3923	flavordb	{'url': 'https://cosylab.iiitd.edu.in/flavordb/molecules_json?id=13357'}	id_matching	PUBCHEM_COMPOUND:13357	green
mf3924	flavordb	{'url': 'https://cosylab.iiitd.edu.in/flavordb/molecules_json?id=13357'}	id_matching	PUBCHEM_COMPOUND:13357	sweet
mf3925	flavordb	{'url': 'https://cosylab.iiitd.edu.in/flavordb/molecules_json?id=13357'}	id_matching	PUBCHEM_COMPOUND:13357	fruity
mf3926	flavordb	{'url': 'https://cosylab.iiitd.edu.in/flavordb/molecules_json?id=13357'}	id_matching	PUBCHEM_COMPOUND:13357	tutti frutti
mf3927	flavordb	{'url': 'https://cosylab.iiitd.edu.in/flavordb/molecules_json?id=13357'}	id_matching	PUBCHEM_COMPOUND:13357	fatty
mf3928	flavordb	{'url': 'https://cosylab.iiitd.edu.in/flavordb/molecules_json?id=13357'}	id_matching	PUBCHEM_COMPOUND:13357	apple
mf3929	flavordb	{'url': 'https://cosylab.iiitd.edu.in/flavordb/molecules_json?id=263'}	id_matching	PUBCHEM_COMPOUND:263	balsam
mf3930	flavordb	{'url': 'https://cosylab.iiitd.edu.in/flavordb/molecules_json?id=263'}	id_matching	PUBCHEM_COMPOUND:263	odor similar to amyl alcohol
mf3931	flavordb	{'url': 'https://cosylab.iiitd.edu.in/flavordb/molecules_json?id=263'}	id_matching	PUBCHEM_COMPOUND:263	sweet
mf3932	flavordb	{'url': 'https://cosylab.iiitd.edu.in/flavordb/molecules_json?id=263'}	id_matching	PUBCHEM_COMPOUND:263	dry, burning taste
mf3933	flavordb	{'url': 'https://cosylab.iiitd.edu.in/flavordb/molecules_json?id=263'}	id_matching	PUBCHEM_COMPOUND:263	rancid, sweet
mf3934	flavordb	{'url': 'https://cosylab.iiitd.edu.in/flavordb/molecules_json?id=263'}	id_matching	PUBCHEM_COMPOUND:263	5.00x10-1 ppm (taste detection in water, gas chromatically pure)
mf3935	flavordb	{'url': 'https://cosylab.iiitd.edu.in/flavordb/molecules_json?id=263'}	id_matching	PUBCHEM_COMPOUND:263	medicinal
mf3936	flavordb	{'url': 'https://cosylab.iiitd.edu.in/flavordb/molecules_json?id=263'}	id_matching	PUBCHEM_COMPOUND:263	oil
mf3937	flavordb	{'url': 'https://cosylab.iiitd.edu.in/flavordb/molecules_json?id=263'}	id_matching	PUBCHEM_COMPOUND:263	medicine
mf3938	flavordb	{'url': 'https://cosylab.iiitd.edu.in/flavordb/molecules_json?id=263'}	id_matching	PUBCHEM_COMPOUND:263	fusel
mf3939	flavordb	{'url': 'https://cosylab.iiitd.edu.in/flavordb/molecules_json?id=263'}	id_matching	PUBCHEM_COMPOUND:263	strong characteristic, mildly alcoholic odor
mf3940	flavordb	{'url': 'https://cosylab.iiitd.edu.in/flavordb/molecules_json?id=263'}	id_matching	PUBCHEM_COMPOUND:263	harsh fusel odor with banana
mf3941	flavordb	{'url': 'https://cosylab.iiitd.edu.in/flavordb/molecules_json?id=263'}	id_matching	PUBCHEM_COMPOUND:263	vanilla
mf3942	flavordb	{'url': 'https://cosylab.iiitd.edu.in/flavordb/molecules_json?id=263'}	id_matching	PUBCHEM_COMPOUND:263	banana, fusel taste
mf3943	flavordb	{'url': 'https://cosylab.iiitd.edu.in/flavordb/molecules_json?id=263'}	id_matching	PUBCHEM_COMPOUND:263	fruit
mf3944	flavordb	{'url': 'https://cosylab.iiitd.edu.in/flavordb/molecules_json?id=637796'}	id_matching	PUBCHEM_COMPOUND:637796	anise odor
mf3945	flavordb	{'url': 'https://cosylab.iiitd.edu.in/flavordb/molecules_json?id=637796'}	id_matching	PUBCHEM_COMPOUND:637796	fragrant
mf3946	flavordb	{'url': 'https://cosylab.iiitd.edu.in/flavordb/molecules_json?id=14079'}	id_matching	PUBCHEM_COMPOUND:14079	walnut
mf3947	flavordb	{'url': 'https://cosylab.iiitd.edu.in/flavordb/molecules_json?id=14079'}	id_matching	PUBCHEM_COMPOUND:14079	coumarin
mf3948	flavordb	{'url': 'https://cosylab.iiitd.edu.in/flavordb/molecules_json?id=14079'}	id_matching	PUBCHEM_COMPOUND:14079	nut
mf3949	flavordb	{'url': 'https://cosylab.iiitd.edu.in/flavordb/molecules_json?id=14079'}	id_matching	PUBCHEM_COMPOUND:14079	licorice
mf3950	flavordb	{'url': 'https://cosylab.iiitd.edu.in/flavordb/molecules_json?id=14079'}	id_matching	PUBCHEM_COMPOUND:14079	bread
mf3951	flavordb	{'url': 'https://cosylab.iiitd.edu.in/flavordb/molecules_json?id=14079'}	id_matching	PUBCHEM_COMPOUND:14079	musty
mf3952	flavordb	{'url': 'https://cosylab.iiitd.edu.in/flavordb/molecules_json?id=14079'}	id_matching	PUBCHEM_COMPOUND:14079	nutty
mf3953	flavordb	{'url': 'https://cosylab.iiitd.edu.in/flavordb/molecules_json?id=10975'}	id_matching	PUBCHEM_COMPOUND:10975	floral
mf3954	flavordb	{'url': 'https://cosylab.iiitd.edu.in/flavordb/molecules_json?id=10975'}	id_matching	PUBCHEM_COMPOUND:10975	citrus
mf3955	flavordb	{'url': 'https://cosylab.iiitd.edu.in/flavordb/molecules_json?id=10975'}	id_matching	PUBCHEM_COMPOUND:10975	lavender
mf3956	flavordb	{'url': 'https://cosylab.iiitd.edu.in/flavordb/molecules_json?id=10975'}	id_matching	PUBCHEM_COMPOUND:10975	fresh
mf3957	flavordb	{'url': 'https://cosylab.iiitd.edu.in/flavordb/molecules_json?id=5461157'}	id_matching	PUBCHEM_COMPOUND:5461157	sweet
mf3958	flavordb	{'url': 'https://cosylab.iiitd.edu.in/flavordb/molecules_json?id=8907'}	id_matching	PUBCHEM_COMPOUND:8907	bland
mf3959	flavordb	{'url': 'https://cosylab.iiitd.edu.in/flavordb/molecules_json?id=8907'}	id_matching	PUBCHEM_COMPOUND:8907	fat
mf3960	flavordb	{'url': 'https://cosylab.iiitd.edu.in/flavordb/molecules_json?id=8907'}	id_matching	PUBCHEM_COMPOUND:8907	almost odorless
mf3961	flavordb	{'url': 'https://cosylab.iiitd.edu.in/flavordb/molecules_json?id=8907'}	id_matching	PUBCHEM_COMPOUND:8907	oily
mf3962	flavordb	{'url': 'https://cosylab.iiitd.edu.in/flavordb/molecules_json?id=178'}	id_matching	PUBCHEM_COMPOUND:178	odorless when pure, but frequently has a mousy odor
mf3963	flavordb	{'url': 'https://cosylab.iiitd.edu.in/flavordb/molecules_json?id=178'}	id_matching	PUBCHEM_COMPOUND:178	pure acetamide has a bitter taste
mf3964	flavordb	{'url': 'https://cosylab.iiitd.edu.in/flavordb/molecules_json?id=178'}	id_matching	PUBCHEM_COMPOUND:178	mousy
mf3965	flavordb	{'url': 'https://cosylab.iiitd.edu.in/flavordb/molecules_json?id=12844'}	id_matching	PUBCHEM_COMPOUND:12844	at low levels has peach, pear, plum-like flavor
mf3966	flavordb	{'url': 'https://cosylab.iiitd.edu.in/flavordb/molecules_json?id=12844'}	id_matching	PUBCHEM_COMPOUND:12844	sweet
mf3967	flavordb	{'url': 'https://cosylab.iiitd.edu.in/flavordb/molecules_json?id=12844'}	id_matching	PUBCHEM_COMPOUND:12844	peach
mf3968	flavordb	{'url': 'https://cosylab.iiitd.edu.in/flavordb/molecules_json?id=12844'}	id_matching	PUBCHEM_COMPOUND:12844	creamy
mf3969	flavordb	{'url': 'https://cosylab.iiitd.edu.in/flavordb/molecules_json?id=12844'}	id_matching	PUBCHEM_COMPOUND:12844	fresh
mf3970	flavordb	{'url': 'https://cosylab.iiitd.edu.in/flavordb/molecules_json?id=12844'}	id_matching	PUBCHEM_COMPOUND:12844	powerful, fresh-fruit, oily odor
mf3971	flavordb	{'url': 'https://cosylab.iiitd.edu.in/flavordb/molecules_json?id=12844'}	id_matching	PUBCHEM_COMPOUND:12844	creamy taste
mf3972	flavordb	{'url': 'https://cosylab.iiitd.edu.in/flavordb/molecules_json?id=12844'}	id_matching	PUBCHEM_COMPOUND:12844	coconut
mf3973	flavordb	{'url': 'https://cosylab.iiitd.edu.in/flavordb/molecules_json?id=12844'}	id_matching	PUBCHEM_COMPOUND:12844	cheese
mf3974	flavordb	{'url': 'https://cosylab.iiitd.edu.in/flavordb/molecules_json?id=12844'}	id_matching	PUBCHEM_COMPOUND:12844	buttery
mf3975	flavordb	{'url': 'https://cosylab.iiitd.edu.in/flavordb/molecules_json?id=12844'}	id_matching	PUBCHEM_COMPOUND:12844	butter
mf3976	flavordb	{'url': 'https://cosylab.iiitd.edu.in/flavordb/molecules_json?id=12844'}	id_matching	PUBCHEM_COMPOUND:12844	oily
mf3977	flavordb	{'url': 'https://cosylab.iiitd.edu.in/flavordb/molecules_json?id=12844'}	id_matching	PUBCHEM_COMPOUND:12844	fruit
mf3978	flavordb	{'url': 'https://cosylab.iiitd.edu.in/flavordb/molecules_json?id=12844'}	id_matching	PUBCHEM_COMPOUND:12844	metallic
mf3979	flavordb	{'url': 'https://cosylab.iiitd.edu.in/flavordb/molecules_json?id=11105941'}	id_matching	PUBCHEM_COMPOUND:11105941	sweet
mf3980	flavordb	{'url': 'https://cosylab.iiitd.edu.in/flavordb/molecules_json?id=8193'}	id_matching	PUBCHEM_COMPOUND:8193	wax
mf3981	flavordb	{'url': 'https://cosylab.iiitd.edu.in/flavordb/molecules_json?id=8193'}	id_matching	PUBCHEM_COMPOUND:8193	fat
mf3982	flavordb	{'url': 'https://cosylab.iiitd.edu.in/flavordb/molecules_json?id=8193'}	id_matching	PUBCHEM_COMPOUND:8193	unpleasant at high concn but delicate & floral on dilution
mf3983	flavordb	{'url': 'https://cosylab.iiitd.edu.in/flavordb/molecules_json?id=8193'}	id_matching	PUBCHEM_COMPOUND:8193	waxy
mf3984	flavordb	{'url': 'https://cosylab.iiitd.edu.in/flavordb/molecules_json?id=8193'}	id_matching	PUBCHEM_COMPOUND:8193	fatty, waxy flavor
mf3985	flavordb	{'url': 'https://cosylab.iiitd.edu.in/flavordb/molecules_json?id=8193'}	id_matching	PUBCHEM_COMPOUND:8193	fatty
mf3986	flavordb	{'url': 'https://cosylab.iiitd.edu.in/flavordb/molecules_json?id=8193'}	id_matching	PUBCHEM_COMPOUND:8193	characteristic fatty odor
mf3987	flavordb	{'url': 'https://cosylab.iiitd.edu.in/flavordb/molecules_json?id=8193'}	id_matching	PUBCHEM_COMPOUND:8193	coconut
mf3988	flavordb	{'url': 'https://cosylab.iiitd.edu.in/flavordb/molecules_json?id=8193'}	id_matching	PUBCHEM_COMPOUND:8193	earthy
mf3989	flavordb	{'url': 'https://cosylab.iiitd.edu.in/flavordb/molecules_json?id=8193'}	id_matching	PUBCHEM_COMPOUND:8193	honey
mf3990	flavordb	{'url': 'https://cosylab.iiitd.edu.in/flavordb/molecules_json?id=8193'}	id_matching	PUBCHEM_COMPOUND:8193	fatty repulsive odor
mf3991	flavordb	{'url': 'https://cosylab.iiitd.edu.in/flavordb/molecules_json?id=8193'}	id_matching	PUBCHEM_COMPOUND:8193	soapy
mf3992	flavordb	{'url': 'https://cosylab.iiitd.edu.in/flavordb/molecules_json?id=8184'}	id_matching	PUBCHEM_COMPOUND:8184	floral
mf3993	flavordb	{'url': 'https://cosylab.iiitd.edu.in/flavordb/molecules_json?id=8184'}	id_matching	PUBCHEM_COMPOUND:8184	rose
mf3994	flavordb	{'url': 'https://cosylab.iiitd.edu.in/flavordb/molecules_json?id=8184'}	id_matching	PUBCHEM_COMPOUND:8184	waxy
mf3995	flavordb	{'url': 'https://cosylab.iiitd.edu.in/flavordb/molecules_json?id=8184'}	id_matching	PUBCHEM_COMPOUND:8184	mandarin
mf3996	flavordb	{'url': 'https://cosylab.iiitd.edu.in/flavordb/molecules_json?id=8184'}	id_matching	PUBCHEM_COMPOUND:8184	citrus
mf3997	flavordb	{'url': 'https://cosylab.iiitd.edu.in/flavordb/molecules_json?id=8184'}	id_matching	PUBCHEM_COMPOUND:8184	fresh
mf3998	flavordb	{'url': 'https://cosylab.iiitd.edu.in/flavordb/molecules_json?id=8184'}	id_matching	PUBCHEM_COMPOUND:8184	fatty flavor
mf3999	flavordb	{'url': 'https://cosylab.iiitd.edu.in/flavordb/molecules_json?id=8184'}	id_matching	PUBCHEM_COMPOUND:8184	clean clothes
mf4000	flavordb	{'url': 'https://cosylab.iiitd.edu.in/flavordb/molecules_json?id=8184'}	id_matching	PUBCHEM_COMPOUND:8184	soapy
mf4001	flavordb	{'url': 'https://cosylab.iiitd.edu.in/flavordb/molecules_json?id=141850'}	id_matching	PUBCHEM_COMPOUND:141850	floral
mf4002	flavordb	{'url': 'https://cosylab.iiitd.edu.in/flavordb/molecules_json?id=141850'}	id_matching	PUBCHEM_COMPOUND:141850	meaty
mf4003	flavordb	{'url': 'https://cosylab.iiitd.edu.in/flavordb/molecules_json?id=141850'}	id_matching	PUBCHEM_COMPOUND:141850	tropical
mf4004	flavordb	{'url': 'https://cosylab.iiitd.edu.in/flavordb/molecules_json?id=141850'}	id_matching	PUBCHEM_COMPOUND:141850	sulfurous
mf4005	flavordb	{'url': 'https://cosylab.iiitd.edu.in/flavordb/molecules_json?id=67179'}	id_matching	PUBCHEM_COMPOUND:67179	floral
mf4006	flavordb	{'url': 'https://cosylab.iiitd.edu.in/flavordb/molecules_json?id=67179'}	id_matching	PUBCHEM_COMPOUND:67179	sweet
mf4007	flavordb	{'url': 'https://cosylab.iiitd.edu.in/flavordb/molecules_json?id=67179'}	id_matching	PUBCHEM_COMPOUND:67179	petitgrain
mf4008	flavordb	{'url': 'https://cosylab.iiitd.edu.in/flavordb/molecules_json?id=67179'}	id_matching	PUBCHEM_COMPOUND:67179	lavender
mf4009	flavordb	{'url': 'https://cosylab.iiitd.edu.in/flavordb/molecules_json?id=1049'}	id_matching	PUBCHEM_COMPOUND:1049	sour
mf4010	flavordb	{'url': 'https://cosylab.iiitd.edu.in/flavordb/molecules_json?id=1049'}	id_matching	PUBCHEM_COMPOUND:1049	rancid
mf4011	flavordb	{'url': 'https://cosylab.iiitd.edu.in/flavordb/molecules_json?id=1049'}	id_matching	PUBCHEM_COMPOUND:1049	sharp, nauseating
mf4012	flavordb	{'url': 'https://cosylab.iiitd.edu.in/flavordb/molecules_json?id=1049'}	id_matching	PUBCHEM_COMPOUND:1049	amine
mf4013	flavordb	{'url': 'https://cosylab.iiitd.edu.in/flavordb/molecules_json?id=1049'}	id_matching	PUBCHEM_COMPOUND:1049	sickening
mf4014	flavordb	{'url': 'https://cosylab.iiitd.edu.in/flavordb/molecules_json?id=1049'}	id_matching	PUBCHEM_COMPOUND:1049	burnt, sickening
mf4015	flavordb	{'url': 'https://cosylab.iiitd.edu.in/flavordb/molecules_json?id=1049'}	id_matching	PUBCHEM_COMPOUND:1049	putrid
mf4016	flavordb	{'url': 'https://cosylab.iiitd.edu.in/flavordb/molecules_json?id=1049'}	id_matching	PUBCHEM_COMPOUND:1049	amine taste
mf4017	flavordb	{'url': 'https://cosylab.iiitd.edu.in/flavordb/molecules_json?id=1049'}	id_matching	PUBCHEM_COMPOUND:1049	fishy
mf4018	flavordb	{'url': 'https://cosylab.iiitd.edu.in/flavordb/molecules_json?id=1049'}	id_matching	PUBCHEM_COMPOUND:1049	nauseating fish-like odor.
mf4019	flavordb	{'url': 'https://cosylab.iiitd.edu.in/flavordb/molecules_json?id=7151'}	id_matching	PUBCHEM_COMPOUND:7151	tobacco
mf4020	flavordb	{'url': 'https://cosylab.iiitd.edu.in/flavordb/molecules_json?id=7151'}	id_matching	PUBCHEM_COMPOUND:7151	herbal
mf4021	flavordb	{'url': 'https://cosylab.iiitd.edu.in/flavordb/molecules_json?id=7151'}	id_matching	PUBCHEM_COMPOUND:7151	warm
mf4022	flavordb	{'url': 'https://cosylab.iiitd.edu.in/flavordb/molecules_json?id=3084331'}	id_matching	PUBCHEM_COMPOUND:3084331	weak spice
mf4023	flavordb	{'url': 'https://cosylab.iiitd.edu.in/flavordb/molecules_json?id=3084331'}	id_matching	PUBCHEM_COMPOUND:3084331	herbal
mf4024	flavordb	{'url': 'https://cosylab.iiitd.edu.in/flavordb/molecules_json?id=3084331'}	id_matching	PUBCHEM_COMPOUND:3084331	spicy
mf4025	flavordb	{'url': 'https://cosylab.iiitd.edu.in/flavordb/molecules_json?id=3084331'}	id_matching	PUBCHEM_COMPOUND:3084331	herb
mf4026	flavordb	{'url': 'https://cosylab.iiitd.edu.in/flavordb/molecules_json?id=8186'}	id_matching	PUBCHEM_COMPOUND:8186	floral
mf4027	flavordb	{'url': 'https://cosylab.iiitd.edu.in/flavordb/molecules_json?id=8186'}	id_matching	PUBCHEM_COMPOUND:8186	green
mf4028	flavordb	{'url': 'https://cosylab.iiitd.edu.in/flavordb/molecules_json?id=8186'}	id_matching	PUBCHEM_COMPOUND:8186	sweet
mf4029	flavordb	{'url': 'https://cosylab.iiitd.edu.in/flavordb/molecules_json?id=8186'}	id_matching	PUBCHEM_COMPOUND:8186	waxy
mf4030	flavordb	{'url': 'https://cosylab.iiitd.edu.in/flavordb/molecules_json?id=8186'}	id_matching	PUBCHEM_COMPOUND:8186	pungent
mf4031	flavordb	{'url': 'https://cosylab.iiitd.edu.in/flavordb/molecules_json?id=8186'}	id_matching	PUBCHEM_COMPOUND:8186	citrus
mf4032	flavordb	{'url': 'https://cosylab.iiitd.edu.in/flavordb/molecules_json?id=8186'}	id_matching	PUBCHEM_COMPOUND:8186	oil
mf4033	flavordb	{'url': 'https://cosylab.iiitd.edu.in/flavordb/molecules_json?id=8186'}	id_matching	PUBCHEM_COMPOUND:8186	fresh
mf4034	flavordb	{'url': 'https://cosylab.iiitd.edu.in/flavordb/molecules_json?id=8186'}	id_matching	PUBCHEM_COMPOUND:8186	laundry
mf4035	flavordb	{'url': 'https://cosylab.iiitd.edu.in/flavordb/molecules_json?id=8186'}	id_matching	PUBCHEM_COMPOUND:8186	fatty
mf4036	flavordb	{'url': 'https://cosylab.iiitd.edu.in/flavordb/molecules_json?id=8186'}	id_matching	PUBCHEM_COMPOUND:8186	aldehydic
mf4037	flavordb	{'url': 'https://cosylab.iiitd.edu.in/flavordb/molecules_json?id=8186'}	id_matching	PUBCHEM_COMPOUND:8186	soapy
mf4038	flavordb	{'url': 'https://cosylab.iiitd.edu.in/flavordb/molecules_json?id=11850'}	id_matching	PUBCHEM_COMPOUND:11850	sweet
mf4039	flavordb	{'url': 'https://cosylab.iiitd.edu.in/flavordb/molecules_json?id=31251'}	id_matching	PUBCHEM_COMPOUND:31251	fruity
mf4040	flavordb	{'url': 'https://cosylab.iiitd.edu.in/flavordb/molecules_json?id=31251'}	id_matching	PUBCHEM_COMPOUND:31251	rose
mf4041	flavordb	{'url': 'https://cosylab.iiitd.edu.in/flavordb/molecules_json?id=31251'}	id_matching	PUBCHEM_COMPOUND:31251	waxy
mf4042	flavordb	{'url': 'https://cosylab.iiitd.edu.in/flavordb/molecules_json?id=31251'}	id_matching	PUBCHEM_COMPOUND:31251	wine
mf4043	flavordb	{'url': 'https://cosylab.iiitd.edu.in/flavordb/molecules_json?id=31251'}	id_matching	PUBCHEM_COMPOUND:31251	tropical
mf4044	flavordb	{'url': 'https://cosylab.iiitd.edu.in/flavordb/molecules_json?id=31251'}	id_matching	PUBCHEM_COMPOUND:31251	natural
mf4045	flavordb	{'url': 'https://cosylab.iiitd.edu.in/flavordb/molecules_json?id=31251'}	id_matching	PUBCHEM_COMPOUND:31251	rum
mf4046	flavordb	{'url': 'https://cosylab.iiitd.edu.in/flavordb/molecules_json?id=92794'}	id_matching	PUBCHEM_COMPOUND:92794	bitter
mf4047	flavordb	{'url': 'https://cosylab.iiitd.edu.in/flavordb/molecules_json?id=5491808'}	id_matching	PUBCHEM_COMPOUND:5491808	sweet-like
mf4048	flavordb	{'url': 'https://cosylab.iiitd.edu.in/flavordb/molecules_json?id=5318644'}	id_matching	PUBCHEM_COMPOUND:5318644	sweet-like
mf4049	flavordb	{'url': 'https://cosylab.iiitd.edu.in/flavordb/molecules_json?id=5367681'}	id_matching	PUBCHEM_COMPOUND:5367681	green
mf4050	flavordb	{'url': 'https://cosylab.iiitd.edu.in/flavordb/molecules_json?id=5367681'}	id_matching	PUBCHEM_COMPOUND:5367681	pineapple
mf4051	flavordb	{'url': 'https://cosylab.iiitd.edu.in/flavordb/molecules_json?id=5367681'}	id_matching	PUBCHEM_COMPOUND:5367681	fruity
mf4052	flavordb	{'url': 'https://cosylab.iiitd.edu.in/flavordb/molecules_json?id=5367681'}	id_matching	PUBCHEM_COMPOUND:5367681	fresh
mf4053	flavordb	{'url': 'https://cosylab.iiitd.edu.in/flavordb/molecules_json?id=5367681'}	id_matching	PUBCHEM_COMPOUND:5367681	tropical
mf4054	flavordb	{'url': 'https://cosylab.iiitd.edu.in/flavordb/molecules_json?id=5367681'}	id_matching	PUBCHEM_COMPOUND:5367681	apple
mf4055	flavordb	{'url': 'https://cosylab.iiitd.edu.in/flavordb/molecules_json?id=7967'}	id_matching	PUBCHEM_COMPOUND:7967	minty
mf4056	flavordb	{'url': 'https://cosylab.iiitd.edu.in/flavordb/molecules_json?id=7967'}	id_matching	PUBCHEM_COMPOUND:7967	... peppermint- or acetone-like odor.
mf4057	flavordb	{'url': 'https://cosylab.iiitd.edu.in/flavordb/molecules_json?id=7967'}	id_matching	PUBCHEM_COMPOUND:7967	odor reminiscent of peppermint & acetone
mf4058	flavordb	{'url': 'https://cosylab.iiitd.edu.in/flavordb/molecules_json?id=7967'}	id_matching	PUBCHEM_COMPOUND:7967	acetone
mf4059	flavordb	{'url': 'https://cosylab.iiitd.edu.in/flavordb/molecules_json?id=12389'}	id_matching	PUBCHEM_COMPOUND:12389	mild
mf4060	flavordb	{'url': 'https://cosylab.iiitd.edu.in/flavordb/molecules_json?id=12389'}	id_matching	PUBCHEM_COMPOUND:12389	alkane
mf4061	flavordb	{'url': 'https://cosylab.iiitd.edu.in/flavordb/molecules_json?id=12389'}	id_matching	PUBCHEM_COMPOUND:12389	waxy
mf4062	flavordb	{'url': 'https://cosylab.iiitd.edu.in/flavordb/molecules_json?id=7413'}	id_matching	PUBCHEM_COMPOUND:7413	fruity
mf4063	flavordb	{'url': 'https://cosylab.iiitd.edu.in/flavordb/molecules_json?id=7413'}	id_matching	PUBCHEM_COMPOUND:7413	acidic
mf4064	flavordb	{'url': 'https://cosylab.iiitd.edu.in/flavordb/molecules_json?id=7413'}	id_matching	PUBCHEM_COMPOUND:7413	tropical
mf4065	flavordb	{'url': 'https://cosylab.iiitd.edu.in/flavordb/molecules_json?id=7413'}	id_matching	PUBCHEM_COMPOUND:7413	cheese
mf4066	flavordb	{'url': 'https://cosylab.iiitd.edu.in/flavordb/molecules_json?id=7413'}	id_matching	PUBCHEM_COMPOUND:7413	metallic
mf4067	flavordb	{'url': 'https://cosylab.iiitd.edu.in/flavordb/molecules_json?id=13367'}	id_matching	PUBCHEM_COMPOUND:13367	onion
mf4068	flavordb	{'url': 'https://cosylab.iiitd.edu.in/flavordb/molecules_json?id=13367'}	id_matching	PUBCHEM_COMPOUND:13367	garlic
mf4069	flavordb	{'url': 'https://cosylab.iiitd.edu.in/flavordb/molecules_json?id=13367'}	id_matching	PUBCHEM_COMPOUND:13367	alliaceous
mf4070	flavordb	{'url': 'https://cosylab.iiitd.edu.in/flavordb/molecules_json?id=13367'}	id_matching	PUBCHEM_COMPOUND:13367	roasted
mf4071	flavordb	{'url': 'https://cosylab.iiitd.edu.in/flavordb/molecules_json?id=13367'}	id_matching	PUBCHEM_COMPOUND:13367	sulfurous
mf4072	flavordb	{'url': 'https://cosylab.iiitd.edu.in/flavordb/molecules_json?id=10408'}	id_matching	PUBCHEM_COMPOUND:10408	woody
mf4073	flavordb	{'url': 'https://cosylab.iiitd.edu.in/flavordb/molecules_json?id=10408'}	id_matching	PUBCHEM_COMPOUND:10408	fat
mf4074	flavordb	{'url': 'https://cosylab.iiitd.edu.in/flavordb/molecules_json?id=10408'}	id_matching	PUBCHEM_COMPOUND:10408	celery
mf4075	flavordb	{'url': 'https://cosylab.iiitd.edu.in/flavordb/molecules_json?id=10408'}	id_matching	PUBCHEM_COMPOUND:10408	herbal
mf4076	flavordb	{'url': 'https://cosylab.iiitd.edu.in/flavordb/molecules_json?id=10408'}	id_matching	PUBCHEM_COMPOUND:10408	jasmin
mf4077	flavordb	{'url': 'https://cosylab.iiitd.edu.in/flavordb/molecules_json?id=10408'}	id_matching	PUBCHEM_COMPOUND:10408	oily
mf4078	flavordb	{'url': 'https://cosylab.iiitd.edu.in/flavordb/molecules_json?id=62348'}	id_matching	PUBCHEM_COMPOUND:62348	balsam
mf4079	flavordb	{'url': 'https://cosylab.iiitd.edu.in/flavordb/molecules_json?id=62348'}	id_matching	PUBCHEM_COMPOUND:62348	sweet
mf4080	flavordb	{'url': 'https://cosylab.iiitd.edu.in/flavordb/molecules_json?id=62348'}	id_matching	PUBCHEM_COMPOUND:62348	creamy
mf4081	flavordb	{'url': 'https://cosylab.iiitd.edu.in/flavordb/molecules_json?id=62348'}	id_matching	PUBCHEM_COMPOUND:62348	anise
mf4082	flavordb	{'url': 'https://cosylab.iiitd.edu.in/flavordb/molecules_json?id=62348'}	id_matching	PUBCHEM_COMPOUND:62348	tonka
mf4083	flavordb	{'url': 'https://cosylab.iiitd.edu.in/flavordb/molecules_json?id=62348'}	id_matching	PUBCHEM_COMPOUND:62348	phenolic
mf4084	flavordb	{'url': 'https://cosylab.iiitd.edu.in/flavordb/molecules_json?id=62348'}	id_matching	PUBCHEM_COMPOUND:62348	vanilla
mf4085	flavordb	{'url': 'https://cosylab.iiitd.edu.in/flavordb/molecules_json?id=5743'}	id_matching	PUBCHEM_COMPOUND:5743	bitter
mf4086	flavordb	{'url': 'https://cosylab.iiitd.edu.in/flavordb/molecules_json?id=21059'}	id_matching	PUBCHEM_COMPOUND:21059	sweet
mf4087	flavordb	{'url': 'https://cosylab.iiitd.edu.in/flavordb/molecules_json?id=21059'}	id_matching	PUBCHEM_COMPOUND:21059	bitter
mf4088	flavordb	{'url': 'https://cosylab.iiitd.edu.in/flavordb/molecules_json?id=21059'}	id_matching	PUBCHEM_COMPOUND:21059	cotton
mf4089	flavordb	{'url': 'https://cosylab.iiitd.edu.in/flavordb/molecules_json?id=21059'}	id_matching	PUBCHEM_COMPOUND:21059	strawberry
mf4090	flavordb	{'url': 'https://cosylab.iiitd.edu.in/flavordb/molecules_json?id=21059'}	id_matching	PUBCHEM_COMPOUND:21059	jam
mf4091	flavordb	{'url': 'https://cosylab.iiitd.edu.in/flavordb/molecules_json?id=21059'}	id_matching	PUBCHEM_COMPOUND:21059	caramel
mf4092	flavordb	{'url': 'https://cosylab.iiitd.edu.in/flavordb/molecules_json?id=21059'}	id_matching	PUBCHEM_COMPOUND:21059	candy
mf4093	flavordb	{'url': 'https://cosylab.iiitd.edu.in/flavordb/molecules_json?id=7848'}	id_matching	PUBCHEM_COMPOUND:7848	gassy
mf4094	flavordb	{'url': 'https://cosylab.iiitd.edu.in/flavordb/molecules_json?id=7848'}	id_matching	PUBCHEM_COMPOUND:7848	sweet
mf4095	flavordb	{'url': 'https://cosylab.iiitd.edu.in/flavordb/molecules_json?id=7848'}	id_matching	PUBCHEM_COMPOUND:7848	characteristic odor of cabbage
mf4096	flavordb	{'url': 'https://cosylab.iiitd.edu.in/flavordb/molecules_json?id=7848'}	id_matching	PUBCHEM_COMPOUND:7848	onion
mf4097	flavordb	{'url': 'https://cosylab.iiitd.edu.in/flavordb/molecules_json?id=7848'}	id_matching	PUBCHEM_COMPOUND:7848	below 2-3 ppm sweet onion & cabbage-like flavor
mf4098	flavordb	{'url': 'https://cosylab.iiitd.edu.in/flavordb/molecules_json?id=7848'}	id_matching	PUBCHEM_COMPOUND:7848	natural
mf4099	flavordb	{'url': 'https://cosylab.iiitd.edu.in/flavordb/molecules_json?id=7848'}	id_matching	PUBCHEM_COMPOUND:7848	offensive
mf4100	flavordb	{'url': 'https://cosylab.iiitd.edu.in/flavordb/molecules_json?id=7848'}	id_matching	PUBCHEM_COMPOUND:7848	cabbage
mf4101	flavordb	{'url': 'https://cosylab.iiitd.edu.in/flavordb/molecules_json?id=441035'}	id_matching	PUBCHEM_COMPOUND:441035	sweet
mf4102	flavordb	{'url': 'https://cosylab.iiitd.edu.in/flavordb/molecules_json?id=6344'}	id_matching	PUBCHEM_COMPOUND:6344	sweet, pleasant odor, like chloroform
mf4103	flavordb	{'url': 'https://cosylab.iiitd.edu.in/flavordb/molecules_json?id=6344'}	id_matching	PUBCHEM_COMPOUND:6344	penetrating ether-like odor
mf4104	flavordb	{'url': 'https://cosylab.iiitd.edu.in/flavordb/molecules_json?id=6344'}	id_matching	PUBCHEM_COMPOUND:6344	slightly sweet smell, similar to that of trichloromethane
mf4105	flavordb	{'url': 'https://cosylab.iiitd.edu.in/flavordb/molecules_json?id=6344'}	id_matching	PUBCHEM_COMPOUND:6344	chloroform like odor
mf4106	flavordb	{'url': 'https://cosylab.iiitd.edu.in/flavordb/molecules_json?id=6343'}	id_matching	PUBCHEM_COMPOUND:6343	fruity
mf4107	flavordb	{'url': 'https://cosylab.iiitd.edu.in/flavordb/molecules_json?id=6343'}	id_matching	PUBCHEM_COMPOUND:6343	penetrating garlic-like odor
mf4108	flavordb	{'url': 'https://cosylab.iiitd.edu.in/flavordb/molecules_json?id=6343'}	id_matching	PUBCHEM_COMPOUND:6343	sulfurous
mf4109	flavordb	{'url': 'https://cosylab.iiitd.edu.in/flavordb/molecules_json?id=6343'}	id_matching	PUBCHEM_COMPOUND:6343	strong, skunk-like odor.
mf4110	flavordb	{'url': 'https://cosylab.iiitd.edu.in/flavordb/molecules_json?id=6343'}	id_matching	PUBCHEM_COMPOUND:6343	leek-like odor
mf4111	flavordb	{'url': 'https://cosylab.iiitd.edu.in/flavordb/molecules_json?id=8077'}	id_matching	PUBCHEM_COMPOUND:8077	gassy
mf4112	flavordb	{'url': 'https://cosylab.iiitd.edu.in/flavordb/molecules_json?id=8077'}	id_matching	PUBCHEM_COMPOUND:8077	onion
mf4113	flavordb	{'url': 'https://cosylab.iiitd.edu.in/flavordb/molecules_json?id=8077'}	id_matching	PUBCHEM_COMPOUND:8077	garlic
mf4114	flavordb	{'url': 'https://cosylab.iiitd.edu.in/flavordb/molecules_json?id=8077'}	id_matching	PUBCHEM_COMPOUND:8077	ripe
mf4115	flavordb	{'url': 'https://cosylab.iiitd.edu.in/flavordb/molecules_json?id=8077'}	id_matching	PUBCHEM_COMPOUND:8077	greasy
mf4116	flavordb	{'url': 'https://cosylab.iiitd.edu.in/flavordb/molecules_json?id=35349'}	id_matching	PUBCHEM_COMPOUND:35349	green
mf4117	flavordb	{'url': 'https://cosylab.iiitd.edu.in/flavordb/molecules_json?id=35349'}	id_matching	PUBCHEM_COMPOUND:35349	onion
mf4118	flavordb	{'url': 'https://cosylab.iiitd.edu.in/flavordb/molecules_json?id=35349'}	id_matching	PUBCHEM_COMPOUND:35349	garlic
mf4119	flavordb	{'url': 'https://cosylab.iiitd.edu.in/flavordb/molecules_json?id=35349'}	id_matching	PUBCHEM_COMPOUND:35349	sulfurous
mf4120	flavordb	{'url': 'https://cosylab.iiitd.edu.in/flavordb/molecules_json?id=77151'}	id_matching	PUBCHEM_COMPOUND:77151	sulfurous
mf4121	flavordb	{'url': 'https://cosylab.iiitd.edu.in/flavordb/molecules_json?id=77151'}	id_matching	PUBCHEM_COMPOUND:77151	onion
mf4122	flavordb	{'url': 'https://cosylab.iiitd.edu.in/flavordb/molecules_json?id=77151'}	id_matching	PUBCHEM_COMPOUND:77151	garlic
mf4123	flavordb	{'url': 'https://cosylab.iiitd.edu.in/flavordb/molecules_json?id=84029'}	id_matching	PUBCHEM_COMPOUND:84029	bitter
mf4124	flavordb	{'url': 'https://cosylab.iiitd.edu.in/flavordb/molecules_json?id=5322022'}	id_matching	PUBCHEM_COMPOUND:5322022	sweet-like
mf4125	flavordb	{'url': 'https://cosylab.iiitd.edu.in/flavordb/molecules_json?id=24838'}	id_matching	PUBCHEM_COMPOUND:24838	green
mf4126	flavordb	{'url': 'https://cosylab.iiitd.edu.in/flavordb/molecules_json?id=24838'}	id_matching	PUBCHEM_COMPOUND:24838	fruity
mf4127	flavordb	{'url': 'https://cosylab.iiitd.edu.in/flavordb/molecules_json?id=24838'}	id_matching	PUBCHEM_COMPOUND:24838	waxy
mf4128	flavordb	{'url': 'https://cosylab.iiitd.edu.in/flavordb/molecules_json?id=24838'}	id_matching	PUBCHEM_COMPOUND:24838	strawberry
mf4129	flavordb	{'url': 'https://cosylab.iiitd.edu.in/flavordb/molecules_json?id=24838'}	id_matching	PUBCHEM_COMPOUND:24838	tropical
mf4130	flavordb	{'url': 'https://cosylab.iiitd.edu.in/flavordb/molecules_json?id=24838'}	id_matching	PUBCHEM_COMPOUND:24838	apple
mf4131	flavordb	{'url': 'https://cosylab.iiitd.edu.in/flavordb/molecules_json?id=24838'}	id_matching	PUBCHEM_COMPOUND:24838	spicy
mf4132	flavordb	{'url': 'https://cosylab.iiitd.edu.in/flavordb/molecules_json?id=61171'}	id_matching	PUBCHEM_COMPOUND:61171	fruity
mf4133	flavordb	{'url': 'https://cosylab.iiitd.edu.in/flavordb/molecules_json?id=61171'}	id_matching	PUBCHEM_COMPOUND:61171	coffee
mf4134	flavordb	{'url': 'https://cosylab.iiitd.edu.in/flavordb/molecules_json?id=61171'}	id_matching	PUBCHEM_COMPOUND:61171	sulfury
mf4135	flavordb	{'url': 'https://cosylab.iiitd.edu.in/flavordb/molecules_json?id=61171'}	id_matching	PUBCHEM_COMPOUND:61171	meaty
mf4136	flavordb	{'url': 'https://cosylab.iiitd.edu.in/flavordb/molecules_json?id=61171'}	id_matching	PUBCHEM_COMPOUND:61171	onion
mf4137	flavordb	{'url': 'https://cosylab.iiitd.edu.in/flavordb/molecules_json?id=61171'}	id_matching	PUBCHEM_COMPOUND:61171	garlic
mf4138	flavordb	{'url': 'https://cosylab.iiitd.edu.in/flavordb/molecules_json?id=259803'}	id_matching	PUBCHEM_COMPOUND:259803	bitter
mf4139	flavordb	{'url': 'https://cosylab.iiitd.edu.in/flavordb/molecules_json?id=5865'}	id_matching	PUBCHEM_COMPOUND:5865	bitter
mf4140	flavordb	{'url': 'https://cosylab.iiitd.edu.in/flavordb/molecules_json?id=5865'}	id_matching	PUBCHEM_COMPOUND:5865	odorless
mf4141	flavordb	{'url': 'https://cosylab.iiitd.edu.in/flavordb/molecules_json?id=5865'}	id_matching	PUBCHEM_COMPOUND:5865	persistent bitter after-taste
mf4142	flavordb	{'url': 'https://cosylab.iiitd.edu.in/flavordb/molecules_json?id=90540'}	id_matching	PUBCHEM_COMPOUND:90540	sweet
mf4143	flavordb	{'url': 'https://cosylab.iiitd.edu.in/flavordb/molecules_json?id=7361'}	id_matching	PUBCHEM_COMPOUND:7361	sweet
mf4144	flavordb	{'url': 'https://cosylab.iiitd.edu.in/flavordb/molecules_json?id=7361'}	id_matching	PUBCHEM_COMPOUND:7361	coffee
mf4145	flavordb	{'url': 'https://cosylab.iiitd.edu.in/flavordb/molecules_json?id=7361'}	id_matching	PUBCHEM_COMPOUND:7361	chemical
mf4146	flavordb	{'url': 'https://cosylab.iiitd.edu.in/flavordb/molecules_json?id=7361'}	id_matching	PUBCHEM_COMPOUND:7361	bitter
mf4147	flavordb	{'url': 'https://cosylab.iiitd.edu.in/flavordb/molecules_json?id=7361'}	id_matching	PUBCHEM_COMPOUND:7361	alcoholic
mf4148	flavordb	{'url': 'https://cosylab.iiitd.edu.in/flavordb/molecules_json?id=7361'}	id_matching	PUBCHEM_COMPOUND:7361	faint burning odor
mf4149	flavordb	{'url': 'https://cosylab.iiitd.edu.in/flavordb/molecules_json?id=7361'}	id_matching	PUBCHEM_COMPOUND:7361	caramel
mf4150	flavordb	{'url': 'https://cosylab.iiitd.edu.in/flavordb/molecules_json?id=7361'}	id_matching	PUBCHEM_COMPOUND:7361	bread
mf4151	flavordb	{'url': 'https://cosylab.iiitd.edu.in/flavordb/molecules_json?id=7361'}	id_matching	PUBCHEM_COMPOUND:7361	musty
mf4152	flavordb	{'url': 'https://cosylab.iiitd.edu.in/flavordb/molecules_json?id=7361'}	id_matching	PUBCHEM_COMPOUND:7361	burnt
mf4153	flavordb	{'url': 'https://cosylab.iiitd.edu.in/flavordb/molecules_json?id=121719'}	id_matching	PUBCHEM_COMPOUND:121719	minty
mf4154	flavordb	{'url': 'https://cosylab.iiitd.edu.in/flavordb/molecules_json?id=5365991'}	id_matching	PUBCHEM_COMPOUND:5365991	green
mf4155	flavordb	{'url': 'https://cosylab.iiitd.edu.in/flavordb/molecules_json?id=5365991'}	id_matching	PUBCHEM_COMPOUND:5365991	sweet
mf4156	flavordb	{'url': 'https://cosylab.iiitd.edu.in/flavordb/molecules_json?id=5365991'}	id_matching	PUBCHEM_COMPOUND:5365991	fruity
mf4157	flavordb	{'url': 'https://cosylab.iiitd.edu.in/flavordb/molecules_json?id=5365991'}	id_matching	PUBCHEM_COMPOUND:5365991	strawberry
mf4158	flavordb	{'url': 'https://cosylab.iiitd.edu.in/flavordb/molecules_json?id=5365991'}	id_matching	PUBCHEM_COMPOUND:5365991	fresh
mf4159	flavordb	{'url': 'https://cosylab.iiitd.edu.in/flavordb/molecules_json?id=5365991'}	id_matching	PUBCHEM_COMPOUND:5365991	raspberry
mf4160	flavordb	{'url': 'https://cosylab.iiitd.edu.in/flavordb/molecules_json?id=65571'}	id_matching	PUBCHEM_COMPOUND:65571	bitter
mf4161	flavordb	{'url': 'https://cosylab.iiitd.edu.in/flavordb/molecules_json?id=7809'}	id_matching	PUBCHEM_COMPOUND:7809	aromatic odor
mf4162	flavordb	{'url': 'https://cosylab.iiitd.edu.in/flavordb/molecules_json?id=7809'}	id_matching	PUBCHEM_COMPOUND:7809	sweet
mf4163	flavordb	{'url': 'https://cosylab.iiitd.edu.in/flavordb/molecules_json?id=7809'}	id_matching	PUBCHEM_COMPOUND:7809	characteristic odor
mf4164	flavordb	{'url': 'https://cosylab.iiitd.edu.in/flavordb/molecules_json?id=87793'}	id_matching	PUBCHEM_COMPOUND:87793	floral
mf4165	flavordb	{'url': 'https://cosylab.iiitd.edu.in/flavordb/molecules_json?id=87793'}	id_matching	PUBCHEM_COMPOUND:87793	gassy
mf4166	flavordb	{'url': 'https://cosylab.iiitd.edu.in/flavordb/molecules_json?id=87793'}	id_matching	PUBCHEM_COMPOUND:87793	green
mf4167	flavordb	{'url': 'https://cosylab.iiitd.edu.in/flavordb/molecules_json?id=87793'}	id_matching	PUBCHEM_COMPOUND:87793	fruity
mf4168	flavordb	{'url': 'https://cosylab.iiitd.edu.in/flavordb/molecules_json?id=87793'}	id_matching	PUBCHEM_COMPOUND:87793	meaty
mf4169	flavordb	{'url': 'https://cosylab.iiitd.edu.in/flavordb/molecules_json?id=5362833'}	id_matching	PUBCHEM_COMPOUND:5362833	leafy
mf4170	flavordb	{'url': 'https://cosylab.iiitd.edu.in/flavordb/molecules_json?id=5362833'}	id_matching	PUBCHEM_COMPOUND:5362833	green
mf4171	flavordb	{'url': 'https://cosylab.iiitd.edu.in/flavordb/molecules_json?id=5362833'}	id_matching	PUBCHEM_COMPOUND:5362833	cucumber
mf4172	flavordb	{'url': 'https://cosylab.iiitd.edu.in/flavordb/molecules_json?id=5362833'}	id_matching	PUBCHEM_COMPOUND:5362833	violet
mf4173	flavordb	{'url': 'https://cosylab.iiitd.edu.in/flavordb/molecules_json?id=5362833'}	id_matching	PUBCHEM_COMPOUND:5362833	oily
mf4174	flavordb	{'url': 'https://cosylab.iiitd.edu.in/flavordb/molecules_json?id=69320'}	id_matching	PUBCHEM_COMPOUND:69320	green
mf4175	flavordb	{'url': 'https://cosylab.iiitd.edu.in/flavordb/molecules_json?id=69320'}	id_matching	PUBCHEM_COMPOUND:69320	roasted
mf4176	flavordb	{'url': 'https://cosylab.iiitd.edu.in/flavordb/molecules_json?id=69320'}	id_matching	PUBCHEM_COMPOUND:69320	fatty
mf4177	flavordb	{'url': 'https://cosylab.iiitd.edu.in/flavordb/molecules_json?id=69320'}	id_matching	PUBCHEM_COMPOUND:69320	tobacco
mf4178	flavordb	{'url': 'https://cosylab.iiitd.edu.in/flavordb/molecules_json?id=69320'}	id_matching	PUBCHEM_COMPOUND:69320	nutty
mf4179	flavordb	{'url': 'https://cosylab.iiitd.edu.in/flavordb/molecules_json?id=193471'}	id_matching	PUBCHEM_COMPOUND:193471	sweet
mf4180	flavordb	{'url': 'https://cosylab.iiitd.edu.in/flavordb/molecules_json?id=12388'}	id_matching	PUBCHEM_COMPOUND:12388	hydrocarbon odor
mf4181	flavordb	{'url': 'https://cosylab.iiitd.edu.in/flavordb/molecules_json?id=12388'}	id_matching	PUBCHEM_COMPOUND:12388	alkane
mf4182	flavordb	{'url': 'https://cosylab.iiitd.edu.in/flavordb/molecules_json?id=101750'}	id_matching	PUBCHEM_COMPOUND:101750	solvent
mf4183	flavordb	{'url': 'https://cosylab.iiitd.edu.in/flavordb/molecules_json?id=101750'}	id_matching	PUBCHEM_COMPOUND:101750	diterpene
mf4184	flavordb	{'url': 'https://cosylab.iiitd.edu.in/flavordb/molecules_json?id=101750'}	id_matching	PUBCHEM_COMPOUND:101750	low
mf4185	flavordb	{'url': 'https://cosylab.iiitd.edu.in/flavordb/molecules_json?id=115221'}	id_matching	PUBCHEM_COMPOUND:115221	bitter
mf4186	flavordb	{'url': 'https://cosylab.iiitd.edu.in/flavordb/molecules_json?id=441293'}	id_matching	PUBCHEM_COMPOUND:441293	bitter
mf4187	flavordb	{'url': 'https://cosylab.iiitd.edu.in/flavordb/molecules_json?id=1757003'}	id_matching	PUBCHEM_COMPOUND:1757003	floral
mf4188	flavordb	{'url': 'https://cosylab.iiitd.edu.in/flavordb/molecules_json?id=1757003'}	id_matching	PUBCHEM_COMPOUND:1757003	sweet
mf4189	flavordb	{'url': 'https://cosylab.iiitd.edu.in/flavordb/molecules_json?id=1757003'}	id_matching	PUBCHEM_COMPOUND:1757003	waxy
mf4190	flavordb	{'url': 'https://cosylab.iiitd.edu.in/flavordb/molecules_json?id=1757003'}	id_matching	PUBCHEM_COMPOUND:1757003	powdery
mf4191	flavordb	{'url': 'https://cosylab.iiitd.edu.in/flavordb/molecules_json?id=1757003'}	id_matching	PUBCHEM_COMPOUND:1757003	dusty
mf4192	flavordb	{'url': 'https://cosylab.iiitd.edu.in/flavordb/molecules_json?id=1757003'}	id_matching	PUBCHEM_COMPOUND:1757003	citrus
mf4193	flavordb	{'url': 'https://cosylab.iiitd.edu.in/flavordb/molecules_json?id=1757003'}	id_matching	PUBCHEM_COMPOUND:1757003	dry
mf4194	flavordb	{'url': 'https://cosylab.iiitd.edu.in/flavordb/molecules_json?id=1757003'}	id_matching	PUBCHEM_COMPOUND:1757003	balsamic
mf4195	flavordb	{'url': 'https://cosylab.iiitd.edu.in/flavordb/molecules_json?id=1757003'}	id_matching	PUBCHEM_COMPOUND:1757003	spicy
mf4196	flavordb	{'url': 'https://cosylab.iiitd.edu.in/flavordb/molecules_json?id=1549045'}	id_matching	PUBCHEM_COMPOUND:1549045	bitter
mf4197	flavordb	{'url': 'https://cosylab.iiitd.edu.in/flavordb/molecules_json?id=1549045'}	id_matching	PUBCHEM_COMPOUND:1549045	clove
mf4198	flavordb	{'url': 'https://cosylab.iiitd.edu.in/flavordb/molecules_json?id=1549045'}	id_matching	PUBCHEM_COMPOUND:1549045	spicy
mf4199	flavordb	{'url': 'https://cosylab.iiitd.edu.in/flavordb/molecules_json?id=1549045'}	id_matching	PUBCHEM_COMPOUND:1549045	mild
mf4200	flavordb	{'url': 'https://cosylab.iiitd.edu.in/flavordb/molecules_json?id=107217'}	id_matching	PUBCHEM_COMPOUND:107217	sweet
mf4201	flavordb	{'url': 'https://cosylab.iiitd.edu.in/flavordb/molecules_json?id=107217'}	id_matching	PUBCHEM_COMPOUND:107217	pine
mf4202	flavordb	{'url': 'https://cosylab.iiitd.edu.in/flavordb/molecules_json?id=107217'}	id_matching	PUBCHEM_COMPOUND:107217	citrus
mf4203	flavordb	{'url': 'https://cosylab.iiitd.edu.in/flavordb/molecules_json?id=107217'}	id_matching	PUBCHEM_COMPOUND:107217	herbal
mf4204	flavordb	{'url': 'https://cosylab.iiitd.edu.in/flavordb/molecules_json?id=107217'}	id_matching	PUBCHEM_COMPOUND:107217	fresh
mf4205	flavordb	{'url': 'https://cosylab.iiitd.edu.in/flavordb/molecules_json?id=107217'}	id_matching	PUBCHEM_COMPOUND:107217	fir
mf4206	flavordb	{'url': 'https://cosylab.iiitd.edu.in/flavordb/molecules_json?id=439512'}	id_matching	PUBCHEM_COMPOUND:439512	sweet
mf4207	flavordb	{'url': 'https://cosylab.iiitd.edu.in/flavordb/molecules_json?id=92817'}	id_matching	PUBCHEM_COMPOUND:92817	sweet
mf4208	flavordb	{'url': 'https://cosylab.iiitd.edu.in/flavordb/molecules_json?id=61199'}	id_matching	PUBCHEM_COMPOUND:61199	sweet
mf4209	flavordb	{'url': 'https://cosylab.iiitd.edu.in/flavordb/molecules_json?id=61199'}	id_matching	PUBCHEM_COMPOUND:61199	fruity
mf4210	flavordb	{'url': 'https://cosylab.iiitd.edu.in/flavordb/molecules_json?id=61199'}	id_matching	PUBCHEM_COMPOUND:61199	maple
mf4211	flavordb	{'url': 'https://cosylab.iiitd.edu.in/flavordb/molecules_json?id=61199'}	id_matching	PUBCHEM_COMPOUND:61199	spice
mf4212	flavordb	{'url': 'https://cosylab.iiitd.edu.in/flavordb/molecules_json?id=61199'}	id_matching	PUBCHEM_COMPOUND:61199	caramel
mf4213	flavordb	{'url': 'https://cosylab.iiitd.edu.in/flavordb/molecules_json?id=61592'}	id_matching	PUBCHEM_COMPOUND:61592	pineapple
mf4214	flavordb	{'url': 'https://cosylab.iiitd.edu.in/flavordb/molecules_json?id=61592'}	id_matching	PUBCHEM_COMPOUND:61592	fruity
mf4215	flavordb	{'url': 'https://cosylab.iiitd.edu.in/flavordb/molecules_json?id=61592'}	id_matching	PUBCHEM_COMPOUND:61592	sulfury
mf4216	flavordb	{'url': 'https://cosylab.iiitd.edu.in/flavordb/molecules_json?id=61592'}	id_matching	PUBCHEM_COMPOUND:61592	tomato
mf4217	flavordb	{'url': 'https://cosylab.iiitd.edu.in/flavordb/molecules_json?id=61592'}	id_matching	PUBCHEM_COMPOUND:61592	pulpy
mf4218	flavordb	{'url': 'https://cosylab.iiitd.edu.in/flavordb/molecules_json?id=61592'}	id_matching	PUBCHEM_COMPOUND:61592	ripe
mf4219	flavordb	{'url': 'https://cosylab.iiitd.edu.in/flavordb/molecules_json?id=61592'}	id_matching	PUBCHEM_COMPOUND:61592	metallic
mf4220	flavordb	{'url': 'https://cosylab.iiitd.edu.in/flavordb/molecules_json?id=6432254'}	id_matching	PUBCHEM_COMPOUND:6432254	floral
mf4221	flavordb	{'url': 'https://cosylab.iiitd.edu.in/flavordb/molecules_json?id=6432254'}	id_matching	PUBCHEM_COMPOUND:6432254	flower
mf4222	flavordb	{'url': 'https://cosylab.iiitd.edu.in/flavordb/molecules_json?id=5282718'}	id_matching	PUBCHEM_COMPOUND:5282718	fatty
mf4223	flavordb	{'url': 'https://cosylab.iiitd.edu.in/flavordb/molecules_json?id=5282718'}	id_matching	PUBCHEM_COMPOUND:5282718	greasy
mf4224	flavordb	{'url': 'https://cosylab.iiitd.edu.in/flavordb/molecules_json?id=15068'}	id_matching	PUBCHEM_COMPOUND:15068	floral
mf4225	flavordb	{'url': 'https://cosylab.iiitd.edu.in/flavordb/molecules_json?id=15068'}	id_matching	PUBCHEM_COMPOUND:15068	sweet
mf4226	flavordb	{'url': 'https://cosylab.iiitd.edu.in/flavordb/molecules_json?id=15068'}	id_matching	PUBCHEM_COMPOUND:15068	herbal
mf4227	flavordb	{'url': 'https://cosylab.iiitd.edu.in/flavordb/molecules_json?id=15068'}	id_matching	PUBCHEM_COMPOUND:15068	heavy
mf4228	flavordb	{'url': 'https://cosylab.iiitd.edu.in/flavordb/molecules_json?id=62374'}	id_matching	PUBCHEM_COMPOUND:62374	sweet
mf4229	flavordb	{'url': 'https://cosylab.iiitd.edu.in/flavordb/molecules_json?id=62374'}	id_matching	PUBCHEM_COMPOUND:62374	woody
mf4230	flavordb	{'url': 'https://cosylab.iiitd.edu.in/flavordb/molecules_json?id=62374'}	id_matching	PUBCHEM_COMPOUND:62374	musty
mf4231	flavordb	{'url': 'https://cosylab.iiitd.edu.in/flavordb/molecules_json?id=62374'}	id_matching	PUBCHEM_COMPOUND:62374	tea
mf4232	flavordb	{'url': 'https://cosylab.iiitd.edu.in/flavordb/molecules_json?id=62374'}	id_matching	PUBCHEM_COMPOUND:62374	leaf
mf4233	flavordb	{'url': 'https://cosylab.iiitd.edu.in/flavordb/molecules_json?id=62374'}	id_matching	PUBCHEM_COMPOUND:62374	tobacco
mf4234	flavordb	{'url': 'https://cosylab.iiitd.edu.in/flavordb/molecules_json?id=7196'}	id_matching	PUBCHEM_COMPOUND:7196	bitter
mf4235	flavordb	{'url': 'https://cosylab.iiitd.edu.in/flavordb/molecules_json?id=16592'}	id_matching	PUBCHEM_COMPOUND:16592	mustard
mf4236	flavordb	{'url': 'https://cosylab.iiitd.edu.in/flavordb/molecules_json?id=16592'}	id_matching	PUBCHEM_COMPOUND:16592	radish
mf4237	flavordb	{'url': 'https://cosylab.iiitd.edu.in/flavordb/molecules_json?id=16592'}	id_matching	PUBCHEM_COMPOUND:16592	sulfury
mf4238	flavordb	{'url': 'https://cosylab.iiitd.edu.in/flavordb/molecules_json?id=16592'}	id_matching	PUBCHEM_COMPOUND:16592	onion
mf4239	flavordb	{'url': 'https://cosylab.iiitd.edu.in/flavordb/molecules_json?id=16592'}	id_matching	PUBCHEM_COMPOUND:16592	tomato
mf4240	flavordb	{'url': 'https://cosylab.iiitd.edu.in/flavordb/molecules_json?id=11160'}	id_matching	PUBCHEM_COMPOUND:11160	pineapple
mf4241	flavordb	{'url': 'https://cosylab.iiitd.edu.in/flavordb/molecules_json?id=11160'}	id_matching	PUBCHEM_COMPOUND:11160	fruity
mf4242	flavordb	{'url': 'https://cosylab.iiitd.edu.in/flavordb/molecules_json?id=11160'}	id_matching	PUBCHEM_COMPOUND:11160	strong
mf4243	flavordb	{'url': 'https://cosylab.iiitd.edu.in/flavordb/molecules_json?id=11160'}	id_matching	PUBCHEM_COMPOUND:11160	apple
mf4244	flavordb	{'url': 'https://cosylab.iiitd.edu.in/flavordb/molecules_json?id=7929'}	id_matching	PUBCHEM_COMPOUND:7929	plastic
mf4245	flavordb	{'url': 'https://cosylab.iiitd.edu.in/flavordb/molecules_json?id=7929'}	id_matching	PUBCHEM_COMPOUND:7929	taste threshold: 0.3 ppm
mf4246	flavordb	{'url': 'https://cosylab.iiitd.edu.in/flavordb/molecules_json?id=7929'}	id_matching	PUBCHEM_COMPOUND:7929	aromatic odor
mf4247	flavordb	{'url': 'https://cosylab.iiitd.edu.in/flavordb/molecules_json?id=7929'}	id_matching	PUBCHEM_COMPOUND:7929	sweet odor
mf4248	flavordb	{'url': 'https://cosylab.iiitd.edu.in/flavordb/molecules_json?id=226486'}	id_matching	PUBCHEM_COMPOUND:226486	sweet
mf4249	flavordb	{'url': 'https://cosylab.iiitd.edu.in/flavordb/molecules_json?id=226486'}	id_matching	PUBCHEM_COMPOUND:226486	smoky
mf4250	flavordb	{'url': 'https://cosylab.iiitd.edu.in/flavordb/molecules_json?id=226486'}	id_matching	PUBCHEM_COMPOUND:226486	ham
mf4251	flavordb	{'url': 'https://cosylab.iiitd.edu.in/flavordb/molecules_json?id=226486'}	id_matching	PUBCHEM_COMPOUND:226486	meaty
mf4252	flavordb	{'url': 'https://cosylab.iiitd.edu.in/flavordb/molecules_json?id=226486'}	id_matching	PUBCHEM_COMPOUND:226486	bacon
mf4253	flavordb	{'url': 'https://cosylab.iiitd.edu.in/flavordb/molecules_json?id=226486'}	id_matching	PUBCHEM_COMPOUND:226486	roasted
mf4254	flavordb	{'url': 'https://cosylab.iiitd.edu.in/flavordb/molecules_json?id=226486'}	id_matching	PUBCHEM_COMPOUND:226486	burnt
mf4255	flavordb	{'url': 'https://cosylab.iiitd.edu.in/flavordb/molecules_json?id=226486'}	id_matching	PUBCHEM_COMPOUND:226486	flower
mf4256	flavordb	{'url': 'https://cosylab.iiitd.edu.in/flavordb/molecules_json?id=4873'}	id_matching	PUBCHEM_COMPOUND:4873	bitter
mf4257	flavordb	{'url': 'https://cosylab.iiitd.edu.in/flavordb/molecules_json?id=4873'}	id_matching	PUBCHEM_COMPOUND:4873	strong saline taste
mf4258	flavordb	{'url': 'https://cosylab.iiitd.edu.in/flavordb/molecules_json?id=4873'}	id_matching	PUBCHEM_COMPOUND:4873	odorless
mf4259	flavordb	{'url': 'https://cosylab.iiitd.edu.in/flavordb/molecules_json?id=61040'}	id_matching	PUBCHEM_COMPOUND:61040	green
mf4260	flavordb	{'url': 'https://cosylab.iiitd.edu.in/flavordb/molecules_json?id=61040'}	id_matching	PUBCHEM_COMPOUND:61040	rose
mf4261	flavordb	{'url': 'https://cosylab.iiitd.edu.in/flavordb/molecules_json?id=61040'}	id_matching	PUBCHEM_COMPOUND:61040	fruity
mf4262	flavordb	{'url': 'https://cosylab.iiitd.edu.in/flavordb/molecules_json?id=61040'}	id_matching	PUBCHEM_COMPOUND:61040	bitter
mf4263	flavordb	{'url': 'https://cosylab.iiitd.edu.in/flavordb/molecules_json?id=61040'}	id_matching	PUBCHEM_COMPOUND:61040	citrus
mf4264	flavordb	{'url': 'https://cosylab.iiitd.edu.in/flavordb/molecules_json?id=61040'}	id_matching	PUBCHEM_COMPOUND:61040	herbal
mf4265	flavordb	{'url': 'https://cosylab.iiitd.edu.in/flavordb/molecules_json?id=61040'}	id_matching	PUBCHEM_COMPOUND:61040	bergamot
mf4266	flavordb	{'url': 'https://cosylab.iiitd.edu.in/flavordb/molecules_json?id=61040'}	id_matching	PUBCHEM_COMPOUND:61040	coriander
mf4267	flavordb	{'url': 'https://cosylab.iiitd.edu.in/flavordb/molecules_json?id=440967'}	id_matching	PUBCHEM_COMPOUND:440967	green
mf4268	flavordb	{'url': 'https://cosylab.iiitd.edu.in/flavordb/molecules_json?id=440967'}	id_matching	PUBCHEM_COMPOUND:440967	woody
mf4269	flavordb	{'url': 'https://cosylab.iiitd.edu.in/flavordb/molecules_json?id=440967'}	id_matching	PUBCHEM_COMPOUND:440967	pine
mf4270	flavordb	{'url': 'https://cosylab.iiitd.edu.in/flavordb/molecules_json?id=440967'}	id_matching	PUBCHEM_COMPOUND:440967	resinous
mf4271	flavordb	{'url': 'https://cosylab.iiitd.edu.in/flavordb/molecules_json?id=440967'}	id_matching	PUBCHEM_COMPOUND:440967	hay
mf4272	flavordb	{'url': 'https://cosylab.iiitd.edu.in/flavordb/molecules_json?id=440967'}	id_matching	PUBCHEM_COMPOUND:440967	dry
mf4273	flavordb	{'url': 'https://cosylab.iiitd.edu.in/flavordb/molecules_json?id=440967'}	id_matching	PUBCHEM_COMPOUND:440967	fresh
mf4274	flavordb	{'url': 'https://cosylab.iiitd.edu.in/flavordb/molecules_json?id=14505'}	id_matching	PUBCHEM_COMPOUND:14505	balsam
mf4275	flavordb	{'url': 'https://cosylab.iiitd.edu.in/flavordb/molecules_json?id=14505'}	id_matching	PUBCHEM_COMPOUND:14505	sweet
mf4276	flavordb	{'url': 'https://cosylab.iiitd.edu.in/flavordb/molecules_json?id=14505'}	id_matching	PUBCHEM_COMPOUND:14505	peanut
mf4277	flavordb	{'url': 'https://cosylab.iiitd.edu.in/flavordb/molecules_json?id=14505'}	id_matching	PUBCHEM_COMPOUND:14505	coffee
mf4278	flavordb	{'url': 'https://cosylab.iiitd.edu.in/flavordb/molecules_json?id=14505'}	id_matching	PUBCHEM_COMPOUND:14505	cocoa
mf4279	flavordb	{'url': 'https://cosylab.iiitd.edu.in/flavordb/molecules_json?id=14505'}	id_matching	PUBCHEM_COMPOUND:14505	almond
mf4280	flavordb	{'url': 'https://cosylab.iiitd.edu.in/flavordb/molecules_json?id=14505'}	id_matching	PUBCHEM_COMPOUND:14505	beef
mf4281	flavordb	{'url': 'https://cosylab.iiitd.edu.in/flavordb/molecules_json?id=14505'}	id_matching	PUBCHEM_COMPOUND:14505	caramel
mf4282	flavordb	{'url': 'https://cosylab.iiitd.edu.in/flavordb/molecules_json?id=14505'}	id_matching	PUBCHEM_COMPOUND:14505	tobacco
mf4283	flavordb	{'url': 'https://cosylab.iiitd.edu.in/flavordb/molecules_json?id=14505'}	id_matching	PUBCHEM_COMPOUND:14505	balsamic
mf4284	flavordb	{'url': 'https://cosylab.iiitd.edu.in/flavordb/molecules_json?id=14505'}	id_matching	PUBCHEM_COMPOUND:14505	potato
mf4285	flavordb	{'url': 'https://cosylab.iiitd.edu.in/flavordb/molecules_json?id=7409'}	id_matching	PUBCHEM_COMPOUND:7409	sweet
mf4286	flavordb	{'url': 'https://cosylab.iiitd.edu.in/flavordb/molecules_json?id=7409'}	id_matching	PUBCHEM_COMPOUND:7409	hyacinth
mf4287	flavordb	{'url': 'https://cosylab.iiitd.edu.in/flavordb/molecules_json?id=7409'}	id_matching	PUBCHEM_COMPOUND:7409	gardenia
mf4288	flavordb	{'url': 'https://cosylab.iiitd.edu.in/flavordb/molecules_json?id=7409'}	id_matching	PUBCHEM_COMPOUND:7409	fresh
mf4289	flavordb	{'url': 'https://cosylab.iiitd.edu.in/flavordb/molecules_json?id=7409'}	id_matching	PUBCHEM_COMPOUND:7409	acetophenone
mf4290	flavordb	{'url': 'https://cosylab.iiitd.edu.in/flavordb/molecules_json?id=7409'}	id_matching	PUBCHEM_COMPOUND:7409	mild hyacinth-gardenia odor
mf4291	flavordb	{'url': 'https://cosylab.iiitd.edu.in/flavordb/molecules_json?id=7409'}	id_matching	PUBCHEM_COMPOUND:7409	weak, bitter, almond-like odor
mf4292	flavordb	{'url': 'https://cosylab.iiitd.edu.in/flavordb/molecules_json?id=7409'}	id_matching	PUBCHEM_COMPOUND:7409	mild floral odor
mf4293	flavordb	{'url': 'https://cosylab.iiitd.edu.in/flavordb/molecules_json?id=11579'}	id_matching	PUBCHEM_COMPOUND:11579	sweet
mf4294	flavordb	{'url': 'https://cosylab.iiitd.edu.in/flavordb/molecules_json?id=11579'}	id_matching	PUBCHEM_COMPOUND:11579	acidic
mf4295	flavordb	{'url': 'https://cosylab.iiitd.edu.in/flavordb/molecules_json?id=11579'}	id_matching	PUBCHEM_COMPOUND:11579	caramel
mf4296	flavordb	{'url': 'https://cosylab.iiitd.edu.in/flavordb/molecules_json?id=11579'}	id_matching	PUBCHEM_COMPOUND:11579	acetoin
mf4297	flavordb	{'url': 'https://cosylab.iiitd.edu.in/flavordb/molecules_json?id=11579'}	id_matching	PUBCHEM_COMPOUND:11579	buttery
mf4298	flavordb	{'url': 'https://cosylab.iiitd.edu.in/flavordb/molecules_json?id=5280462'}	id_matching	PUBCHEM_COMPOUND:5280462	fruity
mf4299	flavordb	{'url': 'https://cosylab.iiitd.edu.in/flavordb/molecules_json?id=5590'}	id_matching	PUBCHEM_COMPOUND:5590	bland
mf4300	flavordb	{'url': 'https://cosylab.iiitd.edu.in/flavordb/molecules_json?id=5590'}	id_matching	PUBCHEM_COMPOUND:5590	alcohol
mf4301	flavordb	{'url': 'https://cosylab.iiitd.edu.in/flavordb/molecules_json?id=441429'}	id_matching	PUBCHEM_COMPOUND:441429	sweet
mf4302	flavordb	{'url': 'https://cosylab.iiitd.edu.in/flavordb/molecules_json?id=12533'}	id_matching	PUBCHEM_COMPOUND:12533	oily
mf4303	flavordb	{'url': 'https://cosylab.iiitd.edu.in/flavordb/molecules_json?id=12533'}	id_matching	PUBCHEM_COMPOUND:12533	oil
mf4304	flavordb	{'url': 'https://cosylab.iiitd.edu.in/flavordb/molecules_json?id=637776'}	id_matching	PUBCHEM_COMPOUND:637776	bitter
mf4305	flavordb	{'url': 'https://cosylab.iiitd.edu.in/flavordb/molecules_json?id=5284649'}	id_matching	PUBCHEM_COMPOUND:5284649	bitter
mf4306	flavordb	{'url': 'https://cosylab.iiitd.edu.in/flavordb/molecules_json?id=5466139'}	id_matching	PUBCHEM_COMPOUND:5466139	bitter
mf4307	flavordb	{'url': 'https://cosylab.iiitd.edu.in/flavordb/molecules_json?id=5284648'}	id_matching	PUBCHEM_COMPOUND:5284648	bitter
mf4308	flavordb	{'url': 'https://cosylab.iiitd.edu.in/flavordb/molecules_json?id=7991'}	id_matching	PUBCHEM_COMPOUND:7991	unpleasant odor
mf4309	flavordb	{'url': 'https://cosylab.iiitd.edu.in/flavordb/molecules_json?id=7991'}	id_matching	PUBCHEM_COMPOUND:7991	penetrating taste
mf4310	flavordb	{'url': 'https://cosylab.iiitd.edu.in/flavordb/molecules_json?id=7991'}	id_matching	PUBCHEM_COMPOUND:7991	rancid
mf4311	flavordb	{'url': 'https://cosylab.iiitd.edu.in/flavordb/molecules_json?id=7991'}	id_matching	PUBCHEM_COMPOUND:7991	animal
mf4312	flavordb	{'url': 'https://cosylab.iiitd.edu.in/flavordb/molecules_json?id=7991'}	id_matching	PUBCHEM_COMPOUND:7991	sweat
mf4313	flavordb	{'url': 'https://cosylab.iiitd.edu.in/flavordb/molecules_json?id=7991'}	id_matching	PUBCHEM_COMPOUND:7991	sickening
mf4314	flavordb	{'url': 'https://cosylab.iiitd.edu.in/flavordb/molecules_json?id=7991'}	id_matching	PUBCHEM_COMPOUND:7991	penetrating odor
mf4315	flavordb	{'url': 'https://cosylab.iiitd.edu.in/flavordb/molecules_json?id=7991'}	id_matching	PUBCHEM_COMPOUND:7991	unpleasant flavor, similar to butyric acid
mf4316	flavordb	{'url': 'https://cosylab.iiitd.edu.in/flavordb/molecules_json?id=7991'}	id_matching	PUBCHEM_COMPOUND:7991	acidic
mf4317	flavordb	{'url': 'https://cosylab.iiitd.edu.in/flavordb/molecules_json?id=7991'}	id_matching	PUBCHEM_COMPOUND:7991	putrid
mf4318	flavordb	{'url': 'https://cosylab.iiitd.edu.in/flavordb/molecules_json?id=7991'}	id_matching	PUBCHEM_COMPOUND:7991	fruity taste
mf4319	flavordb	{'url': 'https://cosylab.iiitd.edu.in/flavordb/molecules_json?id=7991'}	id_matching	PUBCHEM_COMPOUND:7991	sweaty
mf4320	flavordb	{'url': 'https://cosylab.iiitd.edu.in/flavordb/molecules_json?id=7991'}	id_matching	PUBCHEM_COMPOUND:7991	unpleasant odor, similar to butyric acid
mf4321	flavordb	{'url': 'https://cosylab.iiitd.edu.in/flavordb/molecules_json?id=5281810'}	id_matching	PUBCHEM_COMPOUND:5281810	sweet-like
mf4322	flavordb	{'url': 'https://cosylab.iiitd.edu.in/flavordb/molecules_json?id=75427'}	id_matching	PUBCHEM_COMPOUND:75427	citrus
mf4323	flavordb	{'url': 'https://cosylab.iiitd.edu.in/flavordb/molecules_json?id=75427'}	id_matching	PUBCHEM_COMPOUND:75427	herbal
mf4324	flavordb	{'url': 'https://cosylab.iiitd.edu.in/flavordb/molecules_json?id=75427'}	id_matching	PUBCHEM_COMPOUND:75427	fresh
mf4325	flavordb	{'url': 'https://cosylab.iiitd.edu.in/flavordb/molecules_json?id=8969'}	id_matching	PUBCHEM_COMPOUND:8969	bitter
mf4326	flavordb	{'url': 'https://cosylab.iiitd.edu.in/flavordb/molecules_json?id=7478'}	id_matching	PUBCHEM_COMPOUND:7478	sweet
mf4327	flavordb	{'url': 'https://cosylab.iiitd.edu.in/flavordb/molecules_json?id=7478'}	id_matching	PUBCHEM_COMPOUND:7478	cadaverous
mf4328	flavordb	{'url': 'https://cosylab.iiitd.edu.in/flavordb/molecules_json?id=7478'}	id_matching	PUBCHEM_COMPOUND:7478	putrid
mf4329	flavordb	{'url': 'https://cosylab.iiitd.edu.in/flavordb/molecules_json?id=7478'}	id_matching	PUBCHEM_COMPOUND:7478	faint
mf4330	flavordb	{'url': 'https://cosylab.iiitd.edu.in/flavordb/molecules_json?id=11074431'}	id_matching	PUBCHEM_COMPOUND:11074431	bitter
mf4331	flavordb	{'url': 'https://cosylab.iiitd.edu.in/flavordb/molecules_json?id=11074431'}	id_matching	PUBCHEM_COMPOUND:11074431	sweet
mf4332	flavordb	{'url': 'https://cosylab.iiitd.edu.in/flavordb/molecules_json?id=11074431'}	id_matching	PUBCHEM_COMPOUND:11074431	odorless
mf4333	flavordb	{'url': 'https://cosylab.iiitd.edu.in/flavordb/molecules_json?id=447916'}	id_matching	PUBCHEM_COMPOUND:447916	sweet-like
mf4334	flavordb	{'url': 'https://cosylab.iiitd.edu.in/flavordb/molecules_json?id=191'}	id_matching	PUBCHEM_COMPOUND:191	sweet-like
mf4335	flavordb	{'url': 'https://cosylab.iiitd.edu.in/flavordb/molecules_json?id=443157'}	id_matching	PUBCHEM_COMPOUND:443157	citrus
mf4336	flavordb	{'url': 'https://cosylab.iiitd.edu.in/flavordb/molecules_json?id=443157'}	id_matching	PUBCHEM_COMPOUND:443157	herbal
mf4337	flavordb	{'url': 'https://cosylab.iiitd.edu.in/flavordb/molecules_json?id=443157'}	id_matching	PUBCHEM_COMPOUND:443157	clean
mf4338	flavordb	{'url': 'https://cosylab.iiitd.edu.in/flavordb/molecules_json?id=3828'}	id_matching	PUBCHEM_COMPOUND:3828	bitter
mf4339	flavordb	{'url': 'https://cosylab.iiitd.edu.in/flavordb/molecules_json?id=10887828'}	id_matching	PUBCHEM_COMPOUND:10887828	mustard
mf4340	flavordb	{'url': 'https://cosylab.iiitd.edu.in/flavordb/molecules_json?id=10887828'}	id_matching	PUBCHEM_COMPOUND:10887828	onion
mf4341	flavordb	{'url': 'https://cosylab.iiitd.edu.in/flavordb/molecules_json?id=10887828'}	id_matching	PUBCHEM_COMPOUND:10887828	garlic
mf4342	flavordb	{'url': 'https://cosylab.iiitd.edu.in/flavordb/molecules_json?id=10887828'}	id_matching	PUBCHEM_COMPOUND:10887828	sulfurous
mf4343	flavordb	{'url': 'https://cosylab.iiitd.edu.in/flavordb/molecules_json?id=10887828'}	id_matching	PUBCHEM_COMPOUND:10887828	vegetable
mf4344	flavordb	{'url': 'https://cosylab.iiitd.edu.in/flavordb/molecules_json?id=10887828'}	id_matching	PUBCHEM_COMPOUND:10887828	nutty
mf4345	flavordb	{'url': 'https://cosylab.iiitd.edu.in/flavordb/molecules_json?id=10887828'}	id_matching	PUBCHEM_COMPOUND:10887828	potato
mf4346	flavordb	{'url': 'https://cosylab.iiitd.edu.in/flavordb/molecules_json?id=78925'}	id_matching	PUBCHEM_COMPOUND:78925	meaty
mf4347	flavordb	{'url': 'https://cosylab.iiitd.edu.in/flavordb/molecules_json?id=78925'}	id_matching	PUBCHEM_COMPOUND:78925	sulfurous
mf4348	flavordb	{'url': 'https://cosylab.iiitd.edu.in/flavordb/molecules_json?id=16872'}	id_matching	PUBCHEM_COMPOUND:16872	green
mf4349	flavordb	{'url': 'https://cosylab.iiitd.edu.in/flavordb/molecules_json?id=16872'}	id_matching	PUBCHEM_COMPOUND:16872	sweet
mf4350	flavordb	{'url': 'https://cosylab.iiitd.edu.in/flavordb/molecules_json?id=16872'}	id_matching	PUBCHEM_COMPOUND:16872	fruity
mf4351	flavordb	{'url': 'https://cosylab.iiitd.edu.in/flavordb/molecules_json?id=16872'}	id_matching	PUBCHEM_COMPOUND:16872	wine
mf4352	flavordb	{'url': 'https://cosylab.iiitd.edu.in/flavordb/molecules_json?id=16872'}	id_matching	PUBCHEM_COMPOUND:16872	berry
mf4353	flavordb	{'url': 'https://cosylab.iiitd.edu.in/flavordb/molecules_json?id=16872'}	id_matching	PUBCHEM_COMPOUND:16872	ripe
mf4354	flavordb	{'url': 'https://cosylab.iiitd.edu.in/flavordb/molecules_json?id=16872'}	id_matching	PUBCHEM_COMPOUND:16872	pear
mf4355	flavordb	{'url': 'https://cosylab.iiitd.edu.in/flavordb/molecules_json?id=16872'}	id_matching	PUBCHEM_COMPOUND:16872	apple
mf4356	flavordb	{'url': 'https://cosylab.iiitd.edu.in/flavordb/molecules_json?id=16872'}	id_matching	PUBCHEM_COMPOUND:16872	grape
mf4357	flavordb	{'url': 'https://cosylab.iiitd.edu.in/flavordb/molecules_json?id=442089'}	id_matching	PUBCHEM_COMPOUND:442089	sweet
mf4358	flavordb	{'url': 'https://cosylab.iiitd.edu.in/flavordb/molecules_json?id=7047'}	id_matching	PUBCHEM_COMPOUND:7047	rubber
mf4359	flavordb	{'url': 'https://cosylab.iiitd.edu.in/flavordb/molecules_json?id=7047'}	id_matching	PUBCHEM_COMPOUND:7047	unpleasant odor
mf4360	flavordb	{'url': 'https://cosylab.iiitd.edu.in/flavordb/molecules_json?id=7047'}	id_matching	PUBCHEM_COMPOUND:7047	musty
mf4361	flavordb	{'url': 'https://cosylab.iiitd.edu.in/flavordb/molecules_json?id=7047'}	id_matching	PUBCHEM_COMPOUND:7047	penetrating odor, not as offensive as pyridine
mf4362	flavordb	{'url': 'https://cosylab.iiitd.edu.in/flavordb/molecules_json?id=7047'}	id_matching	PUBCHEM_COMPOUND:7047	tobacco
mf4363	flavordb	{'url': 'https://cosylab.iiitd.edu.in/flavordb/molecules_json?id=7047'}	id_matching	PUBCHEM_COMPOUND:7047	earthy
mf4364	flavordb	{'url': 'https://cosylab.iiitd.edu.in/flavordb/molecules_json?id=7047'}	id_matching	PUBCHEM_COMPOUND:7047	medical
mf4365	flavordb	{'url': 'https://cosylab.iiitd.edu.in/flavordb/molecules_json?id=439524'}	id_matching	PUBCHEM_COMPOUND:439524	sweet
mf4366	flavordb	{'url': 'https://cosylab.iiitd.edu.in/flavordb/molecules_json?id=8973'}	id_matching	PUBCHEM_COMPOUND:8973	sweet
mf4367	flavordb	{'url': 'https://cosylab.iiitd.edu.in/flavordb/molecules_json?id=5370602'}	id_matching	PUBCHEM_COMPOUND:5370602	green
mf4368	flavordb	{'url': 'https://cosylab.iiitd.edu.in/flavordb/molecules_json?id=5370602'}	id_matching	PUBCHEM_COMPOUND:5370602	sweet
mf4369	flavordb	{'url': 'https://cosylab.iiitd.edu.in/flavordb/molecules_json?id=5370602'}	id_matching	PUBCHEM_COMPOUND:5370602	fruity
mf4370	flavordb	{'url': 'https://cosylab.iiitd.edu.in/flavordb/molecules_json?id=5370602'}	id_matching	PUBCHEM_COMPOUND:5370602	bitter
mf4371	flavordb	{'url': 'https://cosylab.iiitd.edu.in/flavordb/molecules_json?id=5370602'}	id_matching	PUBCHEM_COMPOUND:5370602	cocoa
mf4372	flavordb	{'url': 'https://cosylab.iiitd.edu.in/flavordb/molecules_json?id=5370602'}	id_matching	PUBCHEM_COMPOUND:5370602	aldehydic
mf4373	flavordb	{'url': 'https://cosylab.iiitd.edu.in/flavordb/molecules_json?id=5370602'}	id_matching	PUBCHEM_COMPOUND:5370602	butyric
mf4374	flavordb	{'url': 'https://cosylab.iiitd.edu.in/flavordb/molecules_json?id=5370602'}	id_matching	PUBCHEM_COMPOUND:5370602	nut skin
mf4375	flavordb	{'url': 'https://cosylab.iiitd.edu.in/flavordb/molecules_json?id=5370602'}	id_matching	PUBCHEM_COMPOUND:5370602	chocolate
mf4376	flavordb	{'url': 'https://cosylab.iiitd.edu.in/flavordb/molecules_json?id=79025'}	id_matching	PUBCHEM_COMPOUND:79025	sweet
mf4377	flavordb	{'url': 'https://cosylab.iiitd.edu.in/flavordb/molecules_json?id=445238'}	id_matching	PUBCHEM_COMPOUND:445238	sweet
mf4378	flavordb	{'url': 'https://cosylab.iiitd.edu.in/flavordb/molecules_json?id=521790'}	id_matching	PUBCHEM_COMPOUND:521790	truffle
mf4379	flavordb	{'url': 'https://cosylab.iiitd.edu.in/flavordb/molecules_json?id=521790'}	id_matching	PUBCHEM_COMPOUND:521790	nut
mf4380	flavordb	{'url': 'https://cosylab.iiitd.edu.in/flavordb/molecules_json?id=521790'}	id_matching	PUBCHEM_COMPOUND:521790	earthy
mf4381	flavordb	{'url': 'https://cosylab.iiitd.edu.in/flavordb/molecules_json?id=521790'}	id_matching	PUBCHEM_COMPOUND:521790	nutty
mf4382	flavordb	{'url': 'https://cosylab.iiitd.edu.in/flavordb/molecules_json?id=521790'}	id_matching	PUBCHEM_COMPOUND:521790	earth
mf4383	flavordb	{'url': 'https://cosylab.iiitd.edu.in/flavordb/molecules_json?id=8834'}	id_matching	PUBCHEM_COMPOUND:8834	floral
mf4384	flavordb	{'url': 'https://cosylab.iiitd.edu.in/flavordb/molecules_json?id=8834'}	id_matching	PUBCHEM_COMPOUND:8834	green
mf4385	flavordb	{'url': 'https://cosylab.iiitd.edu.in/flavordb/molecules_json?id=8834'}	id_matching	PUBCHEM_COMPOUND:8834	rose
mf4386	flavordb	{'url': 'https://cosylab.iiitd.edu.in/flavordb/molecules_json?id=8834'}	id_matching	PUBCHEM_COMPOUND:8834	waxy
mf4387	flavordb	{'url': 'https://cosylab.iiitd.edu.in/flavordb/molecules_json?id=8834'}	id_matching	PUBCHEM_COMPOUND:8834	neroli
mf4388	flavordb	{'url': 'https://cosylab.iiitd.edu.in/flavordb/molecules_json?id=8834'}	id_matching	PUBCHEM_COMPOUND:8834	bitter
mf4389	flavordb	{'url': 'https://cosylab.iiitd.edu.in/flavordb/molecules_json?id=8834'}	id_matching	PUBCHEM_COMPOUND:8834	fruity
mf4390	flavordb	{'url': 'https://cosylab.iiitd.edu.in/flavordb/molecules_json?id=7002'}	id_matching	PUBCHEM_COMPOUND:7002	naphthyl
mf4391	flavordb	{'url': 'https://cosylab.iiitd.edu.in/flavordb/molecules_json?id=7002'}	id_matching	PUBCHEM_COMPOUND:7002	chemical
mf4392	flavordb	{'url': 'https://cosylab.iiitd.edu.in/flavordb/molecules_json?id=7002'}	id_matching	PUBCHEM_COMPOUND:7002	medicinal
mf4393	flavordb	{'url': 'https://cosylab.iiitd.edu.in/flavordb/molecules_json?id=7002'}	id_matching	PUBCHEM_COMPOUND:7002	camphor
mf4394	flavordb	{'url': 'https://cosylab.iiitd.edu.in/flavordb/molecules_json?id=7194'}	id_matching	PUBCHEM_COMPOUND:7194	floral
mf4395	flavordb	{'url': 'https://cosylab.iiitd.edu.in/flavordb/molecules_json?id=7194'}	id_matching	PUBCHEM_COMPOUND:7194	balsam
mf4396	flavordb	{'url': 'https://cosylab.iiitd.edu.in/flavordb/molecules_json?id=7194'}	id_matching	PUBCHEM_COMPOUND:7194	rose
mf4397	flavordb	{'url': 'https://cosylab.iiitd.edu.in/flavordb/molecules_json?id=7194'}	id_matching	PUBCHEM_COMPOUND:7194	honey
mf4398	flavordb	{'url': 'https://cosylab.iiitd.edu.in/flavordb/molecules_json?id=7194'}	id_matching	PUBCHEM_COMPOUND:7194	soft
mf4399	flavordb	{'url': 'https://cosylab.iiitd.edu.in/flavordb/molecules_json?id=8363'}	id_matching	PUBCHEM_COMPOUND:8363	balsam
mf4400	flavordb	{'url': 'https://cosylab.iiitd.edu.in/flavordb/molecules_json?id=8363'}	id_matching	PUBCHEM_COMPOUND:8363	sweet
mf4401	flavordb	{'url': 'https://cosylab.iiitd.edu.in/flavordb/molecules_json?id=8363'}	id_matching	PUBCHEM_COMPOUND:8363	herbal
mf4402	flavordb	{'url': 'https://cosylab.iiitd.edu.in/flavordb/molecules_json?id=8363'}	id_matching	PUBCHEM_COMPOUND:8363	oily
mf4403	flavordb	{'url': 'https://cosylab.iiitd.edu.in/flavordb/molecules_json?id=8363'}	id_matching	PUBCHEM_COMPOUND:8363	clean
mf4404	flavordb	{'url': 'https://cosylab.iiitd.edu.in/flavordb/molecules_json?id=23235'}	id_matching	PUBCHEM_COMPOUND:23235	balsam
mf4405	flavordb	{'url': 'https://cosylab.iiitd.edu.in/flavordb/molecules_json?id=23235'}	id_matching	PUBCHEM_COMPOUND:23235	woody
mf4406	flavordb	{'url': 'https://cosylab.iiitd.edu.in/flavordb/molecules_json?id=23235'}	id_matching	PUBCHEM_COMPOUND:23235	sappy
mf4407	flavordb	{'url': 'https://cosylab.iiitd.edu.in/flavordb/molecules_json?id=23235'}	id_matching	PUBCHEM_COMPOUND:23235	fresh
mf4408	flavordb	{'url': 'https://cosylab.iiitd.edu.in/flavordb/molecules_json?id=23235'}	id_matching	PUBCHEM_COMPOUND:23235	clean
mf4409	flavordb	{'url': 'https://cosylab.iiitd.edu.in/flavordb/molecules_json?id=6918840'}	id_matching	PUBCHEM_COMPOUND:6918840	sweet
mf4410	flavordb	{'url': 'https://cosylab.iiitd.edu.in/flavordb/molecules_json?id=61657'}	id_matching	PUBCHEM_COMPOUND:61657	mustard
mf4411	flavordb	{'url': 'https://cosylab.iiitd.edu.in/flavordb/molecules_json?id=61657'}	id_matching	PUBCHEM_COMPOUND:61657	coffee
mf4412	flavordb	{'url': 'https://cosylab.iiitd.edu.in/flavordb/molecules_json?id=61657'}	id_matching	PUBCHEM_COMPOUND:61657	sulfury
mf4413	flavordb	{'url': 'https://cosylab.iiitd.edu.in/flavordb/molecules_json?id=61657'}	id_matching	PUBCHEM_COMPOUND:61657	onion
mf4414	flavordb	{'url': 'https://cosylab.iiitd.edu.in/flavordb/molecules_json?id=61657'}	id_matching	PUBCHEM_COMPOUND:61657	horseradish
mf4415	flavordb	{'url': 'https://cosylab.iiitd.edu.in/flavordb/molecules_json?id=61657'}	id_matching	PUBCHEM_COMPOUND:61657	garlic
mf4416	flavordb	{'url': 'https://cosylab.iiitd.edu.in/flavordb/molecules_json?id=10238'}	id_matching	PUBCHEM_COMPOUND:10238	sweet-like
mf4417	flavordb	{'url': 'https://cosylab.iiitd.edu.in/flavordb/molecules_json?id=9017'}	id_matching	PUBCHEM_COMPOUND:9017	floral
mf4418	flavordb	{'url': 'https://cosylab.iiitd.edu.in/flavordb/molecules_json?id=9017'}	id_matching	PUBCHEM_COMPOUND:9017	green
mf4419	flavordb	{'url': 'https://cosylab.iiitd.edu.in/flavordb/molecules_json?id=9017'}	id_matching	PUBCHEM_COMPOUND:9017	woody
mf4420	flavordb	{'url': 'https://cosylab.iiitd.edu.in/flavordb/molecules_json?id=9017'}	id_matching	PUBCHEM_COMPOUND:9017	rose
mf4421	flavordb	{'url': 'https://cosylab.iiitd.edu.in/flavordb/molecules_json?id=9017'}	id_matching	PUBCHEM_COMPOUND:9017	fruity
mf4422	flavordb	{'url': 'https://cosylab.iiitd.edu.in/flavordb/molecules_json?id=9017'}	id_matching	PUBCHEM_COMPOUND:9017	citrus
mf4423	flavordb	{'url': 'https://cosylab.iiitd.edu.in/flavordb/molecules_json?id=9017'}	id_matching	PUBCHEM_COMPOUND:9017	lemon
mf4424	flavordb	{'url': 'https://cosylab.iiitd.edu.in/flavordb/molecules_json?id=9017'}	id_matching	PUBCHEM_COMPOUND:9017	tropical
mf4425	flavordb	{'url': 'https://cosylab.iiitd.edu.in/flavordb/molecules_json?id=9017'}	id_matching	PUBCHEM_COMPOUND:9017	fruit
mf4426	flavordb	{'url': 'https://cosylab.iiitd.edu.in/flavordb/molecules_json?id=9017'}	id_matching	PUBCHEM_COMPOUND:9017	dust
mf4427	flavordb	{'url': 'https://cosylab.iiitd.edu.in/flavordb/molecules_json?id=31283'}	id_matching	PUBCHEM_COMPOUND:31283	sweet
mf4428	flavordb	{'url': 'https://cosylab.iiitd.edu.in/flavordb/molecules_json?id=31283'}	id_matching	PUBCHEM_COMPOUND:31283	waxy
mf4429	flavordb	{'url': 'https://cosylab.iiitd.edu.in/flavordb/molecules_json?id=31283'}	id_matching	PUBCHEM_COMPOUND:31283	violet
mf4430	flavordb	{'url': 'https://cosylab.iiitd.edu.in/flavordb/molecules_json?id=31283'}	id_matching	PUBCHEM_COMPOUND:31283	ether
mf4431	flavordb	{'url': 'https://cosylab.iiitd.edu.in/flavordb/molecules_json?id=31283'}	id_matching	PUBCHEM_COMPOUND:31283	orris
mf4432	flavordb	{'url': 'https://cosylab.iiitd.edu.in/flavordb/molecules_json?id=31283'}	id_matching	PUBCHEM_COMPOUND:31283	soapy
mf4433	flavordb	{'url': 'https://cosylab.iiitd.edu.in/flavordb/molecules_json?id=68437'}	id_matching	PUBCHEM_COMPOUND:68437	bitter
mf4434	flavordb	{'url': 'https://cosylab.iiitd.edu.in/flavordb/molecules_json?id=660'}	id_matching	PUBCHEM_COMPOUND:660	sweet
mf4435	flavordb	{'url': 'https://cosylab.iiitd.edu.in/flavordb/molecules_json?id=660'}	id_matching	PUBCHEM_COMPOUND:660	sweet then bitter
mf4436	flavordb	{'url': 'https://cosylab.iiitd.edu.in/flavordb/molecules_json?id=660'}	id_matching	PUBCHEM_COMPOUND:660	hay-like
mf4437	flavordb	{'url': 'https://cosylab.iiitd.edu.in/flavordb/molecules_json?id=660'}	id_matching	PUBCHEM_COMPOUND:660	coconut odor
mf4438	flavordb	{'url': 'https://cosylab.iiitd.edu.in/flavordb/molecules_json?id=660'}	id_matching	PUBCHEM_COMPOUND:660	cinnamon
mf4439	flavordb	{'url': 'https://cosylab.iiitd.edu.in/flavordb/molecules_json?id=660'}	id_matching	PUBCHEM_COMPOUND:660	almond
mf4440	flavordb	{'url': 'https://cosylab.iiitd.edu.in/flavordb/molecules_json?id=660'}	id_matching	PUBCHEM_COMPOUND:660	creamy
mf4441	flavordb	{'url': 'https://cosylab.iiitd.edu.in/flavordb/molecules_json?id=660'}	id_matching	PUBCHEM_COMPOUND:660	herbal
mf4442	flavordb	{'url': 'https://cosylab.iiitd.edu.in/flavordb/molecules_json?id=660'}	id_matching	PUBCHEM_COMPOUND:660	coumarin
mf4443	flavordb	{'url': 'https://cosylab.iiitd.edu.in/flavordb/molecules_json?id=660'}	id_matching	PUBCHEM_COMPOUND:660	burning
mf4444	flavordb	{'url': 'https://cosylab.iiitd.edu.in/flavordb/molecules_json?id=660'}	id_matching	PUBCHEM_COMPOUND:660	tonka
mf4445	flavordb	{'url': 'https://cosylab.iiitd.edu.in/flavordb/molecules_json?id=660'}	id_matching	PUBCHEM_COMPOUND:660	coconut
mf4446	flavordb	{'url': 'https://cosylab.iiitd.edu.in/flavordb/molecules_json?id=660'}	id_matching	PUBCHEM_COMPOUND:660	odor similar to coumarin at room temp or reminiscent of nitrobenzene at higher temp.
mf4447	flavordb	{'url': 'https://cosylab.iiitd.edu.in/flavordb/molecules_json?id=660'}	id_matching	PUBCHEM_COMPOUND:660	tobacco
mf4448	flavordb	{'url': 'https://cosylab.iiitd.edu.in/flavordb/molecules_json?id=6455477'}	id_matching	PUBCHEM_COMPOUND:6455477	sweet-like
mf4449	flavordb	{'url': 'https://cosylab.iiitd.edu.in/flavordb/molecules_json?id=20083'}	id_matching	PUBCHEM_COMPOUND:20083	green
mf4450	flavordb	{'url': 'https://cosylab.iiitd.edu.in/flavordb/molecules_json?id=20083'}	id_matching	PUBCHEM_COMPOUND:20083	woody
mf4451	flavordb	{'url': 'https://cosylab.iiitd.edu.in/flavordb/molecules_json?id=20083'}	id_matching	PUBCHEM_COMPOUND:20083	fat
mf4452	flavordb	{'url': 'https://cosylab.iiitd.edu.in/flavordb/molecules_json?id=20083'}	id_matching	PUBCHEM_COMPOUND:20083	mushroom
mf4453	flavordb	{'url': 'https://cosylab.iiitd.edu.in/flavordb/molecules_json?id=20083'}	id_matching	PUBCHEM_COMPOUND:20083	herbal
mf4454	flavordb	{'url': 'https://cosylab.iiitd.edu.in/flavordb/molecules_json?id=20083'}	id_matching	PUBCHEM_COMPOUND:20083	fresh
mf4455	flavordb	{'url': 'https://cosylab.iiitd.edu.in/flavordb/molecules_json?id=20083'}	id_matching	PUBCHEM_COMPOUND:20083	earthy
mf4456	flavordb	{'url': 'https://cosylab.iiitd.edu.in/flavordb/molecules_json?id=20083'}	id_matching	PUBCHEM_COMPOUND:20083	spicy
mf4457	flavordb	{'url': 'https://cosylab.iiitd.edu.in/flavordb/molecules_json?id=20083'}	id_matching	PUBCHEM_COMPOUND:20083	characteristically disagreeable, but aromatic
mf4458	flavordb	{'url': 'https://cosylab.iiitd.edu.in/flavordb/molecules_json?id=2331'}	id_matching	PUBCHEM_COMPOUND:2331	bitter
mf4459	flavordb	{'url': 'https://cosylab.iiitd.edu.in/flavordb/molecules_json?id=6428538'}	id_matching	PUBCHEM_COMPOUND:6428538	balsam
mf4460	flavordb	{'url': 'https://cosylab.iiitd.edu.in/flavordb/molecules_json?id=6428538'}	id_matching	PUBCHEM_COMPOUND:6428538	fruity
mf4461	flavordb	{'url': 'https://cosylab.iiitd.edu.in/flavordb/molecules_json?id=6428538'}	id_matching	PUBCHEM_COMPOUND:6428538	waxy
mf4462	flavordb	{'url': 'https://cosylab.iiitd.edu.in/flavordb/molecules_json?id=6428538'}	id_matching	PUBCHEM_COMPOUND:6428538	mild
mf4463	flavordb	{'url': 'https://cosylab.iiitd.edu.in/flavordb/molecules_json?id=23987'}	id_matching	PUBCHEM_COMPOUND:23987	tasteless
mf4464	flavordb	{'url': 'https://cosylab.iiitd.edu.in/flavordb/molecules_json?id=23987'}	id_matching	PUBCHEM_COMPOUND:23987	odorless
mf4465	flavordb	{'url': 'https://cosylab.iiitd.edu.in/flavordb/molecules_json?id=5312351'}	id_matching	PUBCHEM_COMPOUND:5312351	fatty
mf4466	flavordb	{'url': 'https://cosylab.iiitd.edu.in/flavordb/molecules_json?id=5312351'}	id_matching	PUBCHEM_COMPOUND:5312351	green
mf4467	flavordb	{'url': 'https://cosylab.iiitd.edu.in/flavordb/molecules_json?id=115149'}	id_matching	PUBCHEM_COMPOUND:115149	bitter
mf4468	flavordb	{'url': 'https://cosylab.iiitd.edu.in/flavordb/molecules_json?id=107689'}	id_matching	PUBCHEM_COMPOUND:107689	odorless
mf4469	flavordb	{'url': 'https://cosylab.iiitd.edu.in/flavordb/molecules_json?id=107689'}	id_matching	PUBCHEM_COMPOUND:107689	acidic
mf4470	flavordb	{'url': 'https://cosylab.iiitd.edu.in/flavordb/molecules_json?id=61503'}	id_matching	PUBCHEM_COMPOUND:61503	available forms have very slightly acrid odor
mf4471	flavordb	{'url': 'https://cosylab.iiitd.edu.in/flavordb/molecules_json?id=61503'}	id_matching	PUBCHEM_COMPOUND:61503	taste is acrid
mf4472	flavordb	{'url': 'https://cosylab.iiitd.edu.in/flavordb/molecules_json?id=61503'}	id_matching	PUBCHEM_COMPOUND:61503	acidic
mf4473	flavordb	{'url': 'https://cosylab.iiitd.edu.in/flavordb/molecules_json?id=61503'}	id_matching	PUBCHEM_COMPOUND:61503	mild acid taste and does not overpower weaker aromatic flavors
mf4474	flavordb	{'url': 'https://cosylab.iiitd.edu.in/flavordb/molecules_json?id=61503'}	id_matching	PUBCHEM_COMPOUND:61503	odorless
mf4475	flavordb	{'url': 'https://cosylab.iiitd.edu.in/flavordb/molecules_json?id=61503'}	id_matching	PUBCHEM_COMPOUND:61503	weak unpleasant odor
mf4476	flavordb	{'url': 'https://cosylab.iiitd.edu.in/flavordb/molecules_json?id=443160'}	id_matching	PUBCHEM_COMPOUND:443160	dill
mf4477	flavordb	{'url': 'https://cosylab.iiitd.edu.in/flavordb/molecules_json?id=30914'}	id_matching	PUBCHEM_COMPOUND:30914	coffee
mf4478	flavordb	{'url': 'https://cosylab.iiitd.edu.in/flavordb/molecules_json?id=30914'}	id_matching	PUBCHEM_COMPOUND:30914	corn
mf4479	flavordb	{'url': 'https://cosylab.iiitd.edu.in/flavordb/molecules_json?id=30914'}	id_matching	PUBCHEM_COMPOUND:30914	bitter
mf4480	flavordb	{'url': 'https://cosylab.iiitd.edu.in/flavordb/molecules_json?id=30914'}	id_matching	PUBCHEM_COMPOUND:30914	chip
mf4481	flavordb	{'url': 'https://cosylab.iiitd.edu.in/flavordb/molecules_json?id=30914'}	id_matching	PUBCHEM_COMPOUND:30914	tomato
mf4482	flavordb	{'url': 'https://cosylab.iiitd.edu.in/flavordb/molecules_json?id=30914'}	id_matching	PUBCHEM_COMPOUND:30914	roast
mf4483	flavordb	{'url': 'https://cosylab.iiitd.edu.in/flavordb/molecules_json?id=30914'}	id_matching	PUBCHEM_COMPOUND:30914	hazelnut
mf4484	flavordb	{'url': 'https://cosylab.iiitd.edu.in/flavordb/molecules_json?id=30914'}	id_matching	PUBCHEM_COMPOUND:30914	bread crust
mf4485	flavordb	{'url': 'https://cosylab.iiitd.edu.in/flavordb/molecules_json?id=30914'}	id_matching	PUBCHEM_COMPOUND:30914	chocolate
mf4486	flavordb	{'url': 'https://cosylab.iiitd.edu.in/flavordb/molecules_json?id=30914'}	id_matching	PUBCHEM_COMPOUND:30914	nutty
mf4487	flavordb	{'url': 'https://cosylab.iiitd.edu.in/flavordb/molecules_json?id=30914'}	id_matching	PUBCHEM_COMPOUND:30914	popcorn
mf4488	flavordb	{'url': 'https://cosylab.iiitd.edu.in/flavordb/molecules_json?id=8835'}	id_matching	PUBCHEM_COMPOUND:8835	floral
mf4489	flavordb	{'url': 'https://cosylab.iiitd.edu.in/flavordb/molecules_json?id=8835'}	id_matching	PUBCHEM_COMPOUND:8835	green
mf4490	flavordb	{'url': 'https://cosylab.iiitd.edu.in/flavordb/molecules_json?id=8835'}	id_matching	PUBCHEM_COMPOUND:8835	sweet
mf4491	flavordb	{'url': 'https://cosylab.iiitd.edu.in/flavordb/molecules_json?id=8835'}	id_matching	PUBCHEM_COMPOUND:8835	rose
mf4492	flavordb	{'url': 'https://cosylab.iiitd.edu.in/flavordb/molecules_json?id=8835'}	id_matching	PUBCHEM_COMPOUND:8835	waxy
mf4493	flavordb	{'url': 'https://cosylab.iiitd.edu.in/flavordb/molecules_json?id=8835'}	id_matching	PUBCHEM_COMPOUND:8835	fruity
mf4494	flavordb	{'url': 'https://cosylab.iiitd.edu.in/flavordb/molecules_json?id=8835'}	id_matching	PUBCHEM_COMPOUND:8835	geranium
mf4495	flavordb	{'url': 'https://cosylab.iiitd.edu.in/flavordb/molecules_json?id=8835'}	id_matching	PUBCHEM_COMPOUND:8835	tropical
mf4496	flavordb	{'url': 'https://cosylab.iiitd.edu.in/flavordb/molecules_json?id=8835'}	id_matching	PUBCHEM_COMPOUND:8835	fruit
mf4497	flavordb	{'url': 'https://cosylab.iiitd.edu.in/flavordb/molecules_json?id=19754'}	id_matching	PUBCHEM_COMPOUND:19754	green
mf4498	flavordb	{'url': 'https://cosylab.iiitd.edu.in/flavordb/molecules_json?id=19754'}	id_matching	PUBCHEM_COMPOUND:19754	creamy
mf4499	flavordb	{'url': 'https://cosylab.iiitd.edu.in/flavordb/molecules_json?id=19754'}	id_matching	PUBCHEM_COMPOUND:19754	alliaceous
mf4500	flavordb	{'url': 'https://cosylab.iiitd.edu.in/flavordb/molecules_json?id=19754'}	id_matching	PUBCHEM_COMPOUND:19754	leek
mf4501	flavordb	{'url': 'https://cosylab.iiitd.edu.in/flavordb/molecules_json?id=6568'}	id_matching	PUBCHEM_COMPOUND:6568	apricot
mf4502	flavordb	{'url': 'https://cosylab.iiitd.edu.in/flavordb/molecules_json?id=6568'}	id_matching	PUBCHEM_COMPOUND:6568	sweet
mf4503	flavordb	{'url': 'https://cosylab.iiitd.edu.in/flavordb/molecules_json?id=6568'}	id_matching	PUBCHEM_COMPOUND:6568	strong, pleasant odor
mf4504	flavordb	{'url': 'https://cosylab.iiitd.edu.in/flavordb/molecules_json?id=6568'}	id_matching	PUBCHEM_COMPOUND:6568	wine
mf4505	flavordb	{'url': 'https://cosylab.iiitd.edu.in/flavordb/molecules_json?id=6568'}	id_matching	PUBCHEM_COMPOUND:6568	wine odor liquid
mf4506	flavordb	{'url': 'https://cosylab.iiitd.edu.in/flavordb/molecules_json?id=6568'}	id_matching	PUBCHEM_COMPOUND:6568	has a strong vinous odor
mf4507	flavordb	{'url': 'https://cosylab.iiitd.edu.in/flavordb/molecules_json?id=6568'}	id_matching	PUBCHEM_COMPOUND:6568	oily
mf4508	flavordb	{'url': 'https://cosylab.iiitd.edu.in/flavordb/molecules_json?id=8201'}	id_matching	PUBCHEM_COMPOUND:8201	fat
mf4509	flavordb	{'url': 'https://cosylab.iiitd.edu.in/flavordb/molecules_json?id=8201'}	id_matching	PUBCHEM_COMPOUND:8201	oily
mf4510	flavordb	{'url': 'https://cosylab.iiitd.edu.in/flavordb/molecules_json?id=8201'}	id_matching	PUBCHEM_COMPOUND:8201	waxy
mf4511	flavordb	{'url': 'https://cosylab.iiitd.edu.in/flavordb/molecules_json?id=7459'}	id_matching	PUBCHEM_COMPOUND:7459	pine
mf4512	hsdb	{'url': 'https://pubchem.ncbi.nlm.nih.gov/source/hsdb/33'}	id_matching	PUBCHEM_COMPOUND:24085	odorless
mf4513	hsdb	{'url': 'https://pubchem.ncbi.nlm.nih.gov/source/hsdb/34'}	id_matching	PUBCHEM_COMPOUND:807	characteristic odor
mf4514	hsdb	{'url': 'https://pubchem.ncbi.nlm.nih.gov/source/hsdb/34'}	id_matching	PUBCHEM_COMPOUND:807	irritating odor
mf4515	hsdb	{'url': 'https://pubchem.ncbi.nlm.nih.gov/source/hsdb/35'}	id_matching	PUBCHEM_COMPOUND:241	aromatic odor
mf4516	hsdb	{'url': 'https://pubchem.ncbi.nlm.nih.gov/source/hsdb/39'}	id_matching	PUBCHEM_COMPOUND:7835	garlic
mf4517	hsdb	{'url': 'https://pubchem.ncbi.nlm.nih.gov/source/hsdb/42'}	id_matching	PUBCHEM_COMPOUND:6342	aromatic odor
mf4518	hsdb	{'url': 'https://pubchem.ncbi.nlm.nih.gov/source/hsdb/42'}	id_matching	PUBCHEM_COMPOUND:6342	sweet
mf4519	hsdb	{'url': 'https://pubchem.ncbi.nlm.nih.gov/source/hsdb/43'}	id_matching	PUBCHEM_COMPOUND:6115	pungent
mf4520	hsdb	{'url': 'https://pubchem.ncbi.nlm.nih.gov/source/hsdb/43'}	id_matching	PUBCHEM_COMPOUND:6115	amine-like odor
mf4521	hsdb	{'url': 'https://pubchem.ncbi.nlm.nih.gov/source/hsdb/45'}	id_matching	PUBCHEM_COMPOUND:7505	almond
mf4522	hsdb	{'url': 'https://pubchem.ncbi.nlm.nih.gov/source/hsdb/47'}	id_matching	PUBCHEM_COMPOUND:7961	aromatic odor
mf4523	hsdb	{'url': 'https://pubchem.ncbi.nlm.nih.gov/source/hsdb/47'}	id_matching	PUBCHEM_COMPOUND:7961	pungent odor
mf4524	hsdb	{'url': 'https://pubchem.ncbi.nlm.nih.gov/source/hsdb/49'}	id_matching	PUBCHEM_COMPOUND:6560	sweet
mf4525	hsdb	{'url': 'https://pubchem.ncbi.nlm.nih.gov/source/hsdb/49'}	id_matching	PUBCHEM_COMPOUND:6560	alcohol
mf4526	hsdb	{'url': 'https://pubchem.ncbi.nlm.nih.gov/source/hsdb/49'}	id_matching	PUBCHEM_COMPOUND:6560	disagreeable odor.
mf4527	hsdb	{'url': 'https://pubchem.ncbi.nlm.nih.gov/source/hsdb/49'}	id_matching	PUBCHEM_COMPOUND:6560	fusel
mf4528	hsdb	{'url': 'https://pubchem.ncbi.nlm.nih.gov/source/hsdb/49'}	id_matching	PUBCHEM_COMPOUND:6560	slight
mf4529	hsdb	{'url': 'https://pubchem.ncbi.nlm.nih.gov/source/hsdb/50'}	id_matching	PUBCHEM_COMPOUND:6386	camphor-like odor
mf4530	hsdb	{'url': 'https://pubchem.ncbi.nlm.nih.gov/source/hsdb/51'}	id_matching	PUBCHEM_COMPOUND:8146	mild pleasant odor
mf4531	hsdb	{'url': 'https://pubchem.ncbi.nlm.nih.gov/source/hsdb/52'}	id_matching	PUBCHEM_COMPOUND:6348	sweetish aromatic odor
mf4532	hsdb	{'url': 'https://pubchem.ncbi.nlm.nih.gov/source/hsdb/53'}	id_matching	PUBCHEM_COMPOUND:5943	sweet
mf4533	hsdb	{'url': 'https://pubchem.ncbi.nlm.nih.gov/source/hsdb/53'}	id_matching	PUBCHEM_COMPOUND:5943	ether
mf4534	hsdb	{'url': 'https://pubchem.ncbi.nlm.nih.gov/source/hsdb/53'}	id_matching	PUBCHEM_COMPOUND:5943	characteristic
mf4535	hsdb	{'url': 'https://pubchem.ncbi.nlm.nih.gov/source/hsdb/54'}	id_matching	PUBCHEM_COMPOUND:8076	sweet
mf4536	hsdb	{'url': 'https://pubchem.ncbi.nlm.nih.gov/source/hsdb/54'}	id_matching	PUBCHEM_COMPOUND:8076	agreeable odor
mf4537	hsdb	{'url': 'https://pubchem.ncbi.nlm.nih.gov/source/hsdb/54'}	id_matching	PUBCHEM_COMPOUND:8076	practically odorless
mf4538	hsdb	{'url': 'https://pubchem.ncbi.nlm.nih.gov/source/hsdb/55'}	id_matching	PUBCHEM_COMPOUND:7964	faint
mf4539	hsdb	{'url': 'https://pubchem.ncbi.nlm.nih.gov/source/hsdb/55'}	id_matching	PUBCHEM_COMPOUND:7964	... almond-like odor ...
mf4540	hsdb	{'url': 'https://pubchem.ncbi.nlm.nih.gov/source/hsdb/55'}	id_matching	PUBCHEM_COMPOUND:7964	mild
mf4541	hsdb	{'url': 'https://pubchem.ncbi.nlm.nih.gov/source/hsdb/55'}	id_matching	PUBCHEM_COMPOUND:7964	penetrating odor
mf4542	hsdb	{'url': 'https://pubchem.ncbi.nlm.nih.gov/source/hsdb/56'}	id_matching	PUBCHEM_COMPOUND:6212	ether
mf4543	hsdb	{'url': 'https://pubchem.ncbi.nlm.nih.gov/source/hsdb/56'}	id_matching	PUBCHEM_COMPOUND:6212	pleasant odor
mf4544	hsdb	{'url': 'https://pubchem.ncbi.nlm.nih.gov/source/hsdb/56'}	id_matching	PUBCHEM_COMPOUND:6212	characteristic odor
mf4545	hsdb	{'url': 'https://pubchem.ncbi.nlm.nih.gov/source/hsdb/57'}	id_matching	PUBCHEM_COMPOUND:7953	aromatic odor
mf4546	hsdb	{'url': 'https://pubchem.ncbi.nlm.nih.gov/source/hsdb/60'}	id_matching	PUBCHEM_COMPOUND:8078	solvent
mf4547	hsdb	{'url': 'https://pubchem.ncbi.nlm.nih.gov/source/hsdb/60'}	id_matching	PUBCHEM_COMPOUND:8078	pungent
mf4548	hsdb	{'url': 'https://pubchem.ncbi.nlm.nih.gov/source/hsdb/60'}	id_matching	PUBCHEM_COMPOUND:8078	sweet
mf4549	hsdb	{'url': 'https://pubchem.ncbi.nlm.nih.gov/source/hsdb/60'}	id_matching	PUBCHEM_COMPOUND:8078	chloroform like odor
mf4550	hsdb	{'url': 'https://pubchem.ncbi.nlm.nih.gov/source/hsdb/62'}	id_matching	PUBCHEM_COMPOUND:9253	sweet
mf4551	hsdb	{'url': 'https://pubchem.ncbi.nlm.nih.gov/source/hsdb/64'}	id_matching	PUBCHEM_COMPOUND:6365	ether
mf4552	hsdb	{'url': 'https://pubchem.ncbi.nlm.nih.gov/source/hsdb/64'}	id_matching	PUBCHEM_COMPOUND:6365	chloroform like odor
mf4553	hsdb	{'url': 'https://pubchem.ncbi.nlm.nih.gov/source/hsdb/64'}	id_matching	PUBCHEM_COMPOUND:6365	ether-like odor
mf4554	hsdb	{'url': 'https://pubchem.ncbi.nlm.nih.gov/source/hsdb/65'}	id_matching	PUBCHEM_COMPOUND:11	sweet, pleasant odor, like chloroform
mf4555	hsdb	{'url': 'https://pubchem.ncbi.nlm.nih.gov/source/hsdb/65'}	id_matching	PUBCHEM_COMPOUND:11	pleasant odor
mf4556	hsdb	{'url': 'https://pubchem.ncbi.nlm.nih.gov/source/hsdb/65'}	id_matching	PUBCHEM_COMPOUND:11	chloroform like odor
mf4557	hsdb	{'url': 'https://pubchem.ncbi.nlm.nih.gov/source/hsdb/65'}	id_matching	PUBCHEM_COMPOUND:11	sweet
mf4558	hsdb	{'url': 'https://pubchem.ncbi.nlm.nih.gov/source/hsdb/69'}	id_matching	PUBCHEM_COMPOUND:8117	practically odorless
mf4559	hsdb	{'url': 'https://pubchem.ncbi.nlm.nih.gov/source/hsdb/70'}	id_matching	PUBCHEM_COMPOUND:3283	pungent, sweetish
mf4560	hsdb	{'url': 'https://pubchem.ncbi.nlm.nih.gov/source/hsdb/70'}	id_matching	PUBCHEM_COMPOUND:3283	ether
mf4561	hsdb	{'url': 'https://pubchem.ncbi.nlm.nih.gov/source/hsdb/72'}	id_matching	PUBCHEM_COMPOUND:8150	mild odor
mf4562	hsdb	{'url': 'https://pubchem.ncbi.nlm.nih.gov/source/hsdb/73'}	id_matching	PUBCHEM_COMPOUND:8071	sharp
mf4563	hsdb	{'url': 'https://pubchem.ncbi.nlm.nih.gov/source/hsdb/73'}	id_matching	PUBCHEM_COMPOUND:8071	mild odor
mf4564	hsdb	{'url': 'https://pubchem.ncbi.nlm.nih.gov/source/hsdb/74'}	id_matching	PUBCHEM_COMPOUND:31374	amine
mf4565	hsdb	{'url': 'https://pubchem.ncbi.nlm.nih.gov/source/hsdb/74'}	id_matching	PUBCHEM_COMPOUND:31374	... ammonia or fish-like odor ...
mf4566	hsdb	{'url': 'https://pubchem.ncbi.nlm.nih.gov/source/hsdb/78'}	id_matching	PUBCHEM_COMPOUND:6228	fishy odor
mf4567	hsdb	{'url': 'https://pubchem.ncbi.nlm.nih.gov/source/hsdb/78'}	id_matching	PUBCHEM_COMPOUND:6228	amine-like odor
mf4568	hsdb	{'url': 'https://pubchem.ncbi.nlm.nih.gov/source/hsdb/81'}	id_matching	PUBCHEM_COMPOUND:31275	faint, pleasant odor
mf4569	hsdb	{'url': 'https://pubchem.ncbi.nlm.nih.gov/source/hsdb/81'}	id_matching	PUBCHEM_COMPOUND:31275	ether-like odor
mf4570	hsdb	{'url': 'https://pubchem.ncbi.nlm.nih.gov/source/hsdb/84'}	id_matching	PUBCHEM_COMPOUND:7500	aromatic odor
mf4571	hsdb	{'url': 'https://pubchem.ncbi.nlm.nih.gov/source/hsdb/84'}	id_matching	PUBCHEM_COMPOUND:7500	pungent odor
mf4572	hsdb	{'url': 'https://pubchem.ncbi.nlm.nih.gov/source/hsdb/84'}	id_matching	PUBCHEM_COMPOUND:7500	gasoline-like odor
mf4573	hsdb	{'url': 'https://pubchem.ncbi.nlm.nih.gov/source/hsdb/88'}	id_matching	PUBCHEM_COMPOUND:713	faint
mf4574	hsdb	{'url': 'https://pubchem.ncbi.nlm.nih.gov/source/hsdb/88'}	id_matching	PUBCHEM_COMPOUND:713	odorless
mf4575	hsdb	{'url': 'https://pubchem.ncbi.nlm.nih.gov/source/hsdb/89'}	id_matching	PUBCHEM_COMPOUND:8029	ethereal
mf4576	hsdb	{'url': 'https://pubchem.ncbi.nlm.nih.gov/source/hsdb/92'}	id_matching	PUBCHEM_COMPOUND:7947	peculiar odor, somewhat resembling the odor of benzaldehyde
mf4577	hsdb	{'url': 'https://pubchem.ncbi.nlm.nih.gov/source/hsdb/92'}	id_matching	PUBCHEM_COMPOUND:7947	distinctive, aromatic odor
mf4578	hsdb	{'url': 'https://pubchem.ncbi.nlm.nih.gov/source/hsdb/92'}	id_matching	PUBCHEM_COMPOUND:7947	sweet odor
mf4579	hsdb	{'url': 'https://pubchem.ncbi.nlm.nih.gov/source/hsdb/96'}	id_matching	PUBCHEM_COMPOUND:8134	slight
mf4580	hsdb	{'url': 'https://pubchem.ncbi.nlm.nih.gov/source/hsdb/96'}	id_matching	PUBCHEM_COMPOUND:8134	ether-like odor
mf4581	hsdb	{'url': 'https://pubchem.ncbi.nlm.nih.gov/source/hsdb/97'}	id_matching	PUBCHEM_COMPOUND:8019	agreeable odor
mf4582	hsdb	{'url': 'https://pubchem.ncbi.nlm.nih.gov/source/hsdb/97'}	id_matching	PUBCHEM_COMPOUND:8019	ether-like odor
mf4583	hsdb	{'url': 'https://pubchem.ncbi.nlm.nih.gov/source/hsdb/98'}	id_matching	PUBCHEM_COMPOUND:7962	faint
mf4584	hsdb	{'url': 'https://pubchem.ncbi.nlm.nih.gov/source/hsdb/101'}	id_matching	PUBCHEM_COMPOUND:7975	unpleasant odor
mf4585	hsdb	{'url': 'https://pubchem.ncbi.nlm.nih.gov/source/hsdb/102'}	id_matching	PUBCHEM_COMPOUND:8083	characteristic
mf4586	hsdb	{'url': 'https://pubchem.ncbi.nlm.nih.gov/source/hsdb/102'}	id_matching	PUBCHEM_COMPOUND:8083	penetrating odor
mf4587	hsdb	{'url': 'https://pubchem.ncbi.nlm.nih.gov/source/hsdb/102'}	id_matching	PUBCHEM_COMPOUND:8083	... ammonia or fish-like odor ...
mf4588	hsdb	{'url': 'https://pubchem.ncbi.nlm.nih.gov/source/hsdb/104'}	id_matching	PUBCHEM_COMPOUND:7416	almond
mf4589	hsdb	{'url': 'https://pubchem.ncbi.nlm.nih.gov/source/hsdb/104'}	id_matching	PUBCHEM_COMPOUND:7416	pungent
mf4590	hsdb	{'url': 'https://pubchem.ncbi.nlm.nih.gov/source/hsdb/105'}	id_matching	PUBCHEM_COMPOUND:6587	strong
mf4591	hsdb	{'url': 'https://pubchem.ncbi.nlm.nih.gov/source/hsdb/105'}	id_matching	PUBCHEM_COMPOUND:6587	mild fruity odor
mf4592	hsdb	{'url': 'https://pubchem.ncbi.nlm.nih.gov/source/hsdb/105'}	id_matching	PUBCHEM_COMPOUND:6587	pleasant odor
mf4593	hsdb	{'url': 'https://pubchem.ncbi.nlm.nih.gov/source/hsdb/106'}	id_matching	PUBCHEM_COMPOUND:6375	strong
mf4594	hsdb	{'url': 'https://pubchem.ncbi.nlm.nih.gov/source/hsdb/109'}	id_matching	PUBCHEM_COMPOUND:8003	pleasant
mf4595	hsdb	{'url': 'https://pubchem.ncbi.nlm.nih.gov/source/hsdb/109'}	id_matching	PUBCHEM_COMPOUND:8003	gasoline-like odor
mf4596	hsdb	{'url': 'https://pubchem.ncbi.nlm.nih.gov/source/hsdb/110'}	id_matching	PUBCHEM_COMPOUND:10041	gasoline-like odor
mf4597	hsdb	{'url': 'https://pubchem.ncbi.nlm.nih.gov/source/hsdb/117'}	id_matching	PUBCHEM_COMPOUND:7854	sweet
mf4598	hsdb	{'url': 'https://pubchem.ncbi.nlm.nih.gov/source/hsdb/122'}	id_matching	PUBCHEM_COMPOUND:31347	odorless
mf4599	hsdb	{'url': 'https://pubchem.ncbi.nlm.nih.gov/source/hsdb/123'}	id_matching	PUBCHEM_COMPOUND:6591	chloroform like odor
mf4600	hsdb	{'url': 'https://pubchem.ncbi.nlm.nih.gov/source/hsdb/123'}	id_matching	PUBCHEM_COMPOUND:6591	sweet
mf4601	hsdb	{'url': 'https://pubchem.ncbi.nlm.nih.gov/source/hsdb/124'}	id_matching	PUBCHEM_COMPOUND:31373	ether-like odor
mf4602	hsdb	{'url': 'https://pubchem.ncbi.nlm.nih.gov/source/hsdb/124'}	id_matching	PUBCHEM_COMPOUND:31373	chloroform like odor
mf4603	hsdb	{'url': 'https://pubchem.ncbi.nlm.nih.gov/source/hsdb/124'}	id_matching	PUBCHEM_COMPOUND:31373	solvent
mf4604	hsdb	{'url': 'https://pubchem.ncbi.nlm.nih.gov/source/hsdb/126'}	id_matching	PUBCHEM_COMPOUND:8894	pungent, sweetish
mf4605	hsdb	{'url': 'https://pubchem.ncbi.nlm.nih.gov/source/hsdb/126'}	id_matching	PUBCHEM_COMPOUND:8894	ether
mf4606	hsdb	{'url': 'https://pubchem.ncbi.nlm.nih.gov/source/hsdb/127'}	id_matching	PUBCHEM_COMPOUND:8404	menthol
mf4607	hsdb	{'url': 'https://pubchem.ncbi.nlm.nih.gov/source/hsdb/127'}	id_matching	PUBCHEM_COMPOUND:8404	turpentine
mf4608	hsdb	{'url': 'https://pubchem.ncbi.nlm.nih.gov/source/hsdb/127'}	id_matching	PUBCHEM_COMPOUND:8404	pungent odor
mf4609	hsdb	{'url': 'https://pubchem.ncbi.nlm.nih.gov/source/hsdb/129'}	id_matching	PUBCHEM_COMPOUND:12437	faint, pleasant odor
mf4610	hsdb	{'url': 'https://pubchem.ncbi.nlm.nih.gov/source/hsdb/133'}	id_matching	PUBCHEM_COMPOUND:6575	ether
mf4611	hsdb	{'url': 'https://pubchem.ncbi.nlm.nih.gov/source/hsdb/133'}	id_matching	PUBCHEM_COMPOUND:6575	sweet odor
mf4612	hsdb	{'url': 'https://pubchem.ncbi.nlm.nih.gov/source/hsdb/133'}	id_matching	PUBCHEM_COMPOUND:6575	characteristic odor
mf4613	hsdb	{'url': 'https://pubchem.ncbi.nlm.nih.gov/source/hsdb/134'}	id_matching	PUBCHEM_COMPOUND:7237	sweet
mf4614	hsdb	{'url': 'https://pubchem.ncbi.nlm.nih.gov/source/hsdb/134'}	id_matching	PUBCHEM_COMPOUND:7237	aromatic odor
mf4615	hsdb	{'url': 'https://pubchem.ncbi.nlm.nih.gov/source/hsdb/138'}	id_matching	PUBCHEM_COMPOUND:6389	sweet
mf4616	hsdb	{'url': 'https://pubchem.ncbi.nlm.nih.gov/source/hsdb/138'}	id_matching	PUBCHEM_COMPOUND:6389	pleasant
mf4617	hsdb	{'url': 'https://pubchem.ncbi.nlm.nih.gov/source/hsdb/143'}	id_matching	PUBCHEM_COMPOUND:6372	odorless or nearly so
mf4618	hsdb	{'url': 'https://pubchem.ncbi.nlm.nih.gov/source/hsdb/143'}	id_matching	PUBCHEM_COMPOUND:6372	sweet
mf4619	hsdb	{'url': 'https://pubchem.ncbi.nlm.nih.gov/source/hsdb/145'}	id_matching	PUBCHEM_COMPOUND:6428	odorless or nearly so
mf4620	hsdb	{'url': 'https://pubchem.ncbi.nlm.nih.gov/source/hsdb/145'}	id_matching	PUBCHEM_COMPOUND:6428	faint
mf4621	hsdb	{'url': 'https://pubchem.ncbi.nlm.nih.gov/source/hsdb/147'}	id_matching	PUBCHEM_COMPOUND:6430	odorless
mf4622	hsdb	{'url': 'https://pubchem.ncbi.nlm.nih.gov/source/hsdb/147'}	id_matching	PUBCHEM_COMPOUND:6430	slight
mf4623	hsdb	{'url': 'https://pubchem.ncbi.nlm.nih.gov/source/hsdb/148'}	id_matching	PUBCHEM_COMPOUND:7909	pleasant odor
mf4624	hsdb	{'url': 'https://pubchem.ncbi.nlm.nih.gov/source/hsdb/148'}	id_matching	PUBCHEM_COMPOUND:7909	faint
mf4625	hsdb	{'url': 'https://pubchem.ncbi.nlm.nih.gov/source/hsdb/148'}	id_matching	PUBCHEM_COMPOUND:7909	fruity
mf4626	hsdb	{'url': 'https://pubchem.ncbi.nlm.nih.gov/source/hsdb/153'}	id_matching	PUBCHEM_COMPOUND:7896	practically odorless
mf4627	hsdb	{'url': 'https://pubchem.ncbi.nlm.nih.gov/source/hsdb/153'}	id_matching	PUBCHEM_COMPOUND:7896	odorless
mf4628	hsdb	{'url': 'https://pubchem.ncbi.nlm.nih.gov/source/hsdb/157'}	id_matching	PUBCHEM_COMPOUND:6278	chloroform like odor
mf4629	hsdb	{'url': 'https://pubchem.ncbi.nlm.nih.gov/source/hsdb/157'}	id_matching	PUBCHEM_COMPOUND:6278	sweet
mf4630	hsdb	{'url': 'https://pubchem.ncbi.nlm.nih.gov/source/hsdb/157'}	id_matching	PUBCHEM_COMPOUND:6278	characteristic odor
mf4631	hsdb	{'url': 'https://pubchem.ncbi.nlm.nih.gov/source/hsdb/161'}	id_matching	PUBCHEM_COMPOUND:7997	pleasant odor
mf4632	hsdb	{'url': 'https://pubchem.ncbi.nlm.nih.gov/source/hsdb/161'}	id_matching	PUBCHEM_COMPOUND:7997	pear
mf4633	hsdb	{'url': 'https://pubchem.ncbi.nlm.nih.gov/source/hsdb/161'}	id_matching	PUBCHEM_COMPOUND:7997	mild fruity odor
mf4634	hsdb	{'url': 'https://pubchem.ncbi.nlm.nih.gov/source/hsdb/163'}	id_matching	PUBCHEM_COMPOUND:1176	slight odor
mf4635	hsdb	{'url': 'https://pubchem.ncbi.nlm.nih.gov/source/hsdb/163'}	id_matching	PUBCHEM_COMPOUND:1176	almost odorless
mf4636	hsdb	{'url': 'https://pubchem.ncbi.nlm.nih.gov/source/hsdb/164'}	id_matching	PUBCHEM_COMPOUND:712	pungent, suffocating odor
mf4637	hsdb	{'url': 'https://pubchem.ncbi.nlm.nih.gov/source/hsdb/164'}	id_matching	PUBCHEM_COMPOUND:712	pungent
mf4638	hsdb	{'url': 'https://pubchem.ncbi.nlm.nih.gov/source/hsdb/166'}	id_matching	PUBCHEM_COMPOUND:6326	pleasant
mf4639	hsdb	{'url': 'https://pubchem.ncbi.nlm.nih.gov/source/hsdb/166'}	id_matching	PUBCHEM_COMPOUND:6326	faint
mf4640	hsdb	{'url': 'https://pubchem.ncbi.nlm.nih.gov/source/hsdb/166'}	id_matching	PUBCHEM_COMPOUND:6326	garlic-like
mf4641	hsdb	{'url': 'https://pubchem.ncbi.nlm.nih.gov/source/hsdb/167'}	id_matching	PUBCHEM_COMPOUND:297	odorless
mf4642	hsdb	{'url': 'https://pubchem.ncbi.nlm.nih.gov/source/hsdb/168'}	id_matching	PUBCHEM_COMPOUND:6325	sweet
mf4643	hsdb	{'url': 'https://pubchem.ncbi.nlm.nih.gov/source/hsdb/168'}	id_matching	PUBCHEM_COMPOUND:6325	pleasant
mf4644	hsdb	{'url': 'https://pubchem.ncbi.nlm.nih.gov/source/hsdb/169'}	id_matching	PUBCHEM_COMPOUND:6338	ether
mf4645	hsdb	{'url': 'https://pubchem.ncbi.nlm.nih.gov/source/hsdb/169'}	id_matching	PUBCHEM_COMPOUND:6338	sweet
mf4646	hsdb	{'url': 'https://pubchem.ncbi.nlm.nih.gov/source/hsdb/169'}	id_matching	PUBCHEM_COMPOUND:6338	pleasant
mf4647	hsdb	{'url': 'https://pubchem.ncbi.nlm.nih.gov/source/hsdb/170'}	id_matching	PUBCHEM_COMPOUND:6354	sweet
mf4648	hsdb	{'url': 'https://pubchem.ncbi.nlm.nih.gov/source/hsdb/170'}	id_matching	PUBCHEM_COMPOUND:6354	apple
mf4649	hsdb	{'url': 'https://pubchem.ncbi.nlm.nih.gov/source/hsdb/170'}	id_matching	PUBCHEM_COMPOUND:6354	ether-like odor
mf4650	hsdb	{'url': 'https://pubchem.ncbi.nlm.nih.gov/source/hsdb/172'}	id_matching	PUBCHEM_COMPOUND:7406	gasoline-like odor
mf4651	hsdb	{'url': 'https://pubchem.ncbi.nlm.nih.gov/source/hsdb/172'}	id_matching	PUBCHEM_COMPOUND:7406	penetrating aromatic odor
mf4652	hsdb	{'url': 'https://pubchem.ncbi.nlm.nih.gov/source/hsdb/173'}	id_matching	PUBCHEM_COMPOUND:6378	alcohol
mf4653	hsdb	{'url': 'https://pubchem.ncbi.nlm.nih.gov/source/hsdb/173'}	id_matching	PUBCHEM_COMPOUND:6378	ether
mf4654	hsdb	{'url': 'https://pubchem.ncbi.nlm.nih.gov/source/hsdb/173'}	id_matching	PUBCHEM_COMPOUND:6378	sweet, pungent, benzene-like odor
mf4655	hsdb	{'url': 'https://pubchem.ncbi.nlm.nih.gov/source/hsdb/174'}	id_matching	PUBCHEM_COMPOUND:1030	practically odorless
mf4656	hsdb	{'url': 'https://pubchem.ncbi.nlm.nih.gov/source/hsdb/175'}	id_matching	PUBCHEM_COMPOUND:8252	odorless
mf4657	hsdb	{'url': 'https://pubchem.ncbi.nlm.nih.gov/source/hsdb/175'}	id_matching	PUBCHEM_COMPOUND:8252	faint
mf4658	hsdb	{'url': 'https://pubchem.ncbi.nlm.nih.gov/source/hsdb/176'}	id_matching	PUBCHEM_COMPOUND:7855	slight odor
mf4659	hsdb	{'url': 'https://pubchem.ncbi.nlm.nih.gov/source/hsdb/176'}	id_matching	PUBCHEM_COMPOUND:7855	sweet odor
mf4660	hsdb	{'url': 'https://pubchem.ncbi.nlm.nih.gov/source/hsdb/176'}	id_matching	PUBCHEM_COMPOUND:7855	irritating odor
mf4661	hsdb	{'url': 'https://pubchem.ncbi.nlm.nih.gov/source/hsdb/176'}	id_matching	PUBCHEM_COMPOUND:7855	unpleasant odor
mf4662	hsdb	{'url': 'https://pubchem.ncbi.nlm.nih.gov/source/hsdb/176'}	id_matching	PUBCHEM_COMPOUND:7855	onion
mf4663	hsdb	{'url': 'https://pubchem.ncbi.nlm.nih.gov/source/hsdb/178'}	id_matching	PUBCHEM_COMPOUND:7850	pungent, unpleasant
mf4664	hsdb	{'url': 'https://pubchem.ncbi.nlm.nih.gov/source/hsdb/179'}	id_matching	PUBCHEM_COMPOUND:7844	slight, aromatic odor
mf4665	hsdb	{'url': 'https://pubchem.ncbi.nlm.nih.gov/source/hsdb/179'}	id_matching	PUBCHEM_COMPOUND:7844	slight
mf4666	hsdb	{'url': 'https://pubchem.ncbi.nlm.nih.gov/source/hsdb/181'}	id_matching	PUBCHEM_COMPOUND:7845	mild
mf4667	hsdb	{'url': 'https://pubchem.ncbi.nlm.nih.gov/source/hsdb/181'}	id_matching	PUBCHEM_COMPOUND:7845	gasoline
mf4668	hsdb	{'url': 'https://pubchem.ncbi.nlm.nih.gov/source/hsdb/183'}	id_matching	PUBCHEM_COMPOUND:7923	pungent odor
mf4669	hsdb	{'url': 'https://pubchem.ncbi.nlm.nih.gov/source/hsdb/183'}	id_matching	PUBCHEM_COMPOUND:7923	choking odor
mf4670	hsdb	{'url': 'https://pubchem.ncbi.nlm.nih.gov/source/hsdb/187'}	id_matching	PUBCHEM_COMPOUND:7768	unpleasant odor
mf4671	hsdb	{'url': 'https://pubchem.ncbi.nlm.nih.gov/source/hsdb/188'}	id_matching	PUBCHEM_COMPOUND:196	odorless
mf4672	hsdb	{'url': 'https://pubchem.ncbi.nlm.nih.gov/source/hsdb/189'}	id_matching	PUBCHEM_COMPOUND:16402	fishy
mf4673	hsdb	{'url': 'https://pubchem.ncbi.nlm.nih.gov/source/hsdb/191'}	id_matching	PUBCHEM_COMPOUND:6579	odorless
mf4674	hsdb	{'url': 'https://pubchem.ncbi.nlm.nih.gov/source/hsdb/193'}	id_matching	PUBCHEM_COMPOUND:8821	penetrating odor
mf4675	hsdb	{'url': 'https://pubchem.ncbi.nlm.nih.gov/source/hsdb/193'}	id_matching	PUBCHEM_COMPOUND:8821	sour
mf4676	hsdb	{'url': 'https://pubchem.ncbi.nlm.nih.gov/source/hsdb/194'}	id_matching	PUBCHEM_COMPOUND:7294	available forms have very slightly acrid odor
mf4677	hsdb	{'url': 'https://pubchem.ncbi.nlm.nih.gov/source/hsdb/195'}	id_matching	PUBCHEM_COMPOUND:6658	unpleasant
mf4678	hsdb	{'url': 'https://pubchem.ncbi.nlm.nih.gov/source/hsdb/195'}	id_matching	PUBCHEM_COMPOUND:6658	fruity
mf4679	hsdb	{'url': 'https://pubchem.ncbi.nlm.nih.gov/source/hsdb/196'}	id_matching	PUBCHEM_COMPOUND:7407	characteristic odor
mf4680	hsdb	{'url': 'https://pubchem.ncbi.nlm.nih.gov/source/hsdb/196'}	id_matching	PUBCHEM_COMPOUND:7407	aromatic odor
mf4681	hsdb	{'url': 'https://pubchem.ncbi.nlm.nih.gov/source/hsdb/197'}	id_matching	PUBCHEM_COMPOUND:991	faint
mf4682	hsdb	{'url': 'https://pubchem.ncbi.nlm.nih.gov/source/hsdb/197'}	id_matching	PUBCHEM_COMPOUND:991	garlic-like odor
mf4683	hsdb	{'url': 'https://pubchem.ncbi.nlm.nih.gov/source/hsdb/197'}	id_matching	PUBCHEM_COMPOUND:991	phenol
mf4684	hsdb	{'url': 'https://pubchem.ncbi.nlm.nih.gov/source/hsdb/198'}	id_matching	PUBCHEM_COMPOUND:3048	odorless
mf4685	hsdb	{'url': 'https://pubchem.ncbi.nlm.nih.gov/source/hsdb/198'}	id_matching	PUBCHEM_COMPOUND:3048	mild
mf4686	hsdb	{'url': 'https://pubchem.ncbi.nlm.nih.gov/source/hsdb/198'}	id_matching	PUBCHEM_COMPOUND:46174049	odorless
mf4687	hsdb	{'url': 'https://pubchem.ncbi.nlm.nih.gov/source/hsdb/198'}	id_matching	PUBCHEM_COMPOUND:46174049	mild
mf4688	hsdb	{'url': 'https://pubchem.ncbi.nlm.nih.gov/source/hsdb/199'}	id_matching	PUBCHEM_COMPOUND:12310947	mild
mf4689	hsdb	{'url': 'https://pubchem.ncbi.nlm.nih.gov/source/hsdb/200'}	id_matching	PUBCHEM_COMPOUND:3036	odorless
mf4690	hsdb	{'url': 'https://pubchem.ncbi.nlm.nih.gov/source/hsdb/200'}	id_matching	PUBCHEM_COMPOUND:3036	fruit
mf4691	hsdb	{'url': 'https://pubchem.ncbi.nlm.nih.gov/source/hsdb/200'}	id_matching	PUBCHEM_COMPOUND:3036	slight, aromatic odor
mf4692	hsdb	{'url': 'https://pubchem.ncbi.nlm.nih.gov/source/hsdb/202'}	id_matching	PUBCHEM_COMPOUND:1486	odorless
mf4693	hsdb	{'url': 'https://pubchem.ncbi.nlm.nih.gov/source/hsdb/202'}	id_matching	PUBCHEM_COMPOUND:1486	slight
mf4694	hsdb	{'url': 'https://pubchem.ncbi.nlm.nih.gov/source/hsdb/203'}	id_matching	PUBCHEM_COMPOUND:7175	odorless or has faint aromatic odor.
mf4695	hsdb	{'url': 'https://pubchem.ncbi.nlm.nih.gov/source/hsdb/206'}	id_matching	PUBCHEM_COMPOUND:24526	strong suffocating odor
mf4696	hsdb	{'url': 'https://pubchem.ncbi.nlm.nih.gov/source/hsdb/206'}	id_matching	PUBCHEM_COMPOUND:24526	pungent, irritating odor
mf4697	hsdb	{'url': 'https://pubchem.ncbi.nlm.nih.gov/source/hsdb/206'}	id_matching	PUBCHEM_COMPOUND:24526	choking odor
mf4698	hsdb	{'url': 'https://pubchem.ncbi.nlm.nih.gov/source/hsdb/207'}	id_matching	PUBCHEM_COMPOUND:25514	odorless
mf4699	hsdb	{'url': 'https://pubchem.ncbi.nlm.nih.gov/source/hsdb/211'}	id_matching	PUBCHEM_COMPOUND:11029	odorless
mf4700	hsdb	{'url': 'https://pubchem.ncbi.nlm.nih.gov/source/hsdb/213'}	id_matching	PUBCHEM_COMPOUND:5770	odorless
mf4701	hsdb	{'url': 'https://pubchem.ncbi.nlm.nih.gov/source/hsdb/214'}	id_matching	PUBCHEM_COMPOUND:2724385	odorless
mf4702	hsdb	{'url': 'https://pubchem.ncbi.nlm.nih.gov/source/hsdb/215'}	id_matching	PUBCHEM_COMPOUND:441207	odorless
mf4703	hsdb	{'url': 'https://pubchem.ncbi.nlm.nih.gov/source/hsdb/218'}	id_matching	PUBCHEM_COMPOUND:38853	odorless
mf4704	hsdb	{'url': 'https://pubchem.ncbi.nlm.nih.gov/source/hsdb/220'}	id_matching	PUBCHEM_COMPOUND:6042	slight, characteristic
mf4705	hsdb	{'url': 'https://pubchem.ncbi.nlm.nih.gov/source/hsdb/220'}	id_matching	PUBCHEM_COMPOUND:6202	slight, characteristic
mf4706	hsdb	{'url': 'https://pubchem.ncbi.nlm.nih.gov/source/hsdb/222'}	id_matching	PUBCHEM_COMPOUND:2707	slight
mf4707	hsdb	{'url': 'https://pubchem.ncbi.nlm.nih.gov/source/hsdb/222'}	id_matching	PUBCHEM_COMPOUND:2707	sweet
mf4708	hsdb	{'url': 'https://pubchem.ncbi.nlm.nih.gov/source/hsdb/224'}	id_matching	PUBCHEM_COMPOUND:3598	odorless
mf4709	hsdb	{'url': 'https://pubchem.ncbi.nlm.nih.gov/source/hsdb/229'}	id_matching	PUBCHEM_COMPOUND:14798	odorless
mf4710	hsdb	{'url': 'https://pubchem.ncbi.nlm.nih.gov/source/hsdb/231'}	id_matching	PUBCHEM_COMPOUND:5352425	quinone odor
mf4711	hsdb	{'url': 'https://pubchem.ncbi.nlm.nih.gov/source/hsdb/232'}	id_matching	PUBCHEM_COMPOUND:7865	agreeable aromatic odor
mf4712	hsdb	{'url': 'https://pubchem.ncbi.nlm.nih.gov/source/hsdb/232'}	id_matching	PUBCHEM_COMPOUND:7865	pleasant odor
mf4713	hsdb	{'url': 'https://pubchem.ncbi.nlm.nih.gov/source/hsdb/233'}	id_matching	PUBCHEM_COMPOUND:7918	acetic
mf4714	hsdb	{'url': 'https://pubchem.ncbi.nlm.nih.gov/source/hsdb/233'}	id_matching	PUBCHEM_COMPOUND:7918	strong
mf4715	hsdb	{'url': 'https://pubchem.ncbi.nlm.nih.gov/source/hsdb/238'}	id_matching	PUBCHEM_COMPOUND:25000	odorless
mf4716	hsdb	{'url': 'https://pubchem.ncbi.nlm.nih.gov/source/hsdb/240'}	id_matching	PUBCHEM_COMPOUND:24965	odorless
mf4717	hsdb	{'url': 'https://pubchem.ncbi.nlm.nih.gov/source/hsdb/249'}	id_matching	PUBCHEM_COMPOUND:2871	slight
mf4718	hsdb	{'url': 'https://pubchem.ncbi.nlm.nih.gov/source/hsdb/261'}	id_matching	PUBCHEM_COMPOUND:10692	odorless
mf4719	hsdb	{'url': 'https://pubchem.ncbi.nlm.nih.gov/source/hsdb/274'}	id_matching	PUBCHEM_COMPOUND:24962	odorless
mf4720	hsdb	{'url': 'https://pubchem.ncbi.nlm.nih.gov/source/hsdb/278'}	id_matching	PUBCHEM_COMPOUND:24947	odorless
mf4721	hsdb	{'url': 'https://pubchem.ncbi.nlm.nih.gov/source/hsdb/282'}	id_matching	PUBCHEM_COMPOUND:23973	odorless
mf4722	hsdb	{'url': 'https://pubchem.ncbi.nlm.nih.gov/source/hsdb/284'}	id_matching	PUBCHEM_COMPOUND:6819	odorless
mf4723	hsdb	{'url': 'https://pubchem.ncbi.nlm.nih.gov/source/hsdb/286'}	id_matching	PUBCHEM_COMPOUND:7184	odorless
mf4724	hsdb	{'url': 'https://pubchem.ncbi.nlm.nih.gov/source/hsdb/287'}	id_matching	PUBCHEM_COMPOUND:7044	slight odor
mf4725	hsdb	{'url': 'https://pubchem.ncbi.nlm.nih.gov/source/hsdb/289'}	id_matching	PUBCHEM_COMPOUND:7354	faint characteristic odor
mf4726	hsdb	{'url': 'https://pubchem.ncbi.nlm.nih.gov/source/hsdb/290'}	id_matching	PUBCHEM_COMPOUND:8012	strong
mf4727	hsdb	{'url': 'https://pubchem.ncbi.nlm.nih.gov/source/hsdb/290'}	id_matching	PUBCHEM_COMPOUND:8012	heavy
mf4728	hsdb	{'url': 'https://pubchem.ncbi.nlm.nih.gov/source/hsdb/291'}	id_matching	PUBCHEM_COMPOUND:122903	odorless
mf4729	hsdb	{'url': 'https://pubchem.ncbi.nlm.nih.gov/source/hsdb/294'}	id_matching	PUBCHEM_COMPOUND:24523	odorless
mf4730	hsdb	{'url': 'https://pubchem.ncbi.nlm.nih.gov/source/hsdb/295'}	id_matching	PUBCHEM_COMPOUND:23668198	odorless
mf4731	hsdb	{'url': 'https://pubchem.ncbi.nlm.nih.gov/source/hsdb/300'}	id_matching	PUBCHEM_COMPOUND:18171	slight
mf4732	hsdb	{'url': 'https://pubchem.ncbi.nlm.nih.gov/source/hsdb/301'}	id_matching	PUBCHEM_COMPOUND:24540	odorless
mf4733	hsdb	{'url': 'https://pubchem.ncbi.nlm.nih.gov/source/hsdb/301'}	id_matching	PUBCHEM_COMPOUND:24540	ammonia odor
mf4734	hsdb	{'url': 'https://pubchem.ncbi.nlm.nih.gov/source/hsdb/302'}	id_matching	PUBCHEM_COMPOUND:8561	odorless or nearly so
mf4735	hsdb	{'url': 'https://pubchem.ncbi.nlm.nih.gov/source/hsdb/303'}	id_matching	PUBCHEM_COMPOUND:3017	faint
mf4736	hsdb	{'url': 'https://pubchem.ncbi.nlm.nih.gov/source/hsdb/305'}	id_matching	PUBCHEM_COMPOUND:8846	sharp
mf4737	hsdb	{'url': 'https://pubchem.ncbi.nlm.nih.gov/source/hsdb/305'}	id_matching	PUBCHEM_COMPOUND:8846	strong, fruity odor
mf4738	hsdb	{'url': 'https://pubchem.ncbi.nlm.nih.gov/source/hsdb/307'}	id_matching	PUBCHEM_COMPOUND:442021	odorless
mf4739	hsdb	{'url': 'https://pubchem.ncbi.nlm.nih.gov/source/hsdb/309'}	id_matching	PUBCHEM_COMPOUND:7986	odorless
mf4740	hsdb	{'url': 'https://pubchem.ncbi.nlm.nih.gov/source/hsdb/311'}	id_matching	PUBCHEM_COMPOUND:3030	odorless
mf4741	hsdb	{'url': 'https://pubchem.ncbi.nlm.nih.gov/source/hsdb/312'}	id_matching	PUBCHEM_COMPOUND:3031	aromatic odor
mf4742	hsdb	{'url': 'https://pubchem.ncbi.nlm.nih.gov/source/hsdb/315'}	id_matching	PUBCHEM_COMPOUND:11715	pungent odor
mf4743	hsdb	{'url': 'https://pubchem.ncbi.nlm.nih.gov/source/hsdb/319'}	id_matching	PUBCHEM_COMPOUND:3039	aromatic odor
mf4744	hsdb	{'url': 'https://pubchem.ncbi.nlm.nih.gov/source/hsdb/319'}	id_matching	PUBCHEM_COMPOUND:3039	mild
mf4745	hsdb	{'url': 'https://pubchem.ncbi.nlm.nih.gov/source/hsdb/321'}	id_matching	PUBCHEM_COMPOUND:6492	camphor
mf4746	hsdb	{'url': 'https://pubchem.ncbi.nlm.nih.gov/source/hsdb/321'}	id_matching	PUBCHEM_COMPOUND:6492	sweet
mf4747	hsdb	{'url': 'https://pubchem.ncbi.nlm.nih.gov/source/hsdb/322'}	id_matching	PUBCHEM_COMPOUND:969491	mild
mf4748	hsdb	{'url': 'https://pubchem.ncbi.nlm.nih.gov/source/hsdb/325'}	id_matching	PUBCHEM_COMPOUND:6356	pungent, suffocating odor
mf4749	hsdb	{'url': 'https://pubchem.ncbi.nlm.nih.gov/source/hsdb/325'}	id_matching	PUBCHEM_COMPOUND:6356	pungent, irritating odor
mf4750	hsdb	{'url': 'https://pubchem.ncbi.nlm.nih.gov/source/hsdb/329'}	id_matching	PUBCHEM_COMPOUND:7497	ammonia
mf4751	hsdb	{'url': 'https://pubchem.ncbi.nlm.nih.gov/source/hsdb/331'}	id_matching	PUBCHEM_COMPOUND:2286	odorless
mf4752	hsdb	{'url': 'https://pubchem.ncbi.nlm.nih.gov/source/hsdb/332'}	id_matching	PUBCHEM_COMPOUND:16682734	odorless
mf4753	hsdb	{'url': 'https://pubchem.ncbi.nlm.nih.gov/source/hsdb/333'}	id_matching	PUBCHEM_COMPOUND:8177	faint
mf4754	hsdb	{'url': 'https://pubchem.ncbi.nlm.nih.gov/source/hsdb/333'}	id_matching	PUBCHEM_COMPOUND:8177	mild
mf4755	hsdb	{'url': 'https://pubchem.ncbi.nlm.nih.gov/source/hsdb/336'}	id_matching	PUBCHEM_COMPOUND:10461	sweet
mf4756	hsdb	{'url': 'https://pubchem.ncbi.nlm.nih.gov/source/hsdb/336'}	id_matching	PUBCHEM_COMPOUND:10461	garlic-like odor
mf4757	hsdb	{'url': 'https://pubchem.ncbi.nlm.nih.gov/source/hsdb/339'}	id_matching	PUBCHEM_COMPOUND:8343	slight odor
mf4758	hsdb	{'url': 'https://pubchem.ncbi.nlm.nih.gov/source/hsdb/340'}	id_matching	PUBCHEM_COMPOUND:17038	characteristic pungent odor
mf4759	hsdb	{'url': 'https://pubchem.ncbi.nlm.nih.gov/source/hsdb/343'}	id_matching	PUBCHEM_COMPOUND:7641	slight
mf4760	hsdb	{'url': 'https://pubchem.ncbi.nlm.nih.gov/source/hsdb/343'}	id_matching	PUBCHEM_COMPOUND:7641	odorless
mf4761	hsdb	{'url': 'https://pubchem.ncbi.nlm.nih.gov/source/hsdb/343'}	id_matching	PUBCHEM_COMPOUND:7641	mild
mf4762	hsdb	{'url': 'https://pubchem.ncbi.nlm.nih.gov/source/hsdb/344'}	id_matching	PUBCHEM_COMPOUND:19284	practically odorless
mf4763	hsdb	{'url': 'https://pubchem.ncbi.nlm.nih.gov/source/hsdb/345'}	id_matching	PUBCHEM_COMPOUND:8831	odorless
mf4764	hsdb	{'url': 'https://pubchem.ncbi.nlm.nih.gov/source/hsdb/347'}	id_matching	PUBCHEM_COMPOUND:26077	odorless
mf4765	hsdb	{'url': 'https://pubchem.ncbi.nlm.nih.gov/source/hsdb/352'}	id_matching	PUBCHEM_COMPOUND:7773	faint
mf4766	hsdb	{'url': 'https://pubchem.ncbi.nlm.nih.gov/source/hsdb/352'}	id_matching	PUBCHEM_COMPOUND:7773	faint odor
mf4767	hsdb	{'url': 'https://pubchem.ncbi.nlm.nih.gov/source/hsdb/353'}	id_matching	PUBCHEM_COMPOUND:31250	sweet
mf4768	hsdb	{'url': 'https://pubchem.ncbi.nlm.nih.gov/source/hsdb/354'}	id_matching	PUBCHEM_COMPOUND:8254	slight
mf4769	hsdb	{'url': 'https://pubchem.ncbi.nlm.nih.gov/source/hsdb/354'}	id_matching	PUBCHEM_COMPOUND:8254	ether-like odor
mf4770	hsdb	{'url': 'https://pubchem.ncbi.nlm.nih.gov/source/hsdb/355'}	id_matching	PUBCHEM_COMPOUND:24589	odorless
mf4771	hsdb	{'url': 'https://pubchem.ncbi.nlm.nih.gov/source/hsdb/357'}	id_matching	PUBCHEM_COMPOUND:24588	sharp
mf4772	hsdb	{'url': 'https://pubchem.ncbi.nlm.nih.gov/source/hsdb/358'}	id_matching	PUBCHEM_COMPOUND:2943	odorless
mf4773	hsdb	{'url': 'https://pubchem.ncbi.nlm.nih.gov/source/hsdb/360'}	id_matching	PUBCHEM_COMPOUND:2513	odorless
mf4774	hsdb	{'url': 'https://pubchem.ncbi.nlm.nih.gov/source/hsdb/366'}	id_matching	PUBCHEM_COMPOUND:31271	slight
mf4775	hsdb	{'url': 'https://pubchem.ncbi.nlm.nih.gov/source/hsdb/368'}	id_matching	PUBCHEM_COMPOUND:7503	pleasant
mf4776	hsdb	{'url': 'https://pubchem.ncbi.nlm.nih.gov/source/hsdb/368'}	id_matching	PUBCHEM_COMPOUND:7503	aromatic odor
mf4777	hsdb	{'url': 'https://pubchem.ncbi.nlm.nih.gov/source/hsdb/369'}	id_matching	PUBCHEM_COMPOUND:7498	sharp
mf4778	hsdb	{'url': 'https://pubchem.ncbi.nlm.nih.gov/source/hsdb/372'}	id_matching	PUBCHEM_COMPOUND:7187	faint
mf4779	hsdb	{'url': 'https://pubchem.ncbi.nlm.nih.gov/source/hsdb/376'}	id_matching	PUBCHEM_COMPOUND:24203	quinone odor
mf4780	hsdb	{'url': 'https://pubchem.ncbi.nlm.nih.gov/source/hsdb/379'}	id_matching	PUBCHEM_COMPOUND:3118	characteristic odor
mf4781	hsdb	{'url': 'https://pubchem.ncbi.nlm.nih.gov/source/hsdb/380'}	id_matching	PUBCHEM_COMPOUND:19395	garlic odor
mf4782	hsdb	{'url': 'https://pubchem.ncbi.nlm.nih.gov/source/hsdb/382'}	id_matching	PUBCHEM_COMPOUND:3120	odorless
mf4783	hsdb	{'url': 'https://pubchem.ncbi.nlm.nih.gov/source/hsdb/383'}	id_matching	PUBCHEM_COMPOUND:7412	penetrating odor
mf4784	hsdb	{'url': 'https://pubchem.ncbi.nlm.nih.gov/source/hsdb/383'}	id_matching	PUBCHEM_COMPOUND:7412	pungent
mf4785	hsdb	{'url': 'https://pubchem.ncbi.nlm.nih.gov/source/hsdb/383'}	id_matching	PUBCHEM_COMPOUND:7412	pungent aromatic taste
mf4786	hsdb	{'url': 'https://pubchem.ncbi.nlm.nih.gov/source/hsdb/384'}	id_matching	PUBCHEM_COMPOUND:8400	sweet
mf4787	hsdb	{'url': 'https://pubchem.ncbi.nlm.nih.gov/source/hsdb/389'}	id_matching	PUBCHEM_COMPOUND:2730	mercaptan odor
mf4788	hsdb	{'url': 'https://pubchem.ncbi.nlm.nih.gov/source/hsdb/390'}	id_matching	PUBCHEM_COMPOUND:3224	terpene
mf4789	hsdb	{'url': 'https://pubchem.ncbi.nlm.nih.gov/source/hsdb/390'}	id_matching	PUBCHEM_COMPOUND:3224	slight
mf4790	hsdb	{'url': 'https://pubchem.ncbi.nlm.nih.gov/source/hsdb/391'}	id_matching	PUBCHEM_COMPOUND:8519	odorless
mf4791	hsdb	{'url': 'https://pubchem.ncbi.nlm.nih.gov/source/hsdb/393'}	id_matching	PUBCHEM_COMPOUND:12932	camphor
mf4792	hsdb	{'url': 'https://pubchem.ncbi.nlm.nih.gov/source/hsdb/394'}	id_matching	PUBCHEM_COMPOUND:12968	aromatic odor
mf4793	hsdb	{'url': 'https://pubchem.ncbi.nlm.nih.gov/source/hsdb/399'}	id_matching	PUBCHEM_COMPOUND:3286	disagreeable odor.
mf4794	hsdb	{'url': 'https://pubchem.ncbi.nlm.nih.gov/source/hsdb/401'}	id_matching	PUBCHEM_COMPOUND:24798	odorless
mf4795	hsdb	{'url': 'https://pubchem.ncbi.nlm.nih.gov/source/hsdb/413'}	id_matching	PUBCHEM_COMPOUND:2256	odorless
mf4796	hsdb	{'url': 'https://pubchem.ncbi.nlm.nih.gov/source/hsdb/416'}	id_matching	PUBCHEM_COMPOUND:8026	sweet, fruity, rum-like odor
mf4797	hsdb	{'url': 'https://pubchem.ncbi.nlm.nih.gov/source/hsdb/418'}	id_matching	PUBCHEM_COMPOUND:54680660	citrus
mf4798	hsdb	{'url': 'https://pubchem.ncbi.nlm.nih.gov/source/hsdb/422'}	id_matching	PUBCHEM_COMPOUND:24570	persistent sweet, acrid taste
mf4799	hsdb	{'url': 'https://pubchem.ncbi.nlm.nih.gov/source/hsdb/426'}	id_matching	PUBCHEM_COMPOUND:34	faint
mf4800	hsdb	{'url': 'https://pubchem.ncbi.nlm.nih.gov/source/hsdb/426'}	id_matching	PUBCHEM_COMPOUND:34	sweet
mf4801	hsdb	{'url': 'https://pubchem.ncbi.nlm.nih.gov/source/hsdb/426'}	id_matching	PUBCHEM_COMPOUND:34	ether-like odor
mf4802	hsdb	{'url': 'https://pubchem.ncbi.nlm.nih.gov/source/hsdb/432'}	id_matching	PUBCHEM_COMPOUND:7389	practically odorless
mf4803	hsdb	{'url': 'https://pubchem.ncbi.nlm.nih.gov/source/hsdb/434'}	id_matching	PUBCHEM_COMPOUND:9351	odorless
mf4804	hsdb	{'url': 'https://pubchem.ncbi.nlm.nih.gov/source/hsdb/435'}	id_matching	PUBCHEM_COMPOUND:8160	fruity
mf4805	hsdb	{'url': 'https://pubchem.ncbi.nlm.nih.gov/source/hsdb/435'}	id_matching	PUBCHEM_COMPOUND:8160	sweet
mf4806	hsdb	{'url': 'https://pubchem.ncbi.nlm.nih.gov/source/hsdb/439'}	id_matching	PUBCHEM_COMPOUND:24814	sharp
mf4807	hsdb	{'url': 'https://pubchem.ncbi.nlm.nih.gov/source/hsdb/442'}	id_matching	PUBCHEM_COMPOUND:24557	sharp
mf4808	hsdb	{'url': 'https://pubchem.ncbi.nlm.nih.gov/source/hsdb/445'}	id_matching	PUBCHEM_COMPOUND:1549107	delicate flowery odor
mf4809	hsdb	{'url': 'https://pubchem.ncbi.nlm.nih.gov/source/hsdb/445'}	id_matching	PUBCHEM_COMPOUND:1549107	mild, oily
mf4810	hsdb	{'url': 'https://pubchem.ncbi.nlm.nih.gov/source/hsdb/445'}	id_matching	PUBCHEM_COMPOUND:1549107	weak citrus-lime odor
mf4811	hsdb	{'url': 'https://pubchem.ncbi.nlm.nih.gov/source/hsdb/445'}	id_matching	PUBCHEM_COMPOUND:1549108	delicate flowery odor
mf4812	hsdb	{'url': 'https://pubchem.ncbi.nlm.nih.gov/source/hsdb/445'}	id_matching	PUBCHEM_COMPOUND:1549108	mild, oily
mf4813	hsdb	{'url': 'https://pubchem.ncbi.nlm.nih.gov/source/hsdb/445'}	id_matching	PUBCHEM_COMPOUND:1549108	weak citrus-lime odor
mf4814	hsdb	{'url': 'https://pubchem.ncbi.nlm.nih.gov/source/hsdb/445'}	id_matching	PUBCHEM_COMPOUND:1549109	delicate flowery odor
mf4815	hsdb	{'url': 'https://pubchem.ncbi.nlm.nih.gov/source/hsdb/445'}	id_matching	PUBCHEM_COMPOUND:1549109	mild, oily
mf4816	hsdb	{'url': 'https://pubchem.ncbi.nlm.nih.gov/source/hsdb/445'}	id_matching	PUBCHEM_COMPOUND:1549109	weak citrus-lime odor
mf4817	hsdb	{'url': 'https://pubchem.ncbi.nlm.nih.gov/source/hsdb/468'}	id_matching	PUBCHEM_COMPOUND:8067	pleasant
mf4818	hsdb	{'url': 'https://pubchem.ncbi.nlm.nih.gov/source/hsdb/468'}	id_matching	PUBCHEM_COMPOUND:8067	meaty
mf4819	hsdb	{'url': 'https://pubchem.ncbi.nlm.nih.gov/source/hsdb/468'}	id_matching	PUBCHEM_COMPOUND:8067	strong
mf4820	hsdb	{'url': 'https://pubchem.ncbi.nlm.nih.gov/source/hsdb/468'}	id_matching	PUBCHEM_COMPOUND:8067	garlic-like odor
mf4821	hsdb	{'url': 'https://pubchem.ncbi.nlm.nih.gov/source/hsdb/471'}	id_matching	PUBCHEM_COMPOUND:6097028	odorless
mf4822	hsdb	{'url': 'https://pubchem.ncbi.nlm.nih.gov/source/hsdb/475'}	id_matching	PUBCHEM_COMPOUND:22985	odorless
mf4823	hsdb	{'url': 'https://pubchem.ncbi.nlm.nih.gov/source/hsdb/476'}	id_matching	PUBCHEM_COMPOUND:25487	odorless
mf4824	hsdb	{'url': 'https://pubchem.ncbi.nlm.nih.gov/source/hsdb/483'}	id_matching	PUBCHEM_COMPOUND:25517	odorless
mf4825	hsdb	{'url': 'https://pubchem.ncbi.nlm.nih.gov/source/hsdb/489'}	id_matching	PUBCHEM_COMPOUND:107526	odorless
mf4826	hsdb	{'url': 'https://pubchem.ncbi.nlm.nih.gov/source/hsdb/491'}	id_matching	PUBCHEM_COMPOUND:14013	faint
mf4827	hsdb	{'url': 'https://pubchem.ncbi.nlm.nih.gov/source/hsdb/493'}	id_matching	PUBCHEM_COMPOUND:33022	sweet
mf4828	hsdb	{'url': 'https://pubchem.ncbi.nlm.nih.gov/source/hsdb/493'}	id_matching	PUBCHEM_COMPOUND:5283468	sweet
mf4829	hsdb	{'url': 'https://pubchem.ncbi.nlm.nih.gov/source/hsdb/493'}	id_matching	PUBCHEM_COMPOUND:5364833	sweet
mf4830	hsdb	{'url': 'https://pubchem.ncbi.nlm.nih.gov/source/hsdb/493'}	id_matching	PUBCHEM_COMPOUND:11451146	sweet
mf4831	hsdb	{'url': 'https://pubchem.ncbi.nlm.nih.gov/source/hsdb/494'}	id_matching	PUBCHEM_COMPOUND:7837	fruity odor
mf4832	hsdb	{'url': 'https://pubchem.ncbi.nlm.nih.gov/source/hsdb/497'}	id_matching	PUBCHEM_COMPOUND:7860	mild odor
mf4833	hsdb	{'url': 'https://pubchem.ncbi.nlm.nih.gov/source/hsdb/501'}	id_matching	PUBCHEM_COMPOUND:10967	strong suffocating odor
mf4834	hsdb	{'url': 'https://pubchem.ncbi.nlm.nih.gov/source/hsdb/502'}	id_matching	PUBCHEM_COMPOUND:8115	pungent
mf4835	hsdb	{'url': 'https://pubchem.ncbi.nlm.nih.gov/source/hsdb/502'}	id_matching	PUBCHEM_COMPOUND:8115	sweet
mf4836	hsdb	{'url': 'https://pubchem.ncbi.nlm.nih.gov/source/hsdb/502'}	id_matching	PUBCHEM_COMPOUND:8115	solvent
mf4837	hsdb	{'url': 'https://pubchem.ncbi.nlm.nih.gov/source/hsdb/504'}	id_matching	PUBCHEM_COMPOUND:948	sweet
mf4838	hsdb	{'url': 'https://pubchem.ncbi.nlm.nih.gov/source/hsdb/504'}	id_matching	PUBCHEM_COMPOUND:948	pleasant odor
mf4839	hsdb	{'url': 'https://pubchem.ncbi.nlm.nih.gov/source/hsdb/507'}	id_matching	PUBCHEM_COMPOUND:5359268	odorless
mf4840	hsdb	{'url': 'https://pubchem.ncbi.nlm.nih.gov/source/hsdb/510'}	id_matching	PUBCHEM_COMPOUND:23969	disagreeable odor.
mf4841	hsdb	{'url': 'https://pubchem.ncbi.nlm.nih.gov/source/hsdb/512'}	id_matching	PUBCHEM_COMPOUND:5460467	odorless
mf4842	hsdb	{'url': 'https://pubchem.ncbi.nlm.nih.gov/source/hsdb/513'}	id_matching	PUBCHEM_COMPOUND:6623	phenolic odor
mf4843	hsdb	{'url': 'https://pubchem.ncbi.nlm.nih.gov/source/hsdb/513'}	id_matching	PUBCHEM_COMPOUND:6623	medicine
mf4844	hsdb	{'url': 'https://pubchem.ncbi.nlm.nih.gov/source/hsdb/514'}	id_matching	PUBCHEM_COMPOUND:24408	strong suffocating odor
mf4845	hsdb	{'url': 'https://pubchem.ncbi.nlm.nih.gov/source/hsdb/515'}	id_matching	PUBCHEM_COMPOUND:8007	fishy, amine odor
mf4846	hsdb	{'url': 'https://pubchem.ncbi.nlm.nih.gov/source/hsdb/515'}	id_matching	PUBCHEM_COMPOUND:8007	fishy
mf4847	hsdb	{'url': 'https://pubchem.ncbi.nlm.nih.gov/source/hsdb/517'}	id_matching	PUBCHEM_COMPOUND:24870	pleasant
mf4848	hsdb	{'url': 'https://pubchem.ncbi.nlm.nih.gov/source/hsdb/518'}	id_matching	PUBCHEM_COMPOUND:14915	odorless
mf4849	hsdb	{'url': 'https://pubchem.ncbi.nlm.nih.gov/source/hsdb/519'}	id_matching	PUBCHEM_COMPOUND:104730	odorless
mf4850	hsdb	{'url': 'https://pubchem.ncbi.nlm.nih.gov/source/hsdb/521'}	id_matching	PUBCHEM_COMPOUND:7239	pleasant odor
mf4851	hsdb	{'url': 'https://pubchem.ncbi.nlm.nih.gov/source/hsdb/521'}	id_matching	PUBCHEM_COMPOUND:7239	pleasant aromatic vanilla odor
mf4852	hsdb	{'url': 'https://pubchem.ncbi.nlm.nih.gov/source/hsdb/523'}	id_matching	PUBCHEM_COMPOUND:4685	aromatic odor
mf4853	hsdb	{'url': 'https://pubchem.ncbi.nlm.nih.gov/source/hsdb/523'}	id_matching	PUBCHEM_COMPOUND:4685	penetrating odor
mf4854	hsdb	{'url': 'https://pubchem.ncbi.nlm.nih.gov/source/hsdb/523'}	id_matching	PUBCHEM_COMPOUND:4685	mothball
mf4855	hsdb	{'url': 'https://pubchem.ncbi.nlm.nih.gov/source/hsdb/524'}	id_matching	PUBCHEM_COMPOUND:8021	fishy
mf4856	hsdb	{'url': 'https://pubchem.ncbi.nlm.nih.gov/source/hsdb/525'}	id_matching	PUBCHEM_COMPOUND:8111	ammoniacal
mf4857	hsdb	{'url': 'https://pubchem.ncbi.nlm.nih.gov/source/hsdb/525'}	id_matching	PUBCHEM_COMPOUND:8111	strong
mf4858	hsdb	{'url': 'https://pubchem.ncbi.nlm.nih.gov/source/hsdb/526'}	id_matching	PUBCHEM_COMPOUND:24310	odorless
mf4859	hsdb	{'url': 'https://pubchem.ncbi.nlm.nih.gov/source/hsdb/527'}	id_matching	PUBCHEM_COMPOUND:7958	peppermint odor
mf4860	hsdb	{'url': 'https://pubchem.ncbi.nlm.nih.gov/source/hsdb/527'}	id_matching	PUBCHEM_COMPOUND:7958	sweet
mf4861	hsdb	{'url': 'https://pubchem.ncbi.nlm.nih.gov/source/hsdb/528'}	id_matching	PUBCHEM_COMPOUND:5976	fishy odor
mf4862	hsdb	{'url': 'https://pubchem.ncbi.nlm.nih.gov/source/hsdb/529'}	id_matching	PUBCHEM_COMPOUND:1493	sweet
mf4863	hsdb	{'url': 'https://pubchem.ncbi.nlm.nih.gov/source/hsdb/531'}	id_matching	PUBCHEM_COMPOUND:700	pleasant
mf4864	hsdb	{'url': 'https://pubchem.ncbi.nlm.nih.gov/source/hsdb/532'}	id_matching	PUBCHEM_COMPOUND:6332	ether-like odor
mf4865	hsdb	{'url': 'https://pubchem.ncbi.nlm.nih.gov/source/hsdb/532'}	id_matching	PUBCHEM_COMPOUND:6332	ether
mf4866	hsdb	{'url': 'https://pubchem.ncbi.nlm.nih.gov/source/hsdb/533'}	id_matching	PUBCHEM_COMPOUND:6337	ether
mf4867	hsdb	{'url': 'https://pubchem.ncbi.nlm.nih.gov/source/hsdb/533'}	id_matching	PUBCHEM_COMPOUND:6337	pungent
mf4868	hsdb	{'url': 'https://pubchem.ncbi.nlm.nih.gov/source/hsdb/535'}	id_matching	PUBCHEM_COMPOUND:3301	a fish-like odor at low concentrations changing to an ammonia-like odor at higher concentrations.
mf4869	hsdb	{'url': 'https://pubchem.ncbi.nlm.nih.gov/source/hsdb/536'}	id_matching	PUBCHEM_COMPOUND:7839	chloroform like odor
mf4870	hsdb	{'url': 'https://pubchem.ncbi.nlm.nih.gov/source/hsdb/536'}	id_matching	PUBCHEM_COMPOUND:7839	sweet
mf4871	hsdb	{'url': 'https://pubchem.ncbi.nlm.nih.gov/source/hsdb/538'}	id_matching	PUBCHEM_COMPOUND:8133	ether-like odor
mf4872	hsdb	{'url': 'https://pubchem.ncbi.nlm.nih.gov/source/hsdb/538'}	id_matching	PUBCHEM_COMPOUND:8133	slight
mf4873	hsdb	{'url': 'https://pubchem.ncbi.nlm.nih.gov/source/hsdb/538'}	id_matching	PUBCHEM_COMPOUND:8133	pleasant odor
mf4874	hsdb	{'url': 'https://pubchem.ncbi.nlm.nih.gov/source/hsdb/538'}	id_matching	PUBCHEM_COMPOUND:8133	pleasant
mf4875	hsdb	{'url': 'https://pubchem.ncbi.nlm.nih.gov/source/hsdb/540'}	id_matching	PUBCHEM_COMPOUND:9033	pungent
mf4876	hsdb	{'url': 'https://pubchem.ncbi.nlm.nih.gov/source/hsdb/540'}	id_matching	PUBCHEM_COMPOUND:9033	fishy, amine odor
mf4877	hsdb	{'url': 'https://pubchem.ncbi.nlm.nih.gov/source/hsdb/541'}	id_matching	PUBCHEM_COMPOUND:24524	penetrating odor
mf4878	hsdb	{'url': 'https://pubchem.ncbi.nlm.nih.gov/source/hsdb/541'}	id_matching	PUBCHEM_COMPOUND:24524	strong
mf4879	hsdb	{'url': 'https://pubchem.ncbi.nlm.nih.gov/source/hsdb/541'}	id_matching	PUBCHEM_COMPOUND:24524	pungent, irritating odor
mf4880	hsdb	{'url': 'https://pubchem.ncbi.nlm.nih.gov/source/hsdb/544'}	id_matching	PUBCHEM_COMPOUND:9321	penetrating odor
mf4881	hsdb	{'url': 'https://pubchem.ncbi.nlm.nih.gov/source/hsdb/544'}	id_matching	PUBCHEM_COMPOUND:9321	... ammonia or fish-like odor ...
mf4882	hsdb	{'url': 'https://pubchem.ncbi.nlm.nih.gov/source/hsdb/546'}	id_matching	PUBCHEM_COMPOUND:14917	strong
mf4883	hsdb	{'url': 'https://pubchem.ncbi.nlm.nih.gov/source/hsdb/548'}	id_matching	PUBCHEM_COMPOUND:533	horseradish
mf4884	hsdb	{'url': 'https://pubchem.ncbi.nlm.nih.gov/source/hsdb/549'}	id_matching	PUBCHEM_COMPOUND:62714	odorless
mf4885	hsdb	{'url': 'https://pubchem.ncbi.nlm.nih.gov/source/hsdb/554'}	id_matching	PUBCHEM_COMPOUND:3589	camphor-like odor
mf4886	hsdb	{'url': 'https://pubchem.ncbi.nlm.nih.gov/source/hsdb/556'}	id_matching	PUBCHEM_COMPOUND:517165	slight
mf4887	hsdb	{'url': 'https://pubchem.ncbi.nlm.nih.gov/source/hsdb/562'}	id_matching	PUBCHEM_COMPOUND:8119	... ammonia or fish-like odor ...
mf4888	hsdb	{'url': 'https://pubchem.ncbi.nlm.nih.gov/source/hsdb/563'}	id_matching	PUBCHEM_COMPOUND:4101	odorless
mf4889	hsdb	{'url': 'https://pubchem.ncbi.nlm.nih.gov/source/hsdb/563'}	id_matching	PUBCHEM_COMPOUND:4101	practically odorless
mf4890	hsdb	{'url': 'https://pubchem.ncbi.nlm.nih.gov/source/hsdb/564'}	id_matching	PUBCHEM_COMPOUND:8630	odorless
mf4891	hsdb	{'url': 'https://pubchem.ncbi.nlm.nih.gov/source/hsdb/566'}	id_matching	PUBCHEM_COMPOUND:3610	pungent odor
mf4892	hsdb	{'url': 'https://pubchem.ncbi.nlm.nih.gov/source/hsdb/567'}	id_matching	PUBCHEM_COMPOUND:8478	mild odor
mf4893	hsdb	{'url': 'https://pubchem.ncbi.nlm.nih.gov/source/hsdb/570'}	id_matching	PUBCHEM_COMPOUND:260	irritating odor
mf4894	hsdb	{'url': 'https://pubchem.ncbi.nlm.nih.gov/source/hsdb/570'}	id_matching	PUBCHEM_COMPOUND:260	available forms have very slightly acrid odor
mf4895	hsdb	{'url': 'https://pubchem.ncbi.nlm.nih.gov/source/hsdb/580'}	id_matching	PUBCHEM_COMPOUND:70788954	practically odorless
mf4896	hsdb	{'url': 'https://pubchem.ncbi.nlm.nih.gov/source/hsdb/585'}	id_matching	PUBCHEM_COMPOUND:5541	fatty
mf4897	hsdb	{'url': 'https://pubchem.ncbi.nlm.nih.gov/source/hsdb/588'}	id_matching	PUBCHEM_COMPOUND:33934	mild odor
mf4898	hsdb	{'url': 'https://pubchem.ncbi.nlm.nih.gov/source/hsdb/602'}	id_matching	PUBCHEM_COMPOUND:24685	odorless
mf4899	hsdb	{'url': 'https://pubchem.ncbi.nlm.nih.gov/source/hsdb/603'}	id_matching	PUBCHEM_COMPOUND:4944	odorless
mf4900	hsdb	{'url': 'https://pubchem.ncbi.nlm.nih.gov/source/hsdb/606'}	id_matching	PUBCHEM_COMPOUND:8053	fruity
mf4901	hsdb	{'url': 'https://pubchem.ncbi.nlm.nih.gov/source/hsdb/607'}	id_matching	PUBCHEM_COMPOUND:24012	strong
mf4902	hsdb	{'url': 'https://pubchem.ncbi.nlm.nih.gov/source/hsdb/608'}	id_matching	PUBCHEM_COMPOUND:6360	gasoline
mf4903	hsdb	{'url': 'https://pubchem.ncbi.nlm.nih.gov/source/hsdb/608'}	id_matching	PUBCHEM_COMPOUND:6360	slight odor
mf4904	hsdb	{'url': 'https://pubchem.ncbi.nlm.nih.gov/source/hsdb/609'}	id_matching	PUBCHEM_COMPOUND:8038	fruit
mf4905	hsdb	{'url': 'https://pubchem.ncbi.nlm.nih.gov/source/hsdb/609'}	id_matching	PUBCHEM_COMPOUND:8038	floral, fruity odor
mf4906	hsdb	{'url': 'https://pubchem.ncbi.nlm.nih.gov/source/hsdb/609'}	id_matching	PUBCHEM_COMPOUND:8038	hyacinth
mf4907	hsdb	{'url': 'https://pubchem.ncbi.nlm.nih.gov/source/hsdb/609'}	id_matching	PUBCHEM_COMPOUND:8038	solvent
mf4908	hsdb	{'url': 'https://pubchem.ncbi.nlm.nih.gov/source/hsdb/612'}	id_matching	PUBCHEM_COMPOUND:6558	fishy, amine odor
mf4909	hsdb	{'url': 'https://pubchem.ncbi.nlm.nih.gov/source/hsdb/612'}	id_matching	PUBCHEM_COMPOUND:6558	fish-like odor when warm
mf4910	hsdb	{'url': 'https://pubchem.ncbi.nlm.nih.gov/source/hsdb/618'}	id_matching	PUBCHEM_COMPOUND:6556	pleasant odor
mf4911	hsdb	{'url': 'https://pubchem.ncbi.nlm.nih.gov/source/hsdb/618'}	id_matching	PUBCHEM_COMPOUND:6556	gasoline-like odor
mf4912	hsdb	{'url': 'https://pubchem.ncbi.nlm.nih.gov/source/hsdb/625'}	id_matching	PUBCHEM_COMPOUND:6364	pleasant
mf4913	hsdb	{'url': 'https://pubchem.ncbi.nlm.nih.gov/source/hsdb/625'}	id_matching	PUBCHEM_COMPOUND:6364	strong, skunk-like odor.
mf4914	hsdb	{'url': 'https://pubchem.ncbi.nlm.nih.gov/source/hsdb/626'}	id_matching	PUBCHEM_COMPOUND:8042	practically odorless
mf4915	hsdb	{'url': 'https://pubchem.ncbi.nlm.nih.gov/source/hsdb/631'}	id_matching	PUBCHEM_COMPOUND:8268	slight characteristic odor
mf4916	hsdb	{'url': 'https://pubchem.ncbi.nlm.nih.gov/source/hsdb/631'}	id_matching	PUBCHEM_COMPOUND:8268	solvent
mf4917	hsdb	{'url': 'https://pubchem.ncbi.nlm.nih.gov/source/hsdb/633'}	id_matching	PUBCHEM_COMPOUND:10038	penetrating odor
mf4918	hsdb	{'url': 'https://pubchem.ncbi.nlm.nih.gov/source/hsdb/656'}	id_matching	PUBCHEM_COMPOUND:6505	sweet
mf4919	hsdb	{'url': 'https://pubchem.ncbi.nlm.nih.gov/source/hsdb/656'}	id_matching	PUBCHEM_COMPOUND:6505	odorless
mf4920	hsdb	{'url': 'https://pubchem.ncbi.nlm.nih.gov/source/hsdb/659'}	id_matching	PUBCHEM_COMPOUND:73981	odorless
mf4921	hsdb	{'url': 'https://pubchem.ncbi.nlm.nih.gov/source/hsdb/661'}	id_matching	PUBCHEM_COMPOUND:24840	odorless
mf4922	hsdb	{'url': 'https://pubchem.ncbi.nlm.nih.gov/source/hsdb/662'}	id_matching	PUBCHEM_COMPOUND:6367	pungent odor
mf4923	hsdb	{'url': 'https://pubchem.ncbi.nlm.nih.gov/source/hsdb/662'}	id_matching	PUBCHEM_COMPOUND:6367	sharp
mf4924	hsdb	{'url': 'https://pubchem.ncbi.nlm.nih.gov/source/hsdb/664'}	id_matching	PUBCHEM_COMPOUND:24083	odorless
mf4925	hsdb	{'url': 'https://pubchem.ncbi.nlm.nih.gov/source/hsdb/666'}	id_matching	PUBCHEM_COMPOUND:444266	faint
mf4926	hsdb	{'url': 'https://pubchem.ncbi.nlm.nih.gov/source/hsdb/667'}	id_matching	PUBCHEM_COMPOUND:9298	mercaptan odor
mf4927	hsdb	{'url': 'https://pubchem.ncbi.nlm.nih.gov/source/hsdb/668'}	id_matching	PUBCHEM_COMPOUND:5125	mercaptan odor
mf4928	hsdb	{'url': 'https://pubchem.ncbi.nlm.nih.gov/source/hsdb/685'}	id_matching	PUBCHEM_COMPOUND:24470	odorless
mf4929	hsdb	{'url': 'https://pubchem.ncbi.nlm.nih.gov/source/hsdb/686'}	id_matching	PUBCHEM_COMPOUND:7158	phenolic
mf4930	hsdb	{'url': 'https://pubchem.ncbi.nlm.nih.gov/source/hsdb/692'}	id_matching	PUBCHEM_COMPOUND:24533	ammonia odor
mf4931	hsdb	{'url': 'https://pubchem.ncbi.nlm.nih.gov/source/hsdb/694'}	id_matching	PUBCHEM_COMPOUND:23667548	odorless
mf4932	hsdb	{'url': 'https://pubchem.ncbi.nlm.nih.gov/source/hsdb/697'}	id_matching	PUBCHEM_COMPOUND:516892	odorless
mf4933	hsdb	{'url': 'https://pubchem.ncbi.nlm.nih.gov/source/hsdb/703'}	id_matching	PUBCHEM_COMPOUND:24482	odorless
mf4934	hsdb	{'url': 'https://pubchem.ncbi.nlm.nih.gov/source/hsdb/712'}	id_matching	PUBCHEM_COMPOUND:6466	odorless
mf4935	hsdb	{'url': 'https://pubchem.ncbi.nlm.nih.gov/source/hsdb/713'}	id_matching	PUBCHEM_COMPOUND:11177	odorless
mf4936	hsdb	{'url': 'https://pubchem.ncbi.nlm.nih.gov/source/hsdb/713'}	id_matching	PUBCHEM_COMPOUND:11177	faint, characteristic odor
mf4937	hsdb	{'url': 'https://pubchem.ncbi.nlm.nih.gov/source/hsdb/716'}	id_matching	PUBCHEM_COMPOUND:6570	pungent odor
mf4938	hsdb	{'url': 'https://pubchem.ncbi.nlm.nih.gov/source/hsdb/717'}	id_matching	PUBCHEM_COMPOUND:24823	characteristic odor
mf4939	hsdb	{'url': 'https://pubchem.ncbi.nlm.nih.gov/source/hsdb/717'}	id_matching	PUBCHEM_COMPOUND:24823	pungent odor
mf4940	hsdb	{'url': 'https://pubchem.ncbi.nlm.nih.gov/source/hsdb/717'}	id_matching	PUBCHEM_COMPOUND:24823	very pungent
mf4941	hsdb	{'url': 'https://pubchem.ncbi.nlm.nih.gov/source/hsdb/719'}	id_matching	PUBCHEM_COMPOUND:30318	acrid, chlorine-like odor.
mf4942	hsdb	{'url': 'https://pubchem.ncbi.nlm.nih.gov/source/hsdb/719'}	id_matching	PUBCHEM_COMPOUND:30318	unpleasant odor
mf4943	hsdb	{'url': 'https://pubchem.ncbi.nlm.nih.gov/source/hsdb/724'}	id_matching	PUBCHEM_COMPOUND:23665763	slightly sulfurous odor
mf4944	hsdb	{'url': 'https://pubchem.ncbi.nlm.nih.gov/source/hsdb/729'}	id_matching	PUBCHEM_COMPOUND:6506	fruity odor
mf4945	hsdb	{'url': 'https://pubchem.ncbi.nlm.nih.gov/source/hsdb/731'}	id_matching	PUBCHEM_COMPOUND:2724247	quinone odor
mf4946	hsdb	{'url': 'https://pubchem.ncbi.nlm.nih.gov/source/hsdb/734'}	id_matching	PUBCHEM_COMPOUND:8929	bitter
mf4947	hsdb	{'url': 'https://pubchem.ncbi.nlm.nih.gov/source/hsdb/734'}	id_matching	PUBCHEM_COMPOUND:8929	... almond-like odor ...
mf4948	hsdb	{'url': 'https://pubchem.ncbi.nlm.nih.gov/source/hsdb/737'}	id_matching	PUBCHEM_COMPOUND:25408	odorless
mf4949	hsdb	{'url': 'https://pubchem.ncbi.nlm.nih.gov/source/hsdb/738'}	id_matching	PUBCHEM_COMPOUND:23672064	odorless
mf4950	hsdb	{'url': 'https://pubchem.ncbi.nlm.nih.gov/source/hsdb/739'}	id_matching	PUBCHEM_COMPOUND:6377	amine
mf4951	hsdb	{'url': 'https://pubchem.ncbi.nlm.nih.gov/source/hsdb/739'}	id_matching	PUBCHEM_COMPOUND:6377	... ammonia or fish-like odor ...
mf4952	hsdb	{'url': 'https://pubchem.ncbi.nlm.nih.gov/source/hsdb/742'}	id_matching	PUBCHEM_COMPOUND:26129	odorless
mf4953	hsdb	{'url': 'https://pubchem.ncbi.nlm.nih.gov/source/hsdb/743'}	id_matching	PUBCHEM_COMPOUND:16212360	odorless
mf4954	hsdb	{'url': 'https://pubchem.ncbi.nlm.nih.gov/source/hsdb/746'}	id_matching	PUBCHEM_COMPOUND:24489	faint
mf4955	hsdb	{'url': 'https://pubchem.ncbi.nlm.nih.gov/source/hsdb/746'}	id_matching	PUBCHEM_COMPOUND:24489	slight characteristic odor
mf4956	hsdb	{'url': 'https://pubchem.ncbi.nlm.nih.gov/source/hsdb/748'}	id_matching	PUBCHEM_COMPOUND:23665760	sweet
mf4957	hsdb	{'url': 'https://pubchem.ncbi.nlm.nih.gov/source/hsdb/750'}	id_matching	PUBCHEM_COMPOUND:5238	odorless
mf4958	hsdb	{'url': 'https://pubchem.ncbi.nlm.nih.gov/source/hsdb/758'}	id_matching	PUBCHEM_COMPOUND:23665730	slight
mf4959	hsdb	{'url': 'https://pubchem.ncbi.nlm.nih.gov/source/hsdb/766'}	id_matching	PUBCHEM_COMPOUND:2723816	odorless
mf4960	hsdb	{'url': 'https://pubchem.ncbi.nlm.nih.gov/source/hsdb/772'}	id_matching	PUBCHEM_COMPOUND:14804	egg
mf4961	hsdb	{'url': 'https://pubchem.ncbi.nlm.nih.gov/source/hsdb/778'}	id_matching	PUBCHEM_COMPOUND:3793749	slight odor
mf4962	hsdb	{'url': 'https://pubchem.ncbi.nlm.nih.gov/source/hsdb/778'}	id_matching	PUBCHEM_COMPOUND:16218600	slight odor
mf4963	hsdb	{'url': 'https://pubchem.ncbi.nlm.nih.gov/source/hsdb/779'}	id_matching	PUBCHEM_COMPOUND:6323	chloroform like odor
mf4964	hsdb	{'url': 'https://pubchem.ncbi.nlm.nih.gov/source/hsdb/782'}	id_matching	PUBCHEM_COMPOUND:16248	phenol
mf4965	hsdb	{'url': 'https://pubchem.ncbi.nlm.nih.gov/source/hsdb/784'}	id_matching	PUBCHEM_COMPOUND:24813	must
mf4966	hsdb	{'url': 'https://pubchem.ncbi.nlm.nih.gov/source/hsdb/785'}	id_matching	PUBCHEM_COMPOUND:9359	disagreeable odor.
mf4967	hsdb	{'url': 'https://pubchem.ncbi.nlm.nih.gov/source/hsdb/789'}	id_matching	PUBCHEM_COMPOUND:20848	mild
mf4968	hsdb	{'url': 'https://pubchem.ncbi.nlm.nih.gov/source/hsdb/792'}	id_matching	PUBCHEM_COMPOUND:7922	odorless
mf4969	hsdb	{'url': 'https://pubchem.ncbi.nlm.nih.gov/source/hsdb/794'}	id_matching	PUBCHEM_COMPOUND:1057	odorless
mf4970	hsdb	{'url': 'https://pubchem.ncbi.nlm.nih.gov/source/hsdb/795'}	id_matching	PUBCHEM_COMPOUND:5987	odorless
mf4971	hsdb	{'url': 'https://pubchem.ncbi.nlm.nih.gov/source/hsdb/796'}	id_matching	PUBCHEM_COMPOUND:6371	must
mf4972	hsdb	{'url': 'https://pubchem.ncbi.nlm.nih.gov/source/hsdb/797'}	id_matching	PUBCHEM_COMPOUND:5344	odorless
mf4973	hsdb	{'url': 'https://pubchem.ncbi.nlm.nih.gov/source/hsdb/802'}	id_matching	PUBCHEM_COMPOUND:5993	pungent
mf4974	hsdb	{'url': 'https://pubchem.ncbi.nlm.nih.gov/source/hsdb/802'}	id_matching	PUBCHEM_COMPOUND:5993	odorless or nearly so
mf4975	hsdb	{'url': 'https://pubchem.ncbi.nlm.nih.gov/source/hsdb/804'}	id_matching	PUBCHEM_COMPOUND:6363	ammonia odor
mf4976	hsdb	{'url': 'https://pubchem.ncbi.nlm.nih.gov/source/hsdb/804'}	id_matching	PUBCHEM_COMPOUND:6363	fishy
mf4977	hsdb	{'url': 'https://pubchem.ncbi.nlm.nih.gov/source/hsdb/807'}	id_matching	PUBCHEM_COMPOUND:6339	faint
mf4978	hsdb	{'url': 'https://pubchem.ncbi.nlm.nih.gov/source/hsdb/810'}	id_matching	PUBCHEM_COMPOUND:6329	... ammonia or fish-like odor ...
mf4979	hsdb	{'url': 'https://pubchem.ncbi.nlm.nih.gov/source/hsdb/811'}	id_matching	PUBCHEM_COMPOUND:2365	pungent
mf4980	hsdb	{'url': 'https://pubchem.ncbi.nlm.nih.gov/source/hsdb/811'}	id_matching	PUBCHEM_COMPOUND:2365	sweet
mf4981	hsdb	{'url': 'https://pubchem.ncbi.nlm.nih.gov/source/hsdb/812'}	id_matching	PUBCHEM_COMPOUND:6351	ether
mf4982	hsdb	{'url': 'https://pubchem.ncbi.nlm.nih.gov/source/hsdb/812'}	id_matching	PUBCHEM_COMPOUND:6351	sweet
mf4983	hsdb	{'url': 'https://pubchem.ncbi.nlm.nih.gov/source/hsdb/812'}	id_matching	PUBCHEM_COMPOUND:6351	odorless
mf4984	hsdb	{'url': 'https://pubchem.ncbi.nlm.nih.gov/source/hsdb/812'}	id_matching	PUBCHEM_COMPOUND:6351	solvent
mf4985	hsdb	{'url': 'https://pubchem.ncbi.nlm.nih.gov/source/hsdb/817'}	id_matching	PUBCHEM_COMPOUND:493570	slight odor
mf4986	hsdb	{'url': 'https://pubchem.ncbi.nlm.nih.gov/source/hsdb/819'}	id_matching	PUBCHEM_COMPOUND:5280793	odorless
mf4987	hsdb	{'url': 'https://pubchem.ncbi.nlm.nih.gov/source/hsdb/819'}	id_matching	PUBCHEM_COMPOUND:6536972	odorless
mf4988	hsdb	{'url': 'https://pubchem.ncbi.nlm.nih.gov/source/hsdb/820'}	id_matching	PUBCHEM_COMPOUND:5280795	odorless
mf4989	hsdb	{'url': 'https://pubchem.ncbi.nlm.nih.gov/source/hsdb/825'}	id_matching	PUBCHEM_COMPOUND:17358	odorless
mf4990	hsdb	{'url': 'https://pubchem.ncbi.nlm.nih.gov/source/hsdb/827'}	id_matching	PUBCHEM_COMPOUND:24648	very pungent
mf4991	hsdb	{'url': 'https://pubchem.ncbi.nlm.nih.gov/source/hsdb/828'}	id_matching	PUBCHEM_COMPOUND:17607	odorless
mf4992	hsdb	{'url': 'https://pubchem.ncbi.nlm.nih.gov/source/hsdb/831'}	id_matching	PUBCHEM_COMPOUND:16131300	faint characteristic odor
mf4993	hsdb	{'url': 'https://pubchem.ncbi.nlm.nih.gov/source/hsdb/838'}	id_matching	PUBCHEM_COMPOUND:16043	very slight, aromatic odor.
mf4994	hsdb	{'url': 'https://pubchem.ncbi.nlm.nih.gov/source/hsdb/838'}	id_matching	PUBCHEM_COMPOUND:16043	characteristic odor
mf4995	hsdb	{'url': 'https://pubchem.ncbi.nlm.nih.gov/source/hsdb/838'}	id_matching	PUBCHEM_COMPOUND:16043	slight odor
mf4996	hsdb	{'url': 'https://pubchem.ncbi.nlm.nih.gov/source/hsdb/841'}	id_matching	PUBCHEM_COMPOUND:6511	must
mf4997	hsdb	{'url': 'https://pubchem.ncbi.nlm.nih.gov/source/hsdb/841'}	id_matching	PUBCHEM_COMPOUND:6511	sweet
mf4998	hsdb	{'url': 'https://pubchem.ncbi.nlm.nih.gov/source/hsdb/842'}	id_matching	PUBCHEM_COMPOUND:7873	agreeable odor
mf4999	hsdb	{'url': 'https://pubchem.ncbi.nlm.nih.gov/source/hsdb/842'}	id_matching	PUBCHEM_COMPOUND:7873	aromatic
mf5000	hsdb	{'url': 'https://pubchem.ncbi.nlm.nih.gov/source/hsdb/842'}	id_matching	PUBCHEM_COMPOUND:7873	faint fruity odor
mf5001	hsdb	{'url': 'https://pubchem.ncbi.nlm.nih.gov/source/hsdb/843'}	id_matching	PUBCHEM_COMPOUND:8200	mild odor
mf5002	hsdb	{'url': 'https://pubchem.ncbi.nlm.nih.gov/source/hsdb/844'}	id_matching	PUBCHEM_COMPOUND:8301	odorless
mf5003	hsdb	{'url': 'https://pubchem.ncbi.nlm.nih.gov/source/hsdb/852'}	id_matching	PUBCHEM_COMPOUND:10509	pungent
mf5004	hsdb	{'url': 'https://pubchem.ncbi.nlm.nih.gov/source/hsdb/852'}	id_matching	PUBCHEM_COMPOUND:10509	pungent odor
mf5005	hsdb	{'url': 'https://pubchem.ncbi.nlm.nih.gov/source/hsdb/854'}	id_matching	PUBCHEM_COMPOUND:24403	odorless
mf5006	hsdb	{'url': 'https://pubchem.ncbi.nlm.nih.gov/source/hsdb/855'}	id_matching	PUBCHEM_COMPOUND:11247	odorless
mf5007	hsdb	{'url': 'https://pubchem.ncbi.nlm.nih.gov/source/hsdb/856'}	id_matching	PUBCHEM_COMPOUND:14215	aromatic odor
mf5008	hsdb	{'url': 'https://pubchem.ncbi.nlm.nih.gov/source/hsdb/859'}	id_matching	PUBCHEM_COMPOUND:24386	strong suffocating odor
mf5009	hsdb	{'url': 'https://pubchem.ncbi.nlm.nih.gov/source/hsdb/859'}	id_matching	PUBCHEM_COMPOUND:24386	sulfur
mf5010	hsdb	{'url': 'https://pubchem.ncbi.nlm.nih.gov/source/hsdb/860'}	id_matching	PUBCHEM_COMPOUND:24385	quinone odor
mf5011	hsdb	{'url': 'https://pubchem.ncbi.nlm.nih.gov/source/hsdb/861'}	id_matching	PUBCHEM_COMPOUND:10040	sharp
mf5012	hsdb	{'url': 'https://pubchem.ncbi.nlm.nih.gov/source/hsdb/863'}	id_matching	PUBCHEM_COMPOUND:5455	characteristic odor
mf5013	hsdb	{'url': 'https://pubchem.ncbi.nlm.nih.gov/source/hsdb/869'}	id_matching	PUBCHEM_COMPOUND:26042	odorless
mf5014	hsdb	{'url': 'https://pubchem.ncbi.nlm.nih.gov/source/hsdb/872'}	id_matching	PUBCHEM_COMPOUND:8285	odorless
mf5015	hsdb	{'url': 'https://pubchem.ncbi.nlm.nih.gov/source/hsdb/873'}	id_matching	PUBCHEM_COMPOUND:16653	aromatic
mf5016	hsdb	{'url': 'https://pubchem.ncbi.nlm.nih.gov/source/hsdb/874'}	id_matching	PUBCHEM_COMPOUND:11443	sharp
mf5017	hsdb	{'url': 'https://pubchem.ncbi.nlm.nih.gov/source/hsdb/876'}	id_matching	PUBCHEM_COMPOUND:7296	gasoline-like
mf5018	hsdb	{'url': 'https://pubchem.ncbi.nlm.nih.gov/source/hsdb/877'}	id_matching	PUBCHEM_COMPOUND:7622	ammonia odor
mf5019	hsdb	{'url': 'https://pubchem.ncbi.nlm.nih.gov/source/hsdb/881'}	id_matching	PUBCHEM_COMPOUND:5853	ether
mf5020	hsdb	{'url': 'https://pubchem.ncbi.nlm.nih.gov/source/hsdb/881'}	id_matching	PUBCHEM_COMPOUND:5853	weak characteristic odor
mf5021	hsdb	{'url': 'https://pubchem.ncbi.nlm.nih.gov/source/hsdb/883'}	id_matching	PUBCHEM_COMPOUND:6327	sweet
mf5022	hsdb	{'url': 'https://pubchem.ncbi.nlm.nih.gov/source/hsdb/883'}	id_matching	PUBCHEM_COMPOUND:6327	mild odor
mf5023	hsdb	{'url': 'https://pubchem.ncbi.nlm.nih.gov/source/hsdb/892'}	id_matching	PUBCHEM_COMPOUND:8207	pleasant odor
mf5024	hsdb	{'url': 'https://pubchem.ncbi.nlm.nih.gov/source/hsdb/893'}	id_matching	PUBCHEM_COMPOUND:7618	slight
mf5025	hsdb	{'url': 'https://pubchem.ncbi.nlm.nih.gov/source/hsdb/894'}	id_matching	PUBCHEM_COMPOUND:992	phenolic odor
mf5026	hsdb	{'url': 'https://pubchem.ncbi.nlm.nih.gov/source/hsdb/894'}	id_matching	PUBCHEM_COMPOUND:992	pungent
mf5027	hsdb	{'url': 'https://pubchem.ncbi.nlm.nih.gov/source/hsdb/894'}	id_matching	PUBCHEM_COMPOUND:992	sweet, pungent, benzene-like odor
mf5028	hsdb	{'url': 'https://pubchem.ncbi.nlm.nih.gov/source/hsdb/896'}	id_matching	PUBCHEM_COMPOUND:8471	strong
mf5029	hsdb	{'url': 'https://pubchem.ncbi.nlm.nih.gov/source/hsdb/896'}	id_matching	PUBCHEM_COMPOUND:8471	fishy
mf5030	hsdb	{'url': 'https://pubchem.ncbi.nlm.nih.gov/source/hsdb/898'}	id_matching	PUBCHEM_COMPOUND:8172	practically odorless
mf5031	hsdb	{'url': 'https://pubchem.ncbi.nlm.nih.gov/source/hsdb/902'}	id_matching	PUBCHEM_COMPOUND:24497	odorless
mf5032	hsdb	{'url': 'https://pubchem.ncbi.nlm.nih.gov/source/hsdb/903'}	id_matching	PUBCHEM_COMPOUND:281	odorless
mf5033	hsdb	{'url': 'https://pubchem.ncbi.nlm.nih.gov/source/hsdb/908'}	id_matching	PUBCHEM_COMPOUND:7864	irritating odor
mf5034	hsdb	{'url': 'https://pubchem.ncbi.nlm.nih.gov/source/hsdb/910'}	id_matching	PUBCHEM_COMPOUND:23976	odorless
mf5035	hsdb	{'url': 'https://pubchem.ncbi.nlm.nih.gov/source/hsdb/914'}	id_matching	PUBCHEM_COMPOUND:24504	strong
mf5036	hsdb	{'url': 'https://pubchem.ncbi.nlm.nih.gov/source/hsdb/916'}	id_matching	PUBCHEM_COMPOUND:24462	pleasant odor
mf5037	hsdb	{'url': 'https://pubchem.ncbi.nlm.nih.gov/source/hsdb/918'}	id_matching	PUBCHEM_COMPOUND:7965	fishy, amine odor
mf5038	hsdb	{'url': 'https://pubchem.ncbi.nlm.nih.gov/source/hsdb/919'}	id_matching	PUBCHEM_COMPOUND:6093208	odorless
mf5039	hsdb	{'url': 'https://pubchem.ncbi.nlm.nih.gov/source/hsdb/923'}	id_matching	PUBCHEM_COMPOUND:5284359	odorless
mf5040	hsdb	{'url': 'https://pubchem.ncbi.nlm.nih.gov/source/hsdb/924'}	id_matching	PUBCHEM_COMPOUND:8113	mild
mf5041	hsdb	{'url': 'https://pubchem.ncbi.nlm.nih.gov/source/hsdb/925'}	id_matching	PUBCHEM_COMPOUND:7766	ether
mf5042	hsdb	{'url': 'https://pubchem.ncbi.nlm.nih.gov/source/hsdb/925'}	id_matching	PUBCHEM_COMPOUND:7766	mild odor
mf5043	hsdb	{'url': 'https://pubchem.ncbi.nlm.nih.gov/source/hsdb/929'}	id_matching	PUBCHEM_COMPOUND:11185	garlic-like odor
mf5044	hsdb	{'url': 'https://pubchem.ncbi.nlm.nih.gov/source/hsdb/930'}	id_matching	PUBCHEM_COMPOUND:33599	mild odor
mf5045	hsdb	{'url': 'https://pubchem.ncbi.nlm.nih.gov/source/hsdb/932'}	id_matching	PUBCHEM_COMPOUND:6497	odorless
mf5046	hsdb	{'url': 'https://pubchem.ncbi.nlm.nih.gov/source/hsdb/932'}	id_matching	PUBCHEM_COMPOUND:6497	faint
mf5047	hsdb	{'url': 'https://pubchem.ncbi.nlm.nih.gov/source/hsdb/938'}	id_matching	PUBCHEM_COMPOUND:8434	odorless
mf5048	hsdb	{'url': 'https://pubchem.ncbi.nlm.nih.gov/source/hsdb/939'}	id_matching	PUBCHEM_COMPOUND:300	strong
mf5049	hsdb	{'url': 'https://pubchem.ncbi.nlm.nih.gov/source/hsdb/941'}	id_matching	PUBCHEM_COMPOUND:6324	odorless
mf5050	hsdb	{'url': 'https://pubchem.ncbi.nlm.nih.gov/source/hsdb/942'}	id_matching	PUBCHEM_COMPOUND:31278	odorless
mf5051	hsdb	{'url': 'https://pubchem.ncbi.nlm.nih.gov/source/hsdb/942'}	id_matching	PUBCHEM_COMPOUND:31278	fatty, fruity
mf5052	hsdb	{'url': 'https://pubchem.ncbi.nlm.nih.gov/source/hsdb/943'}	id_matching	PUBCHEM_COMPOUND:8025	fruity odor
mf5053	hsdb	{'url': 'https://pubchem.ncbi.nlm.nih.gov/source/hsdb/944'}	id_matching	PUBCHEM_COMPOUND:7843	disagreeable odor.
mf5054	hsdb	{'url': 'https://pubchem.ncbi.nlm.nih.gov/source/hsdb/949'}	id_matching	PUBCHEM_COMPOUND:3485	pungent odor
mf5055	hsdb	{'url': 'https://pubchem.ncbi.nlm.nih.gov/source/hsdb/949'}	id_matching	PUBCHEM_COMPOUND:3485	sweet
mf5056	hsdb	{'url': 'https://pubchem.ncbi.nlm.nih.gov/source/hsdb/950'}	id_matching	PUBCHEM_COMPOUND:10563	odorless
mf5057	hsdb	{'url': 'https://pubchem.ncbi.nlm.nih.gov/source/hsdb/951'}	id_matching	PUBCHEM_COMPOUND:8606	odorless
mf5058	hsdb	{'url': 'https://pubchem.ncbi.nlm.nih.gov/source/hsdb/952'}	id_matching	PUBCHEM_COMPOUND:6129	odorless
mf5059	hsdb	{'url': 'https://pubchem.ncbi.nlm.nih.gov/source/hsdb/958'}	id_matching	PUBCHEM_COMPOUND:13081	mercaptan odor
mf5060	hsdb	{'url': 'https://pubchem.ncbi.nlm.nih.gov/source/hsdb/965'}	id_matching	PUBCHEM_COMPOUND:14779	odorless
mf5061	hsdb	{'url': 'https://pubchem.ncbi.nlm.nih.gov/source/hsdb/970'}	id_matching	PUBCHEM_COMPOUND:24637	sweet
mf5062	hsdb	{'url': 'https://pubchem.ncbi.nlm.nih.gov/source/hsdb/970'}	id_matching	PUBCHEM_COMPOUND:24637	irritating odor
mf5063	hsdb	{'url': 'https://pubchem.ncbi.nlm.nih.gov/source/hsdb/971'}	id_matching	PUBCHEM_COMPOUND:6406	strong
mf5064	hsdb	{'url': 'https://pubchem.ncbi.nlm.nih.gov/source/hsdb/971'}	id_matching	PUBCHEM_COMPOUND:6406	practically odorless
mf5065	hsdb	{'url': 'https://pubchem.ncbi.nlm.nih.gov/source/hsdb/971'}	id_matching	PUBCHEM_COMPOUND:6406	characteristic odor
mf5066	hsdb	{'url': 'https://pubchem.ncbi.nlm.nih.gov/source/hsdb/973'}	id_matching	PUBCHEM_COMPOUND:6577	sharp
mf5067	hsdb	{'url': 'https://pubchem.ncbi.nlm.nih.gov/source/hsdb/973'}	id_matching	PUBCHEM_COMPOUND:6577	strong, acrid, pungent odor
mf5068	hsdb	{'url': 'https://pubchem.ncbi.nlm.nih.gov/source/hsdb/977'}	id_matching	PUBCHEM_COMPOUND:6423	sharp, intensely irritating odor
mf5069	hsdb	{'url': 'https://pubchem.ncbi.nlm.nih.gov/source/hsdb/977'}	id_matching	PUBCHEM_COMPOUND:6423	pepper
mf5070	hsdb	{'url': 'https://pubchem.ncbi.nlm.nih.gov/source/hsdb/980'}	id_matching	PUBCHEM_COMPOUND:16115	odorless
mf5071	hsdb	{'url': 'https://pubchem.ncbi.nlm.nih.gov/source/hsdb/981'}	id_matching	PUBCHEM_COMPOUND:2728	faint characteristic odor
mf5072	hsdb	{'url': 'https://pubchem.ncbi.nlm.nih.gov/source/hsdb/981'}	id_matching	PUBCHEM_COMPOUND:2728	faint
mf5073	hsdb	{'url': 'https://pubchem.ncbi.nlm.nih.gov/source/hsdb/992'}	id_matching	PUBCHEM_COMPOUND:24441	odorless
mf5074	hsdb	{'url': 'https://pubchem.ncbi.nlm.nih.gov/source/hsdb/994'}	id_matching	PUBCHEM_COMPOUND:9290	odorless
mf5075	hsdb	{'url': 'https://pubchem.ncbi.nlm.nih.gov/source/hsdb/997'}	id_matching	PUBCHEM_COMPOUND:6277	sour, vinegar-like odor
mf5076	hsdb	{'url': 'https://pubchem.ncbi.nlm.nih.gov/source/hsdb/1000'}	id_matching	PUBCHEM_COMPOUND:3032536	... slightly sharp odor ...
mf5077	hsdb	{'url': 'https://pubchem.ncbi.nlm.nih.gov/source/hsdb/1005'}	id_matching	PUBCHEM_COMPOUND:24439	odorless
mf5078	hsdb	{'url': 'https://pubchem.ncbi.nlm.nih.gov/source/hsdb/1007'}	id_matching	PUBCHEM_COMPOUND:8472	pungent
mf5079	hsdb	{'url': 'https://pubchem.ncbi.nlm.nih.gov/source/hsdb/1007'}	id_matching	PUBCHEM_COMPOUND:8472	powerful
mf5080	hsdb	{'url': 'https://pubchem.ncbi.nlm.nih.gov/source/hsdb/1014'}	id_matching	PUBCHEM_COMPOUND:2078	odorless
mf5081	hsdb	{'url': 'https://pubchem.ncbi.nlm.nih.gov/source/hsdb/1022'}	id_matching	PUBCHEM_COMPOUND:23990	odorless
mf5082	hsdb	{'url': 'https://pubchem.ncbi.nlm.nih.gov/source/hsdb/1024'}	id_matching	PUBCHEM_COMPOUND:14814	odorless
mf5083	hsdb	{'url': 'https://pubchem.ncbi.nlm.nih.gov/source/hsdb/1028'}	id_matching	PUBCHEM_COMPOUND:16003	slight, aromatic odor
mf5084	hsdb	{'url': 'https://pubchem.ncbi.nlm.nih.gov/source/hsdb/1028'}	id_matching	PUBCHEM_COMPOUND:16003	sweet
mf5085	hsdb	{'url': 'https://pubchem.ncbi.nlm.nih.gov/source/hsdb/1030'}	id_matching	PUBCHEM_COMPOUND:11641	characteristic pungent odor
mf5086	hsdb	{'url': 'https://pubchem.ncbi.nlm.nih.gov/source/hsdb/1030'}	id_matching	PUBCHEM_COMPOUND:11641	pleasant odor
mf5087	hsdb	{'url': 'https://pubchem.ncbi.nlm.nih.gov/source/hsdb/1031'}	id_matching	PUBCHEM_COMPOUND:24387	pungent
mf5088	hsdb	{'url': 'https://pubchem.ncbi.nlm.nih.gov/source/hsdb/1031'}	id_matching	PUBCHEM_COMPOUND:24387	acid
mf5089	hsdb	{'url': 'https://pubchem.ncbi.nlm.nih.gov/source/hsdb/1036'}	id_matching	PUBCHEM_COMPOUND:8800	slight odor
mf5090	hsdb	{'url': 'https://pubchem.ncbi.nlm.nih.gov/source/hsdb/1036'}	id_matching	PUBCHEM_COMPOUND:8800	odorless
mf5091	hsdb	{'url': 'https://pubchem.ncbi.nlm.nih.gov/source/hsdb/1042'}	id_matching	PUBCHEM_COMPOUND:9414	odorless
mf5092	hsdb	{'url': 'https://pubchem.ncbi.nlm.nih.gov/source/hsdb/1048'}	id_matching	PUBCHEM_COMPOUND:19005	odorless
mf5093	hsdb	{'url': 'https://pubchem.ncbi.nlm.nih.gov/source/hsdb/1068'}	id_matching	PUBCHEM_COMPOUND:7840	sweet odor
mf5094	hsdb	{'url': 'https://pubchem.ncbi.nlm.nih.gov/source/hsdb/1070'}	id_matching	PUBCHEM_COMPOUND:6571	pungent odor
mf5095	hsdb	{'url': 'https://pubchem.ncbi.nlm.nih.gov/source/hsdb/1073'}	id_matching	PUBCHEM_COMPOUND:13381	pleasant
mf5096	hsdb	{'url': 'https://pubchem.ncbi.nlm.nih.gov/source/hsdb/1076'}	id_matching	PUBCHEM_COMPOUND:8183	mild pleasant odor
mf5097	hsdb	{'url': 'https://pubchem.ncbi.nlm.nih.gov/source/hsdb/1077'}	id_matching	PUBCHEM_COMPOUND:8129	fragrant
mf5098	hsdb	{'url': 'https://pubchem.ncbi.nlm.nih.gov/source/hsdb/1077'}	id_matching	PUBCHEM_COMPOUND:8129	faint
mf5099	hsdb	{'url': 'https://pubchem.ncbi.nlm.nih.gov/source/hsdb/1080'}	id_matching	PUBCHEM_COMPOUND:8640	... ammonia or fish-like odor ...
mf5100	hsdb	{'url': 'https://pubchem.ncbi.nlm.nih.gov/source/hsdb/1081'}	id_matching	PUBCHEM_COMPOUND:31285	strong
mf5101	hsdb	{'url': 'https://pubchem.ncbi.nlm.nih.gov/source/hsdb/1081'}	id_matching	PUBCHEM_COMPOUND:31285	gasoline
mf5102	hsdb	{'url': 'https://pubchem.ncbi.nlm.nih.gov/source/hsdb/1083'}	id_matching	PUBCHEM_COMPOUND:7757	agreeable odor
mf5103	hsdb	{'url': 'https://pubchem.ncbi.nlm.nih.gov/source/hsdb/1087'}	id_matching	PUBCHEM_COMPOUND:14260	mild pleasant odor
mf5104	hsdb	{'url': 'https://pubchem.ncbi.nlm.nih.gov/source/hsdb/1088'}	id_matching	PUBCHEM_COMPOUND:17095	mild pleasant odor
mf5105	hsdb	{'url': 'https://pubchem.ncbi.nlm.nih.gov/source/hsdb/1090'}	id_matching	PUBCHEM_COMPOUND:13190	mild
mf5106	hsdb	{'url': 'https://pubchem.ncbi.nlm.nih.gov/source/hsdb/1093'}	id_matching	PUBCHEM_COMPOUND:4837	amine
mf5107	hsdb	{'url': 'https://pubchem.ncbi.nlm.nih.gov/source/hsdb/1093'}	id_matching	PUBCHEM_COMPOUND:4837	ammoniacal
mf5108	hsdb	{'url': 'https://pubchem.ncbi.nlm.nih.gov/source/hsdb/1096'}	id_matching	PUBCHEM_COMPOUND:935	odorless
mf5109	hsdb	{'url': 'https://pubchem.ncbi.nlm.nih.gov/source/hsdb/1102'}	id_matching	PUBCHEM_COMPOUND:6564	sweet
mf5110	hsdb	{'url': 'https://pubchem.ncbi.nlm.nih.gov/source/hsdb/1102'}	id_matching	PUBCHEM_COMPOUND:6564	chloroform like odor
mf5111	hsdb	{'url': 'https://pubchem.ncbi.nlm.nih.gov/source/hsdb/1105'}	id_matching	PUBCHEM_COMPOUND:13	aromatic odor
mf5112	hsdb	{'url': 'https://pubchem.ncbi.nlm.nih.gov/source/hsdb/1106'}	id_matching	PUBCHEM_COMPOUND:6585	persistent sweet, acrid taste
mf5113	hsdb	{'url': 'https://pubchem.ncbi.nlm.nih.gov/source/hsdb/1108'}	id_matching	PUBCHEM_COMPOUND:11487	pleasant, floral odor
mf5114	hsdb	{'url': 'https://pubchem.ncbi.nlm.nih.gov/source/hsdb/1112'}	id_matching	PUBCHEM_COMPOUND:8064	almost odorless
mf5115	hsdb	{'url': 'https://pubchem.ncbi.nlm.nih.gov/source/hsdb/1113'}	id_matching	PUBCHEM_COMPOUND:24553	moldy
mf5116	hsdb	{'url': 'https://pubchem.ncbi.nlm.nih.gov/source/hsdb/1114'}	id_matching	PUBCHEM_COMPOUND:24586	odorless
mf5117	hsdb	{'url': 'https://pubchem.ncbi.nlm.nih.gov/source/hsdb/1117'}	id_matching	PUBCHEM_COMPOUND:7516	faint aromatic odor
mf5118	hsdb	{'url': 'https://pubchem.ncbi.nlm.nih.gov/source/hsdb/1119'}	id_matching	PUBCHEM_COMPOUND:3291	characteristic odor
mf5119	hsdb	{'url': 'https://pubchem.ncbi.nlm.nih.gov/source/hsdb/1120'}	id_matching	PUBCHEM_COMPOUND:5354264	sharp
mf5120	hsdb	{'url': 'https://pubchem.ncbi.nlm.nih.gov/source/hsdb/1121'}	id_matching	PUBCHEM_COMPOUND:7636	pleasant
mf5121	hsdb	{'url': 'https://pubchem.ncbi.nlm.nih.gov/source/hsdb/1126'}	id_matching	PUBCHEM_COMPOUND:7870	sweet
mf5122	hsdb	{'url': 'https://pubchem.ncbi.nlm.nih.gov/source/hsdb/1128'}	id_matching	PUBCHEM_COMPOUND:8016	fishy
mf5123	hsdb	{'url': 'https://pubchem.ncbi.nlm.nih.gov/source/hsdb/1129'}	id_matching	PUBCHEM_COMPOUND:31245	cheese
mf5124	hsdb	{'url': 'https://pubchem.ncbi.nlm.nih.gov/source/hsdb/1131'}	id_matching	PUBCHEM_COMPOUND:7057	faint aromatic odor
mf5125	hsdb	{'url': 'https://pubchem.ncbi.nlm.nih.gov/source/hsdb/1133'}	id_matching	PUBCHEM_COMPOUND:6947	aromatic
mf5126	hsdb	{'url': 'https://pubchem.ncbi.nlm.nih.gov/source/hsdb/1134'}	id_matching	PUBCHEM_COMPOUND:398	fruity
mf5127	hsdb	{'url': 'https://pubchem.ncbi.nlm.nih.gov/source/hsdb/1137'}	id_matching	PUBCHEM_COMPOUND:8447	odorless
mf5128	hsdb	{'url': 'https://pubchem.ncbi.nlm.nih.gov/source/hsdb/1139'}	id_matching	PUBCHEM_COMPOUND:8449	strong
mf5129	hsdb	{'url': 'https://pubchem.ncbi.nlm.nih.gov/source/hsdb/1140'}	id_matching	PUBCHEM_COMPOUND:24247	odorless
mf5130	hsdb	{'url': 'https://pubchem.ncbi.nlm.nih.gov/source/hsdb/1142'}	id_matching	PUBCHEM_COMPOUND:7321	must
mf5131	hsdb	{'url': 'https://pubchem.ncbi.nlm.nih.gov/source/hsdb/1144'}	id_matching	PUBCHEM_COMPOUND:8461	slight odor
mf5132	hsdb	{'url': 'https://pubchem.ncbi.nlm.nih.gov/source/hsdb/1145'}	id_matching	PUBCHEM_COMPOUND:1480	odorless
mf5133	hsdb	{'url': 'https://pubchem.ncbi.nlm.nih.gov/source/hsdb/1146'}	id_matching	PUBCHEM_COMPOUND:8376	odorless
mf5134	hsdb	{'url': 'https://pubchem.ncbi.nlm.nih.gov/source/hsdb/1148'}	id_matching	PUBCHEM_COMPOUND:4420	slight
mf5135	hsdb	{'url': 'https://pubchem.ncbi.nlm.nih.gov/source/hsdb/1149'}	id_matching	PUBCHEM_COMPOUND:11241	sharp
mf5136	hsdb	{'url': 'https://pubchem.ncbi.nlm.nih.gov/source/hsdb/1149'}	id_matching	PUBCHEM_COMPOUND:11241	disagreeable odor.
mf5137	hsdb	{'url': 'https://pubchem.ncbi.nlm.nih.gov/source/hsdb/1150'}	id_matching	PUBCHEM_COMPOUND:6501	fruity
mf5138	hsdb	{'url': 'https://pubchem.ncbi.nlm.nih.gov/source/hsdb/1151'}	id_matching	PUBCHEM_COMPOUND:15965	acrid, chlorine-like odor.
mf5139	hsdb	{'url': 'https://pubchem.ncbi.nlm.nih.gov/source/hsdb/1152'}	id_matching	PUBCHEM_COMPOUND:31256	faint, pleasant odor
mf5140	hsdb	{'url': 'https://pubchem.ncbi.nlm.nih.gov/source/hsdb/1152'}	id_matching	PUBCHEM_COMPOUND:31256	mint
mf5141	hsdb	{'url': 'https://pubchem.ncbi.nlm.nih.gov/source/hsdb/1156'}	id_matching	PUBCHEM_COMPOUND:7475	faint
mf5142	hsdb	{'url': 'https://pubchem.ncbi.nlm.nih.gov/source/hsdb/1156'}	id_matching	PUBCHEM_COMPOUND:7475	odorless
mf5143	hsdb	{'url': 'https://pubchem.ncbi.nlm.nih.gov/source/hsdb/1156'}	id_matching	PUBCHEM_COMPOUND:7475	slight
mf5144	hsdb	{'url': 'https://pubchem.ncbi.nlm.nih.gov/source/hsdb/1157'}	id_matching	PUBCHEM_COMPOUND:980	odorless
mf5145	hsdb	{'url': 'https://pubchem.ncbi.nlm.nih.gov/source/hsdb/1158'}	id_matching	PUBCHEM_COMPOUND:7473	bitter
mf5146	hsdb	{'url': 'https://pubchem.ncbi.nlm.nih.gov/source/hsdb/1158'}	id_matching	PUBCHEM_COMPOUND:7473	weak aromatic odor
mf5147	hsdb	{'url': 'https://pubchem.ncbi.nlm.nih.gov/source/hsdb/1162'}	id_matching	PUBCHEM_COMPOUND:21954	odorless
mf5148	hsdb	{'url': 'https://pubchem.ncbi.nlm.nih.gov/source/hsdb/1164'}	id_matching	PUBCHEM_COMPOUND:13143	pleasant
mf5149	hsdb	{'url': 'https://pubchem.ncbi.nlm.nih.gov/source/hsdb/1164'}	id_matching	PUBCHEM_COMPOUND:13143	pungent
mf5150	hsdb	{'url': 'https://pubchem.ncbi.nlm.nih.gov/source/hsdb/1165'}	id_matching	PUBCHEM_COMPOUND:12228	unpleasant odor
mf5151	hsdb	{'url': 'https://pubchem.ncbi.nlm.nih.gov/source/hsdb/1168'}	id_matching	PUBCHEM_COMPOUND:4130	garlic
mf5152	hsdb	{'url': 'https://pubchem.ncbi.nlm.nih.gov/source/hsdb/1168'}	id_matching	PUBCHEM_COMPOUND:4130	odorless
mf5153	hsdb	{'url': 'https://pubchem.ncbi.nlm.nih.gov/source/hsdb/1171'}	id_matching	PUBCHEM_COMPOUND:2268	odorless
mf5154	hsdb	{'url': 'https://pubchem.ncbi.nlm.nih.gov/source/hsdb/1173'}	id_matching	PUBCHEM_COMPOUND:4115	slight
mf5155	hsdb	{'url': 'https://pubchem.ncbi.nlm.nih.gov/source/hsdb/1179'}	id_matching	PUBCHEM_COMPOUND:949	amine-like odor
mf5156	hsdb	{'url': 'https://pubchem.ncbi.nlm.nih.gov/source/hsdb/1183'}	id_matching	PUBCHEM_COMPOUND:4790	skunk-like odor
mf5157	hsdb	{'url': 'https://pubchem.ncbi.nlm.nih.gov/source/hsdb/1195'}	id_matching	PUBCHEM_COMPOUND:8858	spearmint
mf5158	hsdb	{'url': 'https://pubchem.ncbi.nlm.nih.gov/source/hsdb/1195'}	id_matching	PUBCHEM_COMPOUND:8858	pleasant
mf5159	hsdb	{'url': 'https://pubchem.ncbi.nlm.nih.gov/source/hsdb/1195'}	id_matching	PUBCHEM_COMPOUND:8858	mint
mf5160	hsdb	{'url': 'https://pubchem.ncbi.nlm.nih.gov/source/hsdb/1202'}	id_matching	PUBCHEM_COMPOUND:525	characteristic
mf5161	hsdb	{'url': 'https://pubchem.ncbi.nlm.nih.gov/source/hsdb/1205'}	id_matching	PUBCHEM_COMPOUND:24819	pungent, unpleasant
mf5162	hsdb	{'url': 'https://pubchem.ncbi.nlm.nih.gov/source/hsdb/1208'}	id_matching	PUBCHEM_COMPOUND:23931	odorless
mf5163	hsdb	{'url': 'https://pubchem.ncbi.nlm.nih.gov/source/hsdb/1209'}	id_matching	PUBCHEM_COMPOUND:11591	odorless
mf5164	hsdb	{'url': 'https://pubchem.ncbi.nlm.nih.gov/source/hsdb/1211'}	id_matching	PUBCHEM_COMPOUND:24485	odorless
mf5165	hsdb	{'url': 'https://pubchem.ncbi.nlm.nih.gov/source/hsdb/1226'}	id_matching	PUBCHEM_COMPOUND:4933	odorless
mf5166	hsdb	{'url': 'https://pubchem.ncbi.nlm.nih.gov/source/hsdb/1227'}	id_matching	PUBCHEM_COMPOUND:24434	odorless
mf5167	hsdb	{'url': 'https://pubchem.ncbi.nlm.nih.gov/source/hsdb/1229'}	id_matching	PUBCHEM_COMPOUND:24402	odorless
mf5168	hsdb	{'url': 'https://pubchem.ncbi.nlm.nih.gov/source/hsdb/1229'}	id_matching	PUBCHEM_COMPOUND:24402	faint
mf5169	hsdb	{'url': 'https://pubchem.ncbi.nlm.nih.gov/source/hsdb/1230'}	id_matching	PUBCHEM_COMPOUND:23676745	characteristic odor
mf5170	hsdb	{'url': 'https://pubchem.ncbi.nlm.nih.gov/source/hsdb/1233'}	id_matching	PUBCHEM_COMPOUND:24404	disagreeable odor like garlic
mf5171	hsdb	{'url': 'https://pubchem.ncbi.nlm.nih.gov/source/hsdb/1233'}	id_matching	PUBCHEM_COMPOUND:24404	almost odorless
mf5172	hsdb	{'url': 'https://pubchem.ncbi.nlm.nih.gov/source/hsdb/1233'}	id_matching	PUBCHEM_COMPOUND:24404	fish
mf5173	hsdb	{'url': 'https://pubchem.ncbi.nlm.nih.gov/source/hsdb/1233'}	id_matching	PUBCHEM_COMPOUND:24404	odorless
mf5174	hsdb	{'url': 'https://pubchem.ncbi.nlm.nih.gov/source/hsdb/1234'}	id_matching	PUBCHEM_COMPOUND:14797	odorless
mf5175	hsdb	{'url': 'https://pubchem.ncbi.nlm.nih.gov/source/hsdb/1238'}	id_matching	PUBCHEM_COMPOUND:24502	odorless
mf5176	hsdb	{'url': 'https://pubchem.ncbi.nlm.nih.gov/source/hsdb/1243'}	id_matching	PUBCHEM_COMPOUND:24542	odorless
mf5177	hsdb	{'url': 'https://pubchem.ncbi.nlm.nih.gov/source/hsdb/1245'}	id_matching	PUBCHEM_COMPOUND:9032	bitter
mf5178	hsdb	{'url': 'https://pubchem.ncbi.nlm.nih.gov/source/hsdb/1245'}	id_matching	PUBCHEM_COMPOUND:9032	... almond-like odor ...
mf5179	hsdb	{'url': 'https://pubchem.ncbi.nlm.nih.gov/source/hsdb/1246'}	id_matching	PUBCHEM_COMPOUND:145068	sweet
mf5180	hsdb	{'url': 'https://pubchem.ncbi.nlm.nih.gov/source/hsdb/1249'}	id_matching	PUBCHEM_COMPOUND:24597	odorless
mf5181	hsdb	{'url': 'https://pubchem.ncbi.nlm.nih.gov/source/hsdb/1253'}	id_matching	PUBCHEM_COMPOUND:23673461	odorless
mf5182	hsdb	{'url': 'https://pubchem.ncbi.nlm.nih.gov/source/hsdb/1254'}	id_matching	PUBCHEM_COMPOUND:24295	unpleasant odor
mf5183	hsdb	{'url': 'https://pubchem.ncbi.nlm.nih.gov/source/hsdb/1262'}	id_matching	PUBCHEM_COMPOUND:11430	odorless
mf5184	hsdb	{'url': 'https://pubchem.ncbi.nlm.nih.gov/source/hsdb/1315'}	id_matching	PUBCHEM_COMPOUND:3423265	faint
mf5185	hsdb	{'url': 'https://pubchem.ncbi.nlm.nih.gov/source/hsdb/1315'}	id_matching	PUBCHEM_COMPOUND:3423265	slight characteristic odor
mf5186	hsdb	{'url': 'https://pubchem.ncbi.nlm.nih.gov/source/hsdb/1318'}	id_matching	PUBCHEM_COMPOUND:2723949	slight
mf5187	hsdb	{'url': 'https://pubchem.ncbi.nlm.nih.gov/source/hsdb/1325'}	id_matching	PUBCHEM_COMPOUND:7102	floral odor
mf5188	hsdb	{'url': 'https://pubchem.ncbi.nlm.nih.gov/source/hsdb/1325'}	id_matching	PUBCHEM_COMPOUND:7102	characteristic odor
mf5189	hsdb	{'url': 'https://pubchem.ncbi.nlm.nih.gov/source/hsdb/1327'}	id_matching	PUBCHEM_COMPOUND:6393	odorless
mf5190	hsdb	{'url': 'https://pubchem.ncbi.nlm.nih.gov/source/hsdb/1329'}	id_matching	PUBCHEM_COMPOUND:7902	fishy, amine odor
mf5191	hsdb	{'url': 'https://pubchem.ncbi.nlm.nih.gov/source/hsdb/1329'}	id_matching	PUBCHEM_COMPOUND:7902	fishy odor
mf5192	hsdb	{'url': 'https://pubchem.ncbi.nlm.nih.gov/source/hsdb/1336'}	id_matching	PUBCHEM_COMPOUND:6328	ether
mf5193	hsdb	{'url': 'https://pubchem.ncbi.nlm.nih.gov/source/hsdb/1338'}	id_matching	PUBCHEM_COMPOUND:6028	strong odor
mf5194	hsdb	{'url': 'https://pubchem.ncbi.nlm.nih.gov/source/hsdb/1340'}	id_matching	PUBCHEM_COMPOUND:7285	chloroform like odor
mf5195	hsdb	{'url': 'https://pubchem.ncbi.nlm.nih.gov/source/hsdb/1401'}	id_matching	PUBCHEM_COMPOUND:2723790	odorless
mf5196	hsdb	{'url': 'https://pubchem.ncbi.nlm.nih.gov/source/hsdb/1402'}	id_matching	PUBCHEM_COMPOUND:24744	odorless
mf5197	hsdb	{'url': 'https://pubchem.ncbi.nlm.nih.gov/source/hsdb/1403'}	id_matching	PUBCHEM_COMPOUND:3346	slight
mf5198	hsdb	{'url': 'https://pubchem.ncbi.nlm.nih.gov/source/hsdb/1405'}	id_matching	PUBCHEM_COMPOUND:6099	slight odor
mf5199	hsdb	{'url': 'https://pubchem.ncbi.nlm.nih.gov/source/hsdb/1412'}	id_matching	PUBCHEM_COMPOUND:6574	pleasant odor
mf5200	hsdb	{'url': 'https://pubchem.ncbi.nlm.nih.gov/source/hsdb/1412'}	id_matching	PUBCHEM_COMPOUND:6574	sweet, pleasant odor, like chloroform
mf5201	hsdb	{'url': 'https://pubchem.ncbi.nlm.nih.gov/source/hsdb/1413'}	id_matching	PUBCHEM_COMPOUND:7933	phenol
mf5202	hsdb	{'url': 'https://pubchem.ncbi.nlm.nih.gov/source/hsdb/1413'}	id_matching	PUBCHEM_COMPOUND:7933	strong
mf5203	hsdb	{'url': 'https://pubchem.ncbi.nlm.nih.gov/source/hsdb/1414'}	id_matching	PUBCHEM_COMPOUND:4684	phenolic
mf5204	hsdb	{'url': 'https://pubchem.ncbi.nlm.nih.gov/source/hsdb/1414'}	id_matching	PUBCHEM_COMPOUND:4684	penetrating odor
mf5205	hsdb	{'url': 'https://pubchem.ncbi.nlm.nih.gov/source/hsdb/1415'}	id_matching	PUBCHEM_COMPOUND:7245	penetrating odor
mf5206	hsdb	{'url': 'https://pubchem.ncbi.nlm.nih.gov/source/hsdb/1418'}	id_matching	PUBCHEM_COMPOUND:22188	odorless
mf5207	hsdb	{'url': 'https://pubchem.ncbi.nlm.nih.gov/source/hsdb/1421'}	id_matching	PUBCHEM_COMPOUND:6581	pleasant
mf5208	hsdb	{'url': 'https://pubchem.ncbi.nlm.nih.gov/source/hsdb/1426'}	id_matching	PUBCHEM_COMPOUND:25041	odorless
mf5209	hsdb	{'url': 'https://pubchem.ncbi.nlm.nih.gov/source/hsdb/1432'}	id_matching	PUBCHEM_COMPOUND:7628	odorless
mf5210	hsdb	{'url': 'https://pubchem.ncbi.nlm.nih.gov/source/hsdb/1434'}	id_matching	PUBCHEM_COMPOUND:12665	garlic-like
mf5211	hsdb	{'url': 'https://pubchem.ncbi.nlm.nih.gov/source/hsdb/1436'}	id_matching	PUBCHEM_COMPOUND:289	faint characteristic odor
mf5212	hsdb	{'url': 'https://pubchem.ncbi.nlm.nih.gov/source/hsdb/1436'}	id_matching	PUBCHEM_COMPOUND:289	phenolic odor
mf5213	hsdb	{'url': 'https://pubchem.ncbi.nlm.nih.gov/source/hsdb/1445'}	id_matching	PUBCHEM_COMPOUND:6950	pungent odor
mf5214	hsdb	{'url': 'https://pubchem.ncbi.nlm.nih.gov/source/hsdb/1503'}	id_matching	PUBCHEM_COMPOUND:5280970	chloroform like odor
mf5215	hsdb	{'url': 'https://pubchem.ncbi.nlm.nih.gov/source/hsdb/1503'}	id_matching	PUBCHEM_COMPOUND:5280970	irritating odor
mf5216	hsdb	{'url': 'https://pubchem.ncbi.nlm.nih.gov/source/hsdb/1504'}	id_matching	PUBCHEM_COMPOUND:24726	chloroform like odor
mf5217	hsdb	{'url': 'https://pubchem.ncbi.nlm.nih.gov/source/hsdb/1504'}	id_matching	PUBCHEM_COMPOUND:24726	penetrating odor
mf5218	hsdb	{'url': 'https://pubchem.ncbi.nlm.nih.gov/source/hsdb/1505'}	id_matching	PUBCHEM_COMPOUND:262	odorless
mf5219	hsdb	{'url': 'https://pubchem.ncbi.nlm.nih.gov/source/hsdb/1510'}	id_matching	PUBCHEM_COMPOUND:9570071	slightly sulfurous odor
mf5220	hsdb	{'url': 'https://pubchem.ncbi.nlm.nih.gov/source/hsdb/1512'}	id_matching	PUBCHEM_COMPOUND:736366	odorless
mf5221	hsdb	{'url': 'https://pubchem.ncbi.nlm.nih.gov/source/hsdb/1514'}	id_matching	PUBCHEM_COMPOUND:7551	odorless
mf5222	hsdb	{'url': 'https://pubchem.ncbi.nlm.nih.gov/source/hsdb/1518'}	id_matching	PUBCHEM_COMPOUND:10234	faint aromatic odor
mf5223	hsdb	{'url': 'https://pubchem.ncbi.nlm.nih.gov/source/hsdb/1522'}	id_matching	PUBCHEM_COMPOUND:9411	odorless
mf5224	hsdb	{'url': 'https://pubchem.ncbi.nlm.nih.gov/source/hsdb/1523'}	id_matching	PUBCHEM_COMPOUND:15531	odorless
mf5225	hsdb	{'url': 'https://pubchem.ncbi.nlm.nih.gov/source/hsdb/1526'}	id_matching	PUBCHEM_COMPOUND:10760	aromatic odor
mf5226	hsdb	{'url': 'https://pubchem.ncbi.nlm.nih.gov/source/hsdb/1530'}	id_matching	PUBCHEM_COMPOUND:2566	odorless
mf5227	hsdb	{'url': 'https://pubchem.ncbi.nlm.nih.gov/source/hsdb/1530'}	id_matching	PUBCHEM_COMPOUND:2566	slight
mf5228	hsdb	{'url': 'https://pubchem.ncbi.nlm.nih.gov/source/hsdb/1536'}	id_matching	PUBCHEM_COMPOUND:25912	mild odor
mf5229	hsdb	{'url': 'https://pubchem.ncbi.nlm.nih.gov/source/hsdb/1537'}	id_matching	PUBCHEM_COMPOUND:22544	amine-like odor
mf5230	hsdb	{'url': 'https://pubchem.ncbi.nlm.nih.gov/source/hsdb/1540'}	id_matching	PUBCHEM_COMPOUND:5377791	mild odor
mf5231	hsdb	{'url': 'https://pubchem.ncbi.nlm.nih.gov/source/hsdb/1541'}	id_matching	PUBCHEM_COMPOUND:13836	amine
mf5232	hsdb	{'url': 'https://pubchem.ncbi.nlm.nih.gov/source/hsdb/1541'}	id_matching	PUBCHEM_COMPOUND:13836	fish-like odor when warm
mf5233	hsdb	{'url': 'https://pubchem.ncbi.nlm.nih.gov/source/hsdb/1542'}	id_matching	PUBCHEM_COMPOUND:17581	must
mf5234	hsdb	{'url': 'https://pubchem.ncbi.nlm.nih.gov/source/hsdb/1546'}	id_matching	PUBCHEM_COMPOUND:15910	odorless
mf5235	hsdb	{'url': 'https://pubchem.ncbi.nlm.nih.gov/source/hsdb/1548'}	id_matching	PUBCHEM_COMPOUND:16693908	odorless
mf5236	hsdb	{'url': 'https://pubchem.ncbi.nlm.nih.gov/source/hsdb/1553'}	id_matching	PUBCHEM_COMPOUND:16554	odorless
mf5237	hsdb	{'url': 'https://pubchem.ncbi.nlm.nih.gov/source/hsdb/1554'}	id_matching	PUBCHEM_COMPOUND:17516	almost odorless
mf5238	hsdb	{'url': 'https://pubchem.ncbi.nlm.nih.gov/source/hsdb/1558'}	id_matching	PUBCHEM_COMPOUND:299	odorless
mf5239	hsdb	{'url': 'https://pubchem.ncbi.nlm.nih.gov/source/hsdb/1568'}	id_matching	PUBCHEM_COMPOUND:28935	mild odor
mf5240	hsdb	{'url': 'https://pubchem.ncbi.nlm.nih.gov/source/hsdb/1570'}	id_matching	PUBCHEM_COMPOUND:7430	odorless
mf5241	hsdb	{'url': 'https://pubchem.ncbi.nlm.nih.gov/source/hsdb/1575'}	id_matching	PUBCHEM_COMPOUND:8427	odorless
mf5242	hsdb	{'url': 'https://pubchem.ncbi.nlm.nih.gov/source/hsdb/1575'}	id_matching	PUBCHEM_COMPOUND:8427	phenolic odor
mf5243	hsdb	{'url': 'https://pubchem.ncbi.nlm.nih.gov/source/hsdb/1582'}	id_matching	PUBCHEM_COMPOUND:4284	faint, characteristic odor
mf5244	hsdb	{'url': 'https://pubchem.ncbi.nlm.nih.gov/source/hsdb/1583'}	id_matching	PUBCHEM_COMPOUND:18771	odorless
mf5245	hsdb	{'url': 'https://pubchem.ncbi.nlm.nih.gov/source/hsdb/1584'}	id_matching	PUBCHEM_COMPOUND:15530	faint
mf5246	hsdb	{'url': 'https://pubchem.ncbi.nlm.nih.gov/source/hsdb/1584'}	id_matching	PUBCHEM_COMPOUND:15530	odorless
mf5247	hsdb	{'url': 'https://pubchem.ncbi.nlm.nih.gov/source/hsdb/1585'}	id_matching	PUBCHEM_COMPOUND:9738	odorless
mf5248	hsdb	{'url': 'https://pubchem.ncbi.nlm.nih.gov/source/hsdb/1586'}	id_matching	PUBCHEM_COMPOUND:3082	camphor-like odor
mf5249	hsdb	{'url': 'https://pubchem.ncbi.nlm.nih.gov/source/hsdb/1586'}	id_matching	PUBCHEM_COMPOUND:3082	mercaptan odor
mf5250	hsdb	{'url': 'https://pubchem.ncbi.nlm.nih.gov/source/hsdb/1587'}	id_matching	PUBCHEM_COMPOUND:17345	odorless
mf5251	hsdb	{'url': 'https://pubchem.ncbi.nlm.nih.gov/source/hsdb/1590'}	id_matching	PUBCHEM_COMPOUND:31200	faint characteristic odor
mf5252	hsdb	{'url': 'https://pubchem.ncbi.nlm.nih.gov/source/hsdb/1591'}	id_matching	PUBCHEM_COMPOUND:5371562	mild
mf5253	hsdb	{'url': 'https://pubchem.ncbi.nlm.nih.gov/source/hsdb/1592'}	id_matching	PUBCHEM_COMPOUND:5371578	mild
mf5254	hsdb	{'url': 'https://pubchem.ncbi.nlm.nih.gov/source/hsdb/1593'}	id_matching	PUBCHEM_COMPOUND:4096	mercaptan odor
mf5255	hsdb	{'url': 'https://pubchem.ncbi.nlm.nih.gov/source/hsdb/1595'}	id_matching	PUBCHEM_COMPOUND:31343	slight
mf5256	hsdb	{'url': 'https://pubchem.ncbi.nlm.nih.gov/source/hsdb/1596'}	id_matching	PUBCHEM_COMPOUND:10800	odorless
mf5257	hsdb	{'url': 'https://pubchem.ncbi.nlm.nih.gov/source/hsdb/1598'}	id_matching	PUBCHEM_COMPOUND:14994	phenol
mf5258	hsdb	{'url': 'https://pubchem.ncbi.nlm.nih.gov/source/hsdb/1603'}	id_matching	PUBCHEM_COMPOUND:7732	amine-like odor
mf5259	hsdb	{'url': 'https://pubchem.ncbi.nlm.nih.gov/source/hsdb/1605'}	id_matching	PUBCHEM_COMPOUND:6093286	odorless
mf5260	hsdb	{'url': 'https://pubchem.ncbi.nlm.nih.gov/source/hsdb/1606'}	id_matching	PUBCHEM_COMPOUND:727	musty
mf5261	hsdb	{'url': 'https://pubchem.ncbi.nlm.nih.gov/source/hsdb/1607'}	id_matching	PUBCHEM_COMPOUND:14775	odorless
mf5262	hsdb	{'url': 'https://pubchem.ncbi.nlm.nih.gov/source/hsdb/1615'}	id_matching	PUBCHEM_COMPOUND:14778	odorless
mf5263	hsdb	{'url': 'https://pubchem.ncbi.nlm.nih.gov/source/hsdb/1618'}	id_matching	PUBCHEM_COMPOUND:31369	ether
mf5264	hsdb	{'url': 'https://pubchem.ncbi.nlm.nih.gov/source/hsdb/1622'}	id_matching	PUBCHEM_COMPOUND:23978	odorless
mf5265	hsdb	{'url': 'https://pubchem.ncbi.nlm.nih.gov/source/hsdb/1624'}	id_matching	PUBCHEM_COMPOUND:8079	sweet odor
mf5266	hsdb	{'url': 'https://pubchem.ncbi.nlm.nih.gov/source/hsdb/1628'}	id_matching	PUBCHEM_COMPOUND:9550	must
mf5267	hsdb	{'url': 'https://pubchem.ncbi.nlm.nih.gov/source/hsdb/1629'}	id_matching	PUBCHEM_COMPOUND:7280	pungent odor
mf5268	hsdb	{'url': 'https://pubchem.ncbi.nlm.nih.gov/source/hsdb/1629'}	id_matching	PUBCHEM_COMPOUND:7280	pungent
mf5269	hsdb	{'url': 'https://pubchem.ncbi.nlm.nih.gov/source/hsdb/1635'}	id_matching	PUBCHEM_COMPOUND:7765	woody
mf5270	hsdb	{'url': 'https://pubchem.ncbi.nlm.nih.gov/source/hsdb/1636'}	id_matching	PUBCHEM_COMPOUND:6163	peppermint odor
mf5271	hsdb	{'url': 'https://pubchem.ncbi.nlm.nih.gov/source/hsdb/1636'}	id_matching	PUBCHEM_COMPOUND:6163	faint
mf5272	hsdb	{'url': 'https://pubchem.ncbi.nlm.nih.gov/source/hsdb/1637'}	id_matching	PUBCHEM_COMPOUND:5371560	mild
mf5273	hsdb	{'url': 'https://pubchem.ncbi.nlm.nih.gov/source/hsdb/1641'}	id_matching	PUBCHEM_COMPOUND:8554	slight, aromatic odor
mf5274	hsdb	{'url': 'https://pubchem.ncbi.nlm.nih.gov/source/hsdb/1642'}	id_matching	PUBCHEM_COMPOUND:10788	pungent
mf5275	hsdb	{'url': 'https://pubchem.ncbi.nlm.nih.gov/source/hsdb/1643'}	id_matching	PUBCHEM_COMPOUND:2723650	faint
mf5276	hsdb	{'url': 'https://pubchem.ncbi.nlm.nih.gov/source/hsdb/1645'}	id_matching	PUBCHEM_COMPOUND:86289068	odorless
mf5277	hsdb	{'url': 'https://pubchem.ncbi.nlm.nih.gov/source/hsdb/1648'}	id_matching	PUBCHEM_COMPOUND:24572	odorless
mf5278	hsdb	{'url': 'https://pubchem.ncbi.nlm.nih.gov/source/hsdb/1650'}	id_matching	PUBCHEM_COMPOUND:24460	odorless
mf5279	hsdb	{'url': 'https://pubchem.ncbi.nlm.nih.gov/source/hsdb/1654'}	id_matching	PUBCHEM_COMPOUND:7515	ammonia
mf5280	hsdb	{'url': 'https://pubchem.ncbi.nlm.nih.gov/source/hsdb/1655'}	id_matching	PUBCHEM_COMPOUND:28780	faint
mf5281	hsdb	{'url': 'https://pubchem.ncbi.nlm.nih.gov/source/hsdb/1659'}	id_matching	PUBCHEM_COMPOUND:16945	odorless
mf5282	hsdb	{'url': 'https://pubchem.ncbi.nlm.nih.gov/source/hsdb/1661'}	id_matching	PUBCHEM_COMPOUND:14802	quinone odor
mf5283	hsdb	{'url': 'https://pubchem.ncbi.nlm.nih.gov/source/hsdb/1665'}	id_matching	PUBCHEM_COMPOUND:944	characteristic odor
mf5284	hsdb	{'url': 'https://pubchem.ncbi.nlm.nih.gov/source/hsdb/1665'}	id_matching	PUBCHEM_COMPOUND:944	sweet
mf5285	hsdb	{'url': 'https://pubchem.ncbi.nlm.nih.gov/source/hsdb/1666'}	id_matching	PUBCHEM_COMPOUND:7474	sweet odor
mf5286	hsdb	{'url': 'https://pubchem.ncbi.nlm.nih.gov/source/hsdb/1667'}	id_matching	PUBCHEM_COMPOUND:6124	faint, characteristic odor
mf5287	hsdb	{'url': 'https://pubchem.ncbi.nlm.nih.gov/source/hsdb/1668'}	id_matching	PUBCHEM_COMPOUND:15939	odorless
mf5288	hsdb	{'url': 'https://pubchem.ncbi.nlm.nih.gov/source/hsdb/1670'}	id_matching	PUBCHEM_COMPOUND:16682730	odorless
mf5289	hsdb	{'url': 'https://pubchem.ncbi.nlm.nih.gov/source/hsdb/1677'}	id_matching	PUBCHEM_COMPOUND:6394	fruity odor
mf5290	hsdb	{'url': 'https://pubchem.ncbi.nlm.nih.gov/source/hsdb/1678'}	id_matching	PUBCHEM_COMPOUND:31357	odorless
mf5291	hsdb	{'url': 'https://pubchem.ncbi.nlm.nih.gov/source/hsdb/1708'}	id_matching	PUBCHEM_COMPOUND:17435	aromatic
mf5292	hsdb	{'url': 'https://pubchem.ncbi.nlm.nih.gov/source/hsdb/1709'}	id_matching	PUBCHEM_COMPOUND:17432	mild
mf5293	hsdb	{'url': 'https://pubchem.ncbi.nlm.nih.gov/source/hsdb/1711'}	id_matching	PUBCHEM_COMPOUND:8297	slight, aromatic odor
mf5294	hsdb	{'url': 'https://pubchem.ncbi.nlm.nih.gov/source/hsdb/1712'}	id_matching	PUBCHEM_COMPOUND:14337	aromatic
mf5295	hsdb	{'url': 'https://pubchem.ncbi.nlm.nih.gov/source/hsdb/1714'}	id_matching	PUBCHEM_COMPOUND:16181	aromatic odor
mf5296	hsdb	{'url': 'https://pubchem.ncbi.nlm.nih.gov/source/hsdb/1716'}	id_matching	PUBCHEM_COMPOUND:7211	odorless
mf5297	hsdb	{'url': 'https://pubchem.ncbi.nlm.nih.gov/source/hsdb/1717'}	id_matching	PUBCHEM_COMPOUND:13676	aromatic
mf5298	hsdb	{'url': 'https://pubchem.ncbi.nlm.nih.gov/source/hsdb/1717'}	id_matching	PUBCHEM_COMPOUND:13676	pungent
mf5299	hsdb	{'url': 'https://pubchem.ncbi.nlm.nih.gov/source/hsdb/1721'}	id_matching	PUBCHEM_COMPOUND:16562	odorless
mf5300	hsdb	{'url': 'https://pubchem.ncbi.nlm.nih.gov/source/hsdb/1722'}	id_matching	PUBCHEM_COMPOUND:441140	odorless
mf5301	hsdb	{'url': 'https://pubchem.ncbi.nlm.nih.gov/source/hsdb/1723'}	id_matching	PUBCHEM_COMPOUND:8303	must
mf5302	hsdb	{'url': 'https://pubchem.ncbi.nlm.nih.gov/source/hsdb/1725'}	id_matching	PUBCHEM_COMPOUND:54678504	odorless
mf5303	hsdb	{'url': 'https://pubchem.ncbi.nlm.nih.gov/source/hsdb/1733'}	id_matching	PUBCHEM_COMPOUND:9502	odorless
mf5304	hsdb	{'url': 'https://pubchem.ncbi.nlm.nih.gov/source/hsdb/1734'}	id_matching	PUBCHEM_COMPOUND:12901	offensive
mf5305	hsdb	{'url': 'https://pubchem.ncbi.nlm.nih.gov/source/hsdb/1735'}	id_matching	PUBCHEM_COMPOUND:61021	menthol
mf5306	hsdb	{'url': 'https://pubchem.ncbi.nlm.nih.gov/source/hsdb/1738'}	id_matching	PUBCHEM_COMPOUND:7153	odorless
mf5307	hsdb	{'url': 'https://pubchem.ncbi.nlm.nih.gov/source/hsdb/1740'}	id_matching	PUBCHEM_COMPOUND:17109	odorless
mf5308	hsdb	{'url': 'https://pubchem.ncbi.nlm.nih.gov/source/hsdb/1742'}	id_matching	PUBCHEM_COMPOUND:8594	unpleasant
mf5309	hsdb	{'url': 'https://pubchem.ncbi.nlm.nih.gov/source/hsdb/1746'}	id_matching	PUBCHEM_COMPOUND:8442	sweet
mf5310	hsdb	{'url': 'https://pubchem.ncbi.nlm.nih.gov/source/hsdb/1749'}	id_matching	PUBCHEM_COMPOUND:6720	must
mf5311	hsdb	{'url': 'https://pubchem.ncbi.nlm.nih.gov/source/hsdb/1751'}	id_matching	PUBCHEM_COMPOUND:15643	odorless
mf5312	hsdb	{'url': 'https://pubchem.ncbi.nlm.nih.gov/source/hsdb/1753'}	id_matching	PUBCHEM_COMPOUND:7017	characteristic odor
mf5313	hsdb	{'url': 'https://pubchem.ncbi.nlm.nih.gov/source/hsdb/1753'}	id_matching	PUBCHEM_COMPOUND:7017	sweet
mf5314	hsdb	{'url': 'https://pubchem.ncbi.nlm.nih.gov/source/hsdb/1753'}	id_matching	PUBCHEM_COMPOUND:7017	phenolic odor
mf5315	hsdb	{'url': 'https://pubchem.ncbi.nlm.nih.gov/source/hsdb/1754'}	id_matching	PUBCHEM_COMPOUND:3032604	faint odor
mf5316	hsdb	{'url': 'https://pubchem.ncbi.nlm.nih.gov/source/hsdb/1755'}	id_matching	PUBCHEM_COMPOUND:5794	odorless
mf5317	hsdb	{'url': 'https://pubchem.ncbi.nlm.nih.gov/source/hsdb/1755'}	id_matching	PUBCHEM_COMPOUND:5794	mild odor
mf5318	hsdb	{'url': 'https://pubchem.ncbi.nlm.nih.gov/source/hsdb/1759'}	id_matching	PUBCHEM_COMPOUND:15546	odorless
mf5319	hsdb	{'url': 'https://pubchem.ncbi.nlm.nih.gov/source/hsdb/1761'}	id_matching	PUBCHEM_COMPOUND:7159	odorless
mf5320	hsdb	{'url': 'https://pubchem.ncbi.nlm.nih.gov/source/hsdb/1762'}	id_matching	PUBCHEM_COMPOUND:6758	odorless
mf5321	hsdb	{'url': 'https://pubchem.ncbi.nlm.nih.gov/source/hsdb/1764'}	id_matching	PUBCHEM_COMPOUND:16116	odorless
mf5322	hsdb	{'url': 'https://pubchem.ncbi.nlm.nih.gov/source/hsdb/1766'}	id_matching	PUBCHEM_COMPOUND:5235	odorless
mf5323	hsdb	{'url': 'https://pubchem.ncbi.nlm.nih.gov/source/hsdb/30'}	id_matching	PUBCHEM_COMPOUND:4510	sweet
mf5324	hsdb	{'url': 'https://pubchem.ncbi.nlm.nih.gov/source/hsdb/34'}	id_matching	PUBCHEM_COMPOUND:807	sharp
mf5325	hsdb	{'url': 'https://pubchem.ncbi.nlm.nih.gov/source/hsdb/43'}	id_matching	PUBCHEM_COMPOUND:6115	burning taste
mf5326	hsdb	{'url': 'https://pubchem.ncbi.nlm.nih.gov/source/hsdb/45'}	id_matching	PUBCHEM_COMPOUND:7505	sharp
mf5327	hsdb	{'url': 'https://pubchem.ncbi.nlm.nih.gov/source/hsdb/51'}	id_matching	PUBCHEM_COMPOUND:8146	bitter
mf5328	hsdb	{'url': 'https://pubchem.ncbi.nlm.nih.gov/source/hsdb/54'}	id_matching	PUBCHEM_COMPOUND:8076	slightly bitter
mf5329	hsdb	{'url': 'https://pubchem.ncbi.nlm.nih.gov/source/hsdb/56'}	id_matching	PUBCHEM_COMPOUND:6212	sweet taste
mf5330	hsdb	{'url': 'https://pubchem.ncbi.nlm.nih.gov/source/hsdb/65'}	id_matching	PUBCHEM_COMPOUND:11	sweet taste
mf5331	hsdb	{'url': 'https://pubchem.ncbi.nlm.nih.gov/source/hsdb/69'}	id_matching	PUBCHEM_COMPOUND:8117	sweet
mf5332	hsdb	{'url': 'https://pubchem.ncbi.nlm.nih.gov/source/hsdb/70'}	id_matching	PUBCHEM_COMPOUND:3283	sweet
mf5333	hsdb	{'url': 'https://pubchem.ncbi.nlm.nih.gov/source/hsdb/96'}	id_matching	PUBCHEM_COMPOUND:8134	bitter
mf5334	hsdb	{'url': 'https://pubchem.ncbi.nlm.nih.gov/source/hsdb/97'}	id_matching	PUBCHEM_COMPOUND:8019	bitter
mf5335	hsdb	{'url': 'https://pubchem.ncbi.nlm.nih.gov/source/hsdb/104'}	id_matching	PUBCHEM_COMPOUND:7416	sweet
mf5336	hsdb	{'url': 'https://pubchem.ncbi.nlm.nih.gov/source/hsdb/122'}	id_matching	PUBCHEM_COMPOUND:31347	slightly bitter taste
mf5337	hsdb	{'url': 'https://pubchem.ncbi.nlm.nih.gov/source/hsdb/133'}	id_matching	PUBCHEM_COMPOUND:6575	burning taste
mf5338	hsdb	{'url': 'https://pubchem.ncbi.nlm.nih.gov/source/hsdb/153'}	id_matching	PUBCHEM_COMPOUND:7896	sweet
mf5339	hsdb	{'url': 'https://pubchem.ncbi.nlm.nih.gov/source/hsdb/161'}	id_matching	PUBCHEM_COMPOUND:7997	pleasant
mf5340	hsdb	{'url': 'https://pubchem.ncbi.nlm.nih.gov/source/hsdb/163'}	id_matching	PUBCHEM_COMPOUND:1176	has cooling, saline taste
mf5341	hsdb	{'url': 'https://pubchem.ncbi.nlm.nih.gov/source/hsdb/167'}	id_matching	PUBCHEM_COMPOUND:297	tasteless
mf5342	hsdb	{'url': 'https://pubchem.ncbi.nlm.nih.gov/source/hsdb/168'}	id_matching	PUBCHEM_COMPOUND:6325	tasteless
mf5343	hsdb	{'url': 'https://pubchem.ncbi.nlm.nih.gov/source/hsdb/174'}	id_matching	PUBCHEM_COMPOUND:1030	tasteless
mf5344	hsdb	{'url': 'https://pubchem.ncbi.nlm.nih.gov/source/hsdb/187'}	id_matching	PUBCHEM_COMPOUND:7768	unpleasant
mf5345	hsdb	{'url': 'https://pubchem.ncbi.nlm.nih.gov/source/hsdb/188'}	id_matching	PUBCHEM_COMPOUND:196	tart taste
mf5346	hsdb	{'url': 'https://pubchem.ncbi.nlm.nih.gov/source/hsdb/188'}	id_matching	PUBCHEM_COMPOUND:196	sour
mf5347	hsdb	{'url': 'https://pubchem.ncbi.nlm.nih.gov/source/hsdb/207'}	id_matching	PUBCHEM_COMPOUND:25514	pungent
mf5348	hsdb	{'url': 'https://pubchem.ncbi.nlm.nih.gov/source/hsdb/214'}	id_matching	PUBCHEM_COMPOUND:2724385	bitter
mf5349	hsdb	{'url': 'https://pubchem.ncbi.nlm.nih.gov/source/hsdb/215'}	id_matching	PUBCHEM_COMPOUND:441207	bitter
mf5350	hsdb	{'url': 'https://pubchem.ncbi.nlm.nih.gov/source/hsdb/218'}	id_matching	PUBCHEM_COMPOUND:38853	tasteless
mf5351	hsdb	{'url': 'https://pubchem.ncbi.nlm.nih.gov/source/hsdb/222'}	id_matching	PUBCHEM_COMPOUND:2707	slightly bitter taste
mf5352	hsdb	{'url': 'https://pubchem.ncbi.nlm.nih.gov/source/hsdb/224'}	id_matching	PUBCHEM_COMPOUND:3598	tasteless
mf5353	hsdb	{'url': 'https://pubchem.ncbi.nlm.nih.gov/source/hsdb/227'}	id_matching	PUBCHEM_COMPOUND:5147	bitter
mf5354	hsdb	{'url': 'https://pubchem.ncbi.nlm.nih.gov/source/hsdb/284'}	id_matching	PUBCHEM_COMPOUND:6819	tasteless
mf5355	hsdb	{'url': 'https://pubchem.ncbi.nlm.nih.gov/source/hsdb/290'}	id_matching	PUBCHEM_COMPOUND:8012	bitter
mf5356	hsdb	{'url': 'https://pubchem.ncbi.nlm.nih.gov/source/hsdb/291'}	id_matching	PUBCHEM_COMPOUND:122903	tasteless
mf5357	hsdb	{'url': 'https://pubchem.ncbi.nlm.nih.gov/source/hsdb/296'}	id_matching	PUBCHEM_COMPOUND:131204	slightly bitter taste
mf5358	hsdb	{'url': 'https://pubchem.ncbi.nlm.nih.gov/source/hsdb/301'}	id_matching	PUBCHEM_COMPOUND:24540	has cooling, saline taste
mf5359	hsdb	{'url': 'https://pubchem.ncbi.nlm.nih.gov/source/hsdb/307'}	id_matching	PUBCHEM_COMPOUND:442021	very bitter taste
mf5360	hsdb	{'url': 'https://pubchem.ncbi.nlm.nih.gov/source/hsdb/332'}	id_matching	PUBCHEM_COMPOUND:16682734	tasteless
mf5361	hsdb	{'url': 'https://pubchem.ncbi.nlm.nih.gov/source/hsdb/352'}	id_matching	PUBCHEM_COMPOUND:7773	tasteless
mf5362	hsdb	{'url': 'https://pubchem.ncbi.nlm.nih.gov/source/hsdb/357'}	id_matching	PUBCHEM_COMPOUND:24588	sweetish taste
mf5363	hsdb	{'url': 'https://pubchem.ncbi.nlm.nih.gov/source/hsdb/372'}	id_matching	PUBCHEM_COMPOUND:7187	tasteless
mf5364	hsdb	{'url': 'https://pubchem.ncbi.nlm.nih.gov/source/hsdb/376'}	id_matching	PUBCHEM_COMPOUND:24203	saline taste
mf5365	hsdb	{'url': 'https://pubchem.ncbi.nlm.nih.gov/source/hsdb/416'}	id_matching	PUBCHEM_COMPOUND:8026	fruity taste
mf5366	hsdb	{'url': 'https://pubchem.ncbi.nlm.nih.gov/source/hsdb/416'}	id_matching	PUBCHEM_COMPOUND:8026	sweet
mf5367	hsdb	{'url': 'https://pubchem.ncbi.nlm.nih.gov/source/hsdb/422'}	id_matching	PUBCHEM_COMPOUND:24570	sweet
mf5368	hsdb	{'url': 'https://pubchem.ncbi.nlm.nih.gov/source/hsdb/445'}	id_matching	PUBCHEM_COMPOUND:1549107	weak citrus-lime taste
mf5369	hsdb	{'url': 'https://pubchem.ncbi.nlm.nih.gov/source/hsdb/445'}	id_matching	PUBCHEM_COMPOUND:1549108	weak citrus-lime taste
mf5370	hsdb	{'url': 'https://pubchem.ncbi.nlm.nih.gov/source/hsdb/445'}	id_matching	PUBCHEM_COMPOUND:1549109	weak citrus-lime taste
mf5371	hsdb	{'url': 'https://pubchem.ncbi.nlm.nih.gov/source/hsdb/476'}	id_matching	PUBCHEM_COMPOUND:25487	sharp
mf5372	hsdb	{'url': 'https://pubchem.ncbi.nlm.nih.gov/source/hsdb/483'}	id_matching	PUBCHEM_COMPOUND:25517	cool
mf5373	hsdb	{'url': 'https://pubchem.ncbi.nlm.nih.gov/source/hsdb/488'}	id_matching	PUBCHEM_COMPOUND:7027	sweet taste
mf5374	hsdb	{'url': 'https://pubchem.ncbi.nlm.nih.gov/source/hsdb/489'}	id_matching	PUBCHEM_COMPOUND:107526	sweet
mf5375	hsdb	{'url': 'https://pubchem.ncbi.nlm.nih.gov/source/hsdb/493'}	id_matching	PUBCHEM_COMPOUND:33022	fatty taste
mf5376	hsdb	{'url': 'https://pubchem.ncbi.nlm.nih.gov/source/hsdb/493'}	id_matching	PUBCHEM_COMPOUND:5283468	fatty taste
mf5377	hsdb	{'url': 'https://pubchem.ncbi.nlm.nih.gov/source/hsdb/493'}	id_matching	PUBCHEM_COMPOUND:5364833	fatty taste
mf5378	hsdb	{'url': 'https://pubchem.ncbi.nlm.nih.gov/source/hsdb/493'}	id_matching	PUBCHEM_COMPOUND:11451146	fatty taste
mf5379	hsdb	{'url': 'https://pubchem.ncbi.nlm.nih.gov/source/hsdb/526'}	id_matching	PUBCHEM_COMPOUND:24310	sweet
mf5380	hsdb	{'url': 'https://pubchem.ncbi.nlm.nih.gov/source/hsdb/529'}	id_matching	PUBCHEM_COMPOUND:1493	bitter taste
mf5381	hsdb	{'url': 'https://pubchem.ncbi.nlm.nih.gov/source/hsdb/532'}	id_matching	PUBCHEM_COMPOUND:6332	burning taste
mf5382	hsdb	{'url': 'https://pubchem.ncbi.nlm.nih.gov/source/hsdb/533'}	id_matching	PUBCHEM_COMPOUND:6337	burning taste
mf5383	hsdb	{'url': 'https://pubchem.ncbi.nlm.nih.gov/source/hsdb/566'}	id_matching	PUBCHEM_COMPOUND:3610	astringent taste
mf5384	hsdb	{'url': 'https://pubchem.ncbi.nlm.nih.gov/source/hsdb/567'}	id_matching	PUBCHEM_COMPOUND:8478	very bitter taste
mf5385	hsdb	{'url': 'https://pubchem.ncbi.nlm.nih.gov/source/hsdb/570'}	id_matching	PUBCHEM_COMPOUND:260	sour
mf5386	hsdb	{'url': 'https://pubchem.ncbi.nlm.nih.gov/source/hsdb/580'}	id_matching	PUBCHEM_COMPOUND:70788954	sweetish taste
mf5387	hsdb	{'url': 'https://pubchem.ncbi.nlm.nih.gov/source/hsdb/585'}	id_matching	PUBCHEM_COMPOUND:5541	sweet
mf5388	hsdb	{'url': 'https://pubchem.ncbi.nlm.nih.gov/source/hsdb/585'}	id_matching	PUBCHEM_COMPOUND:5541	bitter taste
mf5389	hsdb	{'url': 'https://pubchem.ncbi.nlm.nih.gov/source/hsdb/606'}	id_matching	PUBCHEM_COMPOUND:8053	pungent aromatic taste
mf5390	hsdb	{'url': 'https://pubchem.ncbi.nlm.nih.gov/source/hsdb/609'}	id_matching	PUBCHEM_COMPOUND:8038	slightly bitter
mf5391	hsdb	{'url': 'https://pubchem.ncbi.nlm.nih.gov/source/hsdb/609'}	id_matching	PUBCHEM_COMPOUND:8038	banana
mf5392	hsdb	{'url': 'https://pubchem.ncbi.nlm.nih.gov/source/hsdb/633'}	id_matching	PUBCHEM_COMPOUND:10038	disagreeable taste
mf5393	hsdb	{'url': 'https://pubchem.ncbi.nlm.nih.gov/source/hsdb/664'}	id_matching	PUBCHEM_COMPOUND:24083	mild, saline, or bitter taste
mf5394	hsdb	{'url': 'https://pubchem.ncbi.nlm.nih.gov/source/hsdb/666'}	id_matching	PUBCHEM_COMPOUND:444266	astringent taste
mf5395	hsdb	{'url': 'https://pubchem.ncbi.nlm.nih.gov/source/hsdb/680'}	id_matching	PUBCHEM_COMPOUND:5951	sweet
mf5396	hsdb	{'url': 'https://pubchem.ncbi.nlm.nih.gov/source/hsdb/685'}	id_matching	PUBCHEM_COMPOUND:24470	very bitter metallic taste
mf5397	hsdb	{'url': 'https://pubchem.ncbi.nlm.nih.gov/source/hsdb/697'}	id_matching	PUBCHEM_COMPOUND:516892	slight
mf5398	hsdb	{'url': 'https://pubchem.ncbi.nlm.nih.gov/source/hsdb/713'}	id_matching	PUBCHEM_COMPOUND:11177	tasteless
mf5399	hsdb	{'url': 'https://pubchem.ncbi.nlm.nih.gov/source/hsdb/724'}	id_matching	PUBCHEM_COMPOUND:23665763	disagreeable taste
mf5400	hsdb	{'url': 'https://pubchem.ncbi.nlm.nih.gov/source/hsdb/729'}	id_matching	PUBCHEM_COMPOUND:6506	bitter taste
mf5401	hsdb	{'url': 'https://pubchem.ncbi.nlm.nih.gov/source/hsdb/750'}	id_matching	PUBCHEM_COMPOUND:5238	bitter
mf5402	hsdb	{'url': 'https://pubchem.ncbi.nlm.nih.gov/source/hsdb/757'}	id_matching	PUBCHEM_COMPOUND:23668193	slight
mf5403	hsdb	{'url': 'https://pubchem.ncbi.nlm.nih.gov/source/hsdb/765'}	id_matching	PUBCHEM_COMPOUND:9357	cool
mf5404	hsdb	{'url': 'https://pubchem.ncbi.nlm.nih.gov/source/hsdb/766'}	id_matching	PUBCHEM_COMPOUND:2723816	slight
mf5405	hsdb	{'url': 'https://pubchem.ncbi.nlm.nih.gov/source/hsdb/778'}	id_matching	PUBCHEM_COMPOUND:3793749	bland
mf5406	hsdb	{'url': 'https://pubchem.ncbi.nlm.nih.gov/source/hsdb/778'}	id_matching	PUBCHEM_COMPOUND:16218600	bland
mf5407	hsdb	{'url': 'https://pubchem.ncbi.nlm.nih.gov/source/hsdb/779'}	id_matching	PUBCHEM_COMPOUND:6323	burning taste
mf5408	hsdb	{'url': 'https://pubchem.ncbi.nlm.nih.gov/source/hsdb/783'}	id_matching	PUBCHEM_COMPOUND:24550	bitter
mf5409	hsdb	{'url': 'https://pubchem.ncbi.nlm.nih.gov/source/hsdb/792'}	id_matching	PUBCHEM_COMPOUND:7922	burning taste
mf5410	hsdb	{'url': 'https://pubchem.ncbi.nlm.nih.gov/source/hsdb/797'}	id_matching	PUBCHEM_COMPOUND:5344	bitter
mf5411	hsdb	{'url': 'https://pubchem.ncbi.nlm.nih.gov/source/hsdb/812'}	id_matching	PUBCHEM_COMPOUND:6351	pungent
mf5412	hsdb	{'url': 'https://pubchem.ncbi.nlm.nih.gov/source/hsdb/817'}	id_matching	PUBCHEM_COMPOUND:493570	bitter
mf5413	hsdb	{'url': 'https://pubchem.ncbi.nlm.nih.gov/source/hsdb/819'}	id_matching	PUBCHEM_COMPOUND:5280793	bitter taste
mf5414	hsdb	{'url': 'https://pubchem.ncbi.nlm.nih.gov/source/hsdb/819'}	id_matching	PUBCHEM_COMPOUND:6536972	bitter taste
mf5415	hsdb	{'url': 'https://pubchem.ncbi.nlm.nih.gov/source/hsdb/825'}	id_matching	PUBCHEM_COMPOUND:17358	tasteless
mf5416	hsdb	{'url': 'https://pubchem.ncbi.nlm.nih.gov/source/hsdb/831'}	id_matching	PUBCHEM_COMPOUND:16131300	astringent taste
mf5417	hsdb	{'url': 'https://pubchem.ncbi.nlm.nih.gov/source/hsdb/845'}	id_matching	PUBCHEM_COMPOUND:8948	pleasant
mf5418	hsdb	{'url': 'https://pubchem.ncbi.nlm.nih.gov/source/hsdb/869'}	id_matching	PUBCHEM_COMPOUND:26042	tasteless
mf5419	hsdb	{'url': 'https://pubchem.ncbi.nlm.nih.gov/source/hsdb/883'}	id_matching	PUBCHEM_COMPOUND:6327	sweet taste
mf5420	hsdb	{'url': 'https://pubchem.ncbi.nlm.nih.gov/source/hsdb/903'}	id_matching	PUBCHEM_COMPOUND:281	tasteless
mf5421	hsdb	{'url': 'https://pubchem.ncbi.nlm.nih.gov/source/hsdb/919'}	id_matching	PUBCHEM_COMPOUND:6093208	slightly bitter taste
mf5422	hsdb	{'url': 'https://pubchem.ncbi.nlm.nih.gov/source/hsdb/943'}	id_matching	PUBCHEM_COMPOUND:8025	slightly bitter taste
mf5423	hsdb	{'url': 'https://pubchem.ncbi.nlm.nih.gov/source/hsdb/950'}	id_matching	PUBCHEM_COMPOUND:10563	tasteless
mf5424	hsdb	{'url': 'https://pubchem.ncbi.nlm.nih.gov/source/hsdb/965'}	id_matching	PUBCHEM_COMPOUND:14779	tasteless
mf5425	hsdb	{'url': 'https://pubchem.ncbi.nlm.nih.gov/source/hsdb/992'}	id_matching	PUBCHEM_COMPOUND:24441	tasteless
mf5426	hsdb	{'url': 'https://pubchem.ncbi.nlm.nih.gov/source/hsdb/994'}	id_matching	PUBCHEM_COMPOUND:9290	tasteless
mf5427	hsdb	{'url': 'https://pubchem.ncbi.nlm.nih.gov/source/hsdb/1005'}	id_matching	PUBCHEM_COMPOUND:24439	tasteless
mf5428	hsdb	{'url': 'https://pubchem.ncbi.nlm.nih.gov/source/hsdb/1077'}	id_matching	PUBCHEM_COMPOUND:8129	spicy, pungent taste
mf5429	hsdb	{'url': 'https://pubchem.ncbi.nlm.nih.gov/source/hsdb/1129'}	id_matching	PUBCHEM_COMPOUND:31245	oily
mf5430	hsdb	{'url': 'https://pubchem.ncbi.nlm.nih.gov/source/hsdb/1133'}	id_matching	PUBCHEM_COMPOUND:6947	sweet taste
mf5431	hsdb	{'url': 'https://pubchem.ncbi.nlm.nih.gov/source/hsdb/1150'}	id_matching	PUBCHEM_COMPOUND:6501	strawberry
mf5432	hsdb	{'url': 'https://pubchem.ncbi.nlm.nih.gov/source/hsdb/1150'}	id_matching	PUBCHEM_COMPOUND:6501	berry
mf5433	hsdb	{'url': 'https://pubchem.ncbi.nlm.nih.gov/source/hsdb/1156'}	id_matching	PUBCHEM_COMPOUND:7475	burning taste
mf5434	hsdb	{'url': 'https://pubchem.ncbi.nlm.nih.gov/source/hsdb/1157'}	id_matching	PUBCHEM_COMPOUND:980	sweet
mf5435	hsdb	{'url': 'https://pubchem.ncbi.nlm.nih.gov/source/hsdb/1164'}	id_matching	PUBCHEM_COMPOUND:13143	sweet
mf5436	hsdb	{'url': 'https://pubchem.ncbi.nlm.nih.gov/source/hsdb/1195'}	id_matching	PUBCHEM_COMPOUND:8858	oily
mf5437	hsdb	{'url': 'https://pubchem.ncbi.nlm.nih.gov/source/hsdb/1202'}	id_matching	PUBCHEM_COMPOUND:525	tart
mf5438	hsdb	{'url': 'https://pubchem.ncbi.nlm.nih.gov/source/hsdb/1202'}	id_matching	PUBCHEM_COMPOUND:525	sour
mf5439	hsdb	{'url': 'https://pubchem.ncbi.nlm.nih.gov/source/hsdb/1211'}	id_matching	PUBCHEM_COMPOUND:24485	tasteless
mf5440	hsdb	{'url': 'https://pubchem.ncbi.nlm.nih.gov/source/hsdb/1212'}	id_matching	PUBCHEM_COMPOUND:6019	bitter taste
mf5441	hsdb	{'url': 'https://pubchem.ncbi.nlm.nih.gov/source/hsdb/1227'}	id_matching	PUBCHEM_COMPOUND:24434	cool
mf5442	hsdb	{'url': 'https://pubchem.ncbi.nlm.nih.gov/source/hsdb/1238'}	id_matching	PUBCHEM_COMPOUND:24502	very bitter metallic taste
mf5443	hsdb	{'url': 'https://pubchem.ncbi.nlm.nih.gov/source/hsdb/1249'}	id_matching	PUBCHEM_COMPOUND:24597	disagreeable taste
mf5444	hsdb	{'url': 'https://pubchem.ncbi.nlm.nih.gov/source/hsdb/1253'}	id_matching	PUBCHEM_COMPOUND:23673461	tasteless
mf5445	hsdb	{'url': 'https://pubchem.ncbi.nlm.nih.gov/source/hsdb/1262'}	id_matching	PUBCHEM_COMPOUND:11430	alkaline
mf5446	hsdb	{'url': 'https://pubchem.ncbi.nlm.nih.gov/source/hsdb/1264'}	id_matching	PUBCHEM_COMPOUND:23681127	pleasant acidulous taste
mf5447	hsdb	{'url': 'https://pubchem.ncbi.nlm.nih.gov/source/hsdb/1321'}	id_matching	PUBCHEM_COMPOUND:227	sweetish taste
mf5448	hsdb	{'url': 'https://pubchem.ncbi.nlm.nih.gov/source/hsdb/1401'}	id_matching	PUBCHEM_COMPOUND:2723790	bitter
mf5449	hsdb	{'url': 'https://pubchem.ncbi.nlm.nih.gov/source/hsdb/1415'}	id_matching	PUBCHEM_COMPOUND:7245	strong
mf5450	hsdb	{'url': 'https://pubchem.ncbi.nlm.nih.gov/source/hsdb/1432'}	id_matching	PUBCHEM_COMPOUND:7628	bitter
mf5451	hsdb	{'url': 'https://pubchem.ncbi.nlm.nih.gov/source/hsdb/1436'}	id_matching	PUBCHEM_COMPOUND:289	sweet
mf5452	hsdb	{'url': 'https://pubchem.ncbi.nlm.nih.gov/source/hsdb/1441'}	id_matching	PUBCHEM_COMPOUND:24454	strong
mf5453	hsdb	{'url': 'https://pubchem.ncbi.nlm.nih.gov/source/hsdb/1505'}	id_matching	PUBCHEM_COMPOUND:262	sweet taste
mf5454	hsdb	{'url': 'https://pubchem.ncbi.nlm.nih.gov/source/hsdb/1512'}	id_matching	PUBCHEM_COMPOUND:736366	bitter taste
mf5455	hsdb	{'url': 'https://pubchem.ncbi.nlm.nih.gov/source/hsdb/1572'}	id_matching	PUBCHEM_COMPOUND:4477	tasteless
mf5456	hsdb	{'url': 'https://pubchem.ncbi.nlm.nih.gov/source/hsdb/1635'}	id_matching	PUBCHEM_COMPOUND:7765	whiskey
mf5457	hsdb	{'url': 'https://pubchem.ncbi.nlm.nih.gov/source/hsdb/1635'}	id_matching	PUBCHEM_COMPOUND:7765	nutty
mf5458	hsdb	{'url': 'https://pubchem.ncbi.nlm.nih.gov/source/hsdb/1675'}	id_matching	PUBCHEM_COMPOUND:24500	mild
mf5459	hsdb	{'url': 'https://pubchem.ncbi.nlm.nih.gov/source/hsdb/1725'}	id_matching	PUBCHEM_COMPOUND:54678504	tasteless
mf5460	hsdb	{'url': 'https://pubchem.ncbi.nlm.nih.gov/source/hsdb/1745'}	id_matching	PUBCHEM_COMPOUND:8227	bitter taste
mf5461	hsdb	{'url': 'https://pubchem.ncbi.nlm.nih.gov/source/hsdb/1755'}	id_matching	PUBCHEM_COMPOUND:5794	bitter
mf5462	hsdb	{'url': 'https://pubchem.ncbi.nlm.nih.gov/source/hsdb/1756'}	id_matching	PUBCHEM_COMPOUND:6732	tasteless
mf5463	hsdb	{'url': 'https://pubchem.ncbi.nlm.nih.gov/source/hsdb/1768'}	id_matching	PUBCHEM_COMPOUND:19649	slightly bitter taste
mf5464	hsdb	{'url': 'https://pubchem.ncbi.nlm.nih.gov/source/hsdb/1786'}	id_matching	PUBCHEM_COMPOUND:54678486	tasteless
mf5465	hsdb	{'url': 'https://pubchem.ncbi.nlm.nih.gov/source/hsdb/1811'}	id_matching	PUBCHEM_COMPOUND:1118	acid
mf5466	hsdb	{'url': 'https://pubchem.ncbi.nlm.nih.gov/source/hsdb/1816'}	id_matching	PUBCHEM_COMPOUND:7802	banana
mf5467	hsdb	{'url': 'https://pubchem.ncbi.nlm.nih.gov/source/hsdb/1820'}	id_matching	PUBCHEM_COMPOUND:8020	pungent taste
mf5468	hsdb	{'url': 'https://pubchem.ncbi.nlm.nih.gov/source/hsdb/1903'}	id_matching	PUBCHEM_COMPOUND:5287971	bland
mf5469	hsdb	{'url': 'https://pubchem.ncbi.nlm.nih.gov/source/hsdb/1903'}	id_matching	PUBCHEM_COMPOUND:16213884	bland
mf5470	hsdb	{'url': 'https://pubchem.ncbi.nlm.nih.gov/source/hsdb/1927'}	id_matching	PUBCHEM_COMPOUND:24762	slightly bitter taste
mf5471	hsdb	{'url': 'https://pubchem.ncbi.nlm.nih.gov/source/hsdb/1963'}	id_matching	PUBCHEM_COMPOUND:34231	slight
mf5472	hsdb	{'url': 'https://pubchem.ncbi.nlm.nih.gov/source/hsdb/2002'}	id_matching	PUBCHEM_COMPOUND:135398658	tasteless
mf5473	hsdb	{'url': 'https://pubchem.ncbi.nlm.nih.gov/source/hsdb/2027'}	id_matching	PUBCHEM_COMPOUND:5430	tasteless
mf5474	hsdb	{'url': 'https://pubchem.ncbi.nlm.nih.gov/source/hsdb/2040'}	id_matching	PUBCHEM_COMPOUND:6954	bitter
mf5475	hsdb	{'url': 'https://pubchem.ncbi.nlm.nih.gov/source/hsdb/2044'}	id_matching	PUBCHEM_COMPOUND:7813	burning taste
mf5476	hsdb	{'url': 'https://pubchem.ncbi.nlm.nih.gov/source/hsdb/2052'}	id_matching	PUBCHEM_COMPOUND:7290	sweetish taste
mf5477	hsdb	{'url': 'https://pubchem.ncbi.nlm.nih.gov/source/hsdb/2065'}	id_matching	PUBCHEM_COMPOUND:7853	burning taste
mf5478	hsdb	{'url': 'https://pubchem.ncbi.nlm.nih.gov/source/hsdb/2085'}	id_matching	PUBCHEM_COMPOUND:8593	slightly bitter taste
mf5479	hsdb	{'url': 'https://pubchem.ncbi.nlm.nih.gov/source/hsdb/2107'}	id_matching	PUBCHEM_COMPOUND:2347	bitter
mf5480	hsdb	{'url': 'https://pubchem.ncbi.nlm.nih.gov/source/hsdb/2123'}	id_matching	PUBCHEM_COMPOUND:7857	sweetish taste
mf5481	hsdb	{'url': 'https://pubchem.ncbi.nlm.nih.gov/source/hsdb/2134'}	id_matching	PUBCHEM_COMPOUND:5288826	bitter
mf5482	hsdb	{'url': 'https://pubchem.ncbi.nlm.nih.gov/source/hsdb/2150'}	id_matching	PUBCHEM_COMPOUND:10219	very bitter taste
mf5483	hsdb	{'url': 'https://pubchem.ncbi.nlm.nih.gov/source/hsdb/2174'}	id_matching	PUBCHEM_COMPOUND:11079	bitter
mf5484	hsdb	{'url': 'https://pubchem.ncbi.nlm.nih.gov/source/hsdb/2183'}	id_matching	PUBCHEM_COMPOUND:6282	bitter
mf5485	hsdb	{'url': 'https://pubchem.ncbi.nlm.nih.gov/source/hsdb/2501'}	id_matching	PUBCHEM_COMPOUND:1065	very bitter taste
mf5486	hsdb	{'url': 'https://pubchem.ncbi.nlm.nih.gov/source/hsdb/2517'}	id_matching	PUBCHEM_COMPOUND:5558	sweetish taste
mf5487	hsdb	{'url': 'https://pubchem.ncbi.nlm.nih.gov/source/hsdb/2555'}	id_matching	PUBCHEM_COMPOUND:5641	bitter
mf5488	hsdb	{'url': 'https://pubchem.ncbi.nlm.nih.gov/source/hsdb/2643'}	id_matching	PUBCHEM_COMPOUND:2682	bland
mf5489	hsdb	{'url': 'https://pubchem.ncbi.nlm.nih.gov/source/hsdb/2650'}	id_matching	PUBCHEM_COMPOUND:7005	burning taste
mf5490	hsdb	{'url': 'https://pubchem.ncbi.nlm.nih.gov/source/hsdb/2665'}	id_matching	PUBCHEM_COMPOUND:904	slight
mf5491	hsdb	{'url': 'https://pubchem.ncbi.nlm.nih.gov/source/hsdb/2761'}	id_matching	PUBCHEM_COMPOUND:5977	camphor taste
mf5492	hsdb	{'url': 'https://pubchem.ncbi.nlm.nih.gov/source/hsdb/2761'}	id_matching	PUBCHEM_COMPOUND:5977	characteristic orange taste
mf5493	hsdb	{'url': 'https://pubchem.ncbi.nlm.nih.gov/source/hsdb/2818'}	id_matching	PUBCHEM_COMPOUND:7956	slightly bitter
mf5494	hsdb	{'url': 'https://pubchem.ncbi.nlm.nih.gov/source/hsdb/2850'}	id_matching	PUBCHEM_COMPOUND:25195380	tasteless
mf5495	hsdb	{'url': 'https://pubchem.ncbi.nlm.nih.gov/source/hsdb/2850'}	id_matching	PUBCHEM_COMPOUND:70678590	tasteless
mf5496	hsdb	{'url': 'https://pubchem.ncbi.nlm.nih.gov/source/hsdb/2857'}	id_matching	PUBCHEM_COMPOUND:10178	bitter taste
mf5497	hsdb	{'url': 'https://pubchem.ncbi.nlm.nih.gov/source/hsdb/2953'}	id_matching	PUBCHEM_COMPOUND:1639	bitter taste
mf5498	hsdb	{'url': 'https://pubchem.ncbi.nlm.nih.gov/source/hsdb/2954'}	id_matching	PUBCHEM_COMPOUND:1269845	bitter taste
mf5499	hsdb	{'url': 'https://pubchem.ncbi.nlm.nih.gov/source/hsdb/2962'}	id_matching	PUBCHEM_COMPOUND:24488	very bitter metallic taste
mf5500	hsdb	{'url': 'https://pubchem.ncbi.nlm.nih.gov/source/hsdb/2968'}	id_matching	PUBCHEM_COMPOUND:24463	metallic
mf5501	hsdb	{'url': 'https://pubchem.ncbi.nlm.nih.gov/source/hsdb/3003'}	id_matching	PUBCHEM_COMPOUND:12035	sour
mf5502	hsdb	{'url': 'https://pubchem.ncbi.nlm.nih.gov/source/hsdb/3004'}	id_matching	PUBCHEM_COMPOUND:135401907	tasteless
mf5503	hsdb	{'url': 'https://pubchem.ncbi.nlm.nih.gov/source/hsdb/3004'}	id_matching	PUBCHEM_COMPOUND:135401907	bitter
mf5504	hsdb	{'url': 'https://pubchem.ncbi.nlm.nih.gov/source/hsdb/3005'}	id_matching	PUBCHEM_COMPOUND:564	tasteless
mf5505	hsdb	{'url': 'https://pubchem.ncbi.nlm.nih.gov/source/hsdb/3010'}	id_matching	PUBCHEM_COMPOUND:21867154	bitter taste
mf5506	hsdb	{'url': 'https://pubchem.ncbi.nlm.nih.gov/source/hsdb/3016'}	id_matching	PUBCHEM_COMPOUND:2391	tasteless
mf5507	hsdb	{'url': 'https://pubchem.ncbi.nlm.nih.gov/source/hsdb/3018'}	id_matching	PUBCHEM_COMPOUND:2479	bitter
mf5508	hsdb	{'url': 'https://pubchem.ncbi.nlm.nih.gov/source/hsdb/3021'}	id_matching	PUBCHEM_COMPOUND:2576	slightly bitter taste
mf5509	hsdb	{'url': 'https://pubchem.ncbi.nlm.nih.gov/source/hsdb/3027'}	id_matching	PUBCHEM_COMPOUND:5959	bitter taste
mf5510	hsdb	{'url': 'https://pubchem.ncbi.nlm.nih.gov/source/hsdb/3031'}	id_matching	PUBCHEM_COMPOUND:2724	tasteless
mf5511	hsdb	{'url': 'https://pubchem.ncbi.nlm.nih.gov/source/hsdb/3038'}	id_matching	PUBCHEM_COMPOUND:2796	faint
mf5512	hsdb	{'url': 'https://pubchem.ncbi.nlm.nih.gov/source/hsdb/3047'}	id_matching	PUBCHEM_COMPOUND:2907	slightly bitter
mf5513	hsdb	{'url': 'https://pubchem.ncbi.nlm.nih.gov/source/hsdb/3069'}	id_matching	PUBCHEM_COMPOUND:667468	bitter
mf5514	hsdb	{'url': 'https://pubchem.ncbi.nlm.nih.gov/source/hsdb/3074'}	id_matching	PUBCHEM_COMPOUND:12560	bitter
mf5515	hsdb	{'url': 'https://pubchem.ncbi.nlm.nih.gov/source/hsdb/4178'}	id_matching	PUBCHEM_COMPOUND:12560	slightly bitter
mf5516	hsdb	{'url': 'https://pubchem.ncbi.nlm.nih.gov/source/hsdb/3075'}	id_matching	PUBCHEM_COMPOUND:3256	tasteless
mf5517	hsdb	{'url': 'https://pubchem.ncbi.nlm.nih.gov/source/hsdb/3075'}	id_matching	PUBCHEM_COMPOUND:443953	tasteless
mf5518	hsdb	{'url': 'https://pubchem.ncbi.nlm.nih.gov/source/hsdb/3078'}	id_matching	PUBCHEM_COMPOUND:14052	bitter taste
mf5519	hsdb	{'url': 'https://pubchem.ncbi.nlm.nih.gov/source/hsdb/3086'}	id_matching	PUBCHEM_COMPOUND:3440	tasteless
mf5520	hsdb	{'url': 'https://pubchem.ncbi.nlm.nih.gov/source/hsdb/3096'}	id_matching	PUBCHEM_COMPOUND:3639	slightly bitter taste
mf5521	hsdb	{'url': 'https://pubchem.ncbi.nlm.nih.gov/source/hsdb/3101'}	id_matching	PUBCHEM_COMPOUND:3715	bitter
mf5522	hsdb	{'url': 'https://pubchem.ncbi.nlm.nih.gov/source/hsdb/3106'}	id_matching	PUBCHEM_COMPOUND:11368	bitter
mf5523	hsdb	{'url': 'https://pubchem.ncbi.nlm.nih.gov/source/hsdb/3117'}	id_matching	PUBCHEM_COMPOUND:4064	bitter
mf5524	hsdb	{'url': 'https://pubchem.ncbi.nlm.nih.gov/source/hsdb/3120'}	id_matching	PUBCHEM_COMPOUND:6292	bitter taste
mf5525	hsdb	{'url': 'https://pubchem.ncbi.nlm.nih.gov/source/hsdb/3128'}	id_matching	PUBCHEM_COMPOUND:4162	bitter taste
mf5526	hsdb	{'url': 'https://pubchem.ncbi.nlm.nih.gov/source/hsdb/3134'}	id_matching	PUBCHEM_COMPOUND:938	sour
mf5527	hsdb	{'url': 'https://pubchem.ncbi.nlm.nih.gov/source/hsdb/3135'}	id_matching	PUBCHEM_COMPOUND:5353830	bitter
mf5528	hsdb	{'url': 'https://pubchem.ncbi.nlm.nih.gov/source/hsdb/3135'}	id_matching	PUBCHEM_COMPOUND:6604200	bitter
mf5529	hsdb	{'url': 'https://pubchem.ncbi.nlm.nih.gov/source/hsdb/3136'}	id_matching	PUBCHEM_COMPOUND:5447130	bitter
mf5530	hsdb	{'url': 'https://pubchem.ncbi.nlm.nih.gov/source/hsdb/3137'}	id_matching	PUBCHEM_COMPOUND:4567	tasteless
mf5531	hsdb	{'url': 'https://pubchem.ncbi.nlm.nih.gov/source/hsdb/3140'}	id_matching	PUBCHEM_COMPOUND:4616	bitter
mf5532	hsdb	{'url': 'https://pubchem.ncbi.nlm.nih.gov/source/hsdb/3148'}	id_matching	PUBCHEM_COMPOUND:4723	tasteless
mf5533	hsdb	{'url': 'https://pubchem.ncbi.nlm.nih.gov/source/hsdb/3150'}	id_matching	PUBCHEM_COMPOUND:441278	slightly bitter taste
mf5534	hsdb	{'url': 'https://pubchem.ncbi.nlm.nih.gov/source/hsdb/3152'}	id_matching	PUBCHEM_COMPOUND:4754	slightly bitter
mf5535	hsdb	{'url': 'https://pubchem.ncbi.nlm.nih.gov/source/hsdb/3157'}	id_matching	PUBCHEM_COMPOUND:4763	slightly bitter taste
mf5536	hsdb	{'url': 'https://pubchem.ncbi.nlm.nih.gov/source/hsdb/3159'}	id_matching	PUBCHEM_COMPOUND:4781	slightly bitter taste
mf5537	hsdb	{'url': 'https://pubchem.ncbi.nlm.nih.gov/source/hsdb/3165'}	id_matching	PUBCHEM_COMPOUND:16760467	mild
mf5538	hsdb	{'url': 'https://pubchem.ncbi.nlm.nih.gov/source/hsdb/3169'}	id_matching	PUBCHEM_COMPOUND:4909	tasteless
mf5539	hsdb	{'url': 'https://pubchem.ncbi.nlm.nih.gov/source/hsdb/3169'}	id_matching	PUBCHEM_COMPOUND:4909	slightly bitter taste
mf5540	hsdb	{'url': 'https://pubchem.ncbi.nlm.nih.gov/source/hsdb/3182'}	id_matching	PUBCHEM_COMPOUND:5193	slightly bitter
mf5541	hsdb	{'url': 'https://pubchem.ncbi.nlm.nih.gov/source/hsdb/3186'}	id_matching	PUBCHEM_COMPOUND:5329	bitter
mf5542	hsdb	{'url': 'https://pubchem.ncbi.nlm.nih.gov/source/hsdb/3189'}	id_matching	PUBCHEM_COMPOUND:5452	bitter
mf5543	hsdb	{'url': 'https://pubchem.ncbi.nlm.nih.gov/source/hsdb/3201'}	id_matching	PUBCHEM_COMPOUND:54676537	tasteless
mf5544	hsdb	{'url': 'https://pubchem.ncbi.nlm.nih.gov/source/hsdb/3204'}	id_matching	PUBCHEM_COMPOUND:33613	bitter tasting
mf5545	hsdb	{'url': 'https://pubchem.ncbi.nlm.nih.gov/source/hsdb/3210'}	id_matching	PUBCHEM_COMPOUND:28204	tasteless
mf5546	hsdb	{'url': 'https://pubchem.ncbi.nlm.nih.gov/source/hsdb/3232'}	id_matching	PUBCHEM_COMPOUND:4030	unpleasant
mf5547	hsdb	{'url': 'https://pubchem.ncbi.nlm.nih.gov/source/hsdb/3233'}	id_matching	PUBCHEM_COMPOUND:19090	tasteless
mf5548	hsdb	{'url': 'https://pubchem.ncbi.nlm.nih.gov/source/hsdb/3244'}	id_matching	PUBCHEM_COMPOUND:27350	bitter
mf5549	hsdb	{'url': 'https://pubchem.ncbi.nlm.nih.gov/source/hsdb/3244'}	id_matching	PUBCHEM_COMPOUND:441289	bitter
mf5550	hsdb	{'url': 'https://pubchem.ncbi.nlm.nih.gov/source/hsdb/3249'}	id_matching	PUBCHEM_COMPOUND:4842	slightly bitter taste
mf5551	hsdb	{'url': 'https://pubchem.ncbi.nlm.nih.gov/source/hsdb/3252'}	id_matching	PUBCHEM_COMPOUND:708857	tasteless
mf5552	hsdb	{'url': 'https://pubchem.ncbi.nlm.nih.gov/source/hsdb/3273'}	id_matching	PUBCHEM_COMPOUND:644160	sweet
mf5553	hsdb	{'url': 'https://pubchem.ncbi.nlm.nih.gov/source/hsdb/3276'}	id_matching	PUBCHEM_COMPOUND:5563	mild, saline, or bitter taste
mf5554	hsdb	{'url': 'https://pubchem.ncbi.nlm.nih.gov/source/hsdb/3286'}	id_matching	PUBCHEM_COMPOUND:2164	slightly bitter
mf5555	hsdb	{'url': 'https://pubchem.ncbi.nlm.nih.gov/source/hsdb/3286'}	id_matching	PUBCHEM_COMPOUND:2164	bitter
mf5556	hsdb	{'url': 'https://pubchem.ncbi.nlm.nih.gov/source/hsdb/3287'}	id_matching	PUBCHEM_COMPOUND:3007	acrid, burning
mf5557	hsdb	{'url': 'https://pubchem.ncbi.nlm.nih.gov/source/hsdb/3287'}	id_matching	PUBCHEM_COMPOUND:3007	slight burning taste
mf5558	hsdb	{'url': 'https://pubchem.ncbi.nlm.nih.gov/source/hsdb/3288'}	id_matching	PUBCHEM_COMPOUND:8944	slightly bitter taste
mf5559	hsdb	{'url': 'https://pubchem.ncbi.nlm.nih.gov/source/hsdb/3290'}	id_matching	PUBCHEM_COMPOUND:6464	slightly bitter
mf5560	hsdb	{'url': 'https://pubchem.ncbi.nlm.nih.gov/source/hsdb/3296'}	id_matching	PUBCHEM_COMPOUND:2343	bitter taste
mf5561	hsdb	{'url': 'https://pubchem.ncbi.nlm.nih.gov/source/hsdb/3296'}	id_matching	PUBCHEM_COMPOUND:2343	characteristic
mf5562	hsdb	{'url': 'https://pubchem.ncbi.nlm.nih.gov/source/hsdb/3316'}	id_matching	PUBCHEM_COMPOUND:3055	slightly bitter taste
mf5563	hsdb	{'url': 'https://pubchem.ncbi.nlm.nih.gov/source/hsdb/3317'}	id_matching	PUBCHEM_COMPOUND:3117	slightly bitter taste
mf5564	hsdb	{'url': 'https://pubchem.ncbi.nlm.nih.gov/source/hsdb/3320'}	id_matching	PUBCHEM_COMPOUND:3168	tasteless
mf5565	hsdb	{'url': 'https://pubchem.ncbi.nlm.nih.gov/source/hsdb/3322'}	id_matching	PUBCHEM_COMPOUND:3182	bitter
mf5566	hsdb	{'url': 'https://pubchem.ncbi.nlm.nih.gov/source/hsdb/3325'}	id_matching	PUBCHEM_COMPOUND:3284	slightly bitter
mf5567	hsdb	{'url': 'https://pubchem.ncbi.nlm.nih.gov/source/hsdb/3327'}	id_matching	PUBCHEM_COMPOUND:13765	tasteless
mf5568	hsdb	{'url': 'https://pubchem.ncbi.nlm.nih.gov/source/hsdb/3333'}	id_matching	PUBCHEM_COMPOUND:6446	tasteless
mf5569	hsdb	{'url': 'https://pubchem.ncbi.nlm.nih.gov/source/hsdb/3337'}	id_matching	PUBCHEM_COMPOUND:16132283	tasteless
mf5570	hsdb	{'url': 'https://pubchem.ncbi.nlm.nih.gov/source/hsdb/3345'}	id_matching	PUBCHEM_COMPOUND:3735	tasteless
mf5571	hsdb	{'url': 'https://pubchem.ncbi.nlm.nih.gov/source/hsdb/3359'}	id_matching	PUBCHEM_COMPOUND:10836	bitter tasting
mf5572	hsdb	{'url': 'https://pubchem.ncbi.nlm.nih.gov/source/hsdb/3363'}	id_matching	PUBCHEM_COMPOUND:4121	tasteless
mf5573	hsdb	{'url': 'https://pubchem.ncbi.nlm.nih.gov/source/hsdb/3366'}	id_matching	PUBCHEM_COMPOUND:667493	bitter
mf5574	hsdb	{'url': 'https://pubchem.ncbi.nlm.nih.gov/source/hsdb/3367'}	id_matching	PUBCHEM_COMPOUND:4170	tasteless
mf5575	hsdb	{'url': 'https://pubchem.ncbi.nlm.nih.gov/source/hsdb/3370'}	id_matching	PUBCHEM_COMPOUND:6230	slightly bitter taste
mf5576	hsdb	{'url': 'https://pubchem.ncbi.nlm.nih.gov/source/hsdb/3378'}	id_matching	PUBCHEM_COMPOUND:5852	slightly bitter
mf5577	hsdb	{'url': 'https://pubchem.ncbi.nlm.nih.gov/source/hsdb/3379'}	id_matching	PUBCHEM_COMPOUND:4748	bitter taste
mf5578	hsdb	{'url': 'https://pubchem.ncbi.nlm.nih.gov/source/hsdb/3380'}	id_matching	PUBCHEM_COMPOUND:4753	tasteless
mf5579	hsdb	{'url': 'https://pubchem.ncbi.nlm.nih.gov/source/hsdb/3381'}	id_matching	PUBCHEM_COMPOUND:30487	bitter
mf5580	hsdb	{'url': 'https://pubchem.ncbi.nlm.nih.gov/source/hsdb/3386'}	id_matching	PUBCHEM_COMPOUND:4906	bitter
mf5581	hsdb	{'url': 'https://pubchem.ncbi.nlm.nih.gov/source/hsdb/3387'}	id_matching	PUBCHEM_COMPOUND:4911	bitter
mf5582	hsdb	{'url': 'https://pubchem.ncbi.nlm.nih.gov/source/hsdb/3390'}	id_matching	PUBCHEM_COMPOUND:657298	bitter
mf5583	hsdb	{'url': 'https://pubchem.ncbi.nlm.nih.gov/source/hsdb/3392'}	id_matching	PUBCHEM_COMPOUND:6307	bitter taste
mf5584	hsdb	{'url': 'https://pubchem.ncbi.nlm.nih.gov/source/hsdb/3397'}	id_matching	PUBCHEM_COMPOUND:8275	slightly bitter taste
mf5585	hsdb	{'url': 'https://pubchem.ncbi.nlm.nih.gov/source/hsdb/3402'}	id_matching	PUBCHEM_COMPOUND:941650	very bitter taste
mf5586	hsdb	{'url': 'https://pubchem.ncbi.nlm.nih.gov/source/hsdb/3402'}	id_matching	PUBCHEM_COMPOUND:941651	very bitter taste
mf5587	hsdb	{'url': 'https://pubchem.ncbi.nlm.nih.gov/source/hsdb/3408'}	id_matching	PUBCHEM_COMPOUND:6503	sweet
mf5588	hsdb	{'url': 'https://pubchem.ncbi.nlm.nih.gov/source/hsdb/3410'}	id_matching	PUBCHEM_COMPOUND:20266	bitter taste
mf5589	hsdb	{'url': 'https://pubchem.ncbi.nlm.nih.gov/source/hsdb/3490'}	id_matching	PUBCHEM_COMPOUND:23205	bitter
mf5590	hsdb	{'url': 'https://pubchem.ncbi.nlm.nih.gov/source/hsdb/3513'}	id_matching	PUBCHEM_COMPOUND:9415	bitter
mf5591	hsdb	{'url': 'https://pubchem.ncbi.nlm.nih.gov/source/hsdb/3535'}	id_matching	PUBCHEM_COMPOUND:5280906	bitter
mf5592	hsdb	{'url': 'https://pubchem.ncbi.nlm.nih.gov/source/hsdb/3574'}	id_matching	PUBCHEM_COMPOUND:3033637	bitter
mf5593	hsdb	{'url': 'https://pubchem.ncbi.nlm.nih.gov/source/hsdb/3579'}	id_matching	PUBCHEM_COMPOUND:8271	tasteless
mf5594	hsdb	{'url': 'https://pubchem.ncbi.nlm.nih.gov/source/hsdb/3915'}	id_matching	PUBCHEM_COMPOUND:134601	sweet
mf5595	hsdb	{'url': 'https://pubchem.ncbi.nlm.nih.gov/source/hsdb/3917'}	id_matching	PUBCHEM_COMPOUND:2756	bitter taste
mf5596	hsdb	{'url': 'https://pubchem.ncbi.nlm.nih.gov/source/hsdb/3920'}	id_matching	PUBCHEM_COMPOUND:5761	tasteless
mf5597	hsdb	{'url': 'https://pubchem.ncbi.nlm.nih.gov/source/hsdb/3925'}	id_matching	PUBCHEM_COMPOUND:3001055	bitter taste
mf5598	hsdb	{'url': 'https://pubchem.ncbi.nlm.nih.gov/source/hsdb/3927'}	id_matching	PUBCHEM_COMPOUND:1151816	sweet
mf5599	hsdb	{'url': 'https://pubchem.ncbi.nlm.nih.gov/source/hsdb/4022'}	id_matching	PUBCHEM_COMPOUND:8486	slightly bitter
mf5600	hsdb	{'url': 'https://pubchem.ncbi.nlm.nih.gov/source/hsdb/4025'}	id_matching	PUBCHEM_COMPOUND:697993	bitter taste
mf5601	hsdb	{'url': 'https://pubchem.ncbi.nlm.nih.gov/source/hsdb/4072'}	id_matching	PUBCHEM_COMPOUND:6093170	faint
mf5602	hsdb	{'url': 'https://pubchem.ncbi.nlm.nih.gov/source/hsdb/4100'}	id_matching	PUBCHEM_COMPOUND:6488	tasteless
mf5603	hsdb	{'url': 'https://pubchem.ncbi.nlm.nih.gov/source/hsdb/4105'}	id_matching	PUBCHEM_COMPOUND:676454	tasteless
mf5604	hsdb	{'url': 'https://pubchem.ncbi.nlm.nih.gov/source/hsdb/4157'}	id_matching	PUBCHEM_COMPOUND:5327	slightly bitter taste
mf5605	hsdb	{'url': 'https://pubchem.ncbi.nlm.nih.gov/source/hsdb/4178'}	id_matching	PUBCHEM_COMPOUND:12559	slightly bitter
mf5606	hsdb	{'url': 'https://pubchem.ncbi.nlm.nih.gov/source/hsdb/4183'}	id_matching	PUBCHEM_COMPOUND:17816	apple
mf5607	hsdb	{'url': 'https://pubchem.ncbi.nlm.nih.gov/source/hsdb/4185'}	id_matching	PUBCHEM_COMPOUND:21852	bitter
mf5608	hsdb	{'url': 'https://pubchem.ncbi.nlm.nih.gov/source/hsdb/4245'}	id_matching	PUBCHEM_COMPOUND:2482	tasteless
mf5609	hsdb	{'url': 'https://pubchem.ncbi.nlm.nih.gov/source/hsdb/4259'}	id_matching	PUBCHEM_COMPOUND:9016	oily
mf5610	hsdb	{'url': 'https://pubchem.ncbi.nlm.nih.gov/source/hsdb/4281'}	id_matching	PUBCHEM_COMPOUND:433294	sharp
mf5611	hsdb	{'url': 'https://pubchem.ncbi.nlm.nih.gov/source/hsdb/4317'}	id_matching	PUBCHEM_COMPOUND:6137	sulfurous
mf5612	hsdb	{'url': 'https://pubchem.ncbi.nlm.nih.gov/source/hsdb/4360'}	id_matching	PUBCHEM_COMPOUND:7092	bitter taste
mf5613	hsdb	{'url': 'https://pubchem.ncbi.nlm.nih.gov/source/hsdb/4360'}	id_matching	PUBCHEM_COMPOUND:7092	sweet
mf5614	hsdb	{'url': 'https://pubchem.ncbi.nlm.nih.gov/source/hsdb/4360'}	id_matching	PUBCHEM_COMPOUND:7092	vanilla
mf5615	hsdb	{'url': 'https://pubchem.ncbi.nlm.nih.gov/source/hsdb/4505'}	id_matching	PUBCHEM_COMPOUND:8643	bitter taste
mf5616	hsdb	{'url': 'https://pubchem.ncbi.nlm.nih.gov/source/hsdb/5005'}	id_matching	PUBCHEM_COMPOUND:6405	burning taste
mf5617	hsdb	{'url': 'https://pubchem.ncbi.nlm.nih.gov/source/hsdb/5012'}	id_matching	PUBCHEM_COMPOUND:174	sweet taste
mf5618	hsdb	{'url': 'https://pubchem.ncbi.nlm.nih.gov/source/hsdb/5012'}	id_matching	PUBCHEM_COMPOUND:174	bittersweet taste
mf5619	hsdb	{'url': 'https://pubchem.ncbi.nlm.nih.gov/source/hsdb/5018'}	id_matching	PUBCHEM_COMPOUND:10340	tasteless
mf5620	hsdb	{'url': 'https://pubchem.ncbi.nlm.nih.gov/source/hsdb/5024'}	id_matching	PUBCHEM_COMPOUND:14806	bitter taste
mf5621	hsdb	{'url': 'https://pubchem.ncbi.nlm.nih.gov/source/hsdb/5026'}	id_matching	PUBCHEM_COMPOUND:783	tasteless
mf5622	hsdb	{'url': 'https://pubchem.ncbi.nlm.nih.gov/source/hsdb/5039'}	id_matching	PUBCHEM_COMPOUND:253881	bitter
mf5623	hsdb	{'url': 'https://pubchem.ncbi.nlm.nih.gov/source/hsdb/5040'}	id_matching	PUBCHEM_COMPOUND:4875	bitter
mf5624	hsdb	{'url': 'https://pubchem.ncbi.nlm.nih.gov/source/hsdb/5041'}	id_matching	PUBCHEM_COMPOUND:24414	tasteless
mf5625	hsdb	{'url': 'https://pubchem.ncbi.nlm.nih.gov/source/hsdb/5042'}	id_matching	PUBCHEM_COMPOUND:24436	bitter
mf5626	hsdb	{'url': 'https://pubchem.ncbi.nlm.nih.gov/source/hsdb/5043'}	id_matching	PUBCHEM_COMPOUND:24437	sulfurous
mf5627	hsdb	{'url': 'https://pubchem.ncbi.nlm.nih.gov/source/hsdb/5044'}	id_matching	PUBCHEM_COMPOUND:253877	bitter
mf5628	hsdb	{'url': 'https://pubchem.ncbi.nlm.nih.gov/source/hsdb/5047'}	id_matching	PUBCHEM_COMPOUND:24507	bitter
mf5629	hsdb	{'url': 'https://pubchem.ncbi.nlm.nih.gov/source/hsdb/5054'}	id_matching	PUBCHEM_COMPOUND:977	tasteless
mf5630	hsdb	{'url': 'https://pubchem.ncbi.nlm.nih.gov/source/hsdb/5060'}	id_matching	PUBCHEM_COMPOUND:947	tasteless
mf5631	hsdb	{'url': 'https://pubchem.ncbi.nlm.nih.gov/source/hsdb/5067'}	id_matching	PUBCHEM_COMPOUND:24850	sweet
mf5632	hsdb	{'url': 'https://pubchem.ncbi.nlm.nih.gov/source/hsdb/5073'}	id_matching	PUBCHEM_COMPOUND:2955	slightly bitter taste
mf5633	hsdb	{'url': 'https://pubchem.ncbi.nlm.nih.gov/source/hsdb/5125'}	id_matching	PUBCHEM_COMPOUND:14923	acrid taste
mf5634	hsdb	{'url': 'https://pubchem.ncbi.nlm.nih.gov/source/hsdb/5189'}	id_matching	PUBCHEM_COMPOUND:23670523	faint
mf5635	hsdb	{'url': 'https://pubchem.ncbi.nlm.nih.gov/source/hsdb/5192'}	id_matching	PUBCHEM_COMPOUND:14676	bitter
mf5636	hsdb	{'url': 'https://pubchem.ncbi.nlm.nih.gov/source/hsdb/5279'}	id_matching	PUBCHEM_COMPOUND:7108	tasteless
mf5637	hsdb	{'url': 'https://pubchem.ncbi.nlm.nih.gov/source/hsdb/5345'}	id_matching	PUBCHEM_COMPOUND:7594	bitter taste
mf5638	hsdb	{'url': 'https://pubchem.ncbi.nlm.nih.gov/source/hsdb/5363'}	id_matching	PUBCHEM_COMPOUND:7731	nutty
mf5639	hsdb	{'url': 'https://pubchem.ncbi.nlm.nih.gov/source/hsdb/5370'}	id_matching	PUBCHEM_COMPOUND:7820	fruity
mf5640	hsdb	{'url': 'https://pubchem.ncbi.nlm.nih.gov/source/hsdb/5404'}	id_matching	PUBCHEM_COMPOUND:8469	sweet
mf5641	hsdb	{'url': 'https://pubchem.ncbi.nlm.nih.gov/source/hsdb/5425'}	id_matching	PUBCHEM_COMPOUND:10106	mint
mf5642	hsdb	{'url': 'https://pubchem.ncbi.nlm.nih.gov/source/hsdb/5427'}	id_matching	PUBCHEM_COMPOUND:10795	fruity taste
mf5643	hsdb	{'url': 'https://pubchem.ncbi.nlm.nih.gov/source/hsdb/5515'}	id_matching	PUBCHEM_COMPOUND:5953	very bitter taste
mf5644	hsdb	{'url': 'https://pubchem.ncbi.nlm.nih.gov/source/hsdb/5584'}	id_matching	PUBCHEM_COMPOUND:1483	sweet
mf5645	hsdb	{'url': 'https://pubchem.ncbi.nlm.nih.gov/source/hsdb/5594'}	id_matching	PUBCHEM_COMPOUND:5497163	tasteless
mf5646	hsdb	{'url': 'https://pubchem.ncbi.nlm.nih.gov/source/hsdb/5595'}	id_matching	PUBCHEM_COMPOUND:31236	burning taste
mf5647	hsdb	{'url': 'https://pubchem.ncbi.nlm.nih.gov/source/hsdb/5602'}	id_matching	PUBCHEM_COMPOUND:31284	coconut
mf5648	hsdb	{'url': 'https://pubchem.ncbi.nlm.nih.gov/source/hsdb/5690'}	id_matching	PUBCHEM_COMPOUND:11146	tasteless
mf5649	hsdb	{'url': 'https://pubchem.ncbi.nlm.nih.gov/source/hsdb/6005'}	id_matching	PUBCHEM_COMPOUND:7434	tasteless
mf5650	hsdb	{'url': 'https://pubchem.ncbi.nlm.nih.gov/source/hsdb/6030'}	id_matching	PUBCHEM_COMPOUND:7657	mushroom
mf5651	hsdb	{'url': 'https://pubchem.ncbi.nlm.nih.gov/source/hsdb/6305'}	id_matching	PUBCHEM_COMPOUND:517111	sharp
mf5652	hsdb	{'url': 'https://pubchem.ncbi.nlm.nih.gov/source/hsdb/6369'}	id_matching	PUBCHEM_COMPOUND:24857	tasteless
mf5653	hsdb	{'url': 'https://pubchem.ncbi.nlm.nih.gov/source/hsdb/6382'}	id_matching	PUBCHEM_COMPOUND:7871	tasteless
mf5654	hsdb	{'url': 'https://pubchem.ncbi.nlm.nih.gov/source/hsdb/6383'}	id_matching	PUBCHEM_COMPOUND:7981	apple-like, sweet taste
mf5655	hsdb	{'url': 'https://pubchem.ncbi.nlm.nih.gov/source/hsdb/6421'}	id_matching	PUBCHEM_COMPOUND:15432	bitter taste
mf5656	hsdb	{'url': 'https://pubchem.ncbi.nlm.nih.gov/source/hsdb/6435'}	id_matching	PUBCHEM_COMPOUND:19958	tasteless
mf5657	hsdb	{'url': 'https://pubchem.ncbi.nlm.nih.gov/source/hsdb/6473'}	id_matching	PUBCHEM_COMPOUND:5462328	bitter
mf5658	hsdb	{'url': 'https://pubchem.ncbi.nlm.nih.gov/source/hsdb/6506'}	id_matching	PUBCHEM_COMPOUND:2200	bitter
mf5659	hsdb	{'url': 'https://pubchem.ncbi.nlm.nih.gov/source/hsdb/6513'}	id_matching	PUBCHEM_COMPOUND:37542	tasteless
mf5660	hsdb	{'url': 'https://pubchem.ncbi.nlm.nih.gov/source/hsdb/6772'}	id_matching	PUBCHEM_COMPOUND:6557	tasteless
mf5661	hsdb	{'url': 'https://pubchem.ncbi.nlm.nih.gov/source/hsdb/6781'}	id_matching	PUBCHEM_COMPOUND:5578	bitter
mf5662	hsdb	{'url': 'https://pubchem.ncbi.nlm.nih.gov/source/hsdb/6783'}	id_matching	PUBCHEM_COMPOUND:2724354	pleasant
mf5663	hsdb	{'url': 'https://pubchem.ncbi.nlm.nih.gov/source/hsdb/7053'}	id_matching	PUBCHEM_COMPOUND:91753	faint
mf5664	hsdb	{'url': 'https://pubchem.ncbi.nlm.nih.gov/source/hsdb/7173'}	id_matching	PUBCHEM_COMPOUND:22318	metallic
mf5665	hsdb	{'url': 'https://pubchem.ncbi.nlm.nih.gov/source/hsdb/7236'}	id_matching	PUBCHEM_COMPOUND:10866	bitter
mf5666	hsdb	{'url': 'https://pubchem.ncbi.nlm.nih.gov/source/hsdb/7293'}	id_matching	PUBCHEM_COMPOUND:5734	tasteless
mf5667	hsdb	{'url': 'https://pubchem.ncbi.nlm.nih.gov/source/hsdb/7364'}	id_matching	PUBCHEM_COMPOUND:3446	bitter
mf5668	hsdb	{'url': 'https://pubchem.ncbi.nlm.nih.gov/source/hsdb/7365'}	id_matching	PUBCHEM_COMPOUND:10624	slight
mf5669	hsdb	{'url': 'https://pubchem.ncbi.nlm.nih.gov/source/hsdb/7481'}	id_matching	PUBCHEM_COMPOUND:522689	sharp
mf5670	hsdb	{'url': 'https://pubchem.ncbi.nlm.nih.gov/source/hsdb/7490'}	id_matching	PUBCHEM_COMPOUND:204	tasteless
mf5671	hsdb	{'url': 'https://pubchem.ncbi.nlm.nih.gov/source/hsdb/7513'}	id_matching	PUBCHEM_COMPOUND:670	sweet
mf5672	hsdb	{'url': 'https://pubchem.ncbi.nlm.nih.gov/source/hsdb/7528'}	id_matching	PUBCHEM_COMPOUND:5284583	bitter
mf5673	hsdb	{'url': 'https://pubchem.ncbi.nlm.nih.gov/source/hsdb/7531'}	id_matching	PUBCHEM_COMPOUND:5284627	bitter
mf5674	hsdb	{'url': 'https://pubchem.ncbi.nlm.nih.gov/source/hsdb/7698'}	id_matching	PUBCHEM_COMPOUND:4472	slightly bitter
mf5675	hsdb	{'url': 'https://pubchem.ncbi.nlm.nih.gov/source/hsdb/7709'}	id_matching	PUBCHEM_COMPOUND:6463	bitter taste
mf5676	hsdb	{'url': 'https://pubchem.ncbi.nlm.nih.gov/source/hsdb/7825'}	id_matching	PUBCHEM_COMPOUND:64763	intensely sweet taste
mf5677	hsdb	{'url': 'https://pubchem.ncbi.nlm.nih.gov/source/hsdb/7853'}	id_matching	PUBCHEM_COMPOUND:2481	slightly bitter
mf5678	hsdb	{'url': 'https://pubchem.ncbi.nlm.nih.gov/source/hsdb/7902'}	id_matching	PUBCHEM_COMPOUND:23968	tasteless
mf5679	hsdb	{'url': 'https://pubchem.ncbi.nlm.nih.gov/source/hsdb/7908'}	id_matching	PUBCHEM_COMPOUND:31246	burning taste
mf5680	hsdb	{'url': 'https://pubchem.ncbi.nlm.nih.gov/source/hsdb/7916'}	id_matching	PUBCHEM_COMPOUND:23935	tasteless
mf5681	hsdb	{'url': 'https://pubchem.ncbi.nlm.nih.gov/source/hsdb/7965'}	id_matching	PUBCHEM_COMPOUND:9810996	sweet taste
mf5682	hsdb	{'url': 'https://pubchem.ncbi.nlm.nih.gov/source/hsdb/7969'}	id_matching	PUBCHEM_COMPOUND:88735	sweet taste
mf5683	hsdb	{'url': 'https://pubchem.ncbi.nlm.nih.gov/source/hsdb/7969'}	id_matching	PUBCHEM_COMPOUND:3034828	sweet taste
mf5684	hsdb	{'url': 'https://pubchem.ncbi.nlm.nih.gov/source/hsdb/8048'}	id_matching	PUBCHEM_COMPOUND:9013	sweet taste
mf5685	hsdb	{'url': 'https://pubchem.ncbi.nlm.nih.gov/source/hsdb/8078'}	id_matching	PUBCHEM_COMPOUND:23672589	slight
mf5686	hsdb	{'url': 'https://pubchem.ncbi.nlm.nih.gov/source/hsdb/8166'}	id_matching	PUBCHEM_COMPOUND:439378	sweet
mf5687	hsdb	{'url': 'https://pubchem.ncbi.nlm.nih.gov/source/hsdb/8171'}	id_matching	PUBCHEM_COMPOUND:121892	tasteless
mf5688	hsdb	{'url': 'https://pubchem.ncbi.nlm.nih.gov/source/hsdb/8263'}	id_matching	PUBCHEM_COMPOUND:10442	sweet
mf5689	hsdb	{'url': 'https://pubchem.ncbi.nlm.nih.gov/source/hsdb/8319'}	id_matching	PUBCHEM_COMPOUND:7476	bitter
mf5690	hsdb	{'url': 'https://pubchem.ncbi.nlm.nih.gov/source/hsdb/8335'}	id_matching	PUBCHEM_COMPOUND:2972	very bitter taste
mf5691	hsdb	{'url': 'https://pubchem.ncbi.nlm.nih.gov/source/hsdb/8343'}	id_matching	PUBCHEM_COMPOUND:2789	slightly bitter taste
mf5692	hsdb	{'url': 'https://pubchem.ncbi.nlm.nih.gov/source/hsdb/6807'}	id_matching	PUBCHEM_COMPOUND:8105	bitter taste
mf5693	hsdb	{'url': 'https://pubchem.ncbi.nlm.nih.gov/source/hsdb/8382'}	id_matching	PUBCHEM_COMPOUND:7590	characteristic
mf5694	hsdb	{'url': 'https://pubchem.ncbi.nlm.nih.gov/source/hsdb/8382'}	id_matching	PUBCHEM_COMPOUND:7590	floral
mf5695	hsdb	{'url': 'https://pubchem.ncbi.nlm.nih.gov/source/hsdb/8384'}	id_matching	PUBCHEM_COMPOUND:7559	honey
mf5696	hsdb	{'url': 'https://pubchem.ncbi.nlm.nih.gov/source/hsdb/8384'}	id_matching	PUBCHEM_COMPOUND:7559	characteristic
mf5697	hsdb	{'url': 'https://pubchem.ncbi.nlm.nih.gov/source/hsdb/8415'}	id_matching	PUBCHEM_COMPOUND:61585	solvent
mf5698	hsdb	{'url': 'https://pubchem.ncbi.nlm.nih.gov/source/hsdb/8452'}	id_matching	PUBCHEM_COMPOUND:442460	burning taste
mf5699	hsdb	{'url': 'https://pubchem.ncbi.nlm.nih.gov/source/hsdb/8468'}	id_matching	PUBCHEM_COMPOUND:10026	pungent aromatic taste
mf5700	hsdb	{'url': 'https://pubchem.ncbi.nlm.nih.gov/source/hsdb/8493'}	id_matching	PUBCHEM_COMPOUND:5360316	sharp
